msa_id	num_sequences	alignment_length	pair_count	node_count	param_train_mib	bayesnj_q_mib	total_flash_mib
pandit_like_000375	278	750	38503	555	308.4	42725.4	99523.1
pandit_like_006399	278	750	38503	555	308.4	42725.4	99523.1
pandit_like_008491	278	750	38503	555	308.4	42725.4	99523.1
pandit_like_008522	278	750	38503	555	308.4	42725.4	99523.1
pandit_like_019634	278	750	38503	555	308.4	42725.4	99523.1
pandit_like_019922	278	750	38503	555	308.4	42725.4	99523.1
pandit_like_003507	256	549	32640	511	308.4	33337.8	72472.2
pandit_like_004943	256	549	32640	511	308.4	33337.8	72472.2
pandit_like_005786	256	549	32640	511	308.4	33337.8	72472.2
pandit_like_017811	256	549	32640	511	308.4	33337.8	72472.2
pandit_like_002434	252	273	31626	503	308.4	31794.4	55408.5
pandit_like_004588	252	273	31626	503	308.4	31794.4	55408.5
pandit_like_011615	252	273	31626	503	308.4	31794.4	55408.5
pandit_like_013206	252	273	31626	503	308.4	31794.4	55408.5
pandit_like_019388	252	273	31626	503	308.4	31794.4	55408.5
pandit_like_001533	247	319	30381	493	308.4	29933.2	55147.0
pandit_like_002806	247	319	30381	493	308.4	29933.2	55147.0
pandit_like_002979	247	319	30381	493	308.4	29933.2	55147.0
pandit_like_003098	247	319	30381	493	308.4	29933.2	55147.0
pandit_like_010468	247	319	30381	493	308.4	29933.2	55147.0
pandit_like_014029	247	319	30381	493	308.4	29933.2	55147.0
pandit_like_016788	247	319	30381	493	308.4	29933.2	55147.0
pandit_like_018616	247	319	30381	493	308.4	29933.2	55147.0
pandit_like_019888	247	319	30381	493	308.4	29933.2	55147.0
pandit_like_000576	226	379	25425	451	308.4	22907.6	47493.4
pandit_like_002784	226	379	25425	451	308.4	22907.6	47493.4
pandit_like_004611	226	379	25425	451	308.4	22907.6	47493.4
pandit_like_012872	226	379	25425	451	308.4	22907.6	47493.4
pandit_like_017334	226	379	25425	451	308.4	22907.6	47493.4
pandit_like_001110	174	1003	15051	347	308.4	10420.0	46533.9
pandit_like_002818	174	1003	15051	347	308.4	10420.0	46533.9
pandit_like_003508	174	1003	15051	347	308.4	10420.0	46533.9
pandit_like_003479	201	548	20100	401	308.4	16093.3	43070.6
pandit_like_007046	201	548	20100	401	308.4	16093.3	43070.6
pandit_like_009908	201	548	20100	401	308.4	16093.3	43070.6
pandit_like_014814	201	548	20100	401	308.4	16093.3	43070.6
pandit_like_000404	157	994	12246	313	308.4	7642.6	38655.8
pandit_like_015951	157	994	12246	313	308.4	7642.6	38655.8
pandit_like_017053	157	994	12246	313	308.4	7642.6	38655.8
pandit_like_017476	171	696	14535	341	308.4	9887.7	35684.3
pandit_like_017774	171	696	14535	341	308.4	9887.7	35684.3
pandit_like_003523	205	314	20910	409	308.4	17077.5	35642.6
pandit_like_006539	205	314	20910	409	308.4	17077.5	35642.6
pandit_like_008665	205	314	20910	409	308.4	17077.5	35642.6
pandit_like_005147	195	296	18915	389	308.4	14689.1	31203.2
pandit_like_006936	195	296	18915	389	308.4	14689.1	31203.2
pandit_like_007047	195	296	18915	389	308.4	14689.1	31203.2
pandit_like_008916	195	296	18915	389	308.4	14689.1	31203.2
pandit_like_017574	195	296	18915	389	308.4	14689.1	31203.2
pandit_like_009695	200	218	19900	399	308.4	15853.3	30061.3
pandit_like_010203	200	218	19900	399	308.4	15853.3	30061.3
pandit_like_010835	200	218	19900	399	308.4	15853.3	30061.3
pandit_like_012987	200	218	19900	399	308.4	15853.3	30061.3
pandit_like_017384	200	218	19900	399	308.4	15853.3	30061.3
pandit_like_004642	185	269	17020	369	308.4	12534.4	26833.1
pandit_like_017528	185	269	17020	369	308.4	12534.4	26833.1
pandit_like_002210	184	253	16836	367	308.4	12331.4	25967.0
pandit_like_015037	184	253	16836	367	308.4	12331.4	25967.0
pandit_like_015899	184	253	16836	367	308.4	12331.4	25967.0
pandit_like_002072	185	238	17020	369	308.4	12534.4	25772.5
pandit_like_007581	185	238	17020	369	308.4	12534.4	25772.5
pandit_like_011525	185	238	17020	369	308.4	12534.4	25772.5
pandit_like_000387	140	730	9730	279	308.4	5408.6	25669.9
pandit_like_011237	140	730	9730	279	308.4	5408.6	25669.9
pandit_like_011285	140	730	9730	279	308.4	5408.6	25669.9
pandit_like_014549	140	730	9730	279	308.4	5408.6	25669.9
pandit_like_014682	140	730	9730	279	308.4	5408.6	25669.9
pandit_like_018936	140	730	9730	279	308.4	5408.6	25669.9
pandit_like_004793	152	556	11476	303	308.4	6931.8	25075.8
pandit_like_007731	152	556	11476	303	308.4	6931.8	25075.8
pandit_like_010890	152	556	11476	303	308.4	6931.8	25075.8
pandit_like_014175	152	556	11476	303	308.4	6931.8	25075.8
pandit_like_001949	169	347	14196	337	308.4	9543.2	24345.8
pandit_like_002361	169	347	14196	337	308.4	9543.2	24345.8
pandit_like_007770	169	347	14196	337	308.4	9543.2	24345.8
pandit_like_012819	169	347	14196	337	308.4	9543.2	24345.8
pandit_like_016273	169	347	14196	337	308.4	9543.2	24345.8
pandit_like_002483	164	397	13366	327	308.4	8717.0	24324.8
pandit_like_001691	113	1078	6328	225	308.4	2831.9	24236.0
pandit_like_002744	113	1078	6328	225	308.4	2831.9	24236.0
pandit_like_003837	113	1078	6328	225	308.4	2831.9	24236.0
pandit_like_005708	113	1078	6328	225	308.4	2831.9	24236.0
pandit_like_007661	113	1078	6328	225	308.4	2831.9	24236.0
pandit_like_009521	113	1078	6328	225	308.4	2831.9	24236.0
pandit_like_010435	113	1078	6328	225	308.4	2831.9	24236.0
pandit_like_010524	113	1078	6328	225	308.4	2831.9	24236.0
pandit_like_012983	113	1078	6328	225	308.4	2831.9	24236.0
pandit_like_017942	113	1078	6328	225	308.4	2831.9	24236.0
pandit_like_018765	113	1078	6328	225	308.4	2831.9	24236.0
pandit_like_009241	132	749	8646	263	308.4	4528.5	23633.9
pandit_like_014880	132	749	8646	263	308.4	4528.5	23633.9
pandit_like_015216	132	749	8646	263	308.4	4528.5	23633.9
pandit_like_015639	132	749	8646	263	308.4	4528.5	23633.9
pandit_like_019197	132	749	8646	263	308.4	4528.5	23633.9
pandit_like_013412	162	367	13041	323	308.4	8400.4	22871.0
pandit_like_001861	181	183	16290	361	308.4	11735.3	22702.4
pandit_like_003620	181	183	16290	361	308.4	11735.3	22702.4
pandit_like_002529	174	242	15051	347	308.4	10420.0	22579.1
pandit_like_010031	174	242	15051	347	308.4	10420.0	22579.1
pandit_like_010982	174	242	15051	347	308.4	10420.0	22579.1
pandit_like_011505	174	242	15051	347	308.4	10420.0	22579.1
pandit_like_013398	174	242	15051	347	308.4	10420.0	22579.1
pandit_like_001226	175	223	15225	349	308.4	10601.5	22266.2
pandit_like_001556	175	223	15225	349	308.4	10601.5	22266.2
pandit_like_004344	175	223	15225	349	308.4	10601.5	22266.2
pandit_like_008838	175	223	15225	349	308.4	10601.5	22266.2
pandit_like_011095	175	223	15225	349	308.4	10601.5	22266.2
pandit_like_014433	175	223	15225	349	308.4	10601.5	22266.2
pandit_like_015528	175	223	15225	349	308.4	10601.5	22266.2
pandit_like_016842	175	223	15225	349	308.4	10601.5	22266.2
pandit_like_019870	175	223	15225	349	308.4	10601.5	22266.2
pandit_like_001913	130	690	8385	259	308.4	4324.5	21773.3
pandit_like_008547	130	690	8385	259	308.4	4324.5	21773.3
pandit_like_011217	130	690	8385	259	308.4	4324.5	21773.3
pandit_like_012367	130	690	8385	259	308.4	4324.5	21773.3
pandit_like_014789	130	690	8385	259	308.4	4324.5	21773.3
pandit_like_017213	130	690	8385	259	308.4	4324.5	21773.3
pandit_like_004607	166	289	13695	331	308.4	9041.5	21740.0
pandit_like_012286	166	289	13695	331	308.4	9041.5	21740.0
pandit_like_012385	166	289	13695	331	308.4	9041.5	21740.0
pandit_like_018328	166	289	13695	331	308.4	9041.5	21740.0
pandit_like_019709	166	289	13695	331	308.4	9041.5	21740.0
pandit_like_000163	119	754	7021	237	308.4	3311.1	20019.1
pandit_like_002734	119	754	7021	237	308.4	3311.1	20019.1
pandit_like_005414	119	754	7021	237	308.4	3311.1	20019.1
pandit_like_012823	119	754	7021	237	308.4	3311.1	20019.1
pandit_like_018147	119	754	7021	237	308.4	3311.1	20019.1
pandit_like_006078	104	944	5356	207	308.4	2203.5	19262.4
pandit_like_017036	104	944	5356	207	308.4	2203.5	19262.4
pandit_like_002886	121	671	7260	241	308.4	3482.1	18944.6
pandit_like_003878	121	671	7260	241	308.4	3482.1	18944.6
pandit_like_005124	121	671	7260	241	308.4	3482.1	18944.6
pandit_like_006938	121	671	7260	241	308.4	3482.1	18944.6
pandit_like_007782	121	671	7260	241	308.4	3482.1	18944.6
pandit_like_008176	121	671	7260	241	308.4	3482.1	18944.6
pandit_like_011362	121	671	7260	241	308.4	3482.1	18944.6
pandit_like_014014	121	671	7260	241	308.4	3482.1	18944.6
pandit_like_015221	121	671	7260	241	308.4	3482.1	18944.6
pandit_like_017694	121	671	7260	241	308.4	3482.1	18944.6
pandit_like_017853	121	671	7260	241	308.4	3482.1	18944.6
pandit_like_001437	162	217	13041	323	308.4	8400.4	18581.8
pandit_like_001583	162	217	13041	323	308.4	8400.4	18581.8
pandit_like_007714	162	217	13041	323	308.4	8400.4	18581.8
pandit_like_013677	162	217	13041	323	308.4	8400.4	18581.8
pandit_like_013863	162	217	13041	323	308.4	8400.4	18581.8
pandit_like_019793	162	217	13041	323	308.4	8400.4	18581.8
pandit_like_003843	154	287	11781	307	308.4	7210.6	18504.4
pandit_like_006458	154	287	11781	307	308.4	7210.6	18504.4
pandit_like_008094	154	287	11781	307	308.4	7210.6	18504.4
pandit_like_009480	154	287	11781	307	308.4	7210.6	18504.4
pandit_like_010402	154	287	11781	307	308.4	7210.6	18504.4
pandit_like_017034	154	287	11781	307	308.4	7210.6	18504.4
pandit_like_006345	155	274	11935	309	308.4	7352.7	18405.5
pandit_like_010419	155	274	11935	309	308.4	7352.7	18405.5
pandit_like_011013	155	274	11935	309	308.4	7352.7	18405.5
pandit_like_012494	155	274	11935	309	308.4	7352.7	18405.5
pandit_like_019270	155	274	11935	309	308.4	7352.7	18405.5
pandit_like_001124	147	349	10731	293	308.4	6266.5	18366.8
pandit_like_011248	147	349	10731	293	308.4	6266.5	18366.8
pandit_like_012243	147	349	10731	293	308.4	6266.5	18366.8
pandit_like_013926	147	349	10731	293	308.4	6266.5	18366.8
pandit_like_014434	147	349	10731	293	308.4	6266.5	18366.8
pandit_like_003941	122	616	7381	243	308.4	3569.7	18118.5
pandit_like_008111	122	616	7381	243	308.4	3569.7	18118.5
pandit_like_013766	122	616	7381	243	308.4	3569.7	18118.5
pandit_like_014073	122	616	7381	243	308.4	3569.7	18118.5
pandit_like_017461	122	616	7381	243	308.4	3569.7	18118.5
pandit_like_000022	162	176	13041	323	308.4	8400.4	17409.4
pandit_like_003026	162	176	13041	323	308.4	8400.4	17409.4
pandit_like_000616	148	300	10878	295	308.4	6396.0	17373.4
pandit_like_007283	148	300	10878	295	308.4	6396.0	17373.4
pandit_like_010501	148	300	10878	295	308.4	6396.0	17373.4
pandit_like_010855	148	300	10878	295	308.4	6396.0	17373.4
pandit_like_013970	148	300	10878	295	308.4	6396.0	17373.4
pandit_like_014128	148	300	10878	295	308.4	6396.0	17373.4
pandit_like_015551	148	300	10878	295	308.4	6396.0	17373.4
pandit_like_007799	156	211	12090	311	308.4	7496.7	16943.2
pandit_like_013145	156	211	12090	311	308.4	7496.7	16943.2
pandit_like_019281	156	211	12090	311	308.4	7496.7	16943.2
pandit_like_002798	62	1766	1891	123	308.4	459.3	16616.6
pandit_like_003020	62	1766	1891	123	308.4	459.3	16616.6
pandit_like_015615	62	1766	1891	123	308.4	459.3	16616.6
pandit_like_019576	62	1766	1891	123	308.4	459.3	16616.6
pandit_like_005155	123	528	7503	245	308.4	3658.8	16613.4
pandit_like_008209	123	528	7503	245	308.4	3658.8	16613.4
pandit_like_012022	123	528	7503	245	308.4	3658.8	16613.4
pandit_like_013374	123	528	7503	245	308.4	3658.8	16613.4
pandit_like_014729	123	528	7503	245	308.4	3658.8	16613.4
pandit_like_018358	123	528	7503	245	308.4	3658.8	16613.4
pandit_like_001050	157	186	12246	313	308.4	7642.6	16496.3
pandit_like_009302	157	186	12246	313	308.4	7642.6	16496.3
pandit_like_015088	157	186	12246	313	308.4	7642.6	16496.3
pandit_like_017091	157	186	12246	313	308.4	7642.6	16496.3
pandit_like_017626	157	186	12246	313	308.4	7642.6	16496.3
pandit_like_018135	157	186	12246	313	308.4	7642.6	16496.3
pandit_like_001548	148	250	10878	295	308.4	6396.0	16105.1
pandit_like_002726	148	250	10878	295	308.4	6396.0	16105.1
pandit_like_003397	148	250	10878	295	308.4	6396.0	16105.1
pandit_like_006138	148	250	10878	295	308.4	6396.0	16105.1
pandit_like_009478	148	250	10878	295	308.4	6396.0	16105.1
pandit_like_013576	148	250	10878	295	308.4	6396.0	16105.1
pandit_like_015334	148	250	10878	295	308.4	6396.0	16105.1
pandit_like_015769	148	250	10878	295	308.4	6396.0	16105.1
pandit_like_019540	148	250	10878	295	308.4	6396.0	16105.1
pandit_like_002113	113	613	6328	225	308.4	2831.9	15904.0
pandit_like_005032	113	613	6328	225	308.4	2831.9	15904.0
pandit_like_014950	113	613	6328	225	308.4	2831.9	15904.0
pandit_like_002733	146	257	10585	291	308.4	6138.7	15827.5
pandit_like_002811	146	257	10585	291	308.4	6138.7	15827.5
pandit_like_004411	146	257	10585	291	308.4	6138.7	15827.5
pandit_like_008181	146	257	10585	291	308.4	6138.7	15827.5
pandit_like_013751	146	257	10585	291	308.4	6138.7	15827.5
pandit_like_016351	146	257	10585	291	308.4	6138.7	15827.5
pandit_like_001260	134	355	8911	267	308.4	4738.8	15462.4
pandit_like_003333	149	208	11026	297	308.4	6527.2	15259.7
pandit_like_010113	149	208	11026	297	308.4	6527.2	15259.7
pandit_like_012891	149	208	11026	297	308.4	6527.2	15259.7
pandit_like_014672	149	208	11026	297	308.4	6527.2	15259.7
pandit_like_006025	130	361	8385	259	308.4	4324.5	14725.0
pandit_like_006628	130	361	8385	259	308.4	4324.5	14725.0
pandit_like_009608	130	361	8385	259	308.4	4324.5	14725.0
pandit_like_011026	130	361	8385	259	308.4	4324.5	14725.0
pandit_like_001206	137	292	9316	273	308.4	5066.3	14689.9
pandit_like_009682	137	292	9316	273	308.4	5066.3	14689.9
pandit_like_015300	137	292	9316	273	308.4	5066.3	14689.9
pandit_like_016212	137	292	9316	273	308.4	5066.3	14689.9
pandit_like_016689	137	292	9316	273	308.4	5066.3	14689.9
pandit_like_017156	137	292	9316	273	308.4	5066.3	14689.9
pandit_like_000038	115	494	6555	229	308.4	2986.1	14188.0
pandit_like_007567	115	494	6555	229	308.4	2986.1	14188.0
pandit_like_007665	115	494	6555	229	308.4	2986.1	14188.0
pandit_like_012594	115	494	6555	229	308.4	2986.1	14188.0
pandit_like_016149	115	494	6555	229	308.4	2986.1	14188.0
pandit_like_019681	115	494	6555	229	308.4	2986.1	14188.0
pandit_like_003567	147	182	10731	293	308.4	6266.5	14168.4
pandit_like_004568	147	182	10731	293	308.4	6266.5	14168.4
pandit_like_004713	147	182	10731	293	308.4	6266.5	14168.4
pandit_like_007287	147	182	10731	293	308.4	6266.5	14168.4
pandit_like_015131	147	182	10731	293	308.4	6266.5	14168.4
pandit_like_010683	143	214	10153	285	308.4	5766.0	14118.6
pandit_like_013958	143	214	10153	285	308.4	5766.0	14118.6
pandit_like_018492	143	214	10153	285	308.4	5766.0	14118.6
pandit_like_019554	143	214	10153	285	308.4	5766.0	14118.6
pandit_like_007410	147	161	10731	293	308.4	6266.5	13640.5
pandit_like_012612	147	161	10731	293	308.4	6266.5	13640.5
pandit_like_000806	127	330	8001	253	308.4	4030.1	13449.3
pandit_like_002747	127	330	8001	253	308.4	4030.1	13449.3
pandit_like_004911	127	330	8001	253	308.4	4030.1	13449.3
pandit_like_015091	127	330	8001	253	308.4	4030.1	13449.3
pandit_like_015138	127	330	8001	253	308.4	4030.1	13449.3
pandit_like_000963	142	192	10011	283	308.4	5645.2	13381.9
pandit_like_003314	142	192	10011	283	308.4	5645.2	13381.9
pandit_like_004933	142	192	10011	283	308.4	5645.2	13381.9
pandit_like_010317	142	192	10011	283	308.4	5645.2	13381.9
pandit_like_013046	142	192	10011	283	308.4	5645.2	13381.9
pandit_like_004906	92	746	4186	183	308.4	1520.6	13361.4
pandit_like_006144	92	746	4186	183	308.4	1520.6	13361.4
pandit_like_009233	92	746	4186	183	308.4	1520.6	13361.4
pandit_like_011015	92	746	4186	183	308.4	1520.6	13361.4
pandit_like_012246	92	746	4186	183	308.4	1520.6	13361.4
pandit_like_012417	92	746	4186	183	308.4	1520.6	13361.4
pandit_like_009424	136	225	9180	271	308.4	4955.5	12955.8
pandit_like_011890	136	225	9180	271	308.4	4955.5	12955.8
pandit_like_007322	134	225	8911	267	308.4	4738.8	12566.1
pandit_like_013654	134	225	8911	267	308.4	4738.8	12566.1
pandit_like_007028	126	293	7875	251	308.4	3935.0	12488.1
pandit_like_008907	126	293	7875	251	308.4	3935.0	12488.1
pandit_like_012090	126	293	7875	251	308.4	3935.0	12488.1
pandit_like_012465	126	293	7875	251	308.4	3935.0	12488.1
pandit_like_016340	126	293	7875	251	308.4	3935.0	12488.1
pandit_like_017831	126	293	7875	251	308.4	3935.0	12488.1
pandit_like_019689	126	293	7875	251	308.4	3935.0	12488.1
pandit_like_019815	126	293	7875	251	308.4	3935.0	12488.1
pandit_like_003826	126	285	7875	251	308.4	3935.0	12323.5
pandit_like_012146	126	285	7875	251	308.4	3935.0	12323.5
pandit_like_014010	126	285	7875	251	308.4	3935.0	12323.5
pandit_like_017972	126	285	7875	251	308.4	3935.0	12323.5
pandit_like_006344	130	241	8385	259	308.4	4324.5	12154.2
pandit_like_006822	130	241	8385	259	308.4	4324.5	12154.2
pandit_like_013979	130	241	8385	259	308.4	4324.5	12154.2
pandit_like_019111	130	241	8385	259	308.4	4324.5	12154.2
pandit_like_006265	105	490	5460	209	308.4	2268.2	12119.9
pandit_like_013990	105	490	5460	209	308.4	2268.2	12119.9
pandit_like_006558	114	365	6441	227	308.4	2908.3	11641.6
pandit_like_019643	114	365	6441	227	308.4	2908.3	11641.6
pandit_like_000010	86	684	3655	171	308.4	1239.7	11322.1
pandit_like_013811	86	684	3655	171	308.4	1239.7	11322.1
pandit_like_014917	86	684	3655	171	308.4	1239.7	11322.1
pandit_like_016141	86	684	3655	171	308.4	1239.7	11322.1
pandit_like_017456	86	684	3655	171	308.4	1239.7	11322.1
pandit_like_000401	137	142	9316	273	308.4	5066.3	11250.6
pandit_like_010427	137	142	9316	273	308.4	5066.3	11250.6
pandit_like_010439	137	142	9316	273	308.4	5066.3	11250.6
pandit_like_013850	137	142	9316	273	308.4	5066.3	11250.6
pandit_like_000326	129	202	8256	257	308.4	4224.8	11139.9
pandit_like_001266	129	202	8256	257	308.4	4224.8	11139.9
pandit_like_002816	129	202	8256	257	308.4	4224.8	11139.9
pandit_like_008123	129	202	8256	257	308.4	4224.8	11139.9
pandit_like_009216	129	202	8256	257	308.4	4224.8	11139.9
pandit_like_009830	129	202	8256	257	308.4	4224.8	11139.9
pandit_like_002093	108	397	5778	215	308.4	2469.8	11123.6
pandit_like_003796	108	397	5778	215	308.4	2469.8	11123.6
pandit_like_007625	108	397	5778	215	308.4	2469.8	11123.6
pandit_like_012528	108	397	5778	215	308.4	2469.8	11123.6
pandit_like_015477	108	397	5778	215	308.4	2469.8	11123.6
pandit_like_016222	108	397	5778	215	308.4	2469.8	11123.6
pandit_like_017164	108	397	5778	215	308.4	2469.8	11123.6
pandit_like_018915	108	397	5778	215	308.4	2469.8	11123.6
pandit_like_019835	108	397	5778	215	308.4	2469.8	11123.6
pandit_like_000383	115	320	6555	229	308.4	2986.1	11000.4
pandit_like_002492	115	320	6555	229	308.4	2986.1	11000.4
pandit_like_009892	115	320	6555	229	308.4	2986.1	11000.4
pandit_like_013278	115	320	6555	229	308.4	2986.1	11000.4
pandit_like_018134	115	320	6555	229	308.4	2986.1	11000.4
pandit_like_000274	85	644	3570	169	308.4	1196.5	10627.8
pandit_like_004139	85	644	3570	169	308.4	1196.5	10627.8
pandit_like_008011	85	644	3570	169	308.4	1196.5	10627.8
pandit_like_015019	85	644	3570	169	308.4	1196.5	10627.8
pandit_like_018851	85	644	3570	169	308.4	1196.5	10627.8
pandit_like_001222	113	295	6328	225	308.4	2831.9	10206.0
pandit_like_006662	113	295	6328	225	308.4	2831.9	10206.0
pandit_like_007593	113	295	6328	225	308.4	2831.9	10206.0
pandit_like_000769	109	322	5886	217	308.4	2539.6	10017.5
pandit_like_002438	109	322	5886	217	308.4	2539.6	10017.5
pandit_like_009999	109	322	5886	217	308.4	2539.6	10017.5
pandit_like_011496	109	322	5886	217	308.4	2539.6	10017.5
pandit_like_014795	109	322	5886	217	308.4	2539.6	10017.5
pandit_like_016584	109	322	5886	217	308.4	2539.6	10017.5
pandit_like_017102	109	322	5886	217	308.4	2539.6	10017.5
pandit_like_018551	109	322	5886	217	308.4	2539.6	10017.5
pandit_like_000129	97	436	4656	193	308.4	1784.7	9861.0
pandit_like_003006	97	436	4656	193	308.4	1784.7	9861.0
pandit_like_012154	97	436	4656	193	308.4	1784.7	9861.0
pandit_like_015914	97	436	4656	193	308.4	1784.7	9861.0
pandit_like_019525	97	436	4656	193	308.4	1784.7	9861.0
pandit_like_002855	106	340	5565	211	308.4	2334.1	9830.1
pandit_like_008954	106	340	5565	211	308.4	2334.1	9830.1
pandit_like_009514	106	340	5565	211	308.4	2334.1	9830.1
pandit_like_010972	106	340	5565	211	308.4	2334.1	9830.1
pandit_like_017937	106	340	5565	211	308.4	2334.1	9830.1
pandit_like_018734	106	340	5565	211	308.4	2334.1	9830.1
pandit_like_018797	106	340	5565	211	308.4	2334.1	9830.1
pandit_like_004563	116	247	6670	231	308.4	3065.3	9824.4
pandit_like_008711	116	247	6670	231	308.4	3065.3	9824.4
pandit_like_012957	116	247	6670	231	308.4	3065.3	9824.4
pandit_like_013828	116	247	6670	231	308.4	3065.3	9824.4
pandit_like_014939	116	247	6670	231	308.4	3065.3	9824.4
pandit_like_015112	116	247	6670	231	308.4	3065.3	9824.4
pandit_like_019727	116	247	6670	231	308.4	3065.3	9824.4
pandit_like_003720	110	300	5995	219	308.4	2610.7	9801.7
pandit_like_008151	110	300	5995	219	308.4	2610.7	9801.7
pandit_like_010860	110	300	5995	219	308.4	2610.7	9801.7
pandit_like_012900	110	300	5995	219	308.4	2610.7	9801.7
pandit_like_013603	110	300	5995	219	308.4	2610.7	9801.7
pandit_like_014733	110	300	5995	219	308.4	2610.7	9801.7
pandit_like_018883	110	300	5995	219	308.4	2610.7	9801.7
pandit_like_001534	121	200	7260	241	308.4	3482.1	9740.6
pandit_like_004707	121	200	7260	241	308.4	3482.1	9740.6
pandit_like_005873	121	200	7260	241	308.4	3482.1	9740.6
pandit_like_007887	121	200	7260	241	308.4	3482.1	9740.6
pandit_like_009467	121	200	7260	241	308.4	3482.1	9740.6
pandit_like_012390	121	200	7260	241	308.4	3482.1	9740.6
pandit_like_017171	121	200	7260	241	308.4	3482.1	9740.6
pandit_like_019385	121	200	7260	241	308.4	3482.1	9740.6
pandit_like_001818	120	203	7140	239	308.4	3395.9	9637.6
pandit_like_006479	120	203	7140	239	308.4	3395.9	9637.6
pandit_like_008927	120	203	7140	239	308.4	3395.9	9637.6
pandit_like_013944	120	203	7140	239	308.4	3395.9	9637.6
pandit_like_017076	120	203	7140	239	308.4	3395.9	9637.6
pandit_like_001264	75	710	2775	149	308.4	818.7	9610.4
pandit_like_004909	75	710	2775	149	308.4	818.7	9610.4
pandit_like_008611	75	710	2775	149	308.4	818.7	9610.4
pandit_like_013597	75	710	2775	149	308.4	818.7	9610.4
pandit_like_013856	75	710	2775	149	308.4	818.7	9610.4
pandit_like_014732	75	710	2775	149	308.4	818.7	9610.4
pandit_like_018383	75	710	2775	149	308.4	818.7	9610.4
pandit_like_000167	86	550	3655	171	308.4	1239.7	9608.7
pandit_like_009786	86	550	3655	171	308.4	1239.7	9608.7
pandit_like_011484	86	550	3655	171	308.4	1239.7	9608.7
pandit_like_013309	86	550	3655	171	308.4	1239.7	9608.7
pandit_like_014757	86	550	3655	171	308.4	1239.7	9608.7
pandit_like_015289	86	550	3655	171	308.4	1239.7	9608.7
pandit_like_017299	86	550	3655	171	308.4	1239.7	9608.7
pandit_like_017879	86	550	3655	171	308.4	1239.7	9608.7
pandit_like_019465	86	550	3655	171	308.4	1239.7	9608.7
pandit_like_002203	51	1252	1275	101	308.4	253.4	9595.6
pandit_like_002751	51	1252	1275	101	308.4	253.4	9595.6
pandit_like_007716	51	1252	1275	101	308.4	253.4	9595.6
pandit_like_017753	51	1252	1275	101	308.4	253.4	9595.6
pandit_like_018193	51	1252	1275	101	308.4	253.4	9595.6
pandit_like_003469	109	274	5886	217	308.4	2539.6	9195.5
pandit_like_004166	109	274	5886	217	308.4	2539.6	9195.5
pandit_like_013511	109	274	5886	217	308.4	2539.6	9195.5
pandit_like_002512	72	714	2556	143	308.4	723.3	9130.5
pandit_like_004289	72	714	2556	143	308.4	723.3	9130.5
pandit_like_017441	72	714	2556	143	308.4	723.3	9130.5
pandit_like_019153	72	714	2556	143	308.4	723.3	9130.5
pandit_like_003386	109	269	5886	217	308.4	2539.6	9109.9
pandit_like_004633	109	269	5886	217	308.4	2539.6	9109.9
pandit_like_009783	109	269	5886	217	308.4	2539.6	9109.9
pandit_like_012593	109	269	5886	217	308.4	2539.6	9109.9
pandit_like_017161	109	269	5886	217	308.4	2539.6	9109.9
pandit_like_001974	122	155	7381	243	308.4	3569.7	9014.9
pandit_like_009129	122	155	7381	243	308.4	3569.7	9014.9
pandit_like_009307	122	155	7381	243	308.4	3569.7	9014.9
pandit_like_019218	122	155	7381	243	308.4	3569.7	9014.9
pandit_like_005209	114	216	6441	227	308.4	2908.3	8941.9
pandit_like_010588	114	216	6441	227	308.4	2908.3	8941.9
pandit_like_016360	114	216	6441	227	308.4	2908.3	8941.9
pandit_like_002805	74	661	2701	147	308.4	786.0	8911.8
pandit_like_004088	74	661	2701	147	308.4	786.0	8911.8
pandit_like_009339	74	661	2701	147	308.4	786.0	8911.8
pandit_like_012771	74	661	2701	147	308.4	786.0	8911.8
pandit_like_014395	74	661	2701	147	308.4	786.0	8911.8
pandit_like_001991	89	457	3916	177	308.4	1375.3	8877.1
pandit_like_005927	89	457	3916	177	308.4	1375.3	8877.1
pandit_like_012155	89	457	3916	177	308.4	1375.3	8877.1
pandit_like_012539	89	457	3916	177	308.4	1375.3	8877.1
pandit_like_012700	89	457	3916	177	308.4	1375.3	8877.1
pandit_like_014785	89	457	3916	177	308.4	1375.3	8877.1
pandit_like_017727	89	457	3916	177	308.4	1375.3	8877.1
pandit_like_007548	114	210	6441	227	308.4	2908.3	8833.2
pandit_like_007610	114	210	6441	227	308.4	2908.3	8833.2
pandit_like_001926	111	234	6105	221	308.4	2683.1	8808.2
pandit_like_013797	111	234	6105	221	308.4	2683.1	8808.2
pandit_like_015087	111	234	6105	221	308.4	2683.1	8808.2
pandit_like_015953	111	234	6105	221	308.4	2683.1	8808.2
pandit_like_019201	111	234	6105	221	308.4	2683.1	8808.2
pandit_like_005904	106	266	5565	211	308.4	2334.1	8606.4
pandit_like_007904	106	266	5565	211	308.4	2334.1	8606.4
pandit_like_010543	106	266	5565	211	308.4	2334.1	8606.4
pandit_like_012217	106	266	5565	211	308.4	2334.1	8606.4
pandit_like_013400	106	266	5565	211	308.4	2334.1	8606.4
pandit_like_013484	106	266	5565	211	308.4	2334.1	8606.4
pandit_like_005791	92	402	4186	183	308.4	1520.6	8586.4
pandit_like_009627	92	402	4186	183	308.4	1520.6	8586.4
pandit_like_012466	92	402	4186	183	308.4	1520.6	8586.4
pandit_like_013796	92	402	4186	183	308.4	1520.6	8586.4
pandit_like_017178	92	402	4186	183	308.4	1520.6	8586.4
pandit_like_019799	92	402	4186	183	308.4	1520.6	8586.4
pandit_like_001462	104	277	5356	207	308.4	2203.5	8491.4
pandit_like_002246	104	277	5356	207	308.4	2203.5	8491.4
pandit_like_007954	104	277	5356	207	308.4	2203.5	8491.4
pandit_like_008553	104	277	5356	207	308.4	2203.5	8491.4
pandit_like_011187	104	277	5356	207	308.4	2203.5	8491.4
pandit_like_012686	104	277	5356	207	308.4	2203.5	8491.4
pandit_like_016561	104	277	5356	207	308.4	2203.5	8491.4
pandit_like_007149	74	605	2701	147	308.4	786.0	8313.8
pandit_like_015916	74	605	2701	147	308.4	786.0	8313.8
pandit_like_001511	75	576	2775	149	308.4	818.7	8156.6
pandit_like_007187	75	576	2775	149	308.4	818.7	8156.6
pandit_like_010728	75	576	2775	149	308.4	818.7	8156.6
pandit_like_010900	75	576	2775	149	308.4	818.7	8156.6
pandit_like_013882	75	576	2775	149	308.4	818.7	8156.6
pandit_like_013942	75	576	2775	149	308.4	818.7	8156.6
pandit_like_014560	75	576	2775	149	308.4	818.7	8156.6
pandit_like_014936	75	576	2775	149	308.4	818.7	8156.6
pandit_like_015460	75	576	2775	149	308.4	818.7	8156.6
pandit_like_017526	75	576	2775	149	308.4	818.7	8156.6
pandit_like_019045	75	576	2775	149	308.4	818.7	8156.6
pandit_like_004938	118	133	6903	235	308.4	3227.7	7994.9
pandit_like_014212	118	133	6903	235	308.4	3227.7	7994.9
pandit_like_019641	118	133	6903	235	308.4	3227.7	7994.9
pandit_like_004504	116	148	6670	231	308.4	3065.3	7990.8
pandit_like_015303	116	148	6670	231	308.4	3065.3	7990.8
pandit_like_018433	116	148	6670	231	308.4	3065.3	7990.8
pandit_like_002763	109	187	5886	217	308.4	2539.6	7705.7
pandit_like_012811	109	187	5886	217	308.4	2539.6	7705.7
pandit_like_013745	109	187	5886	217	308.4	2539.6	7705.7
pandit_like_000417	100	263	4950	199	308.4	1957.0	7702.7
pandit_like_001345	100	263	4950	199	308.4	1957.0	7702.7
pandit_like_002506	100	263	4950	199	308.4	1957.0	7702.7
pandit_like_007237	100	263	4950	199	308.4	1957.0	7702.7
pandit_like_007869	100	263	4950	199	308.4	1957.0	7702.7
pandit_like_008891	100	263	4950	199	308.4	1957.0	7702.7
pandit_like_009245	100	263	4950	199	308.4	1957.0	7702.7
pandit_like_013337	100	263	4950	199	308.4	1957.0	7702.7
pandit_like_015307	100	263	4950	199	308.4	1957.0	7702.7
pandit_like_002991	92	338	4186	183	308.4	1520.6	7698.0
pandit_like_004790	92	338	4186	183	308.4	1520.6	7698.0
pandit_like_000144	110	177	5995	219	308.4	2610.7	7671.2
pandit_like_000873	110	177	5995	219	308.4	2610.7	7671.2
pandit_like_007037	110	177	5995	219	308.4	2610.7	7671.2
pandit_like_017108	110	177	5995	219	308.4	2610.7	7671.2
pandit_like_018880	110	177	5995	219	308.4	2610.7	7671.2
pandit_like_004434	85	404	3570	169	308.4	1196.5	7602.1
pandit_like_007574	85	404	3570	169	308.4	1196.5	7602.1
pandit_like_008286	85	404	3570	169	308.4	1196.5	7602.1
pandit_like_013122	85	404	3570	169	308.4	1196.5	7602.1
pandit_like_013265	85	404	3570	169	308.4	1196.5	7602.1
pandit_like_019356	85	404	3570	169	308.4	1196.5	7602.1
pandit_like_000196	70	592	2415	139	308.4	664.0	7570.2
pandit_like_005303	70	592	2415	139	308.4	664.0	7570.2
pandit_like_009081	70	592	2415	139	308.4	664.0	7570.2
pandit_like_013440	70	592	2415	139	308.4	664.0	7570.2
pandit_like_015841	70	592	2415	139	308.4	664.0	7570.2
pandit_like_013222	102	233	5151	203	308.4	2077.8	7507.7
pandit_like_016384	102	233	5151	203	308.4	2077.8	7507.7
pandit_like_005801	108	182	5778	215	308.4	2469.8	7484.1
pandit_like_009292	108	182	5778	215	308.4	2469.8	7484.1
pandit_like_012789	108	182	5778	215	308.4	2469.8	7484.1
pandit_like_014131	108	182	5778	215	308.4	2469.8	7484.1
pandit_like_001163	84	403	3486	167	308.4	1154.4	7451.6
pandit_like_005239	84	403	3486	167	308.4	1154.4	7451.6
pandit_like_017245	84	403	3486	167	308.4	1154.4	7451.6
pandit_like_018025	84	403	3486	167	308.4	1154.4	7451.6
pandit_like_019594	84	403	3486	167	308.4	1154.4	7451.6
pandit_like_000933	96	276	4560	191	308.4	1729.6	7357.0
pandit_like_018651	96	276	4560	191	308.4	1729.6	7357.0
pandit_like_000528	111	151	6105	221	308.4	2683.1	7354.0
pandit_like_004771	111	151	6105	221	308.4	2683.1	7354.0
pandit_like_005642	111	151	6105	221	308.4	2683.1	7354.0
pandit_like_008582	111	151	6105	221	308.4	2683.1	7354.0
pandit_like_011680	111	151	6105	221	308.4	2683.1	7354.0
pandit_like_013303	111	151	6105	221	308.4	2683.1	7354.0
pandit_like_015679	111	151	6105	221	308.4	2683.1	7354.0
pandit_like_001612	98	253	4753	195	308.4	1841.0	7281.5
pandit_like_005188	98	253	4753	195	308.4	1841.0	7281.5
pandit_like_007837	98	253	4753	195	308.4	1841.0	7281.5
pandit_like_015754	98	253	4753	195	308.4	1841.0	7281.5
pandit_like_016704	98	253	4753	195	308.4	1841.0	7281.5
pandit_like_006872	87	355	3741	173	308.4	1283.9	7247.8
pandit_like_007334	87	355	3741	173	308.4	1283.9	7247.8
pandit_like_009959	87	355	3741	173	308.4	1283.9	7247.8
pandit_like_015726	87	355	3741	173	308.4	1283.9	7247.8
pandit_like_019007	87	355	3741	173	308.4	1283.9	7247.8
pandit_like_000707	96	268	4560	191	308.4	1729.6	7240.0
pandit_like_003035	96	268	4560	191	308.4	1729.6	7240.0
pandit_like_003312	96	268	4560	191	308.4	1729.6	7240.0
pandit_like_003815	96	268	4560	191	308.4	1729.6	7240.0
pandit_like_009712	96	268	4560	191	308.4	1729.6	7240.0
pandit_like_011370	96	268	4560	191	308.4	1729.6	7240.0
pandit_like_008691	100	216	4950	199	308.4	1957.0	6979.8
pandit_like_016011	100	216	4950	199	308.4	1957.0	6979.8
pandit_like_016894	100	216	4950	199	308.4	1957.0	6979.8
pandit_like_000785	108	152	5778	215	308.4	2469.8	6976.3
pandit_like_004160	108	152	5778	215	308.4	2469.8	6976.3
pandit_like_009222	108	152	5778	215	308.4	2469.8	6976.3
pandit_like_018080	108	152	5778	215	308.4	2469.8	6976.3
pandit_like_018684	108	152	5778	215	308.4	2469.8	6976.3
pandit_like_001525	63	628	1953	125	308.4	482.2	6889.0
pandit_like_008323	63	628	1953	125	308.4	482.2	6889.0
pandit_like_009677	63	628	1953	125	308.4	482.2	6889.0
pandit_like_014208	63	628	1953	125	308.4	482.2	6889.0
pandit_like_018035	63	628	1953	125	308.4	482.2	6889.0
pandit_like_019965	63	628	1953	125	308.4	482.2	6889.0
pandit_like_001778	107	144	5671	213	308.4	2401.3	6714.1
pandit_like_005301	107	144	5671	213	308.4	2401.3	6714.1
pandit_like_008948	107	144	5671	213	308.4	2401.3	6714.1
pandit_like_010503	107	144	5671	213	308.4	2401.3	6714.1
pandit_like_000569	95	238	4465	189	308.4	1675.7	6676.1
pandit_like_001302	95	238	4465	189	308.4	1675.7	6676.1
pandit_like_005627	95	238	4465	189	308.4	1675.7	6676.1
pandit_like_006848	95	238	4465	189	308.4	1675.7	6676.1
pandit_like_009048	95	238	4465	189	308.4	1675.7	6676.1
pandit_like_010181	95	238	4465	189	308.4	1675.7	6676.1
pandit_like_013066	95	238	4465	189	308.4	1675.7	6676.1
pandit_like_014236	95	238	4465	189	308.4	1675.7	6676.1
pandit_like_017026	95	238	4465	189	308.4	1675.7	6676.1
pandit_like_004971	47	925	1081	93	308.4	197.5	6652.9
pandit_like_004747	54	760	1431	107	308.4	301.6	6633.4
pandit_like_005709	54	760	1431	107	308.4	301.6	6633.4
pandit_like_011903	54	760	1431	107	308.4	301.6	6633.4
pandit_like_012597	54	760	1431	107	308.4	301.6	6633.4
pandit_like_013356	54	760	1431	107	308.4	301.6	6633.4
pandit_like_017135	54	760	1431	107	308.4	301.6	6633.4
pandit_like_001484	99	200	4851	197	308.4	1898.4	6609.3
pandit_like_004928	99	200	4851	197	308.4	1898.4	6609.3
pandit_like_007623	99	200	4851	197	308.4	1898.4	6609.3
pandit_like_002821	69	509	2346	137	308.4	635.7	6607.1
pandit_like_005321	69	509	2346	137	308.4	635.7	6607.1
pandit_like_008148	69	509	2346	137	308.4	635.7	6607.1
pandit_like_013819	69	509	2346	137	308.4	635.7	6607.1
pandit_like_014561	69	509	2346	137	308.4	635.7	6607.1
pandit_like_015365	69	509	2346	137	308.4	635.7	6607.1
pandit_like_016976	69	509	2346	137	308.4	635.7	6607.1
pandit_like_002213	94	240	4371	187	308.4	1622.8	6580.9
pandit_like_009304	94	240	4371	187	308.4	1622.8	6580.9
pandit_like_014393	94	240	4371	187	308.4	1622.8	6580.9
pandit_like_014942	94	240	4371	187	308.4	1622.8	6580.9
pandit_like_015156	94	240	4371	187	308.4	1622.8	6580.9
pandit_like_016628	94	240	4371	187	308.4	1622.8	6580.9
pandit_like_018779	94	240	4371	187	308.4	1622.8	6580.9
pandit_like_019251	94	240	4371	187	308.4	1622.8	6580.9
pandit_like_001000	80	372	3160	159	308.4	995.7	6552.2
pandit_like_007049	80	372	3160	159	308.4	995.7	6552.2
pandit_like_008644	80	372	3160	159	308.4	995.7	6552.2
pandit_like_017979	80	372	3160	159	308.4	995.7	6552.2
pandit_like_004513	101	175	5050	201	308.4	2016.8	6470.5
pandit_like_012668	101	175	5050	201	308.4	2016.8	6470.5
pandit_like_016146	101	175	5050	201	308.4	2016.8	6470.5
pandit_like_016265	101	175	5050	201	308.4	2016.8	6470.5
pandit_like_002484	75	420	2775	149	308.4	818.7	6464.2
pandit_like_004799	75	420	2775	149	308.4	818.7	6464.2
pandit_like_007326	75	420	2775	149	308.4	818.7	6464.2
pandit_like_012213	75	420	2775	149	308.4	818.7	6464.2
pandit_like_012480	75	420	2775	149	308.4	818.7	6464.2
pandit_like_019657	75	420	2775	149	308.4	818.7	6464.2
pandit_like_002638	61	609	1830	121	308.4	437.1	6443.5
pandit_like_014419	61	609	1830	121	308.4	437.1	6443.5
pandit_like_016566	61	609	1830	121	308.4	437.1	6443.5
pandit_like_013831	108	120	5778	215	308.4	2469.8	6434.6
pandit_like_019302	108	120	5778	215	308.4	2469.8	6434.6
pandit_like_009001	95	221	4465	189	308.4	1675.7	6430.6
pandit_like_008760	67	513	2211	133	308.4	581.3	6382.8
pandit_like_011242	67	513	2211	133	308.4	581.3	6382.8
pandit_like_014247	67	513	2211	133	308.4	581.3	6382.8
pandit_like_019457	67	513	2211	133	308.4	581.3	6382.8
pandit_like_005398	65	536	2080	129	308.4	530.2	6335.7
pandit_like_009333	65	536	2080	129	308.4	530.2	6335.7
pandit_like_000138	70	468	2415	139	308.4	664.0	6330.5
pandit_like_000043	104	141	5356	207	308.4	2203.5	6295.2
pandit_like_001846	104	141	5356	207	308.4	2203.5	6295.2
pandit_like_010455	104	141	5356	207	308.4	2203.5	6295.2
pandit_like_017191	104	141	5356	207	308.4	2203.5	6295.2
pandit_like_019090	104	141	5356	207	308.4	2203.5	6295.2
pandit_like_000788	103	148	5253	205	308.4	2140.0	6287.2
pandit_like_003688	103	148	5253	205	308.4	2140.0	6287.2
pandit_like_003902	103	148	5253	205	308.4	2140.0	6287.2
pandit_like_016505	103	148	5253	205	308.4	2140.0	6287.2
pandit_like_002081	108	111	5778	215	308.4	2469.8	6282.3
pandit_like_019613	108	111	5778	215	308.4	2469.8	6282.3
pandit_like_010863	98	183	4753	195	308.4	1841.0	6231.4
pandit_like_019061	98	183	4753	195	308.4	1841.0	6231.4
pandit_like_006774	87	275	3741	173	308.4	1283.9	6210.4
pandit_like_008650	87	275	3741	173	308.4	1283.9	6210.4
pandit_like_009798	87	275	3741	173	308.4	1283.9	6210.4
pandit_like_013341	87	275	3741	173	308.4	1283.9	6210.4
pandit_like_014260	87	275	3741	173	308.4	1283.9	6210.4
pandit_like_014299	87	275	3741	173	308.4	1283.9	6210.4
pandit_like_015793	87	275	3741	173	308.4	1283.9	6210.4
pandit_like_018708	87	275	3741	173	308.4	1283.9	6210.4
pandit_like_000982	95	204	4465	189	308.4	1675.7	6185.2
pandit_like_006363	95	204	4465	189	308.4	1675.7	6185.2
pandit_like_013464	95	204	4465	189	308.4	1675.7	6185.2
pandit_like_016001	95	204	4465	189	308.4	1675.7	6185.2
pandit_like_017977	95	204	4465	189	308.4	1675.7	6185.2
pandit_like_018174	95	204	4465	189	308.4	1675.7	6185.2
pandit_like_006751	88	261	3828	175	308.4	1329.1	6145.8
pandit_like_008007	88	261	3828	175	308.4	1329.1	6145.8
pandit_like_009955	88	261	3828	175	308.4	1329.1	6145.8
pandit_like_015090	88	261	3828	175	308.4	1329.1	6145.8
pandit_like_012017	90	242	4005	179	308.4	1422.7	6127.7
pandit_like_012664	90	242	4005	179	308.4	1422.7	6127.7
pandit_like_012927	90	242	4005	179	308.4	1422.7	6127.7
pandit_like_015168	90	242	4005	179	308.4	1422.7	6127.7
pandit_like_001230	99	167	4851	197	308.4	1898.4	6108.0
pandit_like_003101	99	167	4851	197	308.4	1898.4	6108.0
pandit_like_004071	99	167	4851	197	308.4	1898.4	6108.0
pandit_like_009395	99	167	4851	197	308.4	1898.4	6108.0
pandit_like_009598	99	167	4851	197	308.4	1898.4	6108.0
pandit_like_011300	99	167	4851	197	308.4	1898.4	6108.0
pandit_like_001038	60	579	1770	119	308.4	415.7	6056.3
pandit_like_004671	60	579	1770	119	308.4	415.7	6056.3
pandit_like_009906	60	579	1770	119	308.4	415.7	6056.3
pandit_like_010628	60	579	1770	119	308.4	415.7	6056.3
pandit_like_015271	60	579	1770	119	308.4	415.7	6056.3
pandit_like_015678	60	579	1770	119	308.4	415.7	6056.3
pandit_like_015778	60	579	1770	119	308.4	415.7	6056.3
pandit_like_002893	44	903	946	87	308.4	161.4	6032.2
pandit_like_004482	44	903	946	87	308.4	161.4	6032.2
pandit_like_008052	44	903	946	87	308.4	161.4	6032.2
pandit_like_008771	44	903	946	87	308.4	161.4	6032.2
pandit_like_011117	44	903	946	87	308.4	161.4	6032.2
pandit_like_012869	44	903	946	87	308.4	161.4	6032.2
pandit_like_001878	78	347	3003	155	308.4	922.1	6020.0
pandit_like_008405	78	347	3003	155	308.4	922.1	6020.0
pandit_like_010066	78	347	3003	155	308.4	922.1	6020.0
pandit_like_010663	78	347	3003	155	308.4	922.1	6020.0
pandit_like_010738	78	347	3003	155	308.4	922.1	6020.0
pandit_like_017681	78	347	3003	155	308.4	922.1	6020.0
pandit_like_003747	77	357	2926	153	308.4	886.7	6014.6
pandit_like_003810	77	357	2926	153	308.4	886.7	6014.6
pandit_like_005470	77	357	2926	153	308.4	886.7	6014.6
pandit_like_007825	77	357	2926	153	308.4	886.7	6014.6
pandit_like_008106	77	357	2926	153	308.4	886.7	6014.6
pandit_like_016165	77	357	2926	153	308.4	886.7	6014.6
pandit_like_017220	77	357	2926	153	308.4	886.7	6014.6
pandit_like_001804	50	756	1225	99	308.4	238.5	6013.3
pandit_like_010942	50	756	1225	99	308.4	238.5	6013.3
pandit_like_003547	70	436	2415	139	308.4	664.0	6010.6
pandit_like_003704	70	436	2415	139	308.4	664.0	6010.6
pandit_like_005703	70	436	2415	139	308.4	664.0	6010.6
pandit_like_010420	70	436	2415	139	308.4	664.0	6010.6
pandit_like_010769	70	436	2415	139	308.4	664.0	6010.6
pandit_like_016196	70	436	2415	139	308.4	664.0	6010.6
pandit_like_004585	54	673	1431	107	308.4	301.6	5990.0
pandit_like_019972	54	673	1431	107	308.4	301.6	5990.0
pandit_like_006742	79	334	3081	157	308.4	958.4	5988.9
pandit_like_017955	79	334	3081	157	308.4	958.4	5988.9
pandit_like_000770	64	502	2016	127	308.4	505.8	5899.2
pandit_like_006103	64	502	2016	127	308.4	505.8	5899.2
pandit_like_011634	64	502	2016	127	308.4	505.8	5899.2
pandit_like_019271	64	502	2016	127	308.4	505.8	5899.2
pandit_like_000440	76	355	2850	151	308.4	852.3	5874.9
pandit_like_011183	76	355	2850	151	308.4	852.3	5874.9
pandit_like_011249	76	355	2850	151	308.4	852.3	5874.9
pandit_like_011349	76	355	2850	151	308.4	852.3	5874.9
pandit_like_016332	76	355	2850	151	308.4	852.3	5874.9
pandit_like_007165	51	715	1275	101	308.4	253.4	5874.7
pandit_like_007972	51	715	1275	101	308.4	253.4	5874.7
pandit_like_012039	51	715	1275	101	308.4	253.4	5874.7
pandit_like_012824	51	715	1275	101	308.4	253.4	5874.7
pandit_like_013086	51	715	1275	101	308.4	253.4	5874.7
pandit_like_000087	98	157	4753	195	308.4	1841.0	5841.4
pandit_like_000571	98	157	4753	195	308.4	1841.0	5841.4
pandit_like_009647	98	157	4753	195	308.4	1841.0	5841.4
pandit_like_017881	98	157	4753	195	308.4	1841.0	5841.4
pandit_like_002803	46	812	1035	91	308.4	184.9	5790.8
pandit_like_005798	46	812	1035	91	308.4	184.9	5790.8
pandit_like_008668	46	812	1035	91	308.4	184.9	5790.8
pandit_like_013636	46	812	1035	91	308.4	184.9	5790.8
pandit_like_019253	46	812	1035	91	308.4	184.9	5790.8
pandit_like_004361	81	297	3240	161	308.4	1033.9	5786.3
pandit_like_014959	81	297	3240	161	308.4	1033.9	5786.3
pandit_like_009215	72	378	2556	143	308.4	723.3	5657.6
pandit_like_011407	72	378	2556	143	308.4	723.3	5657.6
pandit_like_014811	72	378	2556	143	308.4	723.3	5657.6
pandit_like_016509	72	378	2556	143	308.4	723.3	5657.6
pandit_like_017132	72	378	2556	143	308.4	723.3	5657.6
pandit_like_018057	72	378	2556	143	308.4	723.3	5657.6
pandit_like_001216	90	198	4005	179	308.4	1422.7	5533.1
pandit_like_001733	90	198	4005	179	308.4	1422.7	5533.1
pandit_like_003396	90	198	4005	179	308.4	1422.7	5533.1
pandit_like_003674	90	198	4005	179	308.4	1422.7	5533.1
pandit_like_013479	90	198	4005	179	308.4	1422.7	5533.1
pandit_like_013813	90	198	4005	179	308.4	1422.7	5533.1
pandit_like_015627	90	198	4005	179	308.4	1422.7	5533.1
pandit_like_004735	79	290	3081	157	308.4	958.4	5480.9
pandit_like_009993	79	290	3081	157	308.4	958.4	5480.9
pandit_like_015622	79	290	3081	157	308.4	958.4	5480.9
pandit_like_016742	79	290	3081	157	308.4	958.4	5480.9
pandit_like_003291	94	162	4371	187	308.4	1622.8	5469.3
pandit_like_005332	94	162	4371	187	308.4	1622.8	5469.3
pandit_like_016406	94	162	4371	187	308.4	1622.8	5469.3
pandit_like_015561	88	209	3828	175	308.4	1329.1	5462.1
pandit_like_018907	88	209	3828	175	308.4	1329.1	5462.1
pandit_like_006260	76	315	2850	151	308.4	852.3	5434.0
pandit_like_007417	76	315	2850	151	308.4	852.3	5434.0
pandit_like_008793	76	315	2850	151	308.4	852.3	5434.0
pandit_like_012820	76	315	2850	151	308.4	852.3	5434.0
pandit_like_015985	76	315	2850	151	308.4	852.3	5434.0
pandit_like_000030	34	1110	561	67	308.4	73.2	5432.0
pandit_like_019648	34	1110	561	67	308.4	73.2	5432.0
pandit_like_000744	79	284	3081	157	308.4	958.4	5411.7
pandit_like_008354	79	284	3081	157	308.4	958.4	5411.7
pandit_like_011557	79	284	3081	157	308.4	958.4	5411.7
pandit_like_001460	51	644	1275	101	308.4	253.4	5382.7
pandit_like_004049	51	644	1275	101	308.4	253.4	5382.7
pandit_like_007644	51	644	1275	101	308.4	253.4	5382.7
pandit_like_010392	51	644	1275	101	308.4	253.4	5382.7
pandit_like_013418	51	644	1275	101	308.4	253.4	5382.7
pandit_like_014816	51	644	1275	101	308.4	253.4	5382.7
pandit_like_001885	96	141	4560	191	308.4	1729.6	5382.6
pandit_like_003027	96	141	4560	191	308.4	1729.6	5382.6
pandit_like_003256	96	141	4560	191	308.4	1729.6	5382.6
pandit_like_008447	96	141	4560	191	308.4	1729.6	5382.6
pandit_like_011504	96	141	4560	191	308.4	1729.6	5382.6
pandit_like_012410	96	141	4560	191	308.4	1729.6	5382.6
pandit_like_012534	96	141	4560	191	308.4	1729.6	5382.6
pandit_like_014991	96	141	4560	191	308.4	1729.6	5382.6
pandit_like_016818	96	141	4560	191	308.4	1729.6	5382.6
pandit_like_017806	96	141	4560	191	308.4	1729.6	5382.6
pandit_like_002809	70	372	2415	139	308.4	664.0	5370.8
pandit_like_003585	70	372	2415	139	308.4	664.0	5370.8
pandit_like_004941	70	372	2415	139	308.4	664.0	5370.8
pandit_like_005179	70	372	2415	139	308.4	664.0	5370.8
pandit_like_008465	70	372	2415	139	308.4	664.0	5370.8
pandit_like_013136	70	372	2415	139	308.4	664.0	5370.8
pandit_like_002294	54	589	1431	107	308.4	301.6	5368.7
pandit_like_003208	54	589	1431	107	308.4	301.6	5368.7
pandit_like_004124	54	589	1431	107	308.4	301.6	5368.7
pandit_like_004905	54	589	1431	107	308.4	301.6	5368.7
pandit_like_006821	54	589	1431	107	308.4	301.6	5368.7
pandit_like_008409	54	589	1431	107	308.4	301.6	5368.7
pandit_like_013217	54	589	1431	107	308.4	301.6	5368.7
pandit_like_003989	45	764	990	89	308.4	172.9	5355.2
pandit_like_001463	67	402	2211	133	308.4	581.3	5328.8
pandit_like_005769	67	402	2211	133	308.4	581.3	5328.8
pandit_like_009660	67	402	2211	133	308.4	581.3	5328.8
pandit_like_013471	67	402	2211	133	308.4	581.3	5328.8
pandit_like_014480	67	402	2211	133	308.4	581.3	5328.8
pandit_like_015215	67	402	2211	133	308.4	581.3	5328.8
pandit_like_018985	67	402	2211	133	308.4	581.3	5328.8
pandit_like_011373	41	855	820	81	308.4	130.1	5303.4
pandit_like_016131	41	855	820	81	308.4	130.1	5303.4
pandit_like_004529	64	433	2016	127	308.4	505.8	5278.2
pandit_like_008693	64	433	2016	127	308.4	505.8	5278.2
pandit_like_010320	64	433	2016	127	308.4	505.8	5278.2
pandit_like_013768	64	433	2016	127	308.4	505.8	5278.2
pandit_like_015263	64	433	2016	127	308.4	505.8	5278.2
pandit_like_017631	64	433	2016	127	308.4	505.8	5278.2
pandit_like_004404	73	329	2628	145	308.4	754.3	5258.3
pandit_like_004876	73	329	2628	145	308.4	754.3	5258.3
pandit_like_007589	73	329	2628	145	308.4	754.3	5258.3
pandit_like_016129	73	329	2628	145	308.4	754.3	5258.3
pandit_like_016162	73	329	2628	145	308.4	754.3	5258.3
pandit_like_005869	90	173	4005	179	308.4	1422.7	5195.3
pandit_like_007704	90	173	4005	179	308.4	1422.7	5195.3
pandit_like_010563	90	173	4005	179	308.4	1422.7	5195.3
pandit_like_014567	90	173	4005	179	308.4	1422.7	5195.3
pandit_like_016629	90	173	4005	179	308.4	1422.7	5195.3
pandit_like_003679	95	134	4465	189	308.4	1675.7	5174.5
pandit_like_005180	95	134	4465	189	308.4	1675.7	5174.5
pandit_like_006887	95	134	4465	189	308.4	1675.7	5174.5
pandit_like_010623	95	134	4465	189	308.4	1675.7	5174.5
pandit_like_016099	95	134	4465	189	308.4	1675.7	5174.5
pandit_like_000644	60	472	1770	119	308.4	415.7	5162.9
pandit_like_006247	60	472	1770	119	308.4	415.7	5162.9
pandit_like_012005	60	472	1770	119	308.4	415.7	5162.9
pandit_like_009563	69	362	2346	137	308.4	635.7	5162.1
pandit_like_011859	69	362	2346	137	308.4	635.7	5162.1
pandit_like_016028	69	362	2346	137	308.4	635.7	5162.1
pandit_like_016542	69	362	2346	137	308.4	635.7	5162.1
pandit_like_018148	69	362	2346	137	308.4	635.7	5162.1
pandit_like_006602	76	284	2850	151	308.4	852.3	5092.3
pandit_like_013227	76	284	2850	151	308.4	852.3	5092.3
pandit_like_013102	23	1592	253	45	308.4	21.9	5000.8
pandit_like_013808	23	1592	253	45	308.4	21.9	5000.8
pandit_like_014043	23	1592	253	45	308.4	21.9	5000.8
pandit_like_016851	23	1592	253	45	308.4	21.9	5000.8
pandit_like_009401	95	121	4465	189	308.4	1675.7	4986.8
pandit_like_011508	95	121	4465	189	308.4	1675.7	4986.8
pandit_like_013998	95	121	4465	189	308.4	1675.7	4986.8
pandit_like_014711	95	121	4465	189	308.4	1675.7	4986.8
pandit_like_016281	95	121	4465	189	308.4	1675.7	4986.8
pandit_like_017420	95	121	4465	189	308.4	1675.7	4986.8
pandit_like_009947	44	723	946	87	308.4	161.4	4976.5
pandit_like_010100	44	723	946	87	308.4	161.4	4976.5
pandit_like_015458	44	723	946	87	308.4	161.4	4976.5
pandit_like_019767	44	723	946	87	308.4	161.4	4976.5
pandit_like_009951	49	617	1176	97	308.4	224.3	4948.9
pandit_like_011566	49	617	1176	97	308.4	224.3	4948.9
pandit_like_015482	49	617	1176	97	308.4	224.3	4948.9
pandit_like_015732	49	617	1176	97	308.4	224.3	4948.9
pandit_like_016556	49	617	1176	97	308.4	224.3	4948.9
pandit_like_008519	55	513	1485	109	308.4	318.9	4919.7
pandit_like_016872	55	513	1485	109	308.4	318.9	4919.7
pandit_like_004107	55	511	1485	109	308.4	318.9	4904.6
pandit_like_011725	55	511	1485	109	308.4	318.9	4904.6
pandit_like_013783	55	511	1485	109	308.4	318.9	4904.6
pandit_like_016678	55	511	1485	109	308.4	318.9	4904.6
pandit_like_016913	55	511	1485	109	308.4	318.9	4904.6
pandit_like_009751	68	344	2278	135	308.4	608.1	4880.9
pandit_like_012514	68	344	2278	135	308.4	608.1	4880.9
pandit_like_013964	68	344	2278	135	308.4	608.1	4880.9
pandit_like_016311	68	344	2278	135	308.4	608.1	4880.9
pandit_like_019814	68	344	2278	135	308.4	608.1	4880.9
pandit_like_000029	73	288	2628	145	308.4	754.3	4827.6
pandit_like_002313	73	288	2628	145	308.4	754.3	4827.6
pandit_like_004580	73	288	2628	145	308.4	754.3	4827.6
pandit_like_013640	73	288	2628	145	308.4	754.3	4827.6
pandit_like_015578	73	288	2628	145	308.4	754.3	4827.6
pandit_like_016193	73	288	2628	145	308.4	754.3	4827.6
pandit_like_016422	73	288	2628	145	308.4	754.3	4827.6
pandit_like_017010	73	288	2628	145	308.4	754.3	4827.6
pandit_like_002155	88	159	3828	175	308.4	1329.1	4804.7
pandit_like_002423	88	159	3828	175	308.4	1329.1	4804.7
pandit_like_012644	88	159	3828	175	308.4	1329.1	4804.7
pandit_like_014618	88	159	3828	175	308.4	1329.1	4804.7
pandit_like_016501	88	159	3828	175	308.4	1329.1	4804.7
pandit_like_002044	51	559	1275	101	308.4	253.4	4793.7
pandit_like_005141	51	559	1275	101	308.4	253.4	4793.7
pandit_like_013115	51	559	1275	101	308.4	253.4	4793.7
pandit_like_017494	51	559	1275	101	308.4	253.4	4793.7
pandit_like_001989	75	266	2775	149	308.4	818.7	4793.4
pandit_like_002956	75	266	2775	149	308.4	818.7	4793.4
pandit_like_016936	75	266	2775	149	308.4	818.7	4793.4
pandit_like_017469	75	266	2775	149	308.4	818.7	4793.4
pandit_like_003017	90	143	4005	179	308.4	1422.7	4789.9
pandit_like_005028	90	143	4005	179	308.4	1422.7	4789.9
pandit_like_001856	51	558	1275	101	308.4	253.4	4786.8
pandit_like_005985	51	558	1275	101	308.4	253.4	4786.8
pandit_like_006933	51	558	1275	101	308.4	253.4	4786.8
pandit_like_019524	51	558	1275	101	308.4	253.4	4786.8
pandit_like_013120	78	236	3003	155	308.4	922.1	4758.1
pandit_like_016262	78	236	3003	155	308.4	922.1	4758.1
pandit_like_003048	35	921	595	69	308.4	80.1	4746.5
pandit_like_003899	35	921	595	69	308.4	80.1	4746.5
pandit_like_005529	35	921	595	69	308.4	80.1	4746.5
pandit_like_008219	35	921	595	69	308.4	80.1	4746.5
pandit_like_016845	35	921	595	69	308.4	80.1	4746.5
pandit_like_004260	61	401	1830	121	308.4	437.1	4673.1
pandit_like_005282	61	401	1830	121	308.4	437.1	4673.1
pandit_like_010948	61	401	1830	121	308.4	437.1	4673.1
pandit_like_013960	61	401	1830	121	308.4	437.1	4673.1
pandit_like_018430	61	401	1830	121	308.4	437.1	4673.1
pandit_like_004503	92	116	4186	183	308.4	1520.6	4616.5
pandit_like_010033	92	116	4186	183	308.4	1520.6	4616.5
pandit_like_000894	57	445	1596	113	308.4	355.6	4614.8
pandit_like_002639	57	445	1596	113	308.4	355.6	4614.8
pandit_like_002824	57	445	1596	113	308.4	355.6	4614.8
pandit_like_002846	57	445	1596	113	308.4	355.6	4614.8
pandit_like_003629	57	445	1596	113	308.4	355.6	4614.8
pandit_like_012177	57	445	1596	113	308.4	355.6	4614.8
pandit_like_019504	57	445	1596	113	308.4	355.6	4614.8
pandit_like_001366	83	181	3403	165	308.4	1113.2	4595.9
pandit_like_004820	83	181	3403	165	308.4	1113.2	4595.9
pandit_like_009381	83	181	3403	165	308.4	1113.2	4595.9
pandit_like_011601	83	181	3403	165	308.4	1113.2	4595.9
pandit_like_001638	79	212	3081	157	308.4	958.4	4580.6
pandit_like_007773	79	212	3081	157	308.4	958.4	4580.6
pandit_like_009330	79	212	3081	157	308.4	958.4	4580.6
pandit_like_010862	79	212	3081	157	308.4	958.4	4580.6
pandit_like_017510	79	212	3081	157	308.4	958.4	4580.6
pandit_like_007164	65	342	2080	129	308.4	530.2	4557.8
pandit_like_016589	65	342	2080	129	308.4	530.2	4557.8
pandit_like_017966	65	342	2080	129	308.4	530.2	4557.8
pandit_like_000837	93	102	4278	185	308.4	1571.1	4517.4
pandit_like_002526	93	102	4278	185	308.4	1571.1	4517.4
pandit_like_014157	93	102	4278	185	308.4	1571.1	4517.4
pandit_like_016201	93	102	4278	185	308.4	1571.1	4517.4
pandit_like_005722	54	473	1431	107	308.4	301.6	4510.8
pandit_like_007758	54	473	1431	107	308.4	301.6	4510.8
pandit_like_009612	54	473	1431	107	308.4	301.6	4510.8
pandit_like_014940	54	473	1431	107	308.4	301.6	4510.8
pandit_like_004372	75	239	2775	149	308.4	818.7	4500.5
pandit_like_009183	75	239	2775	149	308.4	818.7	4500.5
pandit_like_017354	75	239	2775	149	308.4	818.7	4500.5
pandit_like_019106	75	239	2775	149	308.4	818.7	4500.5
pandit_like_015740	79	204	3081	157	308.4	958.4	4488.2
pandit_like_017047	79	204	3081	157	308.4	958.4	4488.2
pandit_like_018870	79	204	3081	157	308.4	958.4	4488.2
pandit_like_004258	65	333	2080	129	308.4	530.2	4475.4
pandit_like_011298	65	333	2080	129	308.4	530.2	4475.4
pandit_like_012552	65	333	2080	129	308.4	530.2	4475.4
pandit_like_013763	65	333	2080	129	308.4	530.2	4475.4
pandit_like_017019	65	333	2080	129	308.4	530.2	4475.4
pandit_like_002931	77	219	2926	153	308.4	886.7	4469.7
pandit_like_004655	77	219	2926	153	308.4	886.7	4469.7
pandit_like_015657	77	219	2926	153	308.4	886.7	4469.7
pandit_like_018795	77	219	2926	153	308.4	886.7	4469.7
pandit_like_019150	77	219	2926	153	308.4	886.7	4469.7
pandit_like_001270	84	161	3486	167	308.4	1154.4	4444.1
pandit_like_006762	84	161	3486	167	308.4	1154.4	4444.1
pandit_like_007552	84	161	3486	167	308.4	1154.4	4444.1
pandit_like_009357	84	161	3486	167	308.4	1154.4	4444.1
pandit_like_014279	84	161	3486	167	308.4	1154.4	4444.1
pandit_like_016244	84	161	3486	167	308.4	1154.4	4444.1
pandit_like_018964	84	161	3486	167	308.4	1154.4	4444.1
pandit_like_005146	74	240	2701	147	308.4	786.0	4416.6
pandit_like_007843	74	240	2701	147	308.4	786.0	4416.6
pandit_like_009895	74	240	2701	147	308.4	786.0	4416.6
pandit_like_003192	77	213	2926	153	308.4	886.7	4402.6
pandit_like_005161	77	213	2926	153	308.4	886.7	4402.6
pandit_like_008663	77	213	2926	153	308.4	886.7	4402.6
pandit_like_009026	77	213	2926	153	308.4	886.7	4402.6
pandit_like_013386	77	213	2926	153	308.4	886.7	4402.6
pandit_like_013727	77	213	2926	153	308.4	886.7	4402.6
pandit_like_015612	77	213	2926	153	308.4	886.7	4402.6
pandit_like_017593	77	213	2926	153	308.4	886.7	4402.6
pandit_like_018604	77	213	2926	153	308.4	886.7	4402.6
pandit_like_019609	77	213	2926	153	308.4	886.7	4402.6
pandit_like_003106	51	501	1275	101	308.4	253.4	4391.8
pandit_like_010987	51	501	1275	101	308.4	253.4	4391.8
pandit_like_015259	51	501	1275	101	308.4	253.4	4391.8
pandit_like_015439	51	501	1275	101	308.4	253.4	4391.8
pandit_like_018091	51	501	1275	101	308.4	253.4	4391.8
pandit_like_002064	46	581	1035	91	308.4	184.9	4366.6
pandit_like_007150	46	581	1035	91	308.4	184.9	4366.6
pandit_like_010485	46	581	1035	91	308.4	184.9	4366.6
pandit_like_012287	46	581	1035	91	308.4	184.9	4366.6
pandit_like_001569	92	98	4186	183	308.4	1520.6	4366.6
pandit_like_005707	92	98	4186	183	308.4	1520.6	4366.6
pandit_like_006700	92	98	4186	183	308.4	1520.6	4366.6
pandit_like_011620	92	98	4186	183	308.4	1520.6	4366.6
pandit_like_017487	92	98	4186	183	308.4	1520.6	4366.6
pandit_like_002191	74	235	2701	147	308.4	786.0	4363.3
pandit_like_003730	74	235	2701	147	308.4	786.0	4363.3
pandit_like_011668	74	235	2701	147	308.4	786.0	4363.3
pandit_like_004647	51	496	1275	101	308.4	253.4	4357.2
pandit_like_004908	51	496	1275	101	308.4	253.4	4357.2
pandit_like_007713	51	496	1275	101	308.4	253.4	4357.2
pandit_like_010797	51	496	1275	101	308.4	253.4	4357.2
pandit_like_011929	51	496	1275	101	308.4	253.4	4357.2
pandit_like_012172	51	496	1275	101	308.4	253.4	4357.2
pandit_like_017015	51	496	1275	101	308.4	253.4	4357.2
pandit_like_009658	66	302	2145	131	308.4	555.4	4284.6
pandit_like_013111	66	302	2145	131	308.4	555.4	4284.6
pandit_like_013884	66	302	2145	131	308.4	555.4	4284.6
pandit_like_015036	66	302	2145	131	308.4	555.4	4284.6
pandit_like_017356	66	302	2145	131	308.4	555.4	4284.6
pandit_like_000076	87	123	3741	173	308.4	1283.9	4239.4
pandit_like_000702	87	123	3741	173	308.4	1283.9	4239.4
pandit_like_015053	87	123	3741	173	308.4	1283.9	4239.4
pandit_like_000612	48	526	1128	95	308.4	210.6	4238.8
pandit_like_009784	48	526	1128	95	308.4	210.6	4238.8
pandit_like_013011	48	526	1128	95	308.4	210.6	4238.8
pandit_like_018104	48	526	1128	95	308.4	210.6	4238.8
pandit_like_018820	48	526	1128	95	308.4	210.6	4238.8
pandit_like_005813	39	702	741	77	308.4	111.6	4227.8
pandit_like_009111	39	702	741	77	308.4	111.6	4227.8
pandit_like_011055	39	702	741	77	308.4	111.6	4227.8
pandit_like_017882	39	702	741	77	308.4	111.6	4227.8
pandit_like_018409	39	702	741	77	308.4	111.6	4227.8
pandit_like_018482	39	702	741	77	308.4	111.6	4227.8
pandit_like_002485	34	834	561	67	308.4	73.2	4215.4
pandit_like_007427	34	834	561	67	308.4	73.2	4215.4
pandit_like_010087	34	834	561	67	308.4	73.2	4215.4
pandit_like_010646	34	834	561	67	308.4	73.2	4215.4
pandit_like_014193	34	834	561	67	308.4	73.2	4215.4
pandit_like_002829	52	456	1326	103	308.4	268.8	4180.5
pandit_like_005371	52	456	1326	103	308.4	268.8	4180.5
pandit_like_007846	52	456	1326	103	308.4	268.8	4180.5
pandit_like_008575	52	456	1326	103	308.4	268.8	4180.5
pandit_like_011342	52	456	1326	103	308.4	268.8	4180.5
pandit_like_014887	52	456	1326	103	308.4	268.8	4180.5
pandit_like_016103	52	456	1326	103	308.4	268.8	4180.5
pandit_like_019247	52	456	1326	103	308.4	268.8	4180.5
pandit_like_003519	61	341	1830	121	308.4	437.1	4162.5
pandit_like_013949	61	341	1830	121	308.4	437.1	4162.5
pandit_like_018013	61	341	1830	121	308.4	437.1	4162.5
pandit_like_002994	88	108	3828	175	308.4	1329.1	4134.1
pandit_like_003728	88	108	3828	175	308.4	1329.1	4134.1
pandit_like_007335	88	108	3828	175	308.4	1329.1	4134.1
pandit_like_012008	88	108	3828	175	308.4	1329.1	4134.1
pandit_like_014606	88	108	3828	175	308.4	1329.1	4134.1
pandit_like_002129	83	142	3403	165	308.4	1113.2	4118.1
pandit_like_005491	83	142	3403	165	308.4	1113.2	4118.1
pandit_like_007067	83	142	3403	165	308.4	1113.2	4118.1
pandit_like_008528	83	142	3403	165	308.4	1113.2	4118.1
pandit_like_013397	83	142	3403	165	308.4	1113.2	4118.1
pandit_like_013574	83	142	3403	165	308.4	1113.2	4118.1
pandit_like_002601	60	346	1770	119	308.4	415.7	4110.8
pandit_like_004336	60	346	1770	119	308.4	415.7	4110.8
pandit_like_008132	60	346	1770	119	308.4	415.7	4110.8
pandit_like_016693	60	346	1770	119	308.4	415.7	4110.8
pandit_like_003587	64	301	2016	127	308.4	505.8	4090.2
pandit_like_006985	64	301	2016	127	308.4	505.8	4090.2
pandit_like_012605	64	301	2016	127	308.4	505.8	4090.2
pandit_like_015838	64	301	2016	127	308.4	505.8	4090.2
pandit_like_016016	64	301	2016	127	308.4	505.8	4090.2
pandit_like_016785	64	301	2016	127	308.4	505.8	4090.2
pandit_like_001215	41	625	820	81	308.4	130.1	4056.8
pandit_like_010875	41	625	820	81	308.4	130.1	4056.8
pandit_like_003139	83	136	3403	165	308.4	1113.2	4044.6
pandit_like_017403	83	136	3403	165	308.4	1113.2	4044.6
pandit_like_000028	74	205	2701	147	308.4	786.0	4042.9
pandit_like_003074	74	205	2701	147	308.4	786.0	4042.9
pandit_like_008436	74	205	2701	147	308.4	786.0	4042.9
pandit_like_010859	74	205	2701	147	308.4	786.0	4042.9
pandit_like_019289	74	205	2701	147	308.4	786.0	4042.9
pandit_like_019828	74	205	2701	147	308.4	786.0	4042.9
pandit_like_006120	67	266	2211	133	308.4	581.3	4037.4
pandit_like_010791	67	266	2211	133	308.4	581.3	4037.4
pandit_like_011319	67	266	2211	133	308.4	581.3	4037.4
pandit_like_019988	67	266	2211	133	308.4	581.3	4037.4
pandit_like_003867	33	815	528	65	308.4	66.8	4000.5
pandit_like_004100	33	815	528	65	308.4	66.8	4000.5
pandit_like_009644	33	815	528	65	308.4	66.8	4000.5
pandit_like_013249	33	815	528	65	308.4	66.8	4000.5
pandit_like_014888	33	815	528	65	308.4	66.8	4000.5
pandit_like_014993	33	815	528	65	308.4	66.8	4000.5
pandit_like_017134	33	815	528	65	308.4	66.8	4000.5
pandit_like_000089	67	262	2211	133	308.4	581.3	3999.4
pandit_like_001074	67	262	2211	133	308.4	581.3	3999.4
pandit_like_010798	67	262	2211	133	308.4	581.3	3999.4
pandit_like_017296	67	262	2211	133	308.4	581.3	3999.4
pandit_like_018191	67	262	2211	133	308.4	581.3	3999.4
pandit_like_000554	64	289	2016	127	308.4	505.8	3982.2
pandit_like_008278	64	289	2016	127	308.4	505.8	3982.2
pandit_like_017437	64	289	2016	127	308.4	505.8	3982.2
pandit_like_000858	49	471	1176	97	308.4	224.3	3982.1
pandit_like_005770	49	471	1176	97	308.4	224.3	3982.1
pandit_like_006638	49	471	1176	97	308.4	224.3	3982.1
pandit_like_007102	49	471	1176	97	308.4	224.3	3982.1
pandit_like_007245	49	471	1176	97	308.4	224.3	3982.1
pandit_like_009914	49	471	1176	97	308.4	224.3	3982.1
pandit_like_010700	49	471	1176	97	308.4	224.3	3982.1
pandit_like_016597	49	471	1176	97	308.4	224.3	3982.1
pandit_like_000943	58	348	1653	115	308.4	374.9	3942.3
pandit_like_006559	58	348	1653	115	308.4	374.9	3942.3
pandit_like_010983	58	348	1653	115	308.4	374.9	3942.3
pandit_like_003063	24	1164	276	47	308.4	25.0	3930.3
pandit_like_017835	24	1164	276	47	308.4	25.0	3930.3
pandit_like_001155	59	330	1711	117	308.4	395.0	3886.9
pandit_like_001625	59	330	1711	117	308.4	395.0	3886.9
pandit_like_002322	59	330	1711	117	308.4	395.0	3886.9
pandit_like_004486	59	330	1711	117	308.4	395.0	3886.9
pandit_like_009325	59	330	1711	117	308.4	395.0	3886.9
pandit_like_009696	59	330	1711	117	308.4	395.0	3886.9
pandit_like_010546	59	330	1711	117	308.4	395.0	3886.9
pandit_like_012740	59	330	1711	117	308.4	395.0	3886.9
pandit_like_015430	59	330	1711	117	308.4	395.0	3886.9
pandit_like_016888	59	330	1711	117	308.4	395.0	3886.9
pandit_like_005199	31	847	465	61	308.4	55.1	3869.4
pandit_like_015906	31	847	465	61	308.4	55.1	3869.4
pandit_like_006304	57	348	1596	113	308.4	355.6	3851.5
pandit_like_010126	57	348	1596	113	308.4	355.6	3851.5
pandit_like_014266	57	348	1596	113	308.4	355.6	3851.5
pandit_like_016528	57	348	1596	113	308.4	355.6	3851.5
pandit_like_016779	57	348	1596	113	308.4	355.6	3851.5
pandit_like_003480	67	246	2211	133	308.4	581.3	3847.5
pandit_like_005319	67	246	2211	133	308.4	581.3	3847.5
pandit_like_006913	67	246	2211	133	308.4	581.3	3847.5
pandit_like_013885	67	246	2211	133	308.4	581.3	3847.5
pandit_like_001453	49	447	1176	97	308.4	224.3	3823.2
pandit_like_003275	49	447	1176	97	308.4	224.3	3823.2
pandit_like_003793	49	447	1176	97	308.4	224.3	3823.2
pandit_like_005284	49	447	1176	97	308.4	224.3	3823.2
pandit_like_013128	49	447	1176	97	308.4	224.3	3823.2
pandit_like_015680	49	447	1176	97	308.4	224.3	3823.2
pandit_like_006043	56	355	1540	111	308.4	336.9	3815.8
pandit_like_006433	56	355	1540	111	308.4	336.9	3815.8
pandit_like_009757	56	355	1540	111	308.4	336.9	3815.8
pandit_like_010620	56	355	1540	111	308.4	336.9	3815.8
pandit_like_002256	52	403	1326	103	308.4	268.8	3805.0
pandit_like_007638	52	403	1326	103	308.4	268.8	3805.0
pandit_like_008721	52	403	1326	103	308.4	268.8	3805.0
pandit_like_010955	52	403	1326	103	308.4	268.8	3805.0
pandit_like_012171	52	403	1326	103	308.4	268.8	3805.0
pandit_like_013345	52	403	1326	103	308.4	268.8	3805.0
pandit_like_014976	52	403	1326	103	308.4	268.8	3805.0
pandit_like_017609	52	403	1326	103	308.4	268.8	3805.0
pandit_like_019339	52	403	1326	103	308.4	268.8	3805.0
pandit_like_006396	64	268	2016	127	308.4	505.8	3793.2
pandit_like_006750	64	268	2016	127	308.4	505.8	3793.2
pandit_like_012441	64	268	2016	127	308.4	505.8	3793.2
pandit_like_012732	64	268	2016	127	308.4	505.8	3793.2
pandit_like_015518	64	268	2016	127	308.4	505.8	3793.2
pandit_like_019947	64	268	2016	127	308.4	505.8	3793.2
pandit_like_010755	57	339	1596	113	308.4	355.6	3780.6
pandit_like_011713	57	339	1596	113	308.4	355.6	3780.6
pandit_like_012277	57	339	1596	113	308.4	355.6	3780.6
pandit_like_013627	57	339	1596	113	308.4	355.6	3780.6
pandit_like_014534	57	339	1596	113	308.4	355.6	3780.6
pandit_like_014722	57	339	1596	113	308.4	355.6	3780.6
pandit_like_016622	57	339	1596	113	308.4	355.6	3780.6
pandit_like_016649	57	339	1596	113	308.4	355.6	3780.6
pandit_like_019297	57	339	1596	113	308.4	355.6	3780.6
pandit_like_000066	85	98	3570	169	308.4	1196.5	3744.4
pandit_like_003539	85	98	3570	169	308.4	1196.5	3744.4
pandit_like_004400	85	98	3570	169	308.4	1196.5	3744.4
pandit_like_009392	85	98	3570	169	308.4	1196.5	3744.4
pandit_like_009962	85	98	3570	169	308.4	1196.5	3744.4
pandit_like_010152	85	98	3570	169	308.4	1196.5	3744.4
pandit_like_011108	85	98	3570	169	308.4	1196.5	3744.4
pandit_like_000063	60	299	1770	119	308.4	415.7	3718.4
pandit_like_004421	60	299	1770	119	308.4	415.7	3718.4
pandit_like_013642	60	299	1770	119	308.4	415.7	3718.4
pandit_like_014575	60	299	1770	119	308.4	415.7	3718.4
pandit_like_015950	60	299	1770	119	308.4	415.7	3718.4
pandit_like_018916	60	299	1770	119	308.4	415.7	3718.4
pandit_like_018989	60	299	1770	119	308.4	415.7	3718.4
pandit_like_008244	69	215	2346	137	308.4	635.7	3717.2
pandit_like_013565	30	840	435	59	308.4	49.8	3710.5
pandit_like_017707	30	840	435	59	308.4	49.8	3710.5
pandit_like_018857	30	840	435	59	308.4	49.8	3710.5
pandit_like_003892	48	444	1128	95	308.4	210.6	3708.4
pandit_like_005459	48	444	1128	95	308.4	210.6	3708.4
pandit_like_008015	48	444	1128	95	308.4	210.6	3708.4
pandit_like_012319	48	444	1128	95	308.4	210.6	3708.4
pandit_like_013732	48	444	1128	95	308.4	210.6	3708.4
pandit_like_019889	48	444	1128	95	308.4	210.6	3708.4
pandit_like_001591	64	257	2016	127	308.4	505.8	3694.2
pandit_like_012758	64	257	2016	127	308.4	505.8	3694.2
pandit_like_013381	64	257	2016	127	308.4	505.8	3694.2
pandit_like_016436	64	257	2016	127	308.4	505.8	3694.2
pandit_like_017993	64	257	2016	127	308.4	505.8	3694.2
pandit_like_003659	40	573	780	79	308.4	120.6	3670.0
pandit_like_015894	40	573	780	79	308.4	120.6	3670.0
pandit_like_018058	40	573	780	79	308.4	120.6	3670.0
pandit_like_001667	65	245	2080	129	308.4	530.2	3668.9
pandit_like_008659	65	245	2080	129	308.4	530.2	3668.9
pandit_like_009374	65	245	2080	129	308.4	530.2	3668.9
pandit_like_010554	65	245	2080	129	308.4	530.2	3668.9
pandit_like_000210	81	118	3240	161	308.4	1033.9	3657.2
pandit_like_006708	81	118	3240	161	308.4	1033.9	3657.2
pandit_like_008206	81	118	3240	161	308.4	1033.9	3657.2
pandit_like_009905	81	118	3240	161	308.4	1033.9	3657.2
pandit_like_014258	81	118	3240	161	308.4	1033.9	3657.2
pandit_like_016325	81	118	3240	161	308.4	1033.9	3657.2
pandit_like_018060	81	118	3240	161	308.4	1033.9	3657.2
pandit_like_004511	59	300	1711	117	308.4	395.0	3641.2
pandit_like_004794	59	300	1711	117	308.4	395.0	3641.2
pandit_like_007062	59	300	1711	117	308.4	395.0	3641.2
pandit_like_005886	75	159	2775	149	308.4	818.7	3632.6
pandit_like_009394	75	159	2775	149	308.4	818.7	3632.6
pandit_like_010607	75	159	2775	149	308.4	818.7	3632.6
pandit_like_019481	75	159	2775	149	308.4	818.7	3632.6
pandit_like_004756	72	179	2556	143	308.4	723.3	3600.7
pandit_like_005757	72	179	2556	143	308.4	723.3	3600.7
pandit_like_008154	72	179	2556	143	308.4	723.3	3600.7
pandit_like_008920	72	179	2556	143	308.4	723.3	3600.7
pandit_like_013016	72	179	2556	143	308.4	723.3	3600.7
pandit_like_019118	72	179	2556	143	308.4	723.3	3600.7
pandit_like_005953	82	106	3321	163	308.4	1073.1	3595.1
pandit_like_000324	18	1449	153	35	308.4	10.2	3590.0
pandit_like_003949	18	1449	153	35	308.4	10.2	3590.0
pandit_like_009042	18	1449	153	35	308.4	10.2	3590.0
pandit_like_009121	18	1449	153	35	308.4	10.2	3590.0
pandit_like_016540	18	1449	153	35	308.4	10.2	3590.0
pandit_like_002647	34	688	561	67	308.4	73.2	3571.9
pandit_like_003056	34	688	561	67	308.4	73.2	3571.9
pandit_like_004695	34	688	561	67	308.4	73.2	3571.9
pandit_like_010215	34	688	561	67	308.4	73.2	3571.9
pandit_like_012423	34	688	561	67	308.4	73.2	3571.9
pandit_like_016134	34	688	561	67	308.4	73.2	3571.9
pandit_like_017828	34	688	561	67	308.4	73.2	3571.9
pandit_like_019502	34	688	561	67	308.4	73.2	3571.9
pandit_like_010793	48	422	1128	95	308.4	210.6	3566.1
pandit_like_017481	48	422	1128	95	308.4	210.6	3566.1
pandit_like_018394	48	422	1128	95	308.4	210.6	3566.1
pandit_like_004919	68	207	2278	135	308.4	608.1	3557.2
pandit_like_005198	68	207	2278	135	308.4	608.1	3557.2
pandit_like_007587	68	207	2278	135	308.4	608.1	3557.2
pandit_like_015241	68	207	2278	135	308.4	608.1	3557.2
pandit_like_015280	68	207	2278	135	308.4	608.1	3557.2
pandit_like_019900	68	207	2278	135	308.4	608.1	3557.2
pandit_like_012374	25	984	300	49	308.4	28.3	3529.1
pandit_like_013384	25	984	300	49	308.4	28.3	3529.1
pandit_like_015285	25	984	300	49	308.4	28.3	3529.1
pandit_like_018800	25	984	300	49	308.4	28.3	3529.1
pandit_like_019474	25	984	300	49	308.4	28.3	3529.1
pandit_like_002021	64	238	2016	127	308.4	505.8	3523.2
pandit_like_003380	64	238	2016	127	308.4	505.8	3523.2
pandit_like_004483	64	238	2016	127	308.4	505.8	3523.2
pandit_like_011766	64	238	2016	127	308.4	505.8	3523.2
pandit_like_012799	64	238	2016	127	308.4	505.8	3523.2
pandit_like_008301	54	334	1431	107	308.4	301.6	3482.7
pandit_like_010465	54	334	1431	107	308.4	301.6	3482.7
pandit_like_017886	54	334	1431	107	308.4	301.6	3482.7
pandit_like_018590	54	334	1431	107	308.4	301.6	3482.7
pandit_like_005742	49	393	1176	97	308.4	224.3	3465.7
pandit_like_011857	49	393	1176	97	308.4	224.3	3465.7
pandit_like_019142	49	393	1176	97	308.4	224.3	3465.7
pandit_like_001593	38	573	703	75	308.4	103.0	3463.8
pandit_like_002722	38	573	703	75	308.4	103.0	3463.8
pandit_like_004267	38	573	703	75	308.4	103.0	3463.8
pandit_like_010502	38	573	703	75	308.4	103.0	3463.8
pandit_like_000060	71	172	2485	141	308.4	693.3	3449.2
pandit_like_000730	71	172	2485	141	308.4	693.3	3449.2
pandit_like_004455	71	172	2485	141	308.4	693.3	3449.2
pandit_like_004605	71	172	2485	141	308.4	693.3	3449.2
pandit_like_007907	71	172	2485	141	308.4	693.3	3449.2
pandit_like_010750	71	172	2485	141	308.4	693.3	3449.2
pandit_like_013925	71	172	2485	141	308.4	693.3	3449.2
pandit_like_019116	71	172	2485	141	308.4	693.3	3449.2
pandit_like_019154	71	172	2485	141	308.4	693.3	3449.2
pandit_like_005031	60	265	1770	119	308.4	415.7	3434.5
pandit_like_012797	60	265	1770	119	308.4	415.7	3434.5
pandit_like_012569	61	254	1830	121	308.4	437.1	3422.0
pandit_like_014514	61	254	1830	121	308.4	437.1	3422.0
pandit_like_015190	61	254	1830	121	308.4	437.1	3422.0
pandit_like_016007	61	254	1830	121	308.4	437.1	3422.0
pandit_like_019290	61	254	1830	121	308.4	437.1	3422.0
pandit_like_002578	20	1216	190	39	308.4	14.1	3404.1
pandit_like_005197	20	1216	190	39	308.4	14.1	3404.1
pandit_like_005331	20	1216	190	39	308.4	14.1	3404.1
pandit_like_006323	20	1216	190	39	308.4	14.1	3404.1
pandit_like_007933	20	1216	190	39	308.4	14.1	3404.1
pandit_like_008706	20	1216	190	39	308.4	14.1	3404.1
pandit_like_019741	20	1216	190	39	308.4	14.1	3404.1
pandit_like_019818	20	1216	190	39	308.4	14.1	3404.1
pandit_like_006499	68	191	2278	135	308.4	608.1	3402.6
pandit_like_010124	68	191	2278	135	308.4	608.1	3402.6
pandit_like_012387	68	191	2278	135	308.4	608.1	3402.6
pandit_like_016535	68	191	2278	135	308.4	608.1	3402.6
pandit_like_019064	68	191	2278	135	308.4	608.1	3402.6
pandit_like_000901	28	823	378	55	308.4	40.2	3391.7
pandit_like_005010	28	823	378	55	308.4	40.2	3391.7
pandit_like_006353	28	823	378	55	308.4	40.2	3391.7
pandit_like_007233	28	823	378	55	308.4	40.2	3391.7
pandit_like_007723	28	823	378	55	308.4	40.2	3391.7
pandit_like_009551	28	823	378	55	308.4	40.2	3391.7
pandit_like_014138	28	823	378	55	308.4	40.2	3391.7
pandit_like_014495	28	823	378	55	308.4	40.2	3391.7
pandit_like_006645	14	1778	91	27	308.4	4.6	3383.2
pandit_like_006693	14	1778	91	27	308.4	4.6	3383.2
pandit_like_009116	14	1778	91	27	308.4	4.6	3383.2
pandit_like_011323	14	1778	91	27	308.4	4.6	3383.2
pandit_like_005792	63	231	1953	125	308.4	482.2	3381.0
pandit_like_011846	63	231	1953	125	308.4	482.2	3381.0
pandit_like_013201	63	231	1953	125	308.4	482.2	3381.0
pandit_like_017368	63	231	1953	125	308.4	482.2	3381.0
pandit_like_019169	63	231	1953	125	308.4	482.2	3381.0
pandit_like_003118	79	108	3081	157	308.4	958.4	3380.1
pandit_like_017866	79	108	3081	157	308.4	958.4	3380.1
pandit_like_005020	78	112	3003	155	308.4	922.1	3348.4
pandit_like_005752	78	112	3003	155	308.4	922.1	3348.4
pandit_like_013731	78	112	3003	155	308.4	922.1	3348.4
pandit_like_015616	78	112	3003	155	308.4	922.1	3348.4
pandit_like_000601	75	130	2775	149	308.4	818.7	3318.0
pandit_like_006315	75	130	2775	149	308.4	818.7	3318.0
pandit_like_006813	75	130	2775	149	308.4	818.7	3318.0
pandit_like_001571	37	561	666	73	308.4	94.9	3304.4
pandit_like_002457	37	561	666	73	308.4	94.9	3304.4
pandit_like_010319	37	561	666	73	308.4	94.9	3304.4
pandit_like_010476	37	561	666	73	308.4	94.9	3304.4
pandit_like_012020	37	561	666	73	308.4	94.9	3304.4
pandit_like_015927	37	561	666	73	308.4	94.9	3304.4
pandit_like_018063	37	561	666	73	308.4	94.9	3304.4
pandit_like_006745	24	956	276	47	308.4	25.0	3301.4
pandit_like_008448	24	956	276	47	308.4	25.0	3301.4
pandit_like_008462	24	956	276	47	308.4	25.0	3301.4
pandit_like_010093	24	956	276	47	308.4	25.0	3301.4
pandit_like_013564	24	956	276	47	308.4	25.0	3301.4
pandit_like_014283	24	956	276	47	308.4	25.0	3301.4
pandit_like_015120	24	956	276	47	308.4	25.0	3301.4
pandit_like_015632	24	956	276	47	308.4	25.0	3301.4
pandit_like_015815	24	956	276	47	308.4	25.0	3301.4
pandit_like_003945	80	92	3160	159	308.4	995.7	3271.0
pandit_like_005961	80	92	3160	159	308.4	995.7	3271.0
pandit_like_009791	80	92	3160	159	308.4	995.7	3271.0
pandit_like_010212	80	92	3160	159	308.4	995.7	3271.0
pandit_like_011750	80	92	3160	159	308.4	995.7	3271.0
pandit_like_017652	80	92	3160	159	308.4	995.7	3271.0
pandit_like_003222	49	361	1176	97	308.4	224.3	3253.8
pandit_like_006119	49	361	1176	97	308.4	224.3	3253.8
pandit_like_015598	49	361	1176	97	308.4	224.3	3253.8
pandit_like_018260	49	361	1176	97	308.4	224.3	3253.8
pandit_like_018476	49	361	1176	97	308.4	224.3	3253.8
pandit_like_013910	69	163	2346	137	308.4	635.7	3206.1
pandit_like_015082	69	163	2346	137	308.4	635.7	3206.1
pandit_like_003951	63	211	1953	125	308.4	482.2	3204.3
pandit_like_005777	63	211	1953	125	308.4	482.2	3204.3
pandit_like_015309	63	211	1953	125	308.4	482.2	3204.3
pandit_like_005565	19	1196	171	37	308.4	12.0	3189.6
pandit_like_011990	19	1196	171	37	308.4	12.0	3189.6
pandit_like_004114	56	273	1540	111	308.4	336.9	3183.6
pandit_like_005075	56	273	1540	111	308.4	336.9	3183.6
pandit_like_015596	56	273	1540	111	308.4	336.9	3183.6
pandit_like_018234	56	273	1540	111	308.4	336.9	3183.6
pandit_like_015021	52	313	1326	103	308.4	268.8	3167.5
pandit_like_012488	27	793	351	53	308.4	36.0	3163.9
pandit_like_014793	27	793	351	53	308.4	36.0	3163.9
pandit_like_017843	27	793	351	53	308.4	36.0	3163.9
pandit_like_000559	63	206	1953	125	308.4	482.2	3160.1
pandit_like_003178	63	206	1953	125	308.4	482.2	3160.1
pandit_like_008452	63	206	1953	125	308.4	482.2	3160.1
pandit_like_009730	63	206	1953	125	308.4	482.2	3160.1
pandit_like_012659	63	206	1953	125	308.4	482.2	3160.1
pandit_like_016200	63	206	1953	125	308.4	482.2	3160.1
pandit_like_016659	63	206	1953	125	308.4	482.2	3160.1
pandit_like_016937	63	206	1953	125	308.4	482.2	3160.1
pandit_like_018282	27	791	351	53	308.4	36.0	3157.0
pandit_like_019931	27	791	351	53	308.4	36.0	3157.0
pandit_like_007620	53	298	1378	105	308.4	284.9	3138.3
pandit_like_008851	53	298	1378	105	308.4	284.9	3138.3
pandit_like_008935	53	298	1378	105	308.4	284.9	3138.3
pandit_like_017069	53	298	1378	105	308.4	284.9	3138.3
pandit_like_009587	40	469	780	79	308.4	120.6	3121.6
pandit_like_009597	40	469	780	79	308.4	120.6	3121.6
pandit_like_010986	40	469	780	79	308.4	120.6	3121.6
pandit_like_017489	40	469	780	79	308.4	120.6	3121.6
pandit_like_007416	46	375	1035	91	308.4	184.9	3096.5
pandit_like_007699	46	375	1035	91	308.4	184.9	3096.5
pandit_like_008248	46	375	1035	91	308.4	184.9	3096.5
pandit_like_015055	46	375	1035	91	308.4	184.9	3096.5
pandit_like_016599	46	375	1035	91	308.4	184.9	3096.5
pandit_like_000448	67	164	2211	133	308.4	581.3	3068.8
pandit_like_003005	67	164	2211	133	308.4	581.3	3068.8
pandit_like_018794	67	164	2211	133	308.4	581.3	3068.8
pandit_like_003548	23	922	253	45	308.4	21.9	3065.1
pandit_like_005212	23	922	253	45	308.4	21.9	3065.1
pandit_like_005713	23	922	253	45	308.4	21.9	3065.1
pandit_like_016490	23	922	253	45	308.4	21.9	3065.1
pandit_like_007866	64	187	2016	127	308.4	505.8	3064.2
pandit_like_012125	64	187	2016	127	308.4	505.8	3064.2
pandit_like_017430	64	187	2016	127	308.4	505.8	3064.2
pandit_like_017934	64	187	2016	127	308.4	505.8	3064.2
pandit_like_001309	42	425	861	83	308.4	140.0	3056.9
pandit_like_008536	42	425	861	83	308.4	140.0	3056.9
pandit_like_017139	42	425	861	83	308.4	140.0	3056.9
pandit_like_008308	79	80	3081	157	308.4	958.4	3056.8
pandit_like_009692	79	80	3081	157	308.4	958.4	3056.8
pandit_like_005857	42	423	861	83	308.4	140.0	3045.8
pandit_like_017701	42	423	861	83	308.4	140.0	3045.8
pandit_like_000817	39	471	741	77	308.4	111.6	3043.4
pandit_like_002285	39	471	741	77	308.4	111.6	3043.4
pandit_like_006209	39	471	741	77	308.4	111.6	3043.4
pandit_like_006579	39	471	741	77	308.4	111.6	3043.4
pandit_like_013202	39	471	741	77	308.4	111.6	3043.4
pandit_like_003973	21	1012	210	41	308.4	16.5	3037.8
pandit_like_004356	21	1012	210	41	308.4	16.5	3037.8
pandit_like_006516	21	1012	210	41	308.4	16.5	3037.8
pandit_like_007599	21	1012	210	41	308.4	16.5	3037.8
pandit_like_012428	21	1012	210	41	308.4	16.5	3037.8
pandit_like_015073	21	1012	210	41	308.4	16.5	3037.8
pandit_like_016637	21	1012	210	41	308.4	16.5	3037.8
pandit_like_003128	38	486	703	75	308.4	103.0	3030.4
pandit_like_008887	38	486	703	75	308.4	103.0	3030.4
pandit_like_011631	38	486	703	75	308.4	103.0	3030.4
pandit_like_012184	38	486	703	75	308.4	103.0	3030.4
pandit_like_018231	38	486	703	75	308.4	103.0	3030.4
pandit_like_019632	38	486	703	75	308.4	103.0	3030.4
pandit_like_000287	59	225	1711	117	308.4	395.0	3027.1
pandit_like_002217	59	225	1711	117	308.4	395.0	3027.1
pandit_like_002358	59	225	1711	117	308.4	395.0	3027.1
pandit_like_003710	59	225	1711	117	308.4	395.0	3027.1
pandit_like_004722	59	225	1711	117	308.4	395.0	3027.1
pandit_like_005412	59	225	1711	117	308.4	395.0	3027.1
pandit_like_010296	59	225	1711	117	308.4	395.0	3027.1
pandit_like_013343	59	225	1711	117	308.4	395.0	3027.1
pandit_like_015093	59	225	1711	117	308.4	395.0	3027.1
pandit_like_016684	59	225	1711	117	308.4	395.0	3027.1
pandit_like_016986	59	225	1711	117	308.4	395.0	3027.1
pandit_like_019184	59	225	1711	117	308.4	395.0	3027.1
pandit_like_006879	61	205	1830	121	308.4	437.1	3005.0
pandit_like_017032	61	205	1830	121	308.4	437.1	3005.0
pandit_like_018230	61	205	1830	121	308.4	437.1	3005.0
pandit_like_003607	59	222	1711	117	308.4	395.0	3002.5
pandit_like_011467	59	222	1711	117	308.4	395.0	3002.5
pandit_like_018701	59	222	1711	117	308.4	395.0	3002.5
pandit_like_019360	59	222	1711	117	308.4	395.0	3002.5
pandit_like_006493	41	425	820	81	308.4	130.1	2972.7
pandit_like_007434	41	425	820	81	308.4	130.1	2972.7
pandit_like_011937	41	425	820	81	308.4	130.1	2972.7
pandit_like_013695	41	425	820	81	308.4	130.1	2972.7
pandit_like_014302	41	425	820	81	308.4	130.1	2972.7
pandit_like_016004	41	425	820	81	308.4	130.1	2972.7
pandit_like_001224	38	473	703	75	308.4	103.0	2965.6
pandit_like_003894	38	473	703	75	308.4	103.0	2965.6
pandit_like_005782	38	473	703	75	308.4	103.0	2965.6
pandit_like_009176	38	473	703	75	308.4	103.0	2965.6
pandit_like_014206	38	473	703	75	308.4	103.0	2965.6
pandit_like_005071	63	182	1953	125	308.4	482.2	2948.0
pandit_like_013672	63	182	1953	125	308.4	482.2	2948.0
pandit_like_015422	63	182	1953	125	308.4	482.2	2948.0
pandit_like_016757	63	182	1953	125	308.4	482.2	2948.0
pandit_like_003238	59	215	1711	117	308.4	395.0	2945.2
pandit_like_006122	59	215	1711	117	308.4	395.0	2945.2
pandit_like_006176	59	215	1711	117	308.4	395.0	2945.2
pandit_like_008342	59	215	1711	117	308.4	395.0	2945.2
pandit_like_010155	59	215	1711	117	308.4	395.0	2945.2
pandit_like_012798	59	215	1711	117	308.4	395.0	2945.2
pandit_like_015412	59	215	1711	117	308.4	395.0	2945.2
pandit_like_015660	59	215	1711	117	308.4	395.0	2945.2
pandit_like_002284	58	222	1653	115	308.4	374.9	2930.6
pandit_like_009797	58	222	1653	115	308.4	374.9	2930.6
pandit_like_011799	58	222	1653	115	308.4	374.9	2930.6
pandit_like_006506	65	161	2080	129	308.4	530.2	2899.1
pandit_like_008586	65	161	2080	129	308.4	530.2	2899.1
pandit_like_009705	65	161	2080	129	308.4	530.2	2899.1
pandit_like_011045	65	161	2080	129	308.4	530.2	2899.1
pandit_like_016170	65	161	2080	129	308.4	530.2	2899.1
pandit_like_000206	27	714	351	53	308.4	36.0	2892.8
pandit_like_005971	27	714	351	53	308.4	36.0	2892.8
pandit_like_007316	27	714	351	53	308.4	36.0	2892.8
pandit_like_008761	27	714	351	53	308.4	36.0	2892.8
pandit_like_013952	27	714	351	53	308.4	36.0	2892.8
pandit_like_000573	60	200	1770	119	308.4	415.7	2891.8
pandit_like_002848	60	200	1770	119	308.4	415.7	2891.8
pandit_like_004688	60	200	1770	119	308.4	415.7	2891.8
pandit_like_013271	60	200	1770	119	308.4	415.7	2891.8
pandit_like_000264	45	351	990	89	308.4	172.9	2871.0
pandit_like_003070	45	351	990	89	308.4	172.9	2871.0
pandit_like_003920	45	351	990	89	308.4	172.9	2871.0
pandit_like_014104	45	351	990	89	308.4	172.9	2871.0
pandit_like_015225	45	351	990	89	308.4	172.9	2871.0
pandit_like_000422	58	213	1653	115	308.4	374.9	2858.4
pandit_like_010339	58	213	1653	115	308.4	374.9	2858.4
pandit_like_019301	58	213	1653	115	308.4	374.9	2858.4
pandit_like_001355	35	506	595	69	308.4	80.1	2858.2
pandit_like_014906	35	506	595	69	308.4	80.1	2858.2
pandit_like_008166	59	204	1711	117	308.4	395.0	2855.1
pandit_like_016280	59	204	1711	117	308.4	395.0	2855.1
pandit_like_019995	59	204	1711	117	308.4	395.0	2855.1
pandit_like_002478	62	179	1891	123	308.4	459.3	2852.0
pandit_like_006351	62	179	1891	123	308.4	459.3	2852.0
pandit_like_008500	62	179	1891	123	308.4	459.3	2852.0
pandit_like_009938	62	179	1891	123	308.4	459.3	2852.0
pandit_like_016437	62	179	1891	123	308.4	459.3	2852.0
pandit_like_017186	62	179	1891	123	308.4	459.3	2852.0
pandit_like_000467	70	120	2415	139	308.4	664.0	2851.4
pandit_like_001559	70	120	2415	139	308.4	664.0	2851.4
pandit_like_006681	70	120	2415	139	308.4	664.0	2851.4
pandit_like_011266	70	120	2415	139	308.4	664.0	2851.4
pandit_like_000864	47	323	1081	93	308.4	197.5	2850.2
pandit_like_009184	47	323	1081	93	308.4	197.5	2850.2
pandit_like_009664	47	323	1081	93	308.4	197.5	2850.2
pandit_like_011129	47	323	1081	93	308.4	197.5	2850.2
pandit_like_012905	47	323	1081	93	308.4	197.5	2850.2
pandit_like_017804	47	323	1081	93	308.4	197.5	2850.2
pandit_like_019037	47	323	1081	93	308.4	197.5	2850.2
pandit_like_000539	33	545	528	65	308.4	66.8	2848.7
pandit_like_001044	33	545	528	65	308.4	66.8	2848.7
pandit_like_004269	33	545	528	65	308.4	66.8	2848.7
pandit_like_010018	33	545	528	65	308.4	66.8	2848.7
pandit_like_017741	33	545	528	65	308.4	66.8	2848.7
pandit_like_019685	33	545	528	65	308.4	66.8	2848.7
pandit_like_019951	33	545	528	65	308.4	66.8	2848.7
pandit_like_007473	38	445	703	75	308.4	103.0	2826.1
pandit_like_011273	38	445	703	75	308.4	103.0	2826.1
pandit_like_012013	38	445	703	75	308.4	103.0	2826.1
pandit_like_015938	38	445	703	75	308.4	103.0	2826.1
pandit_like_001549	24	790	276	47	308.4	25.0	2799.5
pandit_like_006090	24	790	276	47	308.4	25.0	2799.5
pandit_like_008995	24	790	276	47	308.4	25.0	2799.5
pandit_like_014716	24	790	276	47	308.4	25.0	2799.5
pandit_like_000235	22	867	231	43	308.4	19.0	2781.3
pandit_like_003580	22	867	231	43	308.4	19.0	2781.3
pandit_like_011676	22	867	231	43	308.4	19.0	2781.3
pandit_like_014366	22	867	231	43	308.4	19.0	2781.3
pandit_like_017781	22	867	231	43	308.4	19.0	2781.3
pandit_like_018897	22	867	231	43	308.4	19.0	2781.3
pandit_like_000451	44	345	946	87	308.4	161.4	2759.4
pandit_like_001495	44	345	946	87	308.4	161.4	2759.4
pandit_like_003749	44	345	946	87	308.4	161.4	2759.4
pandit_like_005827	44	345	946	87	308.4	161.4	2759.4
pandit_like_008846	44	345	946	87	308.4	161.4	2759.4
pandit_like_012807	44	345	946	87	308.4	161.4	2759.4
pandit_like_000310	31	568	465	61	308.4	55.1	2757.6
pandit_like_003591	31	568	465	61	308.4	55.1	2757.6
pandit_like_004312	31	568	465	61	308.4	55.1	2757.6
pandit_like_004408	31	568	465	61	308.4	55.1	2757.6
pandit_like_007953	31	568	465	61	308.4	55.1	2757.6
pandit_like_010117	31	568	465	61	308.4	55.1	2757.6
pandit_like_013353	31	568	465	61	308.4	55.1	2757.6
pandit_like_017793	31	568	465	61	308.4	55.1	2757.6
pandit_like_017867	31	568	465	61	308.4	55.1	2757.6
pandit_like_004628	67	130	2211	133	308.4	581.3	2746.0
pandit_like_006219	67	130	2211	133	308.4	581.3	2746.0
pandit_like_006647	67	130	2211	133	308.4	581.3	2746.0
pandit_like_007755	67	130	2211	133	308.4	581.3	2746.0
pandit_like_013673	67	130	2211	133	308.4	581.3	2746.0
pandit_like_015692	67	130	2211	133	308.4	581.3	2746.0
pandit_like_004656	41	381	820	81	308.4	130.1	2734.2
pandit_like_005852	41	381	820	81	308.4	130.1	2734.2
pandit_like_011604	41	381	820	81	308.4	130.1	2734.2
pandit_like_013945	41	381	820	81	308.4	130.1	2734.2
pandit_like_017427	41	381	820	81	308.4	130.1	2734.2
pandit_like_005982	36	459	630	71	308.4	87.3	2727.1
pandit_like_007763	36	459	630	71	308.4	87.3	2727.1
pandit_like_009463	36	459	630	71	308.4	87.3	2727.1
pandit_like_010807	45	326	990	89	308.4	172.9	2720.6
pandit_like_014859	45	326	990	89	308.4	172.9	2720.6
pandit_like_015006	45	326	990	89	308.4	172.9	2720.6
pandit_like_016178	45	326	990	89	308.4	172.9	2720.6
pandit_like_016766	45	326	990	89	308.4	172.9	2720.6
pandit_like_017097	45	326	990	89	308.4	172.9	2720.6
pandit_like_002066	74	81	2701	147	308.4	786.0	2719.0
pandit_like_007664	74	81	2701	147	308.4	786.0	2719.0
pandit_like_016590	74	81	2701	147	308.4	786.0	2719.0
pandit_like_019266	74	81	2701	147	308.4	786.0	2719.0
pandit_like_014717	68	120	2278	135	308.4	608.1	2716.6
pandit_like_016236	68	120	2278	135	308.4	608.1	2716.6
pandit_like_016598	68	120	2278	135	308.4	608.1	2716.6
pandit_like_017618	68	120	2278	135	308.4	608.1	2716.6
pandit_like_006666	38	423	703	75	308.4	103.0	2716.5
pandit_like_012071	38	423	703	75	308.4	103.0	2716.5
pandit_like_019060	38	423	703	75	308.4	103.0	2716.5
pandit_like_005174	52	249	1326	103	308.4	268.8	2714.1
pandit_like_011279	52	249	1326	103	308.4	268.8	2714.1
pandit_like_012973	52	249	1326	103	308.4	268.8	2714.1
pandit_like_015364	52	249	1326	103	308.4	268.8	2714.1
pandit_like_019566	52	249	1326	103	308.4	268.8	2714.1
pandit_like_019099	55	220	1485	109	308.4	318.9	2706.7
pandit_like_009004	25	720	300	49	308.4	28.3	2695.3
pandit_like_009749	25	720	300	49	308.4	28.3	2695.3
pandit_like_005066	55	218	1485	109	308.4	318.9	2691.6
pandit_like_010723	55	218	1485	109	308.4	318.9	2691.6
pandit_like_006416	59	184	1711	117	308.4	395.0	2691.3
pandit_like_008066	59	184	1711	117	308.4	395.0	2691.3
pandit_like_009943	59	184	1711	117	308.4	395.0	2691.3
pandit_like_012619	59	184	1711	117	308.4	395.0	2691.3
pandit_like_002012	28	621	378	55	308.4	40.2	2670.9
pandit_like_002965	28	621	378	55	308.4	40.2	2670.9
pandit_like_007081	28	621	378	55	308.4	40.2	2670.9
pandit_like_011511	28	621	378	55	308.4	40.2	2670.9
pandit_like_000265	31	546	465	61	308.4	55.1	2669.9
pandit_like_000917	31	546	465	61	308.4	55.1	2669.9
pandit_like_002675	31	546	465	61	308.4	55.1	2669.9
pandit_like_003534	31	546	465	61	308.4	55.1	2669.9
pandit_like_007572	31	546	465	61	308.4	55.1	2669.9
pandit_like_009197	31	546	465	61	308.4	55.1	2669.9
pandit_like_018932	31	546	465	61	308.4	55.1	2669.9
pandit_like_008566	71	95	2485	141	308.4	693.3	2666.4
pandit_like_009083	71	95	2485	141	308.4	693.3	2666.4
pandit_like_014215	71	95	2485	141	308.4	693.3	2666.4
pandit_like_002189	29	588	406	57	308.4	44.9	2646.8
pandit_like_006723	29	588	406	57	308.4	44.9	2646.8
pandit_like_011494	29	588	406	57	308.4	44.9	2646.8
pandit_like_014749	29	588	406	57	308.4	44.9	2646.8
pandit_like_016082	29	588	406	57	308.4	44.9	2646.8
pandit_like_000293	21	861	210	41	308.4	16.5	2641.8
pandit_like_000795	21	861	210	41	308.4	16.5	2641.8
pandit_like_006619	21	861	210	41	308.4	16.5	2641.8
pandit_like_010089	21	861	210	41	308.4	16.5	2641.8
pandit_like_010459	21	861	210	41	308.4	16.5	2641.8
pandit_like_010614	21	861	210	41	308.4	16.5	2641.8
pandit_like_012984	21	861	210	41	308.4	16.5	2641.8
pandit_like_000682	46	300	1035	91	308.4	184.9	2634.1
pandit_like_001605	46	300	1035	91	308.4	184.9	2634.1
pandit_like_005682	46	300	1035	91	308.4	184.9	2634.1
pandit_like_010963	46	300	1035	91	308.4	184.9	2634.1
pandit_like_011935	46	300	1035	91	308.4	184.9	2634.1
pandit_like_012194	46	300	1035	91	308.4	184.9	2634.1
pandit_like_018152	46	300	1035	91	308.4	184.9	2634.1
pandit_like_019792	46	300	1035	91	308.4	184.9	2634.1
pandit_like_005592	49	267	1176	97	308.4	224.3	2631.3
pandit_like_015384	49	267	1176	97	308.4	224.3	2631.3
pandit_like_017343	49	267	1176	97	308.4	224.3	2631.3
pandit_like_003354	72	85	2556	143	308.4	723.3	2629.2
pandit_like_008765	68	110	2278	135	308.4	608.1	2620.0
pandit_like_011195	68	110	2278	135	308.4	608.1	2620.0
pandit_like_001590	56	199	1540	111	308.4	336.9	2612.9
pandit_like_006922	56	199	1540	111	308.4	336.9	2612.9
pandit_like_007695	56	199	1540	111	308.4	336.9	2612.9
pandit_like_008744	56	199	1540	111	308.4	336.9	2612.9
pandit_like_010654	56	199	1540	111	308.4	336.9	2612.9
pandit_like_011952	56	199	1540	111	308.4	336.9	2612.9
pandit_like_015928	32	509	496	63	308.4	60.8	2608.3
pandit_like_017765	32	509	496	63	308.4	60.8	2608.3
pandit_like_019091	32	509	496	63	308.4	60.8	2608.3
pandit_like_019680	32	509	496	63	308.4	60.8	2608.3
pandit_like_000896	69	102	2346	137	308.4	635.7	2606.5
pandit_like_002242	69	102	2346	137	308.4	635.7	2606.5
pandit_like_004602	69	102	2346	137	308.4	635.7	2606.5
pandit_like_005772	69	102	2346	137	308.4	635.7	2606.5
pandit_like_006173	69	102	2346	137	308.4	635.7	2606.5
pandit_like_011382	69	102	2346	137	308.4	635.7	2606.5
pandit_like_012185	69	102	2346	137	308.4	635.7	2606.5
pandit_like_018968	69	102	2346	137	308.4	635.7	2606.5
pandit_like_001999	52	231	1326	103	308.4	268.8	2586.6
pandit_like_003331	52	231	1326	103	308.4	268.8	2586.6
pandit_like_007380	52	231	1326	103	308.4	268.8	2586.6
pandit_like_013332	52	231	1326	103	308.4	268.8	2586.6
pandit_like_018037	52	231	1326	103	308.4	268.8	2586.6
pandit_like_000703	62	144	1891	123	308.4	459.3	2548.5
pandit_like_000722	62	144	1891	123	308.4	459.3	2548.5
pandit_like_011457	62	144	1891	123	308.4	459.3	2548.5
pandit_like_015971	62	144	1891	123	308.4	459.3	2548.5
pandit_like_004399	25	671	300	49	308.4	28.3	2540.5
pandit_like_005828	25	671	300	49	308.4	28.3	2540.5
pandit_like_011570	25	671	300	49	308.4	28.3	2540.5
pandit_like_012060	25	671	300	49	308.4	28.3	2540.5
pandit_like_014683	25	671	300	49	308.4	28.3	2540.5
pandit_like_015708	25	671	300	49	308.4	28.3	2540.5
pandit_like_017237	25	671	300	49	308.4	28.3	2540.5
pandit_like_017855	25	671	300	49	308.4	28.3	2540.5
pandit_like_001907	72	74	2556	143	308.4	723.3	2515.5
pandit_like_014358	72	74	2556	143	308.4	723.3	2515.5
pandit_like_018410	72	74	2556	143	308.4	723.3	2515.5
pandit_like_018630	72	74	2556	143	308.4	723.3	2515.5
pandit_like_006646	39	368	741	77	308.4	111.6	2515.2
pandit_like_014387	39	368	741	77	308.4	111.6	2515.2
pandit_like_016152	39	368	741	77	308.4	111.6	2515.2
pandit_like_018443	39	368	741	77	308.4	111.6	2515.2
pandit_like_003948	49	246	1176	97	308.4	224.3	2492.3
pandit_like_004840	49	246	1176	97	308.4	224.3	2492.3
pandit_like_011959	49	246	1176	97	308.4	224.3	2492.3
pandit_like_019100	49	246	1176	97	308.4	224.3	2492.3
pandit_like_019336	49	246	1176	97	308.4	224.3	2492.3
pandit_like_010513	31	493	465	61	308.4	55.1	2458.8
pandit_like_011500	31	493	465	61	308.4	55.1	2458.8
pandit_like_013593	31	493	465	61	308.4	55.1	2458.8
pandit_like_018101	31	493	465	61	308.4	55.1	2458.8
pandit_like_000166	25	642	300	49	308.4	28.3	2448.9
pandit_like_013059	25	642	300	49	308.4	28.3	2448.9
pandit_like_000297	62	132	1891	123	308.4	459.3	2444.4
pandit_like_015195	62	132	1891	123	308.4	459.3	2444.4
pandit_like_016156	62	132	1891	123	308.4	459.3	2444.4
pandit_like_016717	62	132	1891	123	308.4	459.3	2444.4
pandit_like_017241	62	132	1891	123	308.4	459.3	2444.4
pandit_like_000624	37	376	666	73	308.4	94.9	2409.5
pandit_like_002325	37	376	666	73	308.4	94.9	2409.5
pandit_like_002613	37	376	666	73	308.4	94.9	2409.5
pandit_like_002885	37	376	666	73	308.4	94.9	2409.5
pandit_like_003146	37	376	666	73	308.4	94.9	2409.5
pandit_like_005181	37	376	666	73	308.4	94.9	2409.5
pandit_like_011135	37	376	666	73	308.4	94.9	2409.5
pandit_like_014988	37	376	666	73	308.4	94.9	2409.5
pandit_like_005244	67	94	2211	133	308.4	581.3	2404.2
pandit_like_005890	67	94	2211	133	308.4	581.3	2404.2
pandit_like_006643	67	94	2211	133	308.4	581.3	2404.2
pandit_like_016024	67	94	2211	133	308.4	581.3	2404.2
pandit_like_018160	67	94	2211	133	308.4	581.3	2404.2
pandit_like_006130	46	261	1035	91	308.4	184.9	2393.6
pandit_like_009606	46	261	1035	91	308.4	184.9	2393.6
pandit_like_010421	46	261	1035	91	308.4	184.9	2393.6
pandit_like_018265	46	261	1035	91	308.4	184.9	2393.6
pandit_like_019206	46	261	1035	91	308.4	184.9	2393.6
pandit_like_001003	64	112	2016	127	308.4	505.8	2389.2
pandit_like_013812	64	112	2016	127	308.4	505.8	2389.2
pandit_like_003924	38	357	703	75	308.4	103.0	2387.7
pandit_like_006140	38	357	703	75	308.4	103.0	2387.7
pandit_like_006266	38	357	703	75	308.4	103.0	2387.7
pandit_like_009668	38	357	703	75	308.4	103.0	2387.7
pandit_like_010493	38	357	703	75	308.4	103.0	2387.7
pandit_like_015407	38	357	703	75	308.4	103.0	2387.7
pandit_like_016469	38	357	703	75	308.4	103.0	2387.7
pandit_like_019095	38	357	703	75	308.4	103.0	2387.7
pandit_like_019473	38	357	703	75	308.4	103.0	2387.7
pandit_like_001365	32	455	496	63	308.4	60.8	2385.5
pandit_like_004651	32	455	496	63	308.4	60.8	2385.5
pandit_like_004689	32	455	496	63	308.4	60.8	2385.5
pandit_like_012738	32	455	496	63	308.4	60.8	2385.5
pandit_like_013658	32	455	496	63	308.4	60.8	2385.5
pandit_like_015795	32	455	496	63	308.4	60.8	2385.5
pandit_like_017396	32	455	496	63	308.4	60.8	2385.5
pandit_like_000450	62	125	1891	123	308.4	459.3	2383.7
pandit_like_002646	62	125	1891	123	308.4	459.3	2383.7
pandit_like_003318	62	125	1891	123	308.4	459.3	2383.7
pandit_like_003605	62	125	1891	123	308.4	459.3	2383.7
pandit_like_011513	62	125	1891	123	308.4	459.3	2383.7
pandit_like_014810	62	125	1891	123	308.4	459.3	2383.7
pandit_like_017389	62	125	1891	123	308.4	459.3	2383.7
pandit_like_017989	62	125	1891	123	308.4	459.3	2383.7
pandit_like_000137	51	211	1275	101	308.4	253.4	2382.4
pandit_like_000615	51	211	1275	101	308.4	253.4	2382.4
pandit_like_001474	51	211	1275	101	308.4	253.4	2382.4
pandit_like_010253	51	211	1275	101	308.4	253.4	2382.4
pandit_like_001205	43	292	903	85	308.4	150.5	2382.0
pandit_like_007675	43	292	903	85	308.4	150.5	2382.0
pandit_like_010294	43	292	903	85	308.4	150.5	2382.0
pandit_like_015791	43	292	903	85	308.4	150.5	2382.0
pandit_like_019642	43	292	903	85	308.4	150.5	2382.0
pandit_like_002600	66	98	2145	131	308.4	555.4	2381.4
pandit_like_002671	66	98	2145	131	308.4	555.4	2381.4
pandit_like_005312	66	98	2145	131	308.4	555.4	2381.4
pandit_like_005979	66	98	2145	131	308.4	555.4	2381.4
pandit_like_007393	66	98	2145	131	308.4	555.4	2381.4
pandit_like_011439	66	98	2145	131	308.4	555.4	2381.4
pandit_like_017564	66	98	2145	131	308.4	555.4	2381.4
pandit_like_002056	61	131	1830	121	308.4	437.1	2375.1
pandit_like_004545	61	131	1830	121	308.4	437.1	2375.1
pandit_like_012881	61	131	1830	121	308.4	437.1	2375.1
pandit_like_018204	61	131	1830	121	308.4	437.1	2375.1
pandit_like_019292	61	131	1830	121	308.4	437.1	2375.1
pandit_like_000009	36	383	630	71	308.4	87.3	2370.4
pandit_like_004726	36	383	630	71	308.4	87.3	2370.4
pandit_like_008483	36	383	630	71	308.4	87.3	2370.4
pandit_like_001245	17	958	136	33	308.4	8.5	2365.0
pandit_like_002421	17	958	136	33	308.4	8.5	2365.0
pandit_like_005365	17	958	136	33	308.4	8.5	2365.0
pandit_like_007185	17	958	136	33	308.4	8.5	2365.0
pandit_like_008161	17	958	136	33	308.4	8.5	2365.0
pandit_like_016371	17	958	136	33	308.4	8.5	2365.0
pandit_like_019005	17	958	136	33	308.4	8.5	2365.0
pandit_like_001910	66	96	2145	131	308.4	555.4	2362.7
pandit_like_002475	66	96	2145	131	308.4	555.4	2362.7
pandit_like_006983	66	96	2145	131	308.4	555.4	2362.7
pandit_like_008388	66	96	2145	131	308.4	555.4	2362.7
pandit_like_012489	66	96	2145	131	308.4	555.4	2362.7
pandit_like_018418	66	96	2145	131	308.4	555.4	2362.7
pandit_like_019036	66	96	2145	131	308.4	555.4	2362.7
pandit_like_014963	35	395	595	69	308.4	80.1	2353.1
pandit_like_016817	35	395	595	69	308.4	80.1	2353.1
pandit_like_017394	35	395	595	69	308.4	80.1	2353.1
pandit_like_019618	35	395	595	69	308.4	80.1	2353.1
pandit_like_003808	60	135	1770	119	308.4	415.7	2349.1
pandit_like_004009	60	135	1770	119	308.4	415.7	2349.1
pandit_like_012053	60	135	1770	119	308.4	415.7	2349.1
pandit_like_014057	60	135	1770	119	308.4	415.7	2349.1
pandit_like_007310	27	555	351	53	308.4	36.0	2347.3
pandit_like_009516	27	555	351	53	308.4	36.0	2347.3
pandit_like_012445	27	555	351	53	308.4	36.0	2347.3
pandit_like_017616	27	555	351	53	308.4	36.0	2347.3
pandit_like_008499	67	88	2211	133	308.4	581.3	2347.2
pandit_like_011667	67	88	2211	133	308.4	581.3	2347.2
pandit_like_017169	67	88	2211	133	308.4	581.3	2347.2
pandit_like_002412	24	638	276	47	308.4	25.0	2339.9
pandit_like_004866	24	638	276	47	308.4	25.0	2339.9
pandit_like_006420	24	638	276	47	308.4	25.0	2339.9
pandit_like_009200	24	638	276	47	308.4	25.0	2339.9
pandit_like_009412	24	638	276	47	308.4	25.0	2339.9
pandit_like_013269	24	638	276	47	308.4	25.0	2339.9
pandit_like_015411	24	638	276	47	308.4	25.0	2339.9
pandit_like_017474	24	638	276	47	308.4	25.0	2339.9
pandit_like_019762	24	638	276	47	308.4	25.0	2339.9
pandit_like_002627	28	527	378	55	308.4	40.2	2335.5
pandit_like_004637	28	527	378	55	308.4	40.2	2335.5
pandit_like_006292	28	527	378	55	308.4	40.2	2335.5
pandit_like_009097	28	527	378	55	308.4	40.2	2335.5
pandit_like_010703	28	527	378	55	308.4	40.2	2335.5
pandit_like_017922	28	527	378	55	308.4	40.2	2335.5
pandit_like_001824	46	250	1035	91	308.4	184.9	2325.8
pandit_like_005856	46	250	1035	91	308.4	184.9	2325.8
pandit_like_016940	46	250	1035	91	308.4	184.9	2325.8
pandit_like_017203	46	250	1035	91	308.4	184.9	2325.8
pandit_like_001089	16	993	120	31	308.4	7.0	2304.1
pandit_like_007700	16	993	120	31	308.4	7.0	2304.1
pandit_like_010169	16	993	120	31	308.4	7.0	2304.1
pandit_like_017048	16	993	120	31	308.4	7.0	2304.1
pandit_like_012990	23	657	253	45	308.4	21.9	2299.5
pandit_like_017791	23	657	253	45	308.4	21.9	2299.5
pandit_like_002487	37	353	666	73	308.4	94.9	2298.2
pandit_like_015865	37	353	666	73	308.4	94.9	2298.2
pandit_like_019707	37	353	666	73	308.4	94.9	2298.2
pandit_like_001257	38	338	703	75	308.4	103.0	2293.1
pandit_like_006301	38	338	703	75	308.4	103.0	2293.1
pandit_like_009262	38	338	703	75	308.4	103.0	2293.1
pandit_like_009775	38	338	703	75	308.4	103.0	2293.1
pandit_like_010593	38	338	703	75	308.4	103.0	2293.1
pandit_like_019035	38	338	703	75	308.4	103.0	2293.1
pandit_like_003776	59	135	1711	117	308.4	395.0	2290.1
pandit_like_004935	59	135	1711	117	308.4	395.0	2290.1
pandit_like_005868	59	135	1711	117	308.4	395.0	2290.1
pandit_like_010305	59	135	1711	117	308.4	395.0	2290.1
pandit_like_015463	59	135	1711	117	308.4	395.0	2290.1
pandit_like_016424	59	135	1711	117	308.4	395.0	2290.1
pandit_like_017777	59	135	1711	117	308.4	395.0	2290.1
pandit_like_014703	20	768	190	39	308.4	14.1	2288.5
pandit_like_000663	61	118	1830	121	308.4	437.1	2264.5
pandit_like_003169	61	118	1830	121	308.4	437.1	2264.5
pandit_like_004907	61	118	1830	121	308.4	437.1	2264.5
pandit_like_005089	61	118	1830	121	308.4	437.1	2264.5
pandit_like_006035	61	118	1830	121	308.4	437.1	2264.5
pandit_like_011644	61	118	1830	121	308.4	437.1	2264.5
pandit_like_014235	61	118	1830	121	308.4	437.1	2264.5
pandit_like_003601	42	281	861	83	308.4	140.0	2255.1
pandit_like_004351	42	281	861	83	308.4	140.0	2255.1
pandit_like_015180	42	281	861	83	308.4	140.0	2255.1
pandit_like_018502	42	281	861	83	308.4	140.0	2255.1
pandit_like_019006	42	281	861	83	308.4	140.0	2255.1
pandit_like_000876	43	268	903	85	308.4	150.5	2244.8
pandit_like_002036	43	268	903	85	308.4	150.5	2244.8
pandit_like_004600	43	268	903	85	308.4	150.5	2244.8
pandit_like_013307	43	268	903	85	308.4	150.5	2244.8
pandit_like_001396	39	315	741	77	308.4	111.6	2243.5
pandit_like_011718	39	315	741	77	308.4	111.6	2243.5
pandit_like_009416	26	548	325	51	308.4	32.0	2237.1
pandit_like_009956	26	548	325	51	308.4	32.0	2237.1
pandit_like_012231	26	548	325	51	308.4	32.0	2237.1
pandit_like_012463	26	548	325	51	308.4	32.0	2237.1
pandit_like_014361	26	548	325	51	308.4	32.0	2237.1
pandit_like_017281	26	548	325	51	308.4	32.0	2237.1
pandit_like_018865	26	548	325	51	308.4	32.0	2237.1
pandit_like_001316	61	114	1830	121	308.4	437.1	2230.5
pandit_like_008037	61	114	1830	121	308.4	437.1	2230.5
pandit_like_008679	61	114	1830	121	308.4	437.1	2230.5
pandit_like_009114	61	114	1830	121	308.4	437.1	2230.5
pandit_like_009915	61	114	1830	121	308.4	437.1	2230.5
pandit_like_019470	61	114	1830	121	308.4	437.1	2230.5
pandit_like_001349	54	164	1431	107	308.4	301.6	2225.4
pandit_like_007003	54	164	1431	107	308.4	301.6	2225.4
pandit_like_019608	54	164	1431	107	308.4	301.6	2225.4
pandit_like_000504	52	180	1326	103	308.4	268.8	2225.3
pandit_like_000761	52	180	1326	103	308.4	268.8	2225.3
pandit_like_005915	52	180	1326	103	308.4	268.8	2225.3
pandit_like_007719	52	180	1326	103	308.4	268.8	2225.3
pandit_like_009651	52	180	1326	103	308.4	268.8	2225.3
pandit_like_010243	52	180	1326	103	308.4	268.8	2225.3
pandit_like_014375	52	180	1326	103	308.4	268.8	2225.3
pandit_like_017027	52	180	1326	103	308.4	268.8	2225.3
pandit_like_017175	52	180	1326	103	308.4	268.8	2225.3
pandit_like_017504	52	180	1326	103	308.4	268.8	2225.3
pandit_like_019164	52	180	1326	103	308.4	268.8	2225.3
pandit_like_002563	46	233	1035	91	308.4	184.9	2221.0
pandit_like_012923	46	233	1035	91	308.4	184.9	2221.0
pandit_like_015493	39	310	741	77	308.4	111.6	2217.9
pandit_like_018827	39	310	741	77	308.4	111.6	2217.9
pandit_like_019018	39	310	741	77	308.4	111.6	2217.9
pandit_like_004405	18	832	153	35	308.4	10.2	2215.3
pandit_like_004898	18	832	153	35	308.4	10.2	2215.3
pandit_like_008557	18	832	153	35	308.4	10.2	2215.3
pandit_like_012724	18	832	153	35	308.4	10.2	2215.3
pandit_like_014910	18	832	153	35	308.4	10.2	2215.3
pandit_like_001651	26	539	325	51	308.4	32.0	2207.5
pandit_like_006650	26	539	325	51	308.4	32.0	2207.5
pandit_like_010545	26	539	325	51	308.4	32.0	2207.5
pandit_like_012148	26	539	325	51	308.4	32.0	2207.5
pandit_like_015694	26	539	325	51	308.4	32.0	2207.5
pandit_like_001131	38	320	703	75	308.4	103.0	2203.4
pandit_like_003823	38	320	703	75	308.4	103.0	2203.4
pandit_like_005361	38	320	703	75	308.4	103.0	2203.4
pandit_like_006755	38	320	703	75	308.4	103.0	2203.4
pandit_like_007324	38	320	703	75	308.4	103.0	2203.4
pandit_like_010009	38	320	703	75	308.4	103.0	2203.4
pandit_like_015673	38	320	703	75	308.4	103.0	2203.4
pandit_like_015911	38	320	703	75	308.4	103.0	2203.4
pandit_like_017948	38	320	703	75	308.4	103.0	2203.4
pandit_like_010922	47	220	1081	93	308.4	197.5	2199.6
pandit_like_008919	56	145	1540	111	308.4	336.9	2196.6
pandit_like_011817	56	145	1540	111	308.4	336.9	2196.6
pandit_like_017123	56	145	1540	111	308.4	336.9	2196.6
pandit_like_019379	56	145	1540	111	308.4	336.9	2196.6
pandit_like_003241	39	305	741	77	308.4	111.6	2192.2
pandit_like_006020	39	305	741	77	308.4	111.6	2192.2
pandit_like_013495	39	305	741	77	308.4	111.6	2192.2
pandit_like_013553	39	305	741	77	308.4	111.6	2192.2
pandit_like_014042	39	305	741	77	308.4	111.6	2192.2
pandit_like_014928	39	305	741	77	308.4	111.6	2192.2
pandit_like_016883	39	305	741	77	308.4	111.6	2192.2
pandit_like_017365	39	305	741	77	308.4	111.6	2192.2
pandit_like_003171	54	158	1431	107	308.4	301.6	2181.0
pandit_like_013369	54	158	1431	107	308.4	301.6	2181.0
pandit_like_019294	54	158	1431	107	308.4	301.6	2181.0
pandit_like_019426	54	158	1431	107	308.4	301.6	2181.0
pandit_like_000125	28	482	378	55	308.4	40.2	2174.9
pandit_like_000307	28	482	378	55	308.4	40.2	2174.9
pandit_like_016467	28	482	378	55	308.4	40.2	2174.9
pandit_like_018739	28	482	378	55	308.4	40.2	2174.9
pandit_like_009288	55	149	1485	109	308.4	318.9	2170.4
pandit_like_016295	55	149	1485	109	308.4	318.9	2170.4
pandit_like_016495	55	149	1485	109	308.4	318.9	2170.4
pandit_like_016809	55	149	1485	109	308.4	318.9	2170.4
pandit_like_016922	55	149	1485	109	308.4	318.9	2170.4
pandit_like_017480	55	149	1485	109	308.4	318.9	2170.4
pandit_like_016403	47	214	1081	93	308.4	197.5	2161.7
pandit_like_018475	47	214	1081	93	308.4	197.5	2161.7
pandit_like_001076	25	550	300	49	308.4	28.3	2158.3
pandit_like_009530	25	550	300	49	308.4	28.3	2158.3
pandit_like_016259	25	550	300	49	308.4	28.3	2158.3
pandit_like_004241	49	195	1176	97	308.4	224.3	2154.6
pandit_like_007998	49	195	1176	97	308.4	224.3	2154.6
pandit_like_008819	49	195	1176	97	308.4	224.3	2154.6
pandit_like_018136	49	195	1176	97	308.4	224.3	2154.6
pandit_like_006808	61	105	1830	121	308.4	437.1	2153.9
pandit_like_007419	61	105	1830	121	308.4	437.1	2153.9
pandit_like_007744	61	105	1830	121	308.4	437.1	2153.9
pandit_like_010059	61	105	1830	121	308.4	437.1	2153.9
pandit_like_013394	61	105	1830	121	308.4	437.1	2153.9
pandit_like_017464	61	105	1830	121	308.4	437.1	2153.9
pandit_like_001509	27	496	351	53	308.4	36.0	2144.9
pandit_like_004717	27	496	351	53	308.4	36.0	2144.9
pandit_like_009059	27	496	351	53	308.4	36.0	2144.9
pandit_like_009190	27	496	351	53	308.4	36.0	2144.9
pandit_like_010583	27	496	351	53	308.4	36.0	2144.9
pandit_like_013071	27	496	351	53	308.4	36.0	2144.9
pandit_like_017057	27	496	351	53	308.4	36.0	2144.9
pandit_like_006951	44	239	946	87	308.4	161.4	2137.7
pandit_like_014370	44	239	946	87	308.4	161.4	2137.7
pandit_like_014571	44	239	946	87	308.4	161.4	2137.7
pandit_like_015670	44	239	946	87	308.4	161.4	2137.7
pandit_like_015760	44	239	946	87	308.4	161.4	2137.7
pandit_like_000652	52	167	1326	103	308.4	268.8	2133.2
pandit_like_000889	52	167	1326	103	308.4	268.8	2133.2
pandit_like_001889	52	167	1326	103	308.4	268.8	2133.2
pandit_like_002706	52	167	1326	103	308.4	268.8	2133.2
pandit_like_008104	52	167	1326	103	308.4	268.8	2133.2
pandit_like_017522	52	167	1326	103	308.4	268.8	2133.2
pandit_like_010205	61	102	1830	121	308.4	437.1	2128.3
pandit_like_012600	61	102	1830	121	308.4	437.1	2128.3
pandit_like_002874	57	129	1596	113	308.4	355.6	2128.0
pandit_like_005997	57	129	1596	113	308.4	355.6	2128.0
pandit_like_009123	57	129	1596	113	308.4	355.6	2128.0
pandit_like_015068	57	129	1596	113	308.4	355.6	2128.0
pandit_like_015188	57	129	1596	113	308.4	355.6	2128.0
pandit_like_018462	57	129	1596	113	308.4	355.6	2128.0
pandit_like_003680	33	376	528	65	308.4	66.8	2127.7
pandit_like_004789	33	376	528	65	308.4	66.8	2127.7
pandit_like_005451	33	376	528	65	308.4	66.8	2127.7
pandit_like_014687	33	376	528	65	308.4	66.8	2127.7
pandit_like_002735	62	94	1891	123	308.4	459.3	2114.8
pandit_like_008168	62	94	1891	123	308.4	459.3	2114.8
pandit_like_011974	62	94	1891	123	308.4	459.3	2114.8
pandit_like_013425	62	94	1891	123	308.4	459.3	2114.8
pandit_like_005556	33	371	528	65	308.4	66.8	2106.4
pandit_like_007561	33	371	528	65	308.4	66.8	2106.4
pandit_like_009844	33	371	528	65	308.4	66.8	2106.4
pandit_like_009985	33	371	528	65	308.4	66.8	2106.4
pandit_like_013155	33	371	528	65	308.4	66.8	2106.4
pandit_like_016164	33	371	528	65	308.4	66.8	2106.4
pandit_like_018711	33	371	528	65	308.4	66.8	2106.4
pandit_like_003040	18	781	153	35	308.4	10.2	2101.7
pandit_like_008341	18	781	153	35	308.4	10.2	2101.7
pandit_like_013981	18	781	153	35	308.4	10.2	2101.7
pandit_like_017080	18	781	153	35	308.4	10.2	2101.7
pandit_like_018645	18	781	153	35	308.4	10.2	2101.7
pandit_like_007973	16	890	120	31	308.4	7.0	2101.3
pandit_like_002344	39	287	741	77	308.4	111.6	2099.9
pandit_like_002625	39	287	741	77	308.4	111.6	2099.9
pandit_like_003630	39	287	741	77	308.4	111.6	2099.9
pandit_like_003918	39	287	741	77	308.4	111.6	2099.9
pandit_like_004703	39	287	741	77	308.4	111.6	2099.9
pandit_like_013805	39	287	741	77	308.4	111.6	2099.9
pandit_like_015296	39	287	741	77	308.4	111.6	2099.9
pandit_like_016430	39	287	741	77	308.4	111.6	2099.9
pandit_like_018575	39	287	741	77	308.4	111.6	2099.9
pandit_like_019353	39	287	741	77	308.4	111.6	2099.9
pandit_like_004245	25	530	300	49	308.4	28.3	2095.1
pandit_like_008086	25	530	300	49	308.4	28.3	2095.1
pandit_like_008823	25	530	300	49	308.4	28.3	2095.1
pandit_like_011343	25	530	300	49	308.4	28.3	2095.1
pandit_like_013311	25	530	300	49	308.4	28.3	2095.1
pandit_like_015611	25	530	300	49	308.4	28.3	2095.1
pandit_like_015945	25	530	300	49	308.4	28.3	2095.1
pandit_like_018955	25	530	300	49	308.4	28.3	2095.1
pandit_like_001136	59	111	1711	117	308.4	395.0	2093.5
pandit_like_004323	59	111	1711	117	308.4	395.0	2093.5
pandit_like_005266	59	111	1711	117	308.4	395.0	2093.5
pandit_like_012150	59	111	1711	117	308.4	395.0	2093.5
pandit_like_014257	59	111	1711	117	308.4	395.0	2093.5
pandit_like_017333	59	111	1711	117	308.4	395.0	2093.5
pandit_like_009485	23	585	253	45	308.4	21.9	2091.5
pandit_like_018615	23	585	253	45	308.4	21.9	2091.5
pandit_like_012209	49	185	1176	97	308.4	224.3	2088.4
pandit_like_014101	49	185	1176	97	308.4	224.3	2088.4
pandit_like_018984	49	185	1176	97	308.4	224.3	2088.4
pandit_like_000481	40	273	780	79	308.4	120.6	2088.0
pandit_like_001873	40	273	780	79	308.4	120.6	2088.0
pandit_like_004782	40	273	780	79	308.4	120.6	2088.0
pandit_like_011321	40	273	780	79	308.4	120.6	2088.0
pandit_like_015514	40	273	780	79	308.4	120.6	2088.0
pandit_like_005767	55	138	1485	109	308.4	318.9	2087.3
pandit_like_012851	55	138	1485	109	308.4	318.9	2087.3
pandit_like_013436	55	138	1485	109	308.4	318.9	2087.3
pandit_like_014453	55	138	1485	109	308.4	318.9	2087.3
pandit_like_015996	55	138	1485	109	308.4	318.9	2087.3
pandit_like_016955	55	138	1485	109	308.4	318.9	2087.3
pandit_like_016847	58	114	1653	115	308.4	374.9	2063.5
pandit_like_017630	58	114	1653	115	308.4	374.9	2063.5
pandit_like_019120	58	114	1653	115	308.4	374.9	2063.5
pandit_like_010280	25	519	300	49	308.4	28.3	2060.4
pandit_like_011534	25	519	300	49	308.4	28.3	2060.4
pandit_like_016091	25	519	300	49	308.4	28.3	2060.4
pandit_like_018189	25	519	300	49	308.4	28.3	2060.4
pandit_like_003114	34	345	561	67	308.4	73.2	2060.1
pandit_like_004170	34	345	561	67	308.4	73.2	2060.1
pandit_like_014500	34	345	561	67	308.4	73.2	2060.1
pandit_like_003059	29	429	406	57	308.4	44.9	2057.5
pandit_like_004870	29	429	406	57	308.4	44.9	2057.5
pandit_like_009046	29	429	406	57	308.4	44.9	2057.5
pandit_like_014491	29	429	406	57	308.4	44.9	2057.5
pandit_like_001995	58	113	1653	115	308.4	374.9	2055.5
pandit_like_003496	58	113	1653	115	308.4	374.9	2055.5
pandit_like_003538	58	113	1653	115	308.4	374.9	2055.5
pandit_like_010789	58	113	1653	115	308.4	374.9	2055.5
pandit_like_018929	58	113	1653	115	308.4	374.9	2055.5
pandit_like_001547	31	390	465	61	308.4	55.1	2048.3
pandit_like_001790	31	390	465	61	308.4	55.1	2048.3
pandit_like_001940	31	390	465	61	308.4	55.1	2048.3
pandit_like_012457	31	390	465	61	308.4	55.1	2048.3
pandit_like_016052	31	390	465	61	308.4	55.1	2048.3
pandit_like_000304	33	357	528	65	308.4	66.8	2046.7
pandit_like_001040	33	357	528	65	308.4	66.8	2046.7
pandit_like_004961	33	357	528	65	308.4	66.8	2046.7
pandit_like_007658	33	357	528	65	308.4	66.8	2046.7
pandit_like_008755	33	357	528	65	308.4	66.8	2046.7
pandit_like_016225	33	357	528	65	308.4	66.8	2046.7
pandit_like_001601	40	265	780	79	308.4	120.6	2045.8
pandit_like_010448	40	265	780	79	308.4	120.6	2045.8
pandit_like_013994	40	265	780	79	308.4	120.6	2045.8
pandit_like_015415	40	265	780	79	308.4	120.6	2045.8
pandit_like_003252	32	372	496	63	308.4	60.8	2043.2
pandit_like_004885	32	372	496	63	308.4	60.8	2043.2
pandit_like_006901	32	372	496	63	308.4	60.8	2043.2
pandit_like_016491	32	372	496	63	308.4	60.8	2043.2
pandit_like_016973	32	372	496	63	308.4	60.8	2043.2
pandit_like_018376	32	372	496	63	308.4	60.8	2043.2
pandit_like_019440	32	372	496	63	308.4	60.8	2043.2
pandit_like_002577	35	326	595	69	308.4	80.1	2039.1
pandit_like_010745	35	326	595	69	308.4	80.1	2039.1
pandit_like_013350	35	326	595	69	308.4	80.1	2039.1
pandit_like_013538	35	326	595	69	308.4	80.1	2039.1
pandit_like_019489	35	326	595	69	308.4	80.1	2039.1
pandit_like_001364	44	221	946	87	308.4	161.4	2032.1
pandit_like_001890	44	221	946	87	308.4	161.4	2032.1
pandit_like_002194	44	221	946	87	308.4	161.4	2032.1
pandit_like_005040	44	221	946	87	308.4	161.4	2032.1
pandit_like_008211	44	221	946	87	308.4	161.4	2032.1
pandit_like_008600	44	221	946	87	308.4	161.4	2032.1
pandit_like_014051	44	221	946	87	308.4	161.4	2032.1
pandit_like_017028	44	221	946	87	308.4	161.4	2032.1
pandit_like_017406	44	221	946	87	308.4	161.4	2032.1
pandit_like_008610	43	230	903	85	308.4	150.5	2027.6
pandit_like_019066	43	230	903	85	308.4	150.5	2027.6
pandit_like_005983	18	747	153	35	308.4	10.2	2025.9
pandit_like_006352	18	747	153	35	308.4	10.2	2025.9
pandit_like_011477	18	747	153	35	308.4	10.2	2025.9
pandit_like_012336	18	747	153	35	308.4	10.2	2025.9
pandit_like_012852	18	747	153	35	308.4	10.2	2025.9
pandit_like_004208	32	365	496	63	308.4	60.8	2014.3
pandit_like_011354	32	365	496	63	308.4	60.8	2014.3
pandit_like_016787	32	365	496	63	308.4	60.8	2014.3
pandit_like_018525	32	365	496	63	308.4	60.8	2014.3
pandit_like_002218	17	787	136	33	308.4	8.5	2006.3
pandit_like_006466	17	787	136	33	308.4	8.5	2006.3
pandit_like_012431	17	787	136	33	308.4	8.5	2006.3
pandit_like_019293	17	787	136	33	308.4	8.5	2006.3
pandit_like_019590	17	787	136	33	308.4	8.5	2006.3
pandit_like_001903	52	149	1326	103	308.4	268.8	2005.7
pandit_like_012656	52	149	1326	103	308.4	268.8	2005.7
pandit_like_016830	52	149	1326	103	308.4	268.8	2005.7
pandit_like_018818	52	149	1326	103	308.4	268.8	2005.7
pandit_like_009946	23	555	253	45	308.4	21.9	2004.8
pandit_like_017418	23	555	253	45	308.4	21.9	2004.8
pandit_like_018775	23	555	253	45	308.4	21.9	2004.8
pandit_like_019717	23	555	253	45	308.4	21.9	2004.8
pandit_like_007734	59	100	1711	117	308.4	395.0	2003.5
pandit_like_015737	59	100	1711	117	308.4	395.0	2003.5
pandit_like_003373	24	524	276	47	308.4	25.0	1995.3
pandit_like_003886	24	524	276	47	308.4	25.0	1995.3
pandit_like_005521	24	524	276	47	308.4	25.0	1995.3
pandit_like_008026	24	524	276	47	308.4	25.0	1995.3
pandit_like_013705	24	524	276	47	308.4	25.0	1995.3
pandit_like_014771	24	524	276	47	308.4	25.0	1995.3
pandit_like_014946	24	524	276	47	308.4	25.0	1995.3
pandit_like_003165	11	1251	55	21	308.4	2.1	1994.0
pandit_like_003343	11	1251	55	21	308.4	2.1	1994.0
pandit_like_004577	11	1251	55	21	308.4	2.1	1994.0
pandit_like_009893	11	1251	55	21	308.4	2.1	1994.0
pandit_like_010720	11	1251	55	21	308.4	2.1	1994.0
pandit_like_006327	64	68	2016	127	308.4	505.8	1993.2
pandit_like_011923	64	68	2016	127	308.4	505.8	1993.2
pandit_like_019243	64	68	2016	127	308.4	505.8	1993.2
pandit_like_006091	54	131	1431	107	308.4	301.6	1981.4
pandit_like_007051	54	131	1431	107	308.4	301.6	1981.4
pandit_like_017642	54	131	1431	107	308.4	301.6	1981.4
pandit_like_012614	23	543	253	45	308.4	21.9	1970.2
pandit_like_015176	23	543	253	45	308.4	21.9	1970.2
pandit_like_000231	39	261	741	77	308.4	111.6	1966.6
pandit_like_003022	39	261	741	77	308.4	111.6	1966.6
pandit_like_006253	39	261	741	77	308.4	111.6	1966.6
pandit_like_007461	39	261	741	77	308.4	111.6	1966.6
pandit_like_010705	39	261	741	77	308.4	111.6	1966.6
pandit_like_017127	39	261	741	77	308.4	111.6	1966.6
pandit_like_018994	39	261	741	77	308.4	111.6	1966.6
pandit_like_019214	39	261	741	77	308.4	111.6	1966.6
pandit_like_004062	23	539	253	45	308.4	21.9	1958.6
pandit_like_005110	23	539	253	45	308.4	21.9	1958.6
pandit_like_010411	23	539	253	45	308.4	21.9	1958.6
pandit_like_013630	23	539	253	45	308.4	21.9	1958.6
pandit_like_016333	23	539	253	45	308.4	21.9	1958.6
pandit_like_002640	49	165	1176	97	308.4	224.3	1956.0
pandit_like_004949	49	165	1176	97	308.4	224.3	1956.0
pandit_like_006456	49	165	1176	97	308.4	224.3	1956.0
pandit_like_009719	49	165	1176	97	308.4	224.3	1956.0
pandit_like_016862	49	165	1176	97	308.4	224.3	1956.0
pandit_like_001724	26	461	325	51	308.4	32.0	1950.5
pandit_like_005445	26	461	325	51	308.4	32.0	1950.5
pandit_like_012293	26	461	325	51	308.4	32.0	1950.5
pandit_like_012583	26	461	325	51	308.4	32.0	1950.5
pandit_like_015603	26	461	325	51	308.4	32.0	1950.5
pandit_like_019716	26	461	325	51	308.4	32.0	1950.5
pandit_like_006427	18	713	153	35	308.4	10.2	1950.2
pandit_like_011880	18	713	153	35	308.4	10.2	1950.2
pandit_like_011997	18	713	153	35	308.4	10.2	1950.2
pandit_like_017005	18	713	153	35	308.4	10.2	1950.2
pandit_like_012402	27	438	351	53	308.4	36.0	1945.9
pandit_like_012461	27	438	351	53	308.4	36.0	1945.9
pandit_like_005072	37	280	666	73	308.4	94.9	1945.1
pandit_like_013210	37	280	666	73	308.4	94.9	1945.1
pandit_like_014198	37	280	666	73	308.4	94.9	1945.1
pandit_like_014406	37	280	666	73	308.4	94.9	1945.1
pandit_like_015435	37	280	666	73	308.4	94.9	1945.1
pandit_like_000736	44	205	946	87	308.4	161.4	1938.3
pandit_like_010689	44	205	946	87	308.4	161.4	1938.3
pandit_like_016828	44	205	946	87	308.4	161.4	1938.3
pandit_like_003151	42	223	861	83	308.4	140.0	1932.2
pandit_like_005823	42	223	861	83	308.4	140.0	1932.2
pandit_like_006876	42	223	861	83	308.4	140.0	1932.2
pandit_like_015391	42	223	861	83	308.4	140.0	1932.2
pandit_like_018635	42	223	861	83	308.4	140.0	1932.2
pandit_like_001451	15	863	105	29	308.4	5.7	1931.7
pandit_like_005934	15	863	105	29	308.4	5.7	1931.7
pandit_like_011891	15	863	105	29	308.4	5.7	1931.7
pandit_like_012506	15	863	105	29	308.4	5.7	1931.7
pandit_like_019785	15	863	105	29	308.4	5.7	1931.7
pandit_like_000205	53	130	1378	105	308.4	284.9	1922.0
pandit_like_004499	53	130	1378	105	308.4	284.9	1922.0
pandit_like_012103	53	130	1378	105	308.4	284.9	1922.0
pandit_like_000776	38	263	703	75	308.4	103.0	1919.4
pandit_like_004018	38	263	703	75	308.4	103.0	1919.4
pandit_like_005165	38	263	703	75	308.4	103.0	1919.4
pandit_like_008710	38	263	703	75	308.4	103.0	1919.4
pandit_like_011466	38	263	703	75	308.4	103.0	1919.4
pandit_like_019673	38	263	703	75	308.4	103.0	1919.4
pandit_like_001622	58	96	1653	115	308.4	374.9	1919.0
pandit_like_002338	58	96	1653	115	308.4	374.9	1919.0
pandit_like_008451	58	96	1653	115	308.4	374.9	1919.0
pandit_like_011204	29	391	406	57	308.4	44.9	1916.6
pandit_like_015316	29	391	406	57	308.4	44.9	1916.6
pandit_like_019110	29	391	406	57	308.4	44.9	1916.6
pandit_like_019603	29	391	406	57	308.4	44.9	1916.6
pandit_like_000368	49	159	1176	97	308.4	224.3	1916.2
pandit_like_001438	49	159	1176	97	308.4	224.3	1916.2
pandit_like_007909	49	159	1176	97	308.4	224.3	1916.2
pandit_like_009548	49	159	1176	97	308.4	224.3	1916.2
pandit_like_011715	49	159	1176	97	308.4	224.3	1916.2
pandit_like_016147	49	159	1176	97	308.4	224.3	1916.2
pandit_like_018124	57	102	1596	113	308.4	355.6	1915.6
pandit_like_015227	32	341	496	63	308.4	60.8	1915.3
pandit_like_000289	25	468	300	49	308.4	28.3	1899.3
pandit_like_004509	25	468	300	49	308.4	28.3	1899.3
pandit_like_011103	25	468	300	49	308.4	28.3	1899.3
pandit_like_018718	25	468	300	49	308.4	28.3	1899.3
pandit_like_001281	17	735	136	33	308.4	8.5	1897.2
pandit_like_006361	17	735	136	33	308.4	8.5	1897.2
pandit_like_019696	17	735	136	33	308.4	8.5	1897.2
pandit_like_003896	56	106	1540	111	308.4	336.9	1895.8
pandit_like_005660	56	106	1540	111	308.4	336.9	1895.8
pandit_like_008230	56	106	1540	111	308.4	336.9	1895.8
pandit_like_009437	56	106	1540	111	308.4	336.9	1895.8
pandit_like_011907	56	106	1540	111	308.4	336.9	1895.8
pandit_like_017820	56	106	1540	111	308.4	336.9	1895.8
pandit_like_000109	46	180	1035	91	308.4	184.9	1894.2
pandit_like_005582	46	180	1035	91	308.4	184.9	1894.2
pandit_like_009032	46	180	1035	91	308.4	184.9	1894.2
pandit_like_012066	46	180	1035	91	308.4	184.9	1894.2
pandit_like_012089	46	180	1035	91	308.4	184.9	1894.2
pandit_like_012711	46	180	1035	91	308.4	184.9	1894.2
pandit_like_018397	46	180	1035	91	308.4	184.9	1894.2
pandit_like_004413	25	466	300	49	308.4	28.3	1893.0
pandit_like_005090	25	466	300	49	308.4	28.3	1893.0
pandit_like_006873	25	466	300	49	308.4	28.3	1893.0
pandit_like_011486	25	466	300	49	308.4	28.3	1893.0
pandit_like_014159	25	466	300	49	308.4	28.3	1893.0
pandit_like_014538	25	466	300	49	308.4	28.3	1893.0
pandit_like_017101	25	466	300	49	308.4	28.3	1893.0
pandit_like_017242	25	466	300	49	308.4	28.3	1893.0
pandit_like_017433	25	466	300	49	308.4	28.3	1893.0
pandit_like_004612	34	307	561	67	308.4	73.2	1892.6
pandit_like_005192	34	307	561	67	308.4	73.2	1892.6
pandit_like_006707	34	307	561	67	308.4	73.2	1892.6
pandit_like_006924	34	307	561	67	308.4	73.2	1892.6
pandit_like_008646	34	307	561	67	308.4	73.2	1892.6
pandit_like_013361	34	307	561	67	308.4	73.2	1892.6
pandit_like_016267	34	307	561	67	308.4	73.2	1892.6
pandit_like_018352	34	307	561	67	308.4	73.2	1892.6
pandit_like_018558	34	307	561	67	308.4	73.2	1892.6
pandit_like_001239	55	112	1485	109	308.4	318.9	1891.0
pandit_like_005395	55	112	1485	109	308.4	318.9	1891.0
pandit_like_015205	55	112	1485	109	308.4	318.9	1891.0
pandit_like_019624	55	112	1485	109	308.4	318.9	1891.0
pandit_like_000048	29	384	406	57	308.4	44.9	1890.7
pandit_like_008407	29	384	406	57	308.4	44.9	1890.7
pandit_like_009927	29	384	406	57	308.4	44.9	1890.7
pandit_like_019826	29	384	406	57	308.4	44.9	1890.7
pandit_like_019858	29	384	406	57	308.4	44.9	1890.7
pandit_like_002209	25	464	300	49	308.4	28.3	1886.7
pandit_like_002955	25	464	300	49	308.4	28.3	1886.7
pandit_like_005622	25	464	300	49	308.4	28.3	1886.7
pandit_like_005648	25	464	300	49	308.4	28.3	1886.7
pandit_like_007926	25	464	300	49	308.4	28.3	1886.7
pandit_like_019849	25	464	300	49	308.4	28.3	1886.7
pandit_like_001503	32	333	496	63	308.4	60.8	1882.3
pandit_like_004871	32	333	496	63	308.4	60.8	1882.3
pandit_like_017125	32	333	496	63	308.4	60.8	1882.3
pandit_like_002767	28	398	378	55	308.4	40.2	1875.2
pandit_like_004492	28	398	378	55	308.4	40.2	1875.2
pandit_like_005254	28	398	378	55	308.4	40.2	1875.2
pandit_like_001957	23	510	253	45	308.4	21.9	1874.8
pandit_like_003109	23	510	253	45	308.4	21.9	1874.8
pandit_like_004837	23	510	253	45	308.4	21.9	1874.8
pandit_like_019829	23	510	253	45	308.4	21.9	1874.8
pandit_like_000343	37	264	666	73	308.4	94.9	1867.7
pandit_like_003272	37	264	666	73	308.4	94.9	1867.7
pandit_like_010996	37	264	666	73	308.4	94.9	1867.7
pandit_like_012896	37	264	666	73	308.4	94.9	1867.7
pandit_like_014826	37	264	666	73	308.4	94.9	1867.7
pandit_like_016727	37	264	666	73	308.4	94.9	1867.7
pandit_like_005352	38	252	703	75	308.4	103.0	1864.6
pandit_like_005784	38	252	703	75	308.4	103.0	1864.6
pandit_like_008250	38	252	703	75	308.4	103.0	1864.6
pandit_like_011227	38	252	703	75	308.4	103.0	1864.6
pandit_like_015499	38	252	703	75	308.4	103.0	1864.6
pandit_like_017627	38	252	703	75	308.4	103.0	1864.6
pandit_like_003254	51	136	1275	101	308.4	253.4	1862.7
pandit_like_004150	51	136	1275	101	308.4	253.4	1862.7
pandit_like_004406	51	136	1275	101	308.4	253.4	1862.7
pandit_like_004844	51	136	1275	101	308.4	253.4	1862.7
pandit_like_016610	51	136	1275	101	308.4	253.4	1862.7
pandit_like_019081	51	136	1275	101	308.4	253.4	1862.7
pandit_like_015685	31	343	465	61	308.4	55.1	1861.0
pandit_like_003563	51	135	1275	101	308.4	253.4	1855.8
pandit_like_003974	51	135	1275	101	308.4	253.4	1855.8
pandit_like_008344	61	68	1830	121	308.4	437.1	1838.9
pandit_like_004136	39	236	741	77	308.4	111.6	1838.4
pandit_like_016186	39	236	741	77	308.4	111.6	1838.4
pandit_like_016363	39	236	741	77	308.4	111.6	1838.4
pandit_like_000914	32	322	496	63	308.4	60.8	1836.9
pandit_like_015711	32	322	496	63	308.4	60.8	1836.9
pandit_like_001997	24	467	276	47	308.4	25.0	1822.9
pandit_like_004302	24	467	276	47	308.4	25.0	1822.9
pandit_like_011423	24	467	276	47	308.4	25.0	1822.9
pandit_like_012991	24	467	276	47	308.4	25.0	1822.9
pandit_like_005964	15	803	105	29	308.4	5.7	1821.3
pandit_like_006146	15	803	105	29	308.4	5.7	1821.3
pandit_like_011524	15	803	105	29	308.4	5.7	1821.3
pandit_like_013690	15	803	105	29	308.4	5.7	1821.3
pandit_like_019022	15	803	105	29	308.4	5.7	1821.3
pandit_like_001238	17	698	136	33	308.4	8.5	1819.5
pandit_like_007122	17	698	136	33	308.4	8.5	1819.5
pandit_like_010112	17	698	136	33	308.4	8.5	1819.5
pandit_like_012752	17	698	136	33	308.4	8.5	1819.5
pandit_like_019109	17	698	136	33	308.4	8.5	1819.5
pandit_like_001408	42	202	861	83	308.4	140.0	1815.3
pandit_like_007295	42	202	861	83	308.4	140.0	1815.3
pandit_like_008411	42	202	861	83	308.4	140.0	1815.3
pandit_like_008687	42	202	861	83	308.4	140.0	1815.3
pandit_like_008830	42	202	861	83	308.4	140.0	1815.3
pandit_like_009634	42	202	861	83	308.4	140.0	1815.3
pandit_like_012321	42	202	861	83	308.4	140.0	1815.3
pandit_like_015064	42	202	861	83	308.4	140.0	1815.3
pandit_like_016695	42	202	861	83	308.4	140.0	1815.3
pandit_like_018496	42	202	861	83	308.4	140.0	1815.3
pandit_like_018666	42	202	861	83	308.4	140.0	1815.3
pandit_like_000474	61	65	1830	121	308.4	437.1	1813.4
pandit_like_003240	61	65	1830	121	308.4	437.1	1813.4
pandit_like_005474	61	65	1830	121	308.4	437.1	1813.4
pandit_like_011551	61	65	1830	121	308.4	437.1	1813.4
pandit_like_018419	61	65	1830	121	308.4	437.1	1813.4
pandit_like_019338	61	65	1830	121	308.4	437.1	1813.4
pandit_like_003047	16	743	120	31	308.4	7.0	1811.9
pandit_like_006170	16	743	120	31	308.4	7.0	1811.9
pandit_like_006686	16	743	120	31	308.4	7.0	1811.9
pandit_like_008701	16	743	120	31	308.4	7.0	1811.9
pandit_like_012945	16	743	120	31	308.4	7.0	1811.9
pandit_like_014691	16	743	120	31	308.4	7.0	1811.9
pandit_like_019970	16	743	120	31	308.4	7.0	1811.9
pandit_like_001383	55	101	1485	109	308.4	318.9	1807.9
pandit_like_003163	55	101	1485	109	308.4	318.9	1807.9
pandit_like_016137	55	101	1485	109	308.4	318.9	1807.9
pandit_like_000306	18	649	153	35	308.4	10.2	1807.6
pandit_like_017374	18	649	153	35	308.4	10.2	1807.6
pandit_like_019491	18	649	153	35	308.4	10.2	1807.6
pandit_like_015470	27	396	351	53	308.4	36.0	1801.8
pandit_like_016639	27	396	351	53	308.4	36.0	1801.8
pandit_like_003729	51	127	1275	101	308.4	253.4	1800.4
pandit_like_006135	51	127	1275	101	308.4	253.4	1800.4
pandit_like_006368	51	127	1275	101	308.4	253.4	1800.4
pandit_like_007550	51	127	1275	101	308.4	253.4	1800.4
pandit_like_014831	51	127	1275	101	308.4	253.4	1800.4
pandit_like_018038	51	127	1275	101	308.4	253.4	1800.4
pandit_like_005349	52	120	1326	103	308.4	268.8	1800.3
pandit_like_007303	52	120	1326	103	308.4	268.8	1800.3
pandit_like_010539	52	120	1326	103	308.4	268.8	1800.3
pandit_like_005149	24	459	276	47	308.4	25.0	1798.7
pandit_like_006109	24	459	276	47	308.4	25.0	1798.7
pandit_like_012469	24	459	276	47	308.4	25.0	1798.7
pandit_like_015050	24	459	276	47	308.4	25.0	1798.7
pandit_like_004353	39	227	741	77	308.4	111.6	1792.3
pandit_like_004977	39	227	741	77	308.4	111.6	1792.3
pandit_like_009023	39	227	741	77	308.4	111.6	1792.3
pandit_like_012620	39	227	741	77	308.4	111.6	1792.3
pandit_like_013291	39	227	741	77	308.4	111.6	1792.3
pandit_like_004531	31	324	465	61	308.4	55.1	1785.3
pandit_like_017664	31	324	465	61	308.4	55.1	1785.3
pandit_like_018933	31	324	465	61	308.4	55.1	1785.3
pandit_like_001871	55	98	1485	109	308.4	318.9	1785.2
pandit_like_006624	55	98	1485	109	308.4	318.9	1785.2
pandit_like_015235	55	98	1485	109	308.4	318.9	1785.2
pandit_like_017703	55	98	1485	109	308.4	318.9	1785.2
pandit_like_019950	55	98	1485	109	308.4	318.9	1785.2
pandit_like_002453	46	162	1035	91	308.4	184.9	1783.2
pandit_like_003413	46	162	1035	91	308.4	184.9	1783.2
pandit_like_005437	46	162	1035	91	308.4	184.9	1783.2
pandit_like_014876	46	162	1035	91	308.4	184.9	1783.2
pandit_like_004578	58	79	1653	115	308.4	374.9	1782.5
pandit_like_012793	58	79	1653	115	308.4	374.9	1782.5
pandit_like_018301	58	79	1653	115	308.4	374.9	1782.5
pandit_like_003091	50	131	1225	99	308.4	238.5	1779.0
pandit_like_012871	50	131	1225	99	308.4	238.5	1779.0
pandit_like_007157	43	186	903	85	308.4	150.5	1776.0
pandit_like_010549	43	186	903	85	308.4	150.5	1776.0
pandit_like_011763	43	186	903	85	308.4	150.5	1776.0
pandit_like_018350	43	186	903	85	308.4	150.5	1776.0
pandit_like_018609	43	186	903	85	308.4	150.5	1776.0
pandit_like_019475	43	186	903	85	308.4	150.5	1776.0
pandit_like_003037	45	168	990	89	308.4	172.9	1770.3
pandit_like_007475	45	168	990	89	308.4	172.9	1770.3
pandit_like_008950	45	168	990	89	308.4	172.9	1770.3
pandit_like_015986	45	168	990	89	308.4	172.9	1770.3
pandit_like_016452	45	168	990	89	308.4	172.9	1770.3
pandit_like_019495	45	168	990	89	308.4	172.9	1770.3
pandit_like_001891	51	122	1275	101	308.4	253.4	1765.7
pandit_like_002308	51	122	1275	101	308.4	253.4	1765.7
pandit_like_007298	51	122	1275	101	308.4	253.4	1765.7
pandit_like_007630	51	122	1275	101	308.4	253.4	1765.7
pandit_like_008881	51	122	1275	101	308.4	253.4	1765.7
pandit_like_010462	51	122	1275	101	308.4	253.4	1765.7
pandit_like_002132	17	669	136	33	308.4	8.5	1758.7
pandit_like_015568	17	669	136	33	308.4	8.5	1758.7
pandit_like_007912	50	128	1225	99	308.4	238.5	1758.6
pandit_like_016777	50	128	1225	99	308.4	238.5	1758.6
pandit_like_000241	21	523	210	41	308.4	16.5	1755.5
pandit_like_006052	21	523	210	41	308.4	16.5	1755.5
pandit_like_006725	21	523	210	41	308.4	16.5	1755.5
pandit_like_015377	21	523	210	41	308.4	16.5	1755.5
pandit_like_015881	21	523	210	41	308.4	16.5	1755.5
pandit_like_014080	50	127	1225	99	308.4	238.5	1751.9
pandit_like_017022	50	127	1225	99	308.4	238.5	1751.9
pandit_like_019805	50	127	1225	99	308.4	238.5	1751.9
pandit_like_004501	22	492	231	43	308.4	19.0	1748.0
pandit_like_006303	22	492	231	43	308.4	19.0	1748.0
pandit_like_006968	22	492	231	43	308.4	19.0	1748.0
pandit_like_003154	29	345	406	57	308.4	44.9	1746.2
pandit_like_010284	29	345	406	57	308.4	44.9	1746.2
pandit_like_013774	29	345	406	57	308.4	44.9	1746.2
pandit_like_016577	29	345	406	57	308.4	44.9	1746.2
pandit_like_017271	29	345	406	57	308.4	44.9	1746.2
pandit_like_017376	29	345	406	57	308.4	44.9	1746.2
pandit_like_017917	21	519	210	41	308.4	16.5	1745.0
pandit_like_001538	35	260	595	69	308.4	80.1	1738.8
pandit_like_004861	35	260	595	69	308.4	80.1	1738.8
pandit_like_008095	35	260	595	69	308.4	80.1	1738.8
pandit_like_008645	35	260	595	69	308.4	80.1	1738.8
pandit_like_008960	35	260	595	69	308.4	80.1	1738.8
pandit_like_011629	35	260	595	69	308.4	80.1	1738.8
pandit_like_015393	35	260	595	69	308.4	80.1	1738.8
pandit_like_001256	50	125	1225	99	308.4	238.5	1738.3
pandit_like_002555	50	125	1225	99	308.4	238.5	1738.3
pandit_like_007447	50	125	1225	99	308.4	238.5	1738.3
pandit_like_007504	50	125	1225	99	308.4	238.5	1738.3
pandit_like_011289	50	125	1225	99	308.4	238.5	1738.3
pandit_like_017819	50	125	1225	99	308.4	238.5	1738.3
pandit_like_018077	50	125	1225	99	308.4	238.5	1738.3
pandit_like_019282	50	125	1225	99	308.4	238.5	1738.3
pandit_like_011867	21	515	210	41	308.4	16.5	1734.5
pandit_like_015604	21	515	210	41	308.4	16.5	1734.5
pandit_like_015864	21	515	210	41	308.4	16.5	1734.5
pandit_like_018644	21	515	210	41	308.4	16.5	1734.5
pandit_like_009139	53	104	1378	105	308.4	284.9	1733.8
pandit_like_009490	53	104	1378	105	308.4	284.9	1733.8
pandit_like_012028	53	104	1378	105	308.4	284.9	1733.8
pandit_like_017747	53	104	1378	105	308.4	284.9	1733.8
pandit_like_001293	55	91	1485	109	308.4	318.9	1732.3
pandit_like_005850	55	91	1485	109	308.4	318.9	1732.3
pandit_like_016228	55	91	1485	109	308.4	318.9	1732.3
pandit_like_016508	55	91	1485	109	308.4	318.9	1732.3
pandit_like_018716	55	91	1485	109	308.4	318.9	1732.3
pandit_like_001964	22	486	231	43	308.4	19.0	1731.5
pandit_like_003087	22	486	231	43	308.4	19.0	1731.5
pandit_like_007454	22	486	231	43	308.4	19.0	1731.5
pandit_like_016320	22	486	231	43	308.4	19.0	1731.5
pandit_like_002912	41	196	820	81	308.4	130.1	1731.5
pandit_like_005804	41	196	820	81	308.4	130.1	1731.5
pandit_like_011128	41	196	820	81	308.4	130.1	1731.5
pandit_like_013824	41	196	820	81	308.4	130.1	1731.5
pandit_like_015930	41	196	820	81	308.4	130.1	1731.5
pandit_like_005490	37	235	666	73	308.4	94.9	1727.4
pandit_like_007965	37	235	666	73	308.4	94.9	1727.4
pandit_like_007753	59	66	1711	117	308.4	395.0	1725.0
pandit_like_012780	59	66	1711	117	308.4	395.0	1725.0
pandit_like_019333	59	66	1711	117	308.4	395.0	1725.0
pandit_like_019813	59	66	1711	117	308.4	395.0	1725.0
pandit_like_019955	59	66	1711	117	308.4	395.0	1725.0
pandit_like_001508	18	610	153	35	308.4	10.2	1720.7
pandit_like_013712	18	610	153	35	308.4	10.2	1720.7
pandit_like_015107	18	610	153	35	308.4	10.2	1720.7
pandit_like_000320	39	212	741	77	308.4	111.6	1715.4
pandit_like_002309	39	212	741	77	308.4	111.6	1715.4
pandit_like_002926	39	212	741	77	308.4	111.6	1715.4
pandit_like_005277	39	212	741	77	308.4	111.6	1715.4
pandit_like_008125	39	212	741	77	308.4	111.6	1715.4
pandit_like_016703	39	212	741	77	308.4	111.6	1715.4
pandit_like_002049	8	1453	28	15	308.4	0.7	1713.3
pandit_like_010548	8	1453	28	15	308.4	0.7	1713.3
pandit_like_010647	8	1453	28	15	308.4	0.7	1713.3
pandit_like_010878	8	1453	28	15	308.4	0.7	1713.3
pandit_like_011442	8	1453	28	15	308.4	0.7	1713.3
pandit_like_013257	8	1453	28	15	308.4	0.7	1713.3
pandit_like_003061	24	430	276	47	308.4	25.0	1711.1
pandit_like_003812	24	430	276	47	308.4	25.0	1711.1
pandit_like_004152	24	430	276	47	308.4	25.0	1711.1
pandit_like_005177	24	430	276	47	308.4	25.0	1711.1
pandit_like_012033	24	430	276	47	308.4	25.0	1711.1
pandit_like_012848	24	430	276	47	308.4	25.0	1711.1
pandit_like_015485	24	430	276	47	308.4	25.0	1711.1
pandit_like_013388	49	128	1176	97	308.4	224.3	1711.0
pandit_like_016316	49	128	1176	97	308.4	224.3	1711.0
pandit_like_017669	49	128	1176	97	308.4	224.3	1711.0
pandit_like_018553	49	128	1176	97	308.4	224.3	1711.0
pandit_like_019366	49	128	1176	97	308.4	224.3	1711.0
pandit_like_001662	23	450	253	45	308.4	21.9	1701.5
pandit_like_004932	23	450	253	45	308.4	21.9	1701.5
pandit_like_001944	29	332	406	57	308.4	44.9	1698.0
pandit_like_005022	29	332	406	57	308.4	44.9	1698.0
pandit_like_005669	29	332	406	57	308.4	44.9	1698.0
pandit_like_006349	29	332	406	57	308.4	44.9	1698.0
pandit_like_010346	29	332	406	57	308.4	44.9	1698.0
pandit_like_014987	29	332	406	57	308.4	44.9	1698.0
pandit_like_015472	29	332	406	57	308.4	44.9	1698.0
pandit_like_017105	29	332	406	57	308.4	44.9	1698.0
pandit_like_002813	51	112	1275	101	308.4	253.4	1696.4
pandit_like_003807	51	112	1275	101	308.4	253.4	1696.4
pandit_like_006697	51	112	1275	101	308.4	253.4	1696.4
pandit_like_008530	51	112	1275	101	308.4	253.4	1696.4
pandit_like_010561	51	112	1275	101	308.4	253.4	1696.4
pandit_like_002850	47	140	1081	93	308.4	197.5	1694.3
pandit_like_005406	47	140	1081	93	308.4	197.5	1694.3
pandit_like_012444	47	140	1081	93	308.4	197.5	1694.3
pandit_like_011569	8	1430	28	15	308.4	0.7	1691.2
pandit_like_015816	8	1430	28	15	308.4	0.7	1691.2
pandit_like_015832	8	1430	28	15	308.4	0.7	1691.2
pandit_like_017716	8	1430	28	15	308.4	0.7	1691.2
pandit_like_003317	25	402	300	49	308.4	28.3	1690.8
pandit_like_018707	25	402	300	49	308.4	28.3	1690.8
pandit_like_014425	32	285	496	63	308.4	60.8	1684.3
pandit_like_015327	32	285	496	63	308.4	60.8	1684.3
pandit_like_015880	32	285	496	63	308.4	60.8	1684.3
pandit_like_019729	32	285	496	63	308.4	60.8	1684.3
pandit_like_002945	23	441	253	45	308.4	21.9	1675.5
pandit_like_004067	23	441	253	45	308.4	21.9	1675.5
pandit_like_013995	23	441	253	45	308.4	21.9	1675.5
pandit_like_015802	23	441	253	45	308.4	21.9	1675.5
pandit_like_005231	16	673	120	31	308.4	7.0	1674.1
pandit_like_007741	16	673	120	31	308.4	7.0	1674.1
pandit_like_010452	16	673	120	31	308.4	7.0	1674.1
pandit_like_000825	31	296	465	61	308.4	55.1	1673.8
pandit_like_003478	31	296	465	61	308.4	55.1	1673.8
pandit_like_003718	31	296	465	61	308.4	55.1	1673.8
pandit_like_007917	31	296	465	61	308.4	55.1	1673.8
pandit_like_010180	31	296	465	61	308.4	55.1	1673.8
pandit_like_001067	59	59	1711	117	308.4	395.0	1667.7
pandit_like_005572	59	59	1711	117	308.4	395.0	1667.7
pandit_like_010579	59	59	1711	117	308.4	395.0	1667.7
pandit_like_015339	59	59	1711	117	308.4	395.0	1667.7
pandit_like_017088	59	59	1711	117	308.4	395.0	1667.7
pandit_like_001801	19	549	171	37	308.4	12.0	1663.5
pandit_like_002745	19	549	171	37	308.4	12.0	1663.5
pandit_like_008464	19	549	171	37	308.4	12.0	1663.5
pandit_like_011389	19	549	171	37	308.4	12.0	1663.5
pandit_like_012522	19	549	171	37	308.4	12.0	1663.5
pandit_like_019387	19	549	171	37	308.4	12.0	1663.5
pandit_like_009360	48	127	1128	95	308.4	210.6	1657.8
pandit_like_009405	48	127	1128	95	308.4	210.6	1657.8
pandit_like_009873	48	127	1128	95	308.4	210.6	1657.8
pandit_like_013585	48	127	1128	95	308.4	210.6	1657.8
pandit_like_003727	38	210	703	75	308.4	103.0	1655.4
pandit_like_005191	38	210	703	75	308.4	103.0	1655.4
pandit_like_006454	38	210	703	75	308.4	103.0	1655.4
pandit_like_010870	38	210	703	75	308.4	103.0	1655.4
pandit_like_016623	38	210	703	75	308.4	103.0	1655.4
pandit_like_000386	37	220	666	73	308.4	94.9	1654.9
pandit_like_007996	37	220	666	73	308.4	94.9	1654.9
pandit_like_008247	37	220	666	73	308.4	94.9	1654.9
pandit_like_006409	44	156	946	87	308.4	161.4	1650.9
pandit_like_008356	44	156	946	87	308.4	161.4	1650.9
pandit_like_004519	38	208	703	75	308.4	103.0	1645.4
pandit_like_010571	38	208	703	75	308.4	103.0	1645.4
pandit_like_012504	38	208	703	75	308.4	103.0	1645.4
pandit_like_014481	38	208	703	75	308.4	103.0	1645.4
pandit_like_017140	38	208	703	75	308.4	103.0	1645.4
pandit_like_019316	38	208	703	75	308.4	103.0	1645.4
pandit_like_000658	14	763	91	27	308.4	4.6	1645.1
pandit_like_004969	14	763	91	27	308.4	4.6	1645.1
pandit_like_005290	14	763	91	27	308.4	4.6	1645.1
pandit_like_014015	14	763	91	27	308.4	4.6	1645.1
pandit_like_018209	14	763	91	27	308.4	4.6	1645.1
pandit_like_019439	14	763	91	27	308.4	4.6	1645.1
pandit_like_002014	24	408	276	47	308.4	25.0	1644.5
pandit_like_005233	24	408	276	47	308.4	25.0	1644.5
pandit_like_009794	24	408	276	47	308.4	25.0	1644.5
pandit_like_017058	24	408	276	47	308.4	25.0	1644.5
pandit_like_017301	24	408	276	47	308.4	25.0	1644.5
pandit_like_009512	46	139	1035	91	308.4	184.9	1641.4
pandit_like_010662	46	139	1035	91	308.4	184.9	1641.4
pandit_like_019276	46	139	1035	91	308.4	184.9	1641.4
pandit_like_001758	34	249	561	67	308.4	73.2	1636.9
pandit_like_014847	34	249	561	67	308.4	73.2	1636.9
pandit_like_013756	14	757	91	27	308.4	4.6	1634.9
pandit_like_014680	14	757	91	27	308.4	4.6	1634.9
pandit_like_001020	19	536	171	37	308.4	12.0	1632.8
pandit_like_006335	19	536	171	37	308.4	12.0	1632.8
pandit_like_017695	19	536	171	37	308.4	12.0	1632.8
pandit_like_008453	18	569	153	35	308.4	10.2	1629.3
pandit_like_014233	18	569	153	35	308.4	10.2	1629.3
pandit_like_018951	18	569	153	35	308.4	10.2	1629.3
pandit_like_019536	18	569	153	35	308.4	10.2	1629.3
pandit_like_010570	28	329	378	55	308.4	40.2	1628.9
pandit_like_000374	41	177	820	81	308.4	130.1	1628.5
pandit_like_006444	41	177	820	81	308.4	130.1	1628.5
pandit_like_008737	41	177	820	81	308.4	130.1	1628.5
pandit_like_009850	41	177	820	81	308.4	130.1	1628.5
pandit_like_014150	41	177	820	81	308.4	130.1	1628.5
pandit_like_016552	41	177	820	81	308.4	130.1	1628.5
pandit_like_018483	41	177	820	81	308.4	130.1	1628.5
pandit_like_019200	41	177	820	81	308.4	130.1	1628.5
pandit_like_001617	26	363	325	51	308.4	32.0	1627.7
pandit_like_007621	26	363	325	51	308.4	32.0	1627.7
pandit_like_009557	26	363	325	51	308.4	32.0	1627.7
pandit_like_012706	26	363	325	51	308.4	32.0	1627.7
pandit_like_013428	26	363	325	51	308.4	32.0	1627.7
pandit_like_014184	26	363	325	51	308.4	32.0	1627.7
pandit_like_015440	26	363	325	51	308.4	32.0	1627.7
pandit_like_018580	26	363	325	51	308.4	32.0	1627.7
pandit_like_002182	45	144	990	89	308.4	172.9	1625.9
pandit_like_003765	45	144	990	89	308.4	172.9	1625.9
pandit_like_006356	45	144	990	89	308.4	172.9	1625.9
pandit_like_009640	45	144	990	89	308.4	172.9	1625.9
pandit_like_009854	45	144	990	89	308.4	172.9	1625.9
pandit_like_010214	45	144	990	89	308.4	172.9	1625.9
pandit_like_018451	45	144	990	89	308.4	172.9	1625.9
pandit_like_006285	20	501	190	39	308.4	14.1	1623.6
pandit_like_013414	20	501	190	39	308.4	14.1	1623.6
pandit_like_013706	20	501	190	39	308.4	14.1	1623.6
pandit_like_016683	20	501	190	39	308.4	14.1	1623.6
pandit_like_019260	20	501	190	39	308.4	14.1	1623.6
pandit_like_002442	30	297	435	59	308.4	49.8	1622.6
pandit_like_002778	30	297	435	59	308.4	49.8	1622.6
pandit_like_005607	30	297	435	59	308.4	49.8	1622.6
pandit_like_005893	30	297	435	59	308.4	49.8	1622.6
pandit_like_006893	30	297	435	59	308.4	49.8	1622.6
pandit_like_019986	30	297	435	59	308.4	49.8	1622.6
pandit_like_007789	55	76	1485	109	308.4	318.9	1619.0
pandit_like_009761	55	76	1485	109	308.4	318.9	1619.0
pandit_like_019747	55	76	1485	109	308.4	318.9	1619.0
pandit_like_004775	50	107	1225	99	308.4	238.5	1616.4
pandit_like_010101	50	107	1225	99	308.4	238.5	1616.4
pandit_like_014821	50	107	1225	99	308.4	238.5	1616.4
pandit_like_014947	50	107	1225	99	308.4	238.5	1616.4
pandit_like_015573	50	107	1225	99	308.4	238.5	1616.4
pandit_like_017824	50	107	1225	99	308.4	238.5	1616.4
pandit_like_019865	50	107	1225	99	308.4	238.5	1616.4
pandit_like_008773	31	281	465	61	308.4	55.1	1614.0
pandit_like_009167	31	281	465	61	308.4	55.1	1614.0
pandit_like_016611	31	281	465	61	308.4	55.1	1614.0
pandit_like_004944	24	396	276	47	308.4	25.0	1608.3
pandit_like_019728	24	396	276	47	308.4	25.0	1608.3
pandit_like_000363	19	525	171	37	308.4	12.0	1606.9
pandit_like_006631	19	525	171	37	308.4	12.0	1606.9
pandit_like_010273	19	525	171	37	308.4	12.0	1606.9
pandit_like_012877	19	525	171	37	308.4	12.0	1606.9
pandit_like_014117	19	525	171	37	308.4	12.0	1606.9
pandit_like_000990	18	555	153	35	308.4	10.2	1598.1
pandit_like_009533	18	555	153	35	308.4	10.2	1598.1
pandit_like_011148	18	555	153	35	308.4	10.2	1598.1
pandit_like_015784	18	555	153	35	308.4	10.2	1598.1
pandit_like_015993	18	555	153	35	308.4	10.2	1598.1
pandit_like_017247	18	555	153	35	308.4	10.2	1598.1
pandit_like_013360	21	461	210	41	308.4	16.5	1592.9
pandit_like_017952	21	461	210	41	308.4	16.5	1592.9
pandit_like_001840	40	179	780	79	308.4	120.6	1592.3
pandit_like_003356	40	179	780	79	308.4	120.6	1592.3
pandit_like_019999	40	179	780	79	308.4	120.6	1592.3
pandit_like_001469	49	109	1176	97	308.4	224.3	1585.2
pandit_like_005218	49	109	1176	97	308.4	224.3	1585.2
pandit_like_008377	49	109	1176	97	308.4	224.3	1585.2
pandit_like_017519	49	109	1176	97	308.4	224.3	1585.2
pandit_like_019092	49	109	1176	97	308.4	224.3	1585.2
pandit_like_004181	50	102	1225	99	308.4	238.5	1582.5
pandit_like_006076	50	102	1225	99	308.4	238.5	1582.5
pandit_like_013068	50	102	1225	99	308.4	238.5	1582.5
pandit_like_018027	50	102	1225	99	308.4	238.5	1582.5
pandit_like_001814	37	204	666	73	308.4	94.9	1577.5
pandit_like_003310	37	204	666	73	308.4	94.9	1577.5
pandit_like_004877	37	204	666	73	308.4	94.9	1577.5
pandit_like_012588	37	204	666	73	308.4	94.9	1577.5
pandit_like_015127	37	204	666	73	308.4	94.9	1577.5
pandit_like_002662	32	259	496	63	308.4	60.8	1577.0
pandit_like_003360	32	259	496	63	308.4	60.8	1577.0
pandit_like_004002	32	259	496	63	308.4	60.8	1577.0
pandit_like_017302	32	259	496	63	308.4	60.8	1577.0
pandit_like_000190	30	285	435	59	308.4	49.8	1576.4
pandit_like_001030	30	285	435	59	308.4	49.8	1576.4
pandit_like_007482	30	285	435	59	308.4	49.8	1576.4
pandit_like_013577	30	285	435	59	308.4	49.8	1576.4
pandit_like_001579	46	128	1035	91	308.4	184.9	1573.6
pandit_like_006846	46	128	1035	91	308.4	184.9	1573.6
pandit_like_011954	46	128	1035	91	308.4	184.9	1573.6
pandit_like_013062	46	128	1035	91	308.4	184.9	1573.6
pandit_like_015232	46	128	1035	91	308.4	184.9	1573.6
pandit_like_016705	46	128	1035	91	308.4	184.9	1573.6
pandit_like_017513	46	128	1035	91	308.4	184.9	1573.6
pandit_like_017822	46	128	1035	91	308.4	184.9	1573.6
pandit_like_018732	46	128	1035	91	308.4	184.9	1573.6
pandit_like_019778	46	128	1035	91	308.4	184.9	1573.6
pandit_like_012934	26	346	325	51	308.4	32.0	1571.7
pandit_like_014738	26	346	325	51	308.4	32.0	1571.7
pandit_like_017852	26	346	325	51	308.4	32.0	1571.7
pandit_like_006953	40	175	780	79	308.4	120.6	1571.2
pandit_like_008816	40	175	780	79	308.4	120.6	1571.2
pandit_like_014781	40	175	780	79	308.4	120.6	1571.2
pandit_like_018239	40	175	780	79	308.4	120.6	1571.2
pandit_like_004711	25	363	300	49	308.4	28.3	1567.7
pandit_like_009852	25	363	300	49	308.4	28.3	1567.7
pandit_like_011058	25	363	300	49	308.4	28.3	1567.7
pandit_like_014744	25	363	300	49	308.4	28.3	1567.7
pandit_like_019280	25	363	300	49	308.4	28.3	1567.7
pandit_like_019940	25	363	300	49	308.4	28.3	1567.7
pandit_like_000391	54	75	1431	107	308.4	301.6	1567.2
pandit_like_004014	54	75	1431	107	308.4	301.6	1567.2
pandit_like_007735	54	75	1431	107	308.4	301.6	1567.2
pandit_like_014049	54	75	1431	107	308.4	301.6	1567.2
pandit_like_015427	54	75	1431	107	308.4	301.6	1567.2
pandit_like_019028	54	75	1431	107	308.4	301.6	1567.2
pandit_like_001683	22	426	231	43	308.4	19.0	1566.2
pandit_like_008485	22	426	231	43	308.4	19.0	1566.2
pandit_like_013045	22	426	231	43	308.4	19.0	1566.2
pandit_like_018117	22	426	231	43	308.4	19.0	1566.2
pandit_like_019133	22	426	231	43	308.4	19.0	1566.2
pandit_like_019429	22	426	231	43	308.4	19.0	1566.2
pandit_like_007804	23	403	253	45	308.4	21.9	1565.7
pandit_like_009776	23	403	253	45	308.4	21.9	1565.7
pandit_like_012117	23	403	253	45	308.4	21.9	1565.7
pandit_like_013372	23	403	253	45	308.4	21.9	1565.7
pandit_like_017377	23	403	253	45	308.4	21.9	1565.7
pandit_like_000493	17	576	136	33	308.4	8.5	1563.6
pandit_like_000693	17	576	136	33	308.4	8.5	1563.6
pandit_like_005062	17	576	136	33	308.4	8.5	1563.6
pandit_like_008294	17	576	136	33	308.4	8.5	1563.6
pandit_like_009386	17	576	136	33	308.4	8.5	1563.6
pandit_like_012313	17	576	136	33	308.4	8.5	1563.6
pandit_like_016114	17	576	136	33	308.4	8.5	1563.6
pandit_like_004744	21	449	210	41	308.4	16.5	1561.4
pandit_like_008727	22	423	231	43	308.4	19.0	1557.9
pandit_like_012032	22	423	231	43	308.4	19.0	1557.9
pandit_like_018679	22	423	231	43	308.4	19.0	1557.9
pandit_like_000156	23	400	253	45	308.4	21.9	1557.0
pandit_like_000424	23	400	253	45	308.4	21.9	1557.0
pandit_like_000809	23	400	253	45	308.4	21.9	1557.0
pandit_like_012609	23	400	253	45	308.4	21.9	1557.0
pandit_like_014122	23	400	253	45	308.4	21.9	1557.0
pandit_like_018205	23	400	253	45	308.4	21.9	1557.0
pandit_like_007321	32	254	496	63	308.4	60.8	1556.4
pandit_like_014385	32	254	496	63	308.4	60.8	1556.4
pandit_like_015669	32	254	496	63	308.4	60.8	1556.4
pandit_like_016003	32	254	496	63	308.4	60.8	1556.4
pandit_like_001830	20	470	190	39	308.4	14.1	1546.4
pandit_like_004228	20	470	190	39	308.4	14.1	1546.4
pandit_like_016396	20	470	190	39	308.4	14.1	1546.4
pandit_like_019654	20	470	190	39	308.4	14.1	1546.4
pandit_like_005547	52	84	1326	103	308.4	268.8	1545.2
pandit_like_006457	52	84	1326	103	308.4	268.8	1545.2
pandit_like_013220	52	84	1326	103	308.4	268.8	1545.2
pandit_like_015346	52	84	1326	103	308.4	268.8	1545.2
pandit_like_017640	52	84	1326	103	308.4	268.8	1545.2
pandit_like_007525	17	567	136	33	308.4	8.5	1544.7
pandit_like_008379	17	567	136	33	308.4	8.5	1544.7
pandit_like_011896	17	567	136	33	308.4	8.5	1544.7
pandit_like_016484	17	567	136	33	308.4	8.5	1544.7
pandit_like_000477	47	116	1081	93	308.4	197.5	1542.7
pandit_like_001308	47	116	1081	93	308.4	197.5	1542.7
pandit_like_003442	47	116	1081	93	308.4	197.5	1542.7
pandit_like_018168	47	116	1081	93	308.4	197.5	1542.7
pandit_like_018456	47	116	1081	93	308.4	197.5	1542.7
pandit_like_003964	42	153	861	83	308.4	140.0	1542.5
pandit_like_008078	42	153	861	83	308.4	140.0	1542.5
pandit_like_015310	42	153	861	83	308.4	140.0	1542.5
pandit_like_015883	42	153	861	83	308.4	140.0	1542.5
pandit_like_001708	15	651	105	29	308.4	5.7	1541.6
pandit_like_003923	15	651	105	29	308.4	5.7	1541.6
pandit_like_010919	15	651	105	29	308.4	5.7	1541.6
pandit_like_018523	15	651	105	29	308.4	5.7	1541.6
pandit_like_000737	39	178	741	77	308.4	111.6	1541.1
pandit_like_007937	39	178	741	77	308.4	111.6	1541.1
pandit_like_008801	39	178	741	77	308.4	111.6	1541.1
pandit_like_011258	39	178	741	77	308.4	111.6	1541.1
pandit_like_000083	32	250	496	63	308.4	60.8	1539.9
pandit_like_016997	32	250	496	63	308.4	60.8	1539.9
pandit_like_018333	32	250	496	63	308.4	60.8	1539.9
pandit_like_002468	48	108	1128	95	308.4	210.6	1534.9
pandit_like_016390	48	108	1128	95	308.4	210.6	1534.9
pandit_like_000268	18	526	153	35	308.4	10.2	1533.5
pandit_like_003901	18	526	153	35	308.4	10.2	1533.5
pandit_like_018622	18	526	153	35	308.4	10.2	1533.5
pandit_like_000517	26	333	325	51	308.4	32.0	1528.8
pandit_like_009249	26	333	325	51	308.4	32.0	1528.8
pandit_like_015683	26	333	325	51	308.4	32.0	1528.8
pandit_like_016030	26	333	325	51	308.4	32.0	1528.8
pandit_like_002916	29	286	406	57	308.4	44.9	1527.5
pandit_like_003257	29	286	406	57	308.4	44.9	1527.5
pandit_like_010008	29	286	406	57	308.4	44.9	1527.5
pandit_like_011829	29	286	406	57	308.4	44.9	1527.5
pandit_like_016895	29	286	406	57	308.4	44.9	1527.5
pandit_like_007063	15	642	105	29	308.4	5.7	1525.1
pandit_like_008832	15	642	105	29	308.4	5.7	1525.1
pandit_like_002660	46	120	1035	91	308.4	184.9	1524.3
pandit_like_007472	46	120	1035	91	308.4	184.9	1524.3
pandit_like_007612	46	120	1035	91	308.4	184.9	1524.3
pandit_like_016139	46	120	1035	91	308.4	184.9	1524.3
pandit_like_019522	46	120	1035	91	308.4	184.9	1524.3
pandit_like_000359	40	166	780	79	308.4	120.6	1523.8
pandit_like_001263	40	166	780	79	308.4	120.6	1523.8
pandit_like_002699	40	166	780	79	308.4	120.6	1523.8
pandit_like_004437	40	166	780	79	308.4	120.6	1523.8
pandit_like_013898	40	166	780	79	308.4	120.6	1523.8
pandit_like_002227	14	692	91	27	308.4	4.6	1523.6
pandit_like_003326	14	692	91	27	308.4	4.6	1523.6
pandit_like_006658	14	692	91	27	308.4	4.6	1523.6
pandit_like_009534	14	692	91	27	308.4	4.6	1523.6
pandit_like_010044	14	692	91	27	308.4	4.6	1523.6
pandit_like_008873	21	434	210	41	308.4	16.5	1522.1
pandit_like_012795	21	434	210	41	308.4	16.5	1522.1
pandit_like_015563	21	434	210	41	308.4	16.5	1522.1
pandit_like_016813	21	434	210	41	308.4	16.5	1522.1
pandit_like_018253	21	434	210	41	308.4	16.5	1522.1
pandit_like_006079	41	157	820	81	308.4	130.1	1520.1
pandit_like_008159	41	157	820	81	308.4	130.1	1520.1
pandit_like_000001	21	433	210	41	308.4	16.5	1519.4
pandit_like_005103	21	433	210	41	308.4	16.5	1519.4
pandit_like_005299	21	433	210	41	308.4	16.5	1519.4
pandit_like_006128	21	433	210	41	308.4	16.5	1519.4
pandit_like_016821	21	433	210	41	308.4	16.5	1519.4
pandit_like_007794	53	74	1378	105	308.4	284.9	1516.6
pandit_like_016109	53	74	1378	105	308.4	284.9	1516.6
pandit_like_001220	11	889	55	21	308.4	2.1	1511.3
pandit_like_001815	11	889	55	21	308.4	2.1	1511.3
pandit_like_007518	11	889	55	21	308.4	2.1	1511.3
pandit_like_008533	11	889	55	21	308.4	2.1	1511.3
pandit_like_014298	11	889	55	21	308.4	2.1	1511.3
pandit_like_017570	11	889	55	21	308.4	2.1	1511.3
pandit_like_018727	11	889	55	21	308.4	2.1	1511.3
pandit_like_004858	22	406	231	43	308.4	19.0	1511.1
pandit_like_006061	22	406	231	43	308.4	19.0	1511.1
pandit_like_006902	22	406	231	43	308.4	19.0	1511.1
pandit_like_009969	22	406	231	43	308.4	19.0	1511.1
pandit_like_011949	22	406	231	43	308.4	19.0	1511.1
pandit_like_014612	22	406	231	43	308.4	19.0	1511.1
pandit_like_000441	27	311	351	53	308.4	36.0	1510.1
pandit_like_000932	27	311	351	53	308.4	36.0	1510.1
pandit_like_004193	27	311	351	53	308.4	36.0	1510.1
pandit_like_004339	27	311	351	53	308.4	36.0	1510.1
pandit_like_008545	27	311	351	53	308.4	36.0	1510.1
pandit_like_014966	27	311	351	53	308.4	36.0	1510.1
pandit_like_018834	27	311	351	53	308.4	36.0	1510.1
pandit_like_000053	33	231	528	65	308.4	66.8	1509.1
pandit_like_002004	33	231	528	65	308.4	66.8	1509.1
pandit_like_002779	33	231	528	65	308.4	66.8	1509.1
pandit_like_004138	33	231	528	65	308.4	66.8	1509.1
pandit_like_005676	33	231	528	65	308.4	66.8	1509.1
pandit_like_007689	33	231	528	65	308.4	66.8	1509.1
pandit_like_010961	33	231	528	65	308.4	66.8	1509.1
pandit_like_002243	25	344	300	49	308.4	28.3	1507.7
pandit_like_008420	25	344	300	49	308.4	28.3	1507.7
pandit_like_008786	25	344	300	49	308.4	28.3	1507.7
pandit_like_001870	35	209	595	69	308.4	80.1	1506.8
pandit_like_008243	35	209	595	69	308.4	80.1	1506.8
pandit_like_015374	35	209	595	69	308.4	80.1	1506.8
pandit_like_001043	21	427	210	41	308.4	16.5	1503.7
pandit_like_007767	21	427	210	41	308.4	16.5	1503.7
pandit_like_015368	21	427	210	41	308.4	16.5	1503.7
pandit_like_000789	32	239	496	63	308.4	60.8	1494.5
pandit_like_003713	32	239	496	63	308.4	60.8	1494.5
pandit_like_015048	32	239	496	63	308.4	60.8	1494.5
pandit_like_019795	32	239	496	63	308.4	60.8	1494.5
pandit_like_001551	46	115	1035	91	308.4	184.9	1493.5
pandit_like_004195	46	115	1035	91	308.4	184.9	1493.5
pandit_like_007881	46	115	1035	91	308.4	184.9	1493.5
pandit_like_008999	46	115	1035	91	308.4	184.9	1493.5
pandit_like_001844	38	177	703	75	308.4	103.0	1491.0
pandit_like_004050	38	177	703	75	308.4	103.0	1491.0
pandit_like_005606	38	177	703	75	308.4	103.0	1491.0
pandit_like_015029	38	177	703	75	308.4	103.0	1491.0
pandit_like_017612	38	177	703	75	308.4	103.0	1491.0
pandit_like_002509	13	726	78	25	308.4	3.6	1484.9
pandit_like_004185	13	726	78	25	308.4	3.6	1484.9
pandit_like_008858	13	726	78	25	308.4	3.6	1484.9
pandit_like_012484	13	726	78	25	308.4	3.6	1484.9
pandit_like_015290	13	726	78	25	308.4	3.6	1484.9
pandit_like_015818	13	726	78	25	308.4	3.6	1484.9
pandit_like_016969	13	726	78	25	308.4	3.6	1484.9
pandit_like_001042	14	669	91	27	308.4	4.6	1484.2
pandit_like_010286	14	669	91	27	308.4	4.6	1484.2
pandit_like_008671	13	723	78	25	308.4	3.6	1480.1
pandit_like_010470	13	723	78	25	308.4	3.6	1480.1
pandit_like_011473	13	723	78	25	308.4	3.6	1480.1
pandit_like_002239	26	318	325	51	308.4	32.0	1479.4
pandit_like_011067	26	318	325	51	308.4	32.0	1479.4
pandit_like_017498	26	318	325	51	308.4	32.0	1479.4
pandit_like_001557	21	417	210	41	308.4	16.5	1477.5
pandit_like_009281	21	417	210	41	308.4	16.5	1477.5
pandit_like_010146	21	417	210	41	308.4	16.5	1477.5
pandit_like_018033	21	417	210	41	308.4	16.5	1477.5
pandit_like_019697	21	417	210	41	308.4	16.5	1477.5
pandit_like_000491	20	442	190	39	308.4	14.1	1476.7
pandit_like_003915	20	442	190	39	308.4	14.1	1476.7
pandit_like_010371	20	442	190	39	308.4	14.1	1476.7
pandit_like_017667	20	442	190	39	308.4	14.1	1476.7
pandit_like_019215	20	442	190	39	308.4	14.1	1476.7
pandit_like_001101	7	1374	21	13	308.4	0.5	1466.5
pandit_like_003135	7	1374	21	13	308.4	0.5	1466.5
pandit_like_007092	7	1374	21	13	308.4	0.5	1466.5
pandit_like_007682	7	1374	21	13	308.4	0.5	1466.5
pandit_like_009131	7	1374	21	13	308.4	0.5	1466.5
pandit_like_011962	7	1374	21	13	308.4	0.5	1466.5
pandit_like_019574	7	1374	21	13	308.4	0.5	1466.5
pandit_like_019768	7	1374	21	13	308.4	0.5	1466.5
pandit_like_010425	33	221	528	65	308.4	66.8	1466.5
pandit_like_000273	35	200	595	69	308.4	80.1	1465.8
pandit_like_005164	35	200	595	69	308.4	80.1	1465.8
pandit_like_012901	35	200	595	69	308.4	80.1	1465.8
pandit_like_018674	35	200	595	69	308.4	80.1	1465.8
pandit_like_009713	11	854	55	21	308.4	2.1	1464.7
pandit_like_011169	11	854	55	21	308.4	2.1	1464.7
pandit_like_011396	11	854	55	21	308.4	2.1	1464.7
pandit_like_002009	19	463	171	37	308.4	12.0	1460.6
pandit_like_002110	19	463	171	37	308.4	12.0	1460.6
pandit_like_003315	19	463	171	37	308.4	12.0	1460.6
pandit_like_008333	19	463	171	37	308.4	12.0	1460.6
pandit_like_007050	21	408	210	41	308.4	16.5	1453.9
pandit_like_008201	21	408	210	41	308.4	16.5	1453.9
pandit_like_009351	21	408	210	41	308.4	16.5	1453.9
pandit_like_013818	21	408	210	41	308.4	16.5	1453.9
pandit_like_006162	38	169	703	75	308.4	103.0	1451.1
pandit_like_008305	38	169	703	75	308.4	103.0	1451.1
pandit_like_010446	38	169	703	75	308.4	103.0	1451.1
pandit_like_013715	38	169	703	75	308.4	103.0	1451.1
pandit_like_014357	38	169	703	75	308.4	103.0	1451.1
pandit_like_004725	35	196	595	69	308.4	80.1	1447.6
pandit_like_006369	35	196	595	69	308.4	80.1	1447.6
pandit_like_007464	35	196	595	69	308.4	80.1	1447.6
pandit_like_009052	35	196	595	69	308.4	80.1	1447.6
pandit_like_012978	35	196	595	69	308.4	80.1	1447.6
pandit_like_018493	35	196	595	69	308.4	80.1	1447.6
pandit_like_001728	51	76	1275	101	308.4	253.4	1447.0
pandit_like_012882	51	76	1275	101	308.4	253.4	1447.0
pandit_like_014979	51	76	1275	101	308.4	253.4	1447.0
pandit_like_006312	25	324	300	49	308.4	28.3	1444.5
pandit_like_008414	25	324	300	49	308.4	28.3	1444.5
pandit_like_008952	25	324	300	49	308.4	28.3	1444.5
pandit_like_013327	25	324	300	49	308.4	28.3	1444.5
pandit_like_014911	25	324	300	49	308.4	28.3	1444.5
pandit_like_017276	25	324	300	49	308.4	28.3	1444.5
pandit_like_005658	14	645	91	27	308.4	4.6	1443.1
pandit_like_005760	14	645	91	27	308.4	4.6	1443.1
pandit_like_009824	14	645	91	27	308.4	4.6	1443.1
pandit_like_011869	14	645	91	27	308.4	4.6	1443.1
pandit_like_000916	31	238	465	61	308.4	55.1	1442.6
pandit_like_005636	31	238	465	61	308.4	55.1	1442.6
pandit_like_008328	31	238	465	61	308.4	55.1	1442.6
pandit_like_012223	31	238	465	61	308.4	55.1	1442.6
pandit_like_012340	31	238	465	61	308.4	55.1	1442.6
pandit_like_012490	31	238	465	61	308.4	55.1	1442.6
pandit_like_005128	10	926	45	19	308.4	1.5	1441.7
pandit_like_018167	10	926	45	19	308.4	1.5	1441.7
pandit_like_014457	25	323	300	49	308.4	28.3	1441.3
pandit_like_014737	25	323	300	49	308.4	28.3	1441.3
pandit_like_004581	26	304	325	51	308.4	32.0	1433.3
pandit_like_005477	26	304	325	51	308.4	32.0	1433.3
pandit_like_008958	26	304	325	51	308.4	32.0	1433.3
pandit_like_009400	26	304	325	51	308.4	32.0	1433.3
pandit_like_017518	26	304	325	51	308.4	32.0	1433.3
pandit_like_003231	51	74	1275	101	308.4	253.4	1433.1
pandit_like_008735	51	74	1275	101	308.4	253.4	1433.1
pandit_like_009706	51	74	1275	101	308.4	253.4	1433.1
pandit_like_011265	51	74	1275	101	308.4	253.4	1433.1
pandit_like_013377	51	74	1275	101	308.4	253.4	1433.1
pandit_like_018810	51	74	1275	101	308.4	253.4	1433.1
pandit_like_002907	7	1331	21	13	308.4	0.5	1430.5
pandit_like_003038	7	1331	21	13	308.4	0.5	1430.5
pandit_like_008778	7	1331	21	13	308.4	0.5	1430.5
pandit_like_000710	53	62	1378	105	308.4	284.9	1429.7
pandit_like_000834	53	62	1378	105	308.4	284.9	1429.7
pandit_like_002820	53	62	1378	105	308.4	284.9	1429.7
pandit_like_011290	53	62	1378	105	308.4	284.9	1429.7
pandit_like_000552	15	587	105	29	308.4	5.7	1423.8
pandit_like_004815	15	587	105	29	308.4	5.7	1423.8
pandit_like_006830	15	587	105	29	308.4	5.7	1423.8
pandit_like_007707	15	587	105	29	308.4	5.7	1423.8
pandit_like_013713	15	587	105	29	308.4	5.7	1423.8
pandit_like_000910	34	200	561	67	308.4	73.2	1420.9
pandit_like_005145	34	200	561	67	308.4	73.2	1420.9
pandit_like_012906	34	200	561	67	308.4	73.2	1420.9
pandit_like_012953	34	200	561	67	308.4	73.2	1420.9
pandit_like_014761	34	200	561	67	308.4	73.2	1420.9
pandit_like_015067	34	200	561	67	308.4	73.2	1420.9
pandit_like_007317	19	446	171	37	308.4	12.0	1420.5
pandit_like_009265	19	446	171	37	308.4	12.0	1420.5
pandit_like_010132	19	446	171	37	308.4	12.0	1420.5
pandit_like_011294	19	446	171	37	308.4	12.0	1420.5
pandit_like_011965	19	446	171	37	308.4	12.0	1420.5
pandit_like_016041	19	446	171	37	308.4	12.0	1420.5
pandit_like_016909	19	446	171	37	308.4	12.0	1420.5
pandit_like_017897	19	446	171	37	308.4	12.0	1420.5
pandit_like_008865	52	66	1326	103	308.4	268.8	1417.7
pandit_like_014838	52	66	1326	103	308.4	268.8	1417.7
pandit_like_016044	52	66	1326	103	308.4	268.8	1417.7
pandit_like_018847	52	66	1326	103	308.4	268.8	1417.7
pandit_like_001087	29	256	406	57	308.4	44.9	1416.3
pandit_like_003271	29	256	406	57	308.4	44.9	1416.3
pandit_like_006151	29	256	406	57	308.4	44.9	1416.3
pandit_like_007240	29	256	406	57	308.4	44.9	1416.3
pandit_like_007684	29	256	406	57	308.4	44.9	1416.3
pandit_like_011642	29	256	406	57	308.4	44.9	1416.3
pandit_like_016105	29	256	406	57	308.4	44.9	1416.3
pandit_like_019233	29	256	406	57	308.4	44.9	1416.3
pandit_like_000802	23	351	253	45	308.4	21.9	1415.5
pandit_like_003622	23	351	253	45	308.4	21.9	1415.5
pandit_like_006930	23	351	253	45	308.4	21.9	1415.5
pandit_like_007488	23	351	253	45	308.4	21.9	1415.5
pandit_like_011375	23	351	253	45	308.4	21.9	1415.5
pandit_like_013592	23	351	253	45	308.4	21.9	1415.5
pandit_like_013722	23	351	253	45	308.4	21.9	1415.5
pandit_like_017193	23	351	253	45	308.4	21.9	1415.5
pandit_like_000067	46	102	1035	91	308.4	184.9	1413.3
pandit_like_007131	46	102	1035	91	308.4	184.9	1413.3
pandit_like_010086	39	153	741	77	308.4	111.6	1412.9
pandit_like_011210	39	153	741	77	308.4	111.6	1412.9
pandit_like_013908	39	153	741	77	308.4	111.6	1412.9
pandit_like_019001	39	153	741	77	308.4	111.6	1412.9
pandit_like_004731	14	627	91	27	308.4	4.6	1412.3
pandit_like_010054	14	627	91	27	308.4	4.6	1412.3
pandit_like_015003	14	627	91	27	308.4	4.6	1412.3
pandit_like_015972	14	627	91	27	308.4	4.6	1412.3
pandit_like_016867	14	627	91	27	308.4	4.6	1412.3
pandit_like_017157	14	627	91	27	308.4	4.6	1412.3
pandit_like_017061	30	242	435	59	308.4	49.8	1411.1
pandit_like_018040	30	242	435	59	308.4	49.8	1411.1
pandit_like_019195	30	242	435	59	308.4	49.8	1411.1
pandit_like_004474	14	626	91	27	308.4	4.6	1410.5
pandit_like_004583	14	626	91	27	308.4	4.6	1410.5
pandit_like_007061	14	626	91	27	308.4	4.6	1410.5
pandit_like_013154	14	626	91	27	308.4	4.6	1410.5
pandit_like_017018	14	626	91	27	308.4	4.6	1410.5
pandit_like_010568	16	538	120	31	308.4	7.0	1408.3
pandit_like_018886	16	538	120	31	308.4	7.0	1408.3
pandit_like_013423	32	218	496	63	308.4	60.8	1407.9
pandit_like_018640	32	218	496	63	308.4	60.8	1407.9
pandit_like_002065	15	577	105	29	308.4	5.7	1405.4
pandit_like_004250	15	577	105	29	308.4	5.7	1405.4
pandit_like_005967	15	577	105	29	308.4	5.7	1405.4
pandit_like_001068	4	2297	6	7	308.4	0.1	1400.3
pandit_like_005555	4	2297	6	7	308.4	0.1	1400.3
pandit_like_007709	4	2297	6	7	308.4	0.1	1400.3
pandit_like_010275	4	2297	6	7	308.4	0.1	1400.3
pandit_like_011528	4	2297	6	7	308.4	0.1	1400.3
pandit_like_003664	48	87	1128	95	308.4	210.6	1399.0
pandit_like_010624	48	87	1128	95	308.4	210.6	1399.0
pandit_like_013643	48	87	1128	95	308.4	210.6	1399.0
pandit_like_016277	48	87	1128	95	308.4	210.6	1399.0
pandit_like_018975	48	87	1128	95	308.4	210.6	1399.0
pandit_like_005439	31	227	465	61	308.4	55.1	1398.8
pandit_like_011023	31	227	465	61	308.4	55.1	1398.8
pandit_like_018368	31	227	465	61	308.4	55.1	1398.8
pandit_like_019085	31	227	465	61	308.4	55.1	1398.8
pandit_like_002567	25	308	300	49	308.4	28.3	1393.9
pandit_like_003372	25	308	300	49	308.4	28.3	1393.9
pandit_like_005347	25	308	300	49	308.4	28.3	1393.9
pandit_like_011281	25	308	300	49	308.4	28.3	1393.9
pandit_like_016006	25	308	300	49	308.4	28.3	1393.9
pandit_like_000739	17	494	136	33	308.4	8.5	1391.6
pandit_like_009180	17	494	136	33	308.4	8.5	1391.6
pandit_like_016796	17	494	136	33	308.4	8.5	1391.6
pandit_like_018508	17	494	136	33	308.4	8.5	1391.6
pandit_like_019329	17	494	136	33	308.4	8.5	1391.6
pandit_like_000497	12	724	66	23	308.4	2.8	1386.1
pandit_like_013734	12	724	66	23	308.4	2.8	1386.1
pandit_like_016293	12	724	66	23	308.4	2.8	1386.1
pandit_like_000096	33	202	528	65	308.4	66.8	1385.4
pandit_like_005476	33	202	528	65	308.4	66.8	1385.4
pandit_like_008942	33	202	528	65	308.4	66.8	1385.4
pandit_like_014003	33	202	528	65	308.4	66.8	1385.4
pandit_like_018099	33	202	528	65	308.4	66.8	1385.4
pandit_like_019211	33	202	528	65	308.4	66.8	1385.4
pandit_like_005296	22	359	231	43	308.4	19.0	1381.6
pandit_like_006949	22	359	231	43	308.4	19.0	1381.6
pandit_like_016380	22	359	231	43	308.4	19.0	1381.6
pandit_like_004984	40	139	780	79	308.4	120.6	1381.4
pandit_like_016857	40	139	780	79	308.4	120.6	1381.4
pandit_like_018290	40	139	780	79	308.4	120.6	1381.4
pandit_like_018657	40	139	780	79	308.4	120.6	1381.4
pandit_like_011011	34	191	561	67	308.4	73.2	1381.3
pandit_like_015189	34	191	561	67	308.4	73.2	1381.3
pandit_like_007172	47	90	1081	93	308.4	197.5	1378.4
pandit_like_012230	47	90	1081	93	308.4	197.5	1378.4
pandit_like_001311	22	356	231	43	308.4	19.0	1373.3
pandit_like_009754	22	356	231	43	308.4	19.0	1373.3
pandit_like_002424	33	199	528	65	308.4	66.8	1372.6
pandit_like_007282	33	199	528	65	308.4	66.8	1372.6
pandit_like_017089	33	199	528	65	308.4	66.8	1372.6
pandit_like_012912	34	189	561	67	308.4	73.2	1372.5
pandit_like_012937	34	189	561	67	308.4	73.2	1372.5
pandit_like_013830	34	189	561	67	308.4	73.2	1372.5
pandit_like_010874	51	65	1275	101	308.4	253.4	1370.8
pandit_like_013704	51	65	1275	101	308.4	253.4	1370.8
pandit_like_000991	25	300	300	49	308.4	28.3	1368.7
pandit_like_007302	25	300	300	49	308.4	28.3	1368.7
pandit_like_007894	25	300	300	49	308.4	28.3	1368.7
pandit_like_016015	25	300	300	49	308.4	28.3	1368.7
pandit_like_017823	25	300	300	49	308.4	28.3	1368.7
pandit_like_018185	25	300	300	49	308.4	28.3	1368.7
pandit_like_018931	25	300	300	49	308.4	28.3	1368.7
pandit_like_002200	45	101	990	89	308.4	172.9	1367.3
pandit_like_010809	45	101	990	89	308.4	172.9	1367.3
pandit_like_018488	45	101	990	89	308.4	172.9	1367.3
pandit_like_019326	45	101	990	89	308.4	172.9	1367.3
pandit_like_007493	31	219	465	61	308.4	55.1	1366.9
pandit_like_013238	31	219	465	61	308.4	55.1	1366.9
pandit_like_014023	31	219	465	61	308.4	55.1	1366.9
pandit_like_014397	31	219	465	61	308.4	55.1	1366.9
pandit_like_019721	31	219	465	61	308.4	55.1	1366.9
pandit_like_008726	14	600	91	27	308.4	4.6	1366.0
pandit_like_011841	14	600	91	27	308.4	4.6	1366.0
pandit_like_015500	14	600	91	27	308.4	4.6	1366.0
pandit_like_017023	14	600	91	27	308.4	4.6	1366.0
pandit_like_005697	23	332	253	45	308.4	21.9	1360.6
pandit_like_010898	23	332	253	45	308.4	21.9	1360.6
pandit_like_015554	23	332	253	45	308.4	21.9	1360.6
pandit_like_004182	48	81	1128	95	308.4	210.6	1360.2
pandit_like_016792	48	81	1128	95	308.4	210.6	1360.2
pandit_like_019285	48	81	1128	95	308.4	210.6	1360.2
pandit_like_002943	15	552	105	29	308.4	5.7	1359.4
pandit_like_003219	15	552	105	29	308.4	5.7	1359.4
pandit_like_003753	15	552	105	29	308.4	5.7	1359.4
pandit_like_005750	15	552	105	29	308.4	5.7	1359.4
pandit_like_012199	15	552	105	29	308.4	5.7	1359.4
pandit_like_019383	15	552	105	29	308.4	5.7	1359.4
pandit_like_000436	51	63	1275	101	308.4	253.4	1356.9
pandit_like_000602	51	63	1275	101	308.4	253.4	1356.9
pandit_like_004243	51	63	1275	101	308.4	253.4	1356.9
pandit_like_005446	51	63	1275	101	308.4	253.4	1356.9
pandit_like_014930	51	63	1275	101	308.4	253.4	1356.9
pandit_like_014956	51	63	1275	101	308.4	253.4	1356.9
pandit_like_016977	51	63	1275	101	308.4	253.4	1356.9
pandit_like_018431	51	63	1275	101	308.4	253.4	1356.9
pandit_like_013028	21	370	210	41	308.4	16.5	1354.2
pandit_like_005580	22	348	231	43	308.4	19.0	1351.3
pandit_like_011727	22	348	231	43	308.4	19.0	1351.3
pandit_like_012427	22	348	231	43	308.4	19.0	1351.3
pandit_like_018705	22	348	231	43	308.4	19.0	1351.3
pandit_like_019744	22	348	231	43	308.4	19.0	1351.3
pandit_like_008430	38	148	703	75	308.4	103.0	1346.5
pandit_like_008481	38	148	703	75	308.4	103.0	1346.5
pandit_like_010182	38	148	703	75	308.4	103.0	1346.5
pandit_like_014188	38	148	703	75	308.4	103.0	1346.5
pandit_like_014595	38	148	703	75	308.4	103.0	1346.5
pandit_like_017544	38	148	703	75	308.4	103.0	1346.5
pandit_like_019480	38	148	703	75	308.4	103.0	1346.5
pandit_like_004679	50	67	1225	99	308.4	238.5	1345.4
pandit_like_009313	50	67	1225	99	308.4	238.5	1345.4
pandit_like_010202	50	67	1225	99	308.4	238.5	1345.4
pandit_like_012158	50	67	1225	99	308.4	238.5	1345.4
pandit_like_001742	21	365	210	41	308.4	16.5	1341.1
pandit_like_002067	21	365	210	41	308.4	16.5	1341.1
pandit_like_003520	21	365	210	41	308.4	16.5	1341.1
pandit_like_006943	21	365	210	41	308.4	16.5	1341.1
pandit_like_007375	21	365	210	41	308.4	16.5	1341.1
pandit_like_008129	21	365	210	41	308.4	16.5	1341.1
pandit_like_018375	21	365	210	41	308.4	16.5	1341.1
pandit_like_005163	18	438	153	35	308.4	10.2	1337.5
pandit_like_012955	18	438	153	35	308.4	10.2	1337.5
pandit_like_015866	18	438	153	35	308.4	10.2	1337.5
pandit_like_000175	42	116	861	83	308.4	140.0	1336.4
pandit_like_003355	42	116	861	83	308.4	140.0	1336.4
pandit_like_004143	42	116	861	83	308.4	140.0	1336.4
pandit_like_006847	42	116	861	83	308.4	140.0	1336.4
pandit_like_008981	42	116	861	83	308.4	140.0	1336.4
pandit_like_014422	42	116	861	83	308.4	140.0	1336.4
pandit_like_002804	37	154	666	73	308.4	94.9	1335.6
pandit_like_003551	37	154	666	73	308.4	94.9	1335.6
pandit_like_004554	37	154	666	73	308.4	94.9	1335.6
pandit_like_010509	37	154	666	73	308.4	94.9	1335.6
pandit_like_010947	37	154	666	73	308.4	94.9	1335.6
pandit_like_014060	37	154	666	73	308.4	94.9	1335.6
pandit_like_002029	44	102	946	87	308.4	161.4	1334.1
pandit_like_002359	44	102	946	87	308.4	161.4	1334.1
pandit_like_006257	44	102	946	87	308.4	161.4	1334.1
pandit_like_012936	44	102	946	87	308.4	161.4	1334.1
pandit_like_005805	35	171	595	69	308.4	80.1	1333.9
pandit_like_008259	35	171	595	69	308.4	80.1	1333.9
pandit_like_011268	35	171	595	69	308.4	80.1	1333.9
pandit_like_015137	35	171	595	69	308.4	80.1	1333.9
pandit_like_016252	35	171	595	69	308.4	80.1	1333.9
pandit_like_016677	35	171	595	69	308.4	80.1	1333.9
pandit_like_002911	21	362	210	41	308.4	16.5	1333.2
pandit_like_017594	21	362	210	41	308.4	16.5	1333.2
pandit_like_000250	29	233	406	57	308.4	44.9	1331.0
pandit_like_003182	29	233	406	57	308.4	44.9	1331.0
pandit_like_004006	29	233	406	57	308.4	44.9	1331.0
pandit_like_007320	29	233	406	57	308.4	44.9	1331.0
pandit_like_014292	29	233	406	57	308.4	44.9	1331.0
pandit_like_015032	29	233	406	57	308.4	44.9	1331.0
pandit_like_016533	29	233	406	57	308.4	44.9	1331.0
pandit_like_019797	29	233	406	57	308.4	44.9	1331.0
pandit_like_019823	29	233	406	57	308.4	44.9	1331.0
pandit_like_003274	20	383	190	39	308.4	14.1	1329.7
pandit_like_005554	20	383	190	39	308.4	14.1	1329.7
pandit_like_007765	20	383	190	39	308.4	14.1	1329.7
pandit_like_011083	20	383	190	39	308.4	14.1	1329.7
pandit_like_013221	20	383	190	39	308.4	14.1	1329.7
pandit_like_014513	20	383	190	39	308.4	14.1	1329.7
pandit_like_003030	16	498	120	31	308.4	7.0	1329.6
pandit_like_004603	16	498	120	31	308.4	7.0	1329.6
pandit_like_018229	16	498	120	31	308.4	7.0	1329.6
pandit_like_009734	13	628	78	25	308.4	3.6	1329.5
pandit_like_017232	13	628	78	25	308.4	3.6	1329.5
pandit_like_019148	13	628	78	25	308.4	3.6	1329.5
pandit_like_000752	51	59	1275	101	308.4	253.4	1329.2
pandit_like_006773	51	59	1275	101	308.4	253.4	1329.2
pandit_like_009187	51	59	1275	101	308.4	253.4	1329.2
pandit_like_010154	51	59	1275	101	308.4	253.4	1329.2
pandit_like_014307	51	59	1275	101	308.4	253.4	1329.2
pandit_like_014412	51	59	1275	101	308.4	253.4	1329.2
pandit_like_014863	51	59	1275	101	308.4	253.4	1329.2
pandit_like_015508	51	59	1275	101	308.4	253.4	1329.2
pandit_like_019847	51	59	1275	101	308.4	253.4	1329.2
pandit_like_002896	9	931	36	17	308.4	1.1	1329.1
pandit_like_004857	9	931	36	17	308.4	1.1	1329.1
pandit_like_005969	9	931	36	17	308.4	1.1	1329.1
pandit_like_014558	9	931	36	17	308.4	1.1	1329.1
pandit_like_016524	9	931	36	17	308.4	1.1	1329.1
pandit_like_019607	9	931	36	17	308.4	1.1	1329.1
pandit_like_003268	33	188	528	65	308.4	66.8	1325.7
pandit_like_008024	33	188	528	65	308.4	66.8	1325.7
pandit_like_010078	33	188	528	65	308.4	66.8	1325.7
pandit_like_012582	33	188	528	65	308.4	66.8	1325.7
pandit_like_015555	33	188	528	65	308.4	66.8	1325.7
pandit_like_015983	33	188	528	65	308.4	66.8	1325.7
pandit_like_016645	33	188	528	65	308.4	66.8	1325.7
pandit_like_000585	32	198	496	63	308.4	60.8	1325.4
pandit_like_003036	32	198	496	63	308.4	60.8	1325.4
pandit_like_007796	32	198	496	63	308.4	60.8	1325.4
pandit_like_009163	32	198	496	63	308.4	60.8	1325.4
pandit_like_009567	32	198	496	63	308.4	60.8	1325.4
pandit_like_016612	32	198	496	63	308.4	60.8	1325.4
pandit_like_007740	43	107	903	85	308.4	150.5	1324.5
pandit_like_010351	43	107	903	85	308.4	150.5	1324.5
pandit_like_011553	43	107	903	85	308.4	150.5	1324.5
pandit_like_012279	43	107	903	85	308.4	150.5	1324.5
pandit_like_016795	43	107	903	85	308.4	150.5	1324.5
pandit_like_000944	30	219	435	59	308.4	49.8	1322.6
pandit_like_003435	37	151	666	73	308.4	94.9	1321.1
pandit_like_004276	37	151	666	73	308.4	94.9	1321.1
pandit_like_014565	37	151	666	73	308.4	94.9	1321.1
pandit_like_016172	37	151	666	73	308.4	94.9	1321.1
pandit_like_019182	37	151	666	73	308.4	94.9	1321.1
pandit_like_000851	42	113	861	83	308.4	140.0	1319.7
pandit_like_001380	42	113	861	83	308.4	140.0	1319.7
pandit_like_008054	42	113	861	83	308.4	140.0	1319.7
pandit_like_017687	42	113	861	83	308.4	140.0	1319.7
pandit_like_019187	42	113	861	83	308.4	140.0	1319.7
pandit_like_000207	21	356	210	41	308.4	16.5	1317.5
pandit_like_001039	21	356	210	41	308.4	16.5	1317.5
pandit_like_001718	21	356	210	41	308.4	16.5	1317.5
pandit_like_001743	21	356	210	41	308.4	16.5	1317.5
pandit_like_002975	21	356	210	41	308.4	16.5	1317.5
pandit_like_003319	21	356	210	41	308.4	16.5	1317.5
pandit_like_016824	21	356	210	41	308.4	16.5	1317.5
pandit_like_004326	10	823	45	19	308.4	1.5	1317.2
pandit_like_017658	10	823	45	19	308.4	1.5	1317.2
pandit_like_017792	10	823	45	19	308.4	1.5	1317.2
pandit_like_001781	25	283	300	49	308.4	28.3	1315.0
pandit_like_008322	25	283	300	49	308.4	28.3	1315.0
pandit_like_014965	25	283	300	49	308.4	28.3	1315.0
pandit_like_017757	25	283	300	49	308.4	28.3	1315.0
pandit_like_000867	14	569	91	27	308.4	4.6	1312.9
pandit_like_002135	14	569	91	27	308.4	4.6	1312.9
pandit_like_004268	14	569	91	27	308.4	4.6	1312.9
pandit_like_012006	22	333	231	43	308.4	19.0	1309.9
pandit_like_000349	28	239	378	55	308.4	40.2	1307.8
pandit_like_008808	28	239	378	55	308.4	40.2	1307.8
pandit_like_019627	28	239	378	55	308.4	40.2	1307.8
pandit_like_008896	45	91	990	89	308.4	172.9	1307.1
pandit_like_012492	45	91	990	89	308.4	172.9	1307.1
pandit_like_013491	45	91	990	89	308.4	172.9	1307.1
pandit_like_019918	45	91	990	89	308.4	172.9	1307.1
pandit_like_000541	38	140	703	75	308.4	103.0	1306.6
pandit_like_002946	38	140	703	75	308.4	103.0	1306.6
pandit_like_003300	38	140	703	75	308.4	103.0	1306.6
pandit_like_004311	38	140	703	75	308.4	103.0	1306.6
pandit_like_012325	38	140	703	75	308.4	103.0	1306.6
pandit_like_013920	38	140	703	75	308.4	103.0	1306.6
pandit_like_013948	38	140	703	75	308.4	103.0	1306.6
pandit_like_015170	38	140	703	75	308.4	103.0	1306.6
pandit_like_000984	19	397	171	37	308.4	12.0	1305.0
pandit_like_003529	19	397	171	37	308.4	12.0	1305.0
pandit_like_005112	19	397	171	37	308.4	12.0	1305.0
pandit_like_006387	19	397	171	37	308.4	12.0	1305.0
pandit_like_006903	19	397	171	37	308.4	12.0	1305.0
pandit_like_011104	19	397	171	37	308.4	12.0	1305.0
pandit_like_000228	44	97	946	87	308.4	161.4	1304.8
pandit_like_001726	44	97	946	87	308.4	161.4	1304.8
pandit_like_003403	44	97	946	87	308.4	161.4	1304.8
pandit_like_004705	44	97	946	87	308.4	161.4	1304.8
pandit_like_005079	44	97	946	87	308.4	161.4	1304.8
pandit_like_008537	44	97	946	87	308.4	161.4	1304.8
pandit_like_019340	44	97	946	87	308.4	161.4	1304.8
pandit_like_002537	11	734	55	21	308.4	2.1	1304.7
pandit_like_006158	11	734	55	21	308.4	2.1	1304.7
pandit_like_008479	11	734	55	21	308.4	2.1	1304.7
pandit_like_008591	11	734	55	21	308.4	2.1	1304.7
pandit_like_010929	11	734	55	21	308.4	2.1	1304.7
pandit_like_019851	11	734	55	21	308.4	2.1	1304.7
pandit_like_001219	42	110	861	83	308.4	140.0	1303.0
pandit_like_011064	42	110	861	83	308.4	140.0	1303.0
pandit_like_018469	42	110	861	83	308.4	140.0	1303.0
pandit_like_000367	40	124	780	79	308.4	120.6	1302.3
pandit_like_004332	40	124	780	79	308.4	120.6	1302.3
pandit_like_009261	40	124	780	79	308.4	120.6	1302.3
pandit_like_002042	22	329	231	43	308.4	19.0	1298.9
pandit_like_003089	22	329	231	43	308.4	19.0	1298.9
pandit_like_005408	22	329	231	43	308.4	19.0	1298.9
pandit_like_007601	22	329	231	43	308.4	19.0	1298.9
pandit_like_008531	22	329	231	43	308.4	19.0	1298.9
pandit_like_008936	22	329	231	43	308.4	19.0	1298.9
pandit_like_012290	22	329	231	43	308.4	19.0	1298.9
pandit_like_014123	22	329	231	43	308.4	19.0	1298.9
pandit_like_014241	22	329	231	43	308.4	19.0	1298.9
pandit_like_019372	22	329	231	43	308.4	19.0	1298.9
pandit_like_004913	26	263	325	51	308.4	32.0	1298.2
pandit_like_009353	26	263	325	51	308.4	32.0	1298.2
pandit_like_004582	50	60	1225	99	308.4	238.5	1298.0
pandit_like_005525	50	60	1225	99	308.4	238.5	1298.0
pandit_like_009007	50	60	1225	99	308.4	238.5	1298.0
pandit_like_009411	50	60	1225	99	308.4	238.5	1298.0
pandit_like_010792	50	60	1225	99	308.4	238.5	1298.0
pandit_like_016169	50	60	1225	99	308.4	238.5	1298.0
pandit_like_019653	50	60	1225	99	308.4	238.5	1298.0
pandit_like_005640	41	116	820	81	308.4	130.1	1297.8
pandit_like_009425	41	116	820	81	308.4	130.1	1297.8
pandit_like_011348	41	116	820	81	308.4	130.1	1297.8
pandit_like_012519	41	116	820	81	308.4	130.1	1297.8
pandit_like_013578	41	116	820	81	308.4	130.1	1297.8
pandit_like_018421	41	116	820	81	308.4	130.1	1297.8
pandit_like_018875	41	116	820	81	308.4	130.1	1297.8
pandit_like_002667	42	109	861	83	308.4	140.0	1297.5
pandit_like_007509	42	109	861	83	308.4	140.0	1297.5
pandit_like_010120	42	109	861	83	308.4	140.0	1297.5
pandit_like_015859	42	109	861	83	308.4	140.0	1297.5
pandit_like_017678	42	109	861	83	308.4	140.0	1297.5
pandit_like_018018	42	109	861	83	308.4	140.0	1297.5
pandit_like_004202	9	899	36	17	308.4	1.1	1294.4
pandit_like_006906	9	899	36	17	308.4	1.1	1294.4
pandit_like_017417	9	899	36	17	308.4	1.1	1294.4
pandit_like_005121	24	292	276	47	308.4	25.0	1293.8
pandit_like_013239	24	292	276	47	308.4	25.0	1293.8
pandit_like_013490	24	292	276	47	308.4	25.0	1293.8
pandit_like_013711	24	292	276	47	308.4	25.0	1293.8
pandit_like_017013	24	292	276	47	308.4	25.0	1293.8
pandit_like_019809	24	292	276	47	308.4	25.0	1293.8
pandit_like_001723	9	898	36	17	308.4	1.1	1293.4
pandit_like_001965	9	898	36	17	308.4	1.1	1293.4
pandit_like_005875	9	898	36	17	308.4	1.1	1293.4
pandit_like_003206	34	171	561	67	308.4	73.2	1293.1
pandit_like_005086	34	171	561	67	308.4	73.2	1293.1
pandit_like_005584	34	171	561	67	308.4	73.2	1293.1
pandit_like_007178	34	171	561	67	308.4	73.2	1293.1
pandit_like_011535	34	171	561	67	308.4	73.2	1293.1
pandit_like_011862	34	171	561	67	308.4	73.2	1293.1
pandit_like_001436	16	479	120	31	308.4	7.0	1292.2
pandit_like_004601	16	479	120	31	308.4	7.0	1292.2
pandit_like_014097	16	479	120	31	308.4	7.0	1292.2
pandit_like_018782	16	479	120	31	308.4	7.0	1292.2
pandit_like_004670	30	211	435	59	308.4	49.8	1291.9
pandit_like_007570	30	211	435	59	308.4	49.8	1291.9
pandit_like_009050	30	211	435	59	308.4	49.8	1291.9
pandit_like_011400	30	211	435	59	308.4	49.8	1291.9
pandit_like_013331	30	211	435	59	308.4	49.8	1291.9
pandit_like_015693	30	211	435	59	308.4	49.8	1291.9
pandit_like_003905	42	108	861	83	308.4	140.0	1291.9
pandit_like_012572	42	108	861	83	308.4	140.0	1291.9
pandit_like_013025	42	108	861	83	308.4	140.0	1291.9
pandit_like_001857	36	153	630	71	308.4	87.3	1291.0
pandit_like_006518	36	153	630	71	308.4	87.3	1291.0
pandit_like_010174	36	153	630	71	308.4	87.3	1291.0
pandit_like_010388	36	153	630	71	308.4	87.3	1291.0
pandit_like_011462	36	153	630	71	308.4	87.3	1291.0
pandit_like_015593	7	1164	21	13	308.4	0.5	1290.5
pandit_like_016062	7	1164	21	13	308.4	0.5	1290.5
pandit_like_018532	7	1164	21	13	308.4	0.5	1290.5
pandit_like_005820	10	800	45	19	308.4	1.5	1289.4
pandit_like_008045	10	800	45	19	308.4	1.5	1289.4
pandit_like_009921	10	800	45	19	308.4	1.5	1289.4
pandit_like_012333	10	800	45	19	308.4	1.5	1289.4
pandit_like_012420	10	800	45	19	308.4	1.5	1289.4
pandit_like_015312	10	800	45	19	308.4	1.5	1289.4
pandit_like_001237	45	88	990	89	308.4	172.9	1289.1
pandit_like_002473	45	88	990	89	308.4	172.9	1289.1
pandit_like_004016	45	88	990	89	308.4	172.9	1289.1
pandit_like_007054	45	88	990	89	308.4	172.9	1289.1
pandit_like_009385	45	88	990	89	308.4	172.9	1289.1
pandit_like_009572	45	88	990	89	308.4	172.9	1289.1
pandit_like_014323	45	88	990	89	308.4	172.9	1289.1
pandit_like_016039	45	88	990	89	308.4	172.9	1289.1
pandit_like_011988	30	210	435	59	308.4	49.8	1288.0
pandit_like_000427	17	444	136	33	308.4	8.5	1286.7
pandit_like_013457	17	444	136	33	308.4	8.5	1286.7
pandit_like_004076	27	245	351	53	308.4	36.0	1283.7
pandit_like_006754	27	245	351	53	308.4	36.0	1283.7
pandit_like_007312	27	245	351	53	308.4	36.0	1283.7
pandit_like_012127	27	245	351	53	308.4	36.0	1283.7
pandit_like_000562	15	509	105	29	308.4	5.7	1280.3
pandit_like_002142	15	509	105	29	308.4	5.7	1280.3
pandit_like_002282	15	509	105	29	308.4	5.7	1280.3
pandit_like_008084	15	509	105	29	308.4	5.7	1280.3
pandit_like_008631	15	509	105	29	308.4	5.7	1280.3
pandit_like_019471	15	509	105	29	308.4	5.7	1280.3
pandit_like_006370	25	272	300	49	308.4	28.3	1280.2
pandit_like_006569	25	272	300	49	308.4	28.3	1280.2
pandit_like_006680	25	272	300	49	308.4	28.3	1280.2
pandit_like_009578	25	272	300	49	308.4	28.3	1280.2
pandit_like_014648	25	272	300	49	308.4	28.3	1280.2
pandit_like_016442	25	272	300	49	308.4	28.3	1280.2
pandit_like_016596	25	272	300	49	308.4	28.3	1280.2
pandit_like_019971	25	272	300	49	308.4	28.3	1280.2
pandit_like_004420	29	219	406	57	308.4	44.9	1279.1
pandit_like_018030	29	219	406	57	308.4	44.9	1279.1
pandit_like_019804	29	219	406	57	308.4	44.9	1279.1
pandit_like_012566	24	286	276	47	308.4	25.0	1275.7
pandit_like_013772	24	286	276	47	308.4	25.0	1275.7
pandit_like_013874	24	286	276	47	308.4	25.0	1275.7
pandit_like_017790	24	286	276	47	308.4	25.0	1275.7
pandit_like_018925	24	286	276	47	308.4	25.0	1275.7
pandit_like_003953	31	196	465	61	308.4	55.1	1275.3
pandit_like_006249	31	196	465	61	308.4	55.1	1275.3
pandit_like_008150	31	196	465	61	308.4	55.1	1275.3
pandit_like_009503	31	196	465	61	308.4	55.1	1275.3
pandit_like_014507	31	196	465	61	308.4	55.1	1275.3
pandit_like_017391	31	196	465	61	308.4	55.1	1275.3
pandit_like_018662	31	196	465	61	308.4	55.1	1275.3
pandit_like_006956	19	384	171	37	308.4	12.0	1274.3
pandit_like_014032	19	384	171	37	308.4	12.0	1274.3
pandit_like_017928	19	384	171	37	308.4	12.0	1274.3
pandit_like_001763	18	409	153	35	308.4	10.2	1272.8
pandit_like_010235	18	409	153	35	308.4	10.2	1272.8
pandit_like_015702	18	409	153	35	308.4	10.2	1272.8
pandit_like_016204	18	409	153	35	308.4	10.2	1272.8
pandit_like_017459	18	409	153	35	308.4	10.2	1272.8
pandit_like_019009	18	409	153	35	308.4	10.2	1272.8
pandit_like_000678	28	229	378	55	308.4	40.2	1272.1
pandit_like_001259	28	229	378	55	308.4	40.2	1272.1
pandit_like_003695	28	229	378	55	308.4	40.2	1272.1
pandit_like_019328	28	229	378	55	308.4	40.2	1272.1
pandit_like_019822	28	229	378	55	308.4	40.2	1272.1
pandit_like_003553	38	133	703	75	308.4	103.0	1271.8
pandit_like_004246	38	133	703	75	308.4	103.0	1271.8
pandit_like_006566	38	133	703	75	308.4	103.0	1271.8
pandit_like_008025	38	133	703	75	308.4	103.0	1271.8
pandit_like_008131	38	133	703	75	308.4	103.0	1271.8
pandit_like_009408	38	133	703	75	308.4	103.0	1271.8
pandit_like_012297	38	133	703	75	308.4	103.0	1271.8
pandit_like_014798	38	133	703	75	308.4	103.0	1271.8
pandit_like_002360	34	166	561	67	308.4	73.2	1271.1
pandit_like_003682	34	166	561	67	308.4	73.2	1271.1
pandit_like_006314	34	166	561	67	308.4	73.2	1271.1
pandit_like_007496	34	166	561	67	308.4	73.2	1271.1
pandit_like_007979	34	166	561	67	308.4	73.2	1271.1
pandit_like_010135	34	166	561	67	308.4	73.2	1271.1
pandit_like_012101	34	166	561	67	308.4	73.2	1271.1
pandit_like_012812	34	166	561	67	308.4	73.2	1271.1
pandit_like_001389	7	1137	21	13	308.4	0.5	1267.9
pandit_like_005134	7	1137	21	13	308.4	0.5	1267.9
pandit_like_009471	7	1137	21	13	308.4	0.5	1267.9
pandit_like_014878	7	1137	21	13	308.4	0.5	1267.9
pandit_like_015804	7	1137	21	13	308.4	0.5	1267.9
pandit_like_017800	7	1137	21	13	308.4	0.5	1267.9
pandit_like_018697	7	1137	21	13	308.4	0.5	1267.9
pandit_like_000447	21	337	210	41	308.4	16.5	1267.7
pandit_like_000521	21	337	210	41	308.4	16.5	1267.7
pandit_like_001195	19	380	171	37	308.4	12.0	1264.9
pandit_like_002386	19	380	171	37	308.4	12.0	1264.9
pandit_like_003602	19	380	171	37	308.4	12.0	1264.9
pandit_like_005240	19	380	171	37	308.4	12.0	1264.9
pandit_like_002369	17	433	136	33	308.4	8.5	1263.6
pandit_like_002913	17	433	136	33	308.4	8.5	1263.6
pandit_like_012550	17	433	136	33	308.4	8.5	1263.6
pandit_like_015058	17	433	136	33	308.4	8.5	1263.6
pandit_like_015363	17	433	136	33	308.4	8.5	1263.6
pandit_like_016315	17	433	136	33	308.4	8.5	1263.6
pandit_like_017692	17	433	136	33	308.4	8.5	1263.6
pandit_like_007013	32	183	496	63	308.4	60.8	1263.5
pandit_like_009840	32	183	496	63	308.4	60.8	1263.5
pandit_like_010441	32	183	496	63	308.4	60.8	1263.5
pandit_like_006058	12	638	66	23	308.4	2.8	1260.6
pandit_like_013887	12	638	66	23	308.4	2.8	1260.6
pandit_like_014105	12	638	66	23	308.4	2.8	1260.6
pandit_like_000303	37	138	666	73	308.4	94.9	1258.2
pandit_like_009095	37	138	666	73	308.4	94.9	1258.2
pandit_like_017488	37	138	666	73	308.4	94.9	1258.2
pandit_like_019997	37	138	666	73	308.4	94.9	1258.2
pandit_like_004780	23	295	253	45	308.4	21.9	1253.7
pandit_like_004883	23	295	253	45	308.4	21.9	1253.7
pandit_like_005101	23	295	253	45	308.4	21.9	1253.7
pandit_like_005679	23	295	253	45	308.4	21.9	1253.7
pandit_like_008163	23	295	253	45	308.4	21.9	1253.7
pandit_like_008595	23	295	253	45	308.4	21.9	1253.7
pandit_like_001041	29	212	406	57	308.4	44.9	1253.2
pandit_like_005825	29	212	406	57	308.4	44.9	1253.2
pandit_like_008208	29	212	406	57	308.4	44.9	1253.2
pandit_like_011517	29	212	406	57	308.4	44.9	1253.2
pandit_like_017894	29	212	406	57	308.4	44.9	1253.2
pandit_like_018624	29	212	406	57	308.4	44.9	1253.2
pandit_like_005570	42	101	861	83	308.4	140.0	1252.9
pandit_like_007344	42	101	861	83	308.4	140.0	1252.9
pandit_like_008092	42	101	861	83	308.4	140.0	1252.9
pandit_like_003308	15	494	105	29	308.4	5.7	1252.7
pandit_like_003468	15	494	105	29	308.4	5.7	1252.7
pandit_like_003506	15	494	105	29	308.4	5.7	1252.7
pandit_like_003677	15	494	105	29	308.4	5.7	1252.7
pandit_like_003847	15	494	105	29	308.4	5.7	1252.7
pandit_like_007960	15	494	105	29	308.4	5.7	1252.7
pandit_like_014530	15	494	105	29	308.4	5.7	1252.7
pandit_like_001745	47	70	1081	93	308.4	197.5	1252.1
pandit_like_002540	47	70	1081	93	308.4	197.5	1252.1
pandit_like_002729	47	70	1081	93	308.4	197.5	1252.1
pandit_like_006894	47	70	1081	93	308.4	197.5	1252.1
pandit_like_010596	47	70	1081	93	308.4	197.5	1252.1
pandit_like_010715	47	70	1081	93	308.4	197.5	1252.1
pandit_like_012633	47	70	1081	93	308.4	197.5	1252.1
pandit_like_012832	47	70	1081	93	308.4	197.5	1252.1
pandit_like_016118	47	70	1081	93	308.4	197.5	1252.1
pandit_like_000133	15	492	105	29	308.4	5.7	1249.0
pandit_like_012919	15	492	105	29	308.4	5.7	1249.0
pandit_like_014169	15	492	105	29	308.4	5.7	1249.0
pandit_like_018247	15	492	105	29	308.4	5.7	1249.0
pandit_like_019917	15	492	105	29	308.4	5.7	1249.0
pandit_like_004253	36	144	630	71	308.4	87.3	1248.7
pandit_like_009447	36	144	630	71	308.4	87.3	1248.7
pandit_like_010920	36	144	630	71	308.4	87.3	1248.7
pandit_like_016017	36	144	630	71	308.4	87.3	1248.7
pandit_like_002486	23	293	253	45	308.4	21.9	1247.9
pandit_like_009546	23	293	253	45	308.4	21.9	1247.9
pandit_like_010399	23	293	253	45	308.4	21.9	1247.9
pandit_like_012540	23	293	253	45	308.4	21.9	1247.9
pandit_like_017067	23	293	253	45	308.4	21.9	1247.9
pandit_like_000488	16	456	120	31	308.4	7.0	1246.9
pandit_like_001831	16	456	120	31	308.4	7.0	1246.9
pandit_like_002898	16	456	120	31	308.4	7.0	1246.9
pandit_like_010521	16	456	120	31	308.4	7.0	1246.9
pandit_like_011384	16	456	120	31	308.4	7.0	1246.9
pandit_like_000058	34	160	561	67	308.4	73.2	1244.6
pandit_like_005880	34	160	561	67	308.4	73.2	1244.6
pandit_like_007945	34	160	561	67	308.4	73.2	1244.6
pandit_like_008371	34	160	561	67	308.4	73.2	1244.6
pandit_like_000596	36	143	630	71	308.4	87.3	1244.0
pandit_like_004395	36	143	630	71	308.4	87.3	1244.0
pandit_like_013432	36	143	630	71	308.4	87.3	1244.0
pandit_like_013867	36	143	630	71	308.4	87.3	1244.0
pandit_like_017318	36	143	630	71	308.4	87.3	1244.0
pandit_like_018887	36	143	630	71	308.4	87.3	1244.0
pandit_like_007027	35	151	595	69	308.4	80.1	1242.9
pandit_like_011623	35	151	595	69	308.4	80.1	1242.9
pandit_like_019298	35	151	595	69	308.4	80.1	1242.9
pandit_like_003133	13	573	78	25	308.4	3.6	1242.3
pandit_like_017911	13	573	78	25	308.4	3.6	1242.3
pandit_like_000281	30	198	435	59	308.4	49.8	1241.9
pandit_like_006711	30	198	435	59	308.4	49.8	1241.9
pandit_like_007096	30	198	435	59	308.4	49.8	1241.9
pandit_like_007255	30	198	435	59	308.4	49.8	1241.9
pandit_like_011498	30	198	435	59	308.4	49.8	1241.9
pandit_like_018302	30	198	435	59	308.4	49.8	1241.9
pandit_like_019570	30	198	435	59	308.4	49.8	1241.9
pandit_like_016404	14	526	91	27	308.4	4.6	1239.3
pandit_like_000808	43	92	903	85	308.4	150.5	1238.7
pandit_like_001127	43	92	903	85	308.4	150.5	1238.7
pandit_like_002622	43	92	903	85	308.4	150.5	1238.7
pandit_like_004157	43	92	903	85	308.4	150.5	1238.7
pandit_like_007980	43	92	903	85	308.4	150.5	1238.7
pandit_like_009418	43	92	903	85	308.4	150.5	1238.7
pandit_like_009728	43	92	903	85	308.4	150.5	1238.7
pandit_like_014555	43	92	903	85	308.4	150.5	1238.7
pandit_like_014775	43	92	903	85	308.4	150.5	1238.7
pandit_like_002739	11	683	55	21	308.4	2.1	1236.7
pandit_like_007564	11	683	55	21	308.4	2.1	1236.7
pandit_like_011618	11	683	55	21	308.4	2.1	1236.7
pandit_like_013126	11	683	55	21	308.4	2.1	1236.7
pandit_like_003248	19	368	171	37	308.4	12.0	1236.6
pandit_like_006820	19	368	171	37	308.4	12.0	1236.6
pandit_like_011936	19	368	171	37	308.4	12.0	1236.6
pandit_like_012678	19	368	171	37	308.4	12.0	1236.6
pandit_like_000318	16	450	120	31	308.4	7.0	1235.1
pandit_like_005469	16	450	120	31	308.4	7.0	1235.1
pandit_like_007672	16	450	120	31	308.4	7.0	1235.1
pandit_like_009278	16	450	120	31	308.4	7.0	1235.1
pandit_like_010853	16	450	120	31	308.4	7.0	1235.1
pandit_like_018085	16	450	120	31	308.4	7.0	1235.1
pandit_like_003217	35	149	595	69	308.4	80.1	1233.8
pandit_like_005858	35	149	595	69	308.4	80.1	1233.8
pandit_like_010522	35	149	595	69	308.4	80.1	1233.8
pandit_like_014644	35	149	595	69	308.4	80.1	1233.8
pandit_like_019046	35	149	595	69	308.4	80.1	1233.8
pandit_like_017860	40	111	780	79	308.4	120.6	1233.7
pandit_like_018731	40	111	780	79	308.4	120.6	1233.7
pandit_like_019052	40	111	780	79	308.4	120.6	1233.7
pandit_like_000518	16	448	120	31	308.4	7.0	1231.2
pandit_like_001009	16	448	120	31	308.4	7.0	1231.2
pandit_like_001604	16	448	120	31	308.4	7.0	1231.2
pandit_like_003309	16	448	120	31	308.4	7.0	1231.2
pandit_like_010248	16	448	120	31	308.4	7.0	1231.2
pandit_like_015228	16	448	120	31	308.4	7.0	1231.2
pandit_like_016411	16	448	120	31	308.4	7.0	1231.2
pandit_like_018872	16	448	120	31	308.4	7.0	1231.2
pandit_like_019880	16	448	120	31	308.4	7.0	1231.2
pandit_like_001652	23	287	253	45	308.4	21.9	1230.6
pandit_like_002643	23	287	253	45	308.4	21.9	1230.6
pandit_like_006231	23	287	253	45	308.4	21.9	1230.6
pandit_like_008107	23	287	253	45	308.4	21.9	1230.6
pandit_like_015481	23	287	253	45	308.4	21.9	1230.6
pandit_like_000810	17	417	136	33	308.4	8.5	1230.0
pandit_like_001589	17	417	136	33	308.4	8.5	1230.0
pandit_like_013340	17	417	136	33	308.4	8.5	1230.0
pandit_like_011366	37	132	666	73	308.4	94.9	1229.2
pandit_like_016749	37	132	666	73	308.4	94.9	1229.2
pandit_like_002279	19	364	171	37	308.4	12.0	1227.1
pandit_like_007129	19	364	171	37	308.4	12.0	1227.1
pandit_like_011153	19	364	171	37	308.4	12.0	1227.1
pandit_like_015932	19	364	171	37	308.4	12.0	1227.1
pandit_like_016323	19	364	171	37	308.4	12.0	1227.1
pandit_like_003155	25	254	300	49	308.4	28.3	1223.4
pandit_like_003573	25	254	300	49	308.4	28.3	1223.4
pandit_like_004753	25	254	300	49	308.4	28.3	1223.4
pandit_like_007693	25	254	300	49	308.4	28.3	1223.4
pandit_like_010083	25	254	300	49	308.4	28.3	1223.4
pandit_like_012693	25	254	300	49	308.4	28.3	1223.4
pandit_like_014496	25	254	300	49	308.4	28.3	1223.4
pandit_like_014519	25	254	300	49	308.4	28.3	1223.4
pandit_like_019923	25	254	300	49	308.4	28.3	1223.4
pandit_like_003125	40	109	780	79	308.4	120.6	1223.2
pandit_like_005122	40	109	780	79	308.4	120.6	1223.2
pandit_like_015103	40	109	780	79	308.4	120.6	1223.2
pandit_like_009372	49	54	1176	97	308.4	224.3	1221.0
pandit_like_016224	49	54	1176	97	308.4	224.3	1221.0
pandit_like_001075	25	253	300	49	308.4	28.3	1220.2
pandit_like_002006	25	253	300	49	308.4	28.3	1220.2
pandit_like_003351	25	253	300	49	308.4	28.3	1220.2
pandit_like_004290	25	253	300	49	308.4	28.3	1220.2
pandit_like_007347	25	253	300	49	308.4	28.3	1220.2
pandit_like_011478	25	253	300	49	308.4	28.3	1220.2
pandit_like_014411	25	253	300	49	308.4	28.3	1220.2
pandit_like_015957	25	253	300	49	308.4	28.3	1220.2
pandit_like_018233	25	253	300	49	308.4	28.3	1220.2
pandit_like_001427	35	146	595	69	308.4	80.1	1220.1
pandit_like_004401	35	146	595	69	308.4	80.1	1220.1
pandit_like_011189	35	146	595	69	308.4	80.1	1220.1
pandit_like_015447	35	146	595	69	308.4	80.1	1220.1
pandit_like_008749	37	130	666	73	308.4	94.9	1219.5
pandit_like_009006	37	130	666	73	308.4	94.9	1219.5
pandit_like_009188	37	130	666	73	308.4	94.9	1219.5
pandit_like_008581	11	670	55	21	308.4	2.1	1219.3
pandit_like_009379	11	670	55	21	308.4	2.1	1219.3
pandit_like_013480	11	670	55	21	308.4	2.1	1219.3
pandit_like_000909	25	252	300	49	308.4	28.3	1217.1
pandit_like_001739	25	252	300	49	308.4	28.3	1217.1
pandit_like_011311	25	252	300	49	308.4	28.3	1217.1
pandit_like_013411	25	252	300	49	308.4	28.3	1217.1
pandit_like_006896	44	82	946	87	308.4	161.4	1216.8
pandit_like_007196	44	82	946	87	308.4	161.4	1216.8
pandit_like_002761	19	359	171	37	308.4	12.0	1215.3
pandit_like_011387	19	359	171	37	308.4	12.0	1215.3
pandit_like_012036	19	359	171	37	308.4	12.0	1215.3
pandit_like_004141	7	1074	21	13	308.4	0.5	1215.1
pandit_like_007818	7	1074	21	13	308.4	0.5	1215.1
pandit_like_019939	7	1074	21	13	308.4	0.5	1215.1
pandit_like_008848	19	358	171	37	308.4	12.0	1213.0
pandit_like_009229	19	358	171	37	308.4	12.0	1213.0
pandit_like_009483	19	358	171	37	308.4	12.0	1213.0
pandit_like_010734	19	358	171	37	308.4	12.0	1213.0
pandit_like_013493	19	358	171	37	308.4	12.0	1213.0
pandit_like_015402	19	358	171	37	308.4	12.0	1213.0
pandit_like_006205	13	554	78	25	308.4	3.6	1212.2
pandit_like_008217	13	554	78	25	308.4	3.6	1212.2
pandit_like_009518	13	554	78	25	308.4	3.6	1212.2
pandit_like_012639	13	554	78	25	308.4	3.6	1212.2
pandit_like_015948	22	297	231	43	308.4	19.0	1210.7
pandit_like_015990	22	297	231	43	308.4	19.0	1210.7
pandit_like_016760	22	297	231	43	308.4	19.0	1210.7
pandit_like_018999	22	297	231	43	308.4	19.0	1210.7
pandit_like_019602	22	297	231	43	308.4	19.0	1210.7
pandit_like_003804	20	335	190	39	308.4	14.1	1210.2
pandit_like_005745	20	335	190	39	308.4	14.1	1210.2
pandit_like_010015	20	335	190	39	308.4	14.1	1210.2
pandit_like_013225	20	335	190	39	308.4	14.1	1210.2
pandit_like_018170	20	335	190	39	308.4	14.1	1210.2
pandit_like_018654	20	335	190	39	308.4	14.1	1210.2
pandit_like_003465	22	296	231	43	308.4	19.0	1208.0
pandit_like_010410	22	296	231	43	308.4	19.0	1208.0
pandit_like_010531	22	296	231	43	308.4	19.0	1208.0
pandit_like_013513	22	296	231	43	308.4	19.0	1208.0
pandit_like_016126	22	296	231	43	308.4	19.0	1208.0
pandit_like_016585	22	296	231	43	308.4	19.0	1208.0
pandit_like_018214	22	296	231	43	308.4	19.0	1208.0
pandit_like_000119	16	436	120	31	308.4	7.0	1207.5
pandit_like_005799	16	436	120	31	308.4	7.0	1207.5
pandit_like_007044	16	436	120	31	308.4	7.0	1207.5
pandit_like_009045	16	436	120	31	308.4	7.0	1207.5
pandit_like_009141	16	436	120	31	308.4	7.0	1207.5
pandit_like_009198	16	436	120	31	308.4	7.0	1207.5
pandit_like_011627	16	436	120	31	308.4	7.0	1207.5
pandit_like_013900	16	436	120	31	308.4	7.0	1207.5
pandit_like_014035	16	436	120	31	308.4	7.0	1207.5
pandit_like_016715	16	436	120	31	308.4	7.0	1207.5
pandit_like_018042	16	436	120	31	308.4	7.0	1207.5
pandit_like_002019	24	263	276	47	308.4	25.0	1206.1
pandit_like_008539	24	263	276	47	308.4	25.0	1206.1
pandit_like_009362	24	263	276	47	308.4	25.0	1206.1
pandit_like_009368	24	263	276	47	308.4	25.0	1206.1
pandit_like_017181	24	263	276	47	308.4	25.0	1206.1
pandit_like_000978	12	600	66	23	308.4	2.8	1205.1
pandit_like_003244	12	600	66	23	308.4	2.8	1205.1
pandit_like_004201	12	600	66	23	308.4	2.8	1205.1
pandit_like_011152	12	600	66	23	308.4	2.8	1205.1
pandit_like_001470	44	80	946	87	308.4	161.4	1205.1
pandit_like_001741	44	80	946	87	308.4	161.4	1205.1
pandit_like_004078	44	80	946	87	308.4	161.4	1205.1
pandit_like_013444	44	80	946	87	308.4	161.4	1205.1
pandit_like_000438	13	549	78	25	308.4	3.6	1204.3
pandit_like_002465	13	549	78	25	308.4	3.6	1204.3
pandit_like_012046	13	549	78	25	308.4	3.6	1204.3
pandit_like_015810	13	549	78	25	308.4	3.6	1204.3
pandit_like_017473	13	549	78	25	308.4	3.6	1204.3
pandit_like_001064	31	178	465	61	308.4	55.1	1203.6
pandit_like_003082	31	178	465	61	308.4	55.1	1203.6
pandit_like_007790	31	178	465	61	308.4	55.1	1203.6
pandit_like_016066	31	178	465	61	308.4	55.1	1203.6
pandit_like_016873	31	178	465	61	308.4	55.1	1203.6
pandit_like_017891	31	178	465	61	308.4	55.1	1203.6
pandit_like_018461	31	178	465	61	308.4	55.1	1203.6
pandit_like_018584	31	178	465	61	308.4	55.1	1203.6
pandit_like_008888	19	354	171	37	308.4	12.0	1203.5
pandit_like_009025	19	354	171	37	308.4	12.0	1203.5
pandit_like_009460	19	354	171	37	308.4	12.0	1203.5
pandit_like_010046	19	354	171	37	308.4	12.0	1203.5
pandit_like_012806	19	354	171	37	308.4	12.0	1203.5
pandit_like_015214	19	354	171	37	308.4	12.0	1203.5
pandit_like_015513	19	354	171	37	308.4	12.0	1203.5
pandit_like_016886	19	354	171	37	308.4	12.0	1203.5
pandit_like_018292	19	354	171	37	308.4	12.0	1203.5
pandit_like_001776	30	188	435	59	308.4	49.8	1203.4
pandit_like_013700	30	188	435	59	308.4	49.8	1203.4
pandit_like_015716	30	188	435	59	308.4	49.8	1203.4
pandit_like_018069	30	188	435	59	308.4	49.8	1203.4
pandit_like_019436	30	188	435	59	308.4	49.8	1203.4
pandit_like_019980	30	188	435	59	308.4	49.8	1203.4
pandit_like_000169	28	209	378	55	308.4	40.2	1200.7
pandit_like_002682	28	209	378	55	308.4	40.2	1200.7
pandit_like_004734	28	209	378	55	308.4	40.2	1200.7
pandit_like_005894	28	209	378	55	308.4	40.2	1200.7
pandit_like_010480	28	209	378	55	308.4	40.2	1200.7
pandit_like_014096	28	209	378	55	308.4	40.2	1200.7
pandit_like_015641	28	209	378	55	308.4	40.2	1200.7
pandit_like_017697	28	209	378	55	308.4	40.2	1200.7
pandit_like_013116	34	150	561	67	308.4	73.2	1200.6
pandit_like_016286	34	150	561	67	308.4	73.2	1200.6
pandit_like_017653	34	150	561	67	308.4	73.2	1200.6
pandit_like_018911	34	150	561	67	308.4	73.2	1200.6
pandit_like_001832	15	464	105	29	308.4	5.7	1197.5
pandit_like_003750	15	464	105	29	308.4	5.7	1197.5
pandit_like_004212	15	464	105	29	308.4	5.7	1197.5
pandit_like_004998	15	464	105	29	308.4	5.7	1197.5
pandit_like_010820	15	464	105	29	308.4	5.7	1197.5
pandit_like_011603	15	464	105	29	308.4	5.7	1197.5
pandit_like_018076	15	464	105	29	308.4	5.7	1197.5
pandit_like_000080	36	133	630	71	308.4	87.3	1197.1
pandit_like_002362	36	133	630	71	308.4	87.3	1197.1
pandit_like_011814	36	133	630	71	308.4	87.3	1197.1
pandit_like_018688	36	133	630	71	308.4	87.3	1197.1
pandit_like_019034	11	653	55	21	308.4	2.1	1196.7
pandit_like_002422	19	351	171	37	308.4	12.0	1196.5
pandit_like_004034	19	351	171	37	308.4	12.0	1196.5
pandit_like_004528	19	351	171	37	308.4	12.0	1196.5
pandit_like_005645	19	351	171	37	308.4	12.0	1196.5
pandit_like_007688	19	351	171	37	308.4	12.0	1196.5
pandit_like_013933	19	351	171	37	308.4	12.0	1196.5
pandit_like_017836	19	351	171	37	308.4	12.0	1196.5
pandit_like_002207	22	291	231	43	308.4	19.0	1194.2
pandit_like_004082	22	291	231	43	308.4	19.0	1194.2
pandit_like_004343	22	291	231	43	308.4	19.0	1194.2
pandit_like_006207	22	291	231	43	308.4	19.0	1194.2
pandit_like_010930	22	291	231	43	308.4	19.0	1194.2
pandit_like_001158	22	290	231	43	308.4	19.0	1191.5
pandit_like_003450	22	290	231	43	308.4	19.0	1191.5
pandit_like_004768	22	290	231	43	308.4	19.0	1191.5
pandit_like_006810	22	290	231	43	308.4	19.0	1191.5
pandit_like_009166	22	290	231	43	308.4	19.0	1191.5
pandit_like_010406	22	290	231	43	308.4	19.0	1191.5
pandit_like_012902	22	290	231	43	308.4	19.0	1191.5
pandit_like_013196	22	290	231	43	308.4	19.0	1191.5
pandit_like_009790	40	103	780	79	308.4	120.6	1191.5
pandit_like_011994	40	103	780	79	308.4	120.6	1191.5
pandit_like_019546	40	103	780	79	308.4	120.6	1191.5
pandit_like_001921	19	348	171	37	308.4	12.0	1189.4
pandit_like_008223	19	348	171	37	308.4	12.0	1189.4
pandit_like_008715	19	348	171	37	308.4	12.0	1189.4
pandit_like_015557	19	348	171	37	308.4	12.0	1189.4
pandit_like_002969	25	243	300	49	308.4	28.3	1188.6
pandit_like_008680	25	243	300	49	308.4	28.3	1188.6
pandit_like_009710	25	243	300	49	308.4	28.3	1188.6
pandit_like_013023	25	243	300	49	308.4	28.3	1188.6
pandit_like_015689	25	243	300	49	308.4	28.3	1188.6
pandit_like_016308	25	243	300	49	308.4	28.3	1188.6
pandit_like_016627	25	243	300	49	308.4	28.3	1188.6
pandit_like_000358	42	89	861	83	308.4	140.0	1186.1
pandit_like_003821	42	89	861	83	308.4	140.0	1186.1
pandit_like_005952	42	89	861	83	308.4	140.0	1186.1
pandit_like_008100	42	89	861	83	308.4	140.0	1186.1
pandit_like_010637	42	89	861	83	308.4	140.0	1186.1
pandit_like_007280	17	396	136	33	308.4	8.5	1185.9
pandit_like_011124	17	396	136	33	308.4	8.5	1185.9
pandit_like_011805	17	396	136	33	308.4	8.5	1185.9
pandit_like_017559	17	396	136	33	308.4	8.5	1185.9
pandit_like_000211	37	123	666	73	308.4	94.9	1185.6
pandit_like_000891	37	123	666	73	308.4	94.9	1185.6
pandit_like_002416	37	123	666	73	308.4	94.9	1185.6
pandit_like_003122	37	123	666	73	308.4	94.9	1185.6
pandit_like_004117	37	123	666	73	308.4	94.9	1185.6
pandit_like_006102	37	123	666	73	308.4	94.9	1185.6
pandit_like_016672	37	123	666	73	308.4	94.9	1185.6
pandit_like_017324	37	123	666	73	308.4	94.9	1185.6
pandit_like_011282	41	95	820	81	308.4	130.1	1184.0
pandit_like_015040	41	95	820	81	308.4	130.1	1184.0
pandit_like_001987	17	395	136	33	308.4	8.5	1183.8
pandit_like_005545	17	395	136	33	308.4	8.5	1183.8
pandit_like_007328	17	395	136	33	308.4	8.5	1183.8
pandit_like_009988	17	395	136	33	308.4	8.5	1183.8
pandit_like_014504	17	395	136	33	308.4	8.5	1183.8
pandit_like_000275	36	130	630	71	308.4	87.3	1183.0
pandit_like_010162	36	130	630	71	308.4	87.3	1183.0
pandit_like_015179	36	130	630	71	308.4	87.3	1183.0
pandit_like_017971	36	130	630	71	308.4	87.3	1183.0
pandit_like_018710	36	130	630	71	308.4	87.3	1183.0
pandit_like_019165	36	130	630	71	308.4	87.3	1183.0
pandit_like_019300	36	130	630	71	308.4	87.3	1183.0
pandit_like_008949	19	345	171	37	308.4	12.0	1182.3
pandit_like_009034	19	345	171	37	308.4	12.0	1182.3
pandit_like_009189	19	345	171	37	308.4	12.0	1182.3
pandit_like_010145	19	345	171	37	308.4	12.0	1182.3
pandit_like_011087	19	345	171	37	308.4	12.0	1182.3
pandit_like_011200	19	345	171	37	308.4	12.0	1182.3
pandit_like_017259	19	345	171	37	308.4	12.0	1182.3
pandit_like_018561	19	345	171	37	308.4	12.0	1182.3
pandit_like_003885	25	241	300	49	308.4	28.3	1182.3
pandit_like_004643	25	241	300	49	308.4	28.3	1182.3
pandit_like_007512	25	241	300	49	308.4	28.3	1182.3
pandit_like_007838	25	241	300	49	308.4	28.3	1182.3
pandit_like_012904	25	241	300	49	308.4	28.3	1182.3
pandit_like_013033	25	241	300	49	308.4	28.3	1182.3
pandit_like_016544	25	241	300	49	308.4	28.3	1182.3
pandit_like_018053	25	241	300	49	308.4	28.3	1182.3
pandit_like_003362	17	394	136	33	308.4	8.5	1181.8
pandit_like_006690	17	394	136	33	308.4	8.5	1181.8
pandit_like_007506	17	394	136	33	308.4	8.5	1181.8
pandit_like_007637	17	394	136	33	308.4	8.5	1181.8
pandit_like_009837	17	394	136	33	308.4	8.5	1181.8
pandit_like_016739	17	394	136	33	308.4	8.5	1181.8
pandit_like_015375	21	304	210	41	308.4	16.5	1181.1
pandit_like_019789	21	304	210	41	308.4	16.5	1181.1
pandit_like_001736	17	393	136	33	308.4	8.5	1179.7
pandit_like_007244	17	393	136	33	308.4	8.5	1179.7
pandit_like_011312	17	393	136	33	308.4	8.5	1179.7
pandit_like_014142	17	393	136	33	308.4	8.5	1179.7
pandit_like_018181	17	393	136	33	308.4	8.5	1179.7
pandit_like_003457	28	203	378	55	308.4	40.2	1179.3
pandit_like_003472	28	203	378	55	308.4	40.2	1179.3
pandit_like_004279	28	203	378	55	308.4	40.2	1179.3
pandit_like_008128	28	203	378	55	308.4	40.2	1179.3
pandit_like_009909	28	203	378	55	308.4	40.2	1179.3
pandit_like_012873	28	203	378	55	308.4	40.2	1179.3
pandit_like_012993	28	203	378	55	308.4	40.2	1179.3
pandit_like_019941	28	203	378	55	308.4	40.2	1179.3
pandit_like_004644	15	454	105	29	308.4	5.7	1179.1
pandit_like_010960	15	454	105	29	308.4	5.7	1179.1
pandit_like_012187	15	454	105	29	308.4	5.7	1179.1
pandit_like_012802	15	454	105	29	308.4	5.7	1179.1
pandit_like_018070	15	454	105	29	308.4	5.7	1179.1
pandit_like_005345	19	343	171	37	308.4	12.0	1177.6
pandit_like_010675	19	343	171	37	308.4	12.0	1177.6
pandit_like_017965	19	343	171	37	308.4	12.0	1177.6
pandit_like_001692	31	171	465	61	308.4	55.1	1175.7
pandit_like_002882	31	171	465	61	308.4	55.1	1175.7
pandit_like_006606	31	171	465	61	308.4	55.1	1175.7
pandit_like_008210	31	171	465	61	308.4	55.1	1175.7
pandit_like_014246	31	171	465	61	308.4	55.1	1175.7
pandit_like_014522	31	171	465	61	308.4	55.1	1175.7
pandit_like_003490	13	530	78	25	308.4	3.6	1174.2
pandit_like_007190	13	530	78	25	308.4	3.6	1174.2
pandit_like_008147	13	530	78	25	308.4	3.6	1174.2
pandit_like_014418	13	530	78	25	308.4	3.6	1174.2
pandit_like_015252	13	530	78	25	308.4	3.6	1174.2
pandit_like_018355	13	530	78	25	308.4	3.6	1174.2
pandit_like_019365	13	530	78	25	308.4	3.6	1174.2
pandit_like_000651	14	488	91	27	308.4	4.6	1174.2
pandit_like_002145	14	488	91	27	308.4	4.6	1174.2
pandit_like_006807	14	488	91	27	308.4	4.6	1174.2
pandit_like_008589	14	488	91	27	308.4	4.6	1174.2
pandit_like_010207	14	488	91	27	308.4	4.6	1174.2
pandit_like_016993	14	488	91	27	308.4	4.6	1174.2
pandit_like_000664	14	487	91	27	308.4	4.6	1172.5
pandit_like_007195	14	487	91	27	308.4	4.6	1172.5
pandit_like_011006	14	487	91	27	308.4	4.6	1172.5
pandit_like_015408	14	487	91	27	308.4	4.6	1172.5
pandit_like_018761	14	487	91	27	308.4	4.6	1172.5
pandit_like_001368	20	319	190	39	308.4	14.1	1170.4
pandit_like_007798	20	319	190	39	308.4	14.1	1170.4
pandit_like_011717	20	319	190	39	308.4	14.1	1170.4
pandit_like_012630	20	319	190	39	308.4	14.1	1170.4
pandit_like_002878	14	484	91	27	308.4	4.6	1167.4
pandit_like_005313	14	484	91	27	308.4	4.6	1167.4
pandit_like_006118	14	484	91	27	308.4	4.6	1167.4
pandit_like_007260	14	484	91	27	308.4	4.6	1167.4
pandit_like_014301	14	484	91	27	308.4	4.6	1167.4
pandit_like_002495	11	630	55	21	308.4	2.1	1166.0
pandit_like_013430	11	630	55	21	308.4	2.1	1166.0
pandit_like_016388	11	630	55	21	308.4	2.1	1166.0
pandit_like_012381	18	361	153	35	308.4	10.2	1165.9
pandit_like_012880	18	361	153	35	308.4	10.2	1165.9
pandit_like_014094	18	361	153	35	308.4	10.2	1165.9
pandit_like_016711	18	361	153	35	308.4	10.2	1165.9
pandit_like_017432	18	361	153	35	308.4	10.2	1165.9
pandit_like_018068	18	361	153	35	308.4	10.2	1165.9
pandit_like_001376	8	881	28	15	308.4	0.7	1163.6
pandit_like_007752	8	881	28	15	308.4	0.7	1163.6
pandit_like_014909	8	881	28	15	308.4	0.7	1163.6
pandit_like_015905	8	881	28	15	308.4	0.7	1163.6
pandit_like_002801	14	480	91	27	308.4	4.6	1160.5
pandit_like_002201	25	234	300	49	308.4	28.3	1160.2
pandit_like_005509	25	234	300	49	308.4	28.3	1160.2
pandit_like_009636	25	234	300	49	308.4	28.3	1160.2
pandit_like_013605	25	234	300	49	308.4	28.3	1160.2
pandit_like_016400	25	234	300	49	308.4	28.3	1160.2
pandit_like_010957	22	278	231	43	308.4	19.0	1158.4
pandit_like_013192	22	278	231	43	308.4	19.0	1158.4
pandit_like_015524	22	278	231	43	308.4	19.0	1158.4
pandit_like_001471	8	875	28	15	308.4	0.7	1157.8
pandit_like_005974	8	875	28	15	308.4	0.7	1157.8
pandit_like_009974	8	875	28	15	308.4	0.7	1157.8
pandit_like_010028	8	875	28	15	308.4	0.7	1157.8
pandit_like_015351	8	875	28	15	308.4	0.7	1157.8
pandit_like_016808	8	875	28	15	308.4	0.7	1157.8
pandit_like_004770	8	874	28	15	308.4	0.7	1156.9
pandit_like_004852	8	874	28	15	308.4	0.7	1156.9
pandit_like_006587	8	874	28	15	308.4	0.7	1156.9
pandit_like_012515	8	874	28	15	308.4	0.7	1156.9
pandit_like_016959	8	874	28	15	308.4	0.7	1156.9
pandit_like_004249	17	381	136	33	308.4	8.5	1154.5
pandit_like_009391	17	381	136	33	308.4	8.5	1154.5
pandit_like_012068	17	381	136	33	308.4	8.5	1154.5
pandit_like_015655	17	381	136	33	308.4	8.5	1154.5
pandit_like_001019	16	409	120	31	308.4	7.0	1154.4
pandit_like_001766	16	409	120	31	308.4	7.0	1154.4
pandit_like_002999	16	409	120	31	308.4	7.0	1154.4
pandit_like_007256	16	409	120	31	308.4	7.0	1154.4
pandit_like_009137	16	409	120	31	308.4	7.0	1154.4
pandit_like_010612	16	409	120	31	308.4	7.0	1154.4
pandit_like_002621	30	175	435	59	308.4	49.8	1153.5
pandit_like_006226	30	175	435	59	308.4	49.8	1153.5
pandit_like_013180	37	116	666	73	308.4	94.9	1151.8
pandit_like_014087	37	116	666	73	308.4	94.9	1151.8
pandit_like_008173	41	89	820	81	308.4	130.1	1151.5
pandit_like_008751	41	89	820	81	308.4	130.1	1151.5
pandit_like_013229	41	89	820	81	308.4	130.1	1151.5
pandit_like_014885	41	89	820	81	308.4	130.1	1151.5
pandit_like_016092	41	89	820	81	308.4	130.1	1151.5
pandit_like_016633	41	89	820	81	308.4	130.1	1151.5
pandit_like_017379	41	89	820	81	308.4	130.1	1151.5
pandit_like_018100	41	89	820	81	308.4	130.1	1151.5
pandit_like_012050	39	102	741	77	308.4	111.6	1151.4
pandit_like_012645	40	95	780	79	308.4	120.6	1149.3
pandit_like_013978	40	95	780	79	308.4	120.6	1149.3
pandit_like_005522	25	230	300	49	308.4	28.3	1147.6
pandit_like_006459	25	230	300	49	308.4	28.3	1147.6
pandit_like_006919	25	230	300	49	308.4	28.3	1147.6
pandit_like_016475	25	230	300	49	308.4	28.3	1147.6
pandit_like_018374	25	230	300	49	308.4	28.3	1147.6
pandit_like_000126	37	115	666	73	308.4	94.9	1146.9
pandit_like_007513	37	115	666	73	308.4	94.9	1146.9
pandit_like_009017	37	115	666	73	308.4	94.9	1146.9
pandit_like_012070	37	115	666	73	308.4	94.9	1146.9
pandit_like_013905	37	115	666	73	308.4	94.9	1146.9
pandit_like_014437	37	115	666	73	308.4	94.9	1146.9
pandit_like_014573	37	115	666	73	308.4	94.9	1146.9
pandit_like_018607	37	115	666	73	308.4	94.9	1146.9
pandit_like_019483	37	115	666	73	308.4	94.9	1146.9
pandit_like_005175	15	435	105	29	308.4	5.7	1144.1
pandit_like_007123	15	435	105	29	308.4	5.7	1144.1
pandit_like_008101	15	435	105	29	308.4	5.7	1144.1
pandit_like_013415	15	435	105	29	308.4	5.7	1144.1
pandit_like_019288	15	435	105	29	308.4	5.7	1144.1
pandit_like_003235	28	193	378	55	308.4	40.2	1143.6
pandit_like_018747	28	193	378	55	308.4	40.2	1143.6
pandit_like_003443	15	433	105	29	308.4	5.7	1140.4
pandit_like_005810	15	433	105	29	308.4	5.7	1140.4
pandit_like_014989	15	433	105	29	308.4	5.7	1140.4
pandit_like_018226	15	433	105	29	308.4	5.7	1140.4
pandit_like_018726	15	433	105	29	308.4	5.7	1140.4
pandit_like_000323	20	306	190	39	308.4	14.1	1138.0
pandit_like_001322	20	306	190	39	308.4	14.1	1138.0
pandit_like_007576	20	306	190	39	308.4	14.1	1138.0
pandit_like_007774	20	306	190	39	308.4	14.1	1138.0
pandit_like_008019	20	306	190	39	308.4	14.1	1138.0
pandit_like_010496	20	306	190	39	308.4	14.1	1138.0
pandit_like_011499	20	306	190	39	308.4	14.1	1138.0
pandit_like_012533	20	306	190	39	308.4	14.1	1138.0
pandit_like_014364	20	306	190	39	308.4	14.1	1138.0
pandit_like_015030	20	306	190	39	308.4	14.1	1138.0
pandit_like_015936	20	306	190	39	308.4	14.1	1138.0
pandit_like_000515	43	74	903	85	308.4	150.5	1135.8
pandit_like_007460	43	74	903	85	308.4	150.5	1135.8
pandit_like_002356	18	347	153	35	308.4	10.2	1134.7
pandit_like_016755	18	347	153	35	308.4	10.2	1134.7
pandit_like_019093	18	347	153	35	308.4	10.2	1134.7
pandit_like_000200	12	551	66	23	308.4	2.8	1133.7
pandit_like_008242	12	551	66	23	308.4	2.8	1133.7
pandit_like_018868	12	551	66	23	308.4	2.8	1133.7
pandit_like_004003	40	92	780	79	308.4	120.6	1133.5
pandit_like_005832	40	92	780	79	308.4	120.6	1133.5
pandit_like_012179	40	92	780	79	308.4	120.6	1133.5
pandit_like_003299	47	51	1081	93	308.4	197.5	1132.1
pandit_like_005913	47	51	1081	93	308.4	197.5	1132.1
pandit_like_019424	47	51	1081	93	308.4	197.5	1132.1
pandit_like_006012	32	151	496	63	308.4	60.8	1131.5
pandit_like_007802	32	151	496	63	308.4	60.8	1131.5
pandit_like_010069	32	151	496	63	308.4	60.8	1131.5
pandit_like_012191	32	151	496	63	308.4	60.8	1131.5
pandit_like_013277	32	151	496	63	308.4	60.8	1131.5
pandit_like_017842	32	151	496	63	308.4	60.8	1131.5
pandit_like_005229	36	119	630	71	308.4	87.3	1131.4
pandit_like_006912	36	119	630	71	308.4	87.3	1131.4
pandit_like_014924	36	119	630	71	308.4	87.3	1131.4
pandit_like_015000	36	119	630	71	308.4	87.3	1131.4
pandit_like_007435	9	747	36	17	308.4	1.1	1129.6
pandit_like_007963	9	747	36	17	308.4	1.1	1129.6
pandit_like_015537	9	747	36	17	308.4	1.1	1129.6
pandit_like_003660	6	1139	15	11	308.4	0.3	1128.8
pandit_like_010740	6	1139	15	11	308.4	0.3	1128.8
pandit_like_012337	6	1139	15	11	308.4	0.3	1128.8
pandit_like_016931	6	1139	15	11	308.4	0.3	1128.8
pandit_like_002267	10	667	45	19	308.4	1.5	1128.7
pandit_like_008325	10	667	45	19	308.4	1.5	1128.7
pandit_like_012388	10	667	45	19	308.4	1.5	1128.7
pandit_like_013401	10	667	45	19	308.4	1.5	1128.7
pandit_like_014628	10	667	45	19	308.4	1.5	1128.7
pandit_like_010023	21	284	210	41	308.4	16.5	1128.7
pandit_like_016859	21	284	210	41	308.4	16.5	1128.7
pandit_like_000726	22	267	231	43	308.4	19.0	1128.1
pandit_like_002553	22	267	231	43	308.4	19.0	1128.1
pandit_like_011762	22	267	231	43	308.4	19.0	1128.1
pandit_like_011999	22	267	231	43	308.4	19.0	1128.1
pandit_like_012734	22	267	231	43	308.4	19.0	1128.1
pandit_like_017517	22	267	231	43	308.4	19.0	1128.1
pandit_like_002146	19	322	171	37	308.4	12.0	1128.0
pandit_like_002336	19	322	171	37	308.4	12.0	1128.0
pandit_like_004947	19	322	171	37	308.4	12.0	1128.0
pandit_like_013314	19	322	171	37	308.4	12.0	1128.0
pandit_like_015318	19	322	171	37	308.4	12.0	1128.0
pandit_like_015695	19	322	171	37	308.4	12.0	1128.0
pandit_like_015811	19	322	171	37	308.4	12.0	1128.0
pandit_like_017656	19	322	171	37	308.4	12.0	1128.0
pandit_like_000535	21	283	210	41	308.4	16.5	1126.1
pandit_like_004575	21	283	210	41	308.4	16.5	1126.1
pandit_like_013542	21	283	210	41	308.4	16.5	1126.1
pandit_like_001184	18	343	153	35	308.4	10.2	1125.8
pandit_like_006781	18	343	153	35	308.4	10.2	1125.8
pandit_like_017633	18	343	153	35	308.4	10.2	1125.8
pandit_like_004200	19	321	171	37	308.4	12.0	1125.7
pandit_like_011408	19	321	171	37	308.4	12.0	1125.7
pandit_like_015147	19	321	171	37	308.4	12.0	1125.7
pandit_like_016770	19	321	171	37	308.4	12.0	1125.7
pandit_like_001486	13	499	78	25	308.4	3.6	1125.0
pandit_like_002514	13	499	78	25	308.4	3.6	1125.0
pandit_like_007503	13	499	78	25	308.4	3.6	1125.0
pandit_like_013347	13	499	78	25	308.4	3.6	1125.0
pandit_like_013516	13	499	78	25	308.4	3.6	1125.0
pandit_like_013893	13	499	78	25	308.4	3.6	1125.0
pandit_like_014059	13	499	78	25	308.4	3.6	1125.0
pandit_like_018993	13	499	78	25	308.4	3.6	1125.0
pandit_like_019964	13	499	78	25	308.4	3.6	1125.0
pandit_like_003104	19	319	171	37	308.4	12.0	1121.0
pandit_like_013679	19	319	171	37	308.4	12.0	1121.0
pandit_like_014084	19	319	171	37	308.4	12.0	1121.0
pandit_like_017841	19	319	171	37	308.4	12.0	1121.0
pandit_like_001825	26	209	325	51	308.4	32.0	1120.3
pandit_like_002701	26	209	325	51	308.4	32.0	1120.3
pandit_like_010394	26	209	325	51	308.4	32.0	1120.3
pandit_like_010980	26	209	325	51	308.4	32.0	1120.3
pandit_like_012384	26	209	325	51	308.4	32.0	1120.3
pandit_like_017751	26	209	325	51	308.4	32.0	1120.3
pandit_like_017978	26	209	325	51	308.4	32.0	1120.3
pandit_like_000226	27	197	351	53	308.4	36.0	1119.0
pandit_like_001200	27	197	351	53	308.4	36.0	1119.0
pandit_like_002523	27	197	351	53	308.4	36.0	1119.0
pandit_like_004415	27	197	351	53	308.4	36.0	1119.0
pandit_like_005433	27	197	351	53	308.4	36.0	1119.0
pandit_like_005994	27	197	351	53	308.4	36.0	1119.0
pandit_like_009162	27	197	351	53	308.4	36.0	1119.0
pandit_like_010913	27	197	351	53	308.4	36.0	1119.0
pandit_like_013212	27	197	351	53	308.4	36.0	1119.0
pandit_like_015785	27	197	351	53	308.4	36.0	1119.0
pandit_like_017585	27	197	351	53	308.4	36.0	1119.0
pandit_like_019131	27	197	351	53	308.4	36.0	1119.0
pandit_like_019975	27	197	351	53	308.4	36.0	1119.0
pandit_like_004456	11	594	55	21	308.4	2.1	1118.0
pandit_like_004555	11	594	55	21	308.4	2.1	1118.0
pandit_like_006999	11	594	55	21	308.4	2.1	1118.0
pandit_like_015943	11	594	55	21	308.4	2.1	1118.0
pandit_like_017255	11	594	55	21	308.4	2.1	1118.0
pandit_like_000278	23	248	253	45	308.4	21.9	1117.9
pandit_like_005830	23	248	253	45	308.4	21.9	1117.9
pandit_like_006752	23	248	253	45	308.4	21.9	1117.9
pandit_like_016953	23	248	253	45	308.4	21.9	1117.9
pandit_like_003053	16	390	120	31	308.4	7.0	1117.0
pandit_like_006649	16	390	120	31	308.4	7.0	1117.0
pandit_like_011065	16	390	120	31	308.4	7.0	1117.0
pandit_like_013260	16	390	120	31	308.4	7.0	1117.0
pandit_like_019275	16	390	120	31	308.4	7.0	1117.0
pandit_like_019854	16	390	120	31	308.4	7.0	1117.0
pandit_like_000937	21	279	210	41	308.4	16.5	1115.6
pandit_like_002168	21	279	210	41	308.4	16.5	1115.6
pandit_like_001555	42	76	861	83	308.4	140.0	1113.7
pandit_like_003671	42	76	861	83	308.4	140.0	1113.7
pandit_like_011154	42	76	861	83	308.4	140.0	1113.7
pandit_like_013522	42	76	861	83	308.4	140.0	1113.7
pandit_like_015096	42	76	861	83	308.4	140.0	1113.7
pandit_like_019498	42	76	861	83	308.4	140.0	1113.7
pandit_like_004367	39	94	741	77	308.4	111.6	1110.4
pandit_like_008980	39	94	741	77	308.4	111.6	1110.4
pandit_like_013575	39	94	741	77	308.4	111.6	1110.4
pandit_like_000842	7	947	21	13	308.4	0.5	1108.6
pandit_like_001494	7	947	21	13	308.4	0.5	1108.6
pandit_like_011159	7	947	21	13	308.4	0.5	1108.6
pandit_like_014801	7	947	21	13	308.4	0.5	1108.6
pandit_like_017063	7	947	21	13	308.4	0.5	1108.6
pandit_like_002312	17	359	136	33	308.4	8.5	1108.3
pandit_like_005926	17	359	136	33	308.4	8.5	1108.3
pandit_like_014269	17	359	136	33	308.4	8.5	1108.3
pandit_like_000434	37	107	666	73	308.4	94.9	1108.2
pandit_like_006169	37	107	666	73	308.4	94.9	1108.2
pandit_like_007780	37	107	666	73	308.4	94.9	1108.2
pandit_like_008083	37	107	666	73	308.4	94.9	1108.2
pandit_like_013089	37	107	666	73	308.4	94.9	1108.2
pandit_like_013534	37	107	666	73	308.4	94.9	1108.2
pandit_like_015781	37	107	666	73	308.4	94.9	1108.2
pandit_like_017342	37	107	666	73	308.4	94.9	1108.2
pandit_like_004180	20	294	190	39	308.4	14.1	1108.1
pandit_like_004291	20	294	190	39	308.4	14.1	1108.1
pandit_like_004432	20	294	190	39	308.4	14.1	1108.1
pandit_like_012864	20	294	190	39	308.4	14.1	1108.1
pandit_like_015572	20	294	190	39	308.4	14.1	1108.1
pandit_like_003521	28	183	378	55	308.4	40.2	1108.0
pandit_like_008776	28	183	378	55	308.4	40.2	1108.0
pandit_like_012962	28	183	378	55	308.4	40.2	1108.0
pandit_like_015876	28	183	378	55	308.4	40.2	1108.0
pandit_like_003712	34	129	561	67	308.4	73.2	1108.0
pandit_like_011344	34	129	561	67	308.4	73.2	1108.0
pandit_like_015279	34	129	561	67	308.4	73.2	1108.0
pandit_like_015890	34	129	561	67	308.4	73.2	1108.0
pandit_like_017254	34	129	561	67	308.4	73.2	1108.0
pandit_like_006005	13	488	78	25	308.4	3.6	1107.6
pandit_like_008155	13	488	78	25	308.4	3.6	1107.6
pandit_like_011752	13	488	78	25	308.4	3.6	1107.6
pandit_like_013923	13	488	78	25	308.4	3.6	1107.6
pandit_like_014319	13	488	78	25	308.4	3.6	1107.6
pandit_like_017142	13	488	78	25	308.4	3.6	1107.6
pandit_like_006549	12	531	66	23	308.4	2.8	1104.5
pandit_like_014599	12	531	66	23	308.4	2.8	1104.5
pandit_like_017562	12	531	66	23	308.4	2.8	1104.5
pandit_like_013399	13	486	78	25	308.4	3.6	1104.4
pandit_like_015884	13	486	78	25	308.4	3.6	1104.4
pandit_like_009506	30	162	435	59	308.4	49.8	1103.5
pandit_like_009810	30	162	435	59	308.4	49.8	1103.5
pandit_like_012057	30	162	435	59	308.4	49.8	1103.5
pandit_like_001599	9	722	36	17	308.4	1.1	1102.5
pandit_like_012977	9	722	36	17	308.4	1.1	1102.5
pandit_like_015230	9	722	36	17	308.4	1.1	1102.5
pandit_like_017844	9	722	36	17	308.4	1.1	1102.5
pandit_like_017880	9	722	36	17	308.4	1.1	1102.5
pandit_like_019322	9	722	36	17	308.4	1.1	1102.5
pandit_like_003819	21	274	210	41	308.4	16.5	1102.5
pandit_like_006395	21	274	210	41	308.4	16.5	1102.5
pandit_like_011711	21	274	210	41	308.4	16.5	1102.5
pandit_like_014833	21	274	210	41	308.4	16.5	1102.5
pandit_like_015854	21	274	210	41	308.4	16.5	1102.5
pandit_like_018183	21	274	210	41	308.4	16.5	1102.5
pandit_like_004930	16	382	120	31	308.4	7.0	1101.2
pandit_like_009963	16	382	120	31	308.4	7.0	1101.2
pandit_like_011981	16	382	120	31	308.4	7.0	1101.2
pandit_like_015998	16	382	120	31	308.4	7.0	1101.2
pandit_like_019628	16	382	120	31	308.4	7.0	1101.2
pandit_like_004604	8	816	28	15	308.4	0.7	1101.1
pandit_like_003486	20	291	190	39	308.4	14.1	1100.6
pandit_like_007097	20	291	190	39	308.4	14.1	1100.6
pandit_like_007701	20	291	190	39	308.4	14.1	1100.6
pandit_like_009937	20	291	190	39	308.4	14.1	1100.6
pandit_like_002691	23	242	253	45	308.4	21.9	1100.6
pandit_like_003540	23	242	253	45	308.4	21.9	1100.6
pandit_like_010615	23	242	253	45	308.4	21.9	1100.6
pandit_like_015912	23	242	253	45	308.4	21.9	1100.6
pandit_like_018608	23	242	253	45	308.4	21.9	1100.6
pandit_like_019597	23	242	253	45	308.4	21.9	1100.6
pandit_like_000731	25	215	300	49	308.4	28.3	1100.2
pandit_like_005931	25	215	300	49	308.4	28.3	1100.2
pandit_like_009309	25	215	300	49	308.4	28.3	1100.2
pandit_like_014112	25	215	300	49	308.4	28.3	1100.2
pandit_like_015125	25	215	300	49	308.4	28.3	1100.2
pandit_like_019308	25	215	300	49	308.4	28.3	1100.2
pandit_like_000695	31	152	465	61	308.4	55.1	1100.0
pandit_like_012067	31	152	465	61	308.4	55.1	1100.0
pandit_like_015902	31	152	465	61	308.4	55.1	1100.0
pandit_like_018457	31	152	465	61	308.4	55.1	1100.0
pandit_like_019734	31	152	465	61	308.4	55.1	1100.0
pandit_like_000868	22	256	231	43	308.4	19.0	1097.8
pandit_like_003938	22	256	231	43	308.4	19.0	1097.8
pandit_like_009315	22	256	231	43	308.4	19.0	1097.8
pandit_like_010308	22	256	231	43	308.4	19.0	1097.8
pandit_like_013589	22	256	231	43	308.4	19.0	1097.8
pandit_like_016350	22	256	231	43	308.4	19.0	1097.8
pandit_like_002836	6	1095	15	11	308.4	0.3	1097.3
pandit_like_009013	6	1095	15	11	308.4	0.3	1097.3
pandit_like_001707	24	227	276	47	308.4	25.0	1097.3
pandit_like_005892	24	227	276	47	308.4	25.0	1097.3
pandit_like_008459	24	227	276	47	308.4	25.0	1097.3
pandit_like_008829	24	227	276	47	308.4	25.0	1097.3
pandit_like_010849	24	227	276	47	308.4	25.0	1097.3
pandit_like_011665	24	227	276	47	308.4	25.0	1097.3
pandit_like_015456	20	289	190	39	308.4	14.1	1095.6
pandit_like_015771	20	289	190	39	308.4	14.1	1095.6
pandit_like_016245	20	289	190	39	308.4	14.1	1095.6
pandit_like_017862	20	289	190	39	308.4	14.1	1095.6
pandit_like_019656	20	289	190	39	308.4	14.1	1095.6
pandit_like_007234	16	379	120	31	308.4	7.0	1095.3
pandit_like_007772	16	379	120	31	308.4	7.0	1095.3
pandit_like_009596	16	379	120	31	308.4	7.0	1095.3
pandit_like_018941	16	379	120	31	308.4	7.0	1095.3
pandit_like_019461	16	379	120	31	308.4	7.0	1095.3
pandit_like_014850	27	190	351	53	308.4	36.0	1095.0
pandit_like_019766	27	190	351	53	308.4	36.0	1095.0
pandit_like_004451	21	271	210	41	308.4	16.5	1094.6
pandit_like_005559	21	271	210	41	308.4	16.5	1094.6
pandit_like_005609	21	271	210	41	308.4	16.5	1094.6
pandit_like_014925	21	271	210	41	308.4	16.5	1094.6
pandit_like_016294	21	271	210	41	308.4	16.5	1094.6
pandit_like_017998	21	271	210	41	308.4	16.5	1094.6
pandit_like_006389	17	352	136	33	308.4	8.5	1093.6
pandit_like_007357	17	352	136	33	308.4	8.5	1093.6
pandit_like_008394	17	352	136	33	308.4	8.5	1093.6
pandit_like_011062	17	352	136	33	308.4	8.5	1093.6
pandit_like_013055	27	189	351	53	308.4	36.0	1091.5
pandit_like_001768	22	253	231	43	308.4	19.0	1089.5
pandit_like_006318	22	253	231	43	308.4	19.0	1089.5
pandit_like_011636	22	253	231	43	308.4	19.0	1089.5
pandit_like_012775	22	253	231	43	308.4	19.0	1089.5
pandit_like_002957	11	572	55	21	308.4	2.1	1088.7
pandit_like_003420	11	572	55	21	308.4	2.1	1088.7
pandit_like_008763	11	572	55	21	308.4	2.1	1088.7
pandit_like_011136	11	572	55	21	308.4	2.1	1088.7
pandit_like_016171	11	572	55	21	308.4	2.1	1088.7
pandit_like_016190	11	572	55	21	308.4	2.1	1088.7
pandit_like_018501	11	572	55	21	308.4	2.1	1088.7
pandit_like_019679	11	572	55	21	308.4	2.1	1088.7
pandit_like_006181	11	571	55	21	308.4	2.1	1087.3
pandit_like_012010	11	571	55	21	308.4	2.1	1087.3
pandit_like_014077	11	571	55	21	308.4	2.1	1087.3
pandit_like_014563	11	571	55	21	308.4	2.1	1087.3
pandit_like_017872	11	571	55	21	308.4	2.1	1087.3
pandit_like_005739	9	707	36	17	308.4	1.1	1086.3
pandit_like_003699	6	1079	15	11	308.4	0.3	1085.8
pandit_like_005242	6	1079	15	11	308.4	0.3	1085.8
pandit_like_007038	6	1079	15	11	308.4	0.3	1085.8
pandit_like_007211	6	1079	15	11	308.4	0.3	1085.8
pandit_like_009454	6	1079	15	11	308.4	0.3	1085.8
pandit_like_012598	6	1079	15	11	308.4	0.3	1085.8
pandit_like_013074	6	1079	15	11	308.4	0.3	1085.8
pandit_like_014203	6	1079	15	11	308.4	0.3	1085.8
pandit_like_015094	6	1079	15	11	308.4	0.3	1085.8
pandit_like_015821	6	1079	15	11	308.4	0.3	1085.8
pandit_like_001297	15	402	105	29	308.4	5.7	1083.4
pandit_like_006585	15	402	105	29	308.4	5.7	1083.4
pandit_like_008815	15	402	105	29	308.4	5.7	1083.4
pandit_like_015668	15	402	105	29	308.4	5.7	1083.4
pandit_like_017309	15	402	105	29	308.4	5.7	1083.4
pandit_like_000220	28	176	378	55	308.4	40.2	1083.0
pandit_like_003698	28	176	378	55	308.4	40.2	1083.0
pandit_like_007381	28	176	378	55	308.4	40.2	1083.0
pandit_like_009263	28	176	378	55	308.4	40.2	1083.0
pandit_like_014670	28	176	378	55	308.4	40.2	1083.0
pandit_like_017446	28	176	378	55	308.4	40.2	1083.0
pandit_like_019283	28	176	378	55	308.4	40.2	1083.0
pandit_like_000208	20	282	190	39	308.4	14.1	1078.2
pandit_like_004589	20	282	190	39	308.4	14.1	1078.2
pandit_like_011115	20	282	190	39	308.4	14.1	1078.2
pandit_like_016882	20	282	190	39	308.4	14.1	1078.2
pandit_like_017571	20	282	190	39	308.4	14.1	1078.2
pandit_like_017700	20	282	190	39	308.4	14.1	1078.2
pandit_like_001952	32	138	496	63	308.4	60.8	1077.9
pandit_like_006816	32	138	496	63	308.4	60.8	1077.9
pandit_like_000593	26	196	325	51	308.4	32.0	1077.5
pandit_like_006632	26	196	325	51	308.4	32.0	1077.5
pandit_like_014861	26	196	325	51	308.4	32.0	1077.5
pandit_like_018257	26	196	325	51	308.4	32.0	1077.5
pandit_like_009452	19	300	171	37	308.4	12.0	1076.2
pandit_like_010307	19	300	171	37	308.4	12.0	1076.2
pandit_like_010988	19	300	171	37	308.4	12.0	1076.2
pandit_like_011394	19	300	171	37	308.4	12.0	1076.2
pandit_like_016740	19	300	171	37	308.4	12.0	1076.2
pandit_like_017249	19	300	171	37	308.4	12.0	1076.2
pandit_like_004627	13	468	78	25	308.4	3.6	1075.9
pandit_like_007161	13	468	78	25	308.4	3.6	1075.9
pandit_like_013508	13	468	78	25	308.4	3.6	1075.9
pandit_like_015123	13	468	78	25	308.4	3.6	1075.9
pandit_like_015507	13	468	78	25	308.4	3.6	1075.9
pandit_like_016688	13	468	78	25	308.4	3.6	1075.9
pandit_like_001098	22	248	231	43	308.4	19.0	1075.7
pandit_like_002987	22	248	231	43	308.4	19.0	1075.7
pandit_like_007426	22	248	231	43	308.4	19.0	1075.7
pandit_like_009750	22	248	231	43	308.4	19.0	1075.7
pandit_like_011359	22	248	231	43	308.4	19.0	1075.7
pandit_like_015664	22	248	231	43	308.4	19.0	1075.7
pandit_like_018665	17	343	136	33	308.4	8.5	1074.8
pandit_like_019129	17	343	136	33	308.4	8.5	1074.8
pandit_like_000512	16	368	120	31	308.4	7.0	1073.7
pandit_like_007717	16	368	120	31	308.4	7.0	1073.7
pandit_like_008784	16	368	120	31	308.4	7.0	1073.7
pandit_like_018107	16	368	120	31	308.4	7.0	1073.7
pandit_like_006941	21	263	210	41	308.4	16.5	1073.6
pandit_like_007346	21	263	210	41	308.4	16.5	1073.6
pandit_like_019239	21	263	210	41	308.4	16.5	1073.6
pandit_like_000465	45	52	990	89	308.4	172.9	1072.5
pandit_like_002535	45	52	990	89	308.4	172.9	1072.5
pandit_like_006443	45	52	990	89	308.4	172.9	1072.5
pandit_like_008470	45	52	990	89	308.4	172.9	1072.5
pandit_like_010981	45	52	990	89	308.4	172.9	1072.5
pandit_like_005807	9	691	36	17	308.4	1.1	1068.9
pandit_like_006574	9	691	36	17	308.4	1.1	1068.9
pandit_like_007251	9	691	36	17	308.4	1.1	1068.9
pandit_like_008884	9	691	36	17	308.4	1.1	1068.9
pandit_like_017082	9	691	36	17	308.4	1.1	1068.9
pandit_like_019891	9	691	36	17	308.4	1.1	1068.9
pandit_like_000996	15	394	105	29	308.4	5.7	1068.7
pandit_like_005816	15	394	105	29	308.4	5.7	1068.7
pandit_like_008143	15	394	105	29	308.4	5.7	1068.7
pandit_like_008897	15	394	105	29	308.4	5.7	1068.7
pandit_like_011661	15	394	105	29	308.4	5.7	1068.7
pandit_like_011897	15	394	105	29	308.4	5.7	1068.7
pandit_like_012498	15	394	105	29	308.4	5.7	1068.7
pandit_like_013520	15	394	105	29	308.4	5.7	1068.7
pandit_like_017083	15	394	105	29	308.4	5.7	1068.7
pandit_like_018682	15	394	105	29	308.4	5.7	1068.7
pandit_like_006080	13	462	78	25	308.4	3.6	1066.4
pandit_like_013883	13	462	78	25	308.4	3.6	1066.4
pandit_like_016385	13	462	78	25	308.4	3.6	1066.4
pandit_like_004144	15	392	105	29	308.4	5.7	1065.0
pandit_like_007976	15	392	105	29	308.4	5.7	1065.0
pandit_like_015306	15	392	105	29	308.4	5.7	1065.0
pandit_like_016746	14	424	91	27	308.4	4.6	1064.6
pandit_like_017759	14	424	91	27	308.4	4.6	1064.6
pandit_like_018695	14	424	91	27	308.4	4.6	1064.6
pandit_like_000471	31	143	465	61	308.4	55.1	1064.1
pandit_like_007860	31	143	465	61	308.4	55.1	1064.1
pandit_like_015157	31	143	465	61	308.4	55.1	1064.1
pandit_like_000988	10	613	45	19	308.4	1.5	1063.4
pandit_like_004447	10	613	45	19	308.4	1.5	1063.4
pandit_like_009673	10	613	45	19	308.4	1.5	1063.4
pandit_like_010779	10	613	45	19	308.4	1.5	1063.4
pandit_like_000846	20	276	190	39	308.4	14.1	1063.3
pandit_like_002724	20	276	190	39	308.4	14.1	1063.3
pandit_like_008977	20	276	190	39	308.4	14.1	1063.3
pandit_like_014088	20	276	190	39	308.4	14.1	1063.3
pandit_like_007524	15	391	105	29	308.4	5.7	1063.2
pandit_like_008348	15	391	105	29	308.4	5.7	1063.2
pandit_like_009479	15	391	105	29	308.4	5.7	1063.2
pandit_like_011081	15	391	105	29	308.4	5.7	1063.2
pandit_like_011870	15	391	105	29	308.4	5.7	1063.2
pandit_like_016002	15	391	105	29	308.4	5.7	1063.2
pandit_like_018520	15	391	105	29	308.4	5.7	1063.2
pandit_like_001126	15	390	105	29	308.4	5.7	1061.3
pandit_like_016675	15	390	105	29	308.4	5.7	1061.3
pandit_like_006006	31	142	465	61	308.4	55.1	1060.1
pandit_like_000716	13	457	78	25	308.4	3.6	1058.4
pandit_like_002887	13	457	78	25	308.4	3.6	1058.4
pandit_like_010424	13	457	78	25	308.4	3.6	1058.4
pandit_like_013835	13	457	78	25	308.4	3.6	1058.4
pandit_like_015002	13	457	78	25	308.4	3.6	1058.4
pandit_like_000792	20	274	190	39	308.4	14.1	1058.3
pandit_like_003670	20	274	190	39	308.4	14.1	1058.3
pandit_like_015487	20	274	190	39	308.4	14.1	1058.3
pandit_like_000244	27	179	351	53	308.4	36.0	1057.2
pandit_like_002196	27	179	351	53	308.4	36.0	1057.2
pandit_like_005647	27	179	351	53	308.4	36.0	1057.2
pandit_like_010497	27	179	351	53	308.4	36.0	1057.2
pandit_like_013637	27	179	351	53	308.4	36.0	1057.2
pandit_like_013689	27	179	351	53	308.4	36.0	1057.2
pandit_like_016834	27	179	351	53	308.4	36.0	1057.2
pandit_like_019611	27	179	351	53	308.4	36.0	1057.2
pandit_like_001165	13	456	78	25	308.4	3.6	1056.9
pandit_like_002083	13	456	78	25	308.4	3.6	1056.9
pandit_like_003448	13	456	78	25	308.4	3.6	1056.9
pandit_like_005309	13	456	78	25	308.4	3.6	1056.9
pandit_like_008731	13	456	78	25	308.4	3.6	1056.9
pandit_like_010899	13	456	78	25	308.4	3.6	1056.9
pandit_like_016377	13	456	78	25	308.4	3.6	1056.9
pandit_like_005975	15	387	105	29	308.4	5.7	1055.8
pandit_like_011791	15	387	105	29	308.4	5.7	1055.8
pandit_like_012628	15	387	105	29	308.4	5.7	1055.8
pandit_like_013281	15	387	105	29	308.4	5.7	1055.8
pandit_like_000077	24	213	276	47	308.4	25.0	1055.0
pandit_like_002530	24	213	276	47	308.4	25.0	1055.0
pandit_like_009417	24	213	276	47	308.4	25.0	1055.0
pandit_like_013421	17	333	136	33	308.4	8.5	1053.8
pandit_like_016671	17	333	136	33	308.4	8.5	1053.8
pandit_like_019903	17	333	136	33	308.4	8.5	1053.8
pandit_like_000299	12	495	66	23	308.4	2.8	1052.0
pandit_like_008351	12	495	66	23	308.4	2.8	1052.0
pandit_like_014365	12	495	66	23	308.4	2.8	1052.0
pandit_like_014667	12	495	66	23	308.4	2.8	1052.0
pandit_like_017238	12	495	66	23	308.4	2.8	1052.0
pandit_like_018361	12	495	66	23	308.4	2.8	1052.0
pandit_like_003598	22	239	231	43	308.4	19.0	1050.9
pandit_like_004316	22	239	231	43	308.4	19.0	1050.9
pandit_like_005380	22	239	231	43	308.4	19.0	1050.9
pandit_like_006986	22	239	231	43	308.4	19.0	1050.9
pandit_like_015014	22	239	231	43	308.4	19.0	1050.9
pandit_like_016562	22	239	231	43	308.4	19.0	1050.9
pandit_like_017467	22	239	231	43	308.4	19.0	1050.9
pandit_like_005392	11	542	55	21	308.4	2.1	1048.7
pandit_like_009723	11	542	55	21	308.4	2.1	1048.7
pandit_like_004053	26	187	325	51	308.4	32.0	1047.9
pandit_like_005774	26	187	325	51	308.4	32.0	1047.9
pandit_like_013869	26	187	325	51	308.4	32.0	1047.9
pandit_like_019172	26	187	325	51	308.4	32.0	1047.9
pandit_like_002585	14	414	91	27	308.4	4.6	1047.5
pandit_like_010517	14	414	91	27	308.4	4.6	1047.5
pandit_like_015051	14	414	91	27	308.4	4.6	1047.5
pandit_like_016723	14	414	91	27	308.4	4.6	1047.5
pandit_like_007450	24	210	276	47	308.4	25.0	1045.9
pandit_like_008400	24	210	276	47	308.4	25.0	1045.9
pandit_like_012029	24	210	276	47	308.4	25.0	1045.9
pandit_like_012105	24	210	276	47	308.4	25.0	1045.9
pandit_like_014016	24	210	276	47	308.4	25.0	1045.9
pandit_like_014999	24	210	276	47	308.4	25.0	1045.9
pandit_like_005949	13	448	78	25	308.4	3.6	1044.2
pandit_like_010657	13	448	78	25	308.4	3.6	1044.2
pandit_like_011277	13	448	78	25	308.4	3.6	1044.2
pandit_like_011292	13	448	78	25	308.4	3.6	1044.2
pandit_like_018224	13	448	78	25	308.4	3.6	1044.2
pandit_like_013427	7	870	21	13	308.4	0.5	1044.1
pandit_like_016022	7	870	21	13	308.4	0.5	1044.1
pandit_like_018581	7	870	21	13	308.4	0.5	1044.1
pandit_like_019850	7	870	21	13	308.4	0.5	1044.1
pandit_like_002144	14	412	91	27	308.4	4.6	1044.1
pandit_like_003013	14	412	91	27	308.4	4.6	1044.1
pandit_like_005811	14	412	91	27	308.4	4.6	1044.1
pandit_like_007541	14	412	91	27	308.4	4.6	1044.1
pandit_like_008241	14	412	91	27	308.4	4.6	1044.1
pandit_like_009019	14	412	91	27	308.4	4.6	1044.1
pandit_like_009877	14	412	91	27	308.4	4.6	1044.1
pandit_like_013548	14	412	91	27	308.4	4.6	1044.1
pandit_like_015453	14	412	91	27	308.4	4.6	1044.1
pandit_like_005060	17	328	136	33	308.4	8.5	1043.3
pandit_like_016175	17	328	136	33	308.4	8.5	1043.3
pandit_like_008821	15	379	105	29	308.4	5.7	1041.1
pandit_like_017951	15	379	105	29	308.4	5.7	1041.1
pandit_like_019152	15	379	105	29	308.4	5.7	1041.1
pandit_like_000968	11	536	55	21	308.4	2.1	1040.7
pandit_like_001993	11	536	55	21	308.4	2.1	1040.7
pandit_like_007641	11	536	55	21	308.4	2.1	1040.7
pandit_like_009586	11	536	55	21	308.4	2.1	1040.7
pandit_like_014024	11	536	55	21	308.4	2.1	1040.7
pandit_like_018432	11	536	55	21	308.4	2.1	1040.7
pandit_like_000940	27	174	351	53	308.4	36.0	1040.1
pandit_like_001666	27	174	351	53	308.4	36.0	1040.1
pandit_like_005193	27	174	351	53	308.4	36.0	1040.1
pandit_like_007916	27	174	351	53	308.4	36.0	1040.1
pandit_like_009897	27	174	351	53	308.4	36.0	1040.1
pandit_like_006250	14	408	91	27	308.4	4.6	1037.2
pandit_like_011688	14	408	91	27	308.4	4.6	1037.2
pandit_like_013105	14	408	91	27	308.4	4.6	1037.2
pandit_like_015813	14	408	91	27	308.4	4.6	1037.2
pandit_like_019140	14	408	91	27	308.4	4.6	1037.2
pandit_like_015746	25	195	300	49	308.4	28.3	1037.0
pandit_like_017611	25	195	300	49	308.4	28.3	1037.0
pandit_like_018073	25	195	300	49	308.4	28.3	1037.0
pandit_like_004720	12	484	66	23	308.4	2.8	1035.9
pandit_like_009554	12	484	66	23	308.4	2.8	1035.9
pandit_like_010652	12	484	66	23	308.4	2.8	1035.9
pandit_like_000095	14	406	91	27	308.4	4.6	1033.8
pandit_like_007156	14	406	91	27	308.4	4.6	1033.8
pandit_like_009930	14	406	91	27	308.4	4.6	1033.8
pandit_like_018130	14	406	91	27	308.4	4.6	1033.8
pandit_like_004617	24	206	276	47	308.4	25.0	1033.8
pandit_like_004787	24	206	276	47	308.4	25.0	1033.8
pandit_like_005528	24	206	276	47	308.4	25.0	1033.8
pandit_like_009455	24	206	276	47	308.4	25.0	1033.8
pandit_like_011358	24	206	276	47	308.4	25.0	1033.8
pandit_like_014038	24	206	276	47	308.4	25.0	1033.8
pandit_like_015733	24	206	276	47	308.4	25.0	1033.8
pandit_like_015967	24	206	276	47	308.4	25.0	1033.8
pandit_like_017314	24	206	276	47	308.4	25.0	1033.8
pandit_like_018873	24	206	276	47	308.4	25.0	1033.8
pandit_like_005025	28	162	378	55	308.4	40.2	1033.0
pandit_like_005027	28	162	378	55	308.4	40.2	1033.0
pandit_like_010799	28	162	378	55	308.4	40.2	1033.0
pandit_like_014327	28	162	378	55	308.4	40.2	1033.0
pandit_like_014820	28	162	378	55	308.4	40.2	1033.0
pandit_like_015079	28	162	378	55	308.4	40.2	1033.0
pandit_like_018001	28	162	378	55	308.4	40.2	1033.0
pandit_like_019538	28	162	378	55	308.4	40.2	1033.0
pandit_like_017935	18	301	153	35	308.4	10.2	1032.2
pandit_like_001947	19	281	171	37	308.4	12.0	1031.3
pandit_like_003062	19	281	171	37	308.4	12.0	1031.3
pandit_like_006928	19	281	171	37	308.4	12.0	1031.3
pandit_like_014764	19	281	171	37	308.4	12.0	1031.3
pandit_like_019559	19	281	171	37	308.4	12.0	1031.3
pandit_like_003136	15	373	105	29	308.4	5.7	1030.0
pandit_like_003352	15	373	105	29	308.4	5.7	1030.0
pandit_like_011089	15	373	105	29	308.4	5.7	1030.0
pandit_like_011429	15	373	105	29	308.4	5.7	1030.0
pandit_like_015331	15	373	105	29	308.4	5.7	1030.0
pandit_like_001834	21	246	210	41	308.4	16.5	1029.0
pandit_like_001853	21	246	210	41	308.4	16.5	1029.0
pandit_like_005223	21	246	210	41	308.4	16.5	1029.0
pandit_like_008073	21	246	210	41	308.4	16.5	1029.0
pandit_like_000638	22	231	231	43	308.4	19.0	1028.9
pandit_like_008769	22	231	231	43	308.4	19.0	1028.9
pandit_like_013299	22	231	231	43	308.4	19.0	1028.9
pandit_like_013911	22	231	231	43	308.4	19.0	1028.9
pandit_like_016214	22	231	231	43	308.4	19.0	1028.9
pandit_like_004293	32	126	496	63	308.4	60.8	1028.4
pandit_like_016706	32	126	496	63	308.4	60.8	1028.4
pandit_like_017098	32	126	496	63	308.4	60.8	1028.4
pandit_like_019098	32	126	496	63	308.4	60.8	1028.4
pandit_like_006042	16	344	120	31	308.4	7.0	1026.4
pandit_like_014593	16	344	120	31	308.4	7.0	1026.4
pandit_like_000413	4	1509	6	7	308.4	0.1	1026.3
pandit_like_007273	4	1509	6	7	308.4	0.1	1026.3
pandit_like_015633	4	1509	6	7	308.4	0.1	1026.3
pandit_like_003353	22	229	231	43	308.4	19.0	1023.4
pandit_like_003858	22	229	231	43	308.4	19.0	1023.4
pandit_like_008886	22	229	231	43	308.4	19.0	1023.4
pandit_like_009098	22	229	231	43	308.4	19.0	1023.4
pandit_like_010698	22	229	231	43	308.4	19.0	1023.4
pandit_like_014081	22	229	231	43	308.4	19.0	1023.4
pandit_like_002185	15	369	105	29	308.4	5.7	1022.7
pandit_like_006555	15	369	105	29	308.4	5.7	1022.7
pandit_like_010121	15	369	105	29	308.4	5.7	1022.7
pandit_like_010210	15	369	105	29	308.4	5.7	1022.7
pandit_like_010931	15	369	105	29	308.4	5.7	1022.7
pandit_like_011590	15	369	105	29	308.4	5.7	1022.7
pandit_like_019676	15	369	105	29	308.4	5.7	1022.7
pandit_like_000741	28	159	378	55	308.4	40.2	1022.3
pandit_like_002433	28	159	378	55	308.4	40.2	1022.3
pandit_like_003436	28	159	378	55	308.4	40.2	1022.3
pandit_like_007500	28	159	378	55	308.4	40.2	1022.3
pandit_like_011309	28	159	378	55	308.4	40.2	1022.3
pandit_like_014892	28	159	378	55	308.4	40.2	1022.3
pandit_like_015779	28	159	378	55	308.4	40.2	1022.3
pandit_like_000647	11	522	55	21	308.4	2.1	1022.0
pandit_like_013503	11	522	55	21	308.4	2.1	1022.0
pandit_like_013747	11	522	55	21	308.4	2.1	1022.0
pandit_like_015255	11	522	55	21	308.4	2.1	1022.0
pandit_like_000544	43	54	903	85	308.4	150.5	1021.5
pandit_like_001481	43	54	903	85	308.4	150.5	1021.5
pandit_like_015173	43	54	903	85	308.4	150.5	1021.5
pandit_like_004660	13	433	78	25	308.4	3.6	1020.4
pandit_like_010636	13	433	78	25	308.4	3.6	1020.4
pandit_like_011910	13	433	78	25	308.4	3.6	1020.4
pandit_like_013492	13	433	78	25	308.4	3.6	1020.4
pandit_like_002466	35	102	595	69	308.4	80.1	1019.9
pandit_like_004045	33	116	528	65	308.4	66.8	1018.6
pandit_like_006987	33	116	528	65	308.4	66.8	1018.6
pandit_like_013304	33	116	528	65	308.4	66.8	1018.6
pandit_like_014509	33	116	528	65	308.4	66.8	1018.6
pandit_like_014679	33	116	528	65	308.4	66.8	1018.6
pandit_like_016526	33	116	528	65	308.4	66.8	1018.6
pandit_like_019186	33	116	528	65	308.4	66.8	1018.6
pandit_like_002661	14	397	91	27	308.4	4.6	1018.4
pandit_like_002940	14	397	91	27	308.4	4.6	1018.4
pandit_like_012229	14	397	91	27	308.4	4.6	1018.4
pandit_like_012808	14	397	91	27	308.4	4.6	1018.4
pandit_like_013877	14	397	91	27	308.4	4.6	1018.4
pandit_like_014477	14	397	91	27	308.4	4.6	1018.4
pandit_like_014647	14	397	91	27	308.4	4.6	1018.4
pandit_like_017359	14	397	91	27	308.4	4.6	1018.4
pandit_like_018890	14	397	91	27	308.4	4.6	1018.4
pandit_like_019423	14	397	91	27	308.4	4.6	1018.4
pandit_like_001162	39	76	741	77	308.4	111.6	1018.1
pandit_like_009010	39	76	741	77	308.4	111.6	1018.1
pandit_like_013954	39	76	741	77	308.4	111.6	1018.1
pandit_like_018439	39	76	741	77	308.4	111.6	1018.1
pandit_like_001331	14	396	91	27	308.4	4.6	1016.7
pandit_like_010076	14	396	91	27	308.4	4.6	1016.7
pandit_like_013429	14	396	91	27	308.4	4.6	1016.7
pandit_like_017671	14	396	91	27	308.4	4.6	1016.7
pandit_like_011554	21	241	210	41	308.4	16.5	1015.9
pandit_like_012685	21	241	210	41	308.4	16.5	1015.9
pandit_like_015274	21	241	210	41	308.4	16.5	1015.9
pandit_like_004159	19	274	171	37	308.4	12.0	1014.8
pandit_like_009035	19	274	171	37	308.4	12.0	1014.8
pandit_like_016653	19	274	171	37	308.4	12.0	1014.8
pandit_like_002186	7	833	21	13	308.4	0.5	1013.0
pandit_like_003956	7	833	21	13	308.4	0.5	1013.0
pandit_like_005036	7	833	21	13	308.4	0.5	1013.0
pandit_like_009094	7	833	21	13	308.4	0.5	1013.0
pandit_like_009580	7	833	21	13	308.4	0.5	1013.0
pandit_like_010338	7	833	21	13	308.4	0.5	1013.0
pandit_like_013088	7	833	21	13	308.4	0.5	1013.0
pandit_like_014770	7	833	21	13	308.4	0.5	1013.0
pandit_like_004164	7	831	21	13	308.4	0.5	1011.4
pandit_like_005995	7	831	21	13	308.4	0.5	1011.4
pandit_like_007569	7	831	21	13	308.4	0.5	1011.4
pandit_like_013108	7	831	21	13	308.4	0.5	1011.4
pandit_like_013435	7	831	21	13	308.4	0.5	1011.4
pandit_like_014641	7	831	21	13	308.4	0.5	1011.4
pandit_like_019836	7	831	21	13	308.4	0.5	1011.4
pandit_like_003652	12	467	66	23	308.4	2.8	1011.1
pandit_like_011549	12	467	66	23	308.4	2.8	1011.1
pandit_like_016957	12	467	66	23	308.4	2.8	1011.1
pandit_like_000946	18	291	153	35	308.4	10.2	1009.9
pandit_like_001497	18	291	153	35	308.4	10.2	1009.9
pandit_like_004774	18	291	153	35	308.4	10.2	1009.9
pandit_like_012672	18	291	153	35	308.4	10.2	1009.9
pandit_like_018650	18	291	153	35	308.4	10.2	1009.9
pandit_like_019380	18	291	153	35	308.4	10.2	1009.9
pandit_like_000079	15	362	105	29	308.4	5.7	1009.8
pandit_like_006601	15	362	105	29	308.4	5.7	1009.8
pandit_like_006866	15	362	105	29	308.4	5.7	1009.8
pandit_like_009259	15	362	105	29	308.4	5.7	1009.8
pandit_like_002134	13	426	78	25	308.4	3.6	1009.3
pandit_like_007579	13	426	78	25	308.4	3.6	1009.3
pandit_like_008268	13	426	78	25	308.4	3.6	1009.3
pandit_like_011733	13	426	78	25	308.4	3.6	1009.3
pandit_like_015143	13	426	78	25	308.4	3.6	1009.3
pandit_like_016449	13	426	78	25	308.4	3.6	1009.3
pandit_like_018194	13	426	78	25	308.4	3.6	1009.3
pandit_like_000406	27	165	351	53	308.4	36.0	1009.2
pandit_like_001439	27	165	351	53	308.4	36.0	1009.2
pandit_like_010822	27	165	351	53	308.4	36.0	1009.2
pandit_like_018195	27	165	351	53	308.4	36.0	1009.2
pandit_like_003696	21	238	210	41	308.4	16.5	1008.1
pandit_like_009616	21	238	210	41	308.4	16.5	1008.1
pandit_like_011386	21	238	210	41	308.4	16.5	1008.1
pandit_like_015270	21	238	210	41	308.4	16.5	1008.1
pandit_like_016744	21	238	210	41	308.4	16.5	1008.1
pandit_like_002068	17	311	136	33	308.4	8.5	1007.6
pandit_like_005157	17	311	136	33	308.4	8.5	1007.6
pandit_like_006236	17	311	136	33	308.4	8.5	1007.6
pandit_like_011563	17	311	136	33	308.4	8.5	1007.6
pandit_like_011938	17	311	136	33	308.4	8.5	1007.6
pandit_like_012027	17	311	136	33	308.4	8.5	1007.6
pandit_like_016386	17	311	136	33	308.4	8.5	1007.6
pandit_like_018543	17	311	136	33	308.4	8.5	1007.6
pandit_like_007807	24	197	276	47	308.4	25.0	1006.6
pandit_like_015662	24	197	276	47	308.4	25.0	1006.6
pandit_like_002177	6	967	15	11	308.4	0.3	1005.6
pandit_like_005680	6	967	15	11	308.4	0.3	1005.6
pandit_like_009143	6	967	15	11	308.4	0.3	1005.6
pandit_like_010140	6	967	15	11	308.4	0.3	1005.6
pandit_like_010732	6	967	15	11	308.4	0.3	1005.6
pandit_like_018764	6	967	15	11	308.4	0.3	1005.6
pandit_like_019121	6	967	15	11	308.4	0.3	1005.6
pandit_like_000127	14	389	91	27	308.4	4.6	1004.7
pandit_like_007468	14	389	91	27	308.4	4.6	1004.7
pandit_like_014168	14	389	91	27	308.4	4.6	1004.7
pandit_like_005329	16	333	120	31	308.4	7.0	1004.7
pandit_like_006163	16	333	120	31	308.4	7.0	1004.7
pandit_like_010491	16	333	120	31	308.4	7.0	1004.7
pandit_like_013803	16	333	120	31	308.4	7.0	1004.7
pandit_like_015547	16	333	120	31	308.4	7.0	1004.7
pandit_like_019413	16	333	120	31	308.4	7.0	1004.7
pandit_like_008606	13	423	78	25	308.4	3.6	1004.5
pandit_like_015085	13	423	78	25	308.4	3.6	1004.5
pandit_like_001962	28	154	378	55	308.4	40.2	1004.5
pandit_like_005219	28	154	378	55	308.4	40.2	1004.5
pandit_like_005776	28	154	378	55	308.4	40.2	1004.5
pandit_like_014642	28	154	378	55	308.4	40.2	1004.5
pandit_like_019464	28	154	378	55	308.4	40.2	1004.5
pandit_like_002596	10	564	45	19	308.4	1.5	1004.2
pandit_like_008365	10	564	45	19	308.4	1.5	1004.2
pandit_like_009348	10	564	45	19	308.4	1.5	1004.2
pandit_like_014176	10	564	45	19	308.4	1.5	1004.2
pandit_like_015060	10	564	45	19	308.4	1.5	1004.2
pandit_like_012966	17	309	136	33	308.4	8.5	1003.4
pandit_like_006633	7	820	21	13	308.4	0.5	1002.1
pandit_like_011440	7	820	21	13	308.4	0.5	1002.1
pandit_like_012713	7	820	21	13	308.4	0.5	1002.1
pandit_like_003813	18	287	153	35	308.4	10.2	1001.0
pandit_like_016217	18	287	153	35	308.4	10.2	1001.0
pandit_like_017500	18	287	153	35	308.4	10.2	1001.0
pandit_like_002548	20	251	190	39	308.4	14.1	1001.0
pandit_like_003931	20	251	190	39	308.4	14.1	1001.0
pandit_like_018661	20	251	190	39	308.4	14.1	1001.0
pandit_like_001770	6	960	15	11	308.4	0.3	1000.6
pandit_like_011587	6	960	15	11	308.4	0.3	1000.6
pandit_like_014416	6	960	15	11	308.4	0.3	1000.6
pandit_like_005264	15	356	105	29	308.4	5.7	998.8
pandit_like_016331	15	356	105	29	308.4	5.7	998.8
pandit_like_005603	10	559	45	19	308.4	1.5	998.2
pandit_like_007533	10	559	45	19	308.4	1.5	998.2
pandit_like_015724	10	559	45	19	308.4	1.5	998.2
pandit_like_016877	10	559	45	19	308.4	1.5	998.2
pandit_like_010995	28	152	378	55	308.4	40.2	997.3
pandit_like_011593	28	152	378	55	308.4	40.2	997.3
pandit_like_018414	28	152	378	55	308.4	40.2	997.3
pandit_like_019062	28	152	378	55	308.4	40.2	997.3
pandit_like_019386	28	152	378	55	308.4	40.2	997.3
pandit_like_001002	16	329	120	31	308.4	7.0	996.9
pandit_like_001780	16	329	120	31	308.4	7.0	996.9
pandit_like_002018	16	329	120	31	308.4	7.0	996.9
pandit_like_012363	16	329	120	31	308.4	7.0	996.9
pandit_like_017455	16	329	120	31	308.4	7.0	996.9
pandit_like_017621	16	329	120	31	308.4	7.0	996.9
pandit_like_017735	16	329	120	31	308.4	7.0	996.9
pandit_like_000871	18	285	153	35	308.4	10.2	996.6
pandit_like_009886	18	285	153	35	308.4	10.2	996.6
pandit_like_010500	18	285	153	35	308.4	10.2	996.6
pandit_like_000666	7	813	21	13	308.4	0.5	996.3
pandit_like_003167	7	813	21	13	308.4	0.5	996.3
pandit_like_006965	7	813	21	13	308.4	0.5	996.3
pandit_like_008034	7	813	21	13	308.4	0.5	996.3
pandit_like_013550	7	813	21	13	308.4	0.5	996.3
pandit_like_014340	7	813	21	13	308.4	0.5	996.3
pandit_like_005434	23	205	253	45	308.4	21.9	993.7
pandit_like_009545	23	205	253	45	308.4	21.9	993.7
pandit_like_003722	29	142	406	57	308.4	44.9	993.7
pandit_like_004060	29	142	406	57	308.4	44.9	993.7
pandit_like_012405	29	142	406	57	308.4	44.9	993.7
pandit_like_017969	29	142	406	57	308.4	44.9	993.7
pandit_like_018000	29	142	406	57	308.4	44.9	993.7
pandit_like_019296	29	142	406	57	308.4	44.9	993.7
pandit_like_000298	13	416	78	25	308.4	3.6	993.4
pandit_like_003833	13	416	78	25	308.4	3.6	993.4
pandit_like_013188	13	416	78	25	308.4	3.6	993.4
pandit_like_004371	25	181	300	49	308.4	28.3	992.8
pandit_like_004535	25	181	300	49	308.4	28.3	992.8
pandit_like_004937	25	181	300	49	308.4	28.3	992.8
pandit_like_010190	25	181	300	49	308.4	28.3	992.8
pandit_like_015610	25	181	300	49	308.4	28.3	992.8
pandit_like_000261	11	500	55	21	308.4	2.1	992.7
pandit_like_001614	11	500	55	21	308.4	2.1	992.7
pandit_like_002234	11	500	55	21	308.4	2.1	992.7
pandit_like_004416	11	500	55	21	308.4	2.1	992.7
pandit_like_012063	11	500	55	21	308.4	2.1	992.7
pandit_like_012551	11	500	55	21	308.4	2.1	992.7
pandit_like_002126	35	96	595	69	308.4	80.1	992.6
pandit_like_002240	35	96	595	69	308.4	80.1	992.6
pandit_like_004294	35	96	595	69	308.4	80.1	992.6
pandit_like_007865	35	96	595	69	308.4	80.1	992.6
pandit_like_008762	35	96	595	69	308.4	80.1	992.6
pandit_like_013014	35	96	595	69	308.4	80.1	992.6
pandit_like_016382	35	96	595	69	308.4	80.1	992.6
pandit_like_006282	21	232	210	41	308.4	16.5	992.3
pandit_like_008309	21	232	210	41	308.4	16.5	992.3
pandit_like_012629	21	232	210	41	308.4	16.5	992.3
pandit_like_015891	12	453	66	23	308.4	2.8	990.7
pandit_like_008880	21	231	210	41	308.4	16.5	989.7
pandit_like_009758	21	231	210	41	308.4	16.5	989.7
pandit_like_010026	21	231	210	41	308.4	16.5	989.7
pandit_like_015175	21	231	210	41	308.4	16.5	989.7
pandit_like_017383	21	231	210	41	308.4	16.5	989.7
pandit_like_017797	21	231	210	41	308.4	16.5	989.7
pandit_like_004957	14	380	91	27	308.4	4.6	989.3
pandit_like_007795	14	380	91	27	308.4	4.6	989.3
pandit_like_008580	14	380	91	27	308.4	4.6	989.3
pandit_like_019425	14	380	91	27	308.4	4.6	989.3
pandit_like_002063	11	496	55	21	308.4	2.1	987.3
pandit_like_003966	11	496	55	21	308.4	2.1	987.3
pandit_like_006580	11	496	55	21	308.4	2.1	987.3
pandit_like_008177	11	496	55	21	308.4	2.1	987.3
pandit_like_009271	11	496	55	21	308.4	2.1	987.3
pandit_like_010992	11	496	55	21	308.4	2.1	987.3
pandit_like_014396	11	496	55	21	308.4	2.1	987.3
pandit_like_014546	11	496	55	21	308.4	2.1	987.3
pandit_like_017230	11	496	55	21	308.4	2.1	987.3
pandit_like_017336	11	496	55	21	308.4	2.1	987.3
pandit_like_018585	11	496	55	21	308.4	2.1	987.3
pandit_like_009451	19	262	171	37	308.4	12.0	986.5
pandit_like_019319	19	262	171	37	308.4	12.0	986.5
pandit_like_000828	14	378	91	27	308.4	4.6	985.9
pandit_like_003977	14	378	91	27	308.4	4.6	985.9
pandit_like_017964	14	378	91	27	308.4	4.6	985.9
pandit_like_002708	18	280	153	35	308.4	10.2	985.4
pandit_like_003515	18	280	153	35	308.4	10.2	985.4
pandit_like_008508	18	280	153	35	308.4	10.2	985.4
pandit_like_009213	18	280	153	35	308.4	10.2	985.4
pandit_like_012308	18	280	153	35	308.4	10.2	985.4
pandit_like_016664	18	280	153	35	308.4	10.2	985.4
pandit_like_001403	21	229	210	41	308.4	16.5	984.5
pandit_like_007681	21	229	210	41	308.4	16.5	984.5
pandit_like_009018	21	229	210	41	308.4	16.5	984.5
pandit_like_010551	21	229	210	41	308.4	16.5	984.5
pandit_like_011301	21	229	210	41	308.4	16.5	984.5
pandit_like_014386	21	229	210	41	308.4	16.5	984.5
pandit_like_019644	21	229	210	41	308.4	16.5	984.5
pandit_like_003859	28	148	378	55	308.4	40.2	983.1
pandit_like_007445	28	148	378	55	308.4	40.2	983.1
pandit_like_008088	28	148	378	55	308.4	40.2	983.1
pandit_like_009857	28	148	378	55	308.4	40.2	983.1
pandit_like_010318	28	148	378	55	308.4	40.2	983.1
pandit_like_018545	28	148	378	55	308.4	40.2	983.1
pandit_like_001756	26	167	325	51	308.4	32.0	982.0
pandit_like_005017	26	167	325	51	308.4	32.0	982.0
pandit_like_007030	26	167	325	51	308.4	32.0	982.0
pandit_like_008057	26	167	325	51	308.4	32.0	982.0
pandit_like_008558	26	167	325	51	308.4	32.0	982.0
pandit_like_008652	26	167	325	51	308.4	32.0	982.0
pandit_like_010125	26	167	325	51	308.4	32.0	982.0
pandit_like_010861	26	167	325	51	308.4	32.0	982.0
pandit_like_011415	26	167	325	51	308.4	32.0	982.0
pandit_like_012739	26	167	325	51	308.4	32.0	982.0
pandit_like_012988	26	167	325	51	308.4	32.0	982.0
pandit_like_013972	26	167	325	51	308.4	32.0	982.0
pandit_like_015277	26	167	325	51	308.4	32.0	982.0
pandit_like_016991	26	167	325	51	308.4	32.0	982.0
pandit_like_000692	12	447	66	23	308.4	2.8	981.9
pandit_like_003214	12	447	66	23	308.4	2.8	981.9
pandit_like_003250	12	447	66	23	308.4	2.8	981.9
pandit_like_004184	12	447	66	23	308.4	2.8	981.9
pandit_like_011223	12	447	66	23	308.4	2.8	981.9
pandit_like_012041	12	447	66	23	308.4	2.8	981.9
pandit_like_004737	13	408	78	25	308.4	3.6	980.8
pandit_like_005038	13	408	78	25	308.4	3.6	980.8
pandit_like_006339	13	408	78	25	308.4	3.6	980.8
pandit_like_008312	13	408	78	25	308.4	3.6	980.8
pandit_like_013929	13	408	78	25	308.4	3.6	980.8
pandit_like_013943	13	408	78	25	308.4	3.6	980.8
pandit_like_016032	13	408	78	25	308.4	3.6	980.8
pandit_like_018495	13	408	78	25	308.4	3.6	980.8
pandit_like_001485	11	490	55	21	308.4	2.1	979.3
pandit_like_013375	11	490	55	21	308.4	2.1	979.3
pandit_like_014228	11	490	55	21	308.4	2.1	979.3
pandit_like_017912	11	490	55	21	308.4	2.1	979.3
pandit_like_002721	12	445	66	23	308.4	2.8	979.0
pandit_like_003157	12	445	66	23	308.4	2.8	979.0
pandit_like_003533	12	445	66	23	308.4	2.8	979.0
pandit_like_014312	12	445	66	23	308.4	2.8	979.0
pandit_like_003142	9	608	36	17	308.4	1.1	978.9
pandit_like_006788	9	608	36	17	308.4	1.1	978.9
pandit_like_006290	27	156	351	53	308.4	36.0	978.3
pandit_like_016539	27	156	351	53	308.4	36.0	978.3
pandit_like_018988	27	156	351	53	308.4	36.0	978.3
pandit_like_000604	25	176	300	49	308.4	28.3	977.0
pandit_like_004133	25	176	300	49	308.4	28.3	977.0
pandit_like_009279	25	176	300	49	308.4	28.3	977.0
pandit_like_012883	25	176	300	49	308.4	28.3	977.0
pandit_like_013263	25	176	300	49	308.4	28.3	977.0
pandit_like_015757	25	176	300	49	308.4	28.3	977.0
pandit_like_016439	25	176	300	49	308.4	28.3	977.0
pandit_like_019076	25	176	300	49	308.4	28.3	977.0
pandit_like_001371	28	146	378	55	308.4	40.2	975.9
pandit_like_003473	28	146	378	55	308.4	40.2	975.9
pandit_like_004236	28	146	378	55	308.4	40.2	975.9
pandit_like_004806	28	146	378	55	308.4	40.2	975.9
pandit_like_005716	28	146	378	55	308.4	40.2	975.9
pandit_like_008085	28	146	378	55	308.4	40.2	975.9
pandit_like_016080	28	146	378	55	308.4	40.2	975.9
pandit_like_002328	19	257	171	37	308.4	12.0	974.7
pandit_like_003249	19	257	171	37	308.4	12.0	974.7
pandit_like_003633	19	257	171	37	308.4	12.0	974.7
pandit_like_005976	19	257	171	37	308.4	12.0	974.7
pandit_like_008349	19	257	171	37	308.4	12.0	974.7
pandit_like_010688	19	257	171	37	308.4	12.0	974.7
pandit_like_012749	19	257	171	37	308.4	12.0	974.7
pandit_like_013746	19	257	171	37	308.4	12.0	974.7
pandit_like_001027	12	442	66	23	308.4	2.8	974.6
pandit_like_007199	12	442	66	23	308.4	2.8	974.6
pandit_like_007446	12	442	66	23	308.4	2.8	974.6
pandit_like_001852	23	198	253	45	308.4	21.9	973.4
pandit_like_014164	23	198	253	45	308.4	21.9	973.4
pandit_like_015420	23	198	253	45	308.4	21.9	973.4
pandit_like_017924	23	198	253	45	308.4	21.9	973.4
pandit_like_019444	23	198	253	45	308.4	21.9	973.4
pandit_like_006047	37	79	666	73	308.4	94.9	972.8
pandit_like_013144	37	79	666	73	308.4	94.9	972.8
pandit_like_013699	37	79	666	73	308.4	94.9	972.8
pandit_like_013775	37	79	666	73	308.4	94.9	972.8
pandit_like_003387	17	294	136	33	308.4	8.5	971.9
pandit_like_003504	17	294	136	33	308.4	8.5	971.9
pandit_like_006296	17	294	136	33	308.4	8.5	971.9
pandit_like_016506	17	294	136	33	308.4	8.5	971.9
pandit_like_018660	17	294	136	33	308.4	8.5	971.9
pandit_like_000833	33	105	528	65	308.4	66.8	971.6
pandit_like_014551	33	105	528	65	308.4	66.8	971.6
pandit_like_016965	33	105	528	65	308.4	66.8	971.6
pandit_like_002687	8	680	28	15	308.4	0.7	970.4
pandit_like_004063	8	680	28	15	308.4	0.7	970.4
pandit_like_015217	8	680	28	15	308.4	0.7	970.4
pandit_like_017424	8	680	28	15	308.4	0.7	970.4
pandit_like_018120	8	680	28	15	308.4	0.7	970.4
pandit_like_002559	8	678	28	15	308.4	0.7	968.5
pandit_like_005096	8	678	28	15	308.4	0.7	968.5
pandit_like_005532	8	678	28	15	308.4	0.7	968.5
pandit_like_008855	8	678	28	15	308.4	0.7	968.5
pandit_like_009272	8	678	28	15	308.4	0.7	968.5
pandit_like_010742	8	678	28	15	308.4	0.7	968.5
pandit_like_015342	8	678	28	15	308.4	0.7	968.5
pandit_like_016218	8	678	28	15	308.4	0.7	968.5
pandit_like_001411	31	119	465	61	308.4	55.1	968.5
pandit_like_003557	31	119	465	61	308.4	55.1	968.5
pandit_like_004687	31	119	465	61	308.4	55.1	968.5
pandit_like_006732	31	119	465	61	308.4	55.1	968.5
pandit_like_008928	31	119	465	61	308.4	55.1	968.5
pandit_like_009359	31	119	465	61	308.4	55.1	968.5
pandit_like_010763	31	119	465	61	308.4	55.1	968.5
pandit_like_013143	31	119	465	61	308.4	55.1	968.5
pandit_like_014267	31	119	465	61	308.4	55.1	968.5
pandit_like_014912	31	119	465	61	308.4	55.1	968.5
pandit_like_004445	16	313	120	31	308.4	7.0	965.4
pandit_like_016825	16	313	120	31	308.4	7.0	965.4
pandit_like_017520	16	313	120	31	308.4	7.0	965.4
pandit_like_007297	7	774	21	13	308.4	0.5	963.6
pandit_like_017771	7	774	21	13	308.4	0.5	963.6
pandit_like_019208	7	774	21	13	308.4	0.5	963.6
pandit_like_019411	7	774	21	13	308.4	0.5	963.6
pandit_like_000094	11	478	55	21	308.4	2.1	963.3
pandit_like_002000	11	478	55	21	308.4	2.1	963.3
pandit_like_003681	11	478	55	21	308.4	2.1	963.3
pandit_like_008990	11	478	55	21	308.4	2.1	963.3
pandit_like_018021	11	478	55	21	308.4	2.1	963.3
pandit_like_018986	11	478	55	21	308.4	2.1	963.3
pandit_like_004431	9	593	36	17	308.4	1.1	962.6
pandit_like_005493	9	593	36	17	308.4	1.1	962.6
pandit_like_007138	9	593	36	17	308.4	1.1	962.6
pandit_like_007908	9	593	36	17	308.4	1.1	962.6
pandit_like_009459	9	593	36	17	308.4	1.1	962.6
pandit_like_010756	9	593	36	17	308.4	1.1	962.6
pandit_like_013645	9	593	36	17	308.4	1.1	962.6
pandit_like_013859	9	593	36	17	308.4	1.1	962.6
pandit_like_017066	9	593	36	17	308.4	1.1	962.6
pandit_like_002038	26	161	325	51	308.4	32.0	962.2
pandit_like_004683	26	161	325	51	308.4	32.0	962.2
pandit_like_018809	26	161	325	51	308.4	32.0	962.2
pandit_like_019600	26	161	325	51	308.4	32.0	962.2
pandit_like_004831	22	206	231	43	308.4	19.0	960.0
pandit_like_001289	13	394	78	25	308.4	3.6	958.6
pandit_like_001641	13	394	78	25	308.4	3.6	958.6
pandit_like_003140	13	394	78	25	308.4	3.6	958.6
pandit_like_015354	13	394	78	25	308.4	3.6	958.6
pandit_like_018634	13	394	78	25	308.4	3.6	958.6
pandit_like_000005	14	362	91	27	308.4	4.6	958.5
pandit_like_000084	14	362	91	27	308.4	4.6	958.5
pandit_like_006196	14	362	91	27	308.4	4.6	958.5
pandit_like_011539	14	362	91	27	308.4	4.6	958.5
pandit_like_016576	14	362	91	27	308.4	4.6	958.5
pandit_like_016887	14	362	91	27	308.4	4.6	958.5
pandit_like_019468	14	362	91	27	308.4	4.6	958.5
pandit_like_000819	27	150	351	53	308.4	36.0	957.7
pandit_like_004204	27	150	351	53	308.4	36.0	957.7
pandit_like_004822	27	150	351	53	308.4	36.0	957.7
pandit_like_006320	27	150	351	53	308.4	36.0	957.7
pandit_like_008602	27	150	351	53	308.4	36.0	957.7
pandit_like_009225	27	150	351	53	308.4	36.0	957.7
pandit_like_012857	27	150	351	53	308.4	36.0	957.7
pandit_like_018470	27	150	351	53	308.4	36.0	957.7
pandit_like_019487	27	150	351	53	308.4	36.0	957.7
pandit_like_002649	16	309	120	31	308.4	7.0	957.5
pandit_like_004146	16	309	120	31	308.4	7.0	957.5
pandit_like_004997	16	309	120	31	308.4	7.0	957.5
pandit_like_009201	16	309	120	31	308.4	7.0	957.5
pandit_like_016241	16	309	120	31	308.4	7.0	957.5
pandit_like_017533	16	309	120	31	308.4	7.0	957.5
pandit_like_018259	16	309	120	31	308.4	7.0	957.5
pandit_like_019094	16	309	120	31	308.4	7.0	957.5
pandit_like_004004	17	287	136	33	308.4	8.5	957.3
pandit_like_015645	17	287	136	33	308.4	8.5	957.3
pandit_like_015719	17	287	136	33	308.4	8.5	957.3
pandit_like_006286	5	1085	10	9	308.4	0.1	957.0
pandit_like_007289	5	1085	10	9	308.4	0.1	957.0
pandit_like_014313	5	1085	10	9	308.4	0.1	957.0
pandit_like_014792	5	1085	10	9	308.4	0.1	957.0
pandit_like_018122	5	1085	10	9	308.4	0.1	957.0
pandit_like_011730	15	333	105	29	308.4	5.7	956.4
pandit_like_012055	15	333	105	29	308.4	5.7	956.4
pandit_like_012913	15	333	105	29	308.4	5.7	956.4
pandit_like_018338	15	333	105	29	308.4	5.7	956.4
pandit_like_001893	9	587	36	17	308.4	1.1	956.1
pandit_like_007615	9	587	36	17	308.4	1.1	956.1
pandit_like_014982	9	587	36	17	308.4	1.1	956.1
pandit_like_015833	9	587	36	17	308.4	1.1	956.1
pandit_like_000215	14	360	91	27	308.4	4.6	955.0
pandit_like_008160	14	360	91	27	308.4	4.6	955.0
pandit_like_009875	14	360	91	27	308.4	4.6	955.0
pandit_like_011338	14	360	91	27	308.4	4.6	955.0
pandit_like_018083	14	360	91	27	308.4	4.6	955.0
pandit_like_001817	11	471	55	21	308.4	2.1	954.0
pandit_like_008096	11	471	55	21	308.4	2.1	954.0
pandit_like_008234	11	471	55	21	308.4	2.1	954.0
pandit_like_015496	11	471	55	21	308.4	2.1	954.0
pandit_like_018541	11	471	55	21	308.4	2.1	954.0
pandit_like_001334	4	1355	6	7	308.4	0.1	953.2
pandit_like_003342	4	1355	6	7	308.4	0.1	953.2
pandit_like_004945	4	1355	6	7	308.4	0.1	953.2
pandit_like_014502	4	1355	6	7	308.4	0.1	953.2
pandit_like_002719	23	191	253	45	308.4	21.9	953.2
pandit_like_003195	23	191	253	45	308.4	21.9	953.2
pandit_like_004051	23	191	253	45	308.4	21.9	953.2
pandit_like_006225	23	191	253	45	308.4	21.9	953.2
pandit_like_006460	23	191	253	45	308.4	21.9	953.2
pandit_like_007068	23	191	253	45	308.4	21.9	953.2
pandit_like_007986	23	191	253	45	308.4	21.9	953.2
pandit_like_012188	23	191	253	45	308.4	21.9	953.2
pandit_like_018444	23	191	253	45	308.4	21.9	953.2
pandit_like_000457	17	285	136	33	308.4	8.5	953.1
pandit_like_001550	17	285	136	33	308.4	8.5	953.1
pandit_like_003107	17	285	136	33	308.4	8.5	953.1
pandit_like_005372	17	285	136	33	308.4	8.5	953.1
pandit_like_005711	17	285	136	33	308.4	8.5	953.1
pandit_like_006007	17	285	136	33	308.4	8.5	953.1
pandit_like_011158	17	285	136	33	308.4	8.5	953.1
pandit_like_012212	17	285	136	33	308.4	8.5	953.1
pandit_like_013510	17	285	136	33	308.4	8.5	953.1
pandit_like_016819	17	285	136	33	308.4	8.5	953.1
pandit_like_017226	17	285	136	33	308.4	8.5	953.1
pandit_like_002700	8	661	28	15	308.4	0.7	952.2
pandit_like_008864	8	661	28	15	308.4	0.7	952.2
pandit_like_001961	22	203	231	43	308.4	19.0	951.7
pandit_like_003784	22	203	231	43	308.4	19.0	951.7
pandit_like_014905	28	139	378	55	308.4	40.2	951.0
pandit_like_015247	28	139	378	55	308.4	40.2	951.0
pandit_like_014539	23	190	253	45	308.4	21.9	950.3
pandit_like_017291	23	190	253	45	308.4	21.9	950.3
pandit_like_017387	23	190	253	45	308.4	21.9	950.3
pandit_like_001647	15	329	105	29	308.4	5.7	949.1
pandit_like_006769	15	329	105	29	308.4	5.7	949.1
pandit_like_008392	15	329	105	29	308.4	5.7	949.1
pandit_like_005018	10	518	45	19	308.4	1.5	948.6
pandit_like_014668	10	518	45	19	308.4	1.5	948.6
pandit_like_000606	9	580	36	17	308.4	1.1	948.5
pandit_like_001037	9	580	36	17	308.4	1.1	948.5
pandit_like_010042	9	580	36	17	308.4	1.1	948.5
pandit_like_017436	9	580	36	17	308.4	1.1	948.5
pandit_like_005203	12	424	66	23	308.4	2.8	948.4
pandit_like_012954	12	424	66	23	308.4	2.8	948.4
pandit_like_014438	12	424	66	23	308.4	2.8	948.4
pandit_like_015132	12	424	66	23	308.4	2.8	948.4
pandit_like_015414	12	424	66	23	308.4	2.8	948.4
pandit_like_001341	8	657	28	15	308.4	0.7	948.3
pandit_like_003335	8	657	28	15	308.4	0.7	948.3
pandit_like_018737	8	657	28	15	308.4	0.7	948.3
pandit_like_005046	13	387	78	25	308.4	3.6	947.5
pandit_like_008165	13	387	78	25	308.4	3.6	947.5
pandit_like_009469	13	387	78	25	308.4	3.6	947.5
pandit_like_010574	13	387	78	25	308.4	3.6	947.5
pandit_like_012411	13	387	78	25	308.4	3.6	947.5
pandit_like_015836	13	387	78	25	308.4	3.6	947.5
pandit_like_017246	13	387	78	25	308.4	3.6	947.5
pandit_like_017442	13	387	78	25	308.4	3.6	947.5
pandit_like_018614	13	387	78	25	308.4	3.6	947.5
pandit_like_001059	10	517	45	19	308.4	1.5	947.4
pandit_like_016057	10	517	45	19	308.4	1.5	947.4
pandit_like_010391	27	147	351	53	308.4	36.0	947.4
pandit_like_015545	27	147	351	53	308.4	36.0	947.4
pandit_like_016906	27	147	351	53	308.4	36.0	947.4
pandit_like_019692	27	147	351	53	308.4	36.0	947.4
pandit_like_002298	14	355	91	27	308.4	4.6	946.5
pandit_like_014661	14	355	91	27	308.4	4.6	946.5
pandit_like_002922	14	353	91	27	308.4	4.6	943.1
pandit_like_003714	14	353	91	27	308.4	4.6	943.1
pandit_like_005809	14	353	91	27	308.4	4.6	943.1
pandit_like_005817	14	353	91	27	308.4	4.6	943.1
pandit_like_008158	14	353	91	27	308.4	4.6	943.1
pandit_like_010837	14	353	91	27	308.4	4.6	943.1
pandit_like_018487	14	353	91	27	308.4	4.6	943.1
pandit_like_000081	24	176	276	47	308.4	25.0	943.1
pandit_like_004298	24	176	276	47	308.4	25.0	943.1
pandit_like_007228	24	176	276	47	308.4	25.0	943.1
pandit_like_008171	24	176	276	47	308.4	25.0	943.1
pandit_like_009646	24	176	276	47	308.4	25.0	943.1
pandit_like_010144	24	176	276	47	308.4	25.0	943.1
pandit_like_015126	24	176	276	47	308.4	25.0	943.1
pandit_like_014590	13	384	78	25	308.4	3.6	942.7
pandit_like_017198	13	384	78	25	308.4	3.6	942.7
pandit_like_008033	8	651	28	15	308.4	0.7	942.6
pandit_like_009874	8	651	28	15	308.4	0.7	942.6
pandit_like_012663	8	651	28	15	308.4	0.7	942.6
pandit_like_017341	8	651	28	15	308.4	0.7	942.6
pandit_like_002594	35	85	595	69	308.4	80.1	942.6
pandit_like_003639	35	85	595	69	308.4	80.1	942.6
pandit_like_006832	35	85	595	69	308.4	80.1	942.6
pandit_like_015605	35	85	595	69	308.4	80.1	942.6
pandit_like_017963	35	85	595	69	308.4	80.1	942.6
pandit_like_009196	23	187	253	45	308.4	21.9	941.7
pandit_like_013354	23	187	253	45	308.4	21.9	941.7
pandit_like_018320	23	187	253	45	308.4	21.9	941.7
pandit_like_013858	10	512	45	19	308.4	1.5	941.4
pandit_like_015792	10	512	45	19	308.4	1.5	941.4
pandit_like_015887	10	512	45	19	308.4	1.5	941.4
pandit_like_002580	42	45	861	83	308.4	140.0	941.1
pandit_like_005954	42	45	861	83	308.4	140.0	941.1
pandit_like_006523	42	45	861	83	308.4	140.0	941.1
pandit_like_007692	42	45	861	83	308.4	140.0	941.1
pandit_like_016284	42	45	861	83	308.4	140.0	941.1
pandit_like_016312	42	45	861	83	308.4	140.0	941.1
pandit_like_017223	42	45	861	83	308.4	140.0	941.1
pandit_like_018588	42	45	861	83	308.4	140.0	941.1
pandit_like_002013	8	649	28	15	308.4	0.7	940.7
pandit_like_007861	8	649	28	15	308.4	0.7	940.7
pandit_like_011548	8	649	28	15	308.4	0.7	940.7
pandit_like_013657	8	649	28	15	308.4	0.7	940.7
pandit_like_000720	27	145	351	53	308.4	36.0	940.6
pandit_like_003433	27	145	351	53	308.4	36.0	940.6
pandit_like_005356	27	145	351	53	308.4	36.0	940.6
pandit_like_008320	27	145	351	53	308.4	36.0	940.6
pandit_like_014998	27	145	351	53	308.4	36.0	940.6
pandit_like_015584	27	145	351	53	308.4	36.0	940.6
pandit_like_004777	14	351	91	27	308.4	4.6	939.6
pandit_like_012999	14	351	91	27	308.4	4.6	939.6
pandit_like_017677	14	351	91	27	308.4	4.6	939.6
pandit_like_004769	4	1323	6	7	308.4	0.1	938.1
pandit_like_009537	4	1323	6	7	308.4	0.1	938.1
pandit_like_000369	13	381	78	25	308.4	3.6	938.0
pandit_like_005699	13	381	78	25	308.4	3.6	938.0
pandit_like_009393	13	381	78	25	308.4	3.6	938.0
pandit_like_013040	13	381	78	25	308.4	3.6	938.0
pandit_like_015192	13	381	78	25	308.4	3.6	938.0
pandit_like_015313	13	381	78	25	308.4	3.6	938.0
pandit_like_017207	13	381	78	25	308.4	3.6	938.0
pandit_like_005252	35	84	595	69	308.4	80.1	938.0
pandit_like_005505	35	84	595	69	308.4	80.1	938.0
pandit_like_008509	35	84	595	69	308.4	80.1	938.0
pandit_like_014954	35	84	595	69	308.4	80.1	938.0
pandit_like_002114	14	350	91	27	308.4	4.6	937.9
pandit_like_003014	14	350	91	27	308.4	4.6	937.9
pandit_like_003033	14	350	91	27	308.4	4.6	937.9
pandit_like_013318	14	350	91	27	308.4	4.6	937.9
pandit_like_013710	14	350	91	27	308.4	4.6	937.9
pandit_like_017539	14	350	91	27	308.4	4.6	937.9
pandit_like_001927	7	742	21	13	308.4	0.5	936.8
pandit_like_003562	7	742	21	13	308.4	0.5	936.8
pandit_like_011943	7	742	21	13	308.4	0.5	936.8
pandit_like_014591	7	742	21	13	308.4	0.5	936.8
pandit_like_018706	7	742	21	13	308.4	0.5	936.8
pandit_like_019105	7	742	21	13	308.4	0.5	936.8
pandit_like_000532	23	185	253	45	308.4	21.9	935.9
pandit_like_009027	23	185	253	45	308.4	21.9	935.9
pandit_like_016829	23	185	253	45	308.4	21.9	935.9
pandit_like_006937	21	210	210	41	308.4	16.5	934.6
pandit_like_008752	21	210	210	41	308.4	16.5	934.6
pandit_like_014544	21	210	210	41	308.4	16.5	934.6
pandit_like_017497	21	210	210	41	308.4	16.5	934.6
pandit_like_018198	21	210	210	41	308.4	16.5	934.6
pandit_like_000800	28	134	378	55	308.4	40.2	933.1
pandit_like_003010	28	134	378	55	308.4	40.2	933.1
pandit_like_004951	28	134	378	55	308.4	40.2	933.1
pandit_like_013571	28	134	378	55	308.4	40.2	933.1
pandit_like_018446	28	134	378	55	308.4	40.2	933.1
pandit_like_019053	28	134	378	55	308.4	40.2	933.1
pandit_like_002692	9	564	36	17	308.4	1.1	931.2
pandit_like_002981	9	564	36	17	308.4	1.1	931.2
pandit_like_005483	9	564	36	17	308.4	1.1	931.2
pandit_like_005685	9	564	36	17	308.4	1.1	931.2
pandit_like_008363	9	564	36	17	308.4	1.1	931.2
pandit_like_012699	9	564	36	17	308.4	1.1	931.2
pandit_like_001147	10	503	45	19	308.4	1.5	930.5
pandit_like_003509	10	503	45	19	308.4	1.5	930.5
pandit_like_003791	10	503	45	19	308.4	1.5	930.5
pandit_like_009223	10	503	45	19	308.4	1.5	930.5
pandit_like_012002	10	503	45	19	308.4	1.5	930.5
pandit_like_015144	10	503	45	19	308.4	1.5	930.5
pandit_like_018145	10	503	45	19	308.4	1.5	930.5
pandit_like_002519	23	183	253	45	308.4	21.9	930.1
pandit_like_007918	23	183	253	45	308.4	21.9	930.1
pandit_like_010475	23	183	253	45	308.4	21.9	930.1
pandit_like_017773	23	183	253	45	308.4	21.9	930.1
pandit_like_006716	31	109	465	61	308.4	55.1	928.6
pandit_like_017422	31	109	465	61	308.4	55.1	928.6
pandit_like_000980	8	635	28	15	308.4	0.7	927.2
pandit_like_001298	8	635	28	15	308.4	0.7	927.2
pandit_like_003049	8	635	28	15	308.4	0.7	927.2
pandit_like_006657	8	635	28	15	308.4	0.7	927.2
pandit_like_006668	8	635	28	15	308.4	0.7	927.2
pandit_like_006715	8	635	28	15	308.4	0.7	927.2
pandit_like_006980	8	635	28	15	308.4	0.7	927.2
pandit_like_011068	8	635	28	15	308.4	0.7	927.2
pandit_like_016417	8	635	28	15	308.4	0.7	927.2
pandit_like_017117	8	635	28	15	308.4	0.7	927.2
pandit_like_017516	8	635	28	15	308.4	0.7	927.2
pandit_like_017588	8	635	28	15	308.4	0.7	927.2
pandit_like_002181	13	374	78	25	308.4	3.6	926.9
pandit_like_006909	13	374	78	25	308.4	3.6	926.9
pandit_like_008614	13	374	78	25	308.4	3.6	926.9
pandit_like_018029	13	374	78	25	308.4	3.6	926.9
pandit_like_003542	30	116	435	59	308.4	49.8	926.6
pandit_like_016060	30	116	435	59	308.4	49.8	926.6
pandit_like_017208	25	160	300	49	308.4	28.3	926.5
pandit_like_018858	25	160	300	49	308.4	28.3	926.5
pandit_like_000194	26	150	325	51	308.4	32.0	926.0
pandit_like_003641	26	150	325	51	308.4	32.0	926.0
pandit_like_007005	26	150	325	51	308.4	32.0	926.0
pandit_like_008455	26	150	325	51	308.4	32.0	926.0
pandit_like_011697	26	150	325	51	308.4	32.0	926.0
pandit_like_012570	26	150	325	51	308.4	32.0	926.0
pandit_like_016996	26	150	325	51	308.4	32.0	926.0
pandit_like_017056	26	150	325	51	308.4	32.0	926.0
pandit_like_017145	26	150	325	51	308.4	32.0	926.0
pandit_like_019860	26	150	325	51	308.4	32.0	926.0
pandit_like_005222	16	292	120	31	308.4	7.0	924.0
pandit_like_010486	16	292	120	31	308.4	7.0	924.0
pandit_like_010560	16	292	120	31	308.4	7.0	924.0
pandit_like_010825	16	292	120	31	308.4	7.0	924.0
pandit_like_001228	12	407	66	23	308.4	2.8	923.6
pandit_like_004699	12	407	66	23	308.4	2.8	923.6
pandit_like_005263	12	407	66	23	308.4	2.8	923.6
pandit_like_005712	12	407	66	23	308.4	2.8	923.6
pandit_like_011753	12	407	66	23	308.4	2.8	923.6
pandit_like_018884	12	407	66	23	308.4	2.8	923.6
pandit_like_000174	14	340	91	27	308.4	4.6	920.8
pandit_like_003345	14	340	91	27	308.4	4.6	920.8
pandit_like_005905	14	340	91	27	308.4	4.6	920.8
pandit_like_006381	14	340	91	27	308.4	4.6	920.8
pandit_like_010238	14	340	91	27	308.4	4.6	920.8
pandit_like_013735	14	340	91	27	308.4	4.6	920.8
pandit_like_016492	14	340	91	27	308.4	4.6	920.8
pandit_like_016889	14	340	91	27	308.4	4.6	920.8
pandit_like_018236	14	340	91	27	308.4	4.6	920.8
pandit_like_015044	10	494	45	19	308.4	1.5	919.6
pandit_like_006772	29	122	406	57	308.4	44.9	919.6
pandit_like_006796	29	122	406	57	308.4	44.9	919.6
pandit_like_010645	29	122	406	57	308.4	44.9	919.6
pandit_like_012742	29	122	406	57	308.4	44.9	919.6
pandit_like_019189	29	122	406	57	308.4	44.9	919.6
pandit_like_019740	29	122	406	57	308.4	44.9	919.6
pandit_like_001193	11	445	55	21	308.4	2.1	919.3
pandit_like_004423	11	445	55	21	308.4	2.1	919.3
pandit_like_006806	11	445	55	21	308.4	2.1	919.3
pandit_like_013807	11	445	55	21	308.4	2.1	919.3
pandit_like_014471	11	445	55	21	308.4	2.1	919.3
pandit_like_018939	11	445	55	21	308.4	2.1	919.3
pandit_like_019573	11	445	55	21	308.4	2.1	919.3
pandit_like_000159	14	339	91	27	308.4	4.6	919.1
pandit_like_006699	14	339	91	27	308.4	4.6	919.1
pandit_like_009168	14	339	91	27	308.4	4.6	919.1
pandit_like_011066	14	339	91	27	308.4	4.6	919.1
pandit_like_001407	6	846	15	11	308.4	0.3	918.9
pandit_like_015441	6	846	15	11	308.4	0.3	918.9
pandit_like_002797	28	130	378	55	308.4	40.2	918.8
pandit_like_007191	28	130	378	55	308.4	40.2	918.8
pandit_like_007348	28	130	378	55	308.4	40.2	918.8
pandit_like_016572	28	130	378	55	308.4	40.2	918.8
pandit_like_006572	11	444	55	21	308.4	2.1	918.0
pandit_like_009014	11	444	55	21	308.4	2.1	918.0
pandit_like_015751	11	444	55	21	308.4	2.1	918.0
pandit_like_019537	11	444	55	21	308.4	2.1	918.0
pandit_like_001169	12	402	66	23	308.4	2.8	916.3
pandit_like_017327	12	402	66	23	308.4	2.8	916.3
pandit_like_000882	10	491	45	19	308.4	1.5	916.0
pandit_like_002695	10	491	45	19	308.4	1.5	916.0
pandit_like_004564	10	491	45	19	308.4	1.5	916.0
pandit_like_007742	10	491	45	19	308.4	1.5	916.0
pandit_like_009367	15	311	105	29	308.4	5.7	915.9
pandit_like_013665	15	311	105	29	308.4	5.7	915.9
pandit_like_017689	15	311	105	29	308.4	5.7	915.9
pandit_like_019011	15	311	105	29	308.4	5.7	915.9
pandit_like_008638	35	79	595	69	308.4	80.1	915.3
pandit_like_009438	35	79	595	69	308.4	80.1	915.3
pandit_like_016721	9	549	36	17	308.4	1.1	914.9
pandit_like_003983	12	400	66	23	308.4	2.8	913.3
pandit_like_011269	12	400	66	23	308.4	2.8	913.3
pandit_like_019712	12	400	66	23	308.4	2.8	913.3
pandit_like_000748	32	98	496	63	308.4	60.8	912.9
pandit_like_002656	32	98	496	63	308.4	60.8	912.9
pandit_like_007651	32	98	496	63	308.4	60.8	912.9
pandit_like_010432	32	98	496	63	308.4	60.8	912.9
pandit_like_014367	32	98	496	63	308.4	60.8	912.9
pandit_like_009305	36	72	630	71	308.4	87.3	910.8
pandit_like_013261	36	72	630	71	308.4	87.3	910.8
pandit_like_002528	10	485	45	19	308.4	1.5	908.7
pandit_like_004038	10	485	45	19	308.4	1.5	908.7
pandit_like_012225	10	485	45	19	308.4	1.5	908.7
pandit_like_012560	10	485	45	19	308.4	1.5	908.7
pandit_like_014780	10	485	45	19	308.4	1.5	908.7
pandit_like_016163	10	485	45	19	308.4	1.5	908.7
pandit_like_018685	10	485	45	19	308.4	1.5	908.7
pandit_like_009992	19	229	171	37	308.4	12.0	908.7
pandit_like_011573	19	229	171	37	308.4	12.0	908.7
pandit_like_017944	19	229	171	37	308.4	12.0	908.7
pandit_like_004553	6	831	15	11	308.4	0.3	908.1
pandit_like_005910	6	831	15	11	308.4	0.3	908.1
pandit_like_009146	6	831	15	11	308.4	0.3	908.1
pandit_like_018244	6	831	15	11	308.4	0.3	908.1
pandit_like_018713	6	831	15	11	308.4	0.3	908.1
pandit_like_003375	5	999	10	9	308.4	0.1	905.9
pandit_like_005293	5	999	10	9	308.4	0.1	905.9
pandit_like_007819	5	999	10	9	308.4	0.1	905.9
pandit_like_007842	5	999	10	9	308.4	0.1	905.9
pandit_like_008311	5	999	10	9	308.4	0.1	905.9
pandit_like_011341	5	999	10	9	308.4	0.1	905.9
pandit_like_011565	5	999	10	9	308.4	0.1	905.9
pandit_like_011737	5	999	10	9	308.4	0.1	905.9
pandit_like_012888	5	999	10	9	308.4	0.1	905.9
pandit_like_019112	5	999	10	9	308.4	0.1	905.9
pandit_like_019551	5	999	10	9	308.4	0.1	905.9
pandit_like_002195	5	998	10	9	308.4	0.1	905.3
pandit_like_008996	5	998	10	9	308.4	0.1	905.3
pandit_like_015648	5	998	10	9	308.4	0.1	905.3
pandit_like_018639	5	998	10	9	308.4	0.1	905.3
pandit_like_019675	5	998	10	9	308.4	0.1	905.3
pandit_like_002255	15	305	105	29	308.4	5.7	904.9
pandit_like_015081	15	305	105	29	308.4	5.7	904.9
pandit_like_000255	11	434	55	21	308.4	2.1	904.7
pandit_like_006064	11	434	55	21	308.4	2.1	904.7
pandit_like_010326	11	434	55	21	308.4	2.1	904.7
pandit_like_010519	11	434	55	21	308.4	2.1	904.7
pandit_like_013588	11	434	55	21	308.4	2.1	904.7
pandit_like_004648	16	282	120	31	308.4	7.0	904.3
pandit_like_007726	16	282	120	31	308.4	7.0	904.3
pandit_like_009419	16	282	120	31	308.4	7.0	904.3
pandit_like_019409	16	282	120	31	308.4	7.0	904.3
pandit_like_000698	14	330	91	27	308.4	4.6	903.7
pandit_like_001374	14	330	91	27	308.4	4.6	903.7
pandit_like_001838	14	330	91	27	308.4	4.6	903.7
pandit_like_002511	14	330	91	27	308.4	4.6	903.7
pandit_like_010098	14	330	91	27	308.4	4.6	903.7
pandit_like_012112	14	330	91	27	308.4	4.6	903.7
pandit_like_014013	14	330	91	27	308.4	4.6	903.7
pandit_like_018766	14	330	91	27	308.4	4.6	903.7
pandit_like_006085	8	610	28	15	308.4	0.7	903.2
pandit_like_007105	8	610	28	15	308.4	0.7	903.2
pandit_like_011641	8	610	28	15	308.4	0.7	903.2
pandit_like_017620	8	610	28	15	308.4	0.7	903.2
pandit_like_019933	8	610	28	15	308.4	0.7	903.2
pandit_like_014634	6	824	15	11	308.4	0.3	903.1
pandit_like_015027	6	824	15	11	308.4	0.3	903.1
pandit_like_017772	6	824	15	11	308.4	0.3	903.1
pandit_like_018629	6	824	15	11	308.4	0.3	903.1
pandit_like_000597	12	393	66	23	308.4	2.8	903.1
pandit_like_003863	12	393	66	23	308.4	2.8	903.1
pandit_like_009210	12	393	66	23	308.4	2.8	903.1
pandit_like_001130	13	359	78	25	308.4	3.6	903.1
pandit_like_003599	13	359	78	25	308.4	3.6	903.1
pandit_like_014098	13	359	78	25	308.4	3.6	903.1
pandit_like_017465	13	359	78	25	308.4	3.6	903.1
pandit_like_018981	13	359	78	25	308.4	3.6	903.1
pandit_like_002258	22	185	231	43	308.4	19.0	902.1
pandit_like_006489	22	185	231	43	308.4	19.0	902.1
pandit_like_012015	22	185	231	43	308.4	19.0	902.1
pandit_like_002830	35	76	595	69	308.4	80.1	901.6
pandit_like_003402	35	76	595	69	308.4	80.1	901.6
pandit_like_005560	35	76	595	69	308.4	80.1	901.6
pandit_like_010525	35	76	595	69	308.4	80.1	901.6
pandit_like_013214	35	76	595	69	308.4	80.1	901.6
pandit_like_000116	25	152	300	49	308.4	28.3	901.2
pandit_like_013678	25	152	300	49	308.4	28.3	901.2
pandit_like_018786	25	152	300	49	308.4	28.3	901.2
pandit_like_009747	14	328	91	27	308.4	4.6	900.2
pandit_like_015299	14	328	91	27	308.4	4.6	900.2
pandit_like_015491	14	328	91	27	308.4	4.6	900.2
pandit_like_018155	14	328	91	27	308.4	4.6	900.2
pandit_like_018437	14	328	91	27	308.4	4.6	900.2
pandit_like_018676	14	328	91	27	308.4	4.6	900.2
pandit_like_004375	37	64	666	73	308.4	94.9	900.2
pandit_like_008419	37	64	666	73	308.4	94.9	900.2
pandit_like_009024	37	64	666	73	308.4	94.9	900.2
pandit_like_016445	37	64	666	73	308.4	94.9	900.2
pandit_like_003797	5	988	10	9	308.4	0.1	899.3
pandit_like_004610	5	988	10	9	308.4	0.1	899.3
pandit_like_004828	5	988	10	9	308.4	0.1	899.3
pandit_like_005485	5	988	10	9	308.4	0.1	899.3
pandit_like_008239	5	988	10	9	308.4	0.1	899.3
pandit_like_009652	5	988	10	9	308.4	0.1	899.3
pandit_like_012601	5	988	10	9	308.4	0.1	899.3
pandit_like_012989	5	988	10	9	308.4	0.1	899.3
pandit_like_017131	5	988	10	9	308.4	0.1	899.3
pandit_like_018826	5	988	10	9	308.4	0.1	899.3
pandit_like_019730	5	988	10	9	308.4	0.1	899.3
pandit_like_009358	9	534	36	17	308.4	1.1	898.7
pandit_like_010096	9	534	36	17	308.4	1.1	898.7
pandit_like_010386	9	534	36	17	308.4	1.1	898.7
pandit_like_000379	13	356	78	25	308.4	3.6	898.3
pandit_like_001496	13	356	78	25	308.4	3.6	898.3
pandit_like_007205	13	356	78	25	308.4	3.6	898.3
pandit_like_010644	13	356	78	25	308.4	3.6	898.3
pandit_like_018623	13	356	78	25	308.4	3.6	898.3
pandit_like_001785	11	429	55	21	308.4	2.1	898.0
pandit_like_010153	11	429	55	21	308.4	2.1	898.0
pandit_like_011232	11	429	55	21	308.4	2.1	898.0
pandit_like_015686	11	429	55	21	308.4	2.1	898.0
pandit_like_003371	12	389	66	23	308.4	2.8	897.3
pandit_like_013702	12	389	66	23	308.4	2.8	897.3
pandit_like_016504	12	389	66	23	308.4	2.8	897.3
pandit_like_018478	12	389	66	23	308.4	2.8	897.3
pandit_like_001312	5	984	10	9	308.4	0.1	896.9
pandit_like_013870	5	984	10	9	308.4	0.1	896.9
pandit_like_019404	5	984	10	9	308.4	0.1	896.9
pandit_like_001676	27	132	351	53	308.4	36.0	896.0
pandit_like_012667	27	132	351	53	308.4	36.0	896.0
pandit_like_000331	13	354	78	25	308.4	3.6	895.2
pandit_like_001792	13	354	78	25	308.4	3.6	895.2
pandit_like_001928	13	354	78	25	308.4	3.6	895.2
pandit_like_006125	13	354	78	25	308.4	3.6	895.2
pandit_like_010670	13	354	78	25	308.4	3.6	895.2
pandit_like_018079	13	354	78	25	308.4	3.6	895.2
pandit_like_019403	13	354	78	25	308.4	3.6	895.2
pandit_like_019736	13	354	78	25	308.4	3.6	895.2
pandit_like_001138	11	425	55	21	308.4	2.1	892.7
pandit_like_002050	11	425	55	21	308.4	2.1	892.7
pandit_like_005944	11	425	55	21	308.4	2.1	892.7
pandit_like_007600	11	425	55	21	308.4	2.1	892.7
pandit_like_007671	11	425	55	21	308.4	2.1	892.7
pandit_like_010489	11	425	55	21	308.4	2.1	892.7
pandit_like_010786	11	425	55	21	308.4	2.1	892.7
pandit_like_011399	11	425	55	21	308.4	2.1	892.7
pandit_like_013348	11	425	55	21	308.4	2.1	892.7
pandit_like_014699	11	425	55	21	308.4	2.1	892.7
pandit_like_018942	11	425	55	21	308.4	2.1	892.7
pandit_like_004285	16	276	120	31	308.4	7.0	892.5
pandit_like_003912	7	689	21	13	308.4	0.5	892.3
pandit_like_008681	7	689	21	13	308.4	0.5	892.3
pandit_like_011061	7	689	21	13	308.4	0.5	892.3
pandit_like_017321	7	689	21	13	308.4	0.5	892.3
pandit_like_019448	7	689	21	13	308.4	0.5	892.3
pandit_like_006882	32	93	496	63	308.4	60.8	892.3
pandit_like_009164	32	93	496	63	308.4	60.8	892.3
pandit_like_011852	32	93	496	63	308.4	60.8	892.3
pandit_like_012282	32	93	496	63	308.4	60.8	892.3
pandit_like_014213	32	93	496	63	308.4	60.8	892.3
pandit_like_016946	32	93	496	63	308.4	60.8	892.3
pandit_like_019967	32	93	496	63	308.4	60.8	892.3
pandit_like_000533	30	107	435	59	308.4	49.8	892.0
pandit_like_001983	30	107	435	59	308.4	49.8	892.0
pandit_like_007634	30	107	435	59	308.4	49.8	892.0
pandit_like_019596	30	107	435	59	308.4	49.8	892.0
pandit_like_002031	8	598	28	15	308.4	0.7	891.7
pandit_like_007367	8	598	28	15	308.4	0.7	891.7
pandit_like_009698	8	598	28	15	308.4	0.7	891.7
pandit_like_012532	8	598	28	15	308.4	0.7	891.7
pandit_like_005338	24	159	276	47	308.4	25.0	891.7
pandit_like_016355	24	159	276	47	308.4	25.0	891.7
pandit_like_019790	24	159	276	47	308.4	25.0	891.7
pandit_like_000280	12	385	66	23	308.4	2.8	891.5
pandit_like_006844	12	385	66	23	308.4	2.8	891.5
pandit_like_011308	12	385	66	23	308.4	2.8	891.5
pandit_like_014746	12	385	66	23	308.4	2.8	891.5
pandit_like_014151	21	193	210	41	308.4	16.5	890.1
pandit_like_016208	21	193	210	41	308.4	16.5	890.1
pandit_like_000987	8	596	28	15	308.4	0.7	889.7
pandit_like_001431	8	596	28	15	308.4	0.7	889.7
pandit_like_002748	8	596	28	15	308.4	0.7	889.7
pandit_like_002832	8	596	28	15	308.4	0.7	889.7
pandit_like_006224	8	596	28	15	308.4	0.7	889.7
pandit_like_007624	8	596	28	15	308.4	0.7	889.7
pandit_like_009237	8	596	28	15	308.4	0.7	889.7
pandit_like_009319	8	596	28	15	308.4	0.7	889.7
pandit_like_010782	8	596	28	15	308.4	0.7	889.7
pandit_like_013119	8	596	28	15	308.4	0.7	889.7
pandit_like_017071	8	596	28	15	308.4	0.7	889.7
pandit_like_017176	8	596	28	15	308.4	0.7	889.7
pandit_like_018506	8	596	28	15	308.4	0.7	889.7
pandit_like_018783	8	596	28	15	308.4	0.7	889.7
pandit_like_019213	8	596	28	15	308.4	0.7	889.7
pandit_like_000566	26	139	325	51	308.4	32.0	889.7
pandit_like_002952	26	139	325	51	308.4	32.0	889.7
pandit_like_007186	26	139	325	51	308.4	32.0	889.7
pandit_like_007679	26	139	325	51	308.4	32.0	889.7
pandit_like_008182	26	139	325	51	308.4	32.0	889.7
pandit_like_019508	26	139	325	51	308.4	32.0	889.7
pandit_like_003925	31	99	465	61	308.4	55.1	888.8
pandit_like_005613	31	99	465	61	308.4	55.1	888.8
pandit_like_008487	31	99	465	61	308.4	55.1	888.8
pandit_like_011555	31	99	465	61	308.4	55.1	888.8
pandit_like_018807	31	99	465	61	308.4	55.1	888.8
pandit_like_000400	7	684	21	13	308.4	0.5	888.1
pandit_like_000523	7	684	21	13	308.4	0.5	888.1
pandit_like_000529	7	684	21	13	308.4	0.5	888.1
pandit_like_004697	7	684	21	13	308.4	0.5	888.1
pandit_like_008852	7	684	21	13	308.4	0.5	888.1
pandit_like_015404	7	684	21	13	308.4	0.5	888.1
pandit_like_019890	7	684	21	13	308.4	0.5	888.1
pandit_like_000392	9	524	36	17	308.4	1.1	887.8
pandit_like_001632	9	524	36	17	308.4	1.1	887.8
pandit_like_002781	9	524	36	17	308.4	1.1	887.8
pandit_like_006705	9	524	36	17	308.4	1.1	887.8
pandit_like_010179	9	524	36	17	308.4	1.1	887.8
pandit_like_011544	9	524	36	17	308.4	1.1	887.8
pandit_like_012000	9	524	36	17	308.4	1.1	887.8
pandit_like_014721	9	524	36	17	308.4	1.1	887.8
pandit_like_019216	9	524	36	17	308.4	1.1	887.8
pandit_like_004418	11	421	55	21	308.4	2.1	887.3
pandit_like_007009	11	421	55	21	308.4	2.1	887.3
pandit_like_015919	11	421	55	21	308.4	2.1	887.3
pandit_like_000101	10	466	45	19	308.4	1.5	885.8
pandit_like_003644	10	466	45	19	308.4	1.5	885.8
pandit_like_004614	10	466	45	19	308.4	1.5	885.8
pandit_like_005999	10	466	45	19	308.4	1.5	885.8
pandit_like_006400	10	466	45	19	308.4	1.5	885.8
pandit_like_008324	10	466	45	19	308.4	1.5	885.8
pandit_like_008477	10	466	45	19	308.4	1.5	885.8
pandit_like_018329	10	466	45	19	308.4	1.5	885.8
pandit_like_002924	30	105	435	59	308.4	49.8	884.3
pandit_like_005159	30	105	435	59	308.4	49.8	884.3
pandit_like_011792	30	105	435	59	308.4	49.8	884.3
pandit_like_004112	12	380	66	23	308.4	2.8	884.2
pandit_like_004674	12	380	66	23	308.4	2.8	884.2
pandit_like_015592	12	380	66	23	308.4	2.8	884.2
pandit_like_016502	12	380	66	23	308.4	2.8	884.2
pandit_like_018217	12	380	66	23	308.4	2.8	884.2
pandit_like_000216	7	678	21	13	308.4	0.5	883.1
pandit_like_006782	7	678	21	13	308.4	0.5	883.1
pandit_like_011821	7	678	21	13	308.4	0.5	883.1
pandit_like_014718	7	678	21	13	308.4	0.5	883.1
pandit_like_000538	8	589	28	15	308.4	0.7	883.0
pandit_like_001619	8	589	28	15	308.4	0.7	883.0
pandit_like_006991	8	589	28	15	308.4	0.7	883.0
pandit_like_011854	8	589	28	15	308.4	0.7	883.0
pandit_like_016211	8	589	28	15	308.4	0.7	883.0
pandit_like_016982	8	589	28	15	308.4	0.7	883.0
pandit_like_007816	24	156	276	47	308.4	25.0	882.6
pandit_like_008307	24	156	276	47	308.4	25.0	882.6
pandit_like_003611	8	587	28	15	308.4	0.7	881.1
pandit_like_007217	6	793	15	11	308.4	0.3	880.9
pandit_like_007809	6	793	15	11	308.4	0.3	880.9
pandit_like_010621	6	793	15	11	308.4	0.3	880.9
pandit_like_017152	6	793	15	11	308.4	0.3	880.9
pandit_like_019535	6	793	15	11	308.4	0.3	880.9
pandit_like_019585	6	793	15	11	308.4	0.3	880.9
pandit_like_000679	12	377	66	23	308.4	2.8	879.8
pandit_like_005399	12	377	66	23	308.4	2.8	879.8
pandit_like_007598	12	377	66	23	308.4	2.8	879.8
pandit_like_007812	12	377	66	23	308.4	2.8	879.8
pandit_like_009403	12	377	66	23	308.4	2.8	879.8
pandit_like_012801	12	377	66	23	308.4	2.8	879.8
pandit_like_013216	12	377	66	23	308.4	2.8	879.8
pandit_like_017086	12	377	66	23	308.4	2.8	879.8
pandit_like_001775	6	791	15	11	308.4	0.3	879.5
pandit_like_006429	6	791	15	11	308.4	0.3	879.5
pandit_like_007988	6	791	15	11	308.4	0.3	879.5
pandit_like_008929	6	791	15	11	308.4	0.3	879.5
pandit_like_012221	6	791	15	11	308.4	0.3	879.5
pandit_like_003985	13	344	78	25	308.4	3.6	879.3
pandit_like_008905	13	344	78	25	308.4	3.6	879.3
pandit_like_001937	6	790	15	11	308.4	0.3	878.8
pandit_like_001966	6	790	15	11	308.4	0.3	878.8
pandit_like_004121	6	790	15	11	308.4	0.3	878.8
pandit_like_004265	6	790	15	11	308.4	0.3	878.8
pandit_like_005775	6	790	15	11	308.4	0.3	878.8
pandit_like_008831	6	790	15	11	308.4	0.3	878.8
pandit_like_008013	16	269	120	31	308.4	7.0	878.7
pandit_like_012001	16	269	120	31	308.4	7.0	878.7
pandit_like_013199	16	269	120	31	308.4	7.0	878.7
pandit_like_000798	11	414	55	21	308.4	2.1	878.0
pandit_like_003401	11	414	55	21	308.4	2.1	878.0
pandit_like_007124	11	414	55	21	308.4	2.1	878.0
pandit_like_009523	11	414	55	21	308.4	2.1	878.0
pandit_like_010091	11	414	55	21	308.4	2.1	878.0
pandit_like_010092	11	414	55	21	308.4	2.1	878.0
pandit_like_010499	11	414	55	21	308.4	2.1	878.0
pandit_like_013383	11	414	55	21	308.4	2.1	878.0
pandit_like_016305	11	414	55	21	308.4	2.1	878.0
pandit_like_017243	11	414	55	21	308.4	2.1	878.0
pandit_like_019221	11	414	55	21	308.4	2.1	878.0
pandit_like_003262	14	315	91	27	308.4	4.6	878.0
pandit_like_003578	14	315	91	27	308.4	4.6	878.0
pandit_like_009128	14	315	91	27	308.4	4.6	878.0
pandit_like_016884	14	315	91	27	308.4	4.6	878.0
pandit_like_019973	14	315	91	27	308.4	4.6	878.0
pandit_like_002556	22	176	231	43	308.4	19.0	877.3
pandit_like_003725	22	176	231	43	308.4	19.0	877.3
pandit_like_019313	22	176	231	43	308.4	19.0	877.3
pandit_like_019427	22	176	231	43	308.4	19.0	877.3
pandit_like_003541	9	514	36	17	308.4	1.1	877.0
pandit_like_010815	9	514	36	17	308.4	1.1	877.0
pandit_like_003887	16	268	120	31	308.4	7.0	876.8
pandit_like_006534	16	268	120	31	308.4	7.0	876.8
pandit_like_007486	16	268	120	31	308.4	7.0	876.8
pandit_like_012914	16	268	120	31	308.4	7.0	876.8
pandit_like_015498	16	268	120	31	308.4	7.0	876.8
pandit_like_003117	20	201	190	39	308.4	14.1	876.5
pandit_like_016634	20	201	190	39	308.4	14.1	876.5
pandit_like_019968	20	201	190	39	308.4	14.1	876.5
pandit_like_002493	19	215	171	37	308.4	12.0	875.7
pandit_like_003447	19	215	171	37	308.4	12.0	875.7
pandit_like_005057	19	215	171	37	308.4	12.0	875.7
pandit_like_008598	19	215	171	37	308.4	12.0	875.7
pandit_like_018007	19	215	171	37	308.4	12.0	875.7
pandit_like_013219	35	70	595	69	308.4	80.1	874.3
pandit_like_014407	35	70	595	69	308.4	80.1	874.3
pandit_like_016621	35	70	595	69	308.4	80.1	874.3
pandit_like_001107	12	373	66	23	308.4	2.8	874.0
pandit_like_002934	12	373	66	23	308.4	2.8	874.0
pandit_like_012061	12	373	66	23	308.4	2.8	874.0
pandit_like_012166	12	373	66	23	308.4	2.8	874.0
pandit_like_016432	12	373	66	23	308.4	2.8	874.0
pandit_like_005473	24	153	276	47	308.4	25.0	873.6
pandit_like_006881	24	153	276	47	308.4	25.0	873.6
pandit_like_010049	24	153	276	47	308.4	25.0	873.6
pandit_like_010072	24	153	276	47	308.4	25.0	873.6
pandit_like_010209	24	153	276	47	308.4	25.0	873.6
pandit_like_012786	24	153	276	47	308.4	25.0	873.6
pandit_like_014499	24	153	276	47	308.4	25.0	873.6
pandit_like_001034	19	214	171	37	308.4	12.0	873.3
pandit_like_004630	19	214	171	37	308.4	12.0	873.3
pandit_like_006449	19	214	171	37	308.4	12.0	873.3
pandit_like_014895	19	214	171	37	308.4	12.0	873.3
pandit_like_015574	19	214	171	37	308.4	12.0	873.3
pandit_like_016462	19	214	171	37	308.4	12.0	873.3
pandit_like_000322	6	782	15	11	308.4	0.3	873.0
pandit_like_000745	6	782	15	11	308.4	0.3	873.0
pandit_like_002750	6	782	15	11	308.4	0.3	873.0
pandit_like_003864	6	782	15	11	308.4	0.3	873.0
pandit_like_004061	6	782	15	11	308.4	0.3	873.0
pandit_like_011671	6	782	15	11	308.4	0.3	873.0
pandit_like_011913	6	782	15	11	308.4	0.3	873.0
pandit_like_012651	6	782	15	11	308.4	0.3	873.0
pandit_like_013999	6	782	15	11	308.4	0.3	873.0
pandit_like_017967	6	782	15	11	308.4	0.3	873.0
pandit_like_014658	23	163	253	45	308.4	21.9	872.3
pandit_like_017408	23	163	253	45	308.4	21.9	872.3
pandit_like_018210	23	163	253	45	308.4	21.9	872.3
pandit_like_019086	23	163	253	45	308.4	21.9	872.3
pandit_like_019390	23	163	253	45	308.4	21.9	872.3
pandit_like_001515	11	409	55	21	308.4	2.1	871.3
pandit_like_002264	11	409	55	21	308.4	2.1	871.3
pandit_like_002376	11	409	55	21	308.4	2.1	871.3
pandit_like_008276	11	409	55	21	308.4	2.1	871.3
pandit_like_009855	11	409	55	21	308.4	2.1	871.3
pandit_like_011361	11	409	55	21	308.4	2.1	871.3
pandit_like_011625	11	409	55	21	308.4	2.1	871.3
pandit_like_013035	11	409	55	21	308.4	2.1	871.3
pandit_like_008118	24	152	276	47	308.4	25.0	870.5
pandit_like_008339	24	152	276	47	308.4	25.0	870.5
pandit_like_013628	24	152	276	47	308.4	25.0	870.5
pandit_like_004760	8	575	28	15	308.4	0.7	869.6
pandit_like_005104	8	575	28	15	308.4	0.7	869.6
pandit_like_005130	8	575	28	15	308.4	0.7	869.6
pandit_like_011656	8	575	28	15	308.4	0.7	869.6
pandit_like_014403	8	575	28	15	308.4	0.7	869.6
pandit_like_016605	8	575	28	15	308.4	0.7	869.6
pandit_like_017163	8	575	28	15	308.4	0.7	869.6
pandit_like_000054	17	245	136	33	308.4	8.5	869.1
pandit_like_000956	17	245	136	33	308.4	8.5	869.1
pandit_like_011654	17	245	136	33	308.4	8.5	869.1
pandit_like_000105	21	185	210	41	308.4	16.5	869.1
pandit_like_009732	21	185	210	41	308.4	16.5	869.1
pandit_like_011640	21	185	210	41	308.4	16.5	869.1
pandit_like_015385	21	185	210	41	308.4	16.5	869.1
pandit_like_016934	21	185	210	41	308.4	16.5	869.1
pandit_like_000421	28	116	378	55	308.4	40.2	868.9
pandit_like_001351	28	116	378	55	308.4	40.2	868.9
pandit_like_001669	28	116	378	55	308.4	40.2	868.9
pandit_like_002237	28	116	378	55	308.4	40.2	868.9
pandit_like_009525	28	116	378	55	308.4	40.2	868.9
pandit_like_015242	28	116	378	55	308.4	40.2	868.9
pandit_like_015829	28	116	378	55	308.4	40.2	868.9
pandit_like_003460	36	63	630	71	308.4	87.3	868.6
pandit_like_007155	36	63	630	71	308.4	87.3	868.6
pandit_like_012681	36	63	630	71	308.4	87.3	868.6
pandit_like_013526	36	63	630	71	308.4	87.3	868.6
pandit_like_006828	13	337	78	25	308.4	3.6	868.2
pandit_like_008503	13	337	78	25	308.4	3.6	868.2
pandit_like_011658	13	337	78	25	308.4	3.6	868.2
pandit_like_004716	7	660	21	13	308.4	0.5	868.0
pandit_like_006241	7	660	21	13	308.4	0.5	868.0
pandit_like_008059	7	660	21	13	308.4	0.5	868.0
pandit_like_011260	7	660	21	13	308.4	0.5	868.0
pandit_like_018544	7	660	21	13	308.4	0.5	868.0
pandit_like_005173	10	451	45	19	308.4	1.5	867.6
pandit_like_007339	10	451	45	19	308.4	1.5	867.6
pandit_like_010364	10	451	45	19	308.4	1.5	867.6
pandit_like_012129	10	451	45	19	308.4	1.5	867.6
pandit_like_002657	18	227	153	35	308.4	10.2	867.3
pandit_like_002759	18	227	153	35	308.4	10.2	867.3
pandit_like_005571	18	227	153	35	308.4	10.2	867.3
pandit_like_006382	18	227	153	35	308.4	10.2	867.3
pandit_like_007898	18	227	153	35	308.4	10.2	867.3
pandit_like_012079	18	227	153	35	308.4	10.2	867.3
pandit_like_016278	18	227	153	35	308.4	10.2	867.3
pandit_like_016725	18	227	153	35	308.4	10.2	867.3
pandit_like_017364	18	227	153	35	308.4	10.2	867.3
pandit_like_000902	17	244	136	33	308.4	8.5	867.0
pandit_like_006529	17	244	136	33	308.4	8.5	867.0
pandit_like_008837	17	244	136	33	308.4	8.5	867.0
pandit_like_010586	17	244	136	33	308.4	8.5	867.0
pandit_like_010603	17	244	136	33	308.4	8.5	867.0
pandit_like_003552	16	263	120	31	308.4	7.0	866.9
pandit_like_003638	16	263	120	31	308.4	7.0	866.9
pandit_like_005778	16	263	120	31	308.4	7.0	866.9
pandit_like_005845	16	263	120	31	308.4	7.0	866.9
pandit_like_006311	16	263	120	31	308.4	7.0	866.9
pandit_like_007006	16	263	120	31	308.4	7.0	866.9
pandit_like_007604	16	263	120	31	308.4	7.0	866.9
pandit_like_009642	16	263	120	31	308.4	7.0	866.9
pandit_like_010195	16	263	120	31	308.4	7.0	866.9
pandit_like_013895	16	263	120	31	308.4	7.0	866.9
pandit_like_019810	16	263	120	31	308.4	7.0	866.9
pandit_like_007820	6	773	15	11	308.4	0.3	866.6
pandit_like_008191	6	773	15	11	308.4	0.3	866.6
pandit_like_013070	6	773	15	11	308.4	0.3	866.6
pandit_like_017075	6	773	15	11	308.4	0.3	866.6
pandit_like_017768	6	773	15	11	308.4	0.3	866.6
pandit_like_000995	13	336	78	25	308.4	3.6	866.6
pandit_like_003346	13	336	78	25	308.4	3.6	866.6
pandit_like_011761	13	336	78	25	308.4	3.6	866.6
pandit_like_012634	13	336	78	25	308.4	3.6	866.6
pandit_like_017889	13	336	78	25	308.4	3.6	866.6
pandit_like_017960	13	336	78	25	308.4	3.6	866.6
pandit_like_018762	13	336	78	25	308.4	3.6	866.6
pandit_like_005738	25	141	300	49	308.4	28.3	866.5
pandit_like_000088	13	335	78	25	308.4	3.6	865.0
pandit_like_008082	13	335	78	25	308.4	3.6	865.0
pandit_like_011216	13	335	78	25	308.4	3.6	865.0
pandit_like_011515	13	335	78	25	308.4	3.6	865.0
pandit_like_017635	13	335	78	25	308.4	3.6	865.0
pandit_like_018570	13	335	78	25	308.4	3.6	865.0
pandit_like_019143	13	335	78	25	308.4	3.6	865.0
pandit_like_019235	13	335	78	25	308.4	3.6	865.0
pandit_like_003099	7	656	21	13	308.4	0.5	864.7
pandit_like_012364	7	656	21	13	308.4	0.5	864.7
pandit_like_015133	7	656	21	13	308.4	0.5	864.7
pandit_like_007371	24	150	276	47	308.4	25.0	864.5
pandit_like_009398	24	150	276	47	308.4	25.0	864.5
pandit_like_010367	24	150	276	47	308.4	25.0	864.5
pandit_like_011970	24	150	276	47	308.4	25.0	864.5
pandit_like_012963	24	150	276	47	308.4	25.0	864.5
pandit_like_017863	24	150	276	47	308.4	25.0	864.5
pandit_like_018267	24	150	276	47	308.4	25.0	864.5
pandit_like_018891	24	150	276	47	308.4	25.0	864.5
pandit_like_019453	24	150	276	47	308.4	25.0	864.5
pandit_like_001382	4	1167	6	7	308.4	0.1	864.0
pandit_like_006609	4	1167	6	7	308.4	0.1	864.0
pandit_like_010143	4	1167	6	7	308.4	0.1	864.0
pandit_like_016503	4	1167	6	7	308.4	0.1	864.0
pandit_like_008704	9	502	36	17	308.4	1.1	864.0
pandit_like_010118	9	502	36	17	308.4	1.1	864.0
pandit_like_010473	9	502	36	17	308.4	1.1	864.0
pandit_like_003872	29	107	406	57	308.4	44.9	864.0
pandit_like_005539	29	107	406	57	308.4	44.9	864.0
pandit_like_012454	29	107	406	57	308.4	44.9	864.0
pandit_like_016743	29	107	406	57	308.4	44.9	864.0
pandit_like_009407	21	183	210	41	308.4	16.5	863.8
pandit_like_009619	21	183	210	41	308.4	16.5	863.8
pandit_like_011251	21	183	210	41	308.4	16.5	863.8
pandit_like_015492	21	183	210	41	308.4	16.5	863.8
pandit_like_019033	21	183	210	41	308.4	16.5	863.8
pandit_like_001201	9	501	36	17	308.4	1.1	862.9
pandit_like_002149	9	501	36	17	308.4	1.1	862.9
pandit_like_003185	9	501	36	17	308.4	1.1	862.9
pandit_like_014980	9	501	36	17	308.4	1.1	862.9
pandit_like_000389	18	225	153	35	308.4	10.2	862.9
pandit_like_008748	18	225	153	35	308.4	10.2	862.9
pandit_like_014271	18	225	153	35	308.4	10.2	862.9
pandit_like_017072	18	225	153	35	308.4	10.2	862.9
pandit_like_001347	10	447	45	19	308.4	1.5	862.8
pandit_like_004068	10	447	45	19	308.4	1.5	862.8
pandit_like_004927	10	447	45	19	308.4	1.5	862.8
pandit_like_008568	10	447	45	19	308.4	1.5	862.8
pandit_like_003280	14	306	91	27	308.4	4.6	862.6
pandit_like_011114	14	306	91	27	308.4	4.6	862.6
pandit_like_000786	11	402	55	21	308.4	2.1	862.0
pandit_like_011780	11	402	55	21	308.4	2.1	862.0
pandit_like_013078	11	402	55	21	308.4	2.1	862.0
pandit_like_015519	11	402	55	21	308.4	2.1	862.0
pandit_like_016763	11	402	55	21	308.4	2.1	862.0
pandit_like_018014	11	402	55	21	308.4	2.1	862.0
pandit_like_001627	10	446	45	19	308.4	1.5	861.6
pandit_like_002856	10	446	45	19	308.4	1.5	861.6
pandit_like_008175	10	446	45	19	308.4	1.5	861.6
pandit_like_014402	10	446	45	19	308.4	1.5	861.6
pandit_like_000340	19	209	171	37	308.4	12.0	861.5
pandit_like_004040	19	209	171	37	308.4	12.0	861.5
pandit_like_008579	19	209	171	37	308.4	12.0	861.5
pandit_like_011893	19	209	171	37	308.4	12.0	861.5
pandit_like_012707	19	209	171	37	308.4	12.0	861.5
pandit_like_014656	19	209	171	37	308.4	12.0	861.5
pandit_like_015410	19	209	171	37	308.4	12.0	861.5
pandit_like_016053	19	209	171	37	308.4	12.0	861.5
pandit_like_004412	8	566	28	15	308.4	0.7	860.9
pandit_like_006495	8	566	28	15	308.4	0.7	860.9
pandit_like_012422	8	566	28	15	308.4	0.7	860.9
pandit_like_012772	8	566	28	15	308.4	0.7	860.9
pandit_like_015288	8	566	28	15	308.4	0.7	860.9
pandit_like_018935	8	566	28	15	308.4	0.7	860.9
pandit_like_019864	8	566	28	15	308.4	0.7	860.9
pandit_like_007817	12	364	66	23	308.4	2.8	860.8
pandit_like_009061	12	364	66	23	308.4	2.8	860.8
pandit_like_015536	12	364	66	23	308.4	2.8	860.8
pandit_like_011586	8	565	28	15	308.4	0.7	859.9
pandit_like_004784	12	363	66	23	308.4	2.8	859.4
pandit_like_014828	12	363	66	23	308.4	2.8	859.4
pandit_like_017370	12	363	66	23	308.4	2.8	859.4
pandit_like_002183	17	240	136	33	308.4	8.5	858.7
pandit_like_004895	17	240	136	33	308.4	8.5	858.7
pandit_like_007456	17	240	136	33	308.4	8.5	858.7
pandit_like_011163	17	240	136	33	308.4	8.5	858.7
pandit_like_011392	17	240	136	33	308.4	8.5	858.7
pandit_like_002275	18	223	153	35	308.4	10.2	858.4
pandit_like_010526	18	223	153	35	308.4	10.2	858.4
pandit_like_018438	18	223	153	35	308.4	10.2	858.4
pandit_like_001881	27	121	351	53	308.4	36.0	858.2
pandit_like_005360	27	121	351	53	308.4	36.0	858.2
pandit_like_015352	27	121	351	53	308.4	36.0	858.2
pandit_like_017839	27	121	351	53	308.4	36.0	858.2
pandit_like_018110	27	121	351	53	308.4	36.0	858.2
pandit_like_001573	9	496	36	17	308.4	1.1	857.5
pandit_like_011393	9	496	36	17	308.4	1.1	857.5
pandit_like_016361	9	496	36	17	308.4	1.1	857.5
pandit_like_016745	9	496	36	17	308.4	1.1	857.5
pandit_like_000575	14	302	91	27	308.4	4.6	855.7
pandit_like_006520	14	302	91	27	308.4	4.6	855.7
pandit_like_015187	14	302	91	27	308.4	4.6	855.7
pandit_like_011253	16	257	120	31	308.4	7.0	855.1
pandit_like_017888	16	257	120	31	308.4	7.0	855.1
pandit_like_000157	12	360	66	23	308.4	2.8	855.0
pandit_like_004231	12	360	66	23	308.4	2.8	855.0
pandit_like_008029	12	360	66	23	308.4	2.8	855.0
pandit_like_010709	12	360	66	23	308.4	2.8	855.0
pandit_like_016806	12	360	66	23	308.4	2.8	855.0
pandit_like_004573	27	120	351	53	308.4	36.0	854.8
pandit_like_007942	27	120	351	53	308.4	36.0	854.8
pandit_like_009173	27	120	351	53	308.4	36.0	854.8
pandit_like_012477	27	120	351	53	308.4	36.0	854.8
pandit_like_006147	18	221	153	35	308.4	10.2	854.0
pandit_like_013458	18	221	153	35	308.4	10.2	854.0
pandit_like_013875	18	221	153	35	308.4	10.2	854.0
pandit_like_005431	30	97	435	59	308.4	49.8	853.5
pandit_like_018970	30	97	435	59	308.4	49.8	853.5
pandit_like_013962	16	256	120	31	308.4	7.0	853.2
pandit_like_014758	16	256	120	31	308.4	7.0	853.2
pandit_like_015119	16	256	120	31	308.4	7.0	853.2
pandit_like_015178	16	256	120	31	308.4	7.0	853.2
pandit_like_002966	9	492	36	17	308.4	1.1	853.1
pandit_like_009539	9	492	36	17	308.4	1.1	853.1
pandit_like_015474	9	492	36	17	308.4	1.1	853.1
pandit_like_007315	6	754	15	11	308.4	0.3	853.0
pandit_like_007754	6	754	15	11	308.4	0.3	853.0
pandit_like_009363	6	754	15	11	308.4	0.3	853.0
pandit_like_002192	17	237	136	33	308.4	8.5	852.4
pandit_like_002867	17	237	136	33	308.4	8.5	852.4
pandit_like_005834	17	237	136	33	308.4	8.5	852.4
pandit_like_008374	17	237	136	33	308.4	8.5	852.4
pandit_like_010315	17	237	136	33	308.4	8.5	852.4
pandit_like_012267	17	237	136	33	308.4	8.5	852.4
pandit_like_015253	17	237	136	33	308.4	8.5	852.4
pandit_like_016359	17	237	136	33	308.4	8.5	852.4
pandit_like_006034	5	909	10	9	308.4	0.1	852.3
pandit_like_006239	5	909	10	9	308.4	0.1	852.3
pandit_like_014250	5	909	10	9	308.4	0.1	852.3
pandit_like_016551	5	909	10	9	308.4	0.1	852.3
pandit_like_010400	14	300	91	27	308.4	4.6	852.3
pandit_like_011645	14	300	91	27	308.4	4.6	852.3
pandit_like_011972	14	300	91	27	308.4	4.6	852.3
pandit_like_012298	14	300	91	27	308.4	4.6	852.3
pandit_like_012965	14	300	91	27	308.4	4.6	852.3
pandit_like_013914	14	300	91	27	308.4	4.6	852.3
pandit_like_014562	14	300	91	27	308.4	4.6	852.3
pandit_like_008599	12	358	66	23	308.4	2.8	852.1
pandit_like_018379	12	358	66	23	308.4	2.8	852.1
pandit_like_003673	9	491	36	17	308.4	1.1	852.0
pandit_like_007355	9	491	36	17	308.4	1.1	852.0
pandit_like_016310	9	491	36	17	308.4	1.1	852.0
pandit_like_018326	9	491	36	17	308.4	1.1	852.0
pandit_like_019237	9	491	36	17	308.4	1.1	852.0
pandit_like_002770	18	220	153	35	308.4	10.2	851.8
pandit_like_005052	18	220	153	35	308.4	10.2	851.8
pandit_like_005424	18	220	153	35	308.4	10.2	851.8
pandit_like_006204	18	220	153	35	308.4	10.2	851.8
pandit_like_014579	18	220	153	35	308.4	10.2	851.8
pandit_like_014755	18	220	153	35	308.4	10.2	851.8
pandit_like_001816	14	299	91	27	308.4	4.6	850.6
pandit_like_003065	14	299	91	27	308.4	4.6	850.6
pandit_like_006611	14	299	91	27	308.4	4.6	850.6
pandit_like_009267	14	299	91	27	308.4	4.6	850.6
pandit_like_014800	14	299	91	27	308.4	4.6	850.6
pandit_like_015373	14	299	91	27	308.4	4.6	850.6
pandit_like_019838	14	299	91	27	308.4	4.6	850.6
pandit_like_002429	7	639	21	13	308.4	0.5	850.4
pandit_like_003197	7	639	21	13	308.4	0.5	850.4
pandit_like_008028	7	639	21	13	308.4	0.5	850.4
pandit_like_009051	7	639	21	13	308.4	0.5	850.4
pandit_like_002978	6	750	15	11	308.4	0.3	850.1
pandit_like_007048	6	750	15	11	308.4	0.3	850.1
pandit_like_007058	6	750	15	11	308.4	0.3	850.1
pandit_like_013042	6	750	15	11	308.4	0.3	850.1
pandit_like_013894	6	750	15	11	308.4	0.3	850.1
pandit_like_014441	6	750	15	11	308.4	0.3	850.1
pandit_like_016848	6	750	15	11	308.4	0.3	850.1
pandit_like_004543	23	155	253	45	308.4	21.9	849.2
pandit_like_005835	23	155	253	45	308.4	21.9	849.2
pandit_like_008423	23	155	253	45	308.4	21.9	849.2
pandit_like_008428	23	155	253	45	308.4	21.9	849.2
pandit_like_008834	23	155	253	45	308.4	21.9	849.2
pandit_like_012345	23	155	253	45	308.4	21.9	849.2
pandit_like_000942	17	235	136	33	308.4	8.5	848.2
pandit_like_002942	17	235	136	33	308.4	8.5	848.2
pandit_like_005171	17	235	136	33	308.4	8.5	848.2
pandit_like_015455	17	235	136	33	308.4	8.5	848.2
pandit_like_018480	17	235	136	33	308.4	8.5	848.2
pandit_like_019569	17	235	136	33	308.4	8.5	848.2
pandit_like_002388	13	324	78	25	308.4	3.6	847.6
pandit_like_003016	13	324	78	25	308.4	3.6	847.6
pandit_like_004396	13	324	78	25	308.4	3.6	847.6
pandit_like_005214	13	324	78	25	308.4	3.6	847.6
pandit_like_005643	13	324	78	25	308.4	3.6	847.6
pandit_like_009858	13	324	78	25	308.4	3.6	847.6
pandit_like_010833	13	324	78	25	308.4	3.6	847.6
pandit_like_011613	13	324	78	25	308.4	3.6	847.6
pandit_like_016945	13	324	78	25	308.4	3.6	847.6
pandit_like_019019	13	324	78	25	308.4	3.6	847.6
pandit_like_019171	13	324	78	25	308.4	3.6	847.6
pandit_like_000936	19	203	171	37	308.4	12.0	847.4
pandit_like_001367	19	203	171	37	308.4	12.0	847.4
pandit_like_005981	19	203	171	37	308.4	12.0	847.4
pandit_like_010680	19	203	171	37	308.4	12.0	847.4
pandit_like_013921	19	203	171	37	308.4	12.0	847.4
pandit_like_019662	19	203	171	37	308.4	12.0	847.4
pandit_like_002458	24	144	276	47	308.4	25.0	846.4
pandit_like_003409	24	144	276	47	308.4	25.0	846.4
pandit_like_005236	24	144	276	47	308.4	25.0	846.4
pandit_like_006614	24	144	276	47	308.4	25.0	846.4
pandit_like_008290	24	144	276	47	308.4	25.0	846.4
pandit_like_011523	24	144	276	47	308.4	25.0	846.4
pandit_like_013437	24	144	276	47	308.4	25.0	846.4
pandit_like_013934	24	144	276	47	308.4	25.0	846.4
pandit_like_014825	24	144	276	47	308.4	25.0	846.4
pandit_like_014968	24	144	276	47	308.4	25.0	846.4
pandit_like_016772	24	144	276	47	308.4	25.0	846.4
pandit_like_019667	24	144	276	47	308.4	25.0	846.4
pandit_like_001773	9	485	36	17	308.4	1.1	845.5
pandit_like_004199	9	485	36	17	308.4	1.1	845.5
pandit_like_011334	9	485	36	17	308.4	1.1	845.5
pandit_like_012917	9	485	36	17	308.4	1.1	845.5
pandit_like_013463	9	485	36	17	308.4	1.1	845.5
pandit_like_018252	9	485	36	17	308.4	1.1	845.5
pandit_like_000623	11	389	55	21	308.4	2.1	844.7
pandit_like_010696	11	389	55	21	308.4	2.1	844.7
pandit_like_011144	11	389	55	21	308.4	2.1	844.7
pandit_like_019511	11	389	55	21	308.4	2.1	844.7
pandit_like_002238	8	549	28	15	308.4	0.7	844.6
pandit_like_005993	8	549	28	15	308.4	0.7	844.6
pandit_like_008664	8	549	28	15	308.4	0.7	844.6
pandit_like_014649	8	549	28	15	308.4	0.7	844.6
pandit_like_000330	21	175	210	41	308.4	16.5	842.9
pandit_like_001623	21	175	210	41	308.4	16.5	842.9
pandit_like_002901	21	175	210	41	308.4	16.5	842.9
pandit_like_005523	21	175	210	41	308.4	16.5	842.9
pandit_like_007660	21	175	210	41	308.4	16.5	842.9
pandit_like_015244	21	175	210	41	308.4	16.5	842.9
pandit_like_016523	21	175	210	41	308.4	16.5	842.9
pandit_like_017560	21	175	210	41	308.4	16.5	842.9
pandit_like_001698	14	294	91	27	308.4	4.6	842.0
pandit_like_003786	14	294	91	27	308.4	4.6	842.0
pandit_like_010746	14	294	91	27	308.4	4.6	842.0
pandit_like_012391	14	294	91	27	308.4	4.6	842.0
pandit_like_014873	14	294	91	27	308.4	4.6	842.0
pandit_like_016338	14	294	91	27	308.4	4.6	842.0
pandit_like_018837	14	294	91	27	308.4	4.6	842.0
pandit_like_019533	14	294	91	27	308.4	4.6	842.0
pandit_like_012557	8	546	28	15	308.4	0.7	841.7
pandit_like_014062	8	546	28	15	308.4	0.7	841.7
pandit_like_014383	8	546	28	15	308.4	0.7	841.7
pandit_like_015921	8	546	28	15	308.4	0.7	841.7
pandit_like_018164	8	546	28	15	308.4	0.7	841.7
pandit_like_003428	6	738	15	11	308.4	0.3	841.5
pandit_like_007369	6	738	15	11	308.4	0.3	841.5
pandit_like_010058	6	738	15	11	308.4	0.3	841.5
pandit_like_010761	6	738	15	11	308.4	0.3	841.5
pandit_like_014505	6	738	15	11	308.4	0.3	841.5
pandit_like_015672	6	738	15	11	308.4	0.3	841.5
pandit_like_015978	6	738	15	11	308.4	0.3	841.5
pandit_like_002673	11	386	55	21	308.4	2.1	840.7
pandit_like_004751	11	386	55	21	308.4	2.1	840.7
pandit_like_008697	11	386	55	21	308.4	2.1	840.7
pandit_like_016009	11	386	55	21	308.4	2.1	840.7
pandit_like_000286	18	215	153	35	308.4	10.2	840.6
pandit_like_003764	18	215	153	35	308.4	10.2	840.6
pandit_like_010802	18	215	153	35	308.4	10.2	840.6
pandit_like_007501	24	142	276	47	308.4	25.0	840.3
pandit_like_005718	6	736	15	11	308.4	0.3	840.1
pandit_like_017614	6	736	15	11	308.4	0.3	840.1
pandit_like_019369	6	736	15	11	308.4	0.3	840.1
pandit_like_000350	9	480	36	17	308.4	1.1	840.1
pandit_like_001810	9	480	36	17	308.4	1.1	840.1
pandit_like_003906	9	480	36	17	308.4	1.1	840.1
pandit_like_006383	9	480	36	17	308.4	1.1	840.1
pandit_like_007931	9	480	36	17	308.4	1.1	840.1
pandit_like_012045	9	480	36	17	308.4	1.1	840.1
pandit_like_012690	9	480	36	17	308.4	1.1	840.1
pandit_like_015213	9	480	36	17	308.4	1.1	840.1
pandit_like_003451	7	626	21	13	308.4	0.5	839.5
pandit_like_017686	7	626	21	13	308.4	0.5	839.5
pandit_like_000364	12	349	66	23	308.4	2.8	838.9
pandit_like_002817	12	349	66	23	308.4	2.8	838.9
pandit_like_011485	12	349	66	23	308.4	2.8	838.9
pandit_like_013027	12	349	66	23	308.4	2.8	838.9
pandit_like_013663	12	349	66	23	308.4	2.8	838.9
pandit_like_015338	12	349	66	23	308.4	2.8	838.9
pandit_like_018655	12	349	66	23	308.4	2.8	838.9
pandit_like_002789	10	427	45	19	308.4	1.5	838.6
pandit_like_004966	10	427	45	19	308.4	1.5	838.6
pandit_like_006071	10	427	45	19	308.4	1.5	838.6
pandit_like_007119	10	427	45	19	308.4	1.5	838.6
pandit_like_008041	10	427	45	19	308.4	1.5	838.6
pandit_like_009789	10	427	45	19	308.4	1.5	838.6
pandit_like_013848	10	427	45	19	308.4	1.5	838.6
pandit_like_016095	10	427	45	19	308.4	1.5	838.6
pandit_like_019921	10	427	45	19	308.4	1.5	838.6
pandit_like_001353	14	292	91	27	308.4	4.6	838.6
pandit_like_004948	14	292	91	27	308.4	4.6	838.6
pandit_like_018066	14	292	91	27	308.4	4.6	838.6
pandit_like_005735	11	384	55	21	308.4	2.1	838.0
pandit_like_009287	11	384	55	21	308.4	2.1	838.0
pandit_like_010297	11	384	55	21	308.4	2.1	838.0
pandit_like_015211	11	384	55	21	308.4	2.1	838.0
pandit_like_012950	12	348	66	23	308.4	2.8	837.5
pandit_like_002057	16	248	120	31	308.4	7.0	837.4
pandit_like_005401	16	248	120	31	308.4	7.0	837.4
pandit_like_006385	16	248	120	31	308.4	7.0	837.4
pandit_like_012603	16	248	120	31	308.4	7.0	837.4
pandit_like_018318	16	248	120	31	308.4	7.0	837.4
pandit_like_005942	7	622	21	13	308.4	0.5	836.2
pandit_like_007353	7	622	21	13	308.4	0.5	836.2
pandit_like_009369	7	622	21	13	308.4	0.5	836.2
pandit_like_019343	7	622	21	13	308.4	0.5	836.2
pandit_like_000106	10	425	45	19	308.4	1.5	836.2
pandit_like_000555	10	425	45	19	308.4	1.5	836.2
pandit_like_003960	10	425	45	19	308.4	1.5	836.2
pandit_like_015069	10	425	45	19	308.4	1.5	836.2
pandit_like_017454	10	425	45	19	308.4	1.5	836.2
pandit_like_018020	10	425	45	19	308.4	1.5	836.2
pandit_like_003328	8	540	28	15	308.4	0.7	835.9
pandit_like_014639	8	540	28	15	308.4	0.7	835.9
pandit_like_015800	8	540	28	15	308.4	0.7	835.9
pandit_like_016148	8	540	28	15	308.4	0.7	835.9
pandit_like_016917	8	540	28	15	308.4	0.7	835.9
pandit_like_017550	8	540	28	15	308.4	0.7	835.9
pandit_like_001973	7	620	21	13	308.4	0.5	834.5
pandit_like_014355	7	620	21	13	308.4	0.5	834.5
pandit_like_000284	32	79	496	63	308.4	60.8	834.5
pandit_like_003288	32	79	496	63	308.4	60.8	834.5
pandit_like_003996	32	79	496	63	308.4	60.8	834.5
pandit_like_005498	32	79	496	63	308.4	60.8	834.5
pandit_like_007870	32	79	496	63	308.4	60.8	834.5
pandit_like_008389	32	79	496	63	308.4	60.8	834.5
pandit_like_012193	32	79	496	63	308.4	60.8	834.5
pandit_like_017228	32	79	496	63	308.4	60.8	834.5
pandit_like_019979	32	79	496	63	308.4	60.8	834.5
pandit_like_000249	6	727	15	11	308.4	0.3	833.7
pandit_like_000446	6	727	15	11	308.4	0.3	833.7
pandit_like_004958	6	727	15	11	308.4	0.3	833.7
pandit_like_010928	6	727	15	11	308.4	0.3	833.7
pandit_like_014066	6	727	15	11	308.4	0.3	833.7
pandit_like_014144	6	727	15	11	308.4	0.3	833.7
pandit_like_000949	15	266	105	29	308.4	5.7	833.1
pandit_like_001054	15	266	105	29	308.4	5.7	833.1
pandit_like_001709	15	266	105	29	308.4	5.7	833.1
pandit_like_002377	15	266	105	29	308.4	5.7	833.1
pandit_like_003967	15	266	105	29	308.4	5.7	833.1
pandit_like_004675	15	266	105	29	308.4	5.7	833.1
pandit_like_005337	15	266	105	29	308.4	5.7	833.1
pandit_like_006450	15	266	105	29	308.4	5.7	833.1
pandit_like_012093	15	266	105	29	308.4	5.7	833.1
pandit_like_012448	15	266	105	29	308.4	5.7	833.1
pandit_like_011184	6	726	15	11	308.4	0.3	832.9
pandit_like_019415	6	726	15	11	308.4	0.3	832.9
pandit_like_005715	37	50	666	73	308.4	94.9	832.5
pandit_like_019219	37	50	666	73	308.4	94.9	832.5
pandit_like_004286	13	314	78	25	308.4	3.6	831.7
pandit_like_010130	13	314	78	25	308.4	3.6	831.7
pandit_like_012086	13	314	78	25	308.4	3.6	831.7
pandit_like_014452	13	314	78	25	308.4	3.6	831.7
pandit_like_017648	13	314	78	25	308.4	3.6	831.7
pandit_like_018044	13	314	78	25	308.4	3.6	831.7
pandit_like_019378	13	314	78	25	308.4	3.6	831.7
pandit_like_000469	18	211	153	35	308.4	10.2	831.7
pandit_like_001749	18	211	153	35	308.4	10.2	831.7
pandit_like_010739	18	211	153	35	308.4	10.2	831.7
pandit_like_010744	18	211	153	35	308.4	10.2	831.7
pandit_like_011197	18	211	153	35	308.4	10.2	831.7
pandit_like_011274	18	211	153	35	308.4	10.2	831.7
pandit_like_014239	18	211	153	35	308.4	10.2	831.7
pandit_like_014692	18	211	153	35	308.4	10.2	831.7
pandit_like_016238	18	211	153	35	308.4	10.2	831.7
pandit_like_018591	18	211	153	35	308.4	10.2	831.7
pandit_like_005213	24	139	276	47	308.4	25.0	831.2
pandit_like_013652	24	139	276	47	308.4	25.0	831.2
pandit_like_016119	24	139	276	47	308.4	25.0	831.2
pandit_like_013846	9	471	36	17	308.4	1.1	830.3
pandit_like_015840	9	471	36	17	308.4	1.1	830.3
pandit_like_017307	9	471	36	17	308.4	1.1	830.3
pandit_like_017438	9	471	36	17	308.4	1.1	830.3
pandit_like_007948	12	343	66	23	308.4	2.8	830.2
pandit_like_017428	12	343	66	23	308.4	2.8	830.2
pandit_like_005907	20	182	190	39	308.4	14.1	829.2
pandit_like_016730	20	182	190	39	308.4	14.1	829.2
pandit_like_000347	23	148	253	45	308.4	21.9	829.0
pandit_like_006932	23	148	253	45	308.4	21.9	829.0
pandit_like_010291	23	148	253	45	308.4	21.9	829.0
pandit_like_011674	23	148	253	45	308.4	21.9	829.0
pandit_like_012787	23	148	253	45	308.4	21.9	829.0
pandit_like_014532	23	148	253	45	308.4	21.9	829.0
pandit_like_016536	23	148	253	45	308.4	21.9	829.0
pandit_like_016987	23	148	253	45	308.4	21.9	829.0
pandit_like_007932	7	613	21	13	308.4	0.5	828.6
pandit_like_018458	7	613	21	13	308.4	0.5	828.6
pandit_like_000926	25	129	300	49	308.4	28.3	828.6
pandit_like_001402	25	129	300	49	308.4	28.3	828.6
pandit_like_004609	25	129	300	49	308.4	28.3	828.6
pandit_like_005109	25	129	300	49	308.4	28.3	828.6
pandit_like_007914	25	129	300	49	308.4	28.3	828.6
pandit_like_007982	25	129	300	49	308.4	28.3	828.6
pandit_like_009825	25	129	300	49	308.4	28.3	828.6
pandit_like_010247	25	129	300	49	308.4	28.3	828.6
pandit_like_012948	25	129	300	49	308.4	28.3	828.6
pandit_like_013130	25	129	300	49	308.4	28.3	828.6
pandit_like_018349	25	129	300	49	308.4	28.3	828.6
pandit_like_012366	24	138	276	47	308.4	25.0	828.2
pandit_like_016264	24	138	276	47	308.4	25.0	828.2
pandit_like_019317	24	138	276	47	308.4	25.0	828.2
pandit_like_002101	4	1089	6	7	308.4	0.1	827.0
pandit_like_006588	4	1089	6	7	308.4	0.1	827.0
pandit_like_010335	4	1089	6	7	308.4	0.1	827.0
pandit_like_013147	4	1089	6	7	308.4	0.1	827.0
pandit_like_014981	4	1089	6	7	308.4	0.1	827.0
pandit_like_017039	4	1089	6	7	308.4	0.1	827.0
pandit_like_017887	4	1089	6	7	308.4	0.1	827.0
pandit_like_003582	34	65	561	67	308.4	73.2	825.9
pandit_like_004365	34	65	561	67	308.4	73.2	825.9
pandit_like_007162	34	65	561	67	308.4	73.2	825.9
pandit_like_003869	12	340	66	23	308.4	2.8	825.8
pandit_like_013034	12	340	66	23	308.4	2.8	825.8
pandit_like_001488	16	242	120	31	308.4	7.0	825.6
pandit_like_002642	16	242	120	31	308.4	7.0	825.6
pandit_like_004792	16	242	120	31	308.4	7.0	825.6
pandit_like_007024	16	242	120	31	308.4	7.0	825.6
pandit_like_009917	16	242	120	31	308.4	7.0	825.6
pandit_like_014844	16	242	120	31	308.4	7.0	825.6
pandit_like_017447	16	242	120	31	308.4	7.0	825.6
pandit_like_018934	16	242	120	31	308.4	7.0	825.6
pandit_like_009012	9	466	36	17	308.4	1.1	824.9
pandit_like_014106	9	466	36	17	308.4	1.1	824.9
pandit_like_014192	9	466	36	17	308.4	1.1	824.9
pandit_like_019382	9	466	36	17	308.4	1.1	824.9
pandit_like_000674	21	168	210	41	308.4	16.5	824.5
pandit_like_010648	21	168	210	41	308.4	16.5	824.5
pandit_like_015074	21	168	210	41	308.4	16.5	824.5
pandit_like_002472	7	608	21	13	308.4	0.5	824.4
pandit_like_007108	7	608	21	13	308.4	0.5	824.4
pandit_like_011005	7	608	21	13	308.4	0.5	824.4
pandit_like_011291	7	608	21	13	308.4	0.5	824.4
pandit_like_014384	7	608	21	13	308.4	0.5	824.4
pandit_like_000659	20	180	190	39	308.4	14.1	824.2
pandit_like_001932	20	180	190	39	308.4	14.1	824.2
pandit_like_003476	20	180	190	39	308.4	14.1	824.2
pandit_like_006790	20	180	190	39	308.4	14.1	824.2
pandit_like_011264	20	180	190	39	308.4	14.1	824.2
pandit_like_018494	20	180	190	39	308.4	14.1	824.2
pandit_like_002786	15	261	105	29	308.4	5.7	823.9
pandit_like_005230	15	261	105	29	308.4	5.7	823.9
pandit_like_010237	12	338	66	23	308.4	2.8	822.9
pandit_like_018309	12	338	66	23	308.4	2.8	822.9
pandit_like_002500	22	156	231	43	308.4	19.0	822.2
pandit_like_002560	22	156	231	43	308.4	19.0	822.2
pandit_like_005114	22	156	231	43	308.4	19.0	822.2
pandit_like_005800	22	156	231	43	308.4	19.0	822.2
pandit_like_010627	22	156	231	43	308.4	19.0	822.2
pandit_like_014584	22	156	231	43	308.4	19.0	822.2
pandit_like_016776	22	156	231	43	308.4	19.0	822.2
pandit_like_007479	21	167	210	41	308.4	16.5	821.9
pandit_like_009280	21	167	210	41	308.4	16.5	821.9
pandit_like_009996	21	167	210	41	308.4	16.5	821.9
pandit_like_012462	21	167	210	41	308.4	16.5	821.9
pandit_like_017592	21	167	210	41	308.4	16.5	821.9
pandit_like_009474	9	463	36	17	308.4	1.1	821.7
pandit_like_011352	9	463	36	17	308.4	1.1	821.7
pandit_like_012862	9	463	36	17	308.4	1.1	821.7
pandit_like_013966	9	463	36	17	308.4	1.1	821.7
pandit_like_009971	15	259	105	29	308.4	5.7	820.3
pandit_like_012315	15	259	105	29	308.4	5.7	820.3
pandit_like_016478	15	259	105	29	308.4	5.7	820.3
pandit_like_016784	15	259	105	29	308.4	5.7	820.3
pandit_like_002170	16	239	120	31	308.4	7.0	819.7
pandit_like_010547	16	239	120	31	308.4	7.0	819.7
pandit_like_012434	16	239	120	31	308.4	7.0	819.7
pandit_like_015203	16	239	120	31	308.4	7.0	819.7
pandit_like_015332	16	239	120	31	308.4	7.0	819.7
pandit_like_018103	16	239	120	31	308.4	7.0	819.7
pandit_like_003399	24	135	276	47	308.4	25.0	819.1
pandit_like_005443	10	410	45	19	308.4	1.5	818.1
pandit_like_008909	10	410	45	19	308.4	1.5	818.1
pandit_like_012107	10	410	45	19	308.4	1.5	818.1
pandit_like_013184	10	410	45	19	308.4	1.5	818.1
pandit_like_015941	10	410	45	19	308.4	1.5	818.1
pandit_like_019337	10	410	45	19	308.4	1.5	818.1
pandit_like_000143	11	369	55	21	308.4	2.1	818.0
pandit_like_000510	11	369	55	21	308.4	2.1	818.0
pandit_like_008818	11	369	55	21	308.4	2.1	818.0
pandit_like_016395	11	369	55	21	308.4	2.1	818.0
pandit_like_016885	11	369	55	21	308.4	2.1	818.0
pandit_like_008162	10	409	45	19	308.4	1.5	816.9
pandit_like_009421	10	409	45	19	308.4	1.5	816.9
pandit_like_012627	10	409	45	19	308.4	1.5	816.9
pandit_like_019658	10	409	45	19	308.4	1.5	816.9
pandit_like_001036	8	520	28	15	308.4	0.7	816.7
pandit_like_013368	8	520	28	15	308.4	0.7	816.7
pandit_like_016101	8	520	28	15	308.4	0.7	816.7
pandit_like_018479	8	520	28	15	308.4	0.7	816.7
pandit_like_011378	12	333	66	23	308.4	2.8	815.6
pandit_like_011810	12	333	66	23	308.4	2.8	815.6
pandit_like_012456	12	333	66	23	308.4	2.8	815.6
pandit_like_016271	12	333	66	23	308.4	2.8	815.6
pandit_like_018097	12	333	66	23	308.4	2.8	815.6
pandit_like_007022	17	219	136	33	308.4	8.5	814.6
pandit_like_009573	17	219	136	33	308.4	8.5	814.6
pandit_like_013878	17	219	136	33	308.4	8.5	814.6
pandit_like_002584	10	407	45	19	308.4	1.5	814.5
pandit_like_003179	10	407	45	19	308.4	1.5	814.5
pandit_like_009093	10	407	45	19	308.4	1.5	814.5
pandit_like_011882	10	407	45	19	308.4	1.5	814.5
pandit_like_001542	20	176	190	39	308.4	14.1	814.3
pandit_like_007438	20	176	190	39	308.4	14.1	814.3
pandit_like_014786	20	176	190	39	308.4	14.1	814.3
pandit_like_016049	20	176	190	39	308.4	14.1	814.3
pandit_like_016477	20	176	190	39	308.4	14.1	814.3
pandit_like_003767	8	517	28	15	308.4	0.7	813.8
pandit_like_000540	16	236	120	31	308.4	7.0	813.8
pandit_like_000754	16	236	120	31	308.4	7.0	813.8
pandit_like_001779	16	236	120	31	308.4	7.0	813.8
pandit_like_007361	16	236	120	31	308.4	7.0	813.8
pandit_like_008922	16	236	120	31	308.4	7.0	813.8
pandit_like_012034	16	236	120	31	308.4	7.0	813.8
pandit_like_015078	16	236	120	31	308.4	7.0	813.8
pandit_like_005065	33	68	528	65	308.4	66.8	813.8
pandit_like_005651	33	68	528	65	308.4	66.8	813.8
pandit_like_006665	33	68	528	65	308.4	66.8	813.8
pandit_like_010891	33	68	528	65	308.4	66.8	813.8
pandit_like_011991	33	68	528	65	308.4	66.8	813.8
pandit_like_012407	33	68	528	65	308.4	66.8	813.8
pandit_like_014033	33	68	528	65	308.4	66.8	813.8
pandit_like_014369	33	68	528	65	308.4	66.8	813.8
pandit_like_006473	27	108	351	53	308.4	36.0	813.6
pandit_like_008828	27	108	351	53	308.4	36.0	813.6
pandit_like_010160	27	108	351	53	308.4	36.0	813.6
pandit_like_018486	27	108	351	53	308.4	36.0	813.6
pandit_like_019224	27	108	351	53	308.4	36.0	813.6
pandit_like_004042	31	80	465	61	308.4	55.1	813.1
pandit_like_006254	31	80	465	61	308.4	55.1	813.1
pandit_like_008986	31	80	465	61	308.4	55.1	813.1
pandit_like_013568	31	80	465	61	308.4	55.1	813.1
pandit_like_002419	9	455	36	17	308.4	1.1	813.0
pandit_like_002971	9	455	36	17	308.4	1.1	813.0
pandit_like_003997	9	455	36	17	308.4	1.1	813.0
pandit_like_012399	9	455	36	17	308.4	1.1	813.0
pandit_like_015556	9	455	36	17	308.4	1.1	813.0
pandit_like_003172	11	365	55	21	308.4	2.1	812.7
pandit_like_005059	11	365	55	21	308.4	2.1	812.7
pandit_like_010478	11	365	55	21	308.4	2.1	812.7
pandit_like_010661	11	365	55	21	308.4	2.1	812.7
pandit_like_012162	11	365	55	21	308.4	2.1	812.7
pandit_like_017375	11	365	55	21	308.4	2.1	812.7
pandit_like_006097	13	302	78	25	308.4	3.6	812.7
pandit_like_013836	13	302	78	25	308.4	3.6	812.7
pandit_like_019501	13	302	78	25	308.4	3.6	812.7
pandit_like_005306	29	93	406	57	308.4	44.9	812.1
pandit_like_016158	29	93	406	57	308.4	44.9	812.1
pandit_like_007270	16	235	120	31	308.4	7.0	811.8
pandit_like_007705	16	235	120	31	308.4	7.0	811.8
pandit_like_011701	16	235	120	31	308.4	7.0	811.8
pandit_like_017878	16	235	120	31	308.4	7.0	811.8
pandit_like_018017	16	235	120	31	308.4	7.0	811.8
pandit_like_019557	16	235	120	31	308.4	7.0	811.8
pandit_like_002783	10	404	45	19	308.4	1.5	810.8
pandit_like_002840	10	404	45	19	308.4	1.5	810.8
pandit_like_011381	10	404	45	19	308.4	1.5	810.8
pandit_like_012833	10	404	45	19	308.4	1.5	810.8
pandit_like_013041	10	404	45	19	308.4	1.5	810.8
pandit_like_014230	10	404	45	19	308.4	1.5	810.8
pandit_like_000100	16	234	120	31	308.4	7.0	809.8
pandit_like_001071	16	234	120	31	308.4	7.0	809.8
pandit_like_006654	16	234	120	31	308.4	7.0	809.8
pandit_like_007113	16	234	120	31	308.4	7.0	809.8
pandit_like_008662	16	234	120	31	308.4	7.0	809.8
pandit_like_016116	16	234	120	31	308.4	7.0	809.8
pandit_like_018291	16	234	120	31	308.4	7.0	809.8
pandit_like_005390	31	79	465	61	308.4	55.1	809.1
pandit_like_009364	31	79	465	61	308.4	55.1	809.1
pandit_like_009488	31	79	465	61	308.4	55.1	809.1
pandit_like_010712	31	79	465	61	308.4	55.1	809.1
pandit_like_008198	11	362	55	21	308.4	2.1	808.7
pandit_like_010743	11	362	55	21	308.4	2.1	808.7
pandit_like_013743	11	362	55	21	308.4	2.1	808.7
pandit_like_017060	11	362	55	21	308.4	2.1	808.7
pandit_like_019262	11	362	55	21	308.4	2.1	808.7
pandit_like_000611	12	328	66	23	308.4	2.8	808.3
pandit_like_000829	12	328	66	23	308.4	2.8	808.3
pandit_like_008108	12	328	66	23	308.4	2.8	808.3
pandit_like_009768	12	328	66	23	308.4	2.8	808.3
pandit_like_010178	12	328	66	23	308.4	2.8	808.3
pandit_like_013755	12	328	66	23	308.4	2.8	808.3
pandit_like_014120	12	328	66	23	308.4	2.8	808.3
pandit_like_014690	12	328	66	23	308.4	2.8	808.3
pandit_like_014752	12	328	66	23	308.4	2.8	808.3
pandit_like_015381	12	328	66	23	308.4	2.8	808.3
pandit_like_017478	12	328	66	23	308.4	2.8	808.3
pandit_like_018442	12	328	66	23	308.4	2.8	808.3
pandit_like_018920	12	328	66	23	308.4	2.8	808.3
pandit_like_019389	12	328	66	23	308.4	2.8	808.3
pandit_like_003675	13	299	78	25	308.4	3.6	808.0
pandit_like_013521	13	299	78	25	308.4	3.6	808.0
pandit_like_003900	26	114	325	51	308.4	32.0	807.4
pandit_like_014678	26	114	325	51	308.4	32.0	807.4
pandit_like_004669	11	361	55	21	308.4	2.1	807.3
pandit_like_005824	11	361	55	21	308.4	2.1	807.3
pandit_like_007946	11	361	55	21	308.4	2.1	807.3
pandit_like_005243	24	131	276	47	308.4	25.0	807.1
pandit_like_007590	24	131	276	47	308.4	25.0	807.1
pandit_like_017250	24	131	276	47	308.4	25.0	807.1
pandit_like_019291	24	131	276	47	308.4	25.0	807.1
pandit_like_019742	24	131	276	47	308.4	25.0	807.1
pandit_like_000345	5	832	10	9	308.4	0.1	806.5
pandit_like_008238	5	832	10	9	308.4	0.1	806.5
pandit_like_010954	5	832	10	9	308.4	0.1	806.5
pandit_like_007497	8	509	28	15	308.4	0.7	806.1
pandit_like_008750	8	509	28	15	308.4	0.7	806.1
pandit_like_006771	6	688	15	11	308.4	0.3	805.7
pandit_like_007669	6	688	15	11	308.4	0.3	805.7
pandit_like_008130	6	688	15	11	308.4	0.3	805.7
pandit_like_013810	6	688	15	11	308.4	0.3	805.7
pandit_like_014435	6	688	15	11	308.4	0.3	805.7
pandit_like_016984	6	688	15	11	308.4	0.3	805.7
pandit_like_000202	8	508	28	15	308.4	0.7	805.2
pandit_like_014401	8	508	28	15	308.4	0.7	805.2
pandit_like_018998	8	508	28	15	308.4	0.7	805.2
pandit_like_007248	20	172	190	39	308.4	14.1	804.3
pandit_like_010323	20	172	190	39	308.4	14.1	804.3
pandit_like_012928	20	172	190	39	308.4	14.1	804.3
pandit_like_016345	20	172	190	39	308.4	14.1	804.3
pandit_like_016655	20	172	190	39	308.4	14.1	804.3
pandit_like_019179	20	172	190	39	308.4	14.1	804.3
pandit_like_002321	15	250	105	29	308.4	5.7	803.7
pandit_like_005706	15	250	105	29	308.4	5.7	803.7
pandit_like_002595	10	397	45	19	308.4	1.5	802.4
pandit_like_013254	10	397	45	19	308.4	1.5	802.4
pandit_like_006060	8	505	28	15	308.4	0.7	802.3
pandit_like_012342	8	505	28	15	308.4	0.7	802.3
pandit_like_015619	8	505	28	15	308.4	0.7	802.3
pandit_like_016910	8	505	28	15	308.4	0.7	802.3
pandit_like_013726	11	357	55	21	308.4	2.1	802.0
pandit_like_013791	11	357	55	21	308.4	2.1	802.0
pandit_like_014489	11	357	55	21	308.4	2.1	802.0
pandit_like_015566	11	357	55	21	308.4	2.1	802.0
pandit_like_018866	11	357	55	21	308.4	2.1	802.0
pandit_like_011262	5	824	10	9	308.4	0.1	801.7
pandit_like_011449	5	824	10	9	308.4	0.1	801.7
pandit_like_018348	5	824	10	9	308.4	0.1	801.7
pandit_like_000986	35	54	595	69	308.4	80.1	801.5
pandit_like_005184	35	54	595	69	308.4	80.1	801.5
pandit_like_005531	35	54	595	69	308.4	80.1	801.5
pandit_like_007999	35	54	595	69	308.4	80.1	801.5
pandit_like_009155	35	54	595	69	308.4	80.1	801.5
pandit_like_013595	35	54	595	69	308.4	80.1	801.5
pandit_like_016701	35	54	595	69	308.4	80.1	801.5
pandit_like_017575	35	54	595	69	308.4	80.1	801.5
pandit_like_018179	35	54	595	69	308.4	80.1	801.5
pandit_like_019391	35	54	595	69	308.4	80.1	801.5
pandit_like_007274	10	396	45	19	308.4	1.5	801.2
pandit_like_009763	10	396	45	19	308.4	1.5	801.2
pandit_like_011610	10	396	45	19	308.4	1.5	801.2
pandit_like_012322	10	396	45	19	308.4	1.5	801.2
pandit_like_016838	31	77	465	61	308.4	55.1	801.1
pandit_like_019943	31	77	465	61	308.4	55.1	801.1
pandit_like_003959	33	65	528	65	308.4	66.8	801.0
pandit_like_008326	33	65	528	65	308.4	66.8	801.0
pandit_like_011119	33	65	528	65	308.4	66.8	801.0
pandit_like_015570	33	65	528	65	308.4	66.8	801.0
pandit_like_010374	26	112	325	51	308.4	32.0	800.8
pandit_like_010843	26	112	325	51	308.4	32.0	800.8
pandit_like_012468	26	112	325	51	308.4	32.0	800.8
pandit_like_002637	7	579	21	13	308.4	0.5	800.1
pandit_like_008081	7	579	21	13	308.4	0.5	800.1
pandit_like_004880	9	443	36	17	308.4	1.1	800.0
pandit_like_003441	13	294	78	25	308.4	3.6	800.0
pandit_like_005877	13	294	78	25	308.4	3.6	800.0
pandit_like_008236	13	294	78	25	308.4	3.6	800.0
pandit_like_010608	13	294	78	25	308.4	3.6	800.0
pandit_like_017817	13	294	78	25	308.4	3.6	800.0
pandit_like_018081	13	294	78	25	308.4	3.6	800.0
pandit_like_003852	5	821	10	9	308.4	0.1	799.9
pandit_like_004918	5	821	10	9	308.4	0.1	799.9
pandit_like_012834	5	821	10	9	308.4	0.1	799.9
pandit_like_016145	5	821	10	9	308.4	0.1	799.9
pandit_like_002962	34	59	561	67	308.4	73.2	799.5
pandit_like_007871	34	59	561	67	308.4	73.2	799.5
pandit_like_010039	34	59	561	67	308.4	73.2	799.5
pandit_like_011699	34	59	561	67	308.4	73.2	799.5
pandit_like_016093	34	59	561	67	308.4	73.2	799.5
pandit_like_016952	34	59	561	67	308.4	73.2	799.5
pandit_like_019639	34	59	561	67	308.4	73.2	799.5
pandit_like_008353	14	269	91	27	308.4	4.6	799.2
pandit_like_019331	14	269	91	27	308.4	4.6	799.2
pandit_like_007180	9	442	36	17	308.4	1.1	798.9
pandit_like_002252	10	394	45	19	308.4	1.5	798.7
pandit_like_003297	10	394	45	19	308.4	1.5	798.7
pandit_like_006942	10	394	45	19	308.4	1.5	798.7
pandit_like_011816	10	394	45	19	308.4	1.5	798.7
pandit_like_018096	10	394	45	19	308.4	1.5	798.7
pandit_like_019989	10	394	45	19	308.4	1.5	798.7
pandit_like_005763	38	38	703	75	308.4	103.0	798.5
pandit_like_005948	38	38	703	75	308.4	103.0	798.5
pandit_like_008647	38	38	703	75	308.4	103.0	798.5
pandit_like_011031	38	38	703	75	308.4	103.0	798.5
pandit_like_013890	38	38	703	75	308.4	103.0	798.5
pandit_like_019637	38	38	703	75	308.4	103.0	798.5
pandit_like_000706	14	268	91	27	308.4	4.6	797.5
pandit_like_001413	14	268	91	27	308.4	4.6	797.5
pandit_like_005768	14	268	91	27	308.4	4.6	797.5
pandit_like_009615	14	268	91	27	308.4	4.6	797.5
pandit_like_010171	14	268	91	27	308.4	4.6	797.5
pandit_like_014823	14	268	91	27	308.4	4.6	797.5
pandit_like_014835	14	268	91	27	308.4	4.6	797.5
pandit_like_016733	14	268	91	27	308.4	4.6	797.5
pandit_like_017610	14	268	91	27	308.4	4.6	797.5
pandit_like_017666	20	169	190	39	308.4	14.1	796.8
pandit_like_018862	20	169	190	39	308.4	14.1	796.8
pandit_like_010888	8	499	28	15	308.4	0.7	796.5
pandit_like_012084	8	499	28	15	308.4	0.7	796.5
pandit_like_013355	8	499	28	15	308.4	0.7	796.5
pandit_like_013515	8	499	28	15	308.4	0.7	796.5
pandit_like_001348	9	439	36	17	308.4	1.1	795.6
pandit_like_007545	9	439	36	17	308.4	1.1	795.6
pandit_like_011351	9	439	36	17	308.4	1.1	795.6
pandit_like_001144	19	181	171	37	308.4	12.0	795.5
pandit_like_002190	19	181	171	37	308.4	12.0	795.5
pandit_like_004017	19	181	171	37	308.4	12.0	795.5
pandit_like_007520	19	181	171	37	308.4	12.0	795.5
pandit_like_008170	19	181	171	37	308.4	12.0	795.5
pandit_like_015968	19	181	171	37	308.4	12.0	795.5
pandit_like_019715	19	181	171	37	308.4	12.0	795.5
pandit_like_001092	24	127	276	47	308.4	25.0	795.0
pandit_like_001762	24	127	276	47	308.4	25.0	795.0
pandit_like_002297	24	127	276	47	308.4	25.0	795.0
pandit_like_005911	24	127	276	47	308.4	25.0	795.0
pandit_like_009773	24	127	276	47	308.4	25.0	795.0
pandit_like_015661	24	127	276	47	308.4	25.0	795.0
pandit_like_000843	4	1020	6	7	308.4	0.1	794.3
pandit_like_003818	4	1020	6	7	308.4	0.1	794.3
pandit_like_007391	4	1020	6	7	308.4	0.1	794.3
pandit_like_010553	4	1020	6	7	308.4	0.1	794.3
pandit_like_011313	4	1020	6	7	308.4	0.1	794.3
pandit_like_015540	4	1020	6	7	308.4	0.1	794.3
pandit_like_015624	4	1020	6	7	308.4	0.1	794.3
pandit_like_004292	14	266	91	27	308.4	4.6	794.1
pandit_like_008899	14	266	91	27	308.4	4.6	794.1
pandit_like_010594	14	266	91	27	308.4	4.6	794.1
pandit_like_015989	14	266	91	27	308.4	4.6	794.1
pandit_like_017162	14	266	91	27	308.4	4.6	794.1
pandit_like_004754	11	351	55	21	308.4	2.1	794.0
pandit_like_009718	11	351	55	21	308.4	2.1	794.0
pandit_like_000003	13	290	78	25	308.4	3.6	793.7
pandit_like_001687	13	290	78	25	308.4	3.6	793.7
pandit_like_008264	13	290	78	25	308.4	3.6	793.7
pandit_like_010818	13	290	78	25	308.4	3.6	793.7
pandit_like_015204	13	290	78	25	308.4	3.6	793.7
pandit_like_004217	21	156	210	41	308.4	16.5	793.0
pandit_like_009181	21	156	210	41	308.4	16.5	793.0
pandit_like_003484	5	807	10	9	308.4	0.1	791.6
pandit_like_004625	5	807	10	9	308.4	0.1	791.6
pandit_like_006532	5	807	10	9	308.4	0.1	791.6
pandit_like_014962	5	807	10	9	308.4	0.1	791.6
pandit_like_001314	6	668	15	11	308.4	0.3	791.4
pandit_like_003513	6	668	15	11	308.4	0.3	791.4
pandit_like_006842	6	668	15	11	308.4	0.3	791.4
pandit_like_008482	6	668	15	11	308.4	0.3	791.4
pandit_like_019846	6	668	15	11	308.4	0.3	791.4
pandit_like_001875	9	435	36	17	308.4	1.1	791.3
pandit_like_002895	26	109	325	51	308.4	32.0	790.9
pandit_like_006760	26	109	325	51	308.4	32.0	790.9
pandit_like_011582	26	109	325	51	308.4	32.0	790.9
pandit_like_014674	26	109	325	51	308.4	32.0	790.9
pandit_like_015155	26	109	325	51	308.4	32.0	790.9
pandit_like_018928	26	109	325	51	308.4	32.0	790.9
pandit_like_000232	13	288	78	25	308.4	3.6	790.5
pandit_like_002089	13	288	78	25	308.4	3.6	790.5
pandit_like_002997	13	288	78	25	308.4	3.6	790.5
pandit_like_003212	13	288	78	25	308.4	3.6	790.5
pandit_like_017397	13	288	78	25	308.4	3.6	790.5
pandit_like_019879	13	288	78	25	308.4	3.6	790.5
pandit_like_002546	16	224	120	31	308.4	7.0	790.2
pandit_like_004471	16	224	120	31	308.4	7.0	790.2
pandit_like_005602	16	224	120	31	308.4	7.0	790.2
pandit_like_009848	16	224	120	31	308.4	7.0	790.2
pandit_like_010131	16	224	120	31	308.4	7.0	790.2
pandit_like_018211	16	224	120	31	308.4	7.0	790.2
pandit_like_000405	17	207	136	33	308.4	8.5	789.4
pandit_like_000686	17	207	136	33	308.4	8.5	789.4
pandit_like_002859	17	207	136	33	308.4	8.5	789.4
pandit_like_004748	17	207	136	33	308.4	8.5	789.4
pandit_like_006221	17	207	136	33	308.4	8.5	789.4
pandit_like_007284	17	207	136	33	308.4	8.5	789.4
pandit_like_011655	20	166	190	39	308.4	14.1	789.3
pandit_like_011693	20	166	190	39	308.4	14.1	789.3
pandit_like_002459	15	242	105	29	308.4	5.7	789.0
pandit_like_007385	15	242	105	29	308.4	5.7	789.0
pandit_like_008708	15	242	105	29	308.4	5.7	789.0
pandit_like_010735	15	242	105	29	308.4	5.7	789.0
pandit_like_012976	15	242	105	29	308.4	5.7	789.0
pandit_like_013001	15	242	105	29	308.4	5.7	789.0
pandit_like_017440	15	242	105	29	308.4	5.7	789.0
pandit_like_001058	11	347	55	21	308.4	2.1	788.7
pandit_like_004994	11	347	55	21	308.4	2.1	788.7
pandit_like_005379	11	347	55	21	308.4	2.1	788.7
pandit_like_010985	11	347	55	21	308.4	2.1	788.7
pandit_like_018979	11	347	55	21	308.4	2.1	788.7
pandit_like_002017	9	432	36	17	308.4	1.1	788.1
pandit_like_006831	9	432	36	17	308.4	1.1	788.1
pandit_like_010847	9	432	36	17	308.4	1.1	788.1
pandit_like_012052	9	432	36	17	308.4	1.1	788.1
pandit_like_012252	9	432	36	17	308.4	1.1	788.1
pandit_like_012259	9	432	36	17	308.4	1.1	788.1
pandit_like_004113	12	314	66	23	308.4	2.8	787.9
pandit_like_005552	12	314	66	23	308.4	2.8	787.9
pandit_like_006972	12	314	66	23	308.4	2.8	787.9
pandit_like_007928	12	314	66	23	308.4	2.8	787.9
pandit_like_009822	12	314	66	23	308.4	2.8	787.9
pandit_like_011719	12	314	66	23	308.4	2.8	787.9
pandit_like_013324	12	314	66	23	308.4	2.8	787.9
pandit_like_000212	11	346	55	21	308.4	2.1	787.3
pandit_like_000328	11	346	55	21	308.4	2.1	787.3
pandit_like_000617	11	346	55	21	308.4	2.1	787.3
pandit_like_001576	11	346	55	21	308.4	2.1	787.3
pandit_like_003093	11	346	55	21	308.4	2.1	787.3
pandit_like_005167	11	346	55	21	308.4	2.1	787.3
pandit_like_009409	11	346	55	21	308.4	2.1	787.3
pandit_like_009609	11	346	55	21	308.4	2.1	787.3
pandit_like_014111	11	346	55	21	308.4	2.1	787.3
pandit_like_014274	11	346	55	21	308.4	2.1	787.3
pandit_like_016692	11	346	55	21	308.4	2.1	787.3
pandit_like_012525	17	206	136	33	308.4	8.5	787.3
pandit_like_008807	8	489	28	15	308.4	0.7	786.9
pandit_like_016641	8	489	28	15	308.4	0.7	786.9
pandit_like_017274	8	489	28	15	308.4	0.7	786.9
pandit_like_001900	12	313	66	23	308.4	2.8	786.4
pandit_like_012867	12	313	66	23	308.4	2.8	786.4
pandit_like_018089	12	313	66	23	308.4	2.8	786.4
pandit_like_001477	27	100	351	53	308.4	36.0	786.2
pandit_like_005186	27	100	351	53	308.4	36.0	786.2
pandit_like_009069	27	100	351	53	308.4	36.0	786.2
pandit_like_018950	27	100	351	53	308.4	36.0	786.2
pandit_like_003528	8	487	28	15	308.4	0.7	785.0
pandit_like_008992	8	487	28	15	308.4	0.7	785.0
pandit_like_009555	8	487	28	15	308.4	0.7	785.0
pandit_like_010999	8	487	28	15	308.4	0.7	785.0
pandit_like_016601	8	487	28	15	308.4	0.7	785.0
pandit_like_016947	8	487	28	15	308.4	0.7	785.0
pandit_like_018242	8	487	28	15	308.4	0.7	785.0
pandit_like_013514	32	67	496	63	308.4	60.8	785.0
pandit_like_001446	11	344	55	21	308.4	2.1	784.7
pandit_like_001821	11	344	55	21	308.4	2.1	784.7
pandit_like_006357	11	344	55	21	308.4	2.1	784.7
pandit_like_006623	11	344	55	21	308.4	2.1	784.7
pandit_like_007110	11	344	55	21	308.4	2.1	784.7
pandit_like_007425	11	344	55	21	308.4	2.1	784.7
pandit_like_012680	11	344	55	21	308.4	2.1	784.7
pandit_like_016811	11	344	55	21	308.4	2.1	784.7
pandit_like_001304	12	311	66	23	308.4	2.8	783.5
pandit_like_002048	12	311	66	23	308.4	2.8	783.5
pandit_like_003043	12	311	66	23	308.4	2.8	783.5
pandit_like_005514	12	311	66	23	308.4	2.8	783.5
pandit_like_006049	12	311	66	23	308.4	2.8	783.5
pandit_like_006380	12	311	66	23	308.4	2.8	783.5
pandit_like_007974	12	311	66	23	308.4	2.8	783.5
pandit_like_011209	12	311	66	23	308.4	2.8	783.5
pandit_like_011337	12	311	66	23	308.4	2.8	783.5
pandit_like_011450	12	311	66	23	308.4	2.8	783.5
pandit_like_012921	12	311	66	23	308.4	2.8	783.5
pandit_like_012967	12	311	66	23	308.4	2.8	783.5
pandit_like_013904	12	311	66	23	308.4	2.8	783.5
pandit_like_014180	12	311	66	23	308.4	2.8	783.5
pandit_like_014343	12	311	66	23	308.4	2.8	783.5
pandit_like_018393	12	311	66	23	308.4	2.8	783.5
pandit_like_018906	12	311	66	23	308.4	2.8	783.5
pandit_like_000416	17	204	136	33	308.4	8.5	783.1
pandit_like_006538	17	204	136	33	308.4	8.5	783.1
pandit_like_009477	17	204	136	33	308.4	8.5	783.1
pandit_like_012408	17	204	136	33	308.4	8.5	783.1
pandit_like_017326	17	204	136	33	308.4	8.5	783.1
pandit_like_017330	17	204	136	33	308.4	8.5	783.1
pandit_like_000583	10	381	45	19	308.4	1.5	783.0
pandit_like_001654	10	381	45	19	308.4	1.5	783.0
pandit_like_009733	10	381	45	19	308.4	1.5	783.0
pandit_like_010321	10	381	45	19	308.4	1.5	783.0
pandit_like_014972	10	381	45	19	308.4	1.5	783.0
pandit_like_018187	10	381	45	19	308.4	1.5	783.0
pandit_like_018898	10	381	45	19	308.4	1.5	783.0
pandit_like_004090	9	427	36	17	308.4	1.1	782.6
pandit_like_013821	9	427	36	17	308.4	1.1	782.6
pandit_like_014143	9	427	36	17	308.4	1.1	782.6
pandit_like_018362	9	427	36	17	308.4	1.1	782.6
pandit_like_000428	16	220	120	31	308.4	7.0	782.3
pandit_like_007823	16	220	120	31	308.4	7.0	782.3
pandit_like_008696	16	220	120	31	308.4	7.0	782.3
pandit_like_000165	10	380	45	19	308.4	1.5	781.8
pandit_like_000751	10	380	45	19	308.4	1.5	781.8
pandit_like_002683	10	380	45	19	308.4	1.5	781.8
pandit_like_013537	10	380	45	19	308.4	1.5	781.8
pandit_like_016026	10	380	45	19	308.4	1.5	781.8
pandit_like_017211	10	380	45	19	308.4	1.5	781.8
pandit_like_005015	15	238	105	29	308.4	5.7	781.6
pandit_like_009104	15	238	105	29	308.4	5.7	781.6
pandit_like_010542	15	238	105	29	308.4	5.7	781.6
pandit_like_013736	15	238	105	29	308.4	5.7	781.6
pandit_like_013769	15	238	105	29	308.4	5.7	781.6
pandit_like_005409	7	556	21	13	308.4	0.5	780.8
pandit_like_012815	7	556	21	13	308.4	0.5	780.8
pandit_like_018305	7	556	21	13	308.4	0.5	780.8
pandit_like_002985	16	219	120	31	308.4	7.0	780.3
pandit_like_016635	16	219	120	31	308.4	7.0	780.3
pandit_like_004494	8	482	28	15	308.4	0.7	780.2
pandit_like_012544	8	482	28	15	308.4	0.7	780.2
pandit_like_015523	8	482	28	15	308.4	0.7	780.2
pandit_like_019769	8	482	28	15	308.4	0.7	780.2
pandit_like_005936	10	378	45	19	308.4	1.5	779.4
pandit_like_011254	10	378	45	19	308.4	1.5	779.4
pandit_like_001247	37	39	666	73	308.4	94.9	779.3
pandit_like_006875	37	39	666	73	308.4	94.9	779.3
pandit_like_007073	37	39	666	73	308.4	94.9	779.3
pandit_like_009945	37	39	666	73	308.4	94.9	779.3
pandit_like_010867	37	39	666	73	308.4	94.9	779.3
pandit_like_017601	37	39	666	73	308.4	94.9	779.3
pandit_like_007153	4	988	6	7	308.4	0.1	779.1
pandit_like_010198	4	988	6	7	308.4	0.1	779.1
pandit_like_012134	4	988	6	7	308.4	0.1	779.1
pandit_like_017766	4	988	6	7	308.4	0.1	779.1
pandit_like_015730	12	308	66	23	308.4	2.8	779.1
pandit_like_000118	17	202	136	33	308.4	8.5	778.9
pandit_like_000121	17	202	136	33	308.4	8.5	778.9
pandit_like_001369	17	202	136	33	308.4	8.5	778.9
pandit_like_001480	17	202	136	33	308.4	8.5	778.9
pandit_like_007130	17	202	136	33	308.4	8.5	778.9
pandit_like_010537	17	202	136	33	308.4	8.5	778.9
pandit_like_013387	17	202	136	33	308.4	8.5	778.9
pandit_like_000247	8	480	28	15	308.4	0.7	778.3
pandit_like_001214	8	480	28	15	308.4	0.7	778.3
pandit_like_002929	8	480	28	15	308.4	0.7	778.3
pandit_like_004340	8	480	28	15	308.4	0.7	778.3
pandit_like_005665	8	480	28	15	308.4	0.7	778.3
pandit_like_009966	8	480	28	15	308.4	0.7	778.3
pandit_like_010943	8	480	28	15	308.4	0.7	778.3
pandit_like_015075	8	480	28	15	308.4	0.7	778.3
pandit_like_016215	8	480	28	15	308.4	0.7	778.3
pandit_like_018422	8	480	28	15	308.4	0.7	778.3
pandit_like_000675	13	280	78	25	308.4	3.6	777.8
pandit_like_001811	13	280	78	25	308.4	3.6	777.8
pandit_like_005131	13	280	78	25	308.4	3.6	777.8
pandit_like_014493	13	280	78	25	308.4	3.6	777.8
pandit_like_014608	13	280	78	25	308.4	3.6	777.8
pandit_like_014669	13	280	78	25	308.4	3.6	777.8
pandit_like_019786	13	280	78	25	308.4	3.6	777.8
pandit_like_007788	7	552	21	13	308.4	0.5	777.5
pandit_like_008552	7	552	21	13	308.4	0.5	777.5
pandit_like_009378	7	552	21	13	308.4	0.5	777.5
pandit_like_011014	7	552	21	13	308.4	0.5	777.5
pandit_like_011053	7	552	21	13	308.4	0.5	777.5
pandit_like_012743	7	552	21	13	308.4	0.5	777.5
pandit_like_014614	7	552	21	13	308.4	0.5	777.5
pandit_like_015160	7	552	21	13	308.4	0.5	777.5
pandit_like_003514	14	256	91	27	308.4	4.6	776.9
pandit_like_011924	14	256	91	27	308.4	4.6	776.9
pandit_like_013286	14	256	91	27	308.4	4.6	776.9
pandit_like_014867	14	256	91	27	308.4	4.6	776.9
pandit_like_018455	14	256	91	27	308.4	4.6	776.9
pandit_like_001526	32	65	496	63	308.4	60.8	776.8
pandit_like_006787	32	65	496	63	308.4	60.8	776.8
pandit_like_014536	32	65	496	63	308.4	60.8	776.8
pandit_like_018325	32	65	496	63	308.4	60.8	776.8
pandit_like_018736	32	65	496	63	308.4	60.8	776.8
pandit_like_007775	15	235	105	29	308.4	5.7	776.1
pandit_like_009856	15	235	105	29	308.4	5.7	776.1
pandit_like_010510	15	235	105	29	308.4	5.7	776.1
pandit_like_012389	15	235	105	29	308.4	5.7	776.1
pandit_like_015383	15	235	105	29	308.4	5.7	776.1
pandit_like_015822	15	235	105	29	308.4	5.7	776.1
pandit_like_018351	15	235	105	29	308.4	5.7	776.1
pandit_like_005678	8	477	28	15	308.4	0.7	775.4
pandit_like_014570	8	477	28	15	308.4	0.7	775.4
pandit_like_000301	6	645	15	11	308.4	0.3	774.9
pandit_like_003994	6	645	15	11	308.4	0.3	774.9
pandit_like_005336	6	645	15	11	308.4	0.3	774.9
pandit_like_012674	6	645	15	11	308.4	0.3	774.9
pandit_like_017780	6	645	15	11	308.4	0.3	774.9
pandit_like_007858	17	200	136	33	308.4	8.5	774.7
pandit_like_008021	17	200	136	33	308.4	8.5	774.7
pandit_like_004271	23	129	253	45	308.4	21.9	774.1
pandit_like_004791	23	129	253	45	308.4	21.9	774.1
pandit_like_006511	23	129	253	45	308.4	21.9	774.1
pandit_like_007305	23	129	253	45	308.4	21.9	774.1
pandit_like_014697	23	129	253	45	308.4	21.9	774.1
pandit_like_014812	23	129	253	45	308.4	21.9	774.1
pandit_like_016615	23	129	253	45	308.4	21.9	774.1
pandit_like_000458	12	304	66	23	308.4	2.8	773.3
pandit_like_010417	12	304	66	23	308.4	2.8	773.3
pandit_like_011820	12	304	66	23	308.4	2.8	773.3
pandit_like_013662	12	304	66	23	308.4	2.8	773.3
pandit_like_015297	12	304	66	23	308.4	2.8	773.3
pandit_like_018157	12	304	66	23	308.4	2.8	773.3
pandit_like_002162	34	53	561	67	308.4	73.2	773.0
pandit_like_003492	34	53	561	67	308.4	73.2	773.0
pandit_like_008466	34	53	561	67	308.4	73.2	773.0
pandit_like_009415	34	53	561	67	308.4	73.2	773.0
pandit_like_011745	34	53	561	67	308.4	73.2	773.0
pandit_like_017898	34	53	561	67	308.4	73.2	773.0
pandit_like_018668	34	53	561	67	308.4	73.2	773.0
pandit_like_002367	9	418	36	17	308.4	1.1	772.9
pandit_like_019959	9	418	36	17	308.4	1.1	772.9
pandit_like_013075	22	138	231	43	308.4	19.0	772.6
pandit_like_016085	22	138	231	43	308.4	19.0	772.6
pandit_like_002588	12	303	66	23	308.4	2.8	771.8
pandit_like_008109	12	303	66	23	308.4	2.8	771.8
pandit_like_008375	12	303	66	23	308.4	2.8	771.8
pandit_like_012606	12	303	66	23	308.4	2.8	771.8
pandit_like_014317	12	303	66	23	308.4	2.8	771.8
pandit_like_015034	12	303	66	23	308.4	2.8	771.8
pandit_like_004785	5	773	10	9	308.4	0.1	771.4
pandit_like_017783	5	773	10	9	308.4	0.1	771.4
pandit_like_005891	10	371	45	19	308.4	1.5	771.0
pandit_like_007086	10	371	45	19	308.4	1.5	771.0
pandit_like_011007	10	371	45	19	308.4	1.5	771.0
pandit_like_016868	10	371	45	19	308.4	1.5	771.0
pandit_like_001432	24	119	276	47	308.4	25.0	770.8
pandit_like_006514	24	119	276	47	308.4	25.0	770.8
pandit_like_016500	24	119	276	47	308.4	25.0	770.8
pandit_like_019936	24	119	276	47	308.4	25.0	770.8
pandit_like_009406	8	472	28	15	308.4	0.7	770.6
pandit_like_018417	8	472	28	15	308.4	0.7	770.6
pandit_like_018690	8	472	28	15	308.4	0.7	770.6
pandit_like_002579	22	137	231	43	308.4	19.0	769.9
pandit_like_009678	22	137	231	43	308.4	19.0	769.9
pandit_like_011416	22	137	231	43	308.4	19.0	769.9
pandit_like_012703	22	137	231	43	308.4	19.0	769.9
pandit_like_000560	7	542	21	13	308.4	0.5	769.1
pandit_like_002445	7	542	21	13	308.4	0.5	769.1
pandit_like_006403	7	542	21	13	308.4	0.5	769.1
pandit_like_015012	7	542	21	13	308.4	0.5	769.1
pandit_like_001047	5	769	10	9	308.4	0.1	769.0
pandit_like_002870	5	769	10	9	308.4	0.1	769.0
pandit_like_004814	5	769	10	9	308.4	0.1	769.0
pandit_like_005781	5	769	10	9	308.4	0.1	769.0
pandit_like_012302	5	769	10	9	308.4	0.1	769.0
pandit_like_004389	15	231	105	29	308.4	5.7	768.7
pandit_like_011074	15	231	105	29	308.4	5.7	768.7
pandit_like_014723	15	231	105	29	308.4	5.7	768.7
pandit_like_000927	16	213	120	31	308.4	7.0	768.5
pandit_like_002008	16	213	120	31	308.4	7.0	768.5
pandit_like_005070	16	213	120	31	308.4	7.0	768.5
pandit_like_012152	16	213	120	31	308.4	7.0	768.5
pandit_like_000248	9	412	36	17	308.4	1.1	766.4
pandit_like_003991	9	412	36	17	308.4	1.1	766.4
pandit_like_006918	9	412	36	17	308.4	1.1	766.4
pandit_like_013004	9	412	36	17	308.4	1.1	766.4
pandit_like_013525	9	412	36	17	308.4	1.1	766.4
pandit_like_014273	9	412	36	17	308.4	1.1	766.4
pandit_like_016712	9	412	36	17	308.4	1.1	766.4
pandit_like_018447	9	412	36	17	308.4	1.1	766.4
pandit_like_019926	9	412	36	17	308.4	1.1	766.4
pandit_like_000979	11	330	55	21	308.4	2.1	766.0
pandit_like_001753	11	330	55	21	308.4	2.1	766.0
pandit_like_002490	11	330	55	21	308.4	2.1	766.0
pandit_like_004022	11	330	55	21	308.4	2.1	766.0
pandit_like_004523	11	330	55	21	308.4	2.1	766.0
pandit_like_016199	11	330	55	21	308.4	2.1	766.0
pandit_like_018264	11	330	55	21	308.4	2.1	766.0
pandit_like_001560	12	299	66	23	308.4	2.8	766.0
pandit_like_007733	12	299	66	23	308.4	2.8	766.0
pandit_like_009133	12	299	66	23	308.4	2.8	766.0
pandit_like_018567	12	299	66	23	308.4	2.8	766.0
pandit_like_002589	25	109	300	49	308.4	28.3	765.4
pandit_like_004684	25	109	300	49	308.4	28.3	765.4
pandit_like_010423	25	109	300	49	308.4	28.3	765.4
pandit_like_011121	25	109	300	49	308.4	28.3	765.4
pandit_like_019398	25	109	300	49	308.4	28.3	765.4
pandit_like_007477	13	272	78	25	308.4	3.6	765.2
pandit_like_007839	13	272	78	25	308.4	3.6	765.2
pandit_like_011977	13	272	78	25	308.4	3.6	765.2
pandit_like_019104	13	272	78	25	308.4	3.6	765.2
pandit_like_007389	10	366	45	19	308.4	1.5	764.9
pandit_like_013161	10	366	45	19	308.4	1.5	764.9
pandit_like_013185	10	366	45	19	308.4	1.5	764.9
pandit_like_015267	10	366	45	19	308.4	1.5	764.9
pandit_like_019132	10	366	45	19	308.4	1.5	764.9
pandit_like_001268	18	181	153	35	308.4	10.2	764.9
pandit_like_001447	18	181	153	35	308.4	10.2	764.9
pandit_like_003574	18	181	153	35	308.4	10.2	764.9
pandit_like_004730	18	181	153	35	308.4	10.2	764.9
pandit_like_012157	18	181	153	35	308.4	10.2	764.9
pandit_like_001689	26	101	325	51	308.4	32.0	764.5
pandit_like_002505	26	101	325	51	308.4	32.0	764.5
pandit_like_003162	26	101	325	51	308.4	32.0	764.5
pandit_like_006717	26	101	325	51	308.4	32.0	764.5
pandit_like_008042	26	101	325	51	308.4	32.0	764.5
pandit_like_013784	26	101	325	51	308.4	32.0	764.5
pandit_like_008226	5	761	10	9	308.4	0.1	764.2
pandit_like_009495	5	761	10	9	308.4	0.1	764.2
pandit_like_006552	9	410	36	17	308.4	1.1	764.2
pandit_like_007136	9	410	36	17	308.4	1.1	764.2
pandit_like_019506	9	410	36	17	308.4	1.1	764.2
pandit_like_006757	13	271	78	25	308.4	3.6	763.6
pandit_like_011827	13	271	78	25	308.4	3.6	763.6
pandit_like_016686	13	271	78	25	308.4	3.6	763.6
pandit_like_002720	14	248	91	27	308.4	4.6	763.2
pandit_like_006343	14	248	91	27	308.4	4.6	763.2
pandit_like_010533	25	108	300	49	308.4	28.3	762.2
pandit_like_012956	25	108	300	49	308.4	28.3	762.2
pandit_like_013729	25	108	300	49	308.4	28.3	762.2
pandit_like_017339	25	108	300	49	308.4	28.3	762.2
pandit_like_001802	17	194	136	33	308.4	8.5	762.1
pandit_like_003323	17	194	136	33	308.4	8.5	762.1
pandit_like_010764	17	194	136	33	308.4	8.5	762.1
pandit_like_014034	17	194	136	33	308.4	8.5	762.1
pandit_like_015550	17	194	136	33	308.4	8.5	762.1
pandit_like_015895	17	194	136	33	308.4	8.5	762.1
pandit_like_018359	17	194	136	33	308.4	8.5	762.1
pandit_like_018586	17	194	136	33	308.4	8.5	762.1
pandit_like_004334	11	327	55	21	308.4	2.1	762.0
pandit_like_014832	11	327	55	21	308.4	2.1	762.0
pandit_like_016764	11	327	55	21	308.4	2.1	762.0
pandit_like_018571	11	327	55	21	308.4	2.1	762.0
pandit_like_000928	5	757	10	9	308.4	0.1	761.8
pandit_like_001685	5	757	10	9	308.4	0.1	761.8
pandit_like_005415	5	757	10	9	308.4	0.1	761.8
pandit_like_010240	5	757	10	9	308.4	0.1	761.8
pandit_like_013787	5	757	10	9	308.4	0.1	761.8
pandit_like_016530	5	757	10	9	308.4	0.1	761.8
pandit_like_017068	5	757	10	9	308.4	0.1	761.8
pandit_like_018315	5	757	10	9	308.4	0.1	761.8
pandit_like_018908	5	757	10	9	308.4	0.1	761.8
pandit_like_019097	5	757	10	9	308.4	0.1	761.8
pandit_like_002035	7	533	21	13	308.4	0.5	761.6
pandit_like_008429	7	533	21	13	308.4	0.5	761.6
pandit_like_011198	7	533	21	13	308.4	0.5	761.6
pandit_like_019084	7	533	21	13	308.4	0.5	761.6
pandit_like_006800	21	144	210	41	308.4	16.5	761.6
pandit_like_008039	21	144	210	41	308.4	16.5	761.6
pandit_like_010911	21	144	210	41	308.4	16.5	761.6
pandit_like_016365	21	144	210	41	308.4	16.5	761.6
pandit_like_017869	21	144	210	41	308.4	16.5	761.6
pandit_like_001833	11	326	55	21	308.4	2.1	760.7
pandit_like_002427	11	326	55	21	308.4	2.1	760.7
pandit_like_005073	11	326	55	21	308.4	2.1	760.7
pandit_like_013501	11	326	55	21	308.4	2.1	760.7
pandit_like_015553	11	326	55	21	308.4	2.1	760.7
pandit_like_016398	11	326	55	21	308.4	2.1	760.7
pandit_like_002697	13	269	78	25	308.4	3.6	760.4
pandit_like_002802	13	269	78	25	308.4	3.6	760.4
pandit_like_003706	13	269	78	25	308.4	3.6	760.4
pandit_like_005000	13	269	78	25	308.4	3.6	760.4
pandit_like_005118	13	269	78	25	308.4	3.6	760.4
pandit_like_006492	13	269	78	25	308.4	3.6	760.4
pandit_like_008262	13	269	78	25	308.4	3.6	760.4
pandit_like_012863	13	269	78	25	308.4	3.6	760.4
pandit_like_013701	13	269	78	25	308.4	3.6	760.4
pandit_like_014772	13	269	78	25	308.4	3.6	760.4
pandit_like_015621	13	269	78	25	308.4	3.6	760.4
pandit_like_017265	13	269	78	25	308.4	3.6	760.4
pandit_like_003126	8	461	28	15	308.4	0.7	760.0
pandit_like_006527	8	461	28	15	308.4	0.7	760.0
pandit_like_012858	8	461	28	15	308.4	0.7	760.0
pandit_like_017133	8	461	28	15	308.4	0.7	760.0
pandit_like_002198	17	193	136	33	308.4	8.5	760.0
pandit_like_004539	17	193	136	33	308.4	8.5	760.0
pandit_like_008608	17	193	136	33	308.4	8.5	760.0
pandit_like_010382	17	193	136	33	308.4	8.5	760.0
pandit_like_001567	8	460	28	15	308.4	0.7	759.0
pandit_like_004132	8	460	28	15	308.4	0.7	759.0
pandit_like_008369	8	460	28	15	308.4	0.7	759.0
pandit_like_013064	8	460	28	15	308.4	0.7	759.0
pandit_like_019417	8	460	28	15	308.4	0.7	759.0
pandit_like_019974	8	460	28	15	308.4	0.7	759.0
pandit_like_001695	9	405	36	17	308.4	1.1	758.8
pandit_like_002543	9	405	36	17	308.4	1.1	758.8
pandit_like_006190	9	405	36	17	308.4	1.1	758.8
pandit_like_014870	9	405	36	17	308.4	1.1	758.8
pandit_like_014945	9	405	36	17	308.4	1.1	758.8
pandit_like_016557	9	405	36	17	308.4	1.1	758.8
pandit_like_007307	13	268	78	25	308.4	3.6	758.8
pandit_like_010443	13	268	78	25	308.4	3.6	758.8
pandit_like_014316	13	268	78	25	308.4	3.6	758.8
pandit_like_008266	28	85	378	55	308.4	40.2	758.3
pandit_like_008386	28	85	378	55	308.4	40.2	758.3
pandit_like_014902	28	85	378	55	308.4	40.2	758.3
pandit_like_016762	7	528	21	13	308.4	0.5	757.4
pandit_like_004151	31	66	465	61	308.4	55.1	757.3
pandit_like_004426	31	66	465	61	308.4	55.1	757.3
pandit_like_004714	31	66	465	61	308.4	55.1	757.3
pandit_like_010458	31	66	465	61	308.4	55.1	757.3
pandit_like_000993	13	267	78	25	308.4	3.6	757.2
pandit_like_003752	13	267	78	25	308.4	3.6	757.2
pandit_like_007879	13	267	78	25	308.4	3.6	757.2
pandit_like_012233	13	267	78	25	308.4	3.6	757.2
pandit_like_016216	13	267	78	25	308.4	3.6	757.2
pandit_like_017608	13	267	78	25	308.4	3.6	757.2
pandit_like_017172	8	458	28	15	308.4	0.7	757.1
pandit_like_019156	8	458	28	15	308.4	0.7	757.1
pandit_like_001296	8	457	28	15	308.4	0.7	756.2
pandit_like_002026	8	457	28	15	308.4	0.7	756.2
pandit_like_006622	8	457	28	15	308.4	0.7	756.2
pandit_like_009255	8	457	28	15	308.4	0.7	756.2
pandit_like_011443	8	457	28	15	308.4	0.7	756.2
pandit_like_018811	8	457	28	15	308.4	0.7	756.2
pandit_like_002318	17	191	136	33	308.4	8.5	755.9
pandit_like_003811	17	191	136	33	308.4	8.5	755.9
pandit_like_005624	17	191	136	33	308.4	8.5	755.9
pandit_like_007296	17	191	136	33	308.4	8.5	755.9
pandit_like_019521	17	191	136	33	308.4	8.5	755.9
pandit_like_004281	13	266	78	25	308.4	3.6	755.6
pandit_like_005291	13	266	78	25	308.4	3.6	755.6
pandit_like_010172	13	266	78	25	308.4	3.6	755.6
pandit_like_013817	13	266	78	25	308.4	3.6	755.6
pandit_like_016775	13	266	78	25	308.4	3.6	755.6
pandit_like_017414	13	266	78	25	308.4	3.6	755.6
pandit_like_006775	8	456	28	15	308.4	0.7	755.2
pandit_like_012131	8	456	28	15	308.4	0.7	755.2
pandit_like_013054	8	456	28	15	308.4	0.7	755.2
pandit_like_014020	8	456	28	15	308.4	0.7	755.2
pandit_like_018086	8	456	28	15	308.4	0.7	755.2
pandit_like_000684	14	243	91	27	308.4	4.6	754.7
pandit_like_004818	14	243	91	27	308.4	4.6	754.7
pandit_like_004979	14	243	91	27	308.4	4.6	754.7
pandit_like_008216	14	243	91	27	308.4	4.6	754.7
pandit_like_008938	14	243	91	27	308.4	4.6	754.7
pandit_like_011583	14	243	91	27	308.4	4.6	754.7
pandit_like_014259	14	243	91	27	308.4	4.6	754.7
pandit_like_014569	14	243	91	27	308.4	4.6	754.7
pandit_like_014622	14	243	91	27	308.4	4.6	754.7
pandit_like_017004	14	243	91	27	308.4	4.6	754.7
pandit_like_019159	14	243	91	27	308.4	4.6	754.7
pandit_like_003503	13	265	78	25	308.4	3.6	754.1
pandit_like_005475	13	265	78	25	308.4	3.6	754.1
pandit_like_005619	13	265	78	25	308.4	3.6	754.1
pandit_like_006228	13	265	78	25	308.4	3.6	754.1
pandit_like_008917	13	265	78	25	308.4	3.6	754.1
pandit_like_016832	13	265	78	25	308.4	3.6	754.1
pandit_like_017892	13	265	78	25	308.4	3.6	754.1
pandit_like_018118	13	265	78	25	308.4	3.6	754.1
pandit_like_018513	13	265	78	25	308.4	3.6	754.1
pandit_like_019802	13	265	78	25	308.4	3.6	754.1
pandit_like_001645	7	524	21	13	308.4	0.5	754.0
pandit_like_002020	7	524	21	13	308.4	0.5	754.0
pandit_like_004892	7	524	21	13	308.4	0.5	754.0
pandit_like_015913	7	524	21	13	308.4	0.5	754.0
pandit_like_010460	30	71	435	59	308.4	49.8	753.6
pandit_like_017902	30	71	435	59	308.4	49.8	753.6
pandit_like_001160	10	356	45	19	308.4	1.5	752.8
pandit_like_003045	10	356	45	19	308.4	1.5	752.8
pandit_like_004999	10	356	45	19	308.4	1.5	752.8
pandit_like_006421	7	522	21	13	308.4	0.5	752.3
pandit_like_009899	7	522	21	13	308.4	0.5	752.3
pandit_like_012226	7	522	21	13	308.4	0.5	752.3
pandit_like_013719	7	522	21	13	308.4	0.5	752.3
pandit_like_019042	7	522	21	13	308.4	0.5	752.3
pandit_like_009617	15	222	105	29	308.4	5.7	752.2
pandit_like_014455	15	222	105	29	308.4	5.7	752.2
pandit_like_014937	15	222	105	29	308.4	5.7	752.2
pandit_like_015671	15	222	105	29	308.4	5.7	752.2
pandit_like_017410	15	222	105	29	308.4	5.7	752.2
pandit_like_012908	10	355	45	19	308.4	1.5	751.6
pandit_like_014727	10	355	45	19	308.4	1.5	751.6
pandit_like_016441	10	355	45	19	308.4	1.5	751.6
pandit_like_018912	10	355	45	19	308.4	1.5	751.6
pandit_like_007099	18	175	153	35	308.4	10.2	751.5
pandit_like_007207	18	175	153	35	308.4	10.2	751.5
pandit_like_008149	18	175	153	35	308.4	10.2	751.5
pandit_like_018151	18	175	153	35	308.4	10.2	751.5
pandit_like_018888	18	175	153	35	308.4	10.2	751.5
pandit_like_011261	36	38	630	71	308.4	87.3	751.2
pandit_like_012571	36	38	630	71	308.4	87.3	751.2
pandit_like_017283	36	38	630	71	308.4	87.3	751.2
pandit_like_004145	21	140	210	41	308.4	16.5	751.1
pandit_like_010029	21	140	210	41	308.4	16.5	751.1
pandit_like_014413	28	83	378	55	308.4	40.2	751.1
pandit_like_015552	28	83	378	55	308.4	40.2	751.1
pandit_like_017919	28	83	378	55	308.4	40.2	751.1
pandit_like_004129	6	611	15	11	308.4	0.3	750.6
pandit_like_004502	6	611	15	11	308.4	0.3	750.6
pandit_like_008102	6	611	15	11	308.4	0.3	750.6
pandit_like_008385	6	611	15	11	308.4	0.3	750.6
pandit_like_013442	6	611	15	11	308.4	0.3	750.6
pandit_like_015656	6	611	15	11	308.4	0.3	750.6
pandit_like_018974	6	611	15	11	308.4	0.3	750.6
pandit_like_004921	15	221	105	29	308.4	5.7	750.3
pandit_like_008732	15	221	105	29	308.4	5.7	750.3
pandit_like_009727	15	221	105	29	308.4	5.7	750.3
pandit_like_015129	15	221	105	29	308.4	5.7	750.3
pandit_like_019321	15	221	105	29	308.4	5.7	750.3
pandit_like_000356	4	927	6	7	308.4	0.1	750.1
pandit_like_001152	4	927	6	7	308.4	0.1	750.1
pandit_like_010921	4	927	6	7	308.4	0.1	750.1
pandit_like_018398	4	927	6	7	308.4	0.1	750.1
pandit_like_004881	9	397	36	17	308.4	1.1	750.1
pandit_like_017602	9	397	36	17	308.4	1.1	750.1
pandit_like_002677	6	609	15	11	308.4	0.3	749.1
pandit_like_004458	6	609	15	11	308.4	0.3	749.1
pandit_like_005548	6	609	15	11	308.4	0.3	749.1
pandit_like_005939	6	609	15	11	308.4	0.3	749.1
pandit_like_006477	6	609	15	11	308.4	0.3	749.1
pandit_like_013650	6	609	15	11	308.4	0.3	749.1
pandit_like_018227	6	609	15	11	308.4	0.3	749.1
pandit_like_003092	9	396	36	17	308.4	1.1	749.0
pandit_like_018201	9	396	36	17	308.4	1.1	749.0
pandit_like_003820	6	608	15	11	308.4	0.3	748.4
pandit_like_008207	6	608	15	11	308.4	0.3	748.4
pandit_like_009583	6	608	15	11	308.4	0.3	748.4
pandit_like_011918	6	608	15	11	308.4	0.3	748.4
pandit_like_013940	6	608	15	11	308.4	0.3	748.4
pandit_like_014665	6	608	15	11	308.4	0.3	748.4
pandit_like_017909	6	608	15	11	308.4	0.3	748.4
pandit_like_005610	6	607	15	11	308.4	0.3	747.7
pandit_like_011845	6	607	15	11	308.4	0.3	747.7
pandit_like_006453	8	448	28	15	308.4	0.7	747.5
pandit_like_016668	8	448	28	15	308.4	0.7	747.5
pandit_like_018138	8	448	28	15	308.4	0.7	747.5
pandit_like_018971	8	448	28	15	308.4	0.7	747.5
pandit_like_011682	20	149	190	39	308.4	14.1	747.0
pandit_like_013293	20	149	190	39	308.4	14.1	747.0
pandit_like_013687	20	149	190	39	308.4	14.1	747.0
pandit_like_013918	20	149	190	39	308.4	14.1	747.0
pandit_like_018673	20	149	190	39	308.4	14.1	747.0
pandit_like_001099	14	238	91	27	308.4	4.6	746.1
pandit_like_003383	14	238	91	27	308.4	4.6	746.1
pandit_like_004442	14	238	91	27	308.4	4.6	746.1
pandit_like_015101	14	238	91	27	308.4	4.6	746.1
pandit_like_016454	14	238	91	27	308.4	4.6	746.1
pandit_like_001375	11	315	55	21	308.4	2.1	746.0
pandit_like_001672	11	315	55	21	308.4	2.1	746.0
pandit_like_002300	11	315	55	21	308.4	2.1	746.0
pandit_like_002302	11	315	55	21	308.4	2.1	746.0
pandit_like_005495	11	315	55	21	308.4	2.1	746.0
pandit_like_007200	11	315	55	21	308.4	2.1	746.0
pandit_like_007453	11	315	55	21	308.4	2.1	746.0
pandit_like_018528	11	315	55	21	308.4	2.1	746.0
pandit_like_001421	10	350	45	19	308.4	1.5	745.6
pandit_like_001807	10	350	45	19	308.4	1.5	745.6
pandit_like_008077	10	350	45	19	308.4	1.5	745.6
pandit_like_016729	10	350	45	19	308.4	1.5	745.6
pandit_like_002678	12	285	66	23	308.4	2.8	745.6
pandit_like_004835	12	285	66	23	308.4	2.8	745.6
pandit_like_006963	12	285	66	23	308.4	2.8	745.6
pandit_like_016791	12	285	66	23	308.4	2.8	745.6
pandit_like_002295	15	218	105	29	308.4	5.7	744.8
pandit_like_003556	15	218	105	29	308.4	5.7	744.8
pandit_like_011941	15	218	105	29	308.4	5.7	744.8
pandit_like_010002	9	392	36	17	308.4	1.1	744.7
pandit_like_014543	9	392	36	17	308.4	1.1	744.7
pandit_like_005471	11	314	55	21	308.4	2.1	744.7
pandit_like_005684	11	314	55	21	308.4	2.1	744.7
pandit_like_009556	11	314	55	21	308.4	2.1	744.7
pandit_like_019284	11	314	55	21	308.4	2.1	744.7
pandit_like_019307	11	314	55	21	308.4	2.1	744.7
pandit_like_000313	10	349	45	19	308.4	1.5	744.4
pandit_like_000797	10	349	45	19	308.4	1.5	744.4
pandit_like_001373	10	349	45	19	308.4	1.5	744.4
pandit_like_003569	10	349	45	19	308.4	1.5	744.4
pandit_like_009912	10	349	45	19	308.4	1.5	744.4
pandit_like_015183	10	349	45	19	308.4	1.5	744.4
pandit_like_018514	10	349	45	19	308.4	1.5	744.4
pandit_like_003164	14	237	91	27	308.4	4.6	744.4
pandit_like_005138	14	237	91	27	308.4	4.6	744.4
pandit_like_005339	14	237	91	27	308.4	4.6	744.4
pandit_like_006279	14	237	91	27	308.4	4.6	744.4
pandit_like_007685	14	237	91	27	308.4	4.6	744.4
pandit_like_011219	14	237	91	27	308.4	4.6	744.4
pandit_like_012845	14	237	91	27	308.4	4.6	744.4
pandit_like_013992	14	237	91	27	308.4	4.6	744.4
pandit_like_014242	14	237	91	27	308.4	4.6	744.4
pandit_like_003969	24	110	276	47	308.4	25.0	743.6
pandit_like_012059	24	110	276	47	308.4	25.0	743.6
pandit_like_000033	11	313	55	21	308.4	2.1	743.3
pandit_like_000935	11	313	55	21	308.4	2.1	743.3
pandit_like_005734	11	313	55	21	308.4	2.1	743.3
pandit_like_011278	11	313	55	21	308.4	2.1	743.3
pandit_like_013781	11	313	55	21	308.4	2.1	743.3
pandit_like_017651	11	313	55	21	308.4	2.1	743.3
pandit_like_015163	10	348	45	19	308.4	1.5	743.2
pandit_like_001874	16	200	120	31	308.4	7.0	742.9
pandit_like_004721	16	200	120	31	308.4	7.0	742.9
pandit_like_005295	16	200	120	31	308.4	7.0	742.9
pandit_like_013043	16	200	120	31	308.4	7.0	742.9
pandit_like_015870	16	200	120	31	308.4	7.0	742.9
pandit_like_001010	5	725	10	9	308.4	0.1	742.8
pandit_like_002498	5	725	10	9	308.4	0.1	742.8
pandit_like_004727	5	725	10	9	308.4	0.1	742.8
pandit_like_004939	5	725	10	9	308.4	0.1	742.8
pandit_like_005686	5	725	10	9	308.4	0.1	742.8
pandit_like_008187	5	725	10	9	308.4	0.1	742.8
pandit_like_013752	5	725	10	9	308.4	0.1	742.8
pandit_like_001016	6	600	15	11	308.4	0.3	742.7
pandit_like_001434	6	600	15	11	308.4	0.3	742.7
pandit_like_006362	6	600	15	11	308.4	0.3	742.7
pandit_like_008707	6	600	15	11	308.4	0.3	742.7
pandit_like_008775	6	600	15	11	308.4	0.3	742.7
pandit_like_014093	6	600	15	11	308.4	0.3	742.7
pandit_like_000565	18	171	153	35	308.4	10.2	742.6
pandit_like_002115	18	171	153	35	308.4	10.2	742.6
pandit_like_017322	18	171	153	35	308.4	10.2	742.6
pandit_like_005549	20	147	190	39	308.4	14.1	742.0
pandit_like_012584	20	147	190	39	308.4	14.1	742.0
pandit_like_001360	26	94	325	51	308.4	32.0	741.5
pandit_like_004980	26	94	325	51	308.4	32.0	741.5
pandit_like_006989	26	94	325	51	308.4	32.0	741.5
pandit_like_017054	26	94	325	51	308.4	32.0	741.5
pandit_like_018307	26	94	325	51	308.4	32.0	741.5
pandit_like_019820	26	94	325	51	308.4	32.0	741.5
pandit_like_003817	17	184	136	33	308.4	8.5	741.2
pandit_like_006238	17	184	136	33	308.4	8.5	741.2
pandit_like_018159	17	184	136	33	308.4	8.5	741.2
pandit_like_006077	16	199	120	31	308.4	7.0	740.9
pandit_like_014160	16	199	120	31	308.4	7.0	740.9
pandit_like_015174	16	199	120	31	308.4	7.0	740.9
pandit_like_016374	16	199	120	31	308.4	7.0	740.9
pandit_like_018404	16	199	120	31	308.4	7.0	740.9
pandit_like_019421	16	199	120	31	308.4	7.0	740.9
pandit_like_000640	11	311	55	21	308.4	2.1	740.7
pandit_like_010488	11	311	55	21	308.4	2.1	740.7
pandit_like_010617	11	311	55	21	308.4	2.1	740.7
pandit_like_014254	11	311	55	21	308.4	2.1	740.7
pandit_like_004645	4	907	6	7	308.4	0.1	740.6
pandit_like_012822	4	907	6	7	308.4	0.1	740.6
pandit_like_013118	4	907	6	7	308.4	0.1	740.6
pandit_like_015630	4	907	6	7	308.4	0.1	740.6
pandit_like_013483	6	597	15	11	308.4	0.3	740.5
pandit_like_015262	6	597	15	11	308.4	0.3	740.5
pandit_like_019269	6	597	15	11	308.4	0.3	740.5
pandit_like_000073	8	440	28	15	308.4	0.7	739.8
pandit_like_004381	8	440	28	15	308.4	0.7	739.8
pandit_like_005906	8	440	28	15	308.4	0.7	739.8
pandit_like_008709	8	440	28	15	308.4	0.7	739.8
pandit_like_011522	8	440	28	15	308.4	0.7	739.8
pandit_like_017227	8	440	28	15	308.4	0.7	739.8
pandit_like_003437	13	256	78	25	308.4	3.6	739.8
pandit_like_014958	13	256	78	25	308.4	3.6	739.8
pandit_like_007069	12	281	66	23	308.4	2.8	739.7
pandit_like_007834	12	281	66	23	308.4	2.8	739.7
pandit_like_011288	12	281	66	23	308.4	2.8	739.7
pandit_like_013915	12	281	66	23	308.4	2.8	739.7
pandit_like_004230	8	439	28	15	308.4	0.7	738.9
pandit_like_011422	8	439	28	15	308.4	0.7	738.9
pandit_like_013426	8	439	28	15	308.4	0.7	738.9
pandit_like_016234	8	439	28	15	308.4	0.7	738.9
pandit_like_000830	13	255	78	25	308.4	3.6	738.2
pandit_like_007218	13	255	78	25	308.4	3.6	738.2
pandit_like_007439	13	255	78	25	308.4	3.6	738.2
pandit_like_013688	13	255	78	25	308.4	3.6	738.2
pandit_like_015618	13	255	78	25	308.4	3.6	738.2
pandit_like_000642	12	279	66	23	308.4	2.8	736.8
pandit_like_003880	12	279	66	23	308.4	2.8	736.8
pandit_like_005334	12	279	66	23	308.4	2.8	736.8
pandit_like_007313	12	279	66	23	308.4	2.8	736.8
pandit_like_014118	12	279	66	23	308.4	2.8	736.8
pandit_like_015273	12	279	66	23	308.4	2.8	736.8
pandit_like_007687	6	590	15	11	308.4	0.3	735.5
pandit_like_007993	6	590	15	11	308.4	0.3	735.5
pandit_like_013371	6	590	15	11	308.4	0.3	735.5
pandit_like_016929	6	590	15	11	308.4	0.3	735.5
pandit_like_003987	11	307	55	21	308.4	2.1	735.3
pandit_like_008906	11	307	55	21	308.4	2.1	735.3
pandit_like_018594	11	307	55	21	308.4	2.1	735.3
pandit_like_008847	26	92	325	51	308.4	32.0	734.9
pandit_like_019272	26	92	325	51	308.4	32.0	734.9
pandit_like_000947	7	501	21	13	308.4	0.5	734.7
pandit_like_003019	7	501	21	13	308.4	0.5	734.7
pandit_like_013674	7	501	21	13	308.4	0.5	734.7
pandit_like_013897	7	501	21	13	308.4	0.5	734.7
pandit_like_014580	7	501	21	13	308.4	0.5	734.7
pandit_like_017761	7	501	21	13	308.4	0.5	734.7
pandit_like_018113	7	501	21	13	308.4	0.5	734.7
pandit_like_008122	30	66	435	59	308.4	49.8	734.3
pandit_like_012025	30	66	435	59	308.4	49.8	734.3
pandit_like_012610	30	66	435	59	308.4	49.8	734.3
pandit_like_016065	30	66	435	59	308.4	49.8	734.3
pandit_like_006360	11	306	55	21	308.4	2.1	734.0
pandit_like_014802	11	306	55	21	308.4	2.1	734.0
pandit_like_015601	11	306	55	21	308.4	2.1	734.0
pandit_like_018619	11	306	55	21	308.4	2.1	734.0
pandit_like_003685	12	277	66	23	308.4	2.8	733.9
pandit_like_005796	12	277	66	23	308.4	2.8	733.9
pandit_like_007806	12	277	66	23	308.4	2.8	733.9
pandit_like_012069	12	277	66	23	308.4	2.8	733.9
pandit_like_013841	12	277	66	23	308.4	2.8	733.9
pandit_like_015766	12	277	66	23	308.4	2.8	733.9
pandit_like_018953	12	277	66	23	308.4	2.8	733.9
pandit_like_006898	15	212	105	29	308.4	5.7	733.8
pandit_like_008418	15	212	105	29	308.4	5.7	733.8
pandit_like_005909	10	339	45	19	308.4	1.5	732.3
pandit_like_007470	10	339	45	19	308.4	1.5	732.3
pandit_like_015335	10	339	45	19	308.4	1.5	732.3
pandit_like_016626	10	339	45	19	308.4	1.5	732.3
pandit_like_019916	10	339	45	19	308.4	1.5	732.3
pandit_like_002658	5	706	10	9	308.4	0.1	731.5
pandit_like_002794	5	706	10	9	308.4	0.1	731.5
pandit_like_006095	5	706	10	9	308.4	0.1	731.5
pandit_like_014074	5	706	10	9	308.4	0.1	731.5
pandit_like_000632	7	497	21	13	308.4	0.5	731.4
pandit_like_003209	7	497	21	13	308.4	0.5	731.4
pandit_like_003260	7	497	21	13	308.4	0.5	731.4
pandit_like_003950	7	497	21	13	308.4	0.5	731.4
pandit_like_006121	7	497	21	13	308.4	0.5	731.4
pandit_like_007127	7	497	21	13	308.4	0.5	731.4
pandit_like_007738	7	497	21	13	308.4	0.5	731.4
pandit_like_013267	7	497	21	13	308.4	0.5	731.4
pandit_like_018207	7	497	21	13	308.4	0.5	731.4
pandit_like_001399	23	114	253	45	308.4	21.9	730.8
pandit_like_004457	23	114	253	45	308.4	21.9	730.8
pandit_like_007140	23	114	253	45	308.4	21.9	730.8
pandit_like_010453	23	114	253	45	308.4	21.9	730.8
pandit_like_011201	23	114	253	45	308.4	21.9	730.8
pandit_like_014054	23	114	253	45	308.4	21.9	730.8
pandit_like_014432	23	114	253	45	308.4	21.9	730.8
pandit_like_016485	23	114	253	45	308.4	21.9	730.8
pandit_like_018023	23	114	253	45	308.4	21.9	730.8
pandit_like_019528	23	114	253	45	308.4	21.9	730.8
pandit_like_007970	8	430	28	15	308.4	0.7	730.2
pandit_like_008251	8	430	28	15	308.4	0.7	730.2
pandit_like_015291	8	430	28	15	308.4	0.7	730.2
pandit_like_019400	8	430	28	15	308.4	0.7	730.2
pandit_like_001848	15	210	105	29	308.4	5.7	730.1
pandit_like_011445	15	210	105	29	308.4	5.7	730.1
pandit_like_014596	15	210	105	29	308.4	5.7	730.1
pandit_like_017496	15	210	105	29	308.4	5.7	730.1
pandit_like_017719	15	210	105	29	308.4	5.7	730.1
pandit_like_003865	20	142	190	39	308.4	14.1	729.6
pandit_like_010691	20	142	190	39	308.4	14.1	729.6
pandit_like_018600	20	142	190	39	308.4	14.1	729.6
pandit_like_019622	20	142	190	39	308.4	14.1	729.6
pandit_like_006036	16	193	120	31	308.4	7.0	729.1
pandit_like_011071	16	193	120	31	308.4	7.0	729.1
pandit_like_014908	16	193	120	31	308.4	7.0	729.1
pandit_like_017037	16	193	120	31	308.4	7.0	729.1
pandit_like_017634	16	193	120	31	308.4	7.0	729.1
pandit_like_001530	6	579	15	11	308.4	0.3	727.6
pandit_like_014287	6	579	15	11	308.4	0.3	727.6
pandit_like_017344	6	579	15	11	308.4	0.3	727.6
pandit_like_018288	6	579	15	11	308.4	0.3	727.6
pandit_like_004177	10	335	45	19	308.4	1.5	727.4
pandit_like_010873	10	335	45	19	308.4	1.5	727.4
pandit_like_000049	8	427	28	15	308.4	0.7	727.3
pandit_like_001883	8	427	28	15	308.4	0.7	727.3
pandit_like_004586	8	427	28	15	308.4	0.7	727.3
pandit_like_006434	8	427	28	15	308.4	0.7	727.3
pandit_like_007404	8	427	28	15	308.4	0.7	727.3
pandit_like_001536	19	152	171	37	308.4	12.0	727.1
pandit_like_000000	17	177	136	33	308.4	8.5	726.5
pandit_like_008525	17	177	136	33	308.4	8.5	726.5
pandit_like_013053	17	177	136	33	308.4	8.5	726.5
pandit_like_013101	17	177	136	33	308.4	8.5	726.5
pandit_like_014248	17	177	136	33	308.4	8.5	726.5
pandit_like_017310	17	177	136	33	308.4	8.5	726.5
pandit_like_003440	8	426	28	15	308.4	0.7	726.4
pandit_like_007553	8	426	28	15	308.4	0.7	726.4
pandit_like_008460	8	426	28	15	308.4	0.7	726.4
pandit_like_009507	8	426	28	15	308.4	0.7	726.4
pandit_like_017713	8	426	28	15	308.4	0.7	726.4
pandit_like_008719	9	375	36	17	308.4	1.1	726.2
pandit_like_011580	9	375	36	17	308.4	1.1	726.2
pandit_like_013342	9	375	36	17	308.4	1.1	726.2
pandit_like_013611	9	375	36	17	308.4	1.1	726.2
pandit_like_005557	11	300	55	21	308.4	2.1	726.0
pandit_like_005673	11	300	55	21	308.4	2.1	726.0
pandit_like_008660	22	121	231	43	308.4	19.0	725.8
pandit_like_010906	22	121	231	43	308.4	19.0	725.8
pandit_like_014864	22	121	231	43	308.4	19.0	725.8
pandit_like_001173	14	226	91	27	308.4	4.6	725.6
pandit_like_001458	14	226	91	27	308.4	4.6	725.6
pandit_like_002880	14	226	91	27	308.4	4.6	725.6
pandit_like_009777	14	226	91	27	308.4	4.6	725.6
pandit_like_012415	14	226	91	27	308.4	4.6	725.6
pandit_like_016010	14	226	91	27	308.4	4.6	725.6
pandit_like_003405	5	696	10	9	308.4	0.1	725.5
pandit_like_005959	5	696	10	9	308.4	0.1	725.5
pandit_like_006317	5	696	10	9	308.4	0.1	725.5
pandit_like_004218	13	247	78	25	308.4	3.6	725.5
pandit_like_006530	13	247	78	25	308.4	3.6	725.5
pandit_like_007309	13	247	78	25	308.4	3.6	725.5
pandit_like_015031	13	247	78	25	308.4	3.6	725.5
pandit_like_016246	13	247	78	25	308.4	3.6	725.5
pandit_like_017041	13	247	78	25	308.4	3.6	725.5
pandit_like_000609	10	333	45	19	308.4	1.5	725.0
pandit_like_002570	10	333	45	19	308.4	1.5	725.0
pandit_like_003787	10	333	45	19	308.4	1.5	725.0
pandit_like_005044	10	333	45	19	308.4	1.5	725.0
pandit_like_010000	10	333	45	19	308.4	1.5	725.0
pandit_like_010511	10	333	45	19	308.4	1.5	725.0
pandit_like_011787	10	333	45	19	308.4	1.5	725.0
pandit_like_011898	10	333	45	19	308.4	1.5	725.0
pandit_like_019759	10	333	45	19	308.4	1.5	725.0
pandit_like_009020	7	489	21	13	308.4	0.5	724.7
pandit_like_015742	7	489	21	13	308.4	0.5	724.7
pandit_like_016654	7	489	21	13	308.4	0.5	724.7
pandit_like_003381	11	299	55	21	308.4	2.1	724.7
pandit_like_010655	11	299	55	21	308.4	2.1	724.7
pandit_like_019327	11	299	55	21	308.4	2.1	724.7
pandit_like_002060	20	140	190	39	308.4	14.1	724.6
pandit_like_002206	20	140	190	39	308.4	14.1	724.6
pandit_like_002261	20	140	190	39	308.4	14.1	724.6
pandit_like_005501	20	140	190	39	308.4	14.1	724.6
pandit_like_005831	20	140	190	39	308.4	14.1	724.6
pandit_like_009140	20	140	190	39	308.4	14.1	724.6
pandit_like_016206	20	140	190	39	308.4	14.1	724.6
pandit_like_009252	7	488	21	13	308.4	0.5	723.8
pandit_like_011047	7	488	21	13	308.4	0.5	723.8
pandit_like_019839	7	488	21	13	308.4	0.5	723.8
pandit_like_000162	11	298	55	21	308.4	2.1	723.3
pandit_like_004183	11	298	55	21	308.4	2.1	723.3
pandit_like_004187	11	298	55	21	308.4	2.1	723.3
pandit_like_007588	11	298	55	21	308.4	2.1	723.3
pandit_like_013696	11	298	55	21	308.4	2.1	723.3
pandit_like_016378	11	298	55	21	308.4	2.1	723.3
pandit_like_019904	11	298	55	21	308.4	2.1	723.3
pandit_like_014512	32	52	496	63	308.4	60.8	723.2
pandit_like_017786	32	52	496	63	308.4	60.8	723.2
pandit_like_019058	32	52	496	63	308.4	60.8	723.2
pandit_like_001326	4	869	6	7	308.4	0.1	722.6
pandit_like_003738	4	869	6	7	308.4	0.1	722.6
pandit_like_005076	4	869	6	7	308.4	0.1	722.6
pandit_like_005920	4	869	6	7	308.4	0.1	722.6
pandit_like_012838	4	869	6	7	308.4	0.1	722.6
pandit_like_016651	4	869	6	7	308.4	0.1	722.6
pandit_like_019513	4	869	6	7	308.4	0.1	722.6
pandit_like_001517	13	245	78	25	308.4	3.6	722.4
pandit_like_004631	13	245	78	25	308.4	3.6	722.4
pandit_like_005672	13	245	78	25	308.4	3.6	722.4
pandit_like_007019	13	245	78	25	308.4	3.6	722.4
pandit_like_000114	7	486	21	13	308.4	0.5	722.2
pandit_like_010990	7	486	21	13	308.4	0.5	722.2
pandit_like_011413	7	486	21	13	308.4	0.5	722.2
pandit_like_014211	7	486	21	13	308.4	0.5	722.2
pandit_like_010467	23	111	253	45	308.4	21.9	722.1
pandit_like_018308	23	111	253	45	308.4	21.9	722.1
pandit_like_018641	23	111	253	45	308.4	21.9	722.1
pandit_like_004109	9	371	36	17	308.4	1.1	721.9
pandit_like_005876	9	371	36	17	308.4	1.1	721.9
pandit_like_016966	9	371	36	17	308.4	1.1	721.9
pandit_like_001887	7	485	21	13	308.4	0.5	721.3
pandit_like_002118	7	485	21	13	308.4	0.5	721.3
pandit_like_004099	7	485	21	13	308.4	0.5	721.3
pandit_like_004599	7	485	21	13	308.4	0.5	721.3
pandit_like_007967	7	485	21	13	308.4	0.5	721.3
pandit_like_008446	7	485	21	13	308.4	0.5	721.3
pandit_like_009864	27	81	351	53	308.4	36.0	721.0
pandit_like_015705	27	81	351	53	308.4	36.0	721.0
pandit_like_016067	27	81	351	53	308.4	36.0	721.0
pandit_like_016324	27	81	351	53	308.4	36.0	721.0
pandit_like_017548	27	81	351	53	308.4	36.0	721.0
pandit_like_018583	27	81	351	53	308.4	36.0	721.0
pandit_like_014100	5	688	10	9	308.4	0.1	720.8
pandit_like_017094	5	688	10	9	308.4	0.1	720.8
pandit_like_000214	9	370	36	17	308.4	1.1	720.8
pandit_like_007710	9	370	36	17	308.4	1.1	720.8
pandit_like_005123	11	296	55	21	308.4	2.1	720.7
pandit_like_006521	11	296	55	21	308.4	2.1	720.7
pandit_like_012320	11	296	55	21	308.4	2.1	720.7
pandit_like_016632	11	296	55	21	308.4	2.1	720.7
pandit_like_013647	14	223	91	27	308.4	4.6	720.4
pandit_like_002633	10	329	45	19	308.4	1.5	720.2
pandit_like_006401	10	329	45	19	308.4	1.5	720.2
pandit_like_009686	10	329	45	19	308.4	1.5	720.2
pandit_like_009881	10	329	45	19	308.4	1.5	720.2
pandit_like_015629	10	329	45	19	308.4	1.5	720.2
pandit_like_002015	21	128	210	41	308.4	16.5	719.6
pandit_like_016836	21	128	210	41	308.4	16.5	719.6
pandit_like_017875	21	128	210	41	308.4	16.5	719.6
pandit_like_001154	29	68	406	57	308.4	44.9	719.5
pandit_like_008971	29	68	406	57	308.4	44.9	719.5
pandit_like_009709	29	68	406	57	308.4	44.9	719.5
pandit_like_005494	5	685	10	9	308.4	0.1	719.0
pandit_like_006233	5	685	10	9	308.4	0.1	719.0
pandit_like_007115	5	685	10	9	308.4	0.1	719.0
pandit_like_012145	5	685	10	9	308.4	0.1	719.0
pandit_like_019205	5	685	10	9	308.4	0.1	719.0
pandit_like_000600	7	482	21	13	308.4	0.5	718.8
pandit_like_001795	7	482	21	13	308.4	0.5	718.8
pandit_like_007880	7	482	21	13	308.4	0.5	718.8
pandit_like_000065	14	222	91	27	308.4	4.6	718.7
pandit_like_004374	14	222	91	27	308.4	4.6	718.7
pandit_like_014328	14	222	91	27	308.4	4.6	718.7
pandit_like_015424	14	222	91	27	308.4	4.6	718.7
pandit_like_017329	14	222	91	27	308.4	4.6	718.7
pandit_like_017453	14	222	91	27	308.4	4.6	718.7
pandit_like_017945	14	222	91	27	308.4	4.6	718.7
pandit_like_000075	18	160	153	35	308.4	10.2	718.1
pandit_like_005267	18	160	153	35	308.4	10.2	718.1
pandit_like_006342	18	160	153	35	308.4	10.2	718.1
pandit_like_009879	18	160	153	35	308.4	10.2	718.1
pandit_like_014574	18	160	153	35	308.4	10.2	718.1
pandit_like_015877	18	160	153	35	308.4	10.2	718.1
pandit_like_001466	11	294	55	21	308.4	2.1	718.0
pandit_like_001700	11	294	55	21	308.4	2.1	718.0
pandit_like_006198	11	294	55	21	308.4	2.1	718.0
pandit_like_015893	11	294	55	21	308.4	2.1	718.0
pandit_like_016046	11	294	55	21	308.4	2.1	718.0
pandit_like_010165	8	417	28	15	308.4	0.7	717.7
pandit_like_013750	8	417	28	15	308.4	0.7	717.7
pandit_like_015095	8	417	28	15	308.4	0.7	717.7
pandit_like_018743	8	417	28	15	308.4	0.7	717.7
pandit_like_003495	19	148	171	37	308.4	12.0	717.6
pandit_like_006101	19	148	171	37	308.4	12.0	717.6
pandit_like_010800	19	148	171	37	308.4	12.0	717.6
pandit_like_000021	27	80	351	53	308.4	36.0	717.6
pandit_like_004796	27	80	351	53	308.4	36.0	717.6
pandit_like_005156	27	80	351	53	308.4	36.0	717.6
pandit_like_007208	27	80	351	53	308.4	36.0	717.6
pandit_like_012092	27	80	351	53	308.4	36.0	717.6
pandit_like_015860	27	80	351	53	308.4	36.0	717.6
pandit_like_017986	27	80	351	53	308.4	36.0	717.6
pandit_like_001520	16	187	120	31	308.4	7.0	717.3
pandit_like_003259	16	187	120	31	308.4	7.0	717.3
pandit_like_010450	16	187	120	31	308.4	7.0	717.3
pandit_like_018902	16	187	120	31	308.4	7.0	717.3
pandit_like_002460	17	172	136	33	308.4	8.5	716.0
pandit_like_007480	17	172	136	33	308.4	8.5	716.0
pandit_like_008968	17	172	136	33	308.4	8.5	716.0
pandit_like_003374	9	365	36	17	308.4	1.1	715.4
pandit_like_003543	9	365	36	17	308.4	1.1	715.4
pandit_like_006172	9	365	36	17	308.4	1.1	715.4
pandit_like_008685	9	365	36	17	308.4	1.1	715.4
pandit_like_009219	9	365	36	17	308.4	1.1	715.4
pandit_like_010350	9	365	36	17	308.4	1.1	715.4
pandit_like_011916	9	365	36	17	308.4	1.1	715.4
pandit_like_013785	9	365	36	17	308.4	1.1	715.4
pandit_like_019530	9	365	36	17	308.4	1.1	715.4
pandit_like_019954	9	365	36	17	308.4	1.1	715.4
pandit_like_003456	14	220	91	27	308.4	4.6	715.3
pandit_like_006030	16	186	120	31	308.4	7.0	715.3
pandit_like_006510	16	186	120	31	308.4	7.0	715.3
pandit_like_011070	16	186	120	31	308.4	7.0	715.3
pandit_like_008963	8	414	28	15	308.4	0.7	714.8
pandit_like_018402	8	414	28	15	308.4	0.7	714.8
pandit_like_000154	13	240	78	25	308.4	3.6	714.4
pandit_like_000568	13	240	78	25	308.4	3.6	714.4
pandit_like_010322	13	240	78	25	308.4	3.6	714.4
pandit_like_011906	13	240	78	25	308.4	3.6	714.4
pandit_like_013922	13	240	78	25	308.4	3.6	714.4
pandit_like_014052	13	240	78	25	308.4	3.6	714.4
pandit_like_018670	13	240	78	25	308.4	3.6	714.4
pandit_like_003039	9	364	36	17	308.4	1.1	714.3
pandit_like_004044	9	364	36	17	308.4	1.1	714.3
pandit_like_007158	9	364	36	17	308.4	1.1	714.3
pandit_like_011497	9	364	36	17	308.4	1.1	714.3
pandit_like_007863	7	476	21	13	308.4	0.5	713.8
pandit_like_010883	24	100	276	47	308.4	25.0	713.3
pandit_like_012485	24	100	276	47	308.4	25.0	713.3
pandit_like_015135	24	100	276	47	308.4	25.0	713.3
pandit_like_018367	24	100	276	47	308.4	25.0	713.3
pandit_like_005659	9	363	36	17	308.4	1.1	713.2
pandit_like_008628	9	363	36	17	308.4	1.1	713.2
pandit_like_017794	9	363	36	17	308.4	1.1	713.2
pandit_like_010775	8	412	28	15	308.4	0.7	712.9
pandit_like_008627	10	323	45	19	308.4	1.5	712.9
pandit_like_009338	10	323	45	19	308.4	1.5	712.9
pandit_like_011885	10	323	45	19	308.4	1.5	712.9
pandit_like_012030	10	323	45	19	308.4	1.5	712.9
pandit_like_013312	20	135	190	39	308.4	14.1	712.2
pandit_like_013683	20	135	190	39	308.4	14.1	712.2
pandit_like_017907	20	135	190	39	308.4	14.1	712.2
pandit_like_003113	28	72	378	55	308.4	40.2	711.9
pandit_like_005006	28	72	378	55	308.4	40.2	711.9
pandit_like_005234	28	72	378	55	308.4	40.2	711.9
pandit_like_014511	28	72	378	55	308.4	40.2	711.9
pandit_like_016822	28	72	378	55	308.4	40.2	711.9
pandit_like_001901	26	85	325	51	308.4	32.0	711.8
pandit_like_008497	26	85	325	51	308.4	32.0	711.8
pandit_like_013659	26	85	325	51	308.4	32.0	711.8
pandit_like_014344	26	85	325	51	308.4	32.0	711.8
pandit_like_015371	26	85	325	51	308.4	32.0	711.8
pandit_like_019844	26	85	325	51	308.4	32.0	711.8
pandit_like_000591	21	125	210	41	308.4	16.5	711.7
pandit_like_002341	21	125	210	41	308.4	16.5	711.7
pandit_like_007853	21	125	210	41	308.4	16.5	711.7
pandit_like_011051	21	125	210	41	308.4	16.5	711.7
pandit_like_014240	21	125	210	41	308.4	16.5	711.7
pandit_like_016155	21	125	210	41	308.4	16.5	711.7
pandit_like_017297	21	125	210	41	308.4	16.5	711.7
pandit_like_002365	11	289	55	21	308.4	2.1	711.3
pandit_like_012018	11	289	55	21	308.4	2.1	711.3
pandit_like_004295	13	238	78	25	308.4	3.6	711.3
pandit_like_000667	19	145	171	37	308.4	12.0	710.5
pandit_like_001406	19	145	171	37	308.4	12.0	710.5
pandit_like_001545	19	145	171	37	308.4	12.0	710.5
pandit_like_003676	19	145	171	37	308.4	12.0	710.5
pandit_like_009218	19	145	171	37	308.4	12.0	710.5
pandit_like_012589	19	145	171	37	308.4	12.0	710.5
pandit_like_015226	19	145	171	37	308.4	12.0	710.5
pandit_like_002441	6	555	15	11	308.4	0.3	710.4
pandit_like_007940	6	555	15	11	308.4	0.3	710.4
pandit_like_009531	6	555	15	11	308.4	0.3	710.4
pandit_like_007885	7	472	21	13	308.4	0.5	710.4
pandit_like_009499	7	472	21	13	308.4	0.5	710.4
pandit_like_011039	7	472	21	13	308.4	0.5	710.4
pandit_like_002106	5	670	10	9	308.4	0.1	710.1
pandit_like_006028	5	670	10	9	308.4	0.1	710.1
pandit_like_014109	5	670	10	9	308.4	0.1	710.1
pandit_like_005866	8	409	28	15	308.4	0.7	710.0
pandit_like_013156	8	409	28	15	308.4	0.7	710.0
pandit_like_000700	15	199	105	29	308.4	5.7	709.8
pandit_like_001105	15	199	105	29	308.4	5.7	709.8
pandit_like_009656	15	199	105	29	308.4	5.7	709.8
pandit_like_019347	15	199	105	29	308.4	5.7	709.8
pandit_like_002586	17	169	136	33	308.4	8.5	709.7
pandit_like_010139	17	169	136	33	308.4	8.5	709.7
pandit_like_000046	25	91	300	49	308.4	28.3	708.5
pandit_like_012781	25	91	300	49	308.4	28.3	708.5
pandit_like_014166	25	91	300	49	308.4	28.3	708.5
pandit_like_015452	25	91	300	49	308.4	28.3	708.5
pandit_like_017769	25	91	300	49	308.4	28.3	708.5
pandit_like_019756	25	91	300	49	308.4	28.3	708.5
pandit_like_006931	9	358	36	17	308.4	1.1	707.8
pandit_like_007556	9	358	36	17	308.4	1.1	707.8
pandit_like_013365	9	358	36	17	308.4	1.1	707.8
pandit_like_013648	9	358	36	17	308.4	1.1	707.8
pandit_like_014626	9	358	36	17	308.4	1.1	707.8
pandit_like_015392	9	358	36	17	308.4	1.1	707.8
pandit_like_018169	9	358	36	17	308.4	1.1	707.8
pandit_like_002074	14	215	91	27	308.4	4.6	706.7
pandit_like_006528	14	215	91	27	308.4	4.6	706.7
pandit_like_013080	14	215	91	27	308.4	4.6	706.7
pandit_like_013667	14	215	91	27	308.4	4.6	706.7
pandit_like_002593	13	235	78	25	308.4	3.6	706.5
pandit_like_011193	13	235	78	25	308.4	3.6	706.5
pandit_like_012486	13	235	78	25	308.4	3.6	706.5
pandit_like_017395	13	235	78	25	308.4	3.6	706.5
pandit_like_001664	25	90	300	49	308.4	28.3	705.4
pandit_like_003782	25	90	300	49	308.4	28.3	705.4
pandit_like_005710	25	90	300	49	308.4	28.3	705.4
pandit_like_008087	25	90	300	49	308.4	28.3	705.4
pandit_like_010687	25	90	300	49	308.4	28.3	705.4
pandit_like_011328	25	90	300	49	308.4	28.3	705.4
pandit_like_014773	25	90	300	49	308.4	28.3	705.4
pandit_like_000444	11	284	55	21	308.4	2.1	704.7
pandit_like_001906	11	284	55	21	308.4	2.1	704.7
pandit_like_005888	11	284	55	21	308.4	2.1	704.7
pandit_like_009645	11	284	55	21	308.4	2.1	704.7
pandit_like_013390	11	284	55	21	308.4	2.1	704.7
pandit_like_001419	7	465	21	13	308.4	0.5	704.6
pandit_like_003910	7	465	21	13	308.4	0.5	704.6
pandit_like_007882	7	465	21	13	308.4	0.5	704.6
pandit_like_017991	7	465	21	13	308.4	0.5	704.6
pandit_like_019309	7	465	21	13	308.4	0.5	704.6
pandit_like_002226	10	316	45	19	308.4	1.5	704.5
pandit_like_011683	10	316	45	19	308.4	1.5	704.5
pandit_like_013825	10	316	45	19	308.4	1.5	704.5
pandit_like_014693	10	316	45	19	308.4	1.5	704.5
pandit_like_007433	22	113	231	43	308.4	19.0	703.8
pandit_like_010415	22	113	231	43	308.4	19.0	703.8
pandit_like_018579	22	113	231	43	308.4	19.0	703.8
pandit_like_003802	30	58	435	59	308.4	49.8	703.6
pandit_like_011356	30	58	435	59	308.4	49.8	703.6
pandit_like_013506	30	58	435	59	308.4	49.8	703.6
pandit_like_017511	30	58	435	59	308.4	49.8	703.6
pandit_like_017906	30	58	435	59	308.4	49.8	703.6
pandit_like_018106	30	58	435	59	308.4	49.8	703.6
pandit_like_001178	9	354	36	17	308.4	1.1	703.5
pandit_like_004594	9	354	36	17	308.4	1.1	703.5
pandit_like_006307	9	354	36	17	308.4	1.1	703.5
pandit_like_009831	9	354	36	17	308.4	1.1	703.5
pandit_like_012555	9	354	36	17	308.4	1.1	703.5
pandit_like_014380	9	354	36	17	308.4	1.1	703.5
pandit_like_017113	9	354	36	17	308.4	1.1	703.5
pandit_like_001063	19	142	171	37	308.4	12.0	703.5
pandit_like_012360	19	142	171	37	308.4	12.0	703.5
pandit_like_015758	19	142	171	37	308.4	12.0	703.5
pandit_like_004030	8	402	28	15	308.4	0.7	703.3
pandit_like_005448	8	402	28	15	308.4	0.7	703.3
pandit_like_011424	8	402	28	15	308.4	0.7	703.3
pandit_like_012721	8	402	28	15	308.4	0.7	703.3
pandit_like_005916	10	315	45	19	308.4	1.5	703.3
pandit_like_006694	10	315	45	19	308.4	1.5	703.3
pandit_like_012136	10	315	45	19	308.4	1.5	703.3
pandit_like_004732	8	401	28	15	308.4	0.7	702.3
pandit_like_006018	8	401	28	15	308.4	0.7	702.3
pandit_like_006517	8	401	28	15	308.4	0.7	702.3
pandit_like_017613	8	401	28	15	308.4	0.7	702.3
pandit_like_002881	23	104	253	45	308.4	21.9	701.9
pandit_like_004572	23	104	253	45	308.4	21.9	701.9
pandit_like_005698	23	104	253	45	308.4	21.9	701.9
pandit_like_008510	23	104	253	45	308.4	21.9	701.9
pandit_like_008889	23	104	253	45	308.4	21.9	701.9
pandit_like_012240	23	104	253	45	308.4	21.9	701.9
pandit_like_016771	23	104	253	45	308.4	21.9	701.9
pandit_like_002025	14	212	91	27	308.4	4.6	701.6
pandit_like_002236	14	212	91	27	308.4	4.6	701.6
pandit_like_004598	14	212	91	27	308.4	4.6	701.6
pandit_like_005279	14	212	91	27	308.4	4.6	701.6
pandit_like_005595	9	352	36	17	308.4	1.1	701.3
pandit_like_009868	9	352	36	17	308.4	1.1	701.3
pandit_like_013872	9	352	36	17	308.4	1.1	701.3
pandit_like_006014	17	165	136	33	308.4	8.5	701.3
pandit_like_006017	17	165	136	33	308.4	8.5	701.3
pandit_like_012430	17	165	136	33	308.4	8.5	701.3
pandit_like_002488	24	96	276	47	308.4	25.0	701.2
pandit_like_006425	24	96	276	47	308.4	25.0	701.2
pandit_like_009238	24	96	276	47	308.4	25.0	701.2
pandit_like_015992	24	96	276	47	308.4	25.0	701.2
pandit_like_017802	24	96	276	47	308.4	25.0	701.2
pandit_like_018052	24	96	276	47	308.4	25.0	701.2
pandit_like_002727	28	69	378	55	308.4	40.2	701.2
pandit_like_003646	28	69	378	55	308.4	40.2	701.2
pandit_like_006701	28	69	378	55	308.4	40.2	701.2
pandit_like_006884	28	69	378	55	308.4	40.2	701.2
pandit_like_007736	28	69	378	55	308.4	40.2	701.2
pandit_like_009388	28	69	378	55	308.4	40.2	701.2
pandit_like_011050	28	69	378	55	308.4	40.2	701.2
pandit_like_018830	28	69	378	55	308.4	40.2	701.2
pandit_like_000787	12	254	66	23	308.4	2.8	700.3
pandit_like_001886	12	254	66	23	308.4	2.8	700.3
pandit_like_004203	12	254	66	23	308.4	2.8	700.3
pandit_like_009970	12	254	66	23	308.4	2.8	700.3
pandit_like_014064	12	254	66	23	308.4	2.8	700.3
pandit_like_016357	12	254	66	23	308.4	2.8	700.3
pandit_like_000780	13	231	78	25	308.4	3.6	700.2
pandit_like_002224	13	231	78	25	308.4	3.6	700.2
pandit_like_003359	13	231	78	25	308.4	3.6	700.2
pandit_like_011678	13	231	78	25	308.4	3.6	700.2
pandit_like_013741	13	231	78	25	308.4	3.6	700.2
pandit_like_009185	10	312	45	19	308.4	1.5	699.7
pandit_like_011105	10	312	45	19	308.4	1.5	699.7
pandit_like_011493	10	312	45	19	308.4	1.5	699.7
pandit_like_014548	10	312	45	19	308.4	1.5	699.7
pandit_like_015436	10	312	45	19	308.4	1.5	699.7
pandit_like_017536	10	312	45	19	308.4	1.5	699.7
pandit_like_019555	10	312	45	19	308.4	1.5	699.7
pandit_like_005276	20	130	190	39	308.4	14.1	699.7
pandit_like_006110	20	130	190	39	308.4	14.1	699.7
pandit_like_006148	20	130	190	39	308.4	14.1	699.7
pandit_like_006862	20	130	190	39	308.4	14.1	699.7
pandit_like_007117	20	130	190	39	308.4	14.1	699.7
pandit_like_013891	20	130	190	39	308.4	14.1	699.7
pandit_like_019558	20	130	190	39	308.4	14.1	699.7
pandit_like_006027	25	88	300	49	308.4	28.3	699.1
pandit_like_006583	25	88	300	49	308.4	28.3	699.1
pandit_like_008605	25	88	300	49	308.4	28.3	699.1
pandit_like_009625	25	88	300	49	308.4	28.3	699.1
pandit_like_012375	25	88	300	49	308.4	28.3	699.1
pandit_like_014747	25	88	300	49	308.4	28.3	699.1
pandit_like_018516	25	88	300	49	308.4	28.3	699.1
pandit_like_002684	12	253	66	23	308.4	2.8	698.9
pandit_like_005599	12	253	66	23	308.4	2.8	698.9
pandit_like_016347	12	253	66	23	308.4	2.8	698.9
pandit_like_018184	12	253	66	23	308.4	2.8	698.9
pandit_like_006032	13	230	78	25	308.4	3.6	698.6
pandit_like_009433	13	230	78	25	308.4	3.6	698.6
pandit_like_013067	13	230	78	25	308.4	3.6	698.6
pandit_like_016914	13	230	78	25	308.4	3.6	698.6
pandit_like_000705	11	279	55	21	308.4	2.1	698.0
pandit_like_003153	11	279	55	21	308.4	2.1	698.0
pandit_like_004964	11	279	55	21	308.4	2.1	698.0
pandit_like_007194	11	279	55	21	308.4	2.1	698.0
pandit_like_008006	11	279	55	21	308.4	2.1	698.0
pandit_like_011077	11	279	55	21	308.4	2.1	698.0
pandit_like_019190	11	279	55	21	308.4	2.1	698.0
pandit_like_019617	11	279	55	21	308.4	2.1	698.0
pandit_like_005426	6	537	15	11	308.4	0.3	697.6
pandit_like_006957	6	537	15	11	308.4	0.3	697.6
pandit_like_001032	16	177	120	31	308.4	7.0	697.6
pandit_like_002347	16	177	120	31	308.4	7.0	697.6
pandit_like_004261	16	177	120	31	308.4	7.0	697.6
pandit_like_004802	16	177	120	31	308.4	7.0	697.6
pandit_like_006059	16	177	120	31	308.4	7.0	697.6
pandit_like_009041	16	177	120	31	308.4	7.0	697.6
pandit_like_010062	16	177	120	31	308.4	7.0	697.6
pandit_like_013606	16	177	120	31	308.4	7.0	697.6
pandit_like_018163	16	177	120	31	308.4	7.0	697.6
pandit_like_000036	15	192	105	29	308.4	5.7	697.0
pandit_like_001080	15	192	105	29	308.4	5.7	697.0
pandit_like_001390	15	192	105	29	308.4	5.7	697.0
pandit_like_001442	15	192	105	29	308.4	5.7	697.0
pandit_like_004165	15	192	105	29	308.4	5.7	697.0
pandit_like_006338	15	192	105	29	308.4	5.7	697.0
pandit_like_009246	15	192	105	29	308.4	5.7	697.0
pandit_like_014420	15	192	105	29	308.4	5.7	697.0
pandit_like_018804	15	192	105	29	308.4	5.7	697.0
pandit_like_019362	15	192	105	29	308.4	5.7	697.0
pandit_like_017435	6	536	15	11	308.4	0.3	696.8
pandit_like_009767	11	278	55	21	308.4	2.1	696.7
pandit_like_015465	11	278	55	21	308.4	2.1	696.7
pandit_like_018652	11	278	55	21	308.4	2.1	696.7
pandit_like_018882	11	278	55	21	308.4	2.1	696.7
pandit_like_001598	14	209	91	27	308.4	4.6	696.5
pandit_like_004039	14	209	91	27	308.4	4.6	696.5
pandit_like_005135	14	209	91	27	308.4	4.6	696.5
pandit_like_007259	14	209	91	27	308.4	4.6	696.5
pandit_like_008490	14	209	91	27	308.4	4.6	696.5
pandit_like_003634	19	139	171	37	308.4	12.0	696.4
pandit_like_016346	19	139	171	37	308.4	12.0	696.4
pandit_like_016618	19	139	171	37	308.4	12.0	696.4
pandit_like_018098	19	139	171	37	308.4	12.0	696.4
pandit_like_007841	30	56	435	59	308.4	49.8	695.9
pandit_like_000814	16	176	120	31	308.4	7.0	695.7
pandit_like_004595	16	176	120	31	308.4	7.0	695.7
pandit_like_007198	16	176	120	31	308.4	7.0	695.7
pandit_like_002408	11	277	55	21	308.4	2.1	695.3
pandit_like_002753	11	277	55	21	308.4	2.1	695.3
pandit_like_005237	11	277	55	21	308.4	2.1	695.3
pandit_like_006504	11	277	55	21	308.4	2.1	695.3
pandit_like_011141	11	277	55	21	308.4	2.1	695.3
pandit_like_012324	11	277	55	21	308.4	2.1	695.3
pandit_like_013405	11	277	55	21	308.4	2.1	695.3
pandit_like_006678	17	162	136	33	308.4	8.5	695.0
pandit_like_012170	17	162	136	33	308.4	8.5	695.0
pandit_like_015022	17	162	136	33	308.4	8.5	695.0
pandit_like_015028	17	162	136	33	308.4	8.5	695.0
pandit_like_019450	17	162	136	33	308.4	8.5	695.0
pandit_like_007342	20	128	190	39	308.4	14.1	694.7
pandit_like_010330	20	128	190	39	308.4	14.1	694.7
pandit_like_014619	20	128	190	39	308.4	14.1	694.7
pandit_like_015659	20	128	190	39	308.4	14.1	694.7
pandit_like_016123	20	128	190	39	308.4	14.1	694.7
pandit_like_017624	20	128	190	39	308.4	14.1	694.7
pandit_like_019017	20	128	190	39	308.4	14.1	694.7
pandit_like_019342	20	128	190	39	308.4	14.1	694.7
pandit_like_000230	11	276	55	21	308.4	2.1	694.0
pandit_like_011824	11	276	55	21	308.4	2.1	694.0
pandit_like_019240	11	276	55	21	308.4	2.1	694.0
pandit_like_019682	11	276	55	21	308.4	2.1	694.0
pandit_like_007176	19	138	171	37	308.4	12.0	694.0
pandit_like_018400	19	138	171	37	308.4	12.0	694.0
pandit_like_018980	19	138	171	37	308.4	12.0	694.0
pandit_like_004272	14	207	91	27	308.4	4.6	693.0
pandit_like_009624	14	207	91	27	308.4	4.6	693.0
pandit_like_010412	14	207	91	27	308.4	4.6	693.0
pandit_like_016707	14	207	91	27	308.4	4.6	693.0
pandit_like_006616	4	806	6	7	308.4	0.1	692.7
pandit_like_010271	4	806	6	7	308.4	0.1	692.7
pandit_like_015467	4	806	6	7	308.4	0.1	692.7
pandit_like_006310	11	275	55	21	308.4	2.1	692.7
pandit_like_007674	11	275	55	21	308.4	2.1	692.7
pandit_like_010262	11	275	55	21	308.4	2.1	692.7
pandit_like_011046	11	275	55	21	308.4	2.1	692.7
pandit_like_012056	11	275	55	21	308.4	2.1	692.7
pandit_like_015801	11	275	55	21	308.4	2.1	692.7
pandit_like_007981	13	226	78	25	308.4	3.6	692.2
pandit_like_008183	13	226	78	25	308.4	3.6	692.2
pandit_like_001149	20	127	190	39	308.4	14.1	692.2
pandit_like_010219	20	127	190	39	308.4	14.1	692.2
pandit_like_013077	20	127	190	39	308.4	14.1	692.2
pandit_like_004746	12	248	66	23	308.4	2.8	691.6
pandit_like_005826	12	248	66	23	308.4	2.8	691.6
pandit_like_015011	12	248	66	23	308.4	2.8	691.6
pandit_like_003840	15	189	105	29	308.4	5.7	691.4
pandit_like_003934	15	189	105	29	308.4	5.7	691.4
pandit_like_005940	15	189	105	29	308.4	5.7	691.4
pandit_like_010084	15	189	105	29	308.4	5.7	691.4
pandit_like_014262	15	189	105	29	308.4	5.7	691.4
pandit_like_017984	15	189	105	29	308.4	5.7	691.4
pandit_like_001767	18	148	153	35	308.4	10.2	691.3
pandit_like_008629	18	148	153	35	308.4	10.2	691.3
pandit_like_008932	18	148	153	35	308.4	10.2	691.3
pandit_like_015245	18	148	153	35	308.4	10.2	691.3
pandit_like_012201	6	528	15	11	308.4	0.3	691.1
pandit_like_006719	21	117	210	41	308.4	16.5	690.7
pandit_like_008501	21	117	210	41	308.4	16.5	690.7
pandit_like_012563	21	117	210	41	308.4	16.5	690.7
pandit_like_017215	21	117	210	41	308.4	16.5	690.7
pandit_like_001033	28	66	378	55	308.4	40.2	690.5
pandit_like_004681	28	66	378	55	308.4	40.2	690.5
pandit_like_012712	28	66	378	55	308.4	40.2	690.5
pandit_like_018213	28	66	378	55	308.4	40.2	690.5
pandit_like_005287	33	39	528	65	308.4	66.8	690.1
pandit_like_007059	33	39	528	65	308.4	66.8	690.1
pandit_like_007915	33	39	528	65	308.4	66.8	690.1
pandit_like_008633	33	39	528	65	308.4	66.8	690.1
pandit_like_010600	33	39	528	65	308.4	66.8	690.1
pandit_like_013313	33	39	528	65	308.4	66.8	690.1
pandit_like_017572	33	39	528	65	308.4	66.8	690.1
pandit_like_000877	10	304	45	19	308.4	1.5	690.0
pandit_like_001048	10	304	45	19	308.4	1.5	690.0
pandit_like_008877	10	304	45	19	308.4	1.5	690.0
pandit_like_014854	10	304	45	19	308.4	1.5	690.0
pandit_like_017813	10	304	45	19	308.4	1.5	690.0
pandit_like_019780	10	304	45	19	308.4	1.5	690.0
pandit_like_003276	14	205	91	27	308.4	4.6	689.6
pandit_like_004863	14	205	91	27	308.4	4.6	689.6
pandit_like_005078	14	205	91	27	308.4	4.6	689.6
pandit_like_011072	14	205	91	27	308.4	4.6	689.6
pandit_like_012314	14	205	91	27	308.4	4.6	689.6
pandit_like_017122	14	205	91	27	308.4	4.6	689.6
pandit_like_018539	14	205	91	27	308.4	4.6	689.6
pandit_like_002353	7	447	21	13	308.4	0.5	689.5
pandit_like_004476	7	447	21	13	308.4	0.5	689.5
pandit_like_012622	7	447	21	13	308.4	0.5	689.5
pandit_like_013413	7	447	21	13	308.4	0.5	689.5
pandit_like_014161	7	447	21	13	308.4	0.5	689.5
pandit_like_008203	31	49	465	61	308.4	55.1	689.5
pandit_like_008944	31	49	465	61	308.4	55.1	689.5
pandit_like_009214	31	49	465	61	308.4	55.1	689.5
pandit_like_003224	13	224	78	25	308.4	3.6	689.1
pandit_like_011978	13	224	78	25	308.4	3.6	689.1
pandit_like_013993	13	224	78	25	308.4	3.6	689.1
pandit_like_018056	13	224	78	25	308.4	3.6	689.1
pandit_like_002310	18	147	153	35	308.4	10.2	689.1
pandit_like_005896	18	147	153	35	308.4	10.2	689.1
pandit_like_018385	18	147	153	35	308.4	10.2	689.1
pandit_like_004736	10	303	45	19	308.4	1.5	688.8
pandit_like_010001	10	303	45	19	308.4	1.5	688.8
pandit_like_015613	10	303	45	19	308.4	1.5	688.8
pandit_like_018293	10	303	45	19	308.4	1.5	688.8
pandit_like_002534	11	272	55	21	308.4	2.1	688.7
pandit_like_002872	11	272	55	21	308.4	2.1	688.7
pandit_like_007551	11	272	55	21	308.4	2.1	688.7
pandit_like_009871	11	272	55	21	308.4	2.1	688.7
pandit_like_012064	11	272	55	21	308.4	2.1	688.7
pandit_like_019702	11	272	55	21	308.4	2.1	688.7
pandit_like_007443	17	159	136	33	308.4	8.5	688.7
pandit_like_014869	17	159	136	33	308.4	8.5	688.7
pandit_like_017718	17	159	136	33	308.4	8.5	688.7
pandit_like_002875	7	446	21	13	308.4	0.5	688.6
pandit_like_004074	7	446	21	13	308.4	0.5	688.6
pandit_like_006485	7	446	21	13	308.4	0.5	688.6
pandit_like_011575	7	446	21	13	308.4	0.5	688.6
pandit_like_016994	7	446	21	13	308.4	0.5	688.6
pandit_like_017166	7	446	21	13	308.4	0.5	688.6
pandit_like_003961	8	386	28	15	308.4	0.7	687.9
pandit_like_009251	8	386	28	15	308.4	0.7	687.9
pandit_like_000034	5	632	10	9	308.4	0.1	687.5
pandit_like_004532	5	632	10	9	308.4	0.1	687.5
pandit_like_012476	5	632	10	9	308.4	0.1	687.5
pandit_like_018448	5	632	10	9	308.4	0.1	687.5
pandit_like_000004	11	271	55	21	308.4	2.1	687.3
pandit_like_002844	11	271	55	21	308.4	2.1	687.3
pandit_like_003084	11	271	55	21	308.4	2.1	687.3
pandit_like_013862	12	245	66	23	308.4	2.8	687.2
pandit_like_013991	12	245	66	23	308.4	2.8	687.2
pandit_like_017295	12	245	66	23	308.4	2.8	687.2
pandit_like_017975	12	245	66	23	308.4	2.8	687.2
pandit_like_000040	22	107	231	43	308.4	19.0	687.2
pandit_like_000136	22	107	231	43	308.4	19.0	687.2
pandit_like_003665	22	107	231	43	308.4	19.0	687.2
pandit_like_009445	22	107	231	43	308.4	19.0	687.2
pandit_like_009735	22	107	231	43	308.4	19.0	687.2
pandit_like_011720	22	107	231	43	308.4	19.0	687.2
pandit_like_015001	22	107	231	43	308.4	19.0	687.2
pandit_like_000461	6	522	15	11	308.4	0.3	686.8
pandit_like_002792	6	522	15	11	308.4	0.3	686.8
pandit_like_010409	6	522	15	11	308.4	0.3	686.8
pandit_like_019177	6	522	15	11	308.4	0.3	686.8
pandit_like_019983	6	522	15	11	308.4	0.3	686.8
pandit_like_012764	4	792	6	7	308.4	0.1	686.0
pandit_like_018161	4	792	6	7	308.4	0.1	686.0
pandit_like_018243	4	792	6	7	308.4	0.1	686.0
pandit_like_000530	15	186	105	29	308.4	5.7	685.9
pandit_like_002480	15	186	105	29	308.4	5.7	685.9
pandit_like_002616	15	186	105	29	308.4	5.7	685.9
pandit_like_002918	15	186	105	29	308.4	5.7	685.9
pandit_like_007089	15	186	105	29	308.4	5.7	685.9
pandit_like_010442	15	186	105	29	308.4	5.7	685.9
pandit_like_010904	15	186	105	29	308.4	5.7	685.9
pandit_like_012004	15	186	105	29	308.4	5.7	685.9
pandit_like_013554	15	186	105	29	308.4	5.7	685.9
pandit_like_014897	15	186	105	29	308.4	5.7	685.9
pandit_like_015286	15	186	105	29	308.4	5.7	685.9
pandit_like_017419	15	186	105	29	308.4	5.7	685.9
pandit_like_001648	18	145	153	35	308.4	10.2	684.6
pandit_like_007145	18	145	153	35	308.4	10.2	684.6
pandit_like_008008	18	145	153	35	308.4	10.2	684.6
pandit_like_017858	18	145	153	35	308.4	10.2	684.6
pandit_like_018799	18	145	153	35	308.4	10.2	684.6
pandit_like_001330	22	106	231	43	308.4	19.0	684.5
pandit_like_004428	22	106	231	43	308.4	19.0	684.5
pandit_like_007202	22	106	231	43	308.4	19.0	684.5
pandit_like_007633	22	106	231	43	308.4	19.0	684.5
pandit_like_011502	22	106	231	43	308.4	19.0	684.5
pandit_like_000778	7	441	21	13	308.4	0.5	684.4
pandit_like_001243	7	441	21	13	308.4	0.5	684.4
pandit_like_003464	7	441	21	13	308.4	0.5	684.4
pandit_like_003669	7	441	21	13	308.4	0.5	684.4
pandit_like_004952	7	441	21	13	308.4	0.5	684.4
pandit_like_005853	7	441	21	13	308.4	0.5	684.4
pandit_like_009948	7	441	21	13	308.4	0.5	684.4
pandit_like_017723	7	441	21	13	308.4	0.5	684.4
pandit_like_002474	12	243	66	23	308.4	2.8	684.3
pandit_like_006117	12	243	66	23	308.4	2.8	684.3
pandit_like_012853	12	243	66	23	308.4	2.8	684.3
pandit_like_013057	12	243	66	23	308.4	2.8	684.3
pandit_like_006023	30	53	435	59	308.4	49.8	684.3
pandit_like_009250	30	53	435	59	308.4	49.8	684.3
pandit_like_013889	30	53	435	59	308.4	49.8	684.3
pandit_like_015874	30	53	435	59	308.4	49.8	684.3
pandit_like_018663	30	53	435	59	308.4	49.8	684.3
pandit_like_000732	8	382	28	15	308.4	0.7	684.1
pandit_like_002581	8	382	28	15	308.4	0.7	684.1
pandit_like_005273	8	382	28	15	308.4	0.7	684.1
pandit_like_011226	8	382	28	15	308.4	0.7	684.1
pandit_like_014517	8	382	28	15	308.4	0.7	684.1
pandit_like_006354	7	440	21	13	308.4	0.5	683.6
pandit_like_007409	7	440	21	13	308.4	0.5	683.6
pandit_like_007592	7	440	21	13	308.4	0.5	683.6
pandit_like_008718	7	440	21	13	308.4	0.5	683.6
pandit_like_014141	7	440	21	13	308.4	0.5	683.6
pandit_like_014238	7	440	21	13	308.4	0.5	683.6
pandit_like_017876	7	440	21	13	308.4	0.5	683.6
pandit_like_018092	7	440	21	13	308.4	0.5	683.6
pandit_like_000773	24	90	276	47	308.4	25.0	683.1
pandit_like_001909	24	90	276	47	308.4	25.0	683.1
pandit_like_006116	21	114	210	41	308.4	16.5	682.9
pandit_like_006178	21	114	210	41	308.4	16.5	682.9
pandit_like_006819	21	114	210	41	308.4	16.5	682.9
pandit_like_007808	21	114	210	41	308.4	16.5	682.9
pandit_like_006852	4	785	6	7	308.4	0.1	682.7
pandit_like_011475	4	785	6	7	308.4	0.1	682.7
pandit_like_015260	4	785	6	7	308.4	0.1	682.7
pandit_like_000782	18	144	153	35	308.4	10.2	682.4
pandit_like_003588	18	144	153	35	308.4	10.2	682.4
pandit_like_007987	18	144	153	35	308.4	10.2	682.4
pandit_like_011648	18	144	153	35	308.4	10.2	682.4
pandit_like_014065	18	144	153	35	308.4	10.2	682.4
pandit_like_014851	18	144	153	35	308.4	10.2	682.4
pandit_like_015999	18	144	153	35	308.4	10.2	682.4
pandit_like_016110	18	144	153	35	308.4	10.2	682.4
pandit_like_016580	18	144	153	35	308.4	10.2	682.4
pandit_like_017216	18	144	153	35	308.4	10.2	682.4
pandit_like_018251	18	144	153	35	308.4	10.2	682.4
pandit_like_002337	20	123	190	39	308.4	14.1	682.3
pandit_like_004254	20	123	190	39	308.4	14.1	682.3
pandit_like_002655	26	76	325	51	308.4	32.0	682.2
pandit_like_003320	26	76	325	51	308.4	32.0	682.2
pandit_like_004635	26	76	325	51	308.4	32.0	682.2
pandit_like_012351	26	76	325	51	308.4	32.0	682.2
pandit_like_016142	26	76	325	51	308.4	32.0	682.2
pandit_like_009519	16	169	120	31	308.4	7.0	681.9
pandit_like_010383	16	169	120	31	308.4	7.0	681.9
pandit_like_011958	16	169	120	31	308.4	7.0	681.9
pandit_like_012247	16	169	120	31	308.4	7.0	681.9
pandit_like_013245	16	169	120	31	308.4	7.0	681.9
pandit_like_013481	16	169	120	31	308.4	7.0	681.9
pandit_like_018613	16	169	120	31	308.4	7.0	681.9
pandit_like_001702	10	297	45	19	308.4	1.5	681.5
pandit_like_004843	10	297	45	19	308.4	1.5	681.5
pandit_like_009282	10	297	45	19	308.4	1.5	681.5
pandit_like_009968	10	297	45	19	308.4	1.5	681.5
pandit_like_017472	10	297	45	19	308.4	1.5	681.5
pandit_like_006029	13	219	78	25	308.4	3.6	681.1
pandit_like_006512	13	219	78	25	308.4	3.6	681.1
pandit_like_010879	13	219	78	25	308.4	3.6	681.1
pandit_like_012930	13	219	78	25	308.4	3.6	681.1
pandit_like_014115	13	219	78	25	308.4	3.6	681.1
pandit_like_016207	13	219	78	25	308.4	3.6	681.1
pandit_like_017385	13	219	78	25	308.4	3.6	681.1
pandit_like_019087	13	219	78	25	308.4	3.6	681.1
pandit_like_001585	11	266	55	21	308.4	2.1	680.7
pandit_like_002752	11	266	55	21	308.4	2.1	680.7
pandit_like_005082	11	266	55	21	308.4	2.1	680.7
pandit_like_008372	11	266	55	21	308.4	2.1	680.7
pandit_like_012717	11	266	55	21	308.4	2.1	680.7
pandit_like_015796	11	266	55	21	308.4	2.1	680.7
pandit_like_018429	11	266	55	21	308.4	2.1	680.7
pandit_like_002976	27	69	351	53	308.4	36.0	679.8
pandit_like_005821	27	69	351	53	308.4	36.0	679.8
pandit_like_008489	27	69	351	53	308.4	36.0	679.8
pandit_like_003307	10	295	45	19	308.4	1.5	679.1
pandit_like_010725	10	295	45	19	308.4	1.5	679.1
pandit_like_014516	10	295	45	19	308.4	1.5	679.1
pandit_like_017114	10	295	45	19	308.4	1.5	679.1
pandit_like_005984	16	167	120	31	308.4	7.0	677.9
pandit_like_007066	16	167	120	31	308.4	7.0	677.9
pandit_like_007546	16	167	120	31	308.4	7.0	677.9
pandit_like_012710	16	167	120	31	308.4	7.0	677.9
pandit_like_013284	16	167	120	31	308.4	7.0	677.9
pandit_like_006886	9	330	36	17	308.4	1.1	677.5
pandit_like_017740	9	330	36	17	308.4	1.1	677.5
pandit_like_018879	9	330	36	17	308.4	1.1	677.5
pandit_like_001335	11	263	55	21	308.4	2.1	676.7
pandit_like_004498	11	263	55	21	308.4	2.1	676.7
pandit_like_006907	11	263	55	21	308.4	2.1	676.7
pandit_like_007786	11	263	55	21	308.4	2.1	676.7
pandit_like_016981	11	263	55	21	308.4	2.1	676.7
pandit_like_018680	11	263	55	21	308.4	2.1	676.7
pandit_like_010024	10	292	45	19	308.4	1.5	675.5
pandit_like_015823	10	292	45	19	308.4	1.5	675.5
pandit_like_017268	10	292	45	19	308.4	1.5	675.5
pandit_like_001069	11	262	55	21	308.4	2.1	675.3
pandit_like_001478	11	262	55	21	308.4	2.1	675.3
pandit_like_006914	11	262	55	21	308.4	2.1	675.3
pandit_like_011347	11	262	55	21	308.4	2.1	675.3
pandit_like_014695	11	262	55	21	308.4	2.1	675.3
pandit_like_004429	15	180	105	29	308.4	5.7	674.9
pandit_like_004525	15	180	105	29	308.4	5.7	674.9
pandit_like_014351	15	180	105	29	308.4	5.7	674.9
pandit_like_001971	5	610	10	9	308.4	0.1	674.4
pandit_like_006412	5	610	10	9	308.4	0.1	674.4
pandit_like_006971	5	610	10	9	308.4	0.1	674.4
pandit_like_007886	5	610	10	9	308.4	0.1	674.4
pandit_like_014458	5	610	10	9	308.4	0.1	674.4
pandit_like_018406	5	610	10	9	308.4	0.1	674.4
pandit_like_002749	12	236	66	23	308.4	2.8	674.1
pandit_like_005625	12	236	66	23	308.4	2.8	674.1
pandit_like_006802	12	236	66	23	308.4	2.8	674.1
pandit_like_007442	12	236	66	23	308.4	2.8	674.1
pandit_like_008565	12	236	66	23	308.4	2.8	674.1
pandit_like_009142	12	236	66	23	308.4	2.8	674.1
pandit_like_013599	12	236	66	23	308.4	2.8	674.1
pandit_like_016861	12	236	66	23	308.4	2.8	674.1
pandit_like_002941	16	165	120	31	308.4	7.0	674.0
pandit_like_006336	16	165	120	31	308.4	7.0	674.0
pandit_like_008137	16	165	120	31	308.4	7.0	674.0
pandit_like_009084	16	165	120	31	308.4	7.0	674.0
pandit_like_010014	16	165	120	31	308.4	7.0	674.0
pandit_like_012248	16	165	120	31	308.4	7.0	674.0
pandit_like_014165	16	165	120	31	308.4	7.0	674.0
pandit_like_014470	16	165	120	31	308.4	7.0	674.0
pandit_like_016256	16	165	120	31	308.4	7.0	674.0
pandit_like_019044	16	165	120	31	308.4	7.0	674.0
pandit_like_002244	7	428	21	13	308.4	0.5	673.5
pandit_like_005355	7	428	21	13	308.4	0.5	673.5
pandit_like_007810	7	428	21	13	308.4	0.5	673.5
pandit_like_012792	7	428	21	13	308.4	0.5	673.5
pandit_like_015301	7	428	21	13	308.4	0.5	673.5
pandit_like_018781	7	428	21	13	308.4	0.5	673.5
pandit_like_011116	8	371	28	15	308.4	0.7	673.5
pandit_like_011779	8	371	28	15	308.4	0.7	673.5
pandit_like_012197	8	371	28	15	308.4	0.7	673.5
pandit_like_012526	8	371	28	15	308.4	0.7	673.5
pandit_like_012578	8	371	28	15	308.4	0.7	673.5
pandit_like_016568	8	371	28	15	308.4	0.7	673.5
pandit_like_019194	8	371	28	15	308.4	0.7	673.5
pandit_like_000715	15	179	105	29	308.4	5.7	673.0
pandit_like_002551	15	179	105	29	308.4	5.7	673.0
pandit_like_006001	15	179	105	29	308.4	5.7	673.0
pandit_like_007352	15	179	105	29	308.4	5.7	673.0
pandit_like_009667	15	179	105	29	308.4	5.7	673.0
pandit_like_009694	15	179	105	29	308.4	5.7	673.0
pandit_like_010777	15	179	105	29	308.4	5.7	673.0
pandit_like_014673	15	179	105	29	308.4	5.7	673.0
pandit_like_016414	15	179	105	29	308.4	5.7	673.0
pandit_like_018892	15	179	105	29	308.4	5.7	673.0
pandit_like_006092	23	94	253	45	308.4	21.9	673.0
pandit_like_011939	23	94	253	45	308.4	21.9	673.0
pandit_like_014701	23	94	253	45	308.4	21.9	673.0
pandit_like_017150	23	94	253	45	308.4	21.9	673.0
pandit_like_019670	23	94	253	45	308.4	21.9	673.0
pandit_like_000425	19	129	171	37	308.4	12.0	672.8
pandit_like_000929	19	129	171	37	308.4	12.0	672.8
pandit_like_003321	19	129	171	37	308.4	12.0	672.8
pandit_like_004618	19	129	171	37	308.4	12.0	672.8
pandit_like_007784	19	129	171	37	308.4	12.0	672.8
pandit_like_014006	19	129	171	37	308.4	12.0	672.8
pandit_like_014220	19	129	171	37	308.4	12.0	672.8
pandit_like_014935	19	129	171	37	308.4	12.0	672.8
pandit_like_016223	19	129	171	37	308.4	12.0	672.8
pandit_like_018715	19	129	171	37	308.4	12.0	672.8
pandit_like_019273	19	129	171	37	308.4	12.0	672.8
pandit_like_003635	11	260	55	21	308.4	2.1	672.7
pandit_like_009110	11	260	55	21	308.4	2.1	672.7
pandit_like_009684	11	260	55	21	308.4	2.1	672.7
pandit_like_012783	11	260	55	21	308.4	2.1	672.7
pandit_like_016050	11	260	55	21	308.4	2.1	672.7
pandit_like_001232	8	370	28	15	308.4	0.7	672.6
pandit_like_001468	8	370	28	15	308.4	0.7	672.6
pandit_like_002054	8	370	28	15	308.4	0.7	672.6
pandit_like_002254	8	370	28	15	308.4	0.7	672.6
pandit_like_002664	8	370	28	15	308.4	0.7	672.6
pandit_like_005351	8	370	28	15	308.4	0.7	672.6
pandit_like_006992	8	370	28	15	308.4	0.7	672.6
pandit_like_008774	8	370	28	15	308.4	0.7	672.6
pandit_like_009258	8	370	28	15	308.4	0.7	672.6
pandit_like_009842	8	370	28	15	308.4	0.7	672.6
pandit_like_010222	8	370	28	15	308.4	0.7	672.6
pandit_like_011222	8	370	28	15	308.4	0.7	672.6
pandit_like_012301	8	370	28	15	308.4	0.7	672.6
pandit_like_016998	8	370	28	15	308.4	0.7	672.6
pandit_like_017300	8	370	28	15	308.4	0.7	672.6
pandit_like_017758	8	370	28	15	308.4	0.7	672.6
pandit_like_019341	8	370	28	15	308.4	0.7	672.6
pandit_like_000728	14	195	91	27	308.4	4.6	672.5
pandit_like_013707	14	195	91	27	308.4	4.6	672.5
pandit_like_014221	14	195	91	27	308.4	4.6	672.5
pandit_like_016409	14	195	91	27	308.4	4.6	672.5
pandit_like_017000	14	195	91	27	308.4	4.6	672.5
pandit_like_018327	14	195	91	27	308.4	4.6	672.5
pandit_like_004900	16	164	120	31	308.4	7.0	672.0
pandit_like_009413	16	164	120	31	308.4	7.0	672.0
pandit_like_019992	16	164	120	31	308.4	7.0	672.0
pandit_like_001850	10	289	45	19	308.4	1.5	671.9
pandit_like_008649	10	289	45	19	308.4	1.5	671.9
pandit_like_018256	10	289	45	19	308.4	1.5	671.9
pandit_like_001090	11	259	55	21	308.4	2.1	671.3
pandit_like_006474	11	259	55	21	308.4	2.1	671.3
pandit_like_011369	11	259	55	21	308.4	2.1	671.3
pandit_like_013955	11	259	55	21	308.4	2.1	671.3
pandit_like_016493	11	259	55	21	308.4	2.1	671.3
pandit_like_019779	11	259	55	21	308.4	2.1	671.3
pandit_like_003058	12	234	66	23	308.4	2.8	671.2
pandit_like_009464	15	178	105	29	308.4	5.7	671.2
pandit_like_012296	15	178	105	29	308.4	5.7	671.2
pandit_like_012556	15	178	105	29	308.4	5.7	671.2
pandit_like_013693	15	178	105	29	308.4	5.7	671.2
pandit_like_012393	9	324	36	17	308.4	1.1	670.9
pandit_like_015010	9	324	36	17	308.4	1.1	670.9
pandit_like_016188	9	324	36	17	308.4	1.1	670.9
pandit_like_002405	14	194	91	27	308.4	4.6	670.8
pandit_like_003227	14	194	91	27	308.4	4.6	670.8
pandit_like_007398	14	194	91	27	308.4	4.6	670.8
pandit_like_015323	14	194	91	27	308.4	4.6	670.8
pandit_like_015907	14	194	91	27	308.4	4.6	670.8
pandit_like_016354	14	194	91	27	308.4	4.6	670.8
pandit_like_017784	14	194	91	27	308.4	4.6	670.8
pandit_like_007698	8	368	28	15	308.4	0.7	670.6
pandit_like_014603	8	368	28	15	308.4	0.7	670.6
pandit_like_018785	8	368	28	15	308.4	0.7	670.6
pandit_like_019800	8	368	28	15	308.4	0.7	670.6
pandit_like_002443	6	499	15	11	308.4	0.3	670.3
pandit_like_003066	6	499	15	11	308.4	0.3	670.3
pandit_like_008712	6	499	15	11	308.4	0.3	670.3
pandit_like_010158	6	499	15	11	308.4	0.3	670.3
pandit_like_010347	6	499	15	11	308.4	0.3	670.3
pandit_like_012520	6	499	15	11	308.4	0.3	670.3
pandit_like_013003	6	499	15	11	308.4	0.3	670.3
pandit_like_014374	6	499	15	11	308.4	0.3	670.3
pandit_like_018519	6	499	15	11	308.4	0.3	670.3
pandit_like_001675	13	212	78	25	308.4	3.6	670.0
pandit_like_004842	13	212	78	25	308.4	3.6	670.0
pandit_like_006111	13	212	78	25	308.4	3.6	670.0
pandit_like_007877	13	212	78	25	308.4	3.6	670.0
pandit_like_019485	13	212	78	25	308.4	3.6	670.0
pandit_like_004817	17	150	136	33	308.4	8.5	669.8
pandit_like_009981	17	150	136	33	308.4	8.5	669.8
pandit_like_013644	17	150	136	33	308.4	8.5	669.8
pandit_like_017598	17	150	136	33	308.4	8.5	669.8
pandit_like_003423	21	109	210	41	308.4	16.5	669.8
pandit_like_004417	21	109	210	41	308.4	16.5	669.8
pandit_like_007517	21	109	210	41	308.4	16.5	669.8
pandit_like_012511	21	109	210	41	308.4	16.5	669.8
pandit_like_012959	21	109	210	41	308.4	16.5	669.8
pandit_like_013409	21	109	210	41	308.4	16.5	669.8
pandit_like_015970	21	109	210	41	308.4	16.5	669.8
pandit_like_000955	6	498	15	11	308.4	0.3	669.6
pandit_like_003134	6	498	15	11	308.4	0.3	669.6
pandit_like_007668	6	498	15	11	308.4	0.3	669.6
pandit_like_008478	15	177	105	29	308.4	5.7	669.4
pandit_like_012731	15	177	105	29	308.4	5.7	669.4
pandit_like_015535	15	177	105	29	308.4	5.7	669.4
pandit_like_010064	18	138	153	35	308.4	10.2	669.1
pandit_like_011073	18	138	153	35	308.4	10.2	669.1
pandit_like_012369	18	138	153	35	308.4	10.2	669.1
pandit_like_012383	18	138	153	35	308.4	10.2	669.1
pandit_like_012759	18	138	153	35	308.4	10.2	669.1
pandit_like_016513	18	138	153	35	308.4	10.2	669.1
pandit_like_018808	18	138	153	35	308.4	10.2	669.1
pandit_like_019102	18	138	153	35	308.4	10.2	669.1
pandit_like_002335	11	257	55	21	308.4	2.1	668.7
pandit_like_009235	11	257	55	21	308.4	2.1	668.7
pandit_like_000845	16	162	120	31	308.4	7.0	668.1
pandit_like_002833	16	162	120	31	308.4	7.0	668.1
pandit_like_003739	16	162	120	31	308.4	7.0	668.1
pandit_like_007847	16	162	120	31	308.4	7.0	668.1
pandit_like_011190	16	162	120	31	308.4	7.0	668.1
pandit_like_012161	16	162	120	31	308.4	7.0	668.1
pandit_like_012682	16	162	120	31	308.4	7.0	668.1
pandit_like_013536	16	162	120	31	308.4	7.0	668.1
pandit_like_015378	16	162	120	31	308.4	7.0	668.1
pandit_like_005330	9	321	36	17	308.4	1.1	667.7
pandit_like_007276	9	321	36	17	308.4	1.1	667.7
pandit_like_010504	9	321	36	17	308.4	1.1	667.7
pandit_like_011120	9	321	36	17	308.4	1.1	667.7
pandit_like_003759	14	192	91	27	308.4	4.6	667.4
pandit_like_006038	14	192	91	27	308.4	4.6	667.4
pandit_like_007262	14	192	91	27	308.4	4.6	667.4
pandit_like_011790	14	192	91	27	308.4	4.6	667.4
pandit_like_012885	14	192	91	27	308.4	4.6	667.4
pandit_like_016636	14	192	91	27	308.4	4.6	667.4
pandit_like_002160	13	210	78	25	308.4	3.6	666.9
pandit_like_005063	13	210	78	25	308.4	3.6	666.9
pandit_like_008702	13	210	78	25	308.4	3.6	666.9
pandit_like_012047	13	210	78	25	308.4	3.6	666.9
pandit_like_012696	13	210	78	25	308.4	3.6	666.9
pandit_like_018050	13	210	78	25	308.4	3.6	666.9
pandit_like_001967	16	161	120	31	308.4	7.0	666.1
pandit_like_004362	16	161	120	31	308.4	7.0	666.1
pandit_like_008022	16	161	120	31	308.4	7.0	666.1
pandit_like_017020	16	161	120	31	308.4	7.0	666.1
pandit_like_019223	16	161	120	31	308.4	7.0	666.1
pandit_like_000396	7	419	21	13	308.4	0.5	666.0
pandit_like_004691	7	419	21	13	308.4	0.5	666.0
pandit_like_007249	7	419	21	13	308.4	0.5	666.0
pandit_like_012508	7	419	21	13	308.4	0.5	666.0
pandit_like_004700	7	418	21	13	308.4	0.5	665.2
pandit_like_013838	7	418	21	13	308.4	0.5	665.2
pandit_like_017549	7	418	21	13	308.4	0.5	665.2
pandit_like_001492	8	362	28	15	308.4	0.7	664.9
pandit_like_003029	8	362	28	15	308.4	0.7	664.9
pandit_like_015210	8	362	28	15	308.4	0.7	664.9
pandit_like_015248	8	362	28	15	308.4	0.7	664.9
pandit_like_015587	8	362	28	15	308.4	0.7	664.9
pandit_like_016421	8	362	28	15	308.4	0.7	664.9
pandit_like_019857	8	362	28	15	308.4	0.7	664.9
pandit_like_006722	11	254	55	21	308.4	2.1	664.7
pandit_like_011137	11	254	55	21	308.4	2.1	664.7
pandit_like_011899	11	254	55	21	308.4	2.1	664.7
pandit_like_019268	11	254	55	21	308.4	2.1	664.7
pandit_like_001798	10	283	45	19	308.4	1.5	664.6
pandit_like_011165	10	283	45	19	308.4	1.5	664.6
pandit_like_002290	4	746	6	7	308.4	0.1	664.2
pandit_like_003143	4	746	6	7	308.4	0.1	664.2
pandit_like_008635	4	746	6	7	308.4	0.1	664.2
pandit_like_018064	4	746	6	7	308.4	0.1	664.2
pandit_like_002401	6	490	15	11	308.4	0.3	663.9
pandit_like_004708	6	490	15	11	308.4	0.3	663.9
pandit_like_005302	6	490	15	11	308.4	0.3	663.9
pandit_like_005596	6	490	15	11	308.4	0.3	663.9
pandit_like_006962	6	490	15	11	308.4	0.3	663.9
pandit_like_011564	6	490	15	11	308.4	0.3	663.9
pandit_like_017313	6	490	15	11	308.4	0.3	663.9
pandit_like_018440	6	490	15	11	308.4	0.3	663.9
pandit_like_019013	6	490	15	11	308.4	0.3	663.9
pandit_like_019167	6	490	15	11	308.4	0.3	663.9
pandit_like_000149	7	416	21	13	308.4	0.5	663.5
pandit_like_001730	7	416	21	13	308.4	0.5	663.5
pandit_like_004317	7	416	21	13	308.4	0.5	663.5
pandit_like_005324	7	416	21	13	308.4	0.5	663.5
pandit_like_008488	7	416	21	13	308.4	0.5	663.5
pandit_like_011509	7	416	21	13	308.4	0.5	663.5
pandit_like_016919	7	416	21	13	308.4	0.5	663.5
pandit_like_018271	7	416	21	13	308.4	0.5	663.5
pandit_like_009614	17	147	136	33	308.4	8.5	663.5
pandit_like_018817	17	147	136	33	308.4	8.5	663.5
pandit_like_019861	17	147	136	33	308.4	8.5	663.5
pandit_like_005023	27	64	351	53	308.4	36.0	662.7
pandit_like_012288	27	64	351	53	308.4	36.0	662.7
pandit_like_014984	27	64	351	53	308.4	36.0	662.7
pandit_like_016111	27	64	351	53	308.4	36.0	662.7
pandit_like_002849	10	281	45	19	308.4	1.5	662.2
pandit_like_014487	10	281	45	19	308.4	1.5	662.2
pandit_like_014501	10	281	45	19	308.4	1.5	662.2
pandit_like_000426	8	359	28	15	308.4	0.7	662.0
pandit_like_001415	8	359	28	15	308.4	0.7	662.0
pandit_like_003225	8	359	28	15	308.4	0.7	662.0
pandit_like_006446	8	359	28	15	308.4	0.7	662.0
pandit_like_007724	8	359	28	15	308.4	0.7	662.0
pandit_like_008345	8	359	28	15	308.4	0.7	662.0
pandit_like_008555	8	359	28	15	308.4	0.7	662.0
pandit_like_009228	8	359	28	15	308.4	0.7	662.0
pandit_like_014069	8	359	28	15	308.4	0.7	662.0
pandit_like_019029	8	359	28	15	308.4	0.7	662.0
pandit_like_001788	6	486	15	11	308.4	0.3	661.0
pandit_like_002615	6	486	15	11	308.4	0.3	661.0
pandit_like_003203	6	486	15	11	308.4	0.3	661.0
pandit_like_003482	6	486	15	11	308.4	0.3	661.0
pandit_like_004275	6	486	15	11	308.4	0.3	661.0
pandit_like_005043	6	486	15	11	308.4	0.3	661.0
pandit_like_008869	6	486	15	11	308.4	0.3	661.0
pandit_like_012447	6	486	15	11	308.4	0.3	661.0
pandit_like_012536	6	486	15	11	308.4	0.3	661.0
pandit_like_012573	6	486	15	11	308.4	0.3	661.0
pandit_like_014598	6	486	15	11	308.4	0.3	661.0
pandit_like_016892	6	486	15	11	308.4	0.3	661.0
pandit_like_003581	12	227	66	23	308.4	2.8	660.9
pandit_like_005797	12	227	66	23	308.4	2.8	660.9
pandit_like_008777	12	227	66	23	308.4	2.8	660.9
pandit_like_010116	12	227	66	23	308.4	2.8	660.9
pandit_like_010349	12	227	66	23	308.4	2.8	660.9
pandit_like_011211	12	227	66	23	308.4	2.8	660.9
pandit_like_018499	12	227	66	23	308.4	2.8	660.9
pandit_like_018793	12	227	66	23	308.4	2.8	660.9
pandit_like_019589	12	227	66	23	308.4	2.8	660.9
pandit_like_019777	12	227	66	23	308.4	2.8	660.9
pandit_like_004000	11	251	55	21	308.4	2.1	660.7
pandit_like_014342	11	251	55	21	308.4	2.1	660.7
pandit_like_000570	7	412	21	13	308.4	0.5	660.1
pandit_like_004363	7	412	21	13	308.4	0.5	660.1
pandit_like_004517	7	412	21	13	308.4	0.5	660.1
pandit_like_002738	18	134	153	35	308.4	10.2	660.1
pandit_like_006069	18	134	153	35	308.4	10.2	660.1
pandit_like_014026	18	134	153	35	308.4	10.2	660.1
pandit_like_018146	18	134	153	35	308.4	10.2	660.1
pandit_like_018388	18	134	153	35	308.4	10.2	660.1
pandit_like_011048	7	411	21	13	308.4	0.5	659.3
pandit_like_011746	7	411	21	13	308.4	0.5	659.3
pandit_like_015848	7	411	21	13	308.4	0.5	659.3
pandit_like_016135	7	411	21	13	308.4	0.5	659.3
pandit_like_016734	7	411	21	13	308.4	0.5	659.3
pandit_like_019449	7	411	21	13	308.4	0.5	659.3
pandit_like_001361	17	145	136	33	308.4	8.5	659.3
pandit_like_006040	17	145	136	33	308.4	8.5	659.3
pandit_like_009542	17	145	136	33	308.4	8.5	659.3
pandit_like_010611	17	145	136	33	308.4	8.5	659.3
pandit_like_014008	17	145	136	33	308.4	8.5	659.3
pandit_like_014270	17	145	136	33	308.4	8.5	659.3
pandit_like_018675	17	145	136	33	308.4	8.5	659.3
pandit_like_005014	8	356	28	15	308.4	0.7	659.1
pandit_like_005649	8	356	28	15	308.4	0.7	659.1
pandit_like_011044	8	356	28	15	308.4	0.7	659.1
pandit_like_015542	8	356	28	15	308.4	0.7	659.1
pandit_like_015892	8	356	28	15	308.4	0.7	659.1
pandit_like_006526	9	313	36	17	308.4	1.1	659.0
pandit_like_016443	9	313	36	17	308.4	1.1	659.0
pandit_like_006669	19	123	171	37	308.4	12.0	658.7
pandit_like_008220	19	123	171	37	308.4	12.0	658.7
pandit_like_016251	19	123	171	37	308.4	12.0	658.7
pandit_like_003594	7	410	21	13	308.4	0.5	658.5
pandit_like_006921	7	410	21	13	308.4	0.5	658.5
pandit_like_007751	7	410	21	13	308.4	0.5	658.5
pandit_like_008222	7	410	21	13	308.4	0.5	658.5
pandit_like_009538	7	410	21	13	308.4	0.5	658.5
pandit_like_010796	7	410	21	13	308.4	0.5	658.5
pandit_like_012076	7	410	21	13	308.4	0.5	658.5
pandit_like_012451	7	410	21	13	308.4	0.5	658.5
pandit_like_019803	7	410	21	13	308.4	0.5	658.5
pandit_like_008840	23	89	253	45	308.4	21.9	658.5
pandit_like_012708	23	89	253	45	308.4	21.9	658.5
pandit_like_012870	23	89	253	45	308.4	21.9	658.5
pandit_like_014354	23	89	253	45	308.4	21.9	658.5
pandit_like_003564	28	57	378	55	308.4	40.2	658.4
pandit_like_014794	28	57	378	55	308.4	40.2	658.4
pandit_like_015433	28	57	378	55	308.4	40.2	658.4
pandit_like_016480	28	57	378	55	308.4	40.2	658.4
pandit_like_016720	28	57	378	55	308.4	40.2	658.4
pandit_like_017929	28	57	378	55	308.4	40.2	658.4
pandit_like_001423	16	157	120	31	308.4	7.0	658.2
pandit_like_007829	16	157	120	31	308.4	7.0	658.2
pandit_like_011441	16	157	120	31	308.4	7.0	658.2
pandit_like_017691	16	157	120	31	308.4	7.0	658.2
pandit_like_002123	25	75	300	49	308.4	28.3	658.0
pandit_like_004890	25	75	300	49	308.4	28.3	658.0
pandit_like_006798	25	75	300	49	308.4	28.3	658.0
pandit_like_009049	25	75	300	49	308.4	28.3	658.0
pandit_like_018869	25	75	300	49	308.4	28.3	658.0
pandit_like_008456	22	96	231	43	308.4	19.0	656.9
pandit_like_017285	22	96	231	43	308.4	19.0	656.9
pandit_like_005396	7	408	21	13	308.4	0.5	656.8
pandit_like_006739	7	408	21	13	308.4	0.5	656.8
pandit_like_013608	7	408	21	13	308.4	0.5	656.8
pandit_like_019985	7	408	21	13	308.4	0.5	656.8
pandit_like_002897	6	480	15	11	308.4	0.3	656.7
pandit_like_003653	6	480	15	11	308.4	0.3	656.7
pandit_like_009053	6	480	15	11	308.4	0.3	656.7
pandit_like_012553	6	480	15	11	308.4	0.3	656.7
pandit_like_016657	6	480	15	11	308.4	0.3	656.7
pandit_like_002345	12	224	66	23	308.4	2.8	656.6
pandit_like_003229	12	224	66	23	308.4	2.8	656.6
pandit_like_006273	12	224	66	23	308.4	2.8	656.6
pandit_like_000655	15	170	105	29	308.4	5.7	656.5
pandit_like_000885	15	170	105	29	308.4	5.7	656.5
pandit_like_001006	15	170	105	29	308.4	5.7	656.5
pandit_like_003211	15	170	105	29	308.4	5.7	656.5
pandit_like_004986	15	170	105	29	308.4	5.7	656.5
pandit_like_008529	15	170	105	29	308.4	5.7	656.5
pandit_like_009122	15	170	105	29	308.4	5.7	656.5
pandit_like_010717	15	170	105	29	308.4	5.7	656.5
pandit_like_014022	15	170	105	29	308.4	5.7	656.5
pandit_like_017676	15	170	105	29	308.4	5.7	656.5
pandit_like_005317	16	156	120	31	308.4	7.0	656.3
pandit_like_018791	16	156	120	31	308.4	7.0	656.3
pandit_like_010994	8	353	28	15	308.4	0.7	656.2
pandit_like_012156	8	353	28	15	308.4	0.7	656.2
pandit_like_012312	8	353	28	15	308.4	0.7	656.2
pandit_like_019977	8	353	28	15	308.4	0.7	656.2
pandit_like_009849	24	81	276	47	308.4	25.0	655.9
pandit_like_010630	24	81	276	47	308.4	25.0	655.9
pandit_like_011102	24	81	276	47	308.4	25.0	655.9
pandit_like_016336	24	81	276	47	308.4	25.0	655.9
pandit_like_018704	24	81	276	47	308.4	25.0	655.9
pandit_like_001827	9	310	36	17	308.4	1.1	655.8
pandit_like_004672	9	310	36	17	308.4	1.1	655.8
pandit_like_006509	9	310	36	17	308.4	1.1	655.8
pandit_like_006551	9	310	36	17	308.4	1.1	655.8
pandit_like_008277	9	310	36	17	308.4	1.1	655.8
pandit_like_008410	9	310	36	17	308.4	1.1	655.8
pandit_like_009149	9	310	36	17	308.4	1.1	655.8
pandit_like_010168	9	310	36	17	308.4	1.1	655.8
pandit_like_015445	9	310	36	17	308.4	1.1	655.8
pandit_like_016391	9	310	36	17	308.4	1.1	655.8
pandit_like_017272	9	310	36	17	308.4	1.1	655.8
pandit_like_019948	9	310	36	17	308.4	1.1	655.8
pandit_like_007331	13	203	78	25	308.4	3.6	655.8
pandit_like_009913	13	203	78	25	308.4	3.6	655.8
pandit_like_016031	13	203	78	25	308.4	3.6	655.8
pandit_like_017599	13	203	78	25	308.4	3.6	655.8
pandit_like_001953	27	62	351	53	308.4	36.0	655.8
pandit_like_001985	27	62	351	53	308.4	36.0	655.8
pandit_like_009269	27	62	351	53	308.4	36.0	655.8
pandit_like_011689	27	62	351	53	308.4	36.0	655.8
pandit_like_013598	27	62	351	53	308.4	36.0	655.8
pandit_like_018316	27	62	351	53	308.4	36.0	655.8
pandit_like_001657	18	132	153	35	308.4	10.2	655.7
pandit_like_005681	18	132	153	35	308.4	10.2	655.7
pandit_like_012470	18	132	153	35	308.4	10.2	655.7
pandit_like_016666	18	132	153	35	308.4	10.2	655.7
pandit_like_016738	18	132	153	35	308.4	10.2	655.7
pandit_like_018149	18	132	153	35	308.4	10.2	655.7
pandit_like_018917	18	132	153	35	308.4	10.2	655.7
pandit_like_006329	17	143	136	33	308.4	8.5	655.1
pandit_like_010640	17	143	136	33	308.4	8.5	655.1
pandit_like_012269	17	143	136	33	308.4	8.5	655.1
pandit_like_006515	20	112	190	39	308.4	14.1	654.9
pandit_like_007011	20	112	190	39	308.4	14.1	654.9
pandit_like_002740	5	577	10	9	308.4	0.1	654.7
pandit_like_003536	5	577	10	9	308.4	0.1	654.7
pandit_like_006737	5	577	10	9	308.4	0.1	654.7
pandit_like_018686	5	577	10	9	308.4	0.1	654.7
pandit_like_004955	16	155	120	31	308.4	7.0	654.3
pandit_like_005095	16	155	120	31	308.4	7.0	654.3
pandit_like_006358	16	155	120	31	308.4	7.0	654.3
pandit_like_008310	16	155	120	31	308.4	7.0	654.3
pandit_like_008362	16	155	120	31	308.4	7.0	654.3
pandit_like_010385	16	155	120	31	308.4	7.0	654.3
pandit_like_015607	16	155	120	31	308.4	7.0	654.3
pandit_like_004533	13	202	78	25	308.4	3.6	654.2
pandit_like_005569	13	202	78	25	308.4	3.6	654.2
pandit_like_007212	13	202	78	25	308.4	3.6	654.2
pandit_like_008803	13	202	78	25	308.4	3.6	654.2
pandit_like_009230	13	202	78	25	308.4	3.6	654.2
pandit_like_009352	13	202	78	25	308.4	3.6	654.2
pandit_like_013139	13	202	78	25	308.4	3.6	654.2
pandit_like_015644	13	202	78	25	308.4	3.6	654.2
pandit_like_018569	13	202	78	25	308.4	3.6	654.2
pandit_like_000276	4	724	6	7	308.4	0.1	653.8
pandit_like_007359	4	724	6	7	308.4	0.1	653.8
pandit_like_010933	4	724	6	7	308.4	0.1	653.8
pandit_like_011374	4	724	6	7	308.4	0.1	653.8
pandit_like_013518	4	724	6	7	308.4	0.1	653.8
pandit_like_014140	4	724	6	7	308.4	0.1	653.8
pandit_like_015454	4	724	6	7	308.4	0.1	653.8
pandit_like_017197	4	724	6	7	308.4	0.1	653.8
pandit_like_000071	12	222	66	23	308.4	2.8	653.7
pandit_like_005930	12	222	66	23	308.4	2.8	653.7
pandit_like_007984	12	222	66	23	308.4	2.8	653.7
pandit_like_012237	12	222	66	23	308.4	2.8	653.7
pandit_like_014708	12	222	66	23	308.4	2.8	653.7
pandit_like_016812	12	222	66	23	308.4	2.8	653.7
pandit_like_017850	12	222	66	23	308.4	2.8	653.7
pandit_like_002410	30	45	435	59	308.4	49.8	653.6
pandit_like_007584	30	45	435	59	308.4	49.8	653.6
pandit_like_014728	30	45	435	59	308.4	49.8	653.6
pandit_like_001714	17	142	136	33	308.4	8.5	653.0
pandit_like_011464	17	142	136	33	308.4	8.5	653.0
pandit_like_013127	17	142	136	33	308.4	8.5	653.0
pandit_like_014765	17	142	136	33	308.4	8.5	653.0
pandit_like_016027	17	142	136	33	308.4	8.5	653.0
pandit_like_004524	24	80	276	47	308.4	25.0	652.9
pandit_like_012666	24	80	276	47	308.4	25.0	652.9
pandit_like_013187	24	80	276	47	308.4	25.0	652.9
pandit_like_017715	24	80	276	47	308.4	25.0	652.9
pandit_like_019952	24	80	276	47	308.4	25.0	652.9
pandit_like_018043	11	245	55	21	308.4	2.1	652.7
pandit_like_019663	11	245	55	21	308.4	2.1	652.7
pandit_like_019752	11	245	55	21	308.4	2.1	652.7
pandit_like_000090	9	307	36	17	308.4	1.1	652.5
pandit_like_005864	9	307	36	17	308.4	1.1	652.5
pandit_like_009136	9	307	36	17	308.4	1.1	652.5
pandit_like_009298	9	307	36	17	308.4	1.1	652.5
pandit_like_012436	9	307	36	17	308.4	1.1	652.5
pandit_like_019277	9	307	36	17	308.4	1.1	652.5
pandit_like_002095	27	61	351	53	308.4	36.0	652.4
pandit_like_008080	27	61	351	53	308.4	36.0	652.4
pandit_like_013114	27	61	351	53	308.4	36.0	652.4
pandit_like_017115	27	61	351	53	308.4	36.0	652.4
pandit_like_018491	27	61	351	53	308.4	36.0	652.4
pandit_like_001734	16	154	120	31	308.4	7.0	652.3
pandit_like_004473	16	154	120	31	308.4	7.0	652.3
pandit_like_007607	16	154	120	31	308.4	7.0	652.3
pandit_like_009753	16	154	120	31	308.4	7.0	652.3
pandit_like_012224	16	154	120	31	308.4	7.0	652.3
pandit_like_000952	14	183	91	27	308.4	4.6	651.9
pandit_like_003558	14	183	91	27	308.4	4.6	651.9
pandit_like_005747	14	183	91	27	308.4	4.6	651.9
pandit_like_013253	14	183	91	27	308.4	4.6	651.9
pandit_like_013631	14	183	91	27	308.4	4.6	651.9
pandit_like_014807	14	183	91	27	308.4	4.6	651.9
pandit_like_015461	14	183	91	27	308.4	4.6	651.9
pandit_like_016317	14	183	91	27	308.4	4.6	651.9
pandit_like_001218	8	348	28	15	308.4	0.7	651.4
pandit_like_004005	8	348	28	15	308.4	0.7	651.4
pandit_like_008292	8	348	28	15	308.4	0.7	651.4
pandit_like_008767	8	348	28	15	308.4	0.7	651.4
pandit_like_015419	8	348	28	15	308.4	0.7	651.4
pandit_like_017445	8	348	28	15	308.4	0.7	651.4
pandit_like_009978	10	272	45	19	308.4	1.5	651.3
pandit_like_012549	10	272	45	19	308.4	1.5	651.3
pandit_like_001531	16	153	120	31	308.4	7.0	650.4
pandit_like_001772	16	153	120	31	308.4	7.0	650.4
pandit_like_007406	16	153	120	31	308.4	7.0	650.4
pandit_like_009457	16	153	120	31	308.4	7.0	650.4
pandit_like_005325	20	110	190	39	308.4	14.1	649.9
pandit_like_015741	20	110	190	39	308.4	14.1	649.9
pandit_like_017503	20	110	190	39	308.4	14.1	649.9
pandit_like_007216	18	129	153	35	308.4	10.2	649.0
pandit_like_008422	18	129	153	35	308.4	10.2	649.0
pandit_like_013552	18	129	153	35	308.4	10.2	649.0
pandit_like_015828	18	129	153	35	308.4	10.2	649.0
pandit_like_016814	18	129	153	35	308.4	10.2	649.0
pandit_like_001603	8	345	28	15	308.4	0.7	648.5
pandit_like_014745	8	345	28	15	308.4	0.7	648.5
pandit_like_016726	8	345	28	15	308.4	0.7	648.5
pandit_like_002070	7	398	21	13	308.4	0.5	648.4
pandit_like_002758	7	398	21	13	308.4	0.5	648.4
pandit_like_006593	7	398	21	13	308.4	0.5	648.4
pandit_like_010854	7	398	21	13	308.4	0.5	648.4
pandit_like_013153	7	398	21	13	308.4	0.5	648.4
pandit_like_019162	7	398	21	13	308.4	0.5	648.4
pandit_like_003088	9	303	36	17	308.4	1.1	648.2
pandit_like_003174	9	303	36	17	308.4	1.1	648.2
pandit_like_007899	9	303	36	17	308.4	1.1	648.2
pandit_like_014017	9	303	36	17	308.4	1.1	648.2
pandit_like_018084	9	303	36	17	308.4	1.1	648.2
pandit_like_018829	9	303	36	17	308.4	1.1	648.2
pandit_like_002517	4	712	6	7	308.4	0.1	648.1
pandit_like_006710	4	712	6	7	308.4	0.1	648.1
pandit_like_006959	4	712	6	7	308.4	0.1	648.1
pandit_like_013141	4	712	6	7	308.4	0.1	648.1
pandit_like_013163	4	712	6	7	308.4	0.1	648.1
pandit_like_015054	4	712	6	7	308.4	0.1	648.1
pandit_like_002970	6	468	15	11	308.4	0.3	648.1
pandit_like_003848	6	468	15	11	308.4	0.3	648.1
pandit_like_005661	6	468	15	11	308.4	0.3	648.1
pandit_like_006576	6	468	15	11	308.4	0.3	648.1
pandit_like_009371	6	468	15	11	308.4	0.3	648.1
pandit_like_009816	6	468	15	11	308.4	0.3	648.1
pandit_like_010569	6	468	15	11	308.4	0.3	648.1
pandit_like_014900	6	468	15	11	308.4	0.3	648.1
pandit_like_017509	6	468	15	11	308.4	0.3	648.1
pandit_like_000883	7	397	21	13	308.4	0.5	647.6
pandit_like_001008	7	397	21	13	308.4	0.5	647.6
pandit_like_004330	7	397	21	13	308.4	0.5	647.6
pandit_like_006836	7	397	21	13	308.4	0.5	647.6
pandit_like_008416	7	397	21	13	308.4	0.5	647.6
pandit_like_011033	7	397	21	13	308.4	0.5	647.6
pandit_like_013799	7	397	21	13	308.4	0.5	647.6
pandit_like_013829	7	397	21	13	308.4	0.5	647.6
pandit_like_014852	7	397	21	13	308.4	0.5	647.6
pandit_like_018746	7	397	21	13	308.4	0.5	647.6
pandit_like_003510	8	344	28	15	308.4	0.7	647.6
pandit_like_004397	8	344	28	15	308.4	0.7	647.6
pandit_like_007134	8	344	28	15	308.4	0.7	647.6
pandit_like_009456	8	344	28	15	308.4	0.7	647.6
pandit_like_011107	8	344	28	15	308.4	0.7	647.6
pandit_like_016326	8	344	28	15	308.4	0.7	647.6
pandit_like_018114	8	344	28	15	308.4	0.7	647.6
pandit_like_003632	11	241	55	21	308.4	2.1	647.3
pandit_like_006386	11	241	55	21	308.4	2.1	647.3
pandit_like_008677	11	241	55	21	308.4	2.1	647.3
pandit_like_011385	11	241	55	21	308.4	2.1	647.3
pandit_like_011985	11	241	55	21	308.4	2.1	647.3
pandit_like_014321	11	241	55	21	308.4	2.1	647.3
pandit_like_006124	19	118	171	37	308.4	12.0	646.9
pandit_like_009066	19	118	171	37	308.4	12.0	646.9
pandit_like_012794	19	118	171	37	308.4	12.0	646.9
pandit_like_018923	19	118	171	37	308.4	12.0	646.9
pandit_like_008399	17	139	136	33	308.4	8.5	646.8
pandit_like_013560	17	139	136	33	308.4	8.5	646.8
pandit_like_016381	17	139	136	33	308.4	8.5	646.8
pandit_like_017674	17	139	136	33	308.4	8.5	646.8
pandit_like_019871	17	139	136	33	308.4	8.5	646.8
pandit_like_000822	24	78	276	47	308.4	25.0	646.8
pandit_like_002854	24	78	276	47	308.4	25.0	646.8
pandit_like_003576	24	78	276	47	308.4	25.0	646.8
pandit_like_016071	24	78	276	47	308.4	25.0	646.8
pandit_like_007827	8	343	28	15	308.4	0.7	646.6
pandit_like_014986	8	343	28	15	308.4	0.7	646.6
pandit_like_017151	8	343	28	15	308.4	0.7	646.6
pandit_like_019636	8	343	28	15	308.4	0.7	646.6
pandit_like_019878	8	343	28	15	308.4	0.7	646.6
pandit_like_002583	6	465	15	11	308.4	0.3	646.0
pandit_like_005348	6	465	15	11	308.4	0.3	646.0
pandit_like_006805	6	465	15	11	308.4	0.3	646.0
pandit_like_019884	6	465	15	11	308.4	0.3	646.0
pandit_like_005488	10	267	45	19	308.4	1.5	645.3
pandit_like_005814	10	267	45	19	308.4	1.5	645.3
pandit_like_012960	10	267	45	19	308.4	1.5	645.3
pandit_like_014189	10	267	45	19	308.4	1.5	645.3
pandit_like_004693	4	706	6	7	308.4	0.1	645.2
pandit_like_004812	4	706	6	7	308.4	0.1	645.2
pandit_like_011675	4	706	6	7	308.4	0.1	645.2
pandit_like_017629	4	706	6	7	308.4	0.1	645.2
pandit_like_006763	12	216	66	23	308.4	2.8	644.9
pandit_like_009807	12	216	66	23	308.4	2.8	644.9
pandit_like_001379	5	559	10	9	308.4	0.1	644.0
pandit_like_003596	5	559	10	9	308.4	0.1	644.0
pandit_like_003928	5	559	10	9	308.4	0.1	644.0
pandit_like_008097	5	559	10	9	308.4	0.1	644.0
pandit_like_016593	5	559	10	9	308.4	0.1	644.0
pandit_like_016933	5	559	10	9	308.4	0.1	644.0
pandit_like_017832	5	559	10	9	308.4	0.1	644.0
pandit_like_001249	14	178	91	27	308.4	4.6	643.4
pandit_like_002188	14	178	91	27	308.4	4.6	643.4
pandit_like_004488	14	178	91	27	308.4	4.6	643.4
pandit_like_012972	14	178	91	27	308.4	4.6	643.4
pandit_like_014304	14	178	91	27	308.4	4.6	643.4
pandit_like_015925	14	178	91	27	308.4	4.6	643.4
pandit_like_017748	14	178	91	27	308.4	4.6	643.4
pandit_like_001516	11	238	55	21	308.4	2.1	643.3
pandit_like_005950	11	238	55	21	308.4	2.1	643.3
pandit_like_008584	11	238	55	21	308.4	2.1	643.3
pandit_like_009559	11	238	55	21	308.4	2.1	643.3
pandit_like_011287	11	238	55	21	308.4	2.1	643.3
pandit_like_011371	11	238	55	21	308.4	2.1	643.3
pandit_like_014955	11	238	55	21	308.4	2.1	643.3
pandit_like_001978	6	461	15	11	308.4	0.3	643.1
pandit_like_003071	6	461	15	11	308.4	0.3	643.1
pandit_like_004544	6	461	15	11	308.4	0.3	643.1
pandit_like_006926	6	461	15	11	308.4	0.3	643.1
pandit_like_014465	6	461	15	11	308.4	0.3	643.1
pandit_like_000922	9	298	36	17	308.4	1.1	642.8
pandit_like_003296	9	298	36	17	308.4	1.1	642.8
pandit_like_007893	9	298	36	17	308.4	1.1	642.8
pandit_like_001751	12	214	66	23	308.4	2.8	642.0
pandit_like_002507	12	214	66	23	308.4	2.8	642.0
pandit_like_015637	12	214	66	23	308.4	2.8	642.0
pandit_like_018248	12	214	66	23	308.4	2.8	642.0
pandit_like_019929	12	214	66	23	308.4	2.8	642.0
pandit_like_006880	30	42	435	59	308.4	49.8	642.0
pandit_like_011917	30	42	435	59	308.4	49.8	642.0
pandit_like_012088	30	42	435	59	308.4	49.8	642.0
pandit_like_018139	30	42	435	59	308.4	49.8	642.0
pandit_like_000346	8	338	28	15	308.4	0.7	641.8
pandit_like_001510	8	338	28	15	308.4	0.7	641.8
pandit_like_007147	8	338	28	15	308.4	0.7	641.8
pandit_like_009536	8	338	28	15	308.4	0.7	641.8
pandit_like_010246	8	338	28	15	308.4	0.7	641.8
pandit_like_010250	8	338	28	15	308.4	0.7	641.8
pandit_like_013364	8	338	28	15	308.4	0.7	641.8
pandit_like_015197	8	338	28	15	308.4	0.7	641.8
pandit_like_016773	8	338	28	15	308.4	0.7	641.8
pandit_like_003619	10	264	45	19	308.4	1.5	641.6
pandit_like_008976	10	264	45	19	308.4	1.5	641.6
pandit_like_011747	10	264	45	19	308.4	1.5	641.6
pandit_like_012830	10	264	45	19	308.4	1.5	641.6
pandit_like_013986	10	264	45	19	308.4	1.5	641.6
pandit_like_018922	10	264	45	19	308.4	1.5	641.6
pandit_like_006560	6	458	15	11	308.4	0.3	641.0
pandit_like_011355	6	458	15	11	308.4	0.3	641.0
pandit_like_018289	6	458	15	11	308.4	0.3	641.0
pandit_like_019819	6	458	15	11	308.4	0.3	641.0
pandit_like_003768	7	389	21	13	308.4	0.5	640.9
pandit_like_004248	7	389	21	13	308.4	0.5	640.9
pandit_like_005084	7	389	21	13	308.4	0.5	640.9
pandit_like_018331	7	389	21	13	308.4	0.5	640.9
pandit_like_000959	11	236	55	21	308.4	2.1	640.7
pandit_like_000971	11	236	55	21	308.4	2.1	640.7
pandit_like_002993	11	236	55	21	308.4	2.1	640.7
pandit_like_003785	11	236	55	21	308.4	2.1	640.7
pandit_like_005941	11	236	55	21	308.4	2.1	640.7
pandit_like_007872	11	236	55	21	308.4	2.1	640.7
pandit_like_015501	11	236	55	21	308.4	2.1	640.7
pandit_like_003965	12	213	66	23	308.4	2.8	640.5
pandit_like_006996	12	213	66	23	308.4	2.8	640.5
pandit_like_007224	12	213	66	23	308.4	2.8	640.5
pandit_like_009517	12	213	66	23	308.4	2.8	640.5
pandit_like_010127	12	213	66	23	308.4	2.8	640.5
pandit_like_014326	12	213	66	23	308.4	2.8	640.5
pandit_like_017589	12	213	66	23	308.4	2.8	640.5
pandit_like_000957	17	136	136	33	308.4	8.5	640.5
pandit_like_008941	17	136	136	33	308.4	8.5	640.5
pandit_like_003801	10	263	45	19	308.4	1.5	640.4
pandit_like_004485	10	263	45	19	308.4	1.5	640.4
pandit_like_005367	10	263	45	19	308.4	1.5	640.4
pandit_like_009581	10	263	45	19	308.4	1.5	640.4
pandit_like_011542	10	263	45	19	308.4	1.5	640.4
pandit_like_015340	10	263	45	19	308.4	1.5	640.4
pandit_like_016662	10	263	45	19	308.4	1.5	640.4
pandit_like_000463	7	388	21	13	308.4	0.5	640.0
pandit_like_001051	7	388	21	13	308.4	0.5	640.0
pandit_like_002598	7	388	21	13	308.4	0.5	640.0
pandit_like_005683	7	388	21	13	308.4	0.5	640.0
pandit_like_011286	7	388	21	13	308.4	0.5	640.0
pandit_like_002780	14	176	91	27	308.4	4.6	640.0
pandit_like_006157	14	176	91	27	308.4	4.6	640.0
pandit_like_002061	13	193	78	25	308.4	3.6	639.9
pandit_like_004781	13	193	78	25	308.4	3.6	639.9
pandit_like_010348	13	193	78	25	308.4	3.6	639.9
pandit_like_014253	13	193	78	25	308.4	3.6	639.9
pandit_like_014724	13	193	78	25	308.4	3.6	639.9
pandit_like_015850	13	193	78	25	308.4	3.6	639.9
pandit_like_002837	5	549	10	9	308.4	0.1	638.1
pandit_like_004036	5	549	10	9	308.4	0.1	638.1
pandit_like_004465	5	549	10	9	308.4	0.1	638.1
pandit_like_004934	5	549	10	9	308.4	0.1	638.1
pandit_like_004940	5	549	10	9	308.4	0.1	638.1
pandit_like_008358	5	549	10	9	308.4	0.1	638.1
pandit_like_014163	5	549	10	9	308.4	0.1	638.1
pandit_like_015591	6	454	15	11	308.4	0.3	638.1
pandit_like_018517	6	454	15	11	308.4	0.3	638.1
pandit_like_018977	6	454	15	11	308.4	0.3	638.1
pandit_like_002775	8	334	28	15	308.4	0.7	638.0
pandit_like_004668	8	334	28	15	308.4	0.7	638.0
pandit_like_006584	8	334	28	15	308.4	0.7	638.0
pandit_like_009064	8	334	28	15	308.4	0.7	638.0
pandit_like_010907	8	334	28	15	308.4	0.7	638.0
pandit_like_012652	8	334	28	15	308.4	0.7	638.0
pandit_like_014478	8	334	28	15	308.4	0.7	638.0
pandit_like_015623	8	334	28	15	308.4	0.7	638.0
pandit_like_018819	8	334	28	15	308.4	0.7	638.0
pandit_like_018960	8	334	28	15	308.4	0.7	638.0
pandit_like_001716	24	75	276	47	308.4	25.0	637.7
pandit_like_017605	24	75	276	47	308.4	25.0	637.7
pandit_like_019244	24	75	276	47	308.4	25.0	637.7
pandit_like_009795	12	211	66	23	308.4	2.8	637.6
pandit_like_012326	12	211	66	23	308.4	2.8	637.6
pandit_like_017460	12	211	66	23	308.4	2.8	637.6
pandit_like_018435	12	211	66	23	308.4	2.8	637.6
pandit_like_000045	22	89	231	43	308.4	19.0	637.6
pandit_like_000245	22	89	231	43	308.4	19.0	637.6
pandit_like_003590	22	89	231	43	308.4	19.0	637.6
pandit_like_003705	22	89	231	43	308.4	19.0	637.6
pandit_like_005788	22	89	231	43	308.4	19.0	637.6
pandit_like_007407	22	89	231	43	308.4	19.0	637.6
pandit_like_009300	22	89	231	43	308.4	19.0	637.6
pandit_like_010573	22	89	231	43	308.4	19.0	637.6
pandit_like_011594	22	89	231	43	308.4	19.0	637.6
pandit_like_013500	22	89	231	43	308.4	19.0	637.6
pandit_like_014651	22	89	231	43	308.4	19.0	637.6
pandit_like_014720	22	89	231	43	308.4	19.0	637.6
pandit_like_015206	22	89	231	43	308.4	19.0	637.6
pandit_like_016074	22	89	231	43	308.4	19.0	637.6
pandit_like_016255	22	89	231	43	308.4	19.0	637.6
pandit_like_016904	22	89	231	43	308.4	19.0	637.6
pandit_like_000024	20	105	190	39	308.4	14.1	637.4
pandit_like_006289	20	105	190	39	308.4	14.1	637.4
pandit_like_007174	20	105	190	39	308.4	14.1	637.4
pandit_like_008527	20	105	190	39	308.4	14.1	637.4
pandit_like_017119	20	105	190	39	308.4	14.1	637.4
pandit_like_019754	20	105	190	39	308.4	14.1	637.4
pandit_like_002105	4	689	6	7	308.4	0.1	637.2
pandit_like_002221	4	689	6	7	308.4	0.1	637.2
pandit_like_002732	4	689	6	7	308.4	0.1	637.2
pandit_like_010803	4	689	6	7	308.4	0.1	637.2
pandit_like_000622	8	333	28	15	308.4	0.7	637.0
pandit_like_019119	8	333	28	15	308.4	0.7	637.0
pandit_like_019399	8	333	28	15	308.4	0.7	637.0
pandit_like_019650	8	333	28	15	308.4	0.7	637.0
pandit_like_010004	5	547	10	9	308.4	0.1	636.9
pandit_like_011250	5	547	10	9	308.4	0.1	636.9
pandit_like_001129	11	233	55	21	308.4	2.1	636.7
pandit_like_008145	11	233	55	21	308.4	2.1	636.7
pandit_like_012776	11	233	55	21	308.4	2.1	636.7
pandit_like_013916	11	233	55	21	308.4	2.1	636.7
pandit_like_017595	11	233	55	21	308.4	2.1	636.7
pandit_like_006478	13	191	78	25	308.4	3.6	636.7
pandit_like_008195	13	191	78	25	308.4	3.6	636.7
pandit_like_008988	13	191	78	25	308.4	3.6	636.7
pandit_like_003471	15	159	105	29	308.4	5.7	636.2
pandit_like_011848	15	159	105	29	308.4	5.7	636.2
pandit_like_002614	12	210	66	23	308.4	2.8	636.1
pandit_like_010287	12	210	66	23	308.4	2.8	636.1
pandit_like_011786	12	210	66	23	308.4	2.8	636.1
pandit_like_015762	12	210	66	23	308.4	2.8	636.1
pandit_like_013703	11	232	55	21	308.4	2.1	635.3
pandit_like_015707	11	232	55	21	308.4	2.1	635.3
pandit_like_019503	11	232	55	21	308.4	2.1	635.3
pandit_like_000006	13	190	78	25	308.4	3.6	635.2
pandit_like_002686	13	190	78	25	308.4	3.6	635.2
pandit_like_003790	13	190	78	25	308.4	3.6	635.2
pandit_like_005377	13	190	78	25	308.4	3.6	635.2
pandit_like_006291	13	190	78	25	308.4	3.6	635.2
pandit_like_006325	13	190	78	25	308.4	3.6	635.2
pandit_like_011091	13	190	78	25	308.4	3.6	635.2
pandit_like_011788	13	190	78	25	308.4	3.6	635.2
pandit_like_015747	13	190	78	25	308.4	3.6	635.2
pandit_like_015949	13	190	78	25	308.4	3.6	635.2
pandit_like_017137	13	190	78	25	308.4	3.6	635.2
pandit_like_019981	13	190	78	25	308.4	3.6	635.2
pandit_like_004435	8	331	28	15	308.4	0.7	635.1
pandit_like_005422	8	331	28	15	308.4	0.7	635.1
pandit_like_006733	8	331	28	15	308.4	0.7	635.1
pandit_like_010514	8	331	28	15	308.4	0.7	635.1
pandit_like_011176	8	331	28	15	308.4	0.7	635.1
pandit_like_011732	8	331	28	15	308.4	0.7	635.1
pandit_like_015256	8	331	28	15	308.4	0.7	635.1
pandit_like_019991	8	331	28	15	308.4	0.7	635.1
pandit_like_001005	19	113	171	37	308.4	12.0	635.1
pandit_like_004342	19	113	171	37	308.4	12.0	635.1
pandit_like_009293	19	113	171	37	308.4	12.0	635.1
pandit_like_012074	19	113	171	37	308.4	12.0	635.1
pandit_like_014666	19	113	171	37	308.4	12.0	635.1
pandit_like_015049	19	113	171	37	308.4	12.0	635.1
pandit_like_015590	19	113	171	37	308.4	12.0	635.1
pandit_like_001580	7	382	21	13	308.4	0.5	635.0
pandit_like_009867	7	382	21	13	308.4	0.5	635.0
pandit_like_016708	7	382	21	13	308.4	0.5	635.0
pandit_like_004232	24	74	276	47	308.4	25.0	634.7
pandit_like_010998	24	74	276	47	308.4	25.0	634.7
pandit_like_012679	24	74	276	47	308.4	25.0	634.7
pandit_like_013300	24	74	276	47	308.4	25.0	634.7
pandit_like_017264	24	74	276	47	308.4	25.0	634.7
pandit_like_016048	5	543	10	9	308.4	0.1	634.5
pandit_like_017995	5	543	10	9	308.4	0.1	634.5
pandit_like_018031	5	543	10	9	308.4	0.1	634.5
pandit_like_019306	5	543	10	9	308.4	0.1	634.5
pandit_like_019463	5	543	10	9	308.4	0.1	634.5
pandit_like_019625	5	543	10	9	308.4	0.1	634.5
pandit_like_018346	7	381	21	13	308.4	0.5	634.2
pandit_like_001859	6	448	15	11	308.4	0.3	633.8
pandit_like_011767	6	448	15	11	308.4	0.3	633.8
pandit_like_013096	6	448	15	11	308.4	0.3	633.8
pandit_like_016768	6	448	15	11	308.4	0.3	633.8
pandit_like_006200	18	122	153	35	308.4	10.2	633.4
pandit_like_007368	18	122	153	35	308.4	10.2	633.4
pandit_like_013237	18	122	153	35	308.4	10.2	633.4
pandit_like_014082	18	122	153	35	308.4	10.2	633.4
pandit_like_016343	18	122	153	35	308.4	10.2	633.4
pandit_like_006237	8	329	28	15	308.4	0.7	633.2
pandit_like_011532	8	329	28	15	308.4	0.7	633.2
pandit_like_012397	8	329	28	15	308.4	0.7	633.2
pandit_like_012400	8	329	28	15	308.4	0.7	633.2
pandit_like_002496	9	289	36	17	308.4	1.1	633.0
pandit_like_002606	9	289	36	17	308.4	1.1	633.0
pandit_like_003358	9	289	36	17	308.4	1.1	633.0
pandit_like_005388	9	289	36	17	308.4	1.1	633.0
pandit_like_008513	9	289	36	17	308.4	1.1	633.0
pandit_like_013137	9	289	36	17	308.4	1.1	633.0
pandit_like_014706	9	289	36	17	308.4	1.1	633.0
pandit_like_019349	9	289	36	17	308.4	1.1	633.0
pandit_like_000008	4	680	6	7	308.4	0.1	632.9
pandit_like_000199	4	680	6	7	308.4	0.1	632.9
pandit_like_007080	4	680	6	7	308.4	0.1	632.9
pandit_like_013930	4	680	6	7	308.4	0.1	632.9
pandit_like_015955	4	680	6	7	308.4	0.1	632.9
pandit_like_016302	4	680	6	7	308.4	0.1	632.9
pandit_like_019549	4	680	6	7	308.4	0.1	632.9
pandit_like_005024	11	230	55	21	308.4	2.1	632.7
pandit_like_006621	11	230	55	21	308.4	2.1	632.7
pandit_like_001587	23	80	253	45	308.4	21.9	632.5
pandit_like_018093	23	80	253	45	308.4	21.9	632.5
pandit_like_018095	23	80	253	45	308.4	21.9	632.5
pandit_like_007094	13	188	78	25	308.4	3.6	632.0
pandit_like_008849	13	188	78	25	308.4	3.6	632.0
pandit_like_008991	13	188	78	25	308.4	3.6	632.0
pandit_like_014222	13	188	78	25	308.4	3.6	632.0
pandit_like_014537	13	188	78	25	308.4	3.6	632.0
pandit_like_016891	13	188	78	25	308.4	3.6	632.0
pandit_like_001111	9	288	36	17	308.4	1.1	631.9
pandit_like_002330	9	288	36	17	308.4	1.1	631.9
pandit_like_005195	9	288	36	17	308.4	1.1	631.9
pandit_like_009772	9	288	36	17	308.4	1.1	631.9
pandit_like_012196	9	288	36	17	308.4	1.1	631.9
pandit_like_012825	9	288	36	17	308.4	1.1	631.9
pandit_like_017100	9	288	36	17	308.4	1.1	631.9
pandit_like_000779	8	327	28	15	308.4	0.7	631.2
pandit_like_002260	8	327	28	15	308.4	0.7	631.2
pandit_like_002712	8	327	28	15	308.4	0.7	631.2
pandit_like_005278	8	327	28	15	308.4	0.7	631.2
pandit_like_006484	8	327	28	15	308.4	0.7	631.2
pandit_like_009426	8	327	28	15	308.4	0.7	631.2
pandit_like_012818	8	327	28	15	308.4	0.7	631.2
pandit_like_014467	8	327	28	15	308.4	0.7	631.2
pandit_like_017399	8	327	28	15	308.4	0.7	631.2
pandit_like_007382	7	377	21	13	308.4	0.5	630.8
pandit_like_009972	7	377	21	13	308.4	0.5	630.8
pandit_like_010591	7	377	21	13	308.4	0.5	630.8
pandit_like_015478	7	377	21	13	308.4	0.5	630.8
pandit_like_004364	15	156	105	29	308.4	5.7	630.7
pandit_like_008592	15	156	105	29	308.4	5.7	630.7
pandit_like_008666	15	156	105	29	308.4	5.7	630.7
pandit_like_012650	15	156	105	29	308.4	5.7	630.7
pandit_like_018190	15	156	105	29	308.4	5.7	630.7
pandit_like_003957	5	536	10	9	308.4	0.1	630.3
pandit_like_004733	5	536	10	9	308.4	0.1	630.3
pandit_like_004847	5	536	10	9	308.4	0.1	630.3
pandit_like_015229	5	536	10	9	308.4	0.1	630.3
pandit_like_017190	5	536	10	9	308.4	0.1	630.3
pandit_like_002933	12	206	66	23	308.4	2.8	630.3
pandit_like_006547	12	206	66	23	308.4	2.8	630.3
pandit_like_012865	12	206	66	23	308.4	2.8	630.3
pandit_like_014339	12	206	66	23	308.4	2.8	630.3
pandit_like_015426	12	206	66	23	308.4	2.8	630.3
pandit_like_015728	12	206	66	23	308.4	2.8	630.3
pandit_like_000824	6	443	15	11	308.4	0.3	630.2
pandit_like_001951	6	443	15	11	308.4	0.3	630.2
pandit_like_003487	6	443	15	11	308.4	0.3	630.2
pandit_like_005366	6	443	15	11	308.4	0.3	630.2
pandit_like_006482	6	443	15	11	308.4	0.3	630.2
pandit_like_000793	20	102	190	39	308.4	14.1	630.0
pandit_like_001190	20	102	190	39	308.4	14.1	630.0
pandit_like_006142	20	102	190	39	308.4	14.1	630.0
pandit_like_008120	20	102	190	39	308.4	14.1	630.0
pandit_like_009491	20	102	190	39	308.4	14.1	630.0
pandit_like_011345	20	102	190	39	308.4	14.1	630.0
pandit_like_013065	20	102	190	39	308.4	14.1	630.0
pandit_like_001053	15	155	105	29	308.4	5.7	628.9
pandit_like_005667	15	155	105	29	308.4	5.7	628.9
pandit_like_008014	15	155	105	29	308.4	5.7	628.9
pandit_like_011540	15	155	105	29	308.4	5.7	628.9
pandit_like_016088	15	155	105	29	308.4	5.7	628.9
pandit_like_016681	15	155	105	29	308.4	5.7	628.9
pandit_like_019038	15	155	105	29	308.4	5.7	628.9
pandit_like_009380	9	285	36	17	308.4	1.1	628.7
pandit_like_017950	9	285	36	17	308.4	1.1	628.7
pandit_like_000085	16	142	120	31	308.4	7.0	628.7
pandit_like_001988	16	142	120	31	308.4	7.0	628.7
pandit_like_002354	16	142	120	31	308.4	7.0	628.7
pandit_like_005292	16	142	120	31	308.4	7.0	628.7
pandit_like_005955	16	142	120	31	308.4	7.0	628.7
pandit_like_013562	16	142	120	31	308.4	7.0	628.7
pandit_like_016167	16	142	120	31	308.4	7.0	628.7
pandit_like_010659	7	374	21	13	308.4	0.5	628.3
pandit_like_012491	7	374	21	13	308.4	0.5	628.3
pandit_like_000921	14	169	91	27	308.4	4.6	628.0
pandit_like_002404	14	169	91	27	308.4	4.6	628.0
pandit_like_011111	14	169	91	27	308.4	4.6	628.0
pandit_like_013121	14	169	91	27	308.4	4.6	628.0
pandit_like_017040	14	169	91	27	308.4	4.6	628.0
pandit_like_019050	14	169	91	27	308.4	4.6	628.0
pandit_like_009310	8	323	28	15	308.4	0.7	627.4
pandit_like_009588	8	323	28	15	308.4	0.7	627.4
pandit_like_016051	8	323	28	15	308.4	0.7	627.4
pandit_like_016517	8	323	28	15	308.4	0.7	627.4
pandit_like_019115	8	323	28	15	308.4	0.7	627.4
pandit_like_019144	8	323	28	15	308.4	0.7	627.4
pandit_like_019350	8	323	28	15	308.4	0.7	627.4
pandit_like_004098	13	185	78	25	308.4	3.6	627.2
pandit_like_005224	13	185	78	25	308.4	3.6	627.2
pandit_like_009693	13	185	78	25	308.4	3.6	627.2
pandit_like_016856	13	185	78	25	308.4	3.6	627.2
pandit_like_002172	10	252	45	19	308.4	1.5	627.1
pandit_like_004087	10	252	45	19	308.4	1.5	627.1
pandit_like_005901	10	252	45	19	308.4	1.5	627.1
pandit_like_011100	10	252	45	19	308.4	1.5	627.1
pandit_like_011602	10	252	45	19	308.4	1.5	627.1
pandit_like_017444	10	252	45	19	308.4	1.5	627.1
pandit_like_003488	5	530	10	9	308.4	0.1	626.8
pandit_like_004155	5	530	10	9	308.4	0.1	626.8
pandit_like_006294	5	530	10	9	308.4	0.1	626.8
pandit_like_009666	5	530	10	9	308.4	0.1	626.8
pandit_like_011856	5	530	10	9	308.4	0.1	626.8
pandit_like_017240	5	530	10	9	308.4	0.1	626.8
pandit_like_017764	5	530	10	9	308.4	0.1	626.8
pandit_like_018126	5	530	10	9	308.4	0.1	626.8
pandit_like_000229	22	85	231	43	308.4	19.0	626.6
pandit_like_009217	22	85	231	43	308.4	19.0	626.6
pandit_like_011218	22	85	231	43	308.4	19.0	626.6
pandit_like_013403	22	85	231	43	308.4	19.0	626.6
pandit_like_015969	22	85	231	43	308.4	19.0	626.6
pandit_like_019170	22	85	231	43	308.4	19.0	626.6
pandit_like_006463	8	322	28	15	308.4	0.7	626.4
pandit_like_014767	8	322	28	15	308.4	0.7	626.4
pandit_like_016447	8	322	28	15	308.4	0.7	626.4
pandit_like_001303	12	203	66	23	308.4	2.8	625.9
pandit_like_002120	12	203	66	23	308.4	2.8	625.9
pandit_like_002571	12	203	66	23	308.4	2.8	625.9
pandit_like_010866	12	203	66	23	308.4	2.8	625.9
pandit_like_012141	12	203	66	23	308.4	2.8	625.9
pandit_like_014121	12	203	66	23	308.4	2.8	625.9
pandit_like_016290	12	203	66	23	308.4	2.8	625.9
pandit_like_015008	5	528	10	9	308.4	0.1	625.6
pandit_like_015506	5	528	10	9	308.4	0.1	625.6
pandit_like_019660	5	528	10	9	308.4	0.1	625.6
pandit_like_019773	5	528	10	9	308.4	0.1	625.6
pandit_like_003012	8	321	28	15	308.4	0.7	625.5
pandit_like_004846	8	321	28	15	308.4	0.7	625.5
pandit_like_005033	8	321	28	15	308.4	0.7	625.5
pandit_like_008561	8	321	28	15	308.4	0.7	625.5
pandit_like_008975	8	321	28	15	308.4	0.7	625.5
pandit_like_017390	8	321	28	15	308.4	0.7	625.5
pandit_like_019635	8	321	28	15	308.4	0.7	625.5
pandit_like_001052	9	282	36	17	308.4	1.1	625.4
pandit_like_008550	9	282	36	17	308.4	1.1	625.4
pandit_like_009275	9	282	36	17	308.4	1.1	625.4
pandit_like_015162	9	282	36	17	308.4	1.1	625.4
pandit_like_017596	9	282	36	17	308.4	1.1	625.4
pandit_like_018667	9	282	36	17	308.4	1.1	625.4
pandit_like_000141	20	100	190	39	308.4	14.1	625.0
pandit_like_001646	20	100	190	39	308.4	14.1	625.0
pandit_like_003736	20	100	190	39	308.4	14.1	625.0
pandit_like_007951	20	100	190	39	308.4	14.1	625.0
pandit_like_013980	20	100	190	39	308.4	14.1	625.0
pandit_like_018788	20	100	190	39	308.4	14.1	625.0
pandit_like_005633	10	250	45	19	308.4	1.5	624.7
pandit_like_010631	10	250	45	19	308.4	1.5	624.7
pandit_like_013320	10	250	45	19	308.4	1.5	624.7
pandit_like_002430	14	167	91	27	308.4	4.6	624.5
pandit_like_007867	14	167	91	27	308.4	4.6	624.5
pandit_like_014498	14	167	91	27	308.4	4.6	624.5
pandit_like_005535	18	118	153	35	308.4	10.2	624.5
pandit_like_010192	18	118	153	35	308.4	10.2	624.5
pandit_like_013454	18	118	153	35	308.4	10.2	624.5
pandit_like_014473	18	118	153	35	308.4	10.2	624.5
pandit_like_018356	18	118	153	35	308.4	10.2	624.5
pandit_like_018958	18	118	153	35	308.4	10.2	624.5
pandit_like_001425	7	369	21	13	308.4	0.5	624.1
pandit_like_002841	7	369	21	13	308.4	0.5	624.1
pandit_like_010221	7	369	21	13	308.4	0.5	624.1
pandit_like_011650	7	369	21	13	308.4	0.5	624.1
pandit_like_013985	7	369	21	13	308.4	0.5	624.1
pandit_like_016307	7	369	21	13	308.4	0.5	624.1
pandit_like_000794	13	183	78	25	308.4	3.6	624.1
pandit_like_002124	13	183	78	25	308.4	3.6	624.1
pandit_like_005566	13	183	78	25	308.4	3.6	624.1
pandit_like_006011	13	183	78	25	308.4	3.6	624.1
pandit_like_009119	13	183	78	25	308.4	3.6	624.1
pandit_like_009708	13	183	78	25	308.4	3.6	624.1
pandit_like_004105	23	77	253	45	308.4	21.9	623.9
pandit_like_006108	23	77	253	45	308.4	21.9	623.9
pandit_like_008682	23	77	253	45	308.4	21.9	623.9
pandit_like_009442	23	77	253	45	308.4	21.9	623.9
pandit_like_012826	23	77	253	45	308.4	21.9	623.9
pandit_like_000192	6	434	15	11	308.4	0.3	623.8
pandit_like_005771	6	434	15	11	308.4	0.3	623.8
pandit_like_010396	6	434	15	11	308.4	0.3	623.8
pandit_like_008439	9	280	36	17	308.4	1.1	623.2
pandit_like_012126	9	280	36	17	308.4	1.1	623.2
pandit_like_013620	9	280	36	17	308.4	1.1	623.2
pandit_like_018555	9	280	36	17	308.4	1.1	623.2
pandit_like_018961	9	280	36	17	308.4	1.1	623.2
pandit_like_019584	9	280	36	17	308.4	1.1	623.2
pandit_like_004154	29	42	406	57	308.4	44.9	623.1
pandit_like_011208	29	42	406	57	308.4	44.9	623.1
pandit_like_012373	29	42	406	57	308.4	44.9	623.1
pandit_like_014684	29	42	406	57	308.4	44.9	623.1
pandit_like_000353	13	182	78	25	308.4	3.6	622.5
pandit_like_001935	13	182	78	25	308.4	3.6	622.5
pandit_like_004757	13	182	78	25	308.4	3.6	622.5
pandit_like_012907	13	182	78	25	308.4	3.6	622.5
pandit_like_013556	13	182	78	25	308.4	3.6	622.5
pandit_like_000495	20	99	190	39	308.4	14.1	622.5
pandit_like_003917	20	99	190	39	308.4	14.1	622.5
pandit_like_008875	20	99	190	39	308.4	14.1	622.5
pandit_like_010288	20	99	190	39	308.4	14.1	622.5
pandit_like_013113	20	99	190	39	308.4	14.1	622.5
pandit_like_000384	4	658	6	7	308.4	0.1	622.4
pandit_like_005878	4	658	6	7	308.4	0.1	622.4
pandit_like_011976	4	658	6	7	308.4	0.1	622.4
pandit_like_014750	4	658	6	7	308.4	0.1	622.4
pandit_like_016230	4	658	6	7	308.4	0.1	622.4
pandit_like_017182	4	658	6	7	308.4	0.1	622.4
pandit_like_017788	4	658	6	7	308.4	0.1	622.4
pandit_like_003701	18	117	153	35	308.4	10.2	622.3
pandit_like_008058	18	117	153	35	308.4	10.2	622.3
pandit_like_019910	18	117	153	35	308.4	10.2	622.3
pandit_like_005187	5	522	10	9	308.4	0.1	622.0
pandit_like_012228	5	522	10	9	308.4	0.1	622.0
pandit_like_000018	7	366	21	13	308.4	0.5	621.6
pandit_like_004306	7	366	21	13	308.4	0.5	621.6
pandit_like_006152	7	366	21	13	308.4	0.5	621.6
pandit_like_008505	7	366	21	13	308.4	0.5	621.6
pandit_like_014255	7	366	21	13	308.4	0.5	621.6
pandit_like_014280	7	366	21	13	308.4	0.5	621.6
pandit_like_015807	7	366	21	13	308.4	0.5	621.6
pandit_like_013000	8	317	28	15	308.4	0.7	621.6
pandit_like_013204	8	317	28	15	308.4	0.7	621.6
pandit_like_015198	8	317	28	15	308.4	0.7	621.6
pandit_like_001391	15	151	105	29	308.4	5.7	621.5
pandit_like_005246	15	151	105	29	308.4	5.7	621.5
pandit_like_015734	15	151	105	29	308.4	5.7	621.5
pandit_like_018378	15	151	105	29	308.4	5.7	621.5
pandit_like_000595	10	247	45	19	308.4	1.5	621.1
pandit_like_000881	10	247	45	19	308.4	1.5	621.1
pandit_like_006445	10	247	45	19	308.4	1.5	621.1
pandit_like_006488	10	247	45	19	308.4	1.5	621.1
pandit_like_011826	10	247	45	19	308.4	1.5	621.1
pandit_like_013319	10	247	45	19	308.4	1.5	621.1
pandit_like_013692	10	247	45	19	308.4	1.5	621.1
pandit_like_014039	10	247	45	19	308.4	1.5	621.1
pandit_like_017369	10	247	45	19	308.4	1.5	621.1
pandit_like_000039	4	655	6	7	308.4	0.1	621.0
pandit_like_000057	4	655	6	7	308.4	0.1	621.0
pandit_like_003421	4	655	6	7	308.4	0.1	621.0
pandit_like_004069	4	655	6	7	308.4	0.1	621.0
pandit_like_005517	4	655	6	7	308.4	0.1	621.0
pandit_like_007175	4	655	6	7	308.4	0.1	621.0
pandit_like_008443	4	655	6	7	308.4	0.1	621.0
pandit_like_011811	4	655	6	7	308.4	0.1	621.0
pandit_like_012304	4	655	6	7	308.4	0.1	621.0
pandit_like_016783	4	655	6	7	308.4	0.1	621.0
pandit_like_019303	4	655	6	7	308.4	0.1	621.0
pandit_like_002039	23	76	253	45	308.4	21.9	621.0
pandit_like_006316	23	76	253	45	308.4	21.9	621.0
pandit_like_007906	23	76	253	45	308.4	21.9	621.0
pandit_like_010910	23	76	253	45	308.4	21.9	621.0
pandit_like_016643	23	76	253	45	308.4	21.9	621.0
pandit_like_004262	13	181	78	25	308.4	3.6	620.9
pandit_like_011915	13	181	78	25	308.4	3.6	620.9
pandit_like_013462	13	181	78	25	308.4	3.6	620.9
pandit_like_001931	19	107	171	37	308.4	12.0	620.9
pandit_like_008883	19	107	171	37	308.4	12.0	620.9
pandit_like_011510	19	107	171	37	308.4	12.0	620.9
pandit_like_012698	19	107	171	37	308.4	12.0	620.9
pandit_like_016136	19	107	171	37	308.4	12.0	620.9
pandit_like_000181	16	138	120	31	308.4	7.0	620.8
pandit_like_004805	16	138	120	31	308.4	7.0	620.8
pandit_like_006306	16	138	120	31	308.4	7.0	620.8
pandit_like_006920	16	138	120	31	308.4	7.0	620.8
pandit_like_010094	16	138	120	31	308.4	7.0	620.8
pandit_like_011331	16	138	120	31	308.4	7.0	620.8
pandit_like_014347	16	138	120	31	308.4	7.0	620.8
pandit_like_015020	16	138	120	31	308.4	7.0	620.8
pandit_like_016545	16	138	120	31	308.4	7.0	620.8
pandit_like_017877	16	138	120	31	308.4	7.0	620.8
pandit_like_006328	7	365	21	13	308.4	0.5	620.7
pandit_like_013761	7	365	21	13	308.4	0.5	620.7
pandit_like_018012	7	365	21	13	308.4	0.5	620.7
pandit_like_000309	8	316	28	15	308.4	0.7	620.7
pandit_like_001938	8	316	28	15	308.4	0.7	620.7
pandit_like_006177	8	316	28	15	308.4	0.7	620.7
pandit_like_007007	8	316	28	15	308.4	0.7	620.7
pandit_like_010268	8	316	28	15	308.4	0.7	620.7
pandit_like_014223	8	316	28	15	308.4	0.7	620.7
pandit_like_015366	8	316	28	15	308.4	0.7	620.7
pandit_like_019534	8	316	28	15	308.4	0.7	620.7
pandit_like_000246	12	199	66	23	308.4	2.8	620.1
pandit_like_010413	12	199	66	23	308.4	2.8	620.1
pandit_like_015172	12	199	66	23	308.4	2.8	620.1
pandit_like_006950	10	246	45	19	308.4	1.5	619.9
pandit_like_006954	10	246	45	19	308.4	1.5	619.9
pandit_like_013168	10	246	45	19	308.4	1.5	619.9
pandit_like_017523	10	246	45	19	308.4	1.5	619.9
pandit_like_000418	8	315	28	15	308.4	0.7	619.7
pandit_like_005838	8	315	28	15	308.4	0.7	619.7
pandit_like_012080	8	315	28	15	308.4	0.7	619.7
pandit_like_014707	8	315	28	15	308.4	0.7	619.7
pandit_like_005003	15	150	105	29	308.4	5.7	619.7
pandit_like_005620	15	150	105	29	308.4	5.7	619.7
pandit_like_007071	15	150	105	29	308.4	5.7	619.7
pandit_like_012460	15	150	105	29	308.4	5.7	619.7
pandit_like_015770	15	150	105	29	308.4	5.7	619.7
pandit_like_016564	15	150	105	29	308.4	5.7	619.7
pandit_like_018515	15	150	105	29	308.4	5.7	619.7
pandit_like_006714	5	518	10	9	308.4	0.1	619.6
pandit_like_010313	5	518	10	9	308.4	0.1	619.6
pandit_like_019553	5	518	10	9	308.4	0.1	619.6
pandit_like_000832	17	126	136	33	308.4	8.5	619.5
pandit_like_005617	11	220	55	21	308.4	2.1	619.3
pandit_like_005751	11	220	55	21	308.4	2.1	619.3
pandit_like_011784	11	220	55	21	308.4	2.1	619.3
pandit_like_012178	11	220	55	21	308.4	2.1	619.3
pandit_like_000567	7	363	21	13	308.4	0.5	619.1
pandit_like_001082	7	363	21	13	308.4	0.5	619.1
pandit_like_006126	7	363	21	13	308.4	0.5	619.1
pandit_like_007265	7	363	21	13	308.4	0.5	619.1
pandit_like_008180	7	363	21	13	308.4	0.5	619.1
pandit_like_009254	7	363	21	13	308.4	0.5	619.1
pandit_like_007575	5	517	10	9	308.4	0.1	619.0
pandit_like_008967	5	517	10	9	308.4	0.1	619.0
pandit_like_013247	5	517	10	9	308.4	0.1	619.0
pandit_like_000170	9	276	36	17	308.4	1.1	618.9
pandit_like_003904	9	276	36	17	308.4	1.1	618.9
pandit_like_004037	9	276	36	17	308.4	1.1	618.9
pandit_like_005346	9	276	36	17	308.4	1.1	618.9
pandit_like_005657	9	276	36	17	308.4	1.1	618.9
pandit_like_008184	9	276	36	17	308.4	1.1	618.9
pandit_like_011734	9	276	36	17	308.4	1.1	618.9
pandit_like_015517	9	276	36	17	308.4	1.1	618.9
pandit_like_015845	9	276	36	17	308.4	1.1	618.9
pandit_like_017287	9	276	36	17	308.4	1.1	618.9
pandit_like_000180	16	137	120	31	308.4	7.0	618.9
pandit_like_010970	16	137	120	31	308.4	7.0	618.9
pandit_like_015394	16	137	120	31	308.4	7.0	618.9
pandit_like_015783	16	137	120	31	308.4	7.0	618.9
pandit_like_015965	16	137	120	31	308.4	7.0	618.9
pandit_like_016373	16	137	120	31	308.4	7.0	618.9
pandit_like_018843	16	137	120	31	308.4	7.0	618.9
pandit_like_001065	8	314	28	15	308.4	0.7	618.7
pandit_like_003160	8	314	28	15	308.4	0.7	618.7
pandit_like_010173	8	314	28	15	308.4	0.7	618.7
pandit_like_010978	8	314	28	15	308.4	0.7	618.7
pandit_like_014830	8	314	28	15	308.4	0.7	618.7
pandit_like_016510	8	314	28	15	308.4	0.7	618.7
pandit_like_000160	10	245	45	19	308.4	1.5	618.7
pandit_like_000945	10	245	45	19	308.4	1.5	618.7
pandit_like_001221	10	245	45	19	308.4	1.5	618.7
pandit_like_007876	10	245	45	19	308.4	1.5	618.7
pandit_like_009294	10	245	45	19	308.4	1.5	618.7
pandit_like_012295	10	245	45	19	308.4	1.5	618.7
pandit_like_005492	4	650	6	7	308.4	0.1	618.6
pandit_like_009295	4	650	6	7	308.4	0.1	618.6
pandit_like_015159	4	650	6	7	308.4	0.1	618.6
pandit_like_016604	22	82	231	43	308.4	19.0	618.3
pandit_like_001078	11	219	55	21	308.4	2.1	618.0
pandit_like_002076	11	219	55	21	308.4	2.1	618.0
pandit_like_003762	11	219	55	21	308.4	2.1	618.0
pandit_like_009073	11	219	55	21	308.4	2.1	618.0
pandit_like_009101	11	219	55	21	308.4	2.1	618.0
pandit_like_010264	11	219	55	21	308.4	2.1	618.0
pandit_like_010926	11	219	55	21	308.4	2.1	618.0
pandit_like_015869	11	219	55	21	308.4	2.1	618.0
pandit_like_018215	11	219	55	21	308.4	2.1	618.0
pandit_like_002283	9	275	36	17	308.4	1.1	617.8
pandit_like_006084	9	275	36	17	308.4	1.1	617.8
pandit_like_006156	9	275	36	17	308.4	1.1	617.8
pandit_like_000502	15	149	105	29	308.4	5.7	617.8
pandit_like_003032	15	149	105	29	308.4	5.7	617.8
pandit_like_004130	15	149	105	29	308.4	5.7	617.8
pandit_like_005655	15	149	105	29	308.4	5.7	617.8
pandit_like_007757	15	149	105	29	308.4	5.7	617.8
pandit_like_018944	15	149	105	29	308.4	5.7	617.8
pandit_like_005818	14	163	91	27	308.4	4.6	617.7
pandit_like_007608	14	163	91	27	308.4	4.6	617.7
pandit_like_008360	14	163	91	27	308.4	4.6	617.7
pandit_like_008984	14	163	91	27	308.4	4.6	617.7
pandit_like_009571	14	163	91	27	308.4	4.6	617.7
pandit_like_010170	14	163	91	27	308.4	4.6	617.7
pandit_like_010912	14	163	91	27	308.4	4.6	617.7
pandit_like_014483	14	163	91	27	308.4	4.6	617.7
pandit_like_015116	14	163	91	27	308.4	4.6	617.7
pandit_like_015480	14	163	91	27	308.4	4.6	617.7
pandit_like_000662	20	97	190	39	308.4	14.1	617.5
pandit_like_001202	20	97	190	39	308.4	14.1	617.5
pandit_like_001678	20	97	190	39	308.4	14.1	617.5
pandit_like_003919	20	97	190	39	308.4	14.1	617.5
pandit_like_005226	20	97	190	39	308.4	14.1	617.5
pandit_like_006839	20	97	190	39	308.4	14.1	617.5
pandit_like_007523	20	97	190	39	308.4	14.1	617.5
pandit_like_009079	20	97	190	39	308.4	14.1	617.5
pandit_like_019254	20	97	190	39	308.4	14.1	617.5
pandit_like_000755	7	361	21	13	308.4	0.5	617.4
pandit_like_004242	7	361	21	13	308.4	0.5	617.4
pandit_like_006019	7	361	21	13	308.4	0.5	617.4
pandit_like_011698	7	361	21	13	308.4	0.5	617.4
pandit_like_011874	7	361	21	13	308.4	0.5	617.4
pandit_like_013235	7	361	21	13	308.4	0.5	617.4
pandit_like_005479	16	136	120	31	308.4	7.0	616.9
pandit_like_005895	16	136	120	31	308.4	7.0	616.9
pandit_like_016104	16	136	120	31	308.4	7.0	616.9
pandit_like_017470	16	136	120	31	308.4	7.0	616.9
pandit_like_015924	11	218	55	21	308.4	2.1	616.7
pandit_like_019123	11	218	55	21	308.4	2.1	616.7
pandit_like_002634	7	360	21	13	308.4	0.5	616.5
pandit_like_005773	7	360	21	13	308.4	0.5	616.5
pandit_like_007166	7	360	21	13	308.4	0.5	616.5
pandit_like_013191	7	360	21	13	308.4	0.5	616.5
pandit_like_015382	7	360	21	13	308.4	0.5	616.5
pandit_like_015666	7	360	21	13	308.4	0.5	616.5
pandit_like_016090	7	360	21	13	308.4	0.5	616.5
pandit_like_007272	10	243	45	19	308.4	1.5	616.3
pandit_like_007991	10	243	45	19	308.4	1.5	616.3
pandit_like_011806	10	243	45	19	308.4	1.5	616.3
pandit_like_014899	10	243	45	19	308.4	1.5	616.3
pandit_like_016342	10	243	45	19	308.4	1.5	616.3
pandit_like_018354	10	243	45	19	308.4	1.5	616.3
pandit_like_018841	10	243	45	19	308.4	1.5	616.3
pandit_like_019724	10	243	45	19	308.4	1.5	616.3
pandit_like_007830	14	162	91	27	308.4	4.6	616.0
pandit_like_009481	14	162	91	27	308.4	4.6	616.0
pandit_like_012181	14	162	91	27	308.4	4.6	616.0
pandit_like_002165	6	423	15	11	308.4	0.3	615.9
pandit_like_009630	6	423	15	11	308.4	0.3	615.9
pandit_like_010733	6	423	15	11	308.4	0.3	615.9
pandit_like_012235	6	423	15	11	308.4	0.3	615.9
pandit_like_012344	6	423	15	11	308.4	0.3	615.9
pandit_like_013919	6	423	15	11	308.4	0.3	615.9
pandit_like_016077	6	423	15	11	308.4	0.3	615.9
pandit_like_001151	7	359	21	13	308.4	0.5	615.7
pandit_like_016019	7	359	21	13	308.4	0.5	615.7
pandit_like_000412	22	81	231	43	308.4	19.0	615.6
pandit_like_000553	22	81	231	43	308.4	19.0	615.6
pandit_like_000758	22	81	231	43	308.4	19.0	615.6
pandit_like_001283	22	81	231	43	308.4	19.0	615.6
pandit_like_004897	22	81	231	43	308.4	19.0	615.6
pandit_like_007261	22	81	231	43	308.4	19.0	615.6
pandit_like_007729	22	81	231	43	308.4	19.0	615.6
pandit_like_009145	22	81	231	43	308.4	19.0	615.6
pandit_like_009950	22	81	231	43	308.4	19.0	615.6
pandit_like_011353	22	81	231	43	308.4	19.0	615.6
pandit_like_013618	22	81	231	43	308.4	19.0	615.6
pandit_like_014311	22	81	231	43	308.4	19.0	615.6
pandit_like_014934	22	81	231	43	308.4	19.0	615.6
pandit_like_016291	22	81	231	43	308.4	19.0	615.6
pandit_like_016364	22	81	231	43	308.4	19.0	615.6
pandit_like_019149	22	81	231	43	308.4	19.0	615.6
pandit_like_019225	22	81	231	43	308.4	19.0	615.6
pandit_like_002220	28	45	378	55	308.4	40.2	615.5
pandit_like_005714	28	45	378	55	308.4	40.2	615.5
pandit_like_012893	28	45	378	55	308.4	40.2	615.5
pandit_like_016803	28	45	378	55	308.4	40.2	615.5
pandit_like_000140	6	422	15	11	308.4	0.3	615.2
pandit_like_004664	6	422	15	11	308.4	0.3	615.2
pandit_like_012435	6	422	15	11	308.4	0.3	615.2
pandit_like_015473	6	422	15	11	308.4	0.3	615.2
pandit_like_017147	6	422	15	11	308.4	0.3	615.2
pandit_like_003205	5	510	10	9	308.4	0.1	614.9
pandit_like_013417	5	510	10	9	308.4	0.1	614.9
pandit_like_015559	5	510	10	9	308.4	0.1	614.9
pandit_like_003489	8	310	28	15	308.4	0.7	614.9
pandit_like_009366	8	310	28	15	308.4	0.7	614.9
pandit_like_012392	8	310	28	15	308.4	0.7	614.9
pandit_like_017398	8	310	28	15	308.4	0.7	614.9
pandit_like_000423	13	177	78	25	308.4	3.6	614.6
pandit_like_001290	13	177	78	25	308.4	3.6	614.6
pandit_like_005307	13	177	78	25	308.4	3.6	614.6
pandit_like_005384	13	177	78	25	308.4	3.6	614.6
pandit_like_008020	13	177	78	25	308.4	3.6	614.6
pandit_like_011350	13	177	78	25	308.4	3.6	614.6
pandit_like_014515	13	177	78	25	308.4	3.6	614.6
pandit_like_019739	13	177	78	25	308.4	3.6	614.6
pandit_like_013135	12	195	66	23	308.4	2.8	614.3
pandit_like_018987	12	195	66	23	308.4	2.8	614.3
pandit_like_019651	12	195	66	23	308.4	2.8	614.3
pandit_like_001472	15	147	105	29	308.4	5.7	614.1
pandit_like_001681	15	147	105	29	308.4	5.7	614.1
pandit_like_001805	15	147	105	29	308.4	5.7	614.1
pandit_like_002112	15	147	105	29	308.4	5.7	614.1
pandit_like_003799	15	147	105	29	308.4	5.7	614.1
pandit_like_004834	15	147	105	29	308.4	5.7	614.1
pandit_like_006068	15	147	105	29	308.4	5.7	614.1
pandit_like_000017	4	640	6	7	308.4	0.1	613.9
pandit_like_006263	4	640	6	7	308.4	0.1	613.9
pandit_like_016247	4	640	6	7	308.4	0.1	613.9
pandit_like_008588	19	104	171	37	308.4	12.0	613.8
pandit_like_000694	25	61	300	49	308.4	28.3	613.8
pandit_like_000712	25	61	300	49	308.4	28.3	613.8
pandit_like_001310	25	61	300	49	308.4	28.3	613.8
pandit_like_002286	25	61	300	49	308.4	28.3	613.8
pandit_like_003724	25	61	300	49	308.4	28.3	613.8
pandit_like_009613	25	61	300	49	308.4	28.3	613.8
pandit_like_001941	5	508	10	9	308.4	0.1	613.7
pandit_like_002705	5	508	10	9	308.4	0.1	613.7
pandit_like_013008	9	271	36	17	308.4	1.1	613.5
pandit_like_014244	9	271	36	17	308.4	1.1	613.5
pandit_like_015946	9	271	36	17	308.4	1.1	613.5
pandit_like_015988	9	271	36	17	308.4	1.1	613.5
pandit_like_002602	7	356	21	13	308.4	0.5	613.2
pandit_like_008757	7	356	21	13	308.4	0.5	613.2
pandit_like_010344	7	356	21	13	308.4	0.5	613.2
pandit_like_014204	7	356	21	13	308.4	0.5	613.2
pandit_like_002481	8	308	28	15	308.4	0.7	613.0
pandit_like_007821	8	308	28	15	308.4	0.7	613.0
pandit_like_008435	8	308	28	15	308.4	0.7	613.0
pandit_like_011134	8	308	28	15	308.4	0.7	613.0
pandit_like_014858	8	308	28	15	308.4	0.7	613.0
pandit_like_016786	8	308	28	15	308.4	0.7	613.0
pandit_like_006799	13	176	78	25	308.4	3.6	613.0
pandit_like_010074	13	176	78	25	308.4	3.6	613.0
pandit_like_015317	13	176	78	25	308.4	3.6	613.0
pandit_like_016870	13	176	78	25	308.4	3.6	613.0
pandit_like_002003	16	134	120	31	308.4	7.0	613.0
pandit_like_010333	16	134	120	31	308.4	7.0	613.0
pandit_like_005727	12	194	66	23	308.4	2.8	612.8
pandit_like_007924	12	194	66	23	308.4	2.8	612.8
pandit_like_012443	12	194	66	23	308.4	2.8	612.8
pandit_like_014442	12	194	66	23	308.4	2.8	612.8
pandit_like_000234	11	215	55	21	308.4	2.1	612.7
pandit_like_005728	11	215	55	21	308.4	2.1	612.7
pandit_like_008444	11	215	55	21	308.4	2.1	612.7
pandit_like_011365	11	215	55	21	308.4	2.1	612.7
pandit_like_015399	11	215	55	21	308.4	2.1	612.7
pandit_like_018533	11	215	55	21	308.4	2.1	612.7
pandit_like_000886	10	240	45	19	308.4	1.5	612.6
pandit_like_002930	10	240	45	19	308.4	1.5	612.6
pandit_like_003339	10	240	45	19	308.4	1.5	612.6
pandit_like_005094	10	240	45	19	308.4	1.5	612.6
pandit_like_008511	10	240	45	19	308.4	1.5	612.6
pandit_like_009276	10	240	45	19	308.4	1.5	612.6
pandit_like_010252	10	240	45	19	308.4	1.5	612.6
pandit_like_010618	10	240	45	19	308.4	1.5	612.6
pandit_like_011543	10	240	45	19	308.4	1.5	612.6
pandit_like_012694	10	240	45	19	308.4	1.5	612.6
pandit_like_019908	10	240	45	19	308.4	1.5	612.6
pandit_like_001595	20	95	190	39	308.4	14.1	612.5
pandit_like_003430	20	95	190	39	308.4	14.1	612.5
pandit_like_003544	20	95	190	39	308.4	14.1	612.5
pandit_like_007364	20	95	190	39	308.4	14.1	612.5
pandit_like_011417	20	95	190	39	308.4	14.1	612.5
pandit_like_014731	20	95	190	39	308.4	14.1	612.5
pandit_like_015797	20	95	190	39	308.4	14.1	612.5
pandit_like_017583	20	95	190	39	308.4	14.1	612.5
pandit_like_002187	7	355	21	13	308.4	0.5	612.4
pandit_like_006833	7	355	21	13	308.4	0.5	612.4
pandit_like_008569	7	355	21	13	308.4	0.5	612.4
pandit_like_014730	7	355	21	13	308.4	0.5	612.4
pandit_like_017910	7	355	21	13	308.4	0.5	612.4
pandit_like_000409	9	270	36	17	308.4	1.1	612.4
pandit_like_002281	9	270	36	17	308.4	1.1	612.4
pandit_like_003477	9	270	36	17	308.4	1.1	612.4
pandit_like_007939	9	270	36	17	308.4	1.1	612.4
pandit_like_008463	9	270	36	17	308.4	1.1	612.4
pandit_like_011775	9	270	36	17	308.4	1.1	612.4
pandit_like_014933	9	270	36	17	308.4	1.1	612.4
pandit_like_000098	15	146	105	29	308.4	5.7	612.3
pandit_like_001565	15	146	105	29	308.4	5.7	612.3
pandit_like_007279	15	146	105	29	308.4	5.7	612.3
pandit_like_009096	15	146	105	29	308.4	5.7	612.3
pandit_like_019126	15	146	105	29	308.4	5.7	612.3
pandit_like_019137	15	146	105	29	308.4	5.7	612.3
pandit_like_000527	5	505	10	9	308.4	0.1	611.9
pandit_like_004845	5	505	10	9	308.4	0.1	611.9
pandit_like_009903	5	505	10	9	308.4	0.1	611.9
pandit_like_012874	5	505	10	9	308.4	0.1	611.9
pandit_like_016494	5	505	10	9	308.4	0.1	611.9
pandit_like_017174	5	505	10	9	308.4	0.1	611.9
pandit_like_018806	5	505	10	9	308.4	0.1	611.9
pandit_like_002659	6	417	15	11	308.4	0.3	611.6
pandit_like_009086	6	417	15	11	308.4	0.3	611.6
pandit_like_002904	10	239	45	19	308.4	1.5	611.4
pandit_like_016837	10	239	45	19	308.4	1.5	611.4
pandit_like_017683	10	239	45	19	308.4	1.5	611.4
pandit_like_000380	5	504	10	9	308.4	0.1	611.3
pandit_like_003993	5	504	10	9	308.4	0.1	611.3
pandit_like_005726	5	504	10	9	308.4	0.1	611.3
pandit_like_006244	5	504	10	9	308.4	0.1	611.3
pandit_like_006636	5	504	10	9	308.4	0.1	611.3
pandit_like_009068	5	504	10	9	308.4	0.1	611.3
pandit_like_009821	5	504	10	9	308.4	0.1	611.3
pandit_like_019245	5	504	10	9	308.4	0.1	611.3
pandit_like_019314	5	504	10	9	308.4	0.1	611.3
pandit_like_001925	9	269	36	17	308.4	1.1	611.3
pandit_like_003313	9	269	36	17	308.4	1.1	611.3
pandit_like_009796	9	269	36	17	308.4	1.1	611.3
pandit_like_016553	9	269	36	17	308.4	1.1	611.3
pandit_like_008885	11	214	55	21	308.4	2.1	611.3
pandit_like_016974	11	214	55	21	308.4	2.1	611.3
pandit_like_002909	12	193	66	23	308.4	2.8	611.3
pandit_like_004559	12	193	66	23	308.4	2.8	611.3
pandit_like_008272	12	193	66	23	308.4	2.8	611.3
pandit_like_013827	12	193	66	23	308.4	2.8	611.3
pandit_like_015196	12	193	66	23	308.4	2.8	611.3
pandit_like_015853	12	193	66	23	308.4	2.8	611.3
pandit_like_001244	8	306	28	15	308.4	0.7	611.1
pandit_like_005504	8	306	28	15	308.4	0.7	611.1
pandit_like_014303	8	306	28	15	308.4	0.7	611.1
pandit_like_005671	18	112	153	35	308.4	10.2	611.1
pandit_like_007769	18	112	153	35	308.4	10.2	611.1
pandit_like_010724	18	112	153	35	308.4	10.2	611.1
pandit_like_017202	18	112	153	35	308.4	10.2	611.1
pandit_like_019567	18	112	153	35	308.4	10.2	611.1
pandit_like_005054	6	416	15	11	308.4	0.3	610.9
pandit_like_017913	6	416	15	11	308.4	0.3	610.9
pandit_like_018403	6	416	15	11	308.4	0.3	610.9
pandit_like_000489	14	159	91	27	308.4	4.6	610.8
pandit_like_002448	14	159	91	27	308.4	4.6	610.8
pandit_like_003684	14	159	91	27	308.4	4.6	610.8
pandit_like_010924	14	159	91	27	308.4	4.6	610.8
pandit_like_014456	14	159	91	27	308.4	4.6	610.8
pandit_like_019318	14	159	91	27	308.4	4.6	610.8
pandit_like_000203	4	633	6	7	308.4	0.1	610.6
pandit_like_000783	4	633	6	7	308.4	0.1	610.6
pandit_like_002949	4	633	6	7	308.4	0.1	610.6
pandit_like_004813	4	633	6	7	308.4	0.1	610.6
pandit_like_005468	4	633	6	7	308.4	0.1	610.6
pandit_like_006432	4	633	6	7	308.4	0.1	610.6
pandit_like_008857	4	633	6	7	308.4	0.1	610.6
pandit_like_012180	4	633	6	7	308.4	0.1	610.6
pandit_like_012446	4	633	6	7	308.4	0.1	610.6
pandit_like_012922	4	633	6	7	308.4	0.1	610.6
pandit_like_012941	4	633	6	7	308.4	0.1	610.6
pandit_like_015790	4	633	6	7	308.4	0.1	610.6
pandit_like_017492	4	633	6	7	308.4	0.1	610.6
pandit_like_019073	4	633	6	7	308.4	0.1	610.6
pandit_like_002299	6	415	15	11	308.4	0.3	610.2
pandit_like_017825	6	415	15	11	308.4	0.3	610.2
pandit_like_019130	6	415	15	11	308.4	0.3	610.2
pandit_like_010794	9	268	36	17	308.4	1.1	610.2
pandit_like_011879	9	268	36	17	308.4	1.1	610.2
pandit_like_012376	9	268	36	17	308.4	1.1	610.2
pandit_like_015882	9	268	36	17	308.4	1.1	610.2
pandit_like_017708	9	268	36	17	308.4	1.1	610.2
pandit_like_000292	5	501	10	9	308.4	0.1	609.5
pandit_like_003746	5	501	10	9	308.4	0.1	609.5
pandit_like_005593	5	501	10	9	308.4	0.1	609.5
pandit_like_006083	5	501	10	9	308.4	0.1	609.5
pandit_like_009788	5	501	10	9	308.4	0.1	609.5
pandit_like_006063	23	72	253	45	308.4	21.9	609.4
pandit_like_006613	23	72	253	45	308.4	21.9	609.4
pandit_like_008381	23	72	253	45	308.4	21.9	609.4
pandit_like_008994	23	72	253	45	308.4	21.9	609.4
pandit_like_009603	23	72	253	45	308.4	21.9	609.4
pandit_like_012198	23	72	253	45	308.4	21.9	609.4
pandit_like_012274	23	72	253	45	308.4	21.9	609.4
pandit_like_014990	23	72	253	45	308.4	21.9	609.4
pandit_like_016960	23	72	253	45	308.4	21.9	609.4
pandit_like_003190	8	304	28	15	308.4	0.7	609.1
pandit_like_004226	8	304	28	15	308.4	0.7	609.1
pandit_like_008038	8	304	28	15	308.4	0.7	609.1
pandit_like_014268	8	304	28	15	308.4	0.7	609.1
pandit_like_000484	18	111	153	35	308.4	10.2	608.9
pandit_like_003908	18	111	153	35	308.4	10.2	608.9
pandit_like_010819	18	111	153	35	308.4	10.2	608.9
pandit_like_012404	18	111	153	35	308.4	10.2	608.9
pandit_like_014450	18	111	153	35	308.4	10.2	608.9
pandit_like_015505	18	111	153	35	308.4	10.2	608.9
pandit_like_017052	18	111	153	35	308.4	10.2	608.9
pandit_like_001564	8	303	28	15	308.4	0.7	608.2
pandit_like_007720	8	303	28	15	308.4	0.7	608.2
pandit_like_016928	8	303	28	15	308.4	0.7	608.2
pandit_like_000351	6	412	15	11	308.4	0.3	608.0
pandit_like_000742	6	412	15	11	308.4	0.3	608.0
pandit_like_003689	6	412	15	11	308.4	0.3	608.0
pandit_like_007582	6	412	15	11	308.4	0.3	608.0
pandit_like_009929	6	412	15	11	308.4	0.3	608.0
pandit_like_013024	6	412	15	11	308.4	0.3	608.0
pandit_like_000550	10	236	45	19	308.4	1.5	607.8
pandit_like_001826	10	236	45	19	308.4	1.5	607.8
pandit_like_002016	10	236	45	19	308.4	1.5	607.8
pandit_like_004562	10	236	45	19	308.4	1.5	607.8
pandit_like_005598	10	236	45	19	308.4	1.5	607.8
pandit_like_005978	10	236	45	19	308.4	1.5	607.8
pandit_like_006676	10	236	45	19	308.4	1.5	607.8
pandit_like_006728	10	236	45	19	308.4	1.5	607.8
pandit_like_009680	10	236	45	19	308.4	1.5	607.8
pandit_like_011926	10	236	45	19	308.4	1.5	607.8
pandit_like_014320	10	236	45	19	308.4	1.5	607.8
pandit_like_017938	10	236	45	19	308.4	1.5	607.8
pandit_like_000614	20	93	190	39	308.4	14.1	607.6
pandit_like_001519	20	93	190	39	308.4	14.1	607.6
pandit_like_009626	20	93	190	39	308.4	14.1	607.6
pandit_like_009949	20	93	190	39	308.4	14.1	607.6
pandit_like_011438	20	93	190	39	308.4	14.1	607.6
pandit_like_004347	6	411	15	11	308.4	0.3	607.3
pandit_like_007329	6	411	15	11	308.4	0.3	607.3
pandit_like_007354	6	411	15	11	308.4	0.3	607.3
pandit_like_011677	6	411	15	11	308.4	0.3	607.3
pandit_like_011796	6	411	15	11	308.4	0.3	607.3
pandit_like_012140	6	411	15	11	308.4	0.3	607.3
pandit_like_012294	6	411	15	11	308.4	0.3	607.3
pandit_like_016905	6	411	15	11	308.4	0.3	607.3
pandit_like_019564	6	411	15	11	308.4	0.3	607.3
pandit_like_002055	8	302	28	15	308.4	0.7	607.2
pandit_like_001684	5	497	10	9	308.4	0.1	607.1
pandit_like_004567	5	497	10	9	308.4	0.1	607.1
pandit_like_007360	5	497	10	9	308.4	0.1	607.1
pandit_like_009078	5	497	10	9	308.4	0.1	607.1
pandit_like_013685	5	497	10	9	308.4	0.1	607.1
pandit_like_000563	16	131	120	31	308.4	7.0	607.1
pandit_like_001653	16	131	120	31	308.4	7.0	607.1
pandit_like_004247	16	131	120	31	308.4	7.0	607.1
pandit_like_006284	16	131	120	31	308.4	7.0	607.1
pandit_like_006778	16	131	120	31	308.4	7.0	607.1
pandit_like_016433	16	131	120	31	308.4	7.0	607.1
pandit_like_018441	16	131	120	31	308.4	7.0	607.1
pandit_like_001553	9	265	36	17	308.4	1.1	607.0
pandit_like_001581	9	265	36	17	308.4	1.1	607.0
pandit_like_002544	9	265	36	17	308.4	1.1	607.0
pandit_like_006073	9	265	36	17	308.4	1.1	607.0
pandit_like_006404	9	265	36	17	308.4	1.1	607.0
pandit_like_012311	9	265	36	17	308.4	1.1	607.0
pandit_like_013162	9	265	36	17	308.4	1.1	607.0
pandit_like_017006	9	265	36	17	308.4	1.1	607.0
pandit_like_002823	12	190	66	23	308.4	2.8	607.0
pandit_like_007822	12	190	66	23	308.4	2.8	607.0
pandit_like_011142	12	190	66	23	308.4	2.8	607.0
pandit_like_016456	12	190	66	23	308.4	2.8	607.0
pandit_like_018769	12	190	66	23	308.4	2.8	607.0
pandit_like_019228	12	190	66	23	308.4	2.8	607.0
pandit_like_001209	19	101	171	37	308.4	12.0	606.8
pandit_like_003511	19	101	171	37	308.4	12.0	606.8
pandit_like_005487	19	101	171	37	308.4	12.0	606.8
pandit_like_011607	19	101	171	37	308.4	12.0	606.8
pandit_like_017643	19	101	171	37	308.4	12.0	606.8
pandit_like_001018	13	172	78	25	308.4	3.6	606.6
pandit_like_004541	13	172	78	25	308.4	3.6	606.6
pandit_like_010758	13	172	78	25	308.4	3.6	606.6
pandit_like_011911	13	172	78	25	308.4	3.6	606.6
pandit_like_012939	13	172	78	25	308.4	3.6	606.6
pandit_like_016990	13	172	78	25	308.4	3.6	606.6
pandit_like_019452	13	172	78	25	308.4	3.6	606.6
pandit_like_010111	7	347	21	13	308.4	0.5	605.7
pandit_like_011844	7	347	21	13	308.4	0.5	605.7
pandit_like_014531	7	347	21	13	308.4	0.5	605.7
pandit_like_015033	7	347	21	13	308.4	0.5	605.7
pandit_like_017209	7	347	21	13	308.4	0.5	605.7
pandit_like_017776	7	347	21	13	308.4	0.5	605.7
pandit_like_017990	7	347	21	13	308.4	0.5	605.7
pandit_like_001528	10	234	45	19	308.4	1.5	605.4
pandit_like_009823	10	234	45	19	308.4	1.5	605.4
pandit_like_000483	20	92	190	39	308.4	14.1	605.1
pandit_like_001015	20	92	190	39	308.4	14.1	605.1
pandit_like_001422	20	92	190	39	308.4	14.1	605.1
pandit_like_008228	20	92	190	39	308.4	14.1	605.1
pandit_like_011716	20	92	190	39	308.4	14.1	605.1
pandit_like_012378	20	92	190	39	308.4	14.1	605.1
pandit_like_016816	20	92	190	39	308.4	14.1	605.1
pandit_like_001820	9	263	36	17	308.4	1.1	604.8
pandit_like_013777	9	263	36	17	308.4	1.1	604.8
pandit_like_016646	9	263	36	17	308.4	1.1	604.8
pandit_like_001618	28	42	378	55	308.4	40.2	604.8
pandit_like_003875	28	42	378	55	308.4	40.2	604.8
pandit_like_006910	28	42	378	55	308.4	40.2	604.8
pandit_like_008825	28	42	378	55	308.4	40.2	604.8
pandit_like_010882	28	42	378	55	308.4	40.2	604.8
pandit_like_010925	28	42	378	55	308.4	40.2	604.8
pandit_like_012341	28	42	378	55	308.4	40.2	604.8
pandit_like_012974	28	42	378	55	308.4	40.2	604.8
pandit_like_018568	28	42	378	55	308.4	40.2	604.8
pandit_like_000342	11	209	55	21	308.4	2.1	604.7
pandit_like_000525	11	209	55	21	308.4	2.1	604.7
pandit_like_000908	11	209	55	21	308.4	2.1	604.7
pandit_like_002032	11	209	55	21	308.4	2.1	604.7
pandit_like_003007	11	209	55	21	308.4	2.1	604.7
pandit_like_004838	11	209	55	21	308.4	2.1	604.7
pandit_like_008495	11	209	55	21	308.4	2.1	604.7
pandit_like_010055	11	209	55	21	308.4	2.1	604.7
pandit_like_011340	11	209	55	21	308.4	2.1	604.7
pandit_like_011971	11	209	55	21	308.4	2.1	604.7
pandit_like_019089	11	209	55	21	308.4	2.1	604.7
pandit_like_000866	22	77	231	43	308.4	19.0	604.6
pandit_like_001786	22	77	231	43	308.4	19.0	604.6
pandit_like_006402	22	77	231	43	308.4	19.0	604.6
pandit_like_008449	22	77	231	43	308.4	19.0	604.6
pandit_like_012343	22	77	231	43	308.4	19.0	604.6
pandit_like_013790	22	77	231	43	308.4	19.0	604.6
pandit_like_017586	22	77	231	43	308.4	19.0	604.6
pandit_like_018140	22	77	231	43	308.4	19.0	604.6
pandit_like_019935	22	77	231	43	308.4	19.0	604.6
pandit_like_008684	24	64	276	47	308.4	25.0	604.5
pandit_like_001905	6	407	15	11	308.4	0.3	604.4
pandit_like_014787	6	407	15	11	308.4	0.3	604.4
pandit_like_016461	6	407	15	11	308.4	0.3	604.4
pandit_like_018128	6	407	15	11	308.4	0.3	604.4
pandit_like_019305	6	407	15	11	308.4	0.3	604.4
pandit_like_014068	19	100	171	37	308.4	12.0	604.4
pandit_like_006748	8	299	28	15	308.4	0.7	604.3
pandit_like_007952	8	299	28	15	308.4	0.7	604.3
pandit_like_008810	8	299	28	15	308.4	0.7	604.3
pandit_like_017353	8	299	28	15	308.4	0.7	604.3
pandit_like_019217	8	299	28	15	308.4	0.7	604.3
pandit_like_019252	8	299	28	15	308.4	0.7	604.3
pandit_like_002384	7	345	21	13	308.4	0.5	604.0
pandit_like_003166	7	345	21	13	308.4	0.5	604.0
pandit_like_003715	7	345	21	13	308.4	0.5	604.0
pandit_like_004850	7	345	21	13	308.4	0.5	604.0
pandit_like_004981	7	345	21	13	308.4	0.5	604.0
pandit_like_009829	7	345	21	13	308.4	0.5	604.0
pandit_like_010082	7	345	21	13	308.4	0.5	604.0
pandit_like_013181	7	345	21	13	308.4	0.5	604.0
pandit_like_019927	7	345	21	13	308.4	0.5	604.0
pandit_like_000907	14	155	91	27	308.4	4.6	604.0
pandit_like_001540	14	155	91	27	308.4	4.6	604.0
pandit_like_001663	14	155	91	27	308.4	4.6	604.0
pandit_like_003220	14	155	91	27	308.4	4.6	604.0
pandit_like_016804	14	155	91	27	308.4	4.6	604.0
pandit_like_017840	14	155	91	27	308.4	4.6	604.0
pandit_like_018849	14	155	91	27	308.4	4.6	604.0
pandit_like_019894	14	155	91	27	308.4	4.6	604.0
pandit_like_006154	6	406	15	11	308.4	0.3	603.7
pandit_like_006258	6	406	15	11	308.4	0.3	603.7
pandit_like_006525	6	406	15	11	308.4	0.3	603.7
pandit_like_009240	6	406	15	11	308.4	0.3	603.7
pandit_like_016521	6	406	15	11	308.4	0.3	603.7
pandit_like_017834	6	406	15	11	308.4	0.3	603.7
pandit_like_000187	9	262	36	17	308.4	1.1	603.7
pandit_like_004522	9	262	36	17	308.4	1.1	603.7
pandit_like_005674	9	262	36	17	308.4	1.1	603.7
pandit_like_008364	9	262	36	17	308.4	1.1	603.7
pandit_like_007268	26	52	325	51	308.4	32.0	603.1
pandit_like_010516	26	52	325	51	308.4	32.0	603.1
pandit_like_013714	26	52	325	51	308.4	32.0	603.1
pandit_like_014777	26	52	325	51	308.4	32.0	603.1
pandit_like_015617	26	52	325	51	308.4	32.0	603.1
pandit_like_017988	26	52	325	51	308.4	32.0	603.1
pandit_like_019666	9	261	36	17	308.4	1.1	602.6
pandit_like_000930	10	231	45	19	308.4	1.5	601.8
pandit_like_003741	10	231	45	19	308.4	1.5	601.8
pandit_like_003897	10	231	45	19	308.4	1.5	601.8
pandit_like_005516	10	231	45	19	308.4	1.5	601.8
pandit_like_006704	10	231	45	19	308.4	1.5	601.8
pandit_like_008050	10	231	45	19	308.4	1.5	601.8
pandit_like_009232	10	231	45	19	308.4	1.5	601.8
pandit_like_009756	10	231	45	19	308.4	1.5	601.8
pandit_like_010642	10	231	45	19	308.4	1.5	601.8
pandit_like_011884	10	231	45	19	308.4	1.5	601.8
pandit_like_012875	10	231	45	19	308.4	1.5	601.8
pandit_like_017540	10	231	45	19	308.4	1.5	601.8
pandit_like_018481	10	231	45	19	308.4	1.5	601.8
pandit_like_019719	8	296	28	15	308.4	0.7	601.4
pandit_like_019722	8	296	28	15	308.4	0.7	601.4
pandit_like_001056	5	487	10	9	308.4	0.1	601.2
pandit_like_001819	5	487	10	9	308.4	0.1	601.2
pandit_like_014430	5	487	10	9	308.4	0.1	601.2
pandit_like_018724	5	487	10	9	308.4	0.1	601.2
pandit_like_002489	16	128	120	31	308.4	7.0	601.2
pandit_like_003814	16	128	120	31	308.4	7.0	601.2
pandit_like_004093	16	128	120	31	308.4	7.0	601.2
pandit_like_015534	16	128	120	31	308.4	7.0	601.2
pandit_like_011630	5	486	10	9	308.4	0.1	600.6
pandit_like_013329	5	486	10	9	308.4	0.1	600.6
pandit_like_019629	5	486	10	9	308.4	0.1	600.6
pandit_like_008189	10	230	45	19	308.4	1.5	600.6
pandit_like_015362	10	230	45	19	308.4	1.5	600.6
pandit_like_016765	10	230	45	19	308.4	1.5	600.6
pandit_like_018303	10	230	45	19	308.4	1.5	600.6
pandit_like_004615	14	153	91	27	308.4	4.6	600.6
pandit_like_013197	14	153	91	27	308.4	4.6	600.6
pandit_like_016434	14	153	91	27	308.4	4.6	600.6
pandit_like_017856	14	153	91	27	308.4	4.6	600.6
pandit_like_005298	8	295	28	15	308.4	0.7	600.5
pandit_like_008074	8	295	28	15	308.4	0.7	600.5
pandit_like_019694	8	295	28	15	308.4	0.7	600.5
pandit_like_005540	6	401	15	11	308.4	0.3	600.1
pandit_like_007042	6	401	15	11	308.4	0.3	600.1
pandit_like_007902	6	401	15	11	308.4	0.3	600.1
pandit_like_008258	6	401	15	11	308.4	0.3	600.1
pandit_like_010481	6	401	15	11	308.4	0.3	600.1
pandit_like_011320	6	401	15	11	308.4	0.3	600.1
pandit_like_018969	6	401	15	11	308.4	0.3	600.1
pandit_like_002292	19	98	171	37	308.4	12.0	599.7
pandit_like_002522	19	98	171	37	308.4	12.0	599.7
pandit_like_011742	19	98	171	37	308.4	12.0	599.7
pandit_like_012980	19	98	171	37	308.4	12.0	599.7
pandit_like_013924	19	98	171	37	308.4	12.0	599.7
pandit_like_016166	19	98	171	37	308.4	12.0	599.7
pandit_like_001079	8	294	28	15	308.4	0.7	599.5
pandit_like_003992	8	294	28	15	308.4	0.7	599.5
pandit_like_007573	8	294	28	15	308.4	0.7	599.5
pandit_like_019482	8	294	28	15	308.4	0.7	599.5
pandit_like_006379	6	400	15	11	308.4	0.3	599.4
pandit_like_009961	6	400	15	11	308.4	0.3	599.4
pandit_like_014971	6	400	15	11	308.4	0.3	599.4
pandit_like_001443	9	258	36	17	308.4	1.1	599.4
pandit_like_002033	9	258	36	17	308.4	1.1	599.4
pandit_like_013661	9	258	36	17	308.4	1.1	599.4
pandit_like_016908	9	258	36	17	308.4	1.1	599.4
pandit_like_012767	5	483	10	9	308.4	0.1	598.8
pandit_like_014360	5	483	10	9	308.4	0.1	598.8
pandit_like_002380	12	184	66	23	308.4	2.8	598.2
pandit_like_004879	12	184	66	23	308.4	2.8	598.2
pandit_like_008337	12	184	66	23	308.4	2.8	598.2
pandit_like_009986	12	184	66	23	308.4	2.8	598.2
pandit_like_002599	11	204	55	21	308.4	2.1	598.0
pandit_like_002795	11	204	55	21	308.4	2.1	598.0
pandit_like_005841	11	204	55	21	308.4	2.1	598.0
pandit_like_016079	11	204	55	21	308.4	2.1	598.0
pandit_like_004626	5	481	10	9	308.4	0.1	597.6
pandit_like_007613	5	481	10	9	308.4	0.1	597.6
pandit_like_009277	5	481	10	9	308.4	0.1	597.6
pandit_like_015594	5	481	10	9	308.4	0.1	597.6
pandit_like_015974	5	481	10	9	308.4	0.1	597.6
pandit_like_018311	5	481	10	9	308.4	0.1	597.6
pandit_like_009138	6	397	15	11	308.4	0.3	597.3
pandit_like_010061	6	397	15	11	308.4	0.3	597.3
pandit_like_010881	6	397	15	11	308.4	0.3	597.3
pandit_like_008169	5	480	10	9	308.4	0.1	597.0
pandit_like_014919	5	480	10	9	308.4	0.1	597.0
pandit_like_015110	5	480	10	9	308.4	0.1	597.0
pandit_like_003916	10	227	45	19	308.4	1.5	596.9
pandit_like_004096	10	227	45	19	308.4	1.5	596.9
pandit_like_005007	10	227	45	19	308.4	1.5	596.9
pandit_like_009243	10	227	45	19	308.4	1.5	596.9
pandit_like_009722	10	227	45	19	308.4	1.5	596.9
pandit_like_010038	10	227	45	19	308.4	1.5	596.9
pandit_like_017545	10	227	45	19	308.4	1.5	596.9
pandit_like_019526	10	227	45	19	308.4	1.5	596.9
pandit_like_000362	5	479	10	9	308.4	0.1	596.4
pandit_like_003100	5	479	10	9	308.4	0.1	596.4
pandit_like_003156	5	479	10	9	308.4	0.1	596.4
pandit_like_003853	5	479	10	9	308.4	0.1	596.4
pandit_like_005169	5	479	10	9	308.4	0.1	596.4
pandit_like_007747	5	479	10	9	308.4	0.1	596.4
pandit_like_013533	5	479	10	9	308.4	0.1	596.4
pandit_like_016487	5	479	10	9	308.4	0.1	596.4
pandit_like_005251	9	255	36	17	308.4	1.1	596.1
pandit_like_010535	9	255	36	17	308.4	1.1	596.1
pandit_like_010971	9	255	36	17	308.4	1.1	596.1
pandit_like_011692	9	255	36	17	308.4	1.1	596.1
pandit_like_000636	10	226	45	19	308.4	1.5	595.7
pandit_like_005152	10	226	45	19	308.4	1.5	595.7
pandit_like_010626	10	226	45	19	308.4	1.5	595.7
pandit_like_010940	10	226	45	19	308.4	1.5	595.7
pandit_like_000171	13	165	78	25	308.4	3.6	595.5
pandit_like_001061	13	165	78	25	308.4	3.6	595.5
pandit_like_003102	13	165	78	25	308.4	3.6	595.5
pandit_like_005600	13	165	78	25	308.4	3.6	595.5
pandit_like_015956	13	165	78	25	308.4	3.6	595.5
pandit_like_004914	11	202	55	21	308.4	2.1	595.3
pandit_like_007376	11	202	55	21	308.4	2.1	595.3
pandit_like_007805	11	202	55	21	308.4	2.1	595.3
pandit_like_008288	11	202	55	21	308.4	2.1	595.3
pandit_like_009273	11	202	55	21	308.4	2.1	595.3
pandit_like_010651	11	202	55	21	308.4	2.1	595.3
pandit_like_017685	11	202	55	21	308.4	2.1	595.3
pandit_like_019488	11	202	55	21	308.4	2.1	595.3
pandit_like_000258	5	477	10	9	308.4	0.1	595.2
pandit_like_001809	5	477	10	9	308.4	0.1	595.2
pandit_like_007895	5	477	10	9	308.4	0.1	595.2
pandit_like_010037	5	477	10	9	308.4	0.1	595.2
pandit_like_014577	5	477	10	9	308.4	0.1	595.2
pandit_like_019962	5	477	10	9	308.4	0.1	595.2
pandit_like_007209	16	125	120	31	308.4	7.0	595.2
pandit_like_007428	16	125	120	31	308.4	7.0	595.2
pandit_like_009178	16	125	120	31	308.4	7.0	595.2
pandit_like_009746	16	125	120	31	308.4	7.0	595.2
pandit_like_009863	16	125	120	31	308.4	7.0	595.2
pandit_like_012744	16	125	120	31	308.4	7.0	595.2
pandit_like_014597	16	125	120	31	308.4	7.0	595.2
pandit_like_019899	16	125	120	31	308.4	7.0	595.2
pandit_like_002158	9	254	36	17	308.4	1.1	595.0
pandit_like_002766	9	254	36	17	308.4	1.1	595.0
pandit_like_006797	9	254	36	17	308.4	1.1	595.0
pandit_like_010934	9	254	36	17	308.4	1.1	595.0
pandit_like_014265	9	254	36	17	308.4	1.1	595.0
pandit_like_015696	9	254	36	17	308.4	1.1	595.0
pandit_like_016457	9	254	36	17	308.4	1.1	595.0
pandit_like_019672	9	254	36	17	308.4	1.1	595.0
pandit_like_008733	27	44	351	53	308.4	36.0	594.0
pandit_like_016918	27	44	351	53	308.4	36.0	594.0
pandit_like_017901	27	44	351	53	308.4	36.0	594.0
pandit_like_000442	7	333	21	13	308.4	0.5	593.9
pandit_like_000724	7	333	21	13	308.4	0.5	593.9
pandit_like_002566	7	333	21	13	308.4	0.5	593.9
pandit_like_011122	7	333	21	13	308.4	0.5	593.9
pandit_like_016710	7	333	21	13	308.4	0.5	593.9
pandit_like_017194	7	333	21	13	308.4	0.5	593.9
pandit_like_002696	21	80	210	41	308.4	16.5	593.7
pandit_like_003357	21	80	210	41	308.4	16.5	593.7
pandit_like_005646	21	80	210	41	308.4	16.5	593.7
pandit_like_007566	21	80	210	41	308.4	16.5	593.7
pandit_like_007920	21	80	210	41	308.4	16.5	593.7
pandit_like_009420	21	80	210	41	308.4	16.5	593.7
pandit_like_012270	21	80	210	41	308.4	16.5	593.7
pandit_like_014663	21	80	210	41	308.4	16.5	593.7
pandit_like_018005	21	80	210	41	308.4	16.5	593.7
pandit_like_018208	21	80	210	41	308.4	16.5	593.7
pandit_like_019209	21	80	210	41	308.4	16.5	593.7
pandit_like_006966	5	474	10	9	308.4	0.1	593.4
pandit_like_010343	5	474	10	9	308.4	0.1	593.4
pandit_like_010945	5	474	10	9	308.4	0.1	593.4
pandit_like_005232	6	391	15	11	308.4	0.3	593.0
pandit_like_006878	6	391	15	11	308.4	0.3	593.0
pandit_like_009028	6	391	15	11	308.4	0.3	593.0
pandit_like_011670	6	391	15	11	308.4	0.3	593.0
pandit_like_012947	6	391	15	11	308.4	0.3	593.0
pandit_like_013333	6	391	15	11	308.4	0.3	593.0
pandit_like_016013	6	391	15	11	308.4	0.3	593.0
pandit_like_017316	6	391	15	11	308.4	0.3	593.0
pandit_like_018249	6	391	15	11	308.4	0.3	593.0
pandit_like_018754	6	391	15	11	308.4	0.3	593.0
pandit_like_001793	9	252	36	17	308.4	1.1	592.9
pandit_like_002041	9	252	36	17	308.4	1.1	592.9
pandit_like_002905	9	252	36	17	308.4	1.1	592.9
pandit_like_006712	9	252	36	17	308.4	1.1	592.9
pandit_like_007029	9	252	36	17	308.4	1.1	592.9
pandit_like_017512	9	252	36	17	308.4	1.1	592.9
pandit_like_018287	9	252	36	17	308.4	1.1	592.9
pandit_like_001134	13	163	78	25	308.4	3.6	592.4
pandit_like_006670	13	163	78	25	308.4	3.6	592.4
pandit_like_008844	13	163	78	25	308.4	3.6	592.4
pandit_like_009870	13	163	78	25	308.4	3.6	592.4
pandit_like_009989	13	163	78	25	308.4	3.6	592.4
pandit_like_014978	13	163	78	25	308.4	3.6	592.4
pandit_like_016000	13	163	78	25	308.4	3.6	592.4
pandit_like_019248	13	163	78	25	308.4	3.6	592.4
pandit_like_019710	13	163	78	25	308.4	3.6	592.4
pandit_like_002311	7	331	21	13	308.4	0.5	592.2
pandit_like_007781	7	331	21	13	308.4	0.5	592.2
pandit_like_017745	7	331	21	13	308.4	0.5	592.2
pandit_like_018102	7	331	21	13	308.4	0.5	592.2
pandit_like_000178	8	286	28	15	308.4	0.7	591.8
pandit_like_000853	8	286	28	15	308.4	0.7	591.8
pandit_like_004407	8	286	28	15	308.4	0.7	591.8
pandit_like_005097	8	286	28	15	308.4	0.7	591.8
pandit_like_005511	8	286	28	15	308.4	0.7	591.8
pandit_like_007424	8	286	28	15	308.4	0.7	591.8
pandit_like_009782	8	286	28	15	308.4	0.7	591.8
pandit_like_010711	8	286	28	15	308.4	0.7	591.8
pandit_like_011738	8	286	28	15	308.4	0.7	591.8
pandit_like_015348	8	286	28	15	308.4	0.7	591.8
pandit_like_015794	8	286	28	15	308.4	0.7	591.8
pandit_like_000102	6	389	15	11	308.4	0.3	591.5
pandit_like_003438	6	389	15	11	308.4	0.3	591.5
pandit_like_008517	6	389	15	11	308.4	0.3	591.5
pandit_like_002212	7	330	21	13	308.4	0.5	591.4
pandit_like_009497	7	330	21	13	308.4	0.5	591.4
pandit_like_016625	7	330	21	13	308.4	0.5	591.4
pandit_like_016866	7	330	21	13	308.4	0.5	591.4
pandit_like_002023	11	199	55	21	308.4	2.1	591.3
pandit_like_019784	16	123	120	31	308.4	7.0	591.3
pandit_like_002612	10	222	45	19	308.4	1.5	590.9
pandit_like_012244	10	222	45	19	308.4	1.5	590.9
pandit_like_005269	13	162	78	25	308.4	3.6	590.8
pandit_like_015239	13	162	78	25	308.4	3.6	590.8
pandit_like_004520	9	250	36	17	308.4	1.1	590.7
pandit_like_004653	9	250	36	17	308.4	1.1	590.7
pandit_like_004884	9	250	36	17	308.4	1.1	590.7
pandit_like_014237	9	250	36	17	308.4	1.1	590.7
pandit_like_017411	9	250	36	17	308.4	1.1	590.7
pandit_like_003348	14	147	91	27	308.4	4.6	590.3
pandit_like_004054	14	147	91	27	308.4	4.6	590.3
pandit_like_004333	14	147	91	27	308.4	4.6	590.3
pandit_like_004995	14	147	91	27	308.4	4.6	590.3
pandit_like_006127	14	147	91	27	308.4	4.6	590.3
pandit_like_011203	14	147	91	27	308.4	4.6	590.3
pandit_like_011672	14	147	91	27	308.4	4.6	590.3
pandit_like_012986	14	147	91	27	308.4	4.6	590.3
pandit_like_015109	14	147	91	27	308.4	4.6	590.3
pandit_like_019855	14	147	91	27	308.4	4.6	590.3
pandit_like_004481	19	94	171	37	308.4	12.0	590.3
pandit_like_005410	19	94	171	37	308.4	12.0	590.3
pandit_like_009884	19	94	171	37	308.4	12.0	590.3
pandit_like_011276	19	94	171	37	308.4	12.0	590.3
pandit_like_012115	19	94	171	37	308.4	12.0	590.3
pandit_like_013289	19	94	171	37	308.4	12.0	590.3
pandit_like_015776	19	94	171	37	308.4	12.0	590.3
pandit_like_015846	19	94	171	37	308.4	12.0	590.3
pandit_like_003141	11	198	55	21	308.4	2.1	590.0
pandit_like_004592	11	198	55	21	308.4	2.1	590.0
pandit_like_005411	7	327	21	13	308.4	0.5	588.9
pandit_like_007925	7	327	21	13	308.4	0.5	588.9
pandit_like_012478	7	327	21	13	308.4	0.5	588.9
pandit_like_013725	7	327	21	13	308.4	0.5	588.9
pandit_like_018266	7	327	21	13	308.4	0.5	588.9
pandit_like_017116	9	248	36	17	308.4	1.1	588.5
pandit_like_017706	9	248	36	17	308.4	1.1	588.5
pandit_like_000584	25	53	300	49	308.4	28.3	588.5
pandit_like_011220	25	53	300	49	308.4	28.3	588.5
pandit_like_014472	25	53	300	49	308.4	28.3	588.5
pandit_like_019204	25	53	300	49	308.4	28.3	588.5
pandit_like_006373	5	465	10	9	308.4	0.1	588.1
pandit_like_011925	5	465	10	9	308.4	0.1	588.1
pandit_like_015712	6	384	15	11	308.4	0.3	588.0
pandit_like_017896	6	384	15	11	308.4	0.3	588.0
pandit_like_003269	8	281	28	15	308.4	0.7	587.0
pandit_like_013932	8	281	28	15	308.4	0.7	587.0
pandit_like_016815	8	281	28	15	308.4	0.7	587.0
pandit_like_000217	6	382	15	11	308.4	0.3	586.5
pandit_like_002082	6	382	15	11	308.4	0.3	586.5
pandit_like_002651	6	382	15	11	308.4	0.3	586.5
pandit_like_003075	6	382	15	11	308.4	0.3	586.5
pandit_like_003613	6	382	15	11	308.4	0.3	586.5
pandit_like_004795	6	382	15	11	308.4	0.3	586.5
pandit_like_006586	6	382	15	11	308.4	0.3	586.5
pandit_like_012925	6	382	15	11	308.4	0.3	586.5
pandit_like_016694	6	382	15	11	308.4	0.3	586.5
pandit_like_018822	6	382	15	11	308.4	0.3	586.5
pandit_like_001305	15	132	105	29	308.4	5.7	586.5
pandit_like_003341	15	132	105	29	308.4	5.7	586.5
pandit_like_004300	15	132	105	29	308.4	5.7	586.5
pandit_like_006740	15	132	105	29	308.4	5.7	586.5
pandit_like_010658	15	132	105	29	308.4	5.7	586.5
pandit_like_010927	15	132	105	29	308.4	5.7	586.5
pandit_like_011181	15	132	105	29	308.4	5.7	586.5
pandit_like_012949	15	132	105	29	308.4	5.7	586.5
pandit_like_016900	15	132	105	29	308.4	5.7	586.5
pandit_like_018831	15	132	105	29	308.4	5.7	586.5
pandit_like_002437	4	582	6	7	308.4	0.1	586.4
pandit_like_003148	4	582	6	7	308.4	0.1	586.4
pandit_like_003617	4	582	6	7	308.4	0.1	586.4
pandit_like_009979	4	582	6	7	308.4	0.1	586.4
pandit_like_002989	24	58	276	47	308.4	25.0	586.3
pandit_like_004464	24	58	276	47	308.4	25.0	586.3
pandit_like_005653	24	58	276	47	308.4	25.0	586.3
pandit_like_006153	24	58	276	47	308.4	25.0	586.3
pandit_like_007405	24	58	276	47	308.4	25.0	586.3
pandit_like_007498	24	58	276	47	308.4	25.0	586.3
pandit_like_009150	24	58	276	47	308.4	25.0	586.3
pandit_like_012675	24	58	276	47	308.4	25.0	586.3
pandit_like_013020	24	58	276	47	308.4	25.0	586.3
pandit_like_013424	24	58	276	47	308.4	25.0	586.3
pandit_like_015682	24	58	276	47	308.4	25.0	586.3
pandit_like_005764	11	195	55	21	308.4	2.1	586.0
pandit_like_001055	6	381	15	11	308.4	0.3	585.8
pandit_like_002467	6	381	15	11	308.4	0.3	585.8
pandit_like_004439	6	381	15	11	308.4	0.3	585.8
pandit_like_005849	6	381	15	11	308.4	0.3	585.8
pandit_like_010393	6	381	15	11	308.4	0.3	585.8
pandit_like_010718	6	381	15	11	308.4	0.3	585.8
pandit_like_018565	6	381	15	11	308.4	0.3	585.8
pandit_like_000158	7	323	21	13	308.4	0.5	585.5
pandit_like_010512	7	323	21	13	308.4	0.5	585.5
pandit_like_017009	7	323	21	13	308.4	0.5	585.5
pandit_like_000164	16	120	120	31	308.4	7.0	585.4
pandit_like_007457	16	120	120	31	308.4	7.0	585.4
pandit_like_011173	16	120	120	31	308.4	7.0	585.4
pandit_like_017672	16	120	120	31	308.4	7.0	585.4
pandit_like_002635	6	380	15	11	308.4	0.3	585.1
pandit_like_005790	6	380	15	11	308.4	0.3	585.1
pandit_like_009738	6	380	15	11	308.4	0.3	585.1
pandit_like_013211	6	380	15	11	308.4	0.3	585.1
pandit_like_015511	6	380	15	11	308.4	0.3	585.1
pandit_like_018115	6	380	15	11	308.4	0.3	585.1
pandit_like_001444	20	84	190	39	308.4	14.1	585.1
pandit_like_004225	20	84	190	39	308.4	14.1	585.1
pandit_like_006840	20	84	190	39	308.4	14.1	585.1
pandit_like_008675	20	84	190	39	308.4	14.1	585.1
pandit_like_015045	20	84	190	39	308.4	14.1	585.1
pandit_like_005449	7	322	21	13	308.4	0.5	584.7
pandit_like_018428	7	322	21	13	308.4	0.5	584.7
pandit_like_019816	7	322	21	13	308.4	0.5	584.7
pandit_like_000188	11	194	55	21	308.4	2.1	584.7
pandit_like_004357	11	194	55	21	308.4	2.1	584.7
pandit_like_004839	11	194	55	21	308.4	2.1	584.7
pandit_like_008596	11	194	55	21	308.4	2.1	584.7
pandit_like_009328	11	194	55	21	308.4	2.1	584.7
pandit_like_009561	11	194	55	21	308.4	2.1	584.7
pandit_like_017206	11	194	55	21	308.4	2.1	584.7
pandit_like_002626	18	100	153	35	308.4	10.2	584.4
pandit_like_010589	18	100	153	35	308.4	10.2	584.4
pandit_like_016565	18	100	153	35	308.4	10.2	584.4
pandit_like_017908	18	100	153	35	308.4	10.2	584.4
pandit_like_000485	8	278	28	15	308.4	0.7	584.2
pandit_like_003657	8	278	28	15	308.4	0.7	584.2
pandit_like_003971	8	278	28	15	308.4	0.7	584.2
pandit_like_010490	8	278	28	15	308.4	0.7	584.2
pandit_like_013359	8	278	28	15	308.4	0.7	584.2
pandit_like_016081	8	278	28	15	308.4	0.7	584.2
pandit_like_016283	8	278	28	15	308.4	0.7	584.2
pandit_like_017775	8	278	28	15	308.4	0.7	584.2
pandit_like_018275	8	278	28	15	308.4	0.7	584.2
pandit_like_000197	7	321	21	13	308.4	0.5	583.9
pandit_like_008839	7	321	21	13	308.4	0.5	583.9
pandit_like_019640	7	321	21	13	308.4	0.5	583.9
pandit_like_006718	17	109	136	33	308.4	8.5	583.8
pandit_like_012335	17	109	136	33	308.4	8.5	583.8
pandit_like_013069	17	109	136	33	308.4	8.5	583.8
pandit_like_016560	17	109	136	33	308.4	8.5	583.8
pandit_like_001934	12	174	66	23	308.4	2.8	583.6
pandit_like_001970	12	174	66	23	308.4	2.8	583.6
pandit_like_003937	12	174	66	23	308.4	2.8	583.6
pandit_like_010941	12	174	66	23	308.4	2.8	583.6
pandit_like_011454	12	174	66	23	308.4	2.8	583.6
pandit_like_014182	12	174	66	23	308.4	2.8	583.6
pandit_like_015283	12	174	66	23	308.4	2.8	583.6
pandit_like_017814	12	174	66	23	308.4	2.8	583.6
pandit_like_019944	12	174	66	23	308.4	2.8	583.6
pandit_like_013780	5	457	10	9	308.4	0.1	583.3
pandit_like_014841	5	457	10	9	308.4	0.1	583.3
pandit_like_017267	5	457	10	9	308.4	0.1	583.3
pandit_like_000378	8	277	28	15	308.4	0.7	583.2
pandit_like_011272	8	277	28	15	308.4	0.7	583.2
pandit_like_013886	8	277	28	15	308.4	0.7	583.2
pandit_like_014205	8	277	28	15	308.4	0.7	583.2
pandit_like_018196	8	277	28	15	308.4	0.7	583.2
pandit_like_019027	8	277	28	15	308.4	0.7	583.2
pandit_like_003204	6	377	15	11	308.4	0.3	582.9
pandit_like_003278	6	377	15	11	308.4	0.3	582.9
pandit_like_017508	6	377	15	11	308.4	0.3	582.9
pandit_like_018273	6	377	15	11	308.4	0.3	582.9
pandit_like_001532	15	130	105	29	308.4	5.7	582.9
pandit_like_008965	15	130	105	29	308.4	5.7	582.9
pandit_like_014056	15	130	105	29	308.4	5.7	582.9
pandit_like_014405	15	130	105	29	308.4	5.7	582.9
pandit_like_016481	15	130	105	29	308.4	5.7	582.9
pandit_like_017569	15	130	105	29	308.4	5.7	582.9
pandit_like_017957	15	130	105	29	308.4	5.7	582.9
pandit_like_019351	15	130	105	29	308.4	5.7	582.9
pandit_like_001100	8	276	28	15	308.4	0.7	582.2
pandit_like_003774	8	276	28	15	308.4	0.7	582.2
pandit_like_004403	8	276	28	15	308.4	0.7	582.2
pandit_like_006843	8	276	28	15	308.4	0.7	582.2
pandit_like_013255	8	276	28	15	308.4	0.7	582.2
pandit_like_014338	8	276	28	15	308.4	0.7	582.2
pandit_like_016144	8	276	28	15	308.4	0.7	582.2
pandit_like_003367	12	173	66	23	308.4	2.8	582.2
pandit_like_003751	12	173	66	23	308.4	2.8	582.2
pandit_like_007467	12	173	66	23	308.4	2.8	582.2
pandit_like_011481	12	173	66	23	308.4	2.8	582.2
pandit_like_013407	12	173	66	23	308.4	2.8	582.2
pandit_like_015966	12	173	66	23	308.4	2.8	582.2
pandit_like_018158	12	173	66	23	308.4	2.8	582.2
pandit_like_018812	12	173	66	23	308.4	2.8	582.2
pandit_like_019601	12	173	66	23	308.4	2.8	582.2
pandit_like_001518	17	108	136	33	308.4	8.5	581.7
pandit_like_005314	17	108	136	33	308.4	8.5	581.7
pandit_like_007855	17	108	136	33	308.4	8.5	581.7
pandit_like_011180	17	108	136	33	308.4	8.5	581.7
pandit_like_011695	17	108	136	33	308.4	8.5	581.7
pandit_like_015234	17	108	136	33	308.4	8.5	581.7
pandit_like_000459	6	375	15	11	308.4	0.3	581.5
pandit_like_006201	6	375	15	11	308.4	0.3	581.5
pandit_like_006372	6	375	15	11	308.4	0.3	581.5
pandit_like_014047	6	375	15	11	308.4	0.3	581.5
pandit_like_007444	16	118	120	31	308.4	7.0	581.5
pandit_like_011864	16	118	120	31	308.4	7.0	581.5
pandit_like_012929	16	118	120	31	308.4	7.0	581.5
pandit_like_014156	16	118	120	31	308.4	7.0	581.5
pandit_like_015337	16	118	120	31	308.4	7.0	581.5
pandit_like_003327	7	318	21	13	308.4	0.5	581.3
pandit_like_006346	7	318	21	13	308.4	0.5	581.3
pandit_like_007293	7	318	21	13	308.4	0.5	581.3
pandit_like_007414	7	318	21	13	308.4	0.5	581.3
pandit_like_008895	7	318	21	13	308.4	0.5	581.3
pandit_like_010306	10	214	45	19	308.4	1.5	581.2
pandit_like_015222	10	214	45	19	308.4	1.5	581.2
pandit_like_000994	6	374	15	11	308.4	0.3	580.8
pandit_like_001213	6	374	15	11	308.4	0.3	580.8
pandit_like_001594	6	374	15	11	308.4	0.3	580.8
pandit_like_001994	6	374	15	11	308.4	0.3	580.8
pandit_like_006397	6	374	15	11	308.4	0.3	580.8
pandit_like_009088	6	374	15	11	308.4	0.3	580.8
pandit_like_010872	6	374	15	11	308.4	0.3	580.8
pandit_like_017337	6	374	15	11	308.4	0.3	580.8
pandit_like_017650	6	374	15	11	308.4	0.3	580.8
pandit_like_017936	6	374	15	11	308.4	0.3	580.8
pandit_like_019872	6	374	15	11	308.4	0.3	580.8
pandit_like_003245	7	317	21	13	308.4	0.5	580.5
pandit_like_005903	7	317	21	13	308.4	0.5	580.5
pandit_like_006540	7	317	21	13	308.4	0.5	580.5
pandit_like_007962	7	317	21	13	308.4	0.5	580.5
pandit_like_019405	7	317	21	13	308.4	0.5	580.5
pandit_like_011029	5	452	10	9	308.4	0.1	580.3
pandit_like_013517	5	452	10	9	308.4	0.1	580.3
pandit_like_004632	6	373	15	11	308.4	0.3	580.1
pandit_like_009285	6	373	15	11	308.4	0.3	580.1
pandit_like_014896	6	373	15	11	308.4	0.3	580.1
pandit_like_016219	6	373	15	11	308.4	0.3	580.1
pandit_like_017400	6	373	15	11	308.4	0.3	580.1
pandit_like_002133	26	45	325	51	308.4	32.0	580.0
pandit_like_006000	26	45	325	51	308.4	32.0	580.0
pandit_like_013308	26	45	325	51	308.4	32.0	580.0
pandit_like_010021	9	240	36	17	308.4	1.1	579.9
pandit_like_011239	9	240	36	17	308.4	1.1	579.9
pandit_like_013868	9	240	36	17	308.4	1.1	579.9
pandit_like_015268	9	240	36	17	308.4	1.1	579.9
pandit_like_015856	9	240	36	17	308.4	1.1	579.9
pandit_like_015947	9	240	36	17	308.4	1.1	579.9
pandit_like_001250	5	451	10	9	308.4	0.1	579.7
pandit_like_013594	5	451	10	9	308.4	0.1	579.7
pandit_like_017573	5	451	10	9	308.4	0.1	579.7
pandit_like_018263	5	451	10	9	308.4	0.1	579.7
pandit_like_001504	7	316	21	13	308.4	0.5	579.7
pandit_like_005765	7	316	21	13	308.4	0.5	579.7
pandit_like_005803	7	316	21	13	308.4	0.5	579.7
pandit_like_013820	7	316	21	13	308.4	0.5	579.7
pandit_like_017448	7	316	21	13	308.4	0.5	579.7
pandit_like_004893	13	155	78	25	308.4	3.6	579.7
pandit_like_010457	13	155	78	25	308.4	3.6	579.7
pandit_like_011099	13	155	78	25	308.4	3.6	579.7
pandit_like_013668	13	155	78	25	308.4	3.6	579.7
pandit_like_014330	13	155	78	25	308.4	3.6	579.7
pandit_like_015387	13	155	78	25	308.4	3.6	579.7
pandit_like_016394	13	155	78	25	308.4	3.6	579.7
pandit_like_002884	17	107	136	33	308.4	8.5	579.6
pandit_like_002988	17	107	136	33	308.4	8.5	579.6
pandit_like_004740	17	107	136	33	308.4	8.5	579.6
pandit_like_007109	17	107	136	33	308.4	8.5	579.6
pandit_like_007667	17	107	136	33	308.4	8.5	579.6
pandit_like_015475	17	107	136	33	308.4	8.5	579.6
pandit_like_015543	17	107	136	33	308.4	8.5	579.6
pandit_like_015897	17	107	136	33	308.4	8.5	579.6
pandit_like_017335	17	107	136	33	308.4	8.5	579.6
pandit_like_000240	16	117	120	31	308.4	7.0	579.5
pandit_like_010047	16	117	120	31	308.4	7.0	579.5
pandit_like_012623	16	117	120	31	308.4	7.0	579.5
pandit_like_017457	16	117	120	31	308.4	7.0	579.5
pandit_like_003694	12	171	66	23	308.4	2.8	579.2
pandit_like_003789	12	171	66	23	308.4	2.8	579.2
pandit_like_010137	12	171	66	23	308.4	2.8	579.2
pandit_like_012512	12	171	66	23	308.4	2.8	579.2
pandit_like_013928	12	171	66	23	308.4	2.8	579.2
pandit_like_017661	12	171	66	23	308.4	2.8	579.2
pandit_like_000388	7	315	21	13	308.4	0.5	578.8
pandit_like_003754	7	315	21	13	308.4	0.5	578.8
pandit_like_004322	7	315	21	13	308.4	0.5	578.8
pandit_like_006652	7	315	21	13	308.4	0.5	578.8
pandit_like_007034	7	315	21	13	308.4	0.5	578.8
pandit_like_010824	7	315	21	13	308.4	0.5	578.8
pandit_like_012210	7	315	21	13	308.4	0.5	578.8
pandit_like_014631	7	315	21	13	308.4	0.5	578.8
pandit_like_017699	7	315	21	13	308.4	0.5	578.8
pandit_like_007247	5	449	10	9	308.4	0.1	578.6
pandit_like_000522	19	89	171	37	308.4	12.0	578.5
pandit_like_002944	19	89	171	37	308.4	12.0	578.5
pandit_like_006784	19	89	171	37	308.4	12.0	578.5
pandit_like_006889	19	89	171	37	308.4	12.0	578.5
pandit_like_009724	19	89	171	37	308.4	12.0	578.5
pandit_like_015329	19	89	171	37	308.4	12.0	578.5
pandit_like_018982	8	272	28	15	308.4	0.7	578.4
pandit_like_001842	7	314	21	13	308.4	0.5	578.0
pandit_like_011998	7	314	21	13	308.4	0.5	578.0
pandit_like_012495	7	314	21	13	308.4	0.5	578.0
pandit_like_014305	7	314	21	13	308.4	0.5	578.0
pandit_like_016685	7	314	21	13	308.4	0.5	578.0
pandit_like_001182	12	170	66	23	308.4	2.8	577.8
pandit_like_008898	12	170	66	23	308.4	2.8	577.8
pandit_like_008946	12	170	66	23	308.4	2.8	577.8
pandit_like_014594	12	170	66	23	308.4	2.8	577.8
pandit_like_014881	12	170	66	23	308.4	2.8	577.8
pandit_like_019020	12	170	66	23	308.4	2.8	577.8
pandit_like_001301	9	238	36	17	308.4	1.1	577.7
pandit_like_005583	9	238	36	17	308.4	1.1	577.7
pandit_like_005951	9	238	36	17	308.4	1.1	577.7
pandit_like_007568	9	238	36	17	308.4	1.1	577.7
pandit_like_008036	9	238	36	17	308.4	1.1	577.7
pandit_like_010695	9	238	36	17	308.4	1.1	577.7
pandit_like_012382	9	238	36	17	308.4	1.1	577.7
pandit_like_013551	9	238	36	17	308.4	1.1	577.7
pandit_like_013795	9	238	36	17	308.4	1.1	577.7
pandit_like_014187	9	238	36	17	308.4	1.1	577.7
pandit_like_017807	9	238	36	17	308.4	1.1	577.7
pandit_like_018627	9	238	36	17	308.4	1.1	577.7
pandit_like_018741	9	238	36	17	308.4	1.1	577.7
pandit_like_019791	9	238	36	17	308.4	1.1	577.7
pandit_like_005988	16	116	120	31	308.4	7.0	577.5
pandit_like_012009	16	116	120	31	308.4	7.0	577.5
pandit_like_006998	24	55	276	47	308.4	25.0	577.3
pandit_like_014345	24	55	276	47	308.4	25.0	577.3
pandit_like_001194	7	313	21	13	308.4	0.5	577.1
pandit_like_002319	7	313	21	13	308.4	0.5	577.1
pandit_like_011123	7	313	21	13	308.4	0.5	577.1
pandit_like_014922	7	313	21	13	308.4	0.5	577.1
pandit_like_000122	22	67	231	43	308.4	19.0	577.0
pandit_like_004438	22	67	231	43	308.4	19.0	577.0
pandit_like_004954	22	67	231	43	308.4	19.0	577.0
pandit_like_016794	22	67	231	43	308.4	19.0	577.0
pandit_like_018926	22	67	231	43	308.4	19.0	577.0
pandit_like_001045	11	188	55	21	308.4	2.1	576.7
pandit_like_001880	11	188	55	21	308.4	2.1	576.7
pandit_like_002262	11	188	55	21	308.4	2.1	576.7
pandit_like_007141	11	188	55	21	308.4	2.1	576.7
pandit_like_007856	11	188	55	21	308.4	2.1	576.7
pandit_like_009317	11	188	55	21	308.4	2.1	576.7
pandit_like_012564	11	188	55	21	308.4	2.1	576.7
pandit_like_013660	11	188	55	21	308.4	2.1	576.7
pandit_like_014627	11	188	55	21	308.4	2.1	576.7
pandit_like_016570	11	188	55	21	308.4	2.1	576.7
pandit_like_016728	11	188	55	21	308.4	2.1	576.7
pandit_like_017196	11	188	55	21	308.4	2.1	576.7
pandit_like_018770	11	188	55	21	308.4	2.1	576.7
pandit_like_019443	11	188	55	21	308.4	2.1	576.7
pandit_like_003844	9	237	36	17	308.4	1.1	576.6
pandit_like_015546	9	237	36	17	308.4	1.1	576.6
pandit_like_017362	9	237	36	17	308.4	1.1	576.6
pandit_like_002193	14	139	91	27	308.4	4.6	576.6
pandit_like_004309	14	139	91	27	308.4	4.6	576.6
pandit_like_006620	14	139	91	27	308.4	4.6	576.6
pandit_like_013816	14	139	91	27	308.4	4.6	576.6
pandit_like_014461	14	139	91	27	308.4	4.6	576.6
pandit_like_015224	14	139	91	27	308.4	4.6	576.6
pandit_like_000315	4	561	6	7	308.4	0.1	576.4
pandit_like_005472	4	561	6	7	308.4	0.1	576.4
pandit_like_011793	4	561	6	7	308.4	0.1	576.4
pandit_like_016198	4	561	6	7	308.4	0.1	576.4
pandit_like_002788	7	312	21	13	308.4	0.5	576.3
pandit_like_003559	7	312	21	13	308.4	0.5	576.3
pandit_like_005210	7	312	21	13	308.4	0.5	576.3
pandit_like_006667	7	312	21	13	308.4	0.5	576.3
pandit_like_009663	7	312	21	13	308.4	0.5	576.3
pandit_like_014705	7	312	21	13	308.4	0.5	576.3
pandit_like_016699	7	312	21	13	308.4	0.5	576.3
pandit_like_018692	7	312	21	13	308.4	0.5	576.3
pandit_like_019808	7	312	21	13	308.4	0.5	576.3
pandit_like_000032	19	88	171	37	308.4	12.0	576.1
pandit_like_001769	19	88	171	37	308.4	12.0	576.1
pandit_like_003207	19	88	171	37	308.4	12.0	576.1
pandit_like_007645	19	88	171	37	308.4	12.0	576.1
pandit_like_002825	4	560	6	7	308.4	0.1	575.9
pandit_like_003023	4	560	6	7	308.4	0.1	575.9
pandit_like_010405	4	560	6	7	308.4	0.1	575.9
pandit_like_011306	4	560	6	7	308.4	0.1	575.9
pandit_like_005383	5	444	10	9	308.4	0.1	575.6
pandit_like_015704	5	444	10	9	308.4	0.1	575.6
pandit_like_011696	16	115	120	31	308.4	7.0	575.6
pandit_like_012122	16	115	120	31	308.4	7.0	575.6
pandit_like_001607	7	311	21	13	308.4	0.5	575.5
pandit_like_002435	7	311	21	13	308.4	0.5	575.5
pandit_like_006183	7	311	21	13	308.4	0.5	575.5
pandit_like_011263	7	311	21	13	308.4	0.5	575.5
pandit_like_015962	7	311	21	13	308.4	0.5	575.5
pandit_like_019067	7	311	21	13	308.4	0.5	575.5
pandit_like_019505	7	311	21	13	308.4	0.5	575.5
pandit_like_002125	8	269	28	15	308.4	0.7	575.5
pandit_like_002631	8	269	28	15	308.4	0.7	575.5
pandit_like_006978	8	269	28	15	308.4	0.7	575.5
pandit_like_009107	8	269	28	15	308.4	0.7	575.5
pandit_like_016073	8	269	28	15	308.4	0.7	575.5
pandit_like_001799	13	152	78	25	308.4	3.6	574.9
pandit_like_002037	13	152	78	25	308.4	3.6	574.9
pandit_like_002349	13	152	78	25	308.4	3.6	574.9
pandit_like_005461	13	152	78	25	308.4	3.6	574.9
pandit_like_008713	13	152	78	25	308.4	3.6	574.9
pandit_like_009117	13	152	78	25	308.4	3.6	574.9
pandit_like_012728	13	152	78	25	308.4	3.6	574.9
pandit_like_014564	13	152	78	25	308.4	3.6	574.9
pandit_like_015084	13	152	78	25	308.4	3.6	574.9
pandit_like_018745	13	152	78	25	308.4	3.6	574.9
pandit_like_002151	14	138	91	27	308.4	4.6	574.9
pandit_like_004256	14	138	91	27	308.4	4.6	574.9
pandit_like_000840	23	60	253	45	308.4	21.9	574.8
pandit_like_006330	23	60	253	45	308.4	21.9	574.8
pandit_like_010150	23	60	253	45	308.4	21.9	574.8
pandit_like_014200	23	60	253	45	308.4	21.9	574.8
pandit_like_003180	8	268	28	15	308.4	0.7	574.5
pandit_like_005125	8	268	28	15	308.4	0.7	574.5
pandit_like_005405	8	268	28	15	308.4	0.7	574.5
pandit_like_015502	8	268	28	15	308.4	0.7	574.5
pandit_like_019394	8	268	28	15	308.4	0.7	574.5
pandit_like_004299	6	365	15	11	308.4	0.3	574.3
pandit_like_009487	6	365	15	11	308.4	0.3	574.3
pandit_like_009965	6	365	15	11	308.4	0.3	574.3
pandit_like_012218	6	365	15	11	308.4	0.3	574.3
pandit_like_012654	6	365	15	11	308.4	0.3	574.3
pandit_like_013358	6	365	15	11	308.4	0.3	574.3
pandit_like_014439	6	365	15	11	308.4	0.3	574.3
pandit_like_016893	6	365	15	11	308.4	0.3	574.3
pandit_like_001976	11	186	55	21	308.4	2.1	574.0
pandit_like_003532	11	186	55	21	308.4	2.1	574.0
pandit_like_004073	11	186	55	21	308.4	2.1	574.0
pandit_like_004848	11	186	55	21	308.4	2.1	574.0
pandit_like_011376	11	186	55	21	308.4	2.1	574.0
pandit_like_013083	11	186	55	21	308.4	2.1	574.0
pandit_like_013134	11	186	55	21	308.4	2.1	574.0
pandit_like_010187	7	309	21	13	308.4	0.5	573.8
pandit_like_014533	7	309	21	13	308.4	0.5	573.8
pandit_like_017210	7	309	21	13	308.4	0.5	573.8
pandit_like_017846	7	309	21	13	308.4	0.5	573.8
pandit_like_003105	19	87	171	37	308.4	12.0	573.7
pandit_like_008146	19	87	171	37	308.4	12.0	573.7
pandit_like_014391	19	87	171	37	308.4	12.0	573.7
pandit_like_016150	19	87	171	37	308.4	12.0	573.7
pandit_like_019659	19	87	171	37	308.4	12.0	573.7
pandit_like_007358	4	555	6	7	308.4	0.1	573.6
pandit_like_007471	4	555	6	7	308.4	0.1	573.6
pandit_like_016427	4	555	6	7	308.4	0.1	573.6
pandit_like_016588	4	555	6	7	308.4	0.1	573.6
pandit_like_009880	6	364	15	11	308.4	0.3	573.6
pandit_like_010012	6	364	15	11	308.4	0.3	573.6
pandit_like_011314	6	364	15	11	308.4	0.3	573.6
pandit_like_013455	6	364	15	11	308.4	0.3	573.6
pandit_like_001929	8	267	28	15	308.4	0.7	573.6
pandit_like_008023	8	267	28	15	308.4	0.7	573.6
pandit_like_011127	8	267	28	15	308.4	0.7	573.6
pandit_like_000513	16	114	120	31	308.4	7.0	573.6
pandit_like_002389	16	114	120	31	308.4	7.0	573.6
pandit_like_006519	16	114	120	31	308.4	7.0	573.6
pandit_like_011591	16	114	120	31	308.4	7.0	573.6
pandit_like_015269	16	114	120	31	308.4	7.0	573.6
pandit_like_001712	14	137	91	27	308.4	4.6	573.2
pandit_like_002972	14	137	91	27	308.4	4.6	573.2
pandit_like_018330	14	137	91	27	308.4	4.6	573.2
pandit_like_003076	10	207	45	19	308.4	1.5	572.8
pandit_like_003832	10	207	45	19	308.4	1.5	572.8
pandit_like_004710	10	207	45	19	308.4	1.5	572.8
pandit_like_006274	10	207	45	19	308.4	1.5	572.8
pandit_like_012472	10	207	45	19	308.4	1.5	572.8
pandit_like_019155	10	207	45	19	308.4	1.5	572.8
pandit_like_004237	21	72	210	41	308.4	16.5	572.7
pandit_like_008352	21	72	210	41	308.4	16.5	572.7
pandit_like_013193	21	72	210	41	308.4	16.5	572.7
pandit_like_002173	5	439	10	9	308.4	0.1	572.6
pandit_like_005616	5	439	10	9	308.4	0.1	572.6
pandit_like_011995	5	439	10	9	308.4	0.1	572.6
pandit_like_013968	5	439	10	9	308.4	0.1	572.6
pandit_like_015952	5	439	10	9	308.4	0.1	572.6
pandit_like_019924	5	439	10	9	308.4	0.1	572.6
pandit_like_000335	9	233	36	17	308.4	1.1	572.3
pandit_like_000657	9	233	36	17	308.4	1.1	572.3
pandit_like_000966	9	233	36	17	308.4	1.1	572.3
pandit_like_001829	9	233	36	17	308.4	1.1	572.3
pandit_like_002259	9	233	36	17	308.4	1.1	572.3
pandit_like_002843	9	233	36	17	308.4	1.1	572.3
pandit_like_003191	9	233	36	17	308.4	1.1	572.3
pandit_like_003798	9	233	36	17	308.4	1.1	572.3
pandit_like_004704	9	233	36	17	308.4	1.1	572.3
pandit_like_004868	9	233	36	17	308.4	1.1	572.3
pandit_like_005037	9	233	36	17	308.4	1.1	572.3
pandit_like_005524	9	233	36	17	308.4	1.1	572.3
pandit_like_005836	9	233	36	17	308.4	1.1	572.3
pandit_like_006234	9	233	36	17	308.4	1.1	572.3
pandit_like_006849	9	233	36	17	308.4	1.1	572.3
pandit_like_007900	9	233	36	17	308.4	1.1	572.3
pandit_like_012111	9	233	36	17	308.4	1.1	572.3
pandit_like_012829	9	233	36	17	308.4	1.1	572.3
pandit_like_013117	9	233	36	17	308.4	1.1	572.3
pandit_like_013681	9	233	36	17	308.4	1.1	572.3
pandit_like_013730	9	233	36	17	308.4	1.1	572.3
pandit_like_014845	9	233	36	17	308.4	1.1	572.3
pandit_like_015278	9	233	36	17	308.4	1.1	572.3
pandit_like_017024	9	233	36	17	308.4	1.1	572.3
pandit_like_008001	22	65	231	43	308.4	19.0	571.5
pandit_like_010372	22	65	231	43	308.4	19.0	571.5
pandit_like_014518	22	65	231	43	308.4	19.0	571.5
pandit_like_017941	22	65	231	43	308.4	19.0	571.5
pandit_like_000487	9	232	36	17	308.4	1.1	571.2
pandit_like_001979	9	232	36	17	308.4	1.1	571.2
pandit_like_005030	9	232	36	17	308.4	1.1	571.2
pandit_like_005508	9	232	36	17	308.4	1.1	571.2
pandit_like_008314	9	232	36	17	308.4	1.1	571.2
pandit_like_008814	9	232	36	17	308.4	1.1	571.2
pandit_like_010706	9	232	36	17	308.4	1.1	571.2
pandit_like_013012	9	232	36	17	308.4	1.1	571.2
pandit_like_013389	9	232	36	17	308.4	1.1	571.2
pandit_like_014492	9	232	36	17	308.4	1.1	571.2
pandit_like_014774	9	232	36	17	308.4	1.1	571.2
pandit_like_011231	24	53	276	47	308.4	25.0	571.2
pandit_like_013845	24	53	276	47	308.4	25.0	571.2
pandit_like_014527	24	53	276	47	308.4	25.0	571.2
pandit_like_002927	9	231	36	17	308.4	1.1	570.1
pandit_like_013176	9	231	36	17	308.4	1.1	570.1
pandit_like_014490	9	231	36	17	308.4	1.1	570.1
pandit_like_016961	9	231	36	17	308.4	1.1	570.1
pandit_like_018015	9	231	36	17	308.4	1.1	570.1
pandit_like_019166	9	231	36	17	308.4	1.1	570.1
pandit_like_019615	9	231	36	17	308.4	1.1	570.1
pandit_like_003640	6	359	15	11	308.4	0.3	570.0
pandit_like_003731	6	359	15	11	308.4	0.3	570.0
pandit_like_013488	6	359	15	11	308.4	0.3	570.0
pandit_like_014133	6	359	15	11	308.4	0.3	570.0
pandit_like_017505	6	359	15	11	308.4	0.3	570.0
pandit_like_018824	6	359	15	11	308.4	0.3	570.0
pandit_like_002315	4	547	6	7	308.4	0.1	569.8
pandit_like_006051	4	547	6	7	308.4	0.1	569.8
pandit_like_006166	4	547	6	7	308.4	0.1	569.8
pandit_like_013351	4	547	6	7	308.4	0.1	569.8
pandit_like_001847	14	135	91	27	308.4	4.6	569.7
pandit_like_007483	14	135	91	27	308.4	4.6	569.7
pandit_like_007535	14	135	91	27	308.4	4.6	569.7
pandit_like_011581	14	135	91	27	308.4	4.6	569.7
pandit_like_014997	14	135	91	27	308.4	4.6	569.7
pandit_like_016132	14	135	91	27	308.4	4.6	569.7
pandit_like_016488	14	135	91	27	308.4	4.6	569.7
pandit_like_016761	14	135	91	27	308.4	4.6	569.7
pandit_like_018363	14	135	91	27	308.4	4.6	569.7
pandit_like_019063	14	135	91	27	308.4	4.6	569.7
pandit_like_003711	16	112	120	31	308.4	7.0	569.7
pandit_like_004424	16	112	120	31	308.4	7.0	569.7
pandit_like_006684	16	112	120	31	308.4	7.0	569.7
pandit_like_008346	16	112	120	31	308.4	7.0	569.7
pandit_like_017371	16	112	120	31	308.4	7.0	569.7
pandit_like_001717	5	434	10	9	308.4	0.1	569.6
pandit_like_008378	5	434	10	9	308.4	0.1	569.6
pandit_like_008425	5	434	10	9	308.4	0.1	569.6
pandit_like_009033	5	434	10	9	308.4	0.1	569.6
pandit_like_010324	5	434	10	9	308.4	0.1	569.6
pandit_like_010884	5	434	10	9	308.4	0.1	569.6
pandit_like_015233	5	434	10	9	308.4	0.1	569.6
pandit_like_017095	5	434	10	9	308.4	0.1	569.6
pandit_like_001315	10	204	45	19	308.4	1.5	569.1
pandit_like_002504	10	204	45	19	308.4	1.5	569.1
pandit_like_008634	10	204	45	19	308.4	1.5	569.1
pandit_like_011405	10	204	45	19	308.4	1.5	569.1
pandit_like_016440	10	204	45	19	308.4	1.5	569.1
pandit_like_016935	10	204	45	19	308.4	1.5	569.1
pandit_like_000633	9	230	36	17	308.4	1.1	569.0
pandit_like_004172	9	230	36	17	308.4	1.1	569.0
pandit_like_017214	9	230	36	17	308.4	1.1	569.0
pandit_like_018423	9	230	36	17	308.4	1.1	569.0
pandit_like_019565	9	230	36	17	308.4	1.1	569.0
pandit_like_019807	9	230	36	17	308.4	1.1	569.0
pandit_like_001217	19	85	171	37	308.4	12.0	569.0
pandit_like_001541	19	85	171	37	308.4	12.0	569.0
pandit_like_002215	19	85	171	37	308.4	12.0	569.0
pandit_like_002368	19	85	171	37	308.4	12.0	569.0
pandit_like_004779	19	85	171	37	308.4	12.0	569.0
pandit_like_007167	19	85	171	37	308.4	12.0	569.0
pandit_like_005288	4	545	6	7	308.4	0.1	568.8
pandit_like_005917	4	545	6	7	308.4	0.1	568.8
pandit_like_008119	4	545	6	7	308.4	0.1	568.8
pandit_like_009623	4	545	6	7	308.4	0.1	568.8
pandit_like_009994	4	545	6	7	308.4	0.1	568.8
pandit_like_015567	4	545	6	7	308.4	0.1	568.8
pandit_like_001207	11	182	55	21	308.4	2.1	568.7
pandit_like_008218	11	182	55	21	308.4	2.1	568.7
pandit_like_008255	11	182	55	21	308.4	2.1	568.7
pandit_like_011230	11	182	55	21	308.4	2.1	568.7
pandit_like_014186	11	182	55	21	308.4	2.1	568.7
pandit_like_018940	11	182	55	21	308.4	2.1	568.7
pandit_like_002587	4	544	6	7	308.4	0.1	568.3
pandit_like_005150	4	544	6	7	308.4	0.1	568.3
pandit_like_005663	4	544	6	7	308.4	0.1	568.3
pandit_like_009828	4	544	6	7	308.4	0.1	568.3
pandit_like_013742	4	544	6	7	308.4	0.1	568.3
pandit_like_001554	6	356	15	11	308.4	0.3	567.9
pandit_like_002710	6	356	15	11	308.4	0.3	567.9
pandit_like_005402	6	356	15	11	308.4	0.3	567.9
pandit_like_005654	6	356	15	11	308.4	0.3	567.9
pandit_like_006350	6	356	15	11	308.4	0.3	567.9
pandit_like_013947	6	356	15	11	308.4	0.3	567.9
pandit_like_000361	9	229	36	17	308.4	1.1	567.9
pandit_like_007104	9	229	36	17	308.4	1.1	567.9
pandit_like_015494	9	229	36	17	308.4	1.1	567.9
pandit_like_005562	8	261	28	15	308.4	0.7	567.8
pandit_like_006115	8	261	28	15	308.4	0.7	567.8
pandit_like_006861	8	261	28	15	308.4	0.7	567.8
pandit_like_009748	8	261	28	15	308.4	0.7	567.8
pandit_like_019003	8	261	28	15	308.4	0.7	567.8
pandit_like_001031	12	163	66	23	308.4	2.8	567.6
pandit_like_001132	12	163	66	23	308.4	2.8	567.6
pandit_like_001633	12	163	66	23	308.4	2.8	567.6
pandit_like_004211	12	163	66	23	308.4	2.8	567.6
pandit_like_004422	12	163	66	23	308.4	2.8	567.6
pandit_like_004659	12	163	66	23	308.4	2.8	567.6
pandit_like_007288	12	163	66	23	308.4	2.8	567.6
pandit_like_009355	12	163	66	23	308.4	2.8	567.6
pandit_like_009423	12	163	66	23	308.4	2.8	567.6
pandit_like_011028	12	163	66	23	308.4	2.8	567.6
pandit_like_011600	12	163	66	23	308.4	2.8	567.6
pandit_like_014075	12	163	66	23	308.4	2.8	567.6
pandit_like_016988	12	163	66	23	308.4	2.8	567.6
pandit_like_017244	12	163	66	23	308.4	2.8	567.6
pandit_like_017320	12	163	66	23	308.4	2.8	567.6
pandit_like_019310	12	163	66	23	308.4	2.8	567.6
pandit_like_001387	17	101	136	33	308.4	8.5	567.0
pandit_like_019758	17	101	136	33	308.4	8.5	567.0
pandit_like_007526	8	260	28	15	308.4	0.7	566.9
pandit_like_008695	8	260	28	15	308.4	0.7	566.9
pandit_like_011536	8	260	28	15	308.4	0.7	566.9
pandit_like_014605	8	260	28	15	308.4	0.7	566.9
pandit_like_007440	14	133	91	27	308.4	4.6	566.3
pandit_like_012662	14	133	91	27	308.4	4.6	566.3
pandit_like_014053	14	133	91	27	308.4	4.6	566.3
pandit_like_014528	14	133	91	27	308.4	4.6	566.3
pandit_like_002648	15	121	105	29	308.4	5.7	566.3
pandit_like_008805	15	121	105	29	308.4	5.7	566.3
pandit_like_018952	15	121	105	29	308.4	5.7	566.3
pandit_like_012537	22	63	231	43	308.4	19.0	566.0
pandit_like_013240	22	63	231	43	308.4	19.0	566.0
pandit_like_018412	22	63	231	43	308.4	19.0	566.0
pandit_like_000256	8	259	28	15	308.4	0.7	565.9
pandit_like_002374	8	259	28	15	308.4	0.7	565.9
pandit_like_010584	8	259	28	15	308.4	0.7	565.9
pandit_like_013572	8	259	28	15	308.4	0.7	565.9
pandit_like_013602	8	259	28	15	308.4	0.7	565.9
pandit_like_015423	8	259	28	15	308.4	0.7	565.9
pandit_like_015935	8	259	28	15	308.4	0.7	565.9
pandit_like_000397	9	227	36	17	308.4	1.1	565.8
pandit_like_005929	9	227	36	17	308.4	1.1	565.8
pandit_like_010282	9	227	36	17	308.4	1.1	565.8
pandit_like_010716	9	227	36	17	308.4	1.1	565.8
pandit_like_011199	9	227	36	17	308.4	1.1	565.8
pandit_like_008412	4	538	6	7	308.4	0.1	565.5
pandit_like_011743	4	538	6	7	308.4	0.1	565.5
pandit_like_018577	4	538	6	7	308.4	0.1	565.5
pandit_like_003426	5	427	10	9	308.4	0.1	565.5
pandit_like_004355	5	427	10	9	308.4	0.1	565.5
pandit_like_004854	5	427	10	9	308.4	0.1	565.5
pandit_like_005285	5	427	10	9	308.4	0.1	565.5
pandit_like_006160	5	427	10	9	308.4	0.1	565.5
pandit_like_008544	5	427	10	9	308.4	0.1	565.5
pandit_like_009039	5	427	10	9	308.4	0.1	565.5
pandit_like_009327	5	427	10	9	308.4	0.1	565.5
pandit_like_009866	5	427	10	9	308.4	0.1	565.5
pandit_like_011225	5	427	10	9	308.4	0.1	565.5
pandit_like_012377	5	427	10	9	308.4	0.1	565.5
pandit_like_016352	5	427	10	9	308.4	0.1	565.5
pandit_like_018466	5	427	10	9	308.4	0.1	565.5
pandit_like_018538	5	427	10	9	308.4	0.1	565.5
pandit_like_003336	13	146	78	25	308.4	3.6	565.4
pandit_like_003483	13	146	78	25	308.4	3.6	565.4
pandit_like_004210	13	146	78	25	308.4	3.6	565.4
pandit_like_005464	13	146	78	25	308.4	3.6	565.4
pandit_like_015057	13	146	78	25	308.4	3.6	565.4
pandit_like_018022	13	146	78	25	308.4	3.6	565.4
pandit_like_001630	6	351	15	11	308.4	0.3	564.3
pandit_like_002776	6	351	15	11	308.4	0.3	564.3
pandit_like_007143	6	351	15	11	308.4	0.3	564.3
pandit_like_016054	6	351	15	11	308.4	0.3	564.3
pandit_like_007484	10	200	45	19	308.4	1.5	564.3
pandit_like_011024	10	200	45	19	308.4	1.5	564.3
pandit_like_011669	10	200	45	19	308.4	1.5	564.3
pandit_like_002439	18	91	153	35	308.4	10.2	564.3
pandit_like_007008	18	91	153	35	308.4	10.2	564.3
pandit_like_011012	18	91	153	35	308.4	10.2	564.3
pandit_like_014497	18	91	153	35	308.4	10.2	564.3
pandit_like_017463	18	91	153	35	308.4	10.2	564.3
pandit_like_018221	18	91	153	35	308.4	10.2	564.3
pandit_like_003939	19	83	171	37	308.4	12.0	564.3
pandit_like_006653	19	83	171	37	308.4	12.0	564.3
pandit_like_007462	19	83	171	37	308.4	12.0	564.3
pandit_like_003361	16	109	120	31	308.4	7.0	563.7
pandit_like_004055	16	109	120	31	308.4	7.0	563.7
pandit_like_004686	16	109	120	31	308.4	7.0	563.7
pandit_like_010149	16	109	120	31	308.4	7.0	563.7
pandit_like_011946	16	109	120	31	308.4	7.0	563.7
pandit_like_012085	16	109	120	31	308.4	7.0	563.7
pandit_like_002205	11	178	55	21	308.4	2.1	563.3
pandit_like_004665	11	178	55	21	308.4	2.1	563.3
pandit_like_004874	11	178	55	21	308.4	2.1	563.3
pandit_like_007107	11	178	55	21	308.4	2.1	563.3
pandit_like_009834	11	178	55	21	308.4	2.1	563.3
pandit_like_012638	11	178	55	21	308.4	2.1	563.3
pandit_like_002499	5	423	10	9	308.4	0.1	563.1
pandit_like_004023	5	423	10	9	308.4	0.1	563.1
pandit_like_016423	5	423	10	9	308.4	0.1	563.1
pandit_like_000456	8	256	28	15	308.4	0.7	563.0
pandit_like_002982	8	256	28	15	308.4	0.7	563.0
pandit_like_010893	8	256	28	15	308.4	0.7	563.0
pandit_like_014002	8	256	28	15	308.4	0.7	563.0
pandit_like_006794	7	296	21	13	308.4	0.5	562.9
pandit_like_006801	7	296	21	13	308.4	0.5	562.9
pandit_like_009283	7	296	21	13	308.4	0.5	562.9
pandit_like_009765	7	296	21	13	308.4	0.5	562.9
pandit_like_010831	7	296	21	13	308.4	0.5	562.9
pandit_like_013502	7	296	21	13	308.4	0.5	562.9
pandit_like_002731	14	131	91	27	308.4	4.6	562.9
pandit_like_005870	14	131	91	27	308.4	4.6	562.9
pandit_like_010151	14	131	91	27	308.4	4.6	562.9
pandit_like_013728	14	131	91	27	308.4	4.6	562.9
pandit_like_014078	14	131	91	27	308.4	4.6	562.9
pandit_like_016581	14	131	91	27	308.4	4.6	562.9
pandit_like_017426	14	131	91	27	308.4	4.6	562.9
pandit_like_019259	14	131	91	27	308.4	4.6	562.9
pandit_like_000260	9	224	36	17	308.4	1.1	562.5
pandit_like_000903	9	224	36	17	308.4	1.1	562.5
pandit_like_002995	9	224	36	17	308.4	1.1	562.5
pandit_like_005847	9	224	36	17	308.4	1.1	562.5
pandit_like_006288	9	224	36	17	308.4	1.1	562.5
pandit_like_007319	9	224	36	17	308.4	1.1	562.5
pandit_like_008594	9	224	36	17	308.4	1.1	562.5
pandit_like_011032	9	224	36	17	308.4	1.1	562.5
pandit_like_014975	9	224	36	17	308.4	1.1	562.5
pandit_like_019418	9	224	36	17	308.4	1.1	562.5
pandit_like_005142	4	531	6	7	308.4	0.1	562.2
pandit_like_009851	4	531	6	7	308.4	0.1	562.2
pandit_like_016042	8	255	28	15	308.4	0.7	562.1
pandit_like_017541	8	255	28	15	308.4	0.7	562.1
pandit_like_007923	11	177	55	21	308.4	2.1	562.0
pandit_like_010609	11	177	55	21	308.4	2.1	562.0
pandit_like_017617	11	177	55	21	308.4	2.1	562.0
pandit_like_019047	11	177	55	21	308.4	2.1	562.0
pandit_like_000628	5	421	10	9	308.4	0.1	561.9
pandit_like_001246	5	421	10	9	308.4	0.1	561.9
pandit_like_008494	5	421	10	9	308.4	0.1	561.9
pandit_like_019868	5	421	10	9	308.4	0.1	561.9
pandit_like_013853	5	420	10	9	308.4	0.1	561.3
pandit_like_001998	7	294	21	13	308.4	0.5	561.2
pandit_like_003838	7	294	21	13	308.4	0.5	561.2
pandit_like_003979	7	294	21	13	308.4	0.5	561.2
pandit_like_004189	7	294	21	13	308.4	0.5	561.2
pandit_like_006171	7	294	21	13	308.4	0.5	561.2
pandit_like_006347	7	294	21	13	308.4	0.5	561.2
pandit_like_007192	7	294	21	13	308.4	0.5	561.2
pandit_like_009889	7	294	21	13	308.4	0.5	561.2
pandit_like_011830	7	294	21	13	308.4	0.5	561.2
pandit_like_015958	7	294	21	13	308.4	0.5	561.2
pandit_like_002251	11	176	55	21	308.4	2.1	560.7
pandit_like_004140	11	176	55	21	308.4	2.1	560.7
pandit_like_004214	11	176	55	21	308.4	2.1	560.7
pandit_like_010816	11	176	55	21	308.4	2.1	560.7
pandit_like_013740	11	176	55	21	308.4	2.1	560.7
pandit_like_015341	11	176	55	21	308.4	2.1	560.7
pandit_like_016083	11	176	55	21	308.4	2.1	560.7
pandit_like_016731	11	176	55	21	308.4	2.1	560.7
pandit_like_003884	22	61	231	43	308.4	19.0	560.5
pandit_like_008616	22	61	231	43	308.4	19.0	560.5
pandit_like_010053	22	61	231	43	308.4	19.0	560.5
pandit_like_010259	22	61	231	43	308.4	19.0	560.5
pandit_like_010923	22	61	231	43	308.4	19.0	560.5
pandit_like_014951	22	61	231	43	308.4	19.0	560.5
pandit_like_015687	22	61	231	43	308.4	19.0	560.5
pandit_like_018074	22	61	231	43	308.4	19.0	560.5
pandit_like_018144	22	61	231	43	308.4	19.0	560.5
pandit_like_000007	7	293	21	13	308.4	0.5	560.4
pandit_like_002574	7	293	21	13	308.4	0.5	560.4
pandit_like_003242	7	293	21	13	308.4	0.5	560.4
pandit_like_008809	7	293	21	13	308.4	0.5	560.4
pandit_like_017563	7	293	21	13	308.4	0.5	560.4
pandit_like_001428	4	527	6	7	308.4	0.1	560.3
pandit_like_006179	4	527	6	7	308.4	0.1	560.3
pandit_like_018574	4	527	6	7	308.4	0.1	560.3
pandit_like_018717	4	527	6	7	308.4	0.1	560.3
pandit_like_000295	12	158	66	23	308.4	2.8	560.3
pandit_like_001737	12	158	66	23	308.4	2.8	560.3
pandit_like_001990	12	158	66	23	308.4	2.8	560.3
pandit_like_002539	12	158	66	23	308.4	2.8	560.3
pandit_like_002894	12	158	66	23	308.4	2.8	560.3
pandit_like_011410	12	158	66	23	308.4	2.8	560.3
pandit_like_018370	12	158	66	23	308.4	2.8	560.3
pandit_like_009764	20	74	190	39	308.4	14.1	560.2
pandit_like_010781	20	74	190	39	308.4	14.1	560.2
pandit_like_014315	20	74	190	39	308.4	14.1	560.2
pandit_like_002102	5	418	10	9	308.4	0.1	560.1
pandit_like_007562	5	418	10	9	308.4	0.1	560.1
pandit_like_005322	16	107	120	31	308.4	7.0	559.8
pandit_like_006480	16	107	120	31	308.4	7.0	559.8
pandit_like_008245	16	107	120	31	308.4	7.0	559.8
pandit_like_008486	16	107	120	31	308.4	7.0	559.8
pandit_like_008514	16	107	120	31	308.4	7.0	559.8
pandit_like_010201	16	107	120	31	308.4	7.0	559.8
pandit_like_010213	16	107	120	31	308.4	7.0	559.8
pandit_like_012791	16	107	120	31	308.4	7.0	559.8
pandit_like_012849	16	107	120	31	308.4	7.0	559.8
pandit_like_013416	16	107	120	31	308.4	7.0	559.8
pandit_like_014332	16	107	120	31	308.4	7.0	559.8
pandit_like_016261	16	107	120	31	308.4	7.0	559.8
pandit_like_016399	16	107	120	31	308.4	7.0	559.8
pandit_like_018473	16	107	120	31	308.4	7.0	559.8
pandit_like_002001	21	67	210	41	308.4	16.5	559.6
pandit_like_007521	21	67	210	41	308.4	16.5	559.6
pandit_like_015979	21	67	210	41	308.4	16.5	559.6
pandit_like_017475	21	67	210	41	308.4	16.5	559.6
pandit_like_001327	5	417	10	9	308.4	0.1	559.5
pandit_like_008321	5	417	10	9	308.4	0.1	559.5
pandit_like_008403	5	417	10	9	308.4	0.1	559.5
pandit_like_011858	5	417	10	9	308.4	0.1	559.5
pandit_like_012149	5	417	10	9	308.4	0.1	559.5
pandit_like_001916	14	129	91	27	308.4	4.6	559.5
pandit_like_002799	14	129	91	27	308.4	4.6	559.5
pandit_like_002873	14	129	91	27	308.4	4.6	559.5
pandit_like_005632	14	129	91	27	308.4	4.6	559.5
pandit_like_010757	14	129	91	27	308.4	4.6	559.5
pandit_like_011653	14	129	91	27	308.4	4.6	559.5
pandit_like_014174	14	129	91	27	308.4	4.6	559.5
pandit_like_016058	14	129	91	27	308.4	4.6	559.5
pandit_like_010265	6	344	15	11	308.4	0.3	559.3
pandit_like_014046	6	344	15	11	308.4	0.3	559.3
pandit_like_002400	24	49	276	47	308.4	25.0	559.1
pandit_like_011518	24	49	276	47	308.4	25.0	559.1
pandit_like_017413	24	49	276	47	308.4	25.0	559.1
pandit_like_019478	24	49	276	47	308.4	25.0	559.1
pandit_like_001025	12	157	66	23	308.4	2.8	558.8
pandit_like_004970	12	157	66	23	308.4	2.8	558.8
pandit_like_005430	12	157	66	23	308.4	2.8	558.8
pandit_like_005589	12	157	66	23	308.4	2.8	558.8
pandit_like_006625	12	157	66	23	308.4	2.8	558.8
pandit_like_007301	12	157	66	23	308.4	2.8	558.8
pandit_like_011559	12	157	66	23	308.4	2.8	558.8
pandit_like_000478	7	291	21	13	308.4	0.5	558.7
pandit_like_004542	7	291	21	13	308.4	0.5	558.7
pandit_like_015219	7	291	21	13	308.4	0.5	558.7
pandit_like_002533	5	415	10	9	308.4	0.1	558.3
pandit_like_003008	5	415	10	9	308.4	0.1	558.3
pandit_like_004167	5	415	10	9	308.4	0.1	558.3
pandit_like_006969	5	415	10	9	308.4	0.1	558.3
pandit_like_007897	5	415	10	9	308.4	0.1	558.3
pandit_like_008717	5	415	10	9	308.4	0.1	558.3
pandit_like_008979	5	415	10	9	308.4	0.1	558.3
pandit_like_014827	5	415	10	9	308.4	0.1	558.3
pandit_like_016648	5	415	10	9	308.4	0.1	558.3
pandit_like_017350	5	415	10	9	308.4	0.1	558.3
pandit_like_007609	10	195	45	19	308.4	1.5	558.3
pandit_like_010204	10	195	45	19	308.4	1.5	558.3
pandit_like_015931	10	195	45	19	308.4	1.5	558.3
pandit_like_018628	10	195	45	19	308.4	1.5	558.3
pandit_like_001424	6	342	15	11	308.4	0.3	557.9
pandit_like_003332	6	342	15	11	308.4	0.3	557.9
pandit_like_006417	6	342	15	11	308.4	0.3	557.9
pandit_like_007327	6	342	15	11	308.4	0.3	557.9
pandit_like_009152	6	342	15	11	308.4	0.3	557.9
pandit_like_009361	6	342	15	11	308.4	0.3	557.9
pandit_like_009836	6	342	15	11	308.4	0.3	557.9
pandit_like_014058	6	342	15	11	308.4	0.3	557.9
pandit_like_014288	6	342	15	11	308.4	0.3	557.9
pandit_like_016881	6	342	15	11	308.4	0.3	557.9
pandit_like_017261	6	342	15	11	308.4	0.3	557.9
pandit_like_018498	6	342	15	11	308.4	0.3	557.9
pandit_like_004560	14	128	91	27	308.4	4.6	557.8
pandit_like_013038	14	128	91	27	308.4	4.6	557.8
pandit_like_013609	14	128	91	27	308.4	4.6	557.8
pandit_like_015814	14	128	91	27	308.4	4.6	557.8
pandit_like_015984	14	128	91	27	308.4	4.6	557.8
pandit_like_004335	16	106	120	31	308.4	7.0	557.8
pandit_like_005050	16	106	120	31	308.4	7.0	557.8
pandit_like_005140	16	106	120	31	308.4	7.0	557.8
pandit_like_006384	16	106	120	31	308.4	7.0	557.8
pandit_like_007489	16	106	120	31	308.4	7.0	557.8
pandit_like_012839	16	106	120	31	308.4	7.0	557.8
pandit_like_015817	16	106	120	31	308.4	7.0	557.8
pandit_like_017904	16	106	120	31	308.4	7.0	557.8
pandit_like_018237	16	106	120	31	308.4	7.0	557.8
pandit_like_019324	16	106	120	31	308.4	7.0	557.8
pandit_like_002711	5	414	10	9	308.4	0.1	557.7
pandit_like_002800	5	414	10	9	308.4	0.1	557.7
pandit_like_003467	5	414	10	9	308.4	0.1	557.7
pandit_like_009860	5	414	10	9	308.4	0.1	557.7
pandit_like_003516	4	521	6	7	308.4	0.1	557.4
pandit_like_014030	4	521	6	7	308.4	0.1	557.4
pandit_like_014350	4	521	6	7	308.4	0.1	557.4
pandit_like_015292	4	521	6	7	308.4	0.1	557.4
pandit_like_016650	4	521	6	7	308.4	0.1	557.4
pandit_like_018914	4	521	6	7	308.4	0.1	557.4
pandit_like_004048	6	341	15	11	308.4	0.3	557.2
pandit_like_005387	6	341	15	11	308.4	0.3	557.2
pandit_like_009153	6	341	15	11	308.4	0.3	557.2
pandit_like_010418	6	341	15	11	308.4	0.3	557.2
pandit_like_012108	6	341	15	11	308.4	0.3	557.2
pandit_like_015349	6	341	15	11	308.4	0.3	557.2
pandit_like_019591	6	341	15	11	308.4	0.3	557.2
pandit_like_001729	8	250	28	15	308.4	0.7	557.2
pandit_like_004041	8	250	28	15	308.4	0.7	557.2
pandit_like_006009	8	250	28	15	308.4	0.7	557.2
pandit_like_006461	8	250	28	15	308.4	0.7	557.2
pandit_like_006544	8	250	28	15	308.4	0.7	557.2
pandit_like_009486	8	250	28	15	308.4	0.7	557.2
pandit_like_012437	8	250	28	15	308.4	0.7	557.2
pandit_like_017149	8	250	28	15	308.4	0.7	557.2
pandit_like_017357	8	250	28	15	308.4	0.7	557.2
pandit_like_017434	8	250	28	15	308.4	0.7	557.2
pandit_like_017724	8	250	28	15	308.4	0.7	557.2
pandit_like_018004	8	250	28	15	308.4	0.7	557.2
pandit_like_018232	8	250	28	15	308.4	0.7	557.2
pandit_like_019459	8	250	28	15	308.4	0.7	557.2
pandit_like_019476	8	250	28	15	308.4	0.7	557.2
pandit_like_019787	8	250	28	15	308.4	0.7	557.2
pandit_like_001448	5	413	10	9	308.4	0.1	557.1
pandit_like_003716	5	413	10	9	308.4	0.1	557.1
pandit_like_006188	5	413	10	9	308.4	0.1	557.1
pandit_like_007378	5	413	10	9	308.4	0.1	557.1
pandit_like_009448	5	413	10	9	308.4	0.1	557.1
pandit_like_011085	5	413	10	9	308.4	0.1	557.1
pandit_like_015322	5	413	10	9	308.4	0.1	557.1
pandit_like_015658	5	413	10	9	308.4	0.1	557.1
pandit_like_018633	5	413	10	9	308.4	0.1	557.1
pandit_like_001609	7	289	21	13	308.4	0.5	557.0
pandit_like_004508	7	289	21	13	308.4	0.5	557.0
pandit_like_004983	7	289	21	13	308.4	0.5	557.0
pandit_like_008683	7	289	21	13	308.4	0.5	557.0
pandit_like_011490	7	289	21	13	308.4	0.5	557.0
pandit_like_015942	7	289	21	13	308.4	0.5	557.0
pandit_like_016890	7	289	21	13	308.4	0.5	557.0
pandit_like_017305	7	289	21	13	308.4	0.5	557.0
pandit_like_000688	11	173	55	21	308.4	2.1	556.7
pandit_like_001722	11	173	55	21	308.4	2.1	556.7
pandit_like_002414	11	173	55	21	308.4	2.1	556.7
pandit_like_002834	11	173	55	21	308.4	2.1	556.7
pandit_like_002938	11	173	55	21	308.4	2.1	556.7
pandit_like_003743	11	173	55	21	308.4	2.1	556.7
pandit_like_004314	11	173	55	21	308.4	2.1	556.7
pandit_like_011185	11	173	55	21	308.4	2.1	556.7
pandit_like_013582	11	173	55	21	308.4	2.1	556.7
pandit_like_014431	11	173	55	21	308.4	2.1	556.7
pandit_like_015773	11	173	55	21	308.4	2.1	556.7
pandit_like_016366	11	173	55	21	308.4	2.1	556.7
pandit_like_016871	11	173	55	21	308.4	2.1	556.7
pandit_like_017043	11	173	55	21	308.4	2.1	556.7
pandit_like_018365	11	173	55	21	308.4	2.1	556.7
pandit_like_019125	11	173	55	21	308.4	2.1	556.7
pandit_like_000841	5	412	10	9	308.4	0.1	556.5
pandit_like_001196	5	412	10	9	308.4	0.1	556.5
pandit_like_001863	5	412	10	9	308.4	0.1	556.5
pandit_like_003338	5	412	10	9	308.4	0.1	556.5
pandit_like_003416	5	412	10	9	308.4	0.1	556.5
pandit_like_003907	5	412	10	9	308.4	0.1	556.5
pandit_like_004923	5	412	10	9	308.4	0.1	556.5
pandit_like_006524	5	412	10	9	308.4	0.1	556.5
pandit_like_008781	5	412	10	9	308.4	0.1	556.5
pandit_like_011647	5	412	10	9	308.4	0.1	556.5
pandit_like_013131	5	412	10	9	308.4	0.1	556.5
pandit_like_014336	5	412	10	9	308.4	0.1	556.5
pandit_like_015484	5	412	10	9	308.4	0.1	556.5
pandit_like_016970	5	412	10	9	308.4	0.1	556.5
pandit_like_019577	5	412	10	9	308.4	0.1	556.5
pandit_like_013760	6	340	15	11	308.4	0.3	556.4
pandit_like_000580	9	218	36	17	308.4	1.1	556.0
pandit_like_010065	9	218	36	17	308.4	1.1	556.0
pandit_like_001968	5	411	10	9	308.4	0.1	555.9
pandit_like_002002	5	411	10	9	308.4	0.1	555.9
pandit_like_003283	5	411	10	9	308.4	0.1	555.9
pandit_like_005320	5	411	10	9	308.4	0.1	555.9
pandit_like_006165	5	411	10	9	308.4	0.1	555.9
pandit_like_006975	5	411	10	9	308.4	0.1	555.9
pandit_like_013723	5	411	10	9	308.4	0.1	555.9
pandit_like_017778	5	411	10	9	308.4	0.1	555.9
pandit_like_018072	5	411	10	9	308.4	0.1	555.9
pandit_like_018798	5	411	10	9	308.4	0.1	555.9
pandit_like_001085	13	140	78	25	308.4	3.6	555.9
pandit_like_001261	13	140	78	25	308.4	3.6	555.9
pandit_like_009080	13	140	78	25	308.4	3.6	555.9
pandit_like_010057	13	140	78	25	308.4	3.6	555.9
pandit_like_010302	13	140	78	25	308.4	3.6	555.9
pandit_like_010730	13	140	78	25	308.4	3.6	555.9
pandit_like_011040	13	140	78	25	308.4	3.6	555.9
pandit_like_012043	13	140	78	25	308.4	3.6	555.9
pandit_like_012866	13	140	78	25	308.4	3.6	555.9
pandit_like_015490	13	140	78	25	308.4	3.6	555.9
pandit_like_016525	13	140	78	25	308.4	3.6	555.9
pandit_like_016752	13	140	78	25	308.4	3.6	555.9
pandit_like_018123	13	140	78	25	308.4	3.6	555.9
pandit_like_000972	6	339	15	11	308.4	0.3	555.7
pandit_like_005358	6	339	15	11	308.4	0.3	555.7
pandit_like_006143	6	339	15	11	308.4	0.3	555.7
pandit_like_006430	6	339	15	11	308.4	0.3	555.7
pandit_like_014710	6	339	15	11	308.4	0.3	555.7
pandit_like_014944	6	339	15	11	308.4	0.3	555.7
pandit_like_002184	7	287	21	13	308.4	0.5	555.4
pandit_like_002272	7	287	21	13	308.4	0.5	555.4
pandit_like_002707	7	287	21	13	308.4	0.5	555.4
pandit_like_003394	7	287	21	13	308.4	0.5	555.4
pandit_like_004008	7	287	21	13	308.4	0.5	555.4
pandit_like_005758	7	287	21	13	308.4	0.5	555.4
pandit_like_007306	7	287	21	13	308.4	0.5	555.4
pandit_like_012151	7	287	21	13	308.4	0.5	555.4
pandit_like_013638	7	287	21	13	308.4	0.5	555.4
pandit_like_017311	7	287	21	13	308.4	0.5	555.4
pandit_like_019630	7	287	21	13	308.4	0.5	555.4
pandit_like_001506	18	87	153	35	308.4	10.2	555.4
pandit_like_005783	18	87	153	35	308.4	10.2	555.4
pandit_like_007267	18	87	153	35	308.4	10.2	555.4
pandit_like_019751	18	87	153	35	308.4	10.2	555.4
pandit_like_000687	15	115	105	29	308.4	5.7	555.3
pandit_like_003947	15	115	105	29	308.4	5.7	555.3
pandit_like_007415	15	115	105	29	308.4	5.7	555.3
pandit_like_016948	15	115	105	29	308.4	5.7	555.3
pandit_like_000548	7	286	21	13	308.4	0.5	554.5
pandit_like_002104	7	286	21	13	308.4	0.5	554.5
pandit_like_003183	7	286	21	13	308.4	0.5	554.5
pandit_like_007654	7	286	21	13	308.4	0.5	554.5
pandit_like_011170	7	286	21	13	308.4	0.5	554.5
pandit_like_011516	7	286	21	13	308.4	0.5	554.5
pandit_like_011652	7	286	21	13	308.4	0.5	554.5
pandit_like_013519	7	286	21	13	308.4	0.5	554.5
pandit_like_013950	7	286	21	13	308.4	0.5	554.5
pandit_like_018572	7	286	21	13	308.4	0.5	554.5
pandit_like_000641	8	247	28	15	308.4	0.7	554.4
pandit_like_006663	8	247	28	15	308.4	0.7	554.4
pandit_like_007170	8	247	28	15	308.4	0.7	554.4
pandit_like_001613	12	154	66	23	308.4	2.8	554.4
pandit_like_001899	12	154	66	23	308.4	2.8	554.4
pandit_like_013406	12	154	66	23	308.4	2.8	554.4
pandit_like_014000	12	154	66	23	308.4	2.8	554.4
pandit_like_015727	12	154	66	23	308.4	2.8	554.4
pandit_like_016691	12	154	66	23	308.4	2.8	554.4
pandit_like_017315	12	154	66	23	308.4	2.8	554.4
pandit_like_000148	14	126	91	27	308.4	4.6	554.3
pandit_like_007718	14	126	91	27	308.4	4.6	554.3
pandit_like_011317	14	126	91	27	308.4	4.6	554.3
pandit_like_012898	14	126	91	27	308.4	4.6	554.3
pandit_like_017997	14	126	91	27	308.4	4.6	554.3
pandit_like_000805	11	171	55	21	308.4	2.1	554.0
pandit_like_002851	11	171	55	21	308.4	2.1	554.0
pandit_like_010241	11	171	55	21	308.4	2.1	554.0
pandit_like_015851	11	171	55	21	308.4	2.1	554.0
pandit_like_017179	11	171	55	21	308.4	2.1	554.0
pandit_like_000781	25	42	300	49	308.4	28.3	553.8
pandit_like_006825	25	42	300	49	308.4	28.3	553.8
pandit_like_011299	25	42	300	49	308.4	28.3	553.8
pandit_like_012362	25	42	300	49	308.4	28.3	553.8
pandit_like_013496	25	42	300	49	308.4	28.3	553.8
pandit_like_017992	25	42	300	49	308.4	28.3	553.8
pandit_like_019957	25	42	300	49	308.4	28.3	553.8
pandit_like_000283	26	37	325	51	308.4	32.0	553.7
pandit_like_001142	26	37	325	51	308.4	32.0	553.7
pandit_like_003737	26	37	325	51	308.4	32.0	553.7
pandit_like_010327	26	37	325	51	308.4	32.0	553.7
pandit_like_011920	26	37	325	51	308.4	32.0	553.7
pandit_like_012730	26	37	325	51	308.4	32.0	553.7
pandit_like_014921	26	37	325	51	308.4	32.0	553.7
pandit_like_016609	26	37	325	51	308.4	32.0	553.7
pandit_like_018796	26	37	325	51	308.4	32.0	553.7
pandit_like_019059	26	37	325	51	308.4	32.0	553.7
pandit_like_006501	6	336	15	11	308.4	0.3	553.6
pandit_like_008969	6	336	15	11	308.4	0.3	553.6
pandit_like_009344	6	336	15	11	308.4	0.3	553.6
pandit_like_012372	6	336	15	11	308.4	0.3	553.6
pandit_like_013541	6	336	15	11	308.4	0.3	553.6
pandit_like_015462	6	336	15	11	308.4	0.3	553.6
pandit_like_015539	6	336	15	11	308.4	0.3	553.6
pandit_like_015922	6	336	15	11	308.4	0.3	553.6
pandit_like_018905	6	336	15	11	308.4	0.3	553.6
pandit_like_002103	8	246	28	15	308.4	0.7	553.4
pandit_like_003841	8	246	28	15	308.4	0.7	553.4
pandit_like_004386	8	246	28	15	308.4	0.7	553.4
pandit_like_004472	8	246	28	15	308.4	0.7	553.4
pandit_like_011726	8	246	28	15	308.4	0.7	553.4
pandit_like_013468	8	246	28	15	308.4	0.7	553.4
pandit_like_019705	8	246	28	15	308.4	0.7	553.4
pandit_like_000195	11	170	55	21	308.4	2.1	552.7
pandit_like_000646	11	170	55	21	308.4	2.1	552.7
pandit_like_004724	11	170	55	21	308.4	2.1	552.7
pandit_like_006365	11	170	55	21	308.4	2.1	552.7
pandit_like_011731	11	170	55	21	308.4	2.1	552.7
pandit_like_017328	11	170	55	21	308.4	2.1	552.7
pandit_like_019517	11	170	55	21	308.4	2.1	552.7
pandit_like_003388	17	94	136	33	308.4	8.5	552.3
pandit_like_006629	17	94	136	33	308.4	8.5	552.3
pandit_like_015443	17	94	136	33	308.4	8.5	552.3
pandit_like_016121	17	94	136	33	308.4	8.5	552.3
pandit_like_003068	8	244	28	15	308.4	0.7	551.5
pandit_like_007330	8	244	28	15	308.4	0.7	551.5
pandit_like_000183	6	333	15	11	308.4	0.3	551.4
pandit_like_005427	6	333	15	11	308.4	0.3	551.4
pandit_like_010649	6	333	15	11	308.4	0.3	551.4
pandit_like_011704	6	333	15	11	308.4	0.3	551.4
pandit_like_000849	7	282	21	13	308.4	0.5	551.2
pandit_like_002062	7	282	21	13	308.4	0.5	551.2
pandit_like_002910	7	282	21	13	308.4	0.5	551.2
pandit_like_005842	7	282	21	13	308.4	0.5	551.2
pandit_like_008469	7	282	21	13	308.4	0.5	551.2
pandit_like_009144	7	282	21	13	308.4	0.5	551.2
pandit_like_012284	7	282	21	13	308.4	0.5	551.2
pandit_like_017803	7	282	21	13	308.4	0.5	551.2
pandit_like_019806	7	282	21	13	308.4	0.5	551.2
pandit_like_001187	14	124	91	27	308.4	4.6	550.9
pandit_like_003290	14	124	91	27	308.4	4.6	550.9
pandit_like_003805	14	124	91	27	308.4	4.6	550.9
pandit_like_004773	14	124	91	27	308.4	4.6	550.9
pandit_like_005016	14	124	91	27	308.4	4.6	550.9
pandit_like_007408	14	124	91	27	308.4	4.6	550.9
pandit_like_016674	14	124	91	27	308.4	4.6	550.9
pandit_like_017184	14	124	91	27	308.4	4.6	550.9
pandit_like_000352	6	332	15	11	308.4	0.3	550.7
pandit_like_001148	6	332	15	11	308.4	0.3	550.7
pandit_like_012160	6	332	15	11	308.4	0.3	550.7
pandit_like_014027	6	332	15	11	308.4	0.3	550.7
pandit_like_016750	6	332	15	11	308.4	0.3	550.7
pandit_like_000887	9	213	36	17	308.4	1.1	550.6
pandit_like_007242	9	213	36	17	308.4	1.1	550.6
pandit_like_008915	9	213	36	17	308.4	1.1	550.6
pandit_like_010454	9	213	36	17	308.4	1.1	550.6
pandit_like_010660	9	213	36	17	308.4	1.1	550.6
pandit_like_017452	9	213	36	17	308.4	1.1	550.6
pandit_like_019335	9	213	36	17	308.4	1.1	550.6
pandit_like_002857	20	70	190	39	308.4	14.1	550.3
pandit_like_005695	20	70	190	39	308.4	14.1	550.3
pandit_like_006608	20	70	190	39	308.4	14.1	550.3
pandit_like_012856	20	70	190	39	308.4	14.1	550.3
pandit_like_013079	20	70	190	39	308.4	14.1	550.3
pandit_like_007743	4	505	6	7	308.4	0.1	549.8
pandit_like_011418	4	505	6	7	308.4	0.1	549.8
pandit_like_014145	4	505	6	7	308.4	0.1	549.8
pandit_like_015438	4	505	6	7	308.4	0.1	549.8
pandit_like_018382	4	505	6	7	308.4	0.1	549.8
pandit_like_019748	4	505	6	7	308.4	0.1	549.8
pandit_like_003282	8	242	28	15	308.4	0.7	549.6
pandit_like_006491	8	242	28	15	308.4	0.7	549.6
pandit_like_019541	8	242	28	15	308.4	0.7	549.6
pandit_like_000680	7	280	21	13	308.4	0.5	549.5
pandit_like_001377	7	280	21	13	308.4	0.5	549.5
pandit_like_004238	7	280	21	13	308.4	0.5	549.5
pandit_like_005591	7	280	21	13	308.4	0.5	549.5
pandit_like_006377	7	280	21	13	308.4	0.5	549.5
pandit_like_006746	7	280	21	13	308.4	0.5	549.5
pandit_like_011106	7	280	21	13	308.4	0.5	549.5
pandit_like_011531	7	280	21	13	308.4	0.5	549.5
pandit_like_011724	7	280	21	13	308.4	0.5	549.5
pandit_like_017092	7	280	21	13	308.4	0.5	549.5
pandit_like_019568	7	280	21	13	308.4	0.5	549.5
pandit_like_002877	9	212	36	17	308.4	1.1	549.5
pandit_like_003891	9	212	36	17	308.4	1.1	549.5
pandit_like_004490	9	212	36	17	308.4	1.1	549.5
pandit_like_005652	9	212	36	17	308.4	1.1	549.5
pandit_like_009257	9	212	36	17	308.4	1.1	549.5
pandit_like_011372	9	212	36	17	308.4	1.1	549.5
pandit_like_012637	9	212	36	17	308.4	1.1	549.5
pandit_like_019210	9	212	36	17	308.4	1.1	549.5
pandit_like_010946	5	400	10	9	308.4	0.1	549.4
pandit_like_017943	5	400	10	9	308.4	0.1	549.4
pandit_like_000689	14	123	91	27	308.4	4.6	549.2
pandit_like_000765	14	123	91	27	308.4	4.6	549.2
pandit_like_002501	14	123	91	27	308.4	4.6	549.2
pandit_like_004832	14	123	91	27	308.4	4.6	549.2
pandit_like_006795	14	123	91	27	308.4	4.6	549.2
pandit_like_007813	14	123	91	27	308.4	4.6	549.2
pandit_like_013243	14	123	91	27	308.4	4.6	549.2
pandit_like_016724	14	123	91	27	308.4	4.6	549.2
pandit_like_017217	14	123	91	27	308.4	4.6	549.2
pandit_like_017874	14	123	91	27	308.4	4.6	549.2
pandit_like_017940	14	123	91	27	308.4	4.6	549.2
pandit_like_018171	14	123	91	27	308.4	4.6	549.2
pandit_like_004678	5	399	10	9	308.4	0.1	548.8
pandit_like_010449	5	399	10	9	308.4	0.1	548.8
pandit_like_011206	5	399	10	9	308.4	0.1	548.8
pandit_like_017499	5	399	10	9	308.4	0.1	548.8
pandit_like_018956	5	399	10	9	308.4	0.1	548.8
pandit_like_000620	18	84	153	35	308.4	10.2	548.7
pandit_like_002452	18	84	153	35	308.4	10.2	548.7
pandit_like_004507	18	84	153	35	308.4	10.2	548.7
pandit_like_008475	18	84	153	35	308.4	10.2	548.7
pandit_like_010352	18	84	153	35	308.4	10.2	548.7
pandit_like_013530	18	84	153	35	308.4	10.2	548.7
pandit_like_018578	18	84	153	35	308.4	10.2	548.7
pandit_like_004454	7	279	21	13	308.4	0.5	548.6
pandit_like_010669	7	279	21	13	308.4	0.5	548.6
pandit_like_011905	7	279	21	13	308.4	0.5	548.6
pandit_like_014607	7	279	21	13	308.4	0.5	548.6
pandit_like_016920	7	279	21	13	308.4	0.5	548.6
pandit_like_019996	7	279	21	13	308.4	0.5	548.6
pandit_like_006827	9	211	36	17	308.4	1.1	548.4
pandit_like_009882	9	211	36	17	308.4	1.1	548.4
pandit_like_019882	9	211	36	17	308.4	1.1	548.4
pandit_like_007281	13	135	78	25	308.4	3.6	548.0
pandit_like_007646	13	135	78	25	308.4	3.6	548.0
pandit_like_008139	13	135	78	25	308.4	3.6	548.0
pandit_like_000453	19	76	171	37	308.4	12.0	547.8
pandit_like_003081	19	76	171	37	308.4	12.0	547.8
pandit_like_006858	19	76	171	37	308.4	12.0	547.8
pandit_like_007441	19	76	171	37	308.4	12.0	547.8
pandit_like_009540	19	76	171	37	308.4	12.0	547.8
pandit_like_010727	19	76	171	37	308.4	12.0	547.8
pandit_like_016254	19	76	171	37	308.4	12.0	547.8
pandit_like_016304	19	76	171	37	308.4	12.0	547.8
pandit_like_016329	19	76	171	37	308.4	12.0	547.8
pandit_like_012352	10	186	45	19	308.4	1.5	547.4
pandit_like_018876	10	186	45	19	308.4	1.5	547.4
pandit_like_005238	11	166	55	21	308.4	2.1	547.3
pandit_like_013624	11	166	55	21	308.4	2.1	547.3
pandit_like_017521	11	166	55	21	308.4	2.1	547.3
pandit_like_018391	11	166	55	21	308.4	2.1	547.3
pandit_like_018559	11	166	55	21	308.4	2.1	547.3
pandit_like_003011	8	239	28	15	308.4	0.7	546.7
pandit_like_010774	8	239	28	15	308.4	0.7	546.7
pandit_like_012671	8	239	28	15	308.4	0.7	546.7
pandit_like_000498	6	326	15	11	308.4	0.3	546.4
pandit_like_005456	6	326	15	11	308.4	0.3	546.4
pandit_like_006673	6	326	15	11	308.4	0.3	546.4
pandit_like_007269	6	326	15	11	308.4	0.3	546.4
pandit_like_007463	6	326	15	11	308.4	0.3	546.4
pandit_like_012268	6	326	15	11	308.4	0.3	546.4
pandit_like_012997	6	326	15	11	308.4	0.3	546.4
pandit_like_017506	6	326	15	11	308.4	0.3	546.4
pandit_like_002869	9	209	36	17	308.4	1.1	546.2
pandit_like_007547	9	209	36	17	308.4	1.1	546.2
pandit_like_008923	9	209	36	17	308.4	1.1	546.2
pandit_like_012946	9	209	36	17	308.4	1.1	546.2
pandit_like_013198	9	209	36	17	308.4	1.1	546.2
pandit_like_013744	9	209	36	17	308.4	1.1	546.2
pandit_like_014466	9	209	36	17	308.4	1.1	546.2
pandit_like_016372	9	209	36	17	308.4	1.1	546.2
pandit_like_001023	11	165	55	21	308.4	2.1	546.0
pandit_like_002968	11	165	55	21	308.4	2.1	546.0
pandit_like_006743	11	165	55	21	308.4	2.1	546.0
pandit_like_011383	11	165	55	21	308.4	2.1	546.0
pandit_like_011406	11	165	55	21	308.4	2.1	546.0
pandit_like_012580	11	165	55	21	308.4	2.1	546.0
pandit_like_015106	11	165	55	21	308.4	2.1	546.0
pandit_like_001414	23	50	253	45	308.4	21.9	545.9
pandit_like_006988	23	50	253	45	308.4	21.9	545.9
pandit_like_007012	23	50	253	45	308.4	21.9	545.9
pandit_like_007106	23	50	253	45	308.4	21.9	545.9
pandit_like_013290	23	50	253	45	308.4	21.9	545.9
pandit_like_014103	23	50	253	45	308.4	21.9	545.9
pandit_like_015997	23	50	253	45	308.4	21.9	545.9
pandit_like_004101	5	394	10	9	308.4	0.1	545.8
pandit_like_005253	5	394	10	9	308.4	0.1	545.8
pandit_like_005533	5	394	10	9	308.4	0.1	545.8
pandit_like_010300	5	394	10	9	308.4	0.1	545.8
pandit_like_017670	5	394	10	9	308.4	0.1	545.8
pandit_like_002274	14	121	91	27	308.4	4.6	545.8
pandit_like_009312	14	121	91	27	308.4	4.6	545.8
pandit_like_010142	14	121	91	27	308.4	4.6	545.8
pandit_like_010378	14	121	91	27	308.4	4.6	545.8
pandit_like_010472	14	121	91	27	308.4	4.6	545.8
pandit_like_010518	14	121	91	27	308.4	4.6	545.8
pandit_like_012669	14	121	91	27	308.4	4.6	545.8
pandit_like_013018	14	121	91	27	308.4	4.6	545.8
pandit_like_013927	14	121	91	27	308.4	4.6	545.8
pandit_like_015653	14	121	91	27	308.4	4.6	545.8
pandit_like_018132	14	121	91	27	308.4	4.6	545.8
pandit_like_003530	12	148	66	23	308.4	2.8	545.7
pandit_like_003958	12	148	66	23	308.4	2.8	545.7
pandit_like_008072	12	148	66	23	308.4	2.8	545.7
pandit_like_013288	12	148	66	23	308.4	2.8	545.7
pandit_like_002378	4	495	6	7	308.4	0.1	545.1
pandit_like_005455	4	495	6	7	308.4	0.1	545.1
pandit_like_008567	4	495	6	7	308.4	0.1	545.1
pandit_like_012206	4	495	6	7	308.4	0.1	545.1
pandit_like_012899	4	495	6	7	308.4	0.1	545.1
pandit_like_014191	4	495	6	7	308.4	0.1	545.1
pandit_like_014675	4	495	6	7	308.4	0.1	545.1
pandit_like_014694	4	495	6	7	308.4	0.1	545.1
pandit_like_000499	6	324	15	11	308.4	0.3	545.0
pandit_like_002225	6	324	15	11	308.4	0.3	545.0
pandit_like_005898	6	324	15	11	308.4	0.3	545.0
pandit_like_007292	6	324	15	11	308.4	0.3	545.0
pandit_like_009071	6	324	15	11	308.4	0.3	545.0
pandit_like_010040	6	324	15	11	308.4	0.3	545.0
pandit_like_012567	6	324	15	11	308.4	0.3	545.0
pandit_like_012800	6	324	15	11	308.4	0.3	545.0
pandit_like_013879	6	324	15	11	308.4	0.3	545.0
pandit_like_019381	6	324	15	11	308.4	0.3	545.0
pandit_like_006167	10	184	45	19	308.4	1.5	545.0
pandit_like_009800	10	184	45	19	308.4	1.5	545.0
pandit_like_013724	10	184	45	19	308.4	1.5	545.0
pandit_like_003643	4	494	6	7	308.4	0.1	544.6
pandit_like_009925	4	494	6	7	308.4	0.1	544.6
pandit_like_015636	4	494	6	7	308.4	0.1	544.6
pandit_like_017279	4	494	6	7	308.4	0.1	544.6
pandit_like_013977	5	392	10	9	308.4	0.1	544.6
pandit_like_004765	11	164	55	21	308.4	2.1	544.6
pandit_like_005204	11	164	55	21	308.4	2.1	544.6
pandit_like_006582	11	164	55	21	308.4	2.1	544.6
pandit_like_007611	11	164	55	21	308.4	2.1	544.6
pandit_like_008613	11	164	55	21	308.4	2.1	544.6
pandit_like_009003	11	164	55	21	308.4	2.1	544.6
pandit_like_015264	11	164	55	21	308.4	2.1	544.6
pandit_like_016446	11	164	55	21	308.4	2.1	544.6
pandit_like_019690	11	164	55	21	308.4	2.1	544.6
pandit_like_010226	15	109	105	29	308.4	5.7	544.2
pandit_like_014805	15	109	105	29	308.4	5.7	544.2
pandit_like_019287	15	109	105	29	308.4	5.7	544.2
pandit_like_000172	16	99	120	31	308.4	7.0	544.1
pandit_like_000201	16	99	120	31	308.4	7.0	544.1
pandit_like_006437	16	99	120	31	308.4	7.0	544.1
pandit_like_008174	16	99	120	31	308.4	7.0	544.1
pandit_like_009274	16	99	120	31	308.4	7.0	544.1
pandit_like_010950	16	99	120	31	308.4	7.0	544.1
pandit_like_011138	16	99	120	31	308.4	7.0	544.1
pandit_like_014177	16	99	120	31	308.4	7.0	544.1
pandit_like_014376	16	99	120	31	308.4	7.0	544.1
pandit_like_017645	16	99	120	31	308.4	7.0	544.1
pandit_like_001521	5	391	10	9	308.4	0.1	544.0
pandit_like_007160	5	391	10	9	308.4	0.1	544.0
pandit_like_010597	5	391	10	9	308.4	0.1	544.0
pandit_like_016102	5	391	10	9	308.4	0.1	544.0
pandit_like_012500	8	236	28	15	308.4	0.7	543.8
pandit_like_013408	8	236	28	15	308.4	0.7	543.8
pandit_like_015690	8	236	28	15	308.4	0.7	543.8
pandit_like_018703	8	236	28	15	308.4	0.7	543.8
pandit_like_018719	8	236	28	15	308.4	0.7	543.8
pandit_like_018744	8	236	28	15	308.4	0.7	543.8
pandit_like_019869	8	236	28	15	308.4	0.7	543.8
pandit_like_008554	10	183	45	19	308.4	1.5	543.8
pandit_like_008284	6	322	15	11	308.4	0.3	543.5
pandit_like_011983	6	322	15	11	308.4	0.3	543.5
pandit_like_013203	6	322	15	11	308.4	0.3	543.5
pandit_like_009428	11	163	55	21	308.4	2.1	543.3
pandit_like_018142	11	163	55	21	308.4	2.1	543.3
pandit_like_019509	11	163	55	21	308.4	2.1	543.3
pandit_like_001274	13	132	78	25	308.4	3.6	543.2
pandit_like_001624	13	132	78	25	308.4	3.6	543.2
pandit_like_003568	13	132	78	25	308.4	3.6	543.2
pandit_like_006222	13	132	78	25	308.4	3.6	543.2
pandit_like_006438	7	272	21	13	308.4	0.5	542.8
pandit_like_007539	7	272	21	13	308.4	0.5	542.8
pandit_like_007889	7	272	21	13	308.4	0.5	542.8
pandit_like_011357	7	272	21	13	308.4	0.5	542.8
pandit_like_017755	7	272	21	13	308.4	0.5	542.8
pandit_like_002153	20	67	190	39	308.4	14.1	542.8
pandit_like_004469	20	67	190	39	308.4	14.1	542.8
pandit_like_006452	20	67	190	39	308.4	14.1	542.8
pandit_like_011649	20	67	190	39	308.4	14.1	542.8
pandit_like_012697	20	67	190	39	308.4	14.1	542.8
pandit_like_016124	20	67	190	39	308.4	14.1	542.8
pandit_like_018377	20	67	190	39	308.4	14.1	542.8
pandit_like_001433	5	388	10	9	308.4	0.1	542.3
pandit_like_003137	5	388	10	9	308.4	0.1	542.3
pandit_like_005012	5	388	10	9	308.4	0.1	542.3
pandit_like_006617	5	388	10	9	308.4	0.1	542.3
pandit_like_013338	5	388	10	9	308.4	0.1	542.3
pandit_like_000153	18	81	153	35	308.4	10.2	542.1
pandit_like_006758	18	81	153	35	308.4	10.2	542.1
pandit_like_007978	18	81	153	35	308.4	10.2	542.1
pandit_like_009575	18	81	153	35	308.4	10.2	542.1
pandit_like_011797	18	81	153	35	308.4	10.2	542.1
pandit_like_015749	18	81	153	35	308.4	10.2	542.1
pandit_like_016700	18	81	153	35	308.4	10.2	542.1
pandit_like_002847	7	271	21	13	308.4	0.5	541.9
pandit_like_007854	7	271	21	13	308.4	0.5	541.9
pandit_like_009498	7	271	21	13	308.4	0.5	541.9
pandit_like_018693	7	271	21	13	308.4	0.5	541.9
pandit_like_019898	7	271	21	13	308.4	0.5	541.9
pandit_like_000233	8	234	28	15	308.4	0.7	541.9
pandit_like_000372	8	234	28	15	308.4	0.7	541.9
pandit_like_001823	8	234	28	15	308.4	0.7	541.9
pandit_like_007253	8	234	28	15	308.4	0.7	541.9
pandit_like_007814	8	234	28	15	308.4	0.7	541.9
pandit_like_008212	8	234	28	15	308.4	0.7	541.9
pandit_like_009476	8	234	28	15	308.4	0.7	541.9
pandit_like_009504	8	234	28	15	308.4	0.7	541.9
pandit_like_011433	8	234	28	15	308.4	0.7	541.9
pandit_like_012961	8	234	28	15	308.4	0.7	541.9
pandit_like_014314	8	234	28	15	308.4	0.7	541.9
pandit_like_015302	8	234	28	15	308.4	0.7	541.9
pandit_like_015842	8	234	28	15	308.4	0.7	541.9
pandit_like_016154	8	234	28	15	308.4	0.7	541.9
pandit_like_019229	8	234	28	15	308.4	0.7	541.9
pandit_like_001943	13	131	78	25	308.4	3.6	541.6
pandit_like_002249	13	131	78	25	308.4	3.6	541.6
pandit_like_004825	13	131	78	25	308.4	3.6	541.6
pandit_like_011162	13	131	78	25	308.4	3.6	541.6
pandit_like_012338	10	181	45	19	308.4	1.5	541.3
pandit_like_019010	10	181	45	19	308.4	1.5	541.3
pandit_like_002316	12	145	66	23	308.4	2.8	541.3
pandit_like_005275	12	145	66	23	308.4	2.8	541.3
pandit_like_018484	12	145	66	23	308.4	2.8	541.3
pandit_like_000103	5	386	10	9	308.4	0.1	541.1
pandit_like_001923	5	386	10	9	308.4	0.1	541.1
pandit_like_004125	5	386	10	9	308.4	0.1	541.1
pandit_like_004739	5	386	10	9	308.4	0.1	541.1
pandit_like_006855	5	386	10	9	308.4	0.1	541.1
pandit_like_008117	5	386	10	9	308.4	0.1	541.1
pandit_like_013976	5	386	10	9	308.4	0.1	541.1
pandit_like_015835	5	386	10	9	308.4	0.1	541.1
pandit_like_016243	5	386	10	9	308.4	0.1	541.1
pandit_like_018395	5	386	10	9	308.4	0.1	541.1
pandit_like_000900	7	270	21	13	308.4	0.5	541.1
pandit_like_006494	7	270	21	13	308.4	0.5	541.1
pandit_like_010163	7	270	21	13	308.4	0.5	541.1
pandit_like_004608	24	43	276	47	308.4	25.0	541.0
pandit_like_007125	24	43	276	47	308.4	25.0	541.0
pandit_like_008142	24	43	276	47	308.4	25.0	541.0
pandit_like_008985	24	43	276	47	308.4	25.0	541.0
pandit_like_012756	24	43	276	47	308.4	25.0	541.0
pandit_like_014688	24	43	276	47	308.4	25.0	541.0
pandit_like_000176	14	118	91	27	308.4	4.6	540.6
pandit_like_014712	14	118	91	27	308.4	4.6	540.6
pandit_like_019348	14	118	91	27	308.4	4.6	540.6
pandit_like_019930	14	118	91	27	308.4	4.6	540.6
pandit_like_014170	16	97	120	31	308.4	7.0	540.1
pandit_like_015071	16	97	120	31	308.4	7.0	540.1
pandit_like_017857	16	97	120	31	308.4	7.0	540.1
pandit_like_003781	18	80	153	35	308.4	10.2	539.8
pandit_like_004448	18	80	153	35	308.4	10.2	539.8
pandit_like_004942	18	80	153	35	308.4	10.2	539.8
pandit_like_005335	18	80	153	35	308.4	10.2	539.8
pandit_like_006334	18	80	153	35	308.4	10.2	539.8
pandit_like_007653	18	80	153	35	308.4	10.2	539.8
pandit_like_008943	18	80	153	35	308.4	10.2	539.8
pandit_like_011527	18	80	153	35	308.4	10.2	539.8
pandit_like_012643	18	80	153	35	308.4	10.2	539.8
pandit_like_013837	18	80	153	35	308.4	10.2	539.8
pandit_like_013907	18	80	153	35	308.4	10.2	539.8
pandit_like_017363	18	80	153	35	308.4	10.2	539.8
pandit_like_018938	18	80	153	35	308.4	10.2	539.8
pandit_like_005998	9	203	36	17	308.4	1.1	539.7
pandit_like_006947	9	203	36	17	308.4	1.1	539.7
pandit_like_010527	9	203	36	17	308.4	1.1	539.7
pandit_like_017731	9	203	36	17	308.4	1.1	539.7
pandit_like_000435	11	160	55	21	308.4	2.1	539.3
pandit_like_002538	11	160	55	21	308.4	2.1	539.3
pandit_like_002605	11	160	55	21	308.4	2.1	539.3
pandit_like_002610	11	160	55	21	308.4	2.1	539.3
pandit_like_002709	11	160	55	21	308.4	2.1	539.3
pandit_like_003518	11	160	55	21	308.4	2.1	539.3
pandit_like_005272	11	160	55	21	308.4	2.1	539.3
pandit_like_007555	11	160	55	21	308.4	2.1	539.3
pandit_like_007690	11	160	55	21	308.4	2.1	539.3
pandit_like_008299	11	160	55	21	308.4	2.1	539.3
pandit_like_008655	11	160	55	21	308.4	2.1	539.3
pandit_like_009186	11	160	55	21	308.4	2.1	539.3
pandit_like_010638	11	160	55	21	308.4	2.1	539.3
pandit_like_011638	11	160	55	21	308.4	2.1	539.3
pandit_like_013321	11	160	55	21	308.4	2.1	539.3
pandit_like_013896	11	160	55	21	308.4	2.1	539.3
pandit_like_015878	11	160	55	21	308.4	2.1	539.3
pandit_like_017981	11	160	55	21	308.4	2.1	539.3
pandit_like_008027	15	106	105	29	308.4	5.7	538.7
pandit_like_008790	15	106	105	29	308.4	5.7	538.7
pandit_like_009195	15	106	105	29	308.4	5.7	538.7
pandit_like_009470	15	106	105	29	308.4	5.7	538.7
pandit_like_010225	15	106	105	29	308.4	5.7	538.7
pandit_like_012439	15	106	105	29	308.4	5.7	538.7
pandit_like_015723	15	106	105	29	308.4	5.7	538.7
pandit_like_018310	15	106	105	29	308.4	5.7	538.7
pandit_like_000023	6	315	15	11	308.4	0.3	538.5
pandit_like_008281	6	315	15	11	308.4	0.3	538.5
pandit_like_008850	6	315	15	11	308.4	0.3	538.5
pandit_like_013953	6	315	15	11	308.4	0.3	538.5
pandit_like_005099	4	481	6	7	308.4	0.1	538.4
pandit_like_014210	4	481	6	7	308.4	0.1	538.4
pandit_like_016159	4	481	6	7	308.4	0.1	538.4
pandit_like_016468	4	481	6	7	308.4	0.1	538.4
pandit_like_000811	16	96	120	31	308.4	7.0	538.2
pandit_like_018838	16	96	120	31	308.4	7.0	538.2
pandit_like_004148	11	159	55	21	308.4	2.1	538.0
pandit_like_004419	11	159	55	21	308.4	2.1	538.0
pandit_like_011912	11	159	55	21	308.4	2.1	538.0
pandit_like_015991	11	159	55	21	308.4	2.1	538.0
pandit_like_007764	6	314	15	11	308.4	0.3	537.8
pandit_like_011909	6	314	15	11	308.4	0.3	537.8
pandit_like_012474	6	314	15	11	308.4	0.3	537.8
pandit_like_015395	6	314	15	11	308.4	0.3	537.8
pandit_like_000011	7	266	21	13	308.4	0.5	537.8
pandit_like_000263	7	266	21	13	308.4	0.5	537.8
pandit_like_006275	7	266	21	13	308.4	0.5	537.8
pandit_like_007629	7	266	21	13	308.4	0.5	537.8
pandit_like_008167	7	266	21	13	308.4	0.5	537.8
pandit_like_008817	7	266	21	13	308.4	0.5	537.8
pandit_like_009158	7	266	21	13	308.4	0.5	537.8
pandit_like_013213	7	266	21	13	308.4	0.5	537.8
pandit_like_016944	7	266	21	13	308.4	0.5	537.8
pandit_like_001936	20	65	190	39	308.4	14.1	537.8
pandit_like_007597	20	65	190	39	308.4	14.1	537.8
pandit_like_013076	20	65	190	39	308.4	14.1	537.8
pandit_like_015709	20	65	190	39	308.4	14.1	537.8
pandit_like_019068	20	65	190	39	308.4	14.1	537.8
pandit_like_000717	17	87	136	33	308.4	8.5	537.7
pandit_like_001452	17	87	136	33	308.4	8.5	537.7
pandit_like_006096	17	87	136	33	308.4	8.5	537.7
pandit_like_001013	4	479	6	7	308.4	0.1	537.5
pandit_like_004390	4	479	6	7	308.4	0.1	537.5
pandit_like_007958	4	479	6	7	308.4	0.1	537.5
pandit_like_009589	4	479	6	7	308.4	0.1	537.5
pandit_like_018003	4	479	6	7	308.4	0.1	537.5
pandit_like_000097	8	229	28	15	308.4	0.7	537.1
pandit_like_000123	8	229	28	15	308.4	0.7	537.1
pandit_like_001271	8	229	28	15	308.4	0.7	537.1
pandit_like_017008	8	229	28	15	308.4	0.7	537.1
pandit_like_002028	4	478	6	7	308.4	0.1	537.0
pandit_like_004119	4	478	6	7	308.4	0.1	537.0
pandit_like_005851	4	478	6	7	308.4	0.1	537.0
pandit_like_008674	4	478	6	7	308.4	0.1	537.0
pandit_like_002693	5	379	10	9	308.4	0.1	536.9
pandit_like_013169	5	379	10	9	308.4	0.1	536.9
pandit_like_016168	5	379	10	9	308.4	0.1	536.9
pandit_like_001611	7	265	21	13	308.4	0.5	536.9
pandit_like_004273	7	265	21	13	308.4	0.5	536.9
pandit_like_009124	7	265	21	13	308.4	0.5	536.9
pandit_like_013854	7	265	21	13	308.4	0.5	536.9
pandit_like_017864	7	265	21	13	308.4	0.5	536.9
pandit_like_010915	12	142	66	23	308.4	2.8	536.9
pandit_like_015858	12	142	66	23	308.4	2.8	536.9
pandit_like_016850	12	142	66	23	308.4	2.8	536.9
pandit_like_002674	11	158	55	21	308.4	2.1	536.6
pandit_like_004623	11	158	55	21	308.4	2.1	536.6
pandit_like_010804	11	158	55	21	308.4	2.1	536.6
pandit_like_013256	11	158	55	21	308.4	2.1	536.6
pandit_like_013770	11	158	55	21	308.4	2.1	536.6
pandit_like_016269	11	158	55	21	308.4	2.1	536.6
pandit_like_019414	11	158	55	21	308.4	2.1	536.6
pandit_like_001584	6	312	15	11	308.4	0.3	536.4
pandit_like_005527	6	312	15	11	308.4	0.3	536.4
pandit_like_008845	6	312	15	11	308.4	0.3	536.4
pandit_like_004776	7	264	21	13	308.4	0.5	536.1
pandit_like_004821	7	264	21	13	308.4	0.5	536.1
pandit_like_009132	7	264	21	13	308.4	0.5	536.1
pandit_like_011690	7	264	21	13	308.4	0.5	536.1
pandit_like_011764	7	264	21	13	308.4	0.5	536.1
pandit_like_003881	8	228	28	15	308.4	0.7	536.1
pandit_like_007431	8	228	28	15	308.4	0.7	536.1
pandit_like_012935	8	228	28	15	308.4	0.7	536.1
pandit_like_013376	8	228	28	15	308.4	0.7	536.1
pandit_like_015706	8	228	28	15	308.4	0.7	536.1
pandit_like_000579	21	58	210	41	308.4	16.5	536.0
pandit_like_004762	21	58	210	41	308.4	16.5	536.0
pandit_like_008498	21	58	210	41	308.4	16.5	536.0
pandit_like_002494	5	377	10	9	308.4	0.1	535.7
pandit_like_003546	5	377	10	9	308.4	0.1	535.7
pandit_like_006298	5	377	10	9	308.4	0.1	535.7
pandit_like_007025	5	377	10	9	308.4	0.1	535.7
pandit_like_007168	5	377	10	9	308.4	0.1	535.7
pandit_like_016880	5	377	10	9	308.4	0.1	535.7
pandit_like_000002	6	311	15	11	308.4	0.3	535.7
pandit_like_015105	6	311	15	11	308.4	0.3	535.7
pandit_like_015442	6	311	15	11	308.4	0.3	535.7
pandit_like_017639	6	311	15	11	308.4	0.3	535.7
pandit_like_019827	6	311	15	11	308.4	0.3	535.7
pandit_like_013171	22	52	231	43	308.4	19.0	535.7
pandit_like_014961	22	52	231	43	308.4	19.0	535.7
pandit_like_005220	27	27	351	53	308.4	36.0	535.7
pandit_like_007649	27	27	351	53	308.4	36.0	535.7
pandit_like_009224	27	27	351	53	308.4	36.0	535.7
pandit_like_010845	27	27	351	53	308.4	36.0	535.7
pandit_like_016546	27	27	351	53	308.4	36.0	535.7
pandit_like_001464	9	199	36	17	308.4	1.1	535.4
pandit_like_001939	9	199	36	17	308.4	1.1	535.4
pandit_like_003303	9	199	36	17	308.4	1.1	535.4
pandit_like_006595	9	199	36	17	308.4	1.1	535.4
pandit_like_016020	9	199	36	17	308.4	1.1	535.4
pandit_like_016362	9	199	36	17	308.4	1.1	535.4
pandit_like_011057	18	78	153	35	308.4	10.2	535.4
pandit_like_001323	10	176	45	19	308.4	1.5	535.3
pandit_like_002826	10	176	45	19	308.4	1.5	535.3
pandit_like_004798	10	176	45	19	308.4	1.5	535.3
pandit_like_006010	10	176	45	19	308.4	1.5	535.3
pandit_like_012521	10	176	45	19	308.4	1.5	535.3
pandit_like_012763	10	176	45	19	308.4	1.5	535.3
pandit_like_015576	10	176	45	19	308.4	1.5	535.3
pandit_like_016690	10	176	45	19	308.4	1.5	535.3
pandit_like_000699	6	310	15	11	308.4	0.3	534.9
pandit_like_002022	6	310	15	11	308.4	0.3	534.9
pandit_like_006970	6	310	15	11	308.4	0.3	534.9
pandit_like_009991	6	310	15	11	308.4	0.3	534.9
pandit_like_012232	6	310	15	11	308.4	0.3	534.9
pandit_like_014704	6	310	15	11	308.4	0.3	534.9
pandit_like_015200	6	310	15	11	308.4	0.3	534.9
pandit_like_018605	6	310	15	11	308.4	0.3	534.9
pandit_like_018617	6	310	15	11	308.4	0.3	534.9
pandit_like_001945	6	309	15	11	308.4	0.3	534.2
pandit_like_006659	6	309	15	11	308.4	0.3	534.2
pandit_like_010277	6	309	15	11	308.4	0.3	534.2
pandit_like_010461	6	309	15	11	308.4	0.3	534.2
pandit_like_011325	6	309	15	11	308.4	0.3	534.2
pandit_like_012236	6	309	15	11	308.4	0.3	534.2
pandit_like_014227	6	309	15	11	308.4	0.3	534.2
pandit_like_016619	6	309	15	11	308.4	0.3	534.2
pandit_like_002011	8	226	28	15	308.4	0.7	534.2
pandit_like_006698	8	226	28	15	308.4	0.7	534.2
pandit_like_014148	8	226	28	15	308.4	0.7	534.2
pandit_like_000132	16	94	120	31	308.4	7.0	534.2
pandit_like_000733	16	94	120	31	308.4	7.0	534.2
pandit_like_002876	16	94	120	31	308.4	7.0	534.2
pandit_like_008983	16	94	120	31	308.4	7.0	534.2
pandit_like_010965	16	94	120	31	308.4	7.0	534.2
pandit_like_011556	16	94	120	31	308.4	7.0	534.2
pandit_like_013109	16	94	120	31	308.4	7.0	534.2
pandit_like_013228	16	94	120	31	308.4	7.0	534.2
pandit_like_014788	16	94	120	31	308.4	7.0	534.2
pandit_like_015504	16	94	120	31	308.4	7.0	534.2
pandit_like_016233	16	94	120	31	308.4	7.0	534.2
pandit_like_001324	10	175	45	19	308.4	1.5	534.1
pandit_like_002839	10	175	45	19	308.4	1.5	534.1
pandit_like_006037	10	175	45	19	308.4	1.5	534.1
pandit_like_006123	10	175	45	19	308.4	1.5	534.1
pandit_like_006180	10	175	45	19	308.4	1.5	534.1
pandit_like_011651	10	175	45	19	308.4	1.5	534.1
pandit_like_013779	10	175	45	19	308.4	1.5	534.1
pandit_like_017619	10	175	45	19	308.4	1.5	534.1
pandit_like_000221	11	156	55	21	308.4	2.1	534.0
pandit_like_001482	11	156	55	21	308.4	2.1	534.0
pandit_like_001771	11	156	55	21	308.4	2.1	534.0
pandit_like_002202	11	156	55	21	308.4	2.1	534.0
pandit_like_005717	11	156	55	21	308.4	2.1	534.0
pandit_like_006248	11	156	55	21	308.4	2.1	534.0
pandit_like_008854	11	156	55	21	308.4	2.1	534.0
pandit_like_009711	11	156	55	21	308.4	2.1	534.0
pandit_like_010495	11	156	55	21	308.4	2.1	534.0
pandit_like_011519	11	156	55	21	308.4	2.1	534.0
pandit_like_012394	11	156	55	21	308.4	2.1	534.0
pandit_like_013844	11	156	55	21	308.4	2.1	534.0
pandit_like_016107	11	156	55	21	308.4	2.1	534.0
pandit_like_018272	11	156	55	21	308.4	2.1	534.0
pandit_like_002928	12	140	66	23	308.4	2.8	534.0
pandit_like_003189	12	140	66	23	308.4	2.8	534.0
pandit_like_004811	12	140	66	23	308.4	2.8	534.0
pandit_like_016061	12	140	66	23	308.4	2.8	534.0
pandit_like_004058	6	308	15	11	308.4	0.3	533.5
pandit_like_006548	6	308	15	11	308.4	0.3	533.5
pandit_like_014329	6	308	15	11	308.4	0.3	533.5
pandit_like_018153	6	308	15	11	308.4	0.3	533.5
pandit_like_000243	9	197	36	17	308.4	1.1	533.2
pandit_like_014879	9	197	36	17	308.4	1.1	533.2
pandit_like_001803	5	372	10	9	308.4	0.1	532.7
pandit_like_002248	5	372	10	9	308.4	0.1	532.7
pandit_like_006137	5	372	10	9	308.4	0.1	532.7
pandit_like_008232	5	372	10	9	308.4	0.1	532.7
pandit_like_008926	5	372	10	9	308.4	0.1	532.7
pandit_like_009036	5	372	10	9	308.4	0.1	532.7
pandit_like_010175	5	372	10	9	308.4	0.1	532.7
pandit_like_011892	5	372	10	9	308.4	0.1	532.7
pandit_like_014624	5	372	10	9	308.4	0.1	532.7
pandit_like_001241	7	260	21	13	308.4	0.5	532.7
pandit_like_007053	7	260	21	13	308.4	0.5	532.7
pandit_like_008035	7	260	21	13	308.4	0.5	532.7
pandit_like_000976	11	155	55	21	308.4	2.1	532.6
pandit_like_009449	11	155	55	21	308.4	2.1	532.6
pandit_like_015976	11	155	55	21	308.4	2.1	532.6
pandit_like_016660	11	155	55	21	308.4	2.1	532.6
pandit_like_017535	11	155	55	21	308.4	2.1	532.6
pandit_like_017710	11	155	55	21	308.4	2.1	532.6
pandit_like_018894	11	155	55	21	308.4	2.1	532.6
pandit_like_002573	4	468	6	7	308.4	0.1	532.3
pandit_like_005407	4	468	6	7	308.4	0.1	532.3
pandit_like_008329	4	468	6	7	308.4	0.1	532.3
pandit_like_009817	4	468	6	7	308.4	0.1	532.3
pandit_like_012291	4	468	6	7	308.4	0.1	532.3
pandit_like_012684	4	468	6	7	308.4	0.1	532.3
pandit_like_014171	4	468	6	7	308.4	0.1	532.3
pandit_like_019781	4	468	6	7	308.4	0.1	532.3
pandit_like_002085	8	224	28	15	308.4	0.7	532.3
pandit_like_002428	8	224	28	15	308.4	0.7	532.3
pandit_like_011765	8	224	28	15	308.4	0.7	532.3
pandit_like_011953	8	224	28	15	308.4	0.7	532.3
pandit_like_014275	8	224	28	15	308.4	0.7	532.3
pandit_like_019842	8	224	28	15	308.4	0.7	532.3
pandit_like_003414	9	196	36	17	308.4	1.1	532.1
pandit_like_005190	9	196	36	17	308.4	1.1	532.1
pandit_like_005363	9	196	36	17	308.4	1.1	532.1
pandit_like_008099	9	196	36	17	308.4	1.1	532.1
pandit_like_008279	9	196	36	17	308.4	1.1	532.1
pandit_like_011367	9	196	36	17	308.4	1.1	532.1
pandit_like_011571	9	196	36	17	308.4	1.1	532.1
pandit_like_000697	14	113	91	27	308.4	4.6	532.1
pandit_like_007225	14	113	91	27	308.4	4.6	532.1
pandit_like_007943	14	113	91	27	308.4	4.6	532.1
pandit_like_010916	14	113	91	27	308.4	4.6	532.1
pandit_like_011430	14	113	91	27	308.4	4.6	532.1
pandit_like_015041	14	113	91	27	308.4	4.6	532.1
pandit_like_017552	14	113	91	27	308.4	4.6	532.1
pandit_like_007655	10	173	45	19	308.4	1.5	531.7
pandit_like_001866	25	35	300	49	308.4	28.3	531.7
pandit_like_004649	25	35	300	49	308.4	28.3	531.7
pandit_like_012642	25	35	300	49	308.4	28.3	531.7
pandit_like_014779	25	35	300	49	308.4	28.3	531.7
pandit_like_019158	25	35	300	49	308.4	28.3	531.7
pandit_like_000950	5	370	10	9	308.4	0.1	531.5
pandit_like_010538	5	370	10	9	308.4	0.1	531.5
pandit_like_010949	5	370	10	9	308.4	0.1	531.5
pandit_like_012271	5	370	10	9	308.4	0.1	531.5
pandit_like_013087	5	370	10	9	308.4	0.1	531.5
pandit_like_019592	5	370	10	9	308.4	0.1	531.5
pandit_like_002375	4	466	6	7	308.4	0.1	531.3
pandit_like_003090	4	466	6	7	308.4	0.1	531.3
pandit_like_007983	4	466	6	7	308.4	0.1	531.3
pandit_like_009171	4	466	6	7	308.4	0.1	531.3
pandit_like_011840	4	466	6	7	308.4	0.1	531.3
pandit_like_017647	4	466	6	7	308.4	0.1	531.3
pandit_like_018082	4	466	6	7	308.4	0.1	531.3
pandit_like_019222	4	466	6	7	308.4	0.1	531.3
pandit_like_000336	11	154	55	21	308.4	2.1	531.3
pandit_like_002346	11	154	55	21	308.4	2.1	531.3
pandit_like_002363	11	154	55	21	308.4	2.1	531.3
pandit_like_005561	11	154	55	21	308.4	2.1	531.3
pandit_like_005881	11	154	55	21	308.4	2.1	531.3
pandit_like_008597	11	154	55	21	308.4	2.1	531.3
pandit_like_010105	11	154	55	21	308.4	2.1	531.3
pandit_like_011794	11	154	55	21	308.4	2.1	531.3
pandit_like_015314	11	154	55	21	308.4	2.1	531.3
pandit_like_015428	11	154	55	21	308.4	2.1	531.3
pandit_like_015731	11	154	55	21	308.4	2.1	531.3
pandit_like_017871	11	154	55	21	308.4	2.1	531.3
pandit_like_018612	11	154	55	21	308.4	2.1	531.3
pandit_like_018756	11	154	55	21	308.4	2.1	531.3
pandit_like_000041	12	138	66	23	308.4	2.8	531.1
pandit_like_003243	12	138	66	23	308.4	2.8	531.1
pandit_like_004057	12	138	66	23	308.4	2.8	531.1
pandit_like_006067	12	138	66	23	308.4	2.8	531.1
pandit_like_006976	12	138	66	23	308.4	2.8	531.1
pandit_like_007840	12	138	66	23	308.4	2.8	531.1
pandit_like_008408	12	138	66	23	308.4	2.8	531.1
pandit_like_008538	12	138	66	23	308.4	2.8	531.1
pandit_like_010664	12	138	66	23	308.4	2.8	531.1
pandit_like_010850	12	138	66	23	308.4	2.8	531.1
pandit_like_013056	12	138	66	23	308.4	2.8	531.1
pandit_like_013989	12	138	66	23	308.4	2.8	531.1
pandit_like_014373	12	138	66	23	308.4	2.8	531.1
pandit_like_001273	7	258	21	13	308.4	0.5	531.0
pandit_like_003734	7	258	21	13	308.4	0.5	531.0
pandit_like_007565	7	258	21	13	308.4	0.5	531.0
pandit_like_008105	7	258	21	13	308.4	0.5	531.0
pandit_like_013272	7	258	21	13	308.4	0.5	531.0
pandit_like_014855	7	258	21	13	308.4	0.5	531.0
pandit_like_015888	7	258	21	13	308.4	0.5	531.0
pandit_like_016021	7	258	21	13	308.4	0.5	531.0
pandit_like_017818	7	258	21	13	308.4	0.5	531.0
pandit_like_017827	7	258	21	13	308.4	0.5	531.0
pandit_like_001081	18	76	153	35	308.4	10.2	530.9
pandit_like_004064	18	76	153	35	308.4	10.2	530.9
pandit_like_008240	18	76	153	35	308.4	10.2	530.9
pandit_like_017421	18	76	153	35	308.4	10.2	530.9
pandit_like_001083	13	124	78	25	308.4	3.6	530.5
pandit_like_005454	13	124	78	25	308.4	3.6	530.5
pandit_like_006132	13	124	78	25	308.4	3.6	530.5
pandit_like_011707	13	124	78	25	308.4	3.6	530.5
pandit_like_013306	13	124	78	25	308.4	3.6	530.5
pandit_like_014938	13	124	78	25	308.4	3.6	530.5
pandit_like_016759	13	124	78	25	308.4	3.6	530.5
pandit_like_018387	13	124	78	25	308.4	3.6	530.5
pandit_like_002030	14	112	91	27	308.4	4.6	530.4
pandit_like_015305	14	112	91	27	308.4	4.6	530.4
pandit_like_018649	14	112	91	27	308.4	4.6	530.4
pandit_like_004963	8	222	28	15	308.4	0.7	530.3
pandit_like_009707	8	222	28	15	308.4	0.7	530.3
pandit_like_009931	8	222	28	15	308.4	0.7	530.3
pandit_like_014709	8	222	28	15	308.4	0.7	530.3
pandit_like_016055	8	222	28	15	308.4	0.7	530.3
pandit_like_019545	8	222	28	15	308.4	0.7	530.3
pandit_like_000838	16	92	120	31	308.4	7.0	530.3
pandit_like_002990	16	92	120	31	308.4	7.0	530.3
pandit_like_003645	16	92	120	31	308.4	7.0	530.3
pandit_like_004021	16	92	120	31	308.4	7.0	530.3
pandit_like_006883	16	92	120	31	308.4	7.0	530.3
pandit_like_007002	16	92	120	31	308.4	7.0	530.3
pandit_like_007826	16	92	120	31	308.4	7.0	530.3
pandit_like_008625	16	92	120	31	308.4	7.0	530.3
pandit_like_009264	16	92	120	31	308.4	7.0	530.3
pandit_like_006824	7	257	21	13	308.4	0.5	530.2
pandit_like_010444	7	257	21	13	308.4	0.5	530.2
pandit_like_014071	7	257	21	13	308.4	0.5	530.2
pandit_like_001754	6	303	15	11	308.4	0.3	529.9
pandit_like_003663	6	303	15	11	308.4	0.3	529.9
pandit_like_007432	6	303	15	11	308.4	0.3	529.9
pandit_like_008450	6	303	15	11	308.4	0.3	529.9
pandit_like_011271	6	303	15	11	308.4	0.3	529.9
pandit_like_013449	6	303	15	11	308.4	0.3	529.9
pandit_like_013851	6	303	15	11	308.4	0.3	529.9
pandit_like_015530	6	303	15	11	308.4	0.3	529.9
pandit_like_015909	6	303	15	11	308.4	0.3	529.9
pandit_like_016950	6	303	15	11	308.4	0.3	529.9
pandit_like_017738	6	303	15	11	308.4	0.3	529.9
pandit_like_019507	6	303	15	11	308.4	0.3	529.9
pandit_like_005935	15	101	105	29	308.4	5.7	529.5
pandit_like_001177	4	462	6	7	308.4	0.1	529.4
pandit_like_013523	4	462	6	7	308.4	0.1	529.4
pandit_like_016192	4	462	6	7	308.4	0.1	529.4
pandit_like_017495	4	462	6	7	308.4	0.1	529.4
pandit_like_018008	4	462	6	7	308.4	0.1	529.4
pandit_like_005081	5	366	10	9	308.4	0.1	529.2
pandit_like_006682	5	366	10	9	308.4	0.1	529.2
pandit_like_016426	5	366	10	9	308.4	0.1	529.2
pandit_like_016798	5	366	10	9	308.4	0.1	529.2
pandit_like_000701	13	123	78	25	308.4	3.6	528.9
pandit_like_006199	13	123	78	25	308.4	3.6	528.9
pandit_like_006229	13	123	78	25	308.4	3.6	528.9
pandit_like_011004	13	123	78	25	308.4	3.6	528.9
pandit_like_012116	13	123	78	25	308.4	3.6	528.9
pandit_like_013274	13	123	78	25	308.4	3.6	528.9
pandit_like_018109	13	123	78	25	308.4	3.6	528.9
pandit_like_018909	13	123	78	25	308.4	3.6	528.9
pandit_like_002973	14	111	91	27	308.4	4.6	528.7
pandit_like_003233	14	111	91	27	308.4	4.6	528.7
pandit_like_009511	14	111	91	27	308.4	4.6	528.7
pandit_like_010376	14	111	91	27	308.4	4.6	528.7
pandit_like_013443	14	111	91	27	308.4	4.6	528.7
pandit_like_016741	14	111	91	27	308.4	4.6	528.7
pandit_like_019876	14	111	91	27	308.4	4.6	528.7
pandit_like_004616	6	301	15	11	308.4	0.3	528.5
pandit_like_007652	6	301	15	11	308.4	0.3	528.5
pandit_like_007828	6	301	15	11	308.4	0.3	528.5
pandit_like_016470	6	301	15	11	308.4	0.3	528.5
pandit_like_001208	4	459	6	7	308.4	0.1	528.0
pandit_like_007676	4	459	6	7	308.4	0.1	528.0
pandit_like_009055	4	459	6	7	308.4	0.1	528.0
pandit_like_011098	4	459	6	7	308.4	0.1	528.0
pandit_like_016607	4	459	6	7	308.4	0.1	528.0
pandit_like_003707	26	29	325	51	308.4	32.0	527.3
pandit_like_004348	26	29	325	51	308.4	32.0	527.3
pandit_like_015681	26	29	325	51	308.4	32.0	527.3
pandit_like_017854	26	29	325	51	308.4	32.0	527.3
pandit_like_002464	7	253	21	13	308.4	0.5	526.9
pandit_like_002917	7	253	21	13	308.4	0.5	526.9
pandit_like_007241	7	253	21	13	308.4	0.5	526.9
pandit_like_016176	7	253	21	13	308.4	0.5	526.9
pandit_like_000860	9	191	36	17	308.4	1.1	526.7
pandit_like_002214	9	191	36	17	308.4	1.1	526.7
pandit_like_005496	9	191	36	17	308.4	1.1	526.7
pandit_like_008229	9	191	36	17	308.4	1.1	526.7
pandit_like_008802	9	191	36	17	308.4	1.1	526.7
pandit_like_010917	9	191	36	17	308.4	1.1	526.7
pandit_like_011831	9	191	36	17	308.4	1.1	526.7
pandit_like_019101	9	191	36	17	308.4	1.1	526.7
pandit_like_019583	9	191	36	17	308.4	1.1	526.7
pandit_like_019874	9	191	36	17	308.4	1.1	526.7
pandit_like_001168	12	135	66	23	308.4	2.8	526.7
pandit_like_002045	12	135	66	23	308.4	2.8	526.7
pandit_like_004917	12	135	66	23	308.4	2.8	526.7
pandit_like_010622	12	135	66	23	308.4	2.8	526.7
pandit_like_011147	12	135	66	23	308.4	2.8	526.7
pandit_like_011714	12	135	66	23	308.4	2.8	526.7
pandit_like_011866	12	135	66	23	308.4	2.8	526.7
pandit_like_011928	12	135	66	23	308.4	2.8	526.7
pandit_like_014983	12	135	66	23	308.4	2.8	526.7
pandit_like_015923	12	135	66	23	308.4	2.8	526.7
pandit_like_016616	12	135	66	23	308.4	2.8	526.7
pandit_like_016644	12	135	66	23	308.4	2.8	526.7
pandit_like_001933	4	456	6	7	308.4	0.1	526.6
pandit_like_002932	4	456	6	7	308.4	0.1	526.6
pandit_like_008141	4	456	6	7	308.4	0.1	526.6
pandit_like_009005	4	456	6	7	308.4	0.1	526.6
pandit_like_009957	4	456	6	7	308.4	0.1	526.6
pandit_like_011662	4	456	6	7	308.4	0.1	526.6
pandit_like_014155	4	456	6	7	308.4	0.1	526.6
pandit_like_016620	4	456	6	7	308.4	0.1	526.6
pandit_like_001343	8	218	28	15	308.4	0.7	526.5
pandit_like_005370	8	218	28	15	308.4	0.7	526.5
pandit_like_007631	8	218	28	15	308.4	0.7	526.5
pandit_like_010081	8	218	28	15	308.4	0.7	526.5
pandit_like_017429	8	218	28	15	308.4	0.7	526.5
pandit_like_018166	8	218	28	15	308.4	0.7	526.5
pandit_like_002845	7	252	21	13	308.4	0.5	526.0
pandit_like_004252	7	252	21	13	308.4	0.5	526.0
pandit_like_005861	7	252	21	13	308.4	0.5	526.0
pandit_like_006977	7	252	21	13	308.4	0.5	526.0
pandit_like_007663	7	252	21	13	308.4	0.5	526.0
pandit_like_007936	7	252	21	13	308.4	0.5	526.0
pandit_like_010422	7	252	21	13	308.4	0.5	526.0
pandit_like_013123	7	252	21	13	308.4	0.5	526.0
pandit_like_013545	7	252	21	13	308.4	0.5	526.0
pandit_like_014226	7	252	21	13	308.4	0.5	526.0
pandit_like_014272	7	252	21	13	308.4	0.5	526.0
pandit_like_017087	7	252	21	13	308.4	0.5	526.0
pandit_like_001084	11	150	55	21	308.4	2.1	526.0
pandit_like_001566	11	150	55	21	308.4	2.1	526.0
pandit_like_003648	11	150	55	21	308.4	2.1	526.0
pandit_like_004015	11	150	55	21	308.4	2.1	526.0
pandit_like_005270	11	150	55	21	308.4	2.1	526.0
pandit_like_005478	11	150	55	21	308.4	2.1	526.0
pandit_like_010762	11	150	55	21	308.4	2.1	526.0
pandit_like_011096	11	150	55	21	308.4	2.1	526.0
pandit_like_011839	11	150	55	21	308.4	2.1	526.0
pandit_like_013600	11	150	55	21	308.4	2.1	526.0
pandit_like_013764	11	150	55	21	308.4	2.1	526.0
pandit_like_015275	11	150	55	21	308.4	2.1	526.0
pandit_like_019531	11	150	55	21	308.4	2.1	526.0
pandit_like_012167	13	121	78	25	308.4	3.6	525.8
pandit_like_017347	13	121	78	25	308.4	3.6	525.8
pandit_like_001491	4	454	6	7	308.4	0.1	525.6
pandit_like_013410	4	454	6	7	308.4	0.1	525.6
pandit_like_015939	4	454	6	7	308.4	0.1	525.6
pandit_like_004097	10	168	45	19	308.4	1.5	525.6
pandit_like_005300	10	168	45	19	308.4	1.5	525.6
pandit_like_007760	10	168	45	19	308.4	1.5	525.6
pandit_like_011521	10	168	45	19	308.4	1.5	525.6
pandit_like_011930	10	168	45	19	308.4	1.5	525.6
pandit_like_013567	10	168	45	19	308.4	1.5	525.6
pandit_like_014578	10	168	45	19	308.4	1.5	525.6
pandit_like_017477	10	168	45	19	308.4	1.5	525.6
pandit_like_019655	10	168	45	19	308.4	1.5	525.6
pandit_like_019718	10	168	45	19	308.4	1.5	525.6
pandit_like_001512	8	217	28	15	308.4	0.7	525.5
pandit_like_004370	8	217	28	15	308.4	0.7	525.5
pandit_like_019837	8	217	28	15	308.4	0.7	525.5
pandit_like_000520	12	134	66	23	308.4	2.8	525.3
pandit_like_009015	12	134	66	23	308.4	2.8	525.3
pandit_like_012260	12	134	66	23	308.4	2.8	525.3
pandit_like_016425	12	134	66	23	308.4	2.8	525.3
pandit_like_016781	12	134	66	23	308.4	2.8	525.3
pandit_like_016989	12	134	66	23	308.4	2.8	525.3
pandit_like_018317	12	134	66	23	308.4	2.8	525.3
pandit_like_018664	12	134	66	23	308.4	2.8	525.3
pandit_like_019122	12	134	66	23	308.4	2.8	525.3
pandit_like_019934	12	134	66	23	308.4	2.8	525.3
pandit_like_001454	7	251	21	13	308.4	0.5	525.2
pandit_like_003834	7	251	21	13	308.4	0.5	525.2
pandit_like_005854	7	251	21	13	308.4	0.5	525.2
pandit_like_018885	7	251	21	13	308.4	0.5	525.2
pandit_like_000857	14	109	91	27	308.4	4.6	525.2
pandit_like_001487	14	109	91	27	308.4	4.6	525.2
pandit_like_002557	14	109	91	27	308.4	4.6	525.2
pandit_like_004196	14	109	91	27	308.4	4.6	525.2
pandit_like_005973	14	109	91	27	308.4	4.6	525.2
pandit_like_006841	14	109	91	27	308.4	4.6	525.2
pandit_like_006993	14	109	91	27	308.4	4.6	525.2
pandit_like_010309	14	109	91	27	308.4	4.6	525.2
pandit_like_010639	14	109	91	27	308.4	4.6	525.2
pandit_like_012985	14	109	91	27	308.4	4.6	525.2
pandit_like_013380	14	109	91	27	308.4	4.6	525.2
pandit_like_014783	14	109	91	27	308.4	4.6	525.2
pandit_like_015900	14	109	91	27	308.4	4.6	525.2
pandit_like_018610	14	109	91	27	308.4	4.6	525.2
pandit_like_018946	14	109	91	27	308.4	4.6	525.2
pandit_like_019994	14	109	91	27	308.4	4.6	525.2
pandit_like_001639	4	453	6	7	308.4	0.1	525.1
pandit_like_006322	4	453	6	7	308.4	0.1	525.1
pandit_like_010817	4	453	6	7	308.4	0.1	525.1
pandit_like_017921	4	453	6	7	308.4	0.1	525.1
pandit_like_001919	17	81	136	33	308.4	8.5	525.1
pandit_like_002219	17	81	136	33	308.4	8.5	525.1
pandit_like_004841	17	81	136	33	308.4	8.5	525.1
pandit_like_007995	17	81	136	33	308.4	8.5	525.1
pandit_like_011240	17	81	136	33	308.4	8.5	525.1
pandit_like_016133	17	81	136	33	308.4	8.5	525.1
pandit_like_002087	5	359	10	9	308.4	0.1	525.0
pandit_like_002370	5	359	10	9	308.4	0.1	525.0
pandit_like_003289	5	359	10	9	308.4	0.1	525.0
pandit_like_018197	5	359	10	9	308.4	0.1	525.0
pandit_like_003760	6	296	15	11	308.4	0.3	524.9
pandit_like_011878	6	296	15	11	308.4	0.3	524.9
pandit_like_015282	6	296	15	11	308.4	0.3	524.9
pandit_like_015934	6	296	15	11	308.4	0.3	524.9
pandit_like_009649	9	189	36	17	308.4	1.1	524.6
pandit_like_011377	9	189	36	17	308.4	1.1	524.6
pandit_like_012889	9	189	36	17	308.4	1.1	524.6
pandit_like_016401	9	189	36	17	308.4	1.1	524.6
pandit_like_000855	11	149	55	21	308.4	2.1	524.6
pandit_like_013124	11	149	55	21	308.4	2.1	524.6
pandit_like_014152	11	149	55	21	308.4	2.1	524.6
pandit_like_016096	11	149	55	21	308.4	2.1	524.6
pandit_like_017393	11	149	55	21	308.4	2.1	524.6
pandit_like_019796	11	149	55	21	308.4	2.1	524.6
pandit_like_006981	5	358	10	9	308.4	0.1	524.4
pandit_like_010056	5	358	10	9	308.4	0.1	524.4
pandit_like_010236	5	358	10	9	308.4	0.1	524.4
pandit_like_011723	5	358	10	9	308.4	0.1	524.4
pandit_like_019363	5	358	10	9	308.4	0.1	524.4
pandit_like_005500	16	89	120	31	308.4	7.0	524.4
pandit_like_011588	16	89	120	31	308.4	7.0	524.4
pandit_like_014696	16	89	120	31	308.4	7.0	524.4
pandit_like_018562	16	89	120	31	308.4	7.0	524.4
pandit_like_005687	4	451	6	7	308.4	0.1	524.2
pandit_like_006729	4	451	6	7	308.4	0.1	524.2
pandit_like_011390	4	451	6	7	308.4	0.1	524.2
pandit_like_014739	4	451	6	7	308.4	0.1	524.2
pandit_like_006302	13	120	78	25	308.4	3.6	524.2
pandit_like_007082	13	120	78	25	308.4	3.6	524.2
pandit_like_010951	13	120	78	25	308.4	3.6	524.2
pandit_like_014953	13	120	78	25	308.4	3.6	524.2
pandit_like_015688	13	120	78	25	308.4	3.6	524.2
pandit_like_016476	13	120	78	25	308.4	3.6	524.2
pandit_like_016823	13	120	78	25	308.4	3.6	524.2
pandit_like_000941	26	28	325	51	308.4	32.0	524.0
pandit_like_001748	26	28	325	51	308.4	32.0	524.0
pandit_like_002676	26	28	325	51	308.4	32.0	524.0
pandit_like_005466	26	28	325	51	308.4	32.0	524.0
pandit_like_007730	26	28	325	51	308.4	32.0	524.0
pandit_like_016383	26	28	325	51	308.4	32.0	524.0
pandit_like_001813	12	133	66	23	308.4	2.8	523.8
pandit_like_003593	12	133	66	23	308.4	2.8	523.8
pandit_like_007595	12	133	66	23	308.4	2.8	523.8
pandit_like_008496	12	133	66	23	308.4	2.8	523.8
pandit_like_008853	12	133	66	23	308.4	2.8	523.8
pandit_like_009702	12	133	66	23	308.4	2.8	523.8
pandit_like_011465	12	133	66	23	308.4	2.8	523.8
pandit_like_013259	12	133	66	23	308.4	2.8	523.8
pandit_like_019136	12	133	66	23	308.4	2.8	523.8
pandit_like_006074	8	215	28	15	308.4	0.7	523.6
pandit_like_010544	8	215	28	15	308.4	0.7	523.6
pandit_like_012264	8	215	28	15	308.4	0.7	523.6
pandit_like_013218	8	215	28	15	308.4	0.7	523.6
pandit_like_019078	8	215	28	15	308.4	0.7	523.6
pandit_like_018694	6	294	15	11	308.4	0.3	523.5
pandit_like_001122	7	249	21	13	308.4	0.5	523.5
pandit_like_002760	7	249	21	13	308.4	0.5	523.5
pandit_like_008571	7	249	21	13	308.4	0.5	523.5
pandit_like_012281	7	249	21	13	308.4	0.5	523.5
pandit_like_013453	7	249	21	13	308.4	0.5	523.5
pandit_like_013676	7	249	21	13	308.4	0.5	523.5
pandit_like_002395	9	188	36	17	308.4	1.1	523.5
pandit_like_002541	9	188	36	17	308.4	1.1	523.5
pandit_like_015237	9	188	36	17	308.4	1.1	523.5
pandit_like_000395	11	148	55	21	308.4	2.1	523.3
pandit_like_006960	11	148	55	21	308.4	2.1	523.3
pandit_like_014923	11	148	55	21	308.4	2.1	523.3
pandit_like_003493	7	248	21	13	308.4	0.5	522.7
pandit_like_013586	7	248	21	13	308.4	0.5	522.7
pandit_like_016089	7	248	21	13	308.4	0.5	522.7
pandit_like_002415	6	292	15	11	308.4	0.3	522.1
pandit_like_004460	6	292	15	11	308.4	0.3	522.1
pandit_like_008009	6	292	15	11	308.4	0.3	522.1
pandit_like_009779	6	292	15	11	308.4	0.3	522.1
pandit_like_011316	6	292	15	11	308.4	0.3	522.1
pandit_like_012779	6	292	15	11	308.4	0.3	522.1
pandit_like_014566	6	292	15	11	308.4	0.3	522.1
pandit_like_015469	6	292	15	11	308.4	0.3	522.1
pandit_like_015569	6	292	15	11	308.4	0.3	522.1
pandit_like_017121	6	292	15	11	308.4	0.3	522.1
pandit_like_019141	6	292	15	11	308.4	0.3	522.1
pandit_like_019993	6	292	15	11	308.4	0.3	522.1
pandit_like_002436	15	97	105	29	308.4	5.7	522.1
pandit_like_010329	15	97	105	29	308.4	5.7	522.1
pandit_like_018405	15	97	105	29	308.4	5.7	522.1
pandit_like_004075	5	354	10	9	308.4	0.1	522.0
pandit_like_009671	5	354	10	9	308.4	0.1	522.0
pandit_like_012276	5	354	10	9	308.4	0.1	522.0
pandit_like_014822	5	354	10	9	308.4	0.1	522.0
pandit_like_018863	5	354	10	9	308.4	0.1	522.0
pandit_like_019586	5	354	10	9	308.4	0.1	522.0
pandit_like_002333	7	247	21	13	308.4	0.5	521.8
pandit_like_005789	7	247	21	13	308.4	0.5	521.8
pandit_like_011577	7	247	21	13	308.4	0.5	521.8
pandit_like_012632	7	247	21	13	308.4	0.5	521.8
pandit_like_015113	7	247	21	13	308.4	0.5	521.8
pandit_like_015509	7	247	21	13	308.4	0.5	521.8
pandit_like_007448	14	107	91	27	308.4	4.6	521.8
pandit_like_008269	14	107	91	27	308.4	4.6	521.8
pandit_like_009021	14	107	91	27	308.4	4.6	521.8
pandit_like_013720	14	107	91	27	308.4	4.6	521.8
pandit_like_013759	14	107	91	27	308.4	4.6	521.8
pandit_like_000146	8	213	28	15	308.4	0.7	521.7
pandit_like_002136	8	213	28	15	308.4	0.7	521.7
pandit_like_002629	8	213	28	15	308.4	0.7	521.7
pandit_like_003230	8	213	28	15	308.4	0.7	521.7
pandit_like_004855	8	213	28	15	308.4	0.7	521.7
pandit_like_004920	8	213	28	15	308.4	0.7	521.7
pandit_like_007532	8	213	28	15	308.4	0.7	521.7
pandit_like_007648	8	213	28	15	308.4	0.7	521.7
pandit_like_009375	8	213	28	15	308.4	0.7	521.7
pandit_like_009404	8	213	28	15	308.4	0.7	521.7
pandit_like_009670	8	213	28	15	308.4	0.7	521.7
pandit_like_019278	8	213	28	15	308.4	0.7	521.7
pandit_like_019520	8	213	28	15	308.4	0.7	521.7
pandit_like_008421	5	352	10	9	308.4	0.1	520.8
pandit_like_011257	5	352	10	9	308.4	0.1	520.8
pandit_like_016035	5	352	10	9	308.4	0.1	520.8
pandit_like_017956	5	352	10	9	308.4	0.1	520.8
pandit_like_000381	8	212	28	15	308.4	0.7	520.7
pandit_like_008534	8	212	28	15	308.4	0.7	520.7
pandit_like_011599	8	212	28	15	308.4	0.7	520.7
pandit_like_000592	6	290	15	11	308.4	0.3	520.6
pandit_like_000747	6	290	15	11	308.4	0.3	520.6
pandit_like_003763	6	290	15	11	308.4	0.3	520.6
pandit_like_011224	6	290	15	11	308.4	0.3	520.6
pandit_like_011495	6	290	15	11	308.4	0.3	520.6
pandit_like_012272	6	290	15	11	308.4	0.3	520.6
pandit_like_016874	6	290	15	11	308.4	0.3	520.6
pandit_like_000319	20	58	190	39	308.4	14.1	520.4
pandit_like_002174	20	58	190	39	308.4	14.1	520.4
pandit_like_002992	20	58	190	39	308.4	14.1	520.4
pandit_like_003944	20	58	190	39	308.4	14.1	520.4
pandit_like_005061	20	58	190	39	308.4	14.1	520.4
pandit_like_007508	20	58	190	39	308.4	14.1	520.4
pandit_like_008424	20	58	190	39	308.4	14.1	520.4
pandit_like_013021	20	58	190	39	308.4	14.1	520.4
pandit_like_013095	20	58	190	39	308.4	14.1	520.4
pandit_like_014427	20	58	190	39	308.4	14.1	520.4
pandit_like_016587	20	58	190	39	308.4	14.1	520.4
pandit_like_017090	20	58	190	39	308.4	14.1	520.4
pandit_like_019824	20	58	190	39	308.4	14.1	520.4
pandit_like_003144	14	106	91	27	308.4	4.6	520.1
pandit_like_003780	14	106	91	27	308.4	4.6	520.1
pandit_like_003824	14	106	91	27	308.4	4.6	520.1
pandit_like_003955	14	106	91	27	308.4	4.6	520.1
pandit_like_005393	14	106	91	27	308.4	4.6	520.1
pandit_like_008051	14	106	91	27	308.4	4.6	520.1
pandit_like_010256	14	106	91	27	308.4	4.6	520.1
pandit_like_010871	14	106	91	27	308.4	4.6	520.1
pandit_like_013031	14	106	91	27	308.4	4.6	520.1
pandit_like_015717	14	106	91	27	308.4	4.6	520.1
pandit_like_015920	14	106	91	27	308.4	4.6	520.1
pandit_like_017659	14	106	91	27	308.4	4.6	520.1
pandit_like_003199	8	211	28	15	308.4	0.7	519.8
pandit_like_004010	8	211	28	15	308.4	0.7	519.8
pandit_like_006008	8	211	28	15	308.4	0.7	519.8
pandit_like_006871	8	211	28	15	308.4	0.7	519.8
pandit_like_007571	8	211	28	15	308.4	0.7	519.8
pandit_like_007873	8	211	28	15	308.4	0.7	519.8
pandit_like_010375	8	211	28	15	308.4	0.7	519.8
pandit_like_013392	8	211	28	15	308.4	0.7	519.8
pandit_like_014967	8	211	28	15	308.4	0.7	519.8
pandit_like_016898	8	211	28	15	308.4	0.7	519.8
pandit_like_019982	8	211	28	15	308.4	0.7	519.8
pandit_like_000433	24	36	276	47	308.4	25.0	519.8
pandit_like_003253	24	36	276	47	308.4	25.0	519.8
pandit_like_003721	24	36	276	47	308.4	25.0	519.8
pandit_like_006210	24	36	276	47	308.4	25.0	519.8
pandit_like_006767	24	36	276	47	308.4	25.0	519.8
pandit_like_012755	24	36	276	47	308.4	25.0	519.8
pandit_like_019529	24	36	276	47	308.4	25.0	519.8
pandit_like_007824	13	117	78	25	308.4	3.6	519.4
pandit_like_018855	13	117	78	25	308.4	3.6	519.4
pandit_like_004836	9	184	36	17	308.4	1.1	519.1
pandit_like_006093	9	184	36	17	308.4	1.1	519.1
pandit_like_007169	9	184	36	17	308.4	1.1	519.1
pandit_like_013888	9	184	36	17	308.4	1.1	519.1
pandit_like_014929	9	184	36	17	308.4	1.1	519.1
pandit_like_018426	9	184	36	17	308.4	1.1	519.1
pandit_like_002288	8	210	28	15	308.4	0.7	518.8
pandit_like_005510	8	210	28	15	308.4	0.7	518.8
pandit_like_005968	8	210	28	15	308.4	0.7	518.8
pandit_like_007318	8	210	28	15	308.4	0.7	518.8
pandit_like_007959	8	210	28	15	308.4	0.7	518.8
pandit_like_011196	8	210	28	15	308.4	0.7	518.8
pandit_like_011614	8	210	28	15	308.4	0.7	518.8
pandit_like_011679	8	210	28	15	308.4	0.7	518.8
pandit_like_013441	8	210	28	15	308.4	0.7	518.8
pandit_like_015805	8	210	28	15	308.4	0.7	518.8
pandit_like_016339	8	210	28	15	308.4	0.7	518.8
pandit_like_001493	16	86	120	31	308.4	7.0	518.5
pandit_like_003615	16	86	120	31	308.4	7.0	518.5
pandit_like_009662	16	86	120	31	308.4	7.0	518.5
pandit_like_017233	16	86	120	31	308.4	7.0	518.5
pandit_like_002552	5	348	10	9	308.4	0.1	518.4
pandit_like_011741	5	348	10	9	308.4	0.1	518.4
pandit_like_016113	5	348	10	9	308.4	0.1	518.4
pandit_like_000239	9	183	36	17	308.4	1.1	518.1
pandit_like_002652	9	183	36	17	308.4	1.1	518.1
pandit_like_003304	9	183	36	17	308.4	1.1	518.1
pandit_like_003391	9	183	36	17	308.4	1.1	518.1
pandit_like_005421	9	183	36	17	308.4	1.1	518.1
pandit_like_005662	9	183	36	17	308.4	1.1	518.1
pandit_like_009725	9	183	36	17	308.4	1.1	518.1
pandit_like_010576	9	183	36	17	308.4	1.1	518.1
pandit_like_014415	9	183	36	17	308.4	1.1	518.1
pandit_like_000683	12	129	66	23	308.4	2.8	518.0
pandit_like_002276	12	129	66	23	308.4	2.8	518.0
pandit_like_002532	12	129	66	23	308.4	2.8	518.0
pandit_like_003432	12	129	66	23	308.4	2.8	518.0
pandit_like_017212	12	129	66	23	308.4	2.8	518.0
pandit_like_004123	20	57	190	39	308.4	14.1	517.9
pandit_like_007377	20	57	190	39	308.4	14.1	517.9
pandit_like_016094	20	57	190	39	308.4	14.1	517.9
pandit_like_016260	20	57	190	39	308.4	14.1	517.9
pandit_like_000135	6	286	15	11	308.4	0.3	517.8
pandit_like_003656	6	286	15	11	308.4	0.3	517.8
pandit_like_005481	6	286	15	11	308.4	0.3	517.8
pandit_like_006925	6	286	15	11	308.4	0.3	517.8
pandit_like_008493	6	286	15	11	308.4	0.3	517.8
pandit_like_008630	6	286	15	11	308.4	0.3	517.8
pandit_like_009172	6	286	15	11	308.4	0.3	517.8
pandit_like_012932	6	286	15	11	308.4	0.3	517.8
pandit_like_017386	6	286	15	11	308.4	0.3	517.8
pandit_like_018261	6	286	15	11	308.4	0.3	517.8
pandit_like_019025	6	286	15	11	308.4	0.3	517.8
pandit_like_001465	10	161	45	19	308.4	1.5	517.2
pandit_like_003329	10	161	45	19	308.4	1.5	517.2
pandit_like_006359	10	161	45	19	308.4	1.5	517.2
pandit_like_009704	10	161	45	19	308.4	1.5	517.2
pandit_like_011887	10	161	45	19	308.4	1.5	517.2
pandit_like_013912	10	161	45	19	308.4	1.5	517.2
pandit_like_014423	10	161	45	19	308.4	1.5	517.2
pandit_like_003298	6	285	15	11	308.4	0.3	517.0
pandit_like_004282	6	285	15	11	308.4	0.3	517.0
pandit_like_011751	6	285	15	11	308.4	0.3	517.0
pandit_like_012072	6	285	15	11	308.4	0.3	517.0
pandit_like_012816	6	285	15	11	308.4	0.3	517.0
pandit_like_013326	6	285	15	11	308.4	0.3	517.0
pandit_like_015608	6	285	15	11	308.4	0.3	517.0
pandit_like_018131	6	285	15	11	308.4	0.3	517.0
pandit_like_005989	9	182	36	17	308.4	1.1	517.0
pandit_like_013826	9	182	36	17	308.4	1.1	517.0
pandit_like_000219	7	241	21	13	308.4	0.5	516.8
pandit_like_000599	7	241	21	13	308.4	0.5	516.8
pandit_like_005185	7	241	21	13	308.4	0.5	516.8
pandit_like_005444	7	241	21	13	308.4	0.5	516.8
pandit_like_007801	7	241	21	13	308.4	0.5	516.8
pandit_like_008743	7	241	21	13	308.4	0.5	516.8
pandit_like_016412	7	241	21	13	308.4	0.5	516.8
pandit_like_017154	7	241	21	13	308.4	0.5	516.8
pandit_like_000371	5	345	10	9	308.4	0.1	516.7
pandit_like_005855	5	345	10	9	308.4	0.1	516.7
pandit_like_006355	5	345	10	9	308.4	0.1	516.7
pandit_like_010653	5	345	10	9	308.4	0.1	516.7
pandit_like_015142	5	345	10	9	308.4	0.1	516.7
pandit_like_019286	5	345	10	9	308.4	0.1	516.7
pandit_like_001267	15	94	105	29	308.4	5.7	516.6
pandit_like_001864	15	94	105	29	308.4	5.7	516.6
pandit_like_003783	15	94	105	29	308.4	5.7	516.6
pandit_like_002171	4	434	6	7	308.4	0.1	516.1
pandit_like_018593	4	434	6	7	308.4	0.1	516.1
pandit_like_019486	4	434	6	7	308.4	0.1	516.1
pandit_like_007560	7	240	21	13	308.4	0.5	516.0
pandit_like_008562	7	240	21	13	308.4	0.5	516.0
pandit_like_008766	7	240	21	13	308.4	0.5	516.0
pandit_like_010208	7	240	21	13	308.4	0.5	516.0
pandit_like_011812	7	240	21	13	308.4	0.5	516.0
pandit_like_012577	7	240	21	13	308.4	0.5	516.0
pandit_like_018427	7	240	21	13	308.4	0.5	516.0
pandit_like_006426	10	160	45	19	308.4	1.5	516.0
pandit_like_006780	10	160	45	19	308.4	1.5	516.0
pandit_like_017284	10	160	45	19	308.4	1.5	516.0
pandit_like_018611	10	160	45	19	308.4	1.5	516.0
pandit_like_011482	9	181	36	17	308.4	1.1	515.9
pandit_like_015960	9	181	36	17	308.4	1.1	515.9
pandit_like_001735	6	283	15	11	308.4	0.3	515.6
pandit_like_003570	6	283	15	11	308.4	0.3	515.6
pandit_like_004853	6	283	15	11	308.4	0.3	515.6
pandit_like_007578	6	283	15	11	308.4	0.3	515.6
pandit_like_014363	6	283	15	11	308.4	0.3	515.6
pandit_like_015579	6	283	15	11	308.4	0.3	515.6
pandit_like_016736	6	283	15	11	308.4	0.3	515.6
pandit_like_019264	6	283	15	11	308.4	0.3	515.6
pandit_like_001118	5	343	10	9	308.4	0.1	515.5
pandit_like_008359	5	343	10	9	308.4	0.1	515.5
pandit_like_010556	5	343	10	9	308.4	0.1	515.5
pandit_like_018472	5	343	10	9	308.4	0.1	515.5
pandit_like_018957	5	343	10	9	308.4	0.1	515.5
pandit_like_000804	20	56	190	39	308.4	14.1	515.4
pandit_like_001120	20	56	190	39	308.4	14.1	515.4
pandit_like_002116	20	56	190	39	308.4	14.1	515.4
pandit_like_003462	20	56	190	39	308.4	14.1	515.4
pandit_like_008722	20	56	190	39	308.4	14.1	515.4
pandit_like_009716	20	56	190	39	308.4	14.1	515.4
pandit_like_009792	20	56	190	39	308.4	14.1	515.4
pandit_like_014346	20	56	190	39	308.4	14.1	515.4
pandit_like_015066	20	56	190	39	308.4	14.1	515.4
pandit_like_016078	20	56	190	39	308.4	14.1	515.4
pandit_like_016899	20	56	190	39	308.4	14.1	515.4
pandit_like_017340	20	56	190	39	308.4	14.1	515.4
pandit_like_018489	20	56	190	39	308.4	14.1	515.4
pandit_like_019430	20	56	190	39	308.4	14.1	515.4
pandit_like_019937	20	56	190	39	308.4	14.1	515.4
pandit_like_019949	20	56	190	39	308.4	14.1	515.4
pandit_like_004174	8	206	28	15	308.4	0.7	515.0
pandit_like_007868	8	206	28	15	308.4	0.7	515.0
pandit_like_019072	8	206	28	15	308.4	0.7	515.0
pandit_like_001473	12	127	66	23	308.4	2.8	515.0
pandit_like_010104	12	127	66	23	308.4	2.8	515.0
pandit_like_015191	12	127	66	23	308.4	2.8	515.0
pandit_like_000691	5	342	10	9	308.4	0.1	514.9
pandit_like_000977	5	342	10	9	308.4	0.1	514.9
pandit_like_001046	5	342	10	9	308.4	0.1	514.9
pandit_like_001882	5	342	10	9	308.4	0.1	514.9
pandit_like_007636	5	342	10	9	308.4	0.1	514.9
pandit_like_008716	5	342	10	9	308.4	0.1	514.9
pandit_like_012660	5	342	10	9	308.4	0.1	514.9
pandit_like_012747	5	342	10	9	308.4	0.1	514.9
pandit_like_015287	5	342	10	9	308.4	0.1	514.9
pandit_like_018024	5	342	10	9	308.4	0.1	514.9
pandit_like_018062	5	342	10	9	308.4	0.1	514.9
pandit_like_019345	5	342	10	9	308.4	0.1	514.9
pandit_like_005316	6	282	15	11	308.4	0.3	514.9
pandit_like_009462	6	282	15	11	308.4	0.3	514.9
pandit_like_011579	6	282	15	11	308.4	0.3	514.9
pandit_like_000581	13	114	78	25	308.4	3.6	514.7
pandit_like_004095	13	114	78	25	308.4	3.6	514.7
pandit_like_004192	13	114	78	25	308.4	3.6	514.7
pandit_like_008609	13	114	78	25	308.4	3.6	514.7
pandit_like_010811	13	114	78	25	308.4	3.6	514.7
pandit_like_011596	13	114	78	25	308.4	3.6	514.7
pandit_like_012219	13	114	78	25	308.4	3.6	514.7
pandit_like_005034	5	341	10	9	308.4	0.1	514.3
pandit_like_005550	5	341	10	9	308.4	0.1	514.3
pandit_like_016428	5	341	10	9	308.4	0.1	514.3
pandit_like_003173	4	430	6	7	308.4	0.1	514.2
pandit_like_006187	4	430	6	7	308.4	0.1	514.2
pandit_like_007060	4	430	6	7	308.4	0.1	514.2
pandit_like_009657	4	430	6	7	308.4	0.1	514.2
pandit_like_014836	4	430	6	7	308.4	0.1	514.2
pandit_like_018306	4	430	6	7	308.4	0.1	514.2
pandit_like_019732	4	430	6	7	308.4	0.1	514.2
pandit_like_005093	9	179	36	17	308.4	1.1	513.7
pandit_like_007507	9	179	36	17	308.4	1.1	513.7
pandit_like_012861	9	179	36	17	308.4	1.1	513.7
pandit_like_013996	9	179	36	17	308.4	1.1	513.7
pandit_like_015987	9	179	36	17	308.4	1.1	513.7
pandit_like_001093	12	126	66	23	308.4	2.8	513.6
pandit_like_005833	12	126	66	23	308.4	2.8	513.6
pandit_like_010228	12	126	66	23	308.4	2.8	513.6
pandit_like_002058	10	158	45	19	308.4	1.5	513.5
pandit_like_004466	10	158	45	19	308.4	1.5	513.5
pandit_like_004510	10	158	45	19	308.4	1.5	513.5
pandit_like_007964	10	158	45	19	308.4	1.5	513.5
pandit_like_008699	10	158	45	19	308.4	1.5	513.5
pandit_like_009356	10	158	45	19	308.4	1.5	513.5
pandit_like_010231	10	158	45	19	308.4	1.5	513.5
pandit_like_010587	10	158	45	19	308.4	1.5	513.5
pandit_like_010937	10	158	45	19	308.4	1.5	513.5
pandit_like_013251	10	158	45	19	308.4	1.5	513.5
pandit_like_013855	10	158	45	19	308.4	1.5	513.5
pandit_like_018019	10	158	45	19	308.4	1.5	513.5
pandit_like_001233	13	113	78	25	308.4	3.6	513.1
pandit_like_003911	13	113	78	25	308.4	3.6	513.1
pandit_like_006442	13	113	78	25	308.4	3.6	513.1
pandit_like_007263	13	113	78	25	308.4	3.6	513.1
pandit_like_011632	13	113	78	25	308.4	3.6	513.1
pandit_like_015059	13	113	78	25	308.4	3.6	513.1
pandit_like_017199	13	113	78	25	308.4	3.6	513.1
pandit_like_003647	15	92	105	29	308.4	5.7	512.9
pandit_like_005499	15	92	105	29	308.4	5.7	512.9
pandit_like_008642	15	92	105	29	308.4	5.7	512.9
pandit_like_012473	15	92	105	29	308.4	5.7	512.9
pandit_like_015236	15	92	105	29	308.4	5.7	512.9
pandit_like_017007	15	92	105	29	308.4	5.7	512.9
pandit_like_000501	20	55	190	39	308.4	14.1	512.9
pandit_like_004824	20	55	190	39	308.4	14.1	512.9
pandit_like_008872	20	55	190	39	308.4	14.1	512.9
pandit_like_009494	20	55	190	39	308.4	14.1	512.9
pandit_like_013017	20	55	190	39	308.4	14.1	512.9
pandit_like_017590	20	55	190	39	308.4	14.1	512.9
pandit_like_001284	9	178	36	17	308.4	1.1	512.6
pandit_like_001668	9	178	36	17	308.4	1.1	512.6
pandit_like_002398	9	178	36	17	308.4	1.1	512.6
pandit_like_002420	9	178	36	17	308.4	1.1	512.6
pandit_like_004540	9	178	36	17	308.4	1.1	512.6
pandit_like_004550	9	178	36	17	308.4	1.1	512.6
pandit_like_005736	9	178	36	17	308.4	1.1	512.6
pandit_like_006259	9	178	36	17	308.4	1.1	512.6
pandit_like_006465	9	178	36	17	308.4	1.1	512.6
pandit_like_007056	9	178	36	17	308.4	1.1	512.6
pandit_like_008725	9	178	36	17	308.4	1.1	512.6
pandit_like_010373	9	178	36	17	308.4	1.1	512.6
pandit_like_010902	9	178	36	17	308.4	1.1	512.6
pandit_like_012042	9	178	36	17	308.4	1.1	512.6
pandit_like_012299	9	178	36	17	308.4	1.1	512.6
pandit_like_013241	9	178	36	17	308.4	1.1	512.6
pandit_like_016548	9	178	36	17	308.4	1.1	512.6
pandit_like_017045	9	178	36	17	308.4	1.1	512.6
pandit_like_001552	11	140	55	21	308.4	2.1	512.6
pandit_like_003237	11	140	55	21	308.4	2.1	512.6
pandit_like_005106	11	140	55	21	308.4	2.1	512.6
pandit_like_006471	11	140	55	21	308.4	2.1	512.6
pandit_like_006562	11	140	55	21	308.4	2.1	512.6
pandit_like_006639	11	140	55	21	308.4	2.1	512.6
pandit_like_008215	11	140	55	21	308.4	2.1	512.6
pandit_like_009057	11	140	55	21	308.4	2.1	512.6
pandit_like_010103	11	140	55	21	308.4	2.1	512.6
pandit_like_011801	11	140	55	21	308.4	2.1	512.6
pandit_like_014381	11	140	55	21	308.4	2.1	512.6
pandit_like_016527	11	140	55	21	308.4	2.1	512.6
pandit_like_019458	11	140	55	21	308.4	2.1	512.6
pandit_like_009429	19	61	171	37	308.4	12.0	512.4
pandit_like_000016	8	203	28	15	308.4	0.7	512.1
pandit_like_001070	8	203	28	15	308.4	0.7	512.1
pandit_like_005899	8	203	28	15	308.4	0.7	512.1
pandit_like_011207	8	203	28	15	308.4	0.7	512.1
pandit_like_016549	8	203	28	15	308.4	0.7	512.1
pandit_like_002289	6	278	15	11	308.4	0.3	512.0
pandit_like_002939	6	278	15	11	308.4	0.3	512.0
pandit_like_008874	6	278	15	11	308.4	0.3	512.0
pandit_like_015713	6	278	15	11	308.4	0.3	512.0
pandit_like_018833	6	278	15	11	308.4	0.3	512.0
pandit_like_008502	5	337	10	9	308.4	0.1	511.9
pandit_like_013616	5	337	10	9	308.4	0.1	511.9
pandit_like_014592	5	337	10	9	308.4	0.1	511.9
pandit_like_017104	5	337	10	9	308.4	0.1	511.9
pandit_like_002513	7	235	21	13	308.4	0.5	511.8
pandit_like_003417	7	235	21	13	308.4	0.5	511.8
pandit_like_006295	7	235	21	13	308.4	0.5	511.8
pandit_like_007379	7	235	21	13	308.4	0.5	511.8
pandit_like_007580	7	235	21	13	308.4	0.5	511.8
pandit_like_008798	7	235	21	13	308.4	0.5	511.8
pandit_like_012844	7	235	21	13	308.4	0.5	511.8
pandit_like_014195	7	235	21	13	308.4	0.5	511.8
pandit_like_016876	7	235	21	13	308.4	0.5	511.8
pandit_like_017845	7	235	21	13	308.4	0.5	511.8
pandit_like_018535	7	235	21	13	308.4	0.5	511.8
pandit_like_019250	7	235	21	13	308.4	0.5	511.8
pandit_like_002607	4	424	6	7	308.4	0.1	511.4
pandit_like_003042	4	424	6	7	308.4	0.1	511.4
pandit_like_007373	4	424	6	7	308.4	0.1	511.4
pandit_like_014553	4	424	6	7	308.4	0.1	511.4
pandit_like_019069	4	424	6	7	308.4	0.1	511.4
pandit_like_002381	5	336	10	9	308.4	0.1	511.3
pandit_like_003161	5	336	10	9	308.4	0.1	511.3
pandit_like_003221	5	336	10	9	308.4	0.1	511.3
pandit_like_003927	5	336	10	9	308.4	0.1	511.3
pandit_like_005413	5	336	10	9	308.4	0.1	511.3
pandit_like_006423	5	336	10	9	308.4	0.1	511.3
pandit_like_007333	5	336	10	9	308.4	0.1	511.3
pandit_like_013822	5	336	10	9	308.4	0.1	511.3
pandit_like_014829	5	336	10	9	308.4	0.1	511.3
pandit_like_015903	5	336	10	9	308.4	0.1	511.3
pandit_like_016438	5	336	10	9	308.4	0.1	511.3
pandit_like_016617	5	336	10	9	308.4	0.1	511.3
pandit_like_017141	5	336	10	9	308.4	0.1	511.3
pandit_like_017987	5	336	10	9	308.4	0.1	511.3
pandit_like_001797	6	277	15	11	308.4	0.3	511.3
pandit_like_008648	6	277	15	11	308.4	0.3	511.3
pandit_like_015042	6	277	15	11	308.4	0.3	511.3
pandit_like_015161	6	277	15	11	308.4	0.3	511.3
pandit_like_019897	6	277	15	11	308.4	0.3	511.3
pandit_like_000354	10	156	45	19	308.4	1.5	511.1
pandit_like_004867	10	156	45	19	308.4	1.5	511.1
pandit_like_008442	10	156	45	19	308.4	1.5	511.1
pandit_like_012016	10	156	45	19	308.4	1.5	511.1
pandit_like_019467	10	156	45	19	308.4	1.5	511.1
pandit_like_003554	12	124	66	23	308.4	2.8	510.7
pandit_like_004763	12	124	66	23	308.4	2.8	510.7
pandit_like_007563	12	124	66	23	308.4	2.8	510.7
pandit_like_011506	12	124	66	23	308.4	2.8	510.7
pandit_like_005497	6	276	15	11	308.4	0.3	510.6
pandit_like_007495	6	276	15	11	308.4	0.3	510.6
pandit_like_008252	6	276	15	11	308.4	0.3	510.6
pandit_like_000619	16	82	120	31	308.4	7.0	510.6
pandit_like_003390	16	82	120	31	308.4	7.0	510.6
pandit_like_003862	16	82	120	31	308.4	7.0	510.6
pandit_like_009410	16	82	120	31	308.4	7.0	510.6
pandit_like_018002	16	82	120	31	308.4	7.0	510.6
pandit_like_000852	9	176	36	17	308.4	1.1	510.5
pandit_like_001490	9	176	36	17	308.4	1.1	510.5
pandit_like_002746	9	176	36	17	308.4	1.1	510.5
pandit_like_003095	9	176	36	17	308.4	1.1	510.5
pandit_like_004304	9	176	36	17	308.4	1.1	510.5
pandit_like_005482	9	176	36	17	308.4	1.1	510.5
pandit_like_007384	9	176	36	17	308.4	1.1	510.5
pandit_like_007703	9	176	36	17	308.4	1.1	510.5
pandit_like_008193	9	176	36	17	308.4	1.1	510.5
pandit_like_009714	9	176	36	17	308.4	1.1	510.5
pandit_like_010414	9	176	36	17	308.4	1.1	510.5
pandit_like_011759	9	176	36	17	308.4	1.1	510.5
pandit_like_018032	9	176	36	17	308.4	1.1	510.5
pandit_like_004056	20	54	190	39	308.4	14.1	510.4
pandit_like_006393	20	54	190	39	308.4	14.1	510.4
pandit_like_007314	20	54	190	39	308.4	14.1	510.4
pandit_like_008441	20	54	190	39	308.4	14.1	510.4
pandit_like_012211	20	54	190	39	308.4	14.1	510.4
pandit_like_015697	20	54	190	39	308.4	14.1	510.4
pandit_like_017129	20	54	190	39	308.4	14.1	510.4
pandit_like_017579	20	54	190	39	308.4	14.1	510.4
pandit_like_001012	8	201	28	15	308.4	0.7	510.2
pandit_like_002121	8	201	28	15	308.4	0.7	510.2
pandit_like_002306	8	201	28	15	308.4	0.7	510.2
pandit_like_003193	8	201	28	15	308.4	0.7	510.2
pandit_like_003772	8	201	28	15	308.4	0.7	510.2
pandit_like_004284	8	201	28	15	308.4	0.7	510.2
pandit_like_009402	8	201	28	15	308.4	0.7	510.2
pandit_like_014611	8	201	28	15	308.4	0.7	510.2
pandit_like_017551	8	201	28	15	308.4	0.7	510.2
pandit_like_018864	8	201	28	15	308.4	0.7	510.2
pandit_like_000969	4	421	6	7	308.4	0.1	510.0
pandit_like_003560	4	421	6	7	308.4	0.1	510.0
pandit_like_009220	4	421	6	7	308.4	0.1	510.0
pandit_like_011113	4	421	6	7	308.4	0.1	510.0
pandit_like_011164	4	421	6	7	308.4	0.1	510.0
pandit_like_011804	4	421	6	7	308.4	0.1	510.0
pandit_like_012044	4	421	6	7	308.4	0.1	510.0
pandit_like_016387	4	421	6	7	308.4	0.1	510.0
pandit_like_019841	4	421	6	7	308.4	0.1	510.0
pandit_like_002355	11	138	55	21	308.4	2.1	510.0
pandit_like_002531	11	138	55	21	308.4	2.1	510.0
pandit_like_003651	11	138	55	21	308.4	2.1	510.0
pandit_like_006392	11	138	55	21	308.4	2.1	510.0
pandit_like_006817	11	138	55	21	308.4	2.1	510.0
pandit_like_008070	11	138	55	21	308.4	2.1	510.0
pandit_like_009820	11	138	55	21	308.4	2.1	510.0
pandit_like_012096	11	138	55	21	308.4	2.1	510.0
pandit_like_015961	11	138	55	21	308.4	2.1	510.0
pandit_like_008140	6	275	15	11	308.4	0.3	509.9
pandit_like_019496	6	275	15	11	308.4	0.3	509.9
pandit_like_001278	10	155	45	19	308.4	1.5	509.9
pandit_like_002268	10	155	45	19	308.4	1.5	509.9
pandit_like_003672	10	155	45	19	308.4	1.5	509.9
pandit_like_004988	10	155	45	19	308.4	1.5	509.9
pandit_like_006612	10	155	45	19	308.4	1.5	509.9
pandit_like_012994	10	155	45	19	308.4	1.5	509.9
pandit_like_015466	10	155	45	19	308.4	1.5	509.9
pandit_like_017662	10	155	45	19	308.4	1.5	509.9
pandit_like_000831	4	420	6	7	308.4	0.1	509.5
pandit_like_007436	4	420	6	7	308.4	0.1	509.5
pandit_like_011597	4	420	6	7	308.4	0.1	509.5
pandit_like_014974	4	420	6	7	308.4	0.1	509.5
pandit_like_015533	4	420	6	7	308.4	0.1	509.5
pandit_like_015560	4	420	6	7	308.4	0.1	509.5
pandit_like_016334	4	420	6	7	308.4	0.1	509.5
pandit_like_017185	4	420	6	7	308.4	0.1	509.5
pandit_like_002078	5	333	10	9	308.4	0.1	509.5
pandit_like_002663	5	333	10	9	308.4	0.1	509.5
pandit_like_015276	5	333	10	9	308.4	0.1	509.5
pandit_like_000634	9	175	36	17	308.4	1.1	509.4
pandit_like_012995	9	175	36	17	308.4	1.1	509.4
pandit_like_015257	9	175	36	17	308.4	1.1	509.4
pandit_like_018844	9	175	36	17	308.4	1.1	509.4
pandit_like_000760	15	90	105	29	308.4	5.7	509.3
pandit_like_001164	15	90	105	29	308.4	5.7	509.3
pandit_like_007459	15	90	105	29	308.4	5.7	509.3
pandit_like_009160	15	90	105	29	308.4	5.7	509.3
pandit_like_002469	6	274	15	11	308.4	0.3	509.2
pandit_like_005389	6	274	15	11	308.4	0.3	509.2
pandit_like_006281	6	274	15	11	308.4	0.3	509.2
pandit_like_009752	6	274	15	11	308.4	0.3	509.2
pandit_like_011160	6	274	15	11	308.4	0.3	509.2
pandit_like_011255	6	274	15	11	308.4	0.3	509.2
pandit_like_012561	6	274	15	11	308.4	0.3	509.2
pandit_like_017351	6	274	15	11	308.4	0.3	509.2
pandit_like_017962	6	274	15	11	308.4	0.3	509.2
pandit_like_000291	5	332	10	9	308.4	0.1	508.9
pandit_like_004478	5	332	10	9	308.4	0.1	508.9
pandit_like_007543	5	332	10	9	308.4	0.1	508.9
pandit_like_008572	5	332	10	9	308.4	0.1	508.9
pandit_like_010901	5	332	10	9	308.4	0.1	508.9
pandit_like_011236	5	332	10	9	308.4	0.1	508.9
pandit_like_011469	5	332	10	9	308.4	0.1	508.9
pandit_like_011782	5	332	10	9	308.4	0.1	508.9
pandit_like_014572	5	332	10	9	308.4	0.1	508.9
pandit_like_016518	5	332	10	9	308.4	0.1	508.9
pandit_like_018967	5	332	10	9	308.4	0.1	508.9
pandit_like_004288	9	174	36	17	308.4	1.1	508.3
pandit_like_005741	9	174	36	17	308.4	1.1	508.3
pandit_like_014018	9	174	36	17	308.4	1.1	508.3
pandit_like_007021	13	110	78	25	308.4	3.6	508.3
pandit_like_014214	13	110	78	25	308.4	3.6	508.3
pandit_like_015167	13	110	78	25	308.4	3.6	508.3
pandit_like_017954	13	110	78	25	308.4	3.6	508.3
pandit_like_003097	17	73	136	33	308.4	8.5	508.3
pandit_like_004766	17	73	136	33	308.4	8.5	508.3
pandit_like_009690	17	73	136	33	308.4	8.5	508.3
pandit_like_010534	17	73	136	33	308.4	8.5	508.3
pandit_like_015515	17	73	136	33	308.4	8.5	508.3
pandit_like_007619	4	417	6	7	308.4	0.1	508.1
pandit_like_013866	4	417	6	7	308.4	0.1	508.1
pandit_like_014444	4	417	6	7	308.4	0.1	508.1
pandit_like_016575	4	417	6	7	308.4	0.1	508.1
pandit_like_000915	22	42	231	43	308.4	19.0	508.1
pandit_like_002641	22	42	231	43	308.4	19.0	508.1
pandit_like_010397	22	42	231	43	308.4	19.0	508.1
pandit_like_014277	22	42	231	43	308.4	19.0	508.1
pandit_like_002273	4	416	6	7	308.4	0.1	507.6
pandit_like_004341	4	416	6	7	308.4	0.1	507.6
pandit_like_004446	4	416	6	7	308.4	0.1	507.6
pandit_like_004829	4	416	6	7	308.4	0.1	507.6
pandit_like_010613	4	416	6	7	308.4	0.1	507.6
pandit_like_010780	4	416	6	7	308.4	0.1	507.6
pandit_like_000557	7	230	21	13	308.4	0.5	507.6
pandit_like_000671	7	230	21	13	308.4	0.5	507.6
pandit_like_001634	7	230	21	13	308.4	0.5	507.6
pandit_like_003306	7	230	21	13	308.4	0.5	507.6
pandit_like_005403	7	230	21	13	308.4	0.5	507.6
pandit_like_006055	7	230	21	13	308.4	0.5	507.6
pandit_like_008383	7	230	21	13	308.4	0.5	507.6
pandit_like_010188	7	230	21	13	308.4	0.5	507.6
pandit_like_010590	7	230	21	13	308.4	0.5	507.6
pandit_like_011360	7	230	21	13	308.4	0.5	507.6
pandit_like_011617	7	230	21	13	308.4	0.5	507.6
pandit_like_011842	7	230	21	13	308.4	0.5	507.6
pandit_like_011951	7	230	21	13	308.4	0.5	507.6
pandit_like_013671	7	230	21	13	308.4	0.5	507.6
pandit_like_014091	7	230	21	13	308.4	0.5	507.6
pandit_like_014915	7	230	21	13	308.4	0.5	507.6
pandit_like_017275	7	230	21	13	308.4	0.5	507.6
pandit_like_018061	7	230	21	13	308.4	0.5	507.6
pandit_like_018240	7	230	21	13	308.4	0.5	507.6
pandit_like_018803	7	230	21	13	308.4	0.5	507.6
pandit_like_002769	10	153	45	19	308.4	1.5	507.5
pandit_like_006053	10	153	45	19	308.4	1.5	507.5
pandit_like_007971	10	153	45	19	308.4	1.5	507.5
pandit_like_008549	10	153	45	19	308.4	1.5	507.5
pandit_like_009427	10	153	45	19	308.4	1.5	507.5
pandit_like_010332	10	153	45	19	308.4	1.5	507.5
pandit_like_014072	10	153	45	19	308.4	1.5	507.5
pandit_like_014804	10	153	45	19	308.4	1.5	507.5
pandit_like_015863	10	153	45	19	308.4	1.5	507.5
pandit_like_015904	10	153	45	19	308.4	1.5	507.5
pandit_like_017229	10	153	45	19	308.4	1.5	507.5
pandit_like_019456	10	153	45	19	308.4	1.5	507.5
pandit_like_019706	10	153	45	19	308.4	1.5	507.5
pandit_like_000727	15	89	105	29	308.4	5.7	507.4
pandit_like_001787	15	89	105	29	308.4	5.7	507.4
pandit_like_005780	15	89	105	29	308.4	5.7	507.4
pandit_like_005960	15	89	105	29	308.4	5.7	507.4
pandit_like_007399	15	89	105	29	308.4	5.7	507.4
pandit_like_014372	15	89	105	29	308.4	5.7	507.4
pandit_like_015849	15	89	105	29	308.4	5.7	507.4
pandit_like_004091	8	198	28	15	308.4	0.7	507.3
pandit_like_009562	8	198	28	15	308.4	0.7	507.3
pandit_like_010770	8	198	28	15	308.4	0.7	507.3
pandit_like_018046	8	198	28	15	308.4	0.7	507.3
pandit_like_018599	8	198	28	15	308.4	0.7	507.3
pandit_like_001574	9	173	36	17	308.4	1.1	507.2
pandit_like_011075	9	173	36	17	308.4	1.1	507.2
pandit_like_001029	6	271	15	11	308.4	0.3	507.0
pandit_like_003788	6	271	15	11	308.4	0.3	507.0
pandit_like_004001	6	271	15	11	308.4	0.3	507.0
pandit_like_010701	6	271	15	11	308.4	0.3	507.0
pandit_like_013865	6	271	15	11	308.4	0.3	507.0
pandit_like_014714	6	271	15	11	308.4	0.3	507.0
pandit_like_015825	6	271	15	11	308.4	0.3	507.0
pandit_like_019138	6	271	15	11	308.4	0.3	507.0
pandit_like_006271	13	109	78	25	308.4	3.6	506.8
pandit_like_001096	7	229	21	13	308.4	0.5	506.7
pandit_like_001631	7	229	21	13	308.4	0.5	506.7
pandit_like_007678	7	229	21	13	308.4	0.5	506.7
pandit_like_016839	7	229	21	13	308.4	0.5	506.7
pandit_like_017865	7	229	21	13	308.4	0.5	506.7
pandit_like_018416	7	229	21	13	308.4	0.5	506.7
pandit_like_001649	4	414	6	7	308.4	0.1	506.6
pandit_like_001329	5	328	10	9	308.4	0.1	506.5
pandit_like_002608	5	328	10	9	308.4	0.1	506.5
pandit_like_002796	5	328	10	9	308.4	0.1	506.5
pandit_like_009148	5	328	10	9	308.4	0.1	506.5
pandit_like_010650	5	328	10	9	308.4	0.1	506.5
pandit_like_010686	5	328	10	9	308.4	0.1	506.5
pandit_like_009175	10	152	45	19	308.4	1.5	506.3
pandit_like_013110	10	152	45	19	308.4	1.5	506.3
pandit_like_019788	10	152	45	19	308.4	1.5	506.3
pandit_like_003347	12	121	66	23	308.4	2.8	506.3
pandit_like_008261	12	121	66	23	308.4	2.8	506.3
pandit_like_011177	12	121	66	23	308.4	2.8	506.3
pandit_like_011833	12	121	66	23	308.4	2.8	506.3
pandit_like_012424	12	121	66	23	308.4	2.8	506.3
pandit_like_015005	12	121	66	23	308.4	2.8	506.3
pandit_like_001982	4	413	6	7	308.4	0.1	506.2
pandit_like_002051	4	413	6	7	308.4	0.1	506.2
pandit_like_002568	4	413	6	7	308.4	0.1	506.2
pandit_like_002604	4	413	6	7	308.4	0.1	506.2
pandit_like_008745	4	413	6	7	308.4	0.1	506.2
pandit_like_010122	4	413	6	7	308.4	0.1	506.2
pandit_like_001088	9	172	36	17	308.4	1.1	506.1
pandit_like_002470	9	172	36	17	308.4	1.1	506.1
pandit_like_008987	9	172	36	17	308.4	1.1	506.1
pandit_like_012940	9	172	36	17	308.4	1.1	506.1
pandit_like_018636	9	172	36	17	308.4	1.1	506.1
pandit_like_000013	7	228	21	13	308.4	0.5	505.9
pandit_like_000182	7	228	21	13	308.4	0.5	505.9
pandit_like_003051	7	228	21	13	308.4	0.5	505.9
pandit_like_003177	7	228	21	13	308.4	0.5	505.9
pandit_like_008202	7	228	21	13	308.4	0.5	505.9
pandit_like_009878	7	228	21	13	308.4	0.5	505.9
pandit_like_011813	7	228	21	13	308.4	0.5	505.9
pandit_like_012814	7	228	21	13	308.4	0.5	505.9
pandit_like_012886	7	228	21	13	308.4	0.5	505.9
pandit_like_013675	7	228	21	13	308.4	0.5	505.9
pandit_like_017049	7	228	21	13	308.4	0.5	505.9
pandit_like_017292	7	228	21	13	308.4	0.5	505.9
pandit_like_017409	7	228	21	13	308.4	0.5	505.9
pandit_like_019163	7	228	21	13	308.4	0.5	505.9
pandit_like_000989	4	412	6	7	308.4	0.1	505.7
pandit_like_007365	4	412	6	7	308.4	0.1	505.7
pandit_like_009389	4	412	6	7	308.4	0.1	505.7
pandit_like_014488	4	412	6	7	308.4	0.1	505.7
pandit_like_015398	4	412	6	7	308.4	0.1	505.7
pandit_like_000344	10	151	45	19	308.4	1.5	505.1
pandit_like_001295	10	151	45	19	308.4	1.5	505.1
pandit_like_001746	10	151	45	19	308.4	1.5	505.1
pandit_like_005965	10	151	45	19	308.4	1.5	505.1
pandit_like_007836	10	151	45	19	308.4	1.5	505.1
pandit_like_008064	10	151	45	19	308.4	1.5	505.1
pandit_like_008901	10	151	45	19	308.4	1.5	505.1
pandit_like_010760	10	151	45	19	308.4	1.5	505.1
pandit_like_015100	10	151	45	19	308.4	1.5	505.1
pandit_like_016138	10	151	45	19	308.4	1.5	505.1
pandit_like_000027	12	120	66	23	308.4	2.8	504.8
pandit_like_008714	12	120	66	23	308.4	2.8	504.8
pandit_like_013776	12	120	66	23	308.4	2.8	504.8
pandit_like_001635	4	410	6	7	308.4	0.1	504.7
pandit_like_004358	4	410	6	7	308.4	0.1	504.7
pandit_like_006297	4	410	6	7	308.4	0.1	504.7
pandit_like_002092	16	79	120	31	308.4	7.0	504.7
pandit_like_007100	16	79	120	31	308.4	7.0	504.7
pandit_like_018353	16	79	120	31	308.4	7.0	504.7
pandit_like_000561	8	195	28	15	308.4	0.7	504.4
pandit_like_003127	8	195	28	15	308.4	0.7	504.4
pandit_like_009778	8	195	28	15	308.4	0.7	504.4
pandit_like_011809	8	195	28	15	308.4	0.7	504.4
pandit_like_015459	8	195	28	15	308.4	0.7	504.4
pandit_like_004213	9	170	36	17	308.4	1.1	504.0
pandit_like_006481	9	170	36	17	308.4	1.1	504.0
pandit_like_009108	9	170	36	17	308.4	1.1	504.0
pandit_like_010857	9	170	36	17	308.4	1.1	504.0
pandit_like_019665	9	170	36	17	308.4	1.1	504.0
pandit_like_000061	10	150	45	19	308.4	1.5	503.9
pandit_like_002653	10	150	45	19	308.4	1.5	503.9
pandit_like_003322	10	150	45	19	308.4	1.5	503.9
pandit_like_006724	10	150	45	19	308.4	1.5	503.9
pandit_like_007616	10	150	45	19	308.4	1.5	503.9
pandit_like_009109	10	150	45	19	308.4	1.5	503.9
pandit_like_009902	10	150	45	19	308.4	1.5	503.9
pandit_like_010088	10	150	45	19	308.4	1.5	503.9
pandit_like_012169	10	150	45	19	308.4	1.5	503.9
pandit_like_017168	10	150	45	19	308.4	1.5	503.9
pandit_like_000475	5	323	10	9	308.4	0.1	503.6
pandit_like_002235	5	323	10	9	308.4	0.1	503.6
pandit_like_010529	5	323	10	9	308.4	0.1	503.6
pandit_like_013698	5	323	10	9	308.4	0.1	503.6
pandit_like_003223	6	266	15	11	308.4	0.3	503.4
pandit_like_004033	6	266	15	11	308.4	0.3	503.4
pandit_like_009435	6	266	15	11	308.4	0.3	503.4
pandit_like_009633	6	266	15	11	308.4	0.3	503.4
pandit_like_010045	6	266	15	11	308.4	0.3	503.4
pandit_like_000460	8	194	28	15	308.4	0.7	503.4
pandit_like_001642	8	194	28	15	308.4	0.7	503.4
pandit_like_004915	8	194	28	15	308.4	0.7	503.4
pandit_like_005515	8	194	28	15	308.4	0.7	503.4
pandit_like_007947	8	194	28	15	308.4	0.7	503.4
pandit_like_011092	8	194	28	15	308.4	0.7	503.4
pandit_like_011401	8	194	28	15	308.4	0.7	503.4
pandit_like_011744	8	194	28	15	308.4	0.7	503.4
pandit_like_003702	14	96	91	27	308.4	4.6	503.0
pandit_like_004162	14	96	91	27	308.4	4.6	503.0
pandit_like_011318	14	96	91	27	308.4	4.6	503.0
pandit_like_014913	14	96	91	27	308.4	4.6	503.0
pandit_like_015166	14	96	91	27	308.4	4.6	503.0
pandit_like_017449	14	96	91	27	308.4	4.6	503.0
pandit_like_017568	14	96	91	27	308.4	4.6	503.0
pandit_like_019764	14	96	91	27	308.4	4.6	503.0
pandit_like_007118	19	57	171	37	308.4	12.0	503.0
pandit_like_007851	19	57	171	37	308.4	12.0	503.0
pandit_like_011835	19	57	171	37	308.4	12.0	503.0
pandit_like_016669	19	57	171	37	308.4	12.0	503.0
pandit_like_000015	20	51	190	39	308.4	14.1	503.0
pandit_like_015614	20	51	190	39	308.4	14.1	503.0
pandit_like_002742	7	224	21	13	308.4	0.5	502.5
pandit_like_002983	7	224	21	13	308.4	0.5	502.5
pandit_like_013466	7	224	21	13	308.4	0.5	502.5
pandit_like_002879	8	193	28	15	308.4	0.7	502.5
pandit_like_009040	8	193	28	15	308.4	0.7	502.5
pandit_like_009112	8	193	28	15	308.4	0.7	502.5
pandit_like_010567	8	193	28	15	308.4	0.7	502.5
pandit_like_010673	8	193	28	15	308.4	0.7	502.5
pandit_like_017423	8	193	28	15	308.4	0.7	502.5
pandit_like_007144	5	321	10	9	308.4	0.1	502.4
pandit_like_009070	5	321	10	9	308.4	0.1	502.4
pandit_like_014796	5	321	10	9	308.4	0.1	502.4
pandit_like_001186	6	264	15	11	308.4	0.3	502.0
pandit_like_004571	6	264	15	11	308.4	0.3	502.0
pandit_like_012599	6	264	15	11	308.4	0.3	502.0
pandit_like_014602	6	264	15	11	308.4	0.3	502.0
pandit_like_011815	13	106	78	25	308.4	3.6	502.0
pandit_like_012884	13	106	78	25	308.4	3.6	502.0
pandit_like_012964	13	106	78	25	308.4	3.6	502.0
pandit_like_017298	13	106	78	25	308.4	3.6	502.0
pandit_like_019041	13	106	78	25	308.4	3.6	502.0
pandit_like_019157	13	106	78	25	308.4	3.6	502.0
pandit_like_019645	13	106	78	25	308.4	3.6	502.0
pandit_like_002080	18	63	153	35	308.4	10.2	502.0
pandit_like_002371	18	63	153	35	308.4	10.2	502.0
pandit_like_003655	18	63	153	35	308.4	10.2	502.0
pandit_like_004574	18	63	153	35	308.4	10.2	502.0
pandit_like_018228	18	63	153	35	308.4	10.2	502.0
pandit_like_003914	12	118	66	23	308.4	2.8	501.9
pandit_like_005635	12	118	66	23	308.4	2.8	501.9
pandit_like_011847	12	118	66	23	308.4	2.8	501.9
pandit_like_012049	12	118	66	23	308.4	2.8	501.9
pandit_like_013613	12	118	66	23	308.4	2.8	501.9
pandit_like_016696	12	118	66	23	308.4	2.8	501.9
pandit_like_017490	12	118	66	23	308.4	2.8	501.9
pandit_like_018522	12	118	66	23	308.4	2.8	501.9
pandit_like_018596	12	118	66	23	308.4	2.8	501.9
pandit_like_019757	12	118	66	23	308.4	2.8	501.9
pandit_like_000031	9	168	36	17	308.4	1.1	501.8
pandit_like_002301	9	168	36	17	308.4	1.1	501.8
pandit_like_002364	9	168	36	17	308.4	1.1	501.8
pandit_like_013957	9	168	36	17	308.4	1.1	501.8
pandit_like_015201	9	168	36	17	308.4	1.1	501.8
pandit_like_000370	7	223	21	13	308.4	0.5	501.7
pandit_like_002777	7	223	21	13	308.4	0.5	501.7
pandit_like_004869	7	223	21	13	308.4	0.5	501.7
pandit_like_002077	8	192	28	15	308.4	0.7	501.5
pandit_like_002079	8	192	28	15	308.4	0.7	501.5
pandit_like_002456	8	192	28	15	308.4	0.7	501.5
pandit_like_003018	8	192	28	15	308.4	0.7	501.5
pandit_like_005558	8	192	28	15	308.4	0.7	501.5
pandit_like_007511	8	192	28	15	308.4	0.7	501.5
pandit_like_010605	8	192	28	15	308.4	0.7	501.5
pandit_like_010868	8	192	28	15	308.4	0.7	501.5
pandit_like_011025	8	192	28	15	308.4	0.7	501.5
pandit_like_012051	8	192	28	15	308.4	0.7	501.5
pandit_like_017189	8	192	28	15	308.4	0.7	501.5
pandit_like_017205	8	192	28	15	308.4	0.7	501.5
pandit_like_017622	8	192	28	15	308.4	0.7	501.5
pandit_like_019080	8	192	28	15	308.4	0.7	501.5
pandit_like_019135	8	192	28	15	308.4	0.7	501.5
pandit_like_000610	4	402	6	7	308.4	0.1	500.9
pandit_like_004394	4	402	6	7	308.4	0.1	500.9
pandit_like_016151	4	402	6	7	308.4	0.1	500.9
pandit_like_016300	4	402	6	7	308.4	0.1	500.9
pandit_like_003874	7	222	21	13	308.4	0.5	500.9
pandit_like_006905	7	222	21	13	308.4	0.5	500.9
pandit_like_008892	7	222	21	13	308.4	0.5	500.9
pandit_like_015246	7	222	21	13	308.4	0.5	500.9
pandit_like_015359	7	222	21	13	308.4	0.5	500.9
pandit_like_016520	7	222	21	13	308.4	0.5	500.9
pandit_like_016541	7	222	21	13	308.4	0.5	500.9
pandit_like_018127	7	222	21	13	308.4	0.5	500.9
pandit_like_019178	7	222	21	13	308.4	0.5	500.9
pandit_like_003044	9	167	36	17	308.4	1.1	500.7
pandit_like_006469	9	167	36	17	308.4	1.1	500.7
pandit_like_013686	9	167	36	17	308.4	1.1	500.7
pandit_like_019070	9	167	36	17	308.4	1.1	500.7
pandit_like_001117	5	318	10	9	308.4	0.1	500.6
pandit_like_001119	5	318	10	9	308.4	0.1	500.6
pandit_like_001701	5	318	10	9	308.4	0.1	500.6
pandit_like_013529	5	318	10	9	308.4	0.1	500.6
pandit_like_019593	5	318	10	9	308.4	0.1	500.6
pandit_like_003877	6	262	15	11	308.4	0.3	500.6
pandit_like_005503	6	262	15	11	308.4	0.3	500.6
pandit_like_007055	6	262	15	11	308.4	0.3	500.6
pandit_like_014484	6	262	15	11	308.4	0.3	500.6
pandit_like_001404	20	50	190	39	308.4	14.1	500.5
pandit_like_006243	20	50	190	39	308.4	14.1	500.5
pandit_like_016335	20	50	190	39	308.4	14.1	500.5
pandit_like_004468	5	317	10	9	308.4	0.1	500.0
pandit_like_004629	5	317	10	9	308.4	0.1	500.0
pandit_like_010616	5	317	10	9	308.4	0.1	500.0
pandit_like_010938	5	317	10	9	308.4	0.1	500.0
pandit_like_016608	5	317	10	9	308.4	0.1	500.0
pandit_like_001759	17	69	136	33	308.4	8.5	499.9
pandit_like_007632	17	69	136	33	308.4	8.5	499.9
pandit_like_012827	17	69	136	33	308.4	8.5	499.9
pandit_like_013174	17	69	136	33	308.4	8.5	499.9
pandit_like_017530	17	69	136	33	308.4	8.5	499.9
pandit_like_006792	4	399	6	7	308.4	0.1	499.5
pandit_like_012942	4	399	6	7	308.4	0.1	499.5
pandit_like_013489	4	399	6	7	308.4	0.1	499.5
pandit_like_016780	4	399	6	7	308.4	0.1	499.5
pandit_like_017623	4	399	6	7	308.4	0.1	499.5
pandit_like_019408	4	399	6	7	308.4	0.1	499.5
pandit_like_009954	14	94	91	27	308.4	4.6	499.5
pandit_like_015980	14	94	91	27	308.4	4.6	499.5
pandit_like_001141	6	260	15	11	308.4	0.3	499.1
pandit_like_003041	6	260	15	11	308.4	0.3	499.1
pandit_like_006280	6	260	15	11	308.4	0.3	499.1
pandit_like_007875	6	260	15	11	308.4	0.3	499.1
pandit_like_011802	6	260	15	11	308.4	0.3	499.1
pandit_like_000764	4	398	6	7	308.4	0.1	499.0
pandit_like_009896	4	398	6	7	308.4	0.1	499.0
pandit_like_016939	4	398	6	7	308.4	0.1	499.0
pandit_like_017084	4	398	6	7	308.4	0.1	499.0
pandit_like_017646	4	398	6	7	308.4	0.1	499.0
pandit_like_000431	5	315	10	9	308.4	0.1	498.8
pandit_like_002128	5	315	10	9	308.4	0.1	498.8
pandit_like_015834	5	315	10	9	308.4	0.1	498.8
pandit_like_016064	5	315	10	9	308.4	0.1	498.8
pandit_like_017331	5	315	10	9	308.4	0.1	498.8
pandit_like_017577	5	315	10	9	308.4	0.1	498.8
pandit_like_002868	6	259	15	11	308.4	0.3	498.4
pandit_like_003267	6	259	15	11	308.4	0.3	498.4
pandit_like_005153	6	259	15	11	308.4	0.3	498.4
pandit_like_006313	6	259	15	11	308.4	0.3	498.4
pandit_like_008069	6	259	15	11	308.4	0.3	498.4
pandit_like_009809	6	259	15	11	308.4	0.3	498.4
pandit_like_015325	6	259	15	11	308.4	0.3	498.4
pandit_like_016574	6	259	15	11	308.4	0.3	498.4
pandit_like_016841	6	259	15	11	308.4	0.3	498.4
pandit_like_018563	6	259	15	11	308.4	0.3	498.4
pandit_like_001694	5	314	10	9	308.4	0.1	498.2
pandit_like_006375	5	314	10	9	308.4	0.1	498.2
pandit_like_011304	5	314	10	9	308.4	0.1	498.2
pandit_like_011456	5	314	10	9	308.4	0.1	498.2
pandit_like_012307	5	314	10	9	308.4	0.1	498.2
pandit_like_019575	5	314	10	9	308.4	0.1	498.2
pandit_like_001352	4	396	6	7	308.4	0.1	498.1
pandit_like_003234	4	396	6	7	308.4	0.1	498.1
pandit_like_007336	4	396	6	7	308.4	0.1	498.1
pandit_like_009802	4	396	6	7	308.4	0.1	498.1
pandit_like_016864	4	396	6	7	308.4	0.1	498.1
pandit_like_017870	4	396	6	7	308.4	0.1	498.1
pandit_like_002688	10	145	45	19	308.4	1.5	497.8
pandit_like_004800	10	145	45	19	308.4	1.5	497.8
pandit_like_005644	10	145	45	19	308.4	1.5	497.8
pandit_like_006590	10	145	45	19	308.4	1.5	497.8
pandit_like_006863	10	145	45	19	308.4	1.5	497.8
pandit_like_007670	10	145	45	19	308.4	1.5	497.8
pandit_like_010263	10	145	45	19	308.4	1.5	497.8
pandit_like_013223	10	145	45	19	308.4	1.5	497.8
pandit_like_017482	10	145	45	19	308.4	1.5	497.8
pandit_like_000266	6	258	15	11	308.4	0.3	497.7
pandit_like_005779	6	258	15	11	308.4	0.3	497.7
pandit_like_010380	6	258	15	11	308.4	0.3	497.7
pandit_like_019445	6	258	15	11	308.4	0.3	497.7
pandit_like_000443	8	188	28	15	308.4	0.7	497.7
pandit_like_003052	8	188	28	15	308.4	0.7	497.7
pandit_like_004046	8	188	28	15	308.4	0.7	497.7
pandit_like_010010	8	188	28	15	308.4	0.7	497.7
pandit_like_010230	8	188	28	15	308.4	0.7	497.7
pandit_like_015954	8	188	28	15	308.4	0.7	497.7
pandit_like_016466	8	188	28	15	308.4	0.7	497.7
pandit_like_017959	8	188	28	15	308.4	0.7	497.7
pandit_like_000974	5	313	10	9	308.4	0.1	497.6
pandit_like_005381	5	313	10	9	308.4	0.1	497.6
pandit_like_010266	5	313	10	9	308.4	0.1	497.6
pandit_like_012216	5	313	10	9	308.4	0.1	497.6
pandit_like_014581	5	313	10	9	308.4	0.1	497.6
pandit_like_017712	5	313	10	9	308.4	0.1	497.6
pandit_like_017742	5	313	10	9	308.4	0.1	497.6
pandit_like_000044	7	218	21	13	308.4	0.5	497.5
pandit_like_007989	7	218	21	13	308.4	0.5	497.5
pandit_like_013651	7	218	21	13	308.4	0.5	497.5
pandit_like_015768	18	61	153	35	308.4	10.2	497.5
pandit_like_018460	18	61	153	35	308.4	10.2	497.5
pandit_like_002703	22	38	231	43	308.4	19.0	497.1
pandit_like_006191	22	38	231	43	308.4	19.0	497.1
pandit_like_006709	22	38	231	43	308.4	19.0	497.1
pandit_like_005438	6	257	15	11	308.4	0.3	497.0
pandit_like_006086	6	257	15	11	308.4	0.3	497.0
pandit_like_007085	6	257	15	11	308.4	0.3	497.0
pandit_like_019833	6	257	15	11	308.4	0.3	497.0
pandit_like_014114	23	33	253	45	308.4	21.9	496.8
pandit_like_015676	23	33	253	45	308.4	21.9	496.8
pandit_like_016318	23	33	253	45	308.4	21.9	496.8
pandit_like_018821	23	33	253	45	308.4	21.9	496.8
pandit_like_019963	23	33	253	45	308.4	21.9	496.8
pandit_like_000308	8	187	28	15	308.4	0.7	496.7
pandit_like_000411	8	187	28	15	308.4	0.7	496.7
pandit_like_001996	8	187	28	15	308.4	0.7	496.7
pandit_like_004521	8	187	28	15	308.4	0.7	496.7
pandit_like_005154	8	187	28	15	308.4	0.7	496.7
pandit_like_008601	8	187	28	15	308.4	0.7	496.7
pandit_like_000398	10	144	45	19	308.4	1.5	496.6
pandit_like_001166	10	144	45	19	308.4	1.5	496.6
pandit_like_001942	10	144	45	19	308.4	1.5	496.6
pandit_like_002407	10	144	45	19	308.4	1.5	496.6
pandit_like_003603	10	144	45	19	308.4	1.5	496.6
pandit_like_005417	10	144	45	19	308.4	1.5	496.6
pandit_like_007606	10	144	45	19	308.4	1.5	496.6
pandit_like_008401	10	144	45	19	308.4	1.5	496.6
pandit_like_009091	10	144	45	19	308.4	1.5	496.6
pandit_like_012542	10	144	45	19	308.4	1.5	496.6
pandit_like_014173	10	144	45	19	308.4	1.5	496.6
pandit_like_019550	10	144	45	19	308.4	1.5	496.6
pandit_like_004538	9	163	36	17	308.4	1.1	496.4
pandit_like_007749	9	163	36	17	308.4	1.1	496.4
pandit_like_007961	9	163	36	17	308.4	1.1	496.4
pandit_like_012081	9	163	36	17	308.4	1.1	496.4
pandit_like_015293	9	163	36	17	308.4	1.1	496.4
pandit_like_017763	9	163	36	17	308.4	1.1	496.4
pandit_like_019960	9	163	36	17	308.4	1.1	496.4
pandit_like_000784	15	83	105	29	308.4	5.7	496.4
pandit_like_002564	15	83	105	29	308.4	5.7	496.4
pandit_like_002645	15	83	105	29	308.4	5.7	496.4
pandit_like_004089	15	83	105	29	308.4	5.7	496.4
pandit_like_008280	15	83	105	29	308.4	5.7	496.4
pandit_like_010050	15	83	105	29	308.4	5.7	496.4
pandit_like_016100	15	83	105	29	308.4	5.7	496.4
pandit_like_018722	15	83	105	29	308.4	5.7	496.4
pandit_like_019771	15	83	105	29	308.4	5.7	496.4
pandit_like_000012	4	392	6	7	308.4	0.1	496.2
pandit_like_002199	4	392	6	7	308.4	0.1	496.2
pandit_like_014525	4	392	6	7	308.4	0.1	496.2
pandit_like_003525	14	92	91	27	308.4	4.6	496.1
pandit_like_005318	14	92	91	27	308.4	4.6	496.1
pandit_like_011022	14	92	91	27	308.4	4.6	496.1
pandit_like_015729	14	92	91	27	308.4	4.6	496.1
pandit_like_016327	14	92	91	27	308.4	4.6	496.1
pandit_like_003597	4	391	6	7	308.4	0.1	495.7
pandit_like_010085	4	391	6	7	308.4	0.1	495.7
pandit_like_014162	4	391	6	7	308.4	0.1	495.7
pandit_like_018278	4	391	6	7	308.4	0.1	495.7
pandit_like_001116	8	186	28	15	308.4	0.7	495.7
pandit_like_003589	8	186	28	15	308.4	0.7	495.7
pandit_like_004745	8	186	28	15	308.4	0.7	495.7
pandit_like_008431	8	186	28	15	308.4	0.7	495.7
pandit_like_008931	8	186	28	15	308.4	0.7	495.7
pandit_like_012035	8	186	28	15	308.4	0.7	495.7
pandit_like_012636	8	186	28	15	308.4	0.7	495.7
pandit_like_016257	8	186	28	15	308.4	0.7	495.7
pandit_like_016902	8	186	28	15	308.4	0.7	495.7
pandit_like_019361	8	186	28	15	308.4	0.7	495.7
pandit_like_004622	13	102	78	25	308.4	3.6	495.7
pandit_like_013938	13	102	78	25	308.4	3.6	495.7
pandit_like_016603	13	102	78	25	308.4	3.6	495.7
pandit_like_000480	6	255	15	11	308.4	0.3	495.6
pandit_like_004989	6	255	15	11	308.4	0.3	495.6
pandit_like_006464	6	255	15	11	308.4	0.3	495.6
pandit_like_008291	6	255	15	11	308.4	0.3	495.6
pandit_like_013073	6	255	15	11	308.4	0.3	495.6
pandit_like_014404	6	255	15	11	308.4	0.3	495.6
pandit_like_018518	6	255	15	11	308.4	0.3	495.6
pandit_like_000177	9	162	36	17	308.4	1.1	495.3
pandit_like_001791	9	162	36	17	308.4	1.1	495.3
pandit_like_005350	9	162	36	17	308.4	1.1	495.3
pandit_like_009872	9	162	36	17	308.4	1.1	495.3
pandit_like_010897	9	162	36	17	308.4	1.1	495.3
pandit_like_013295	9	162	36	17	308.4	1.1	495.3
pandit_like_013344	9	162	36	17	308.4	1.1	495.3
pandit_like_016018	9	162	36	17	308.4	1.1	495.3
pandit_like_016497	9	162	36	17	308.4	1.1	495.3
pandit_like_017976	9	162	36	17	308.4	1.1	495.3
pandit_like_018910	9	162	36	17	308.4	1.1	495.3
pandit_like_000898	11	127	55	21	308.4	2.1	495.3
pandit_like_002864	11	127	55	21	308.4	2.1	495.3
pandit_like_003407	11	127	55	21	308.4	2.1	495.3
pandit_like_005980	11	127	55	21	308.4	2.1	495.3
pandit_like_007739	11	127	55	21	308.4	2.1	495.3
pandit_like_014394	11	127	55	21	308.4	2.1	495.3
pandit_like_017566	11	127	55	21	308.4	2.1	495.3
pandit_like_018334	11	127	55	21	308.4	2.1	495.3
pandit_like_001172	4	389	6	7	308.4	0.1	494.8
pandit_like_005829	4	389	6	7	308.4	0.1	494.8
pandit_like_010479	4	389	6	7	308.4	0.1	494.8
pandit_like_010975	4	389	6	7	308.4	0.1	494.8
pandit_like_016045	4	389	6	7	308.4	0.1	494.8
pandit_like_000997	6	254	15	11	308.4	0.3	494.8
pandit_like_003579	6	254	15	11	308.4	0.3	494.8
pandit_like_005996	6	254	15	11	308.4	0.3	494.8
pandit_like_007845	6	254	15	11	308.4	0.3	494.8
pandit_like_008091	6	254	15	11	308.4	0.3	494.8
pandit_like_012048	6	254	15	11	308.4	0.3	494.8
pandit_like_014616	6	254	15	11	308.4	0.3	494.8
pandit_like_015944	6	254	15	11	308.4	0.3	494.8
pandit_like_016405	6	254	15	11	308.4	0.3	494.8
pandit_like_018687	6	254	15	11	308.4	0.3	494.8
pandit_like_000078	8	185	28	15	308.4	0.7	494.8
pandit_like_007349	8	185	28	15	308.4	0.7	494.8
pandit_like_008396	8	185	28	15	308.4	0.7	494.8
pandit_like_009543	8	185	28	15	308.4	0.7	494.8
pandit_like_000117	5	308	10	9	308.4	0.1	494.6
pandit_like_004719	5	308	10	9	308.4	0.1	494.6
pandit_like_004956	5	308	10	9	308.4	0.1	494.6
pandit_like_006087	5	308	10	9	308.4	0.1	494.6
pandit_like_009785	5	308	10	9	308.4	0.1	494.6
pandit_like_011819	5	308	10	9	308.4	0.1	494.6
pandit_like_018347	5	308	10	9	308.4	0.1	494.6
pandit_like_018530	5	308	10	9	308.4	0.1	494.6
pandit_like_019043	5	308	10	9	308.4	0.1	494.6
pandit_like_002497	12	113	66	23	308.4	2.8	494.6
pandit_like_003455	12	113	66	23	308.4	2.8	494.6
pandit_like_004728	12	113	66	23	308.4	2.8	494.6
pandit_like_004962	12	113	66	23	308.4	2.8	494.6
pandit_like_005055	12	113	66	23	308.4	2.8	494.6
pandit_like_006671	12	113	66	23	308.4	2.8	494.6
pandit_like_008532	12	113	66	23	308.4	2.8	494.6
pandit_like_010003	12	113	66	23	308.4	2.8	494.6
pandit_like_011459	12	113	66	23	308.4	2.8	494.6
pandit_like_013439	12	113	66	23	308.4	2.8	494.6
pandit_like_013543	12	113	66	23	308.4	2.8	494.6
pandit_like_014440	12	113	66	23	308.4	2.8	494.6
pandit_like_015114	12	113	66	23	308.4	2.8	494.6
pandit_like_019708	12	113	66	23	308.4	2.8	494.6
pandit_like_005754	15	82	105	29	308.4	5.7	494.5
pandit_like_008391	15	82	105	29	308.4	5.7	494.5
pandit_like_009774	15	82	105	29	308.4	5.7	494.5
pandit_like_010141	15	82	105	29	308.4	5.7	494.5
pandit_like_011789	15	82	105	29	308.4	5.7	494.5
pandit_like_013486	15	82	105	29	308.4	5.7	494.5
pandit_like_014645	15	82	105	29	308.4	5.7	494.5
pandit_like_003963	7	214	21	13	308.4	0.5	494.2
pandit_like_005404	7	214	21	13	308.4	0.5	494.2
pandit_like_010272	7	214	21	13	308.4	0.5	494.2
pandit_like_014725	7	214	21	13	308.4	0.5	494.2
pandit_like_017282	7	214	21	13	308.4	0.5	494.2
pandit_like_019664	7	214	21	13	308.4	0.5	494.2
pandit_like_000454	10	142	45	19	308.4	1.5	494.2
pandit_like_006486	10	142	45	19	308.4	1.5	494.2
pandit_like_007232	10	142	45	19	308.4	1.5	494.2
pandit_like_012735	10	142	45	19	308.4	1.5	494.2
pandit_like_013385	10	142	45	19	308.4	1.5	494.2
pandit_like_014295	10	142	45	19	308.4	1.5	494.2
pandit_like_018512	10	142	45	19	308.4	1.5	494.2
pandit_like_007023	6	253	15	11	308.4	0.3	494.1
pandit_like_007163	6	253	15	11	308.4	0.3	494.1
pandit_like_008200	6	253	15	11	308.4	0.3	494.1
pandit_like_010606	6	253	15	11	308.4	0.3	494.1
pandit_like_010783	6	253	15	11	308.4	0.3	494.1
pandit_like_016514	6	253	15	11	308.4	0.3	494.1
pandit_like_017293	6	253	15	11	308.4	0.3	494.1
pandit_like_001796	13	101	78	25	308.4	3.6	494.1
pandit_like_003408	13	101	78	25	308.4	3.6	494.1
pandit_like_007188	13	101	78	25	308.4	3.6	494.1
pandit_like_012077	13	101	78	25	308.4	3.6	494.1
pandit_like_018474	13	101	78	25	308.4	3.6	494.1
pandit_like_019402	13	101	78	25	308.4	3.6	494.1
pandit_like_006455	11	126	55	21	308.4	2.1	494.0
pandit_like_007231	11	126	55	21	308.4	2.1	494.0
pandit_like_007783	11	126	55	21	308.4	2.1	494.0
pandit_like_008415	11	126	55	21	308.4	2.1	494.0
pandit_like_016789	11	126	55	21	308.4	2.1	494.0
pandit_like_019817	11	126	55	21	308.4	2.1	494.0
pandit_like_003531	4	387	6	7	308.4	0.1	493.8
pandit_like_005872	4	387	6	7	308.4	0.1	493.8
pandit_like_007934	4	387	6	7	308.4	0.1	493.8
pandit_like_011315	4	387	6	7	308.4	0.1	493.8
pandit_like_012841	4	387	6	7	308.4	0.1	493.8
pandit_like_013871	4	387	6	7	308.4	0.1	493.8
pandit_like_016288	4	387	6	7	308.4	0.1	493.8
pandit_like_017136	4	387	6	7	308.4	0.1	493.8
pandit_like_017192	4	387	6	7	308.4	0.1	493.8
pandit_like_019693	4	387	6	7	308.4	0.1	493.8
pandit_like_006003	8	184	28	15	308.4	0.7	493.8
pandit_like_009641	8	184	28	15	308.4	0.7	493.8
pandit_like_011529	8	184	28	15	308.4	0.7	493.8
pandit_like_001393	6	252	15	11	308.4	0.3	493.4
pandit_like_005692	6	252	15	11	308.4	0.3	493.4
pandit_like_008114	6	252	15	11	308.4	0.3	493.4
pandit_like_015901	6	252	15	11	308.4	0.3	493.4
pandit_like_017690	6	252	15	11	308.4	0.3	493.4
pandit_like_000835	7	213	21	13	308.4	0.5	493.3
pandit_like_001325	7	213	21	13	308.4	0.5	493.3
pandit_like_006870	7	213	21	13	308.4	0.5	493.3
pandit_like_006944	7	213	21	13	308.4	0.5	493.3
pandit_like_013629	7	213	21	13	308.4	0.5	493.3
pandit_like_007171	9	160	36	17	308.4	1.1	493.1
pandit_like_009939	9	160	36	17	308.4	1.1	493.1
pandit_like_010492	9	160	36	17	308.4	1.1	493.1
pandit_like_011150	9	160	36	17	308.4	1.1	493.1
pandit_like_001337	10	141	45	19	308.4	1.5	493.0
pandit_like_011246	10	141	45	19	308.4	1.5	493.0
pandit_like_011660	10	141	45	19	308.4	1.5	493.0
pandit_like_014296	10	141	45	19	308.4	1.5	493.0
pandit_like_016063	10	141	45	19	308.4	1.5	493.0
pandit_like_005391	5	305	10	9	308.4	0.1	492.9
pandit_like_006216	5	305	10	9	308.4	0.1	492.9
pandit_like_006656	5	305	10	9	308.4	0.1	492.9
pandit_like_008724	5	305	10	9	308.4	0.1	492.9
pandit_like_009496	5	305	10	9	308.4	0.1	492.9
pandit_like_013175	5	305	10	9	308.4	0.1	492.9
pandit_like_018055	5	305	10	9	308.4	0.1	492.9
pandit_like_002508	8	183	28	15	308.4	0.7	492.9
pandit_like_003990	8	183	28	15	308.4	0.7	492.9
pandit_like_009384	8	183	28	15	308.4	0.7	492.9
pandit_like_009928	8	183	28	15	308.4	0.7	492.9
pandit_like_014229	8	183	28	15	308.4	0.7	492.9
pandit_like_019117	8	183	28	15	308.4	0.7	492.9
pandit_like_002047	6	251	15	11	308.4	0.3	492.7
pandit_like_002890	6	251	15	11	308.4	0.3	492.7
pandit_like_003279	6	251	15	11	308.4	0.3	492.7
pandit_like_003330	6	251	15	11	308.4	0.3	492.7
pandit_like_005435	6	251	15	11	308.4	0.3	492.7
pandit_like_010848	6	251	15	11	308.4	0.3	492.7
pandit_like_011421	6	251	15	11	308.4	0.3	492.7
pandit_like_013328	6	251	15	11	308.4	0.3	492.7
pandit_like_014943	6	251	15	11	308.4	0.3	492.7
pandit_like_015959	6	251	15	11	308.4	0.3	492.7
pandit_like_016321	6	251	15	11	308.4	0.3	492.7
pandit_like_017239	6	251	15	11	308.4	0.3	492.7
pandit_like_018990	6	251	15	11	308.4	0.3	492.7
pandit_like_019202	6	251	15	11	308.4	0.3	492.7
pandit_like_009982	14	90	91	27	308.4	4.6	492.7
pandit_like_010114	14	90	91	27	308.4	4.6	492.7
pandit_like_014178	14	90	91	27	308.4	4.6	492.7
pandit_like_015628	14	90	91	27	308.4	4.6	492.7
pandit_like_018778	14	90	91	27	308.4	4.6	492.7
pandit_like_000931	7	212	21	13	308.4	0.5	492.5
pandit_like_002204	7	212	21	13	308.4	0.5	492.5
pandit_like_004808	7	212	21	13	308.4	0.5	492.5
pandit_like_005373	7	212	21	13	308.4	0.5	492.5
pandit_like_005530	7	212	21	13	308.4	0.5	492.5
pandit_like_009990	7	212	21	13	308.4	0.5	492.5
pandit_like_012615	7	212	21	13	308.4	0.5	492.5
pandit_like_012753	7	212	21	13	308.4	0.5	492.5
pandit_like_013857	7	212	21	13	308.4	0.5	492.5
pandit_like_017252	7	212	21	13	308.4	0.5	492.5
pandit_like_019621	4	384	6	7	308.4	0.1	492.4
pandit_like_001140	5	304	10	9	308.4	0.1	492.3
pandit_like_004991	5	304	10	9	308.4	0.1	492.3
pandit_like_005328	5	304	10	9	308.4	0.1	492.3
pandit_like_005374	5	304	10	9	308.4	0.1	492.3
pandit_like_005546	5	304	10	9	308.4	0.1	492.3
pandit_like_006496	5	304	10	9	308.4	0.1	492.3
pandit_like_017003	5	304	10	9	308.4	0.1	492.3
pandit_like_000892	6	250	15	11	308.4	0.3	492.0
pandit_like_006563	6	250	15	11	308.4	0.3	492.0
pandit_like_007921	6	250	15	11	308.4	0.3	492.0
pandit_like_009346	6	250	15	11	308.4	0.3	492.0
pandit_like_014464	6	250	15	11	308.4	0.3	492.0
pandit_like_016949	6	250	15	11	308.4	0.3	492.0
pandit_like_010379	8	182	28	15	308.4	0.7	491.9
pandit_like_012548	8	182	28	15	308.4	0.7	491.9
pandit_like_019834	8	182	28	15	308.4	0.7	491.9
pandit_like_004819	12	111	66	23	308.4	2.8	491.7
pandit_like_008867	12	111	66	23	308.4	2.8	491.7
pandit_like_009883	12	111	66	23	308.4	2.8	491.7
pandit_like_011432	12	111	66	23	308.4	2.8	491.7
pandit_like_017381	12	111	66	23	308.4	2.8	491.7
pandit_like_000981	4	382	6	7	308.4	0.1	491.5
pandit_like_001862	4	382	6	7	308.4	0.1	491.5
pandit_like_008315	4	382	6	7	308.4	0.1	491.5
pandit_like_008924	4	382	6	7	308.4	0.1	491.5
pandit_like_010682	4	382	6	7	308.4	0.1	491.5
pandit_like_014116	4	382	6	7	308.4	0.1	491.5
pandit_like_015344	4	382	6	7	308.4	0.1	491.5
pandit_like_019853	4	382	6	7	308.4	0.1	491.5
pandit_like_014322	21	41	210	41	308.4	16.5	491.4
pandit_like_014901	21	41	210	41	308.4	16.5	491.4
pandit_like_015111	21	41	210	41	308.4	16.5	491.4
pandit_like_016805	21	41	210	41	308.4	16.5	491.4
pandit_like_019901	21	41	210	41	308.4	16.5	491.4
pandit_like_003700	11	124	55	21	308.4	2.1	491.3
pandit_like_004441	11	124	55	21	308.4	2.1	491.3
pandit_like_011460	11	124	55	21	308.4	2.1	491.3
pandit_like_012847	11	124	55	21	308.4	2.1	491.3
pandit_like_000645	9	158	36	17	308.4	1.1	490.9
pandit_like_006374	9	158	36	17	308.4	1.1	490.9
pandit_like_007041	9	158	36	17	308.4	1.1	490.9
pandit_like_010095	9	158	36	17	308.4	1.1	490.9
pandit_like_015035	9	158	36	17	308.4	1.1	490.9
pandit_like_017443	9	158	36	17	308.4	1.1	490.9
pandit_like_003349	7	210	21	13	308.4	0.5	490.8
pandit_like_003946	7	210	21	13	308.4	0.5	490.8
pandit_like_004325	7	210	21	13	308.4	0.5	490.8
pandit_like_005064	7	210	21	13	308.4	0.5	490.8
pandit_like_007492	7	210	21	13	308.4	0.5	490.8
pandit_like_011572	7	210	21	13	308.4	0.5	490.8
pandit_like_012785	7	210	21	13	308.4	0.5	490.8
pandit_like_014349	7	210	21	13	308.4	0.5	490.8
pandit_like_014398	7	210	21	13	308.4	0.5	490.8
pandit_like_015016	7	210	21	13	308.4	0.5	490.8
pandit_like_016161	7	210	21	13	308.4	0.5	490.8
pandit_like_016227	7	210	21	13	308.4	0.5	490.8
pandit_like_002399	6	248	15	11	308.4	0.3	490.5
pandit_like_004331	6	248	15	11	308.4	0.3	490.5
pandit_like_014276	6	248	15	11	308.4	0.3	490.5
pandit_like_017749	6	248	15	11	308.4	0.3	490.5
pandit_like_019902	6	248	15	11	308.4	0.3	490.5
pandit_like_000768	9	157	36	17	308.4	1.1	489.9
pandit_like_003147	9	157	36	17	308.4	1.1	489.9
pandit_like_003500	9	157	36	17	308.4	1.1	489.9
pandit_like_003719	9	157	36	17	308.4	1.1	489.9
pandit_like_004026	9	157	36	17	308.4	1.1	489.9
pandit_like_004173	9	157	36	17	308.4	1.1	489.9
pandit_like_005248	9	157	36	17	308.4	1.1	489.9
pandit_like_008172	9	157	36	17	308.4	1.1	489.9
pandit_like_008856	9	157	36	17	308.4	1.1	489.9
pandit_like_010440	9	157	36	17	308.4	1.1	489.9
pandit_like_010976	9	157	36	17	308.4	1.1	489.9
pandit_like_012396	9	157	36	17	308.4	1.1	489.9
pandit_like_014185	9	157	36	17	308.4	1.1	489.9
pandit_like_018729	9	157	36	17	308.4	1.1	489.9
pandit_like_019002	9	157	36	17	308.4	1.1	489.9
pandit_like_019147	9	157	36	17	308.4	1.1	489.9
pandit_like_000511	5	299	10	9	308.4	0.1	489.3
pandit_like_001628	5	299	10	9	308.4	0.1	489.3
pandit_like_006603	5	299	10	9	308.4	0.1	489.3
pandit_like_007746	5	299	10	9	308.4	0.1	489.3
pandit_like_010672	5	299	10	9	308.4	0.1	489.3
pandit_like_011798	5	299	10	9	308.4	0.1	489.3
pandit_like_015429	5	299	10	9	308.4	0.1	489.3
pandit_like_016827	5	299	10	9	308.4	0.1	489.3
pandit_like_001307	13	98	78	25	308.4	3.6	489.3
pandit_like_006041	13	98	78	25	308.4	3.6	489.3
pandit_like_011598	13	98	78	25	308.4	3.6	489.3
pandit_like_013881	13	98	78	25	308.4	3.6	489.3
pandit_like_015421	13	98	78	25	308.4	3.6	489.3
pandit_like_004436	14	88	91	27	308.4	4.6	489.3
pandit_like_008063	14	88	91	27	308.4	4.6	489.3
pandit_like_010785	14	88	91	27	308.4	4.6	489.3
pandit_like_015964	14	88	91	27	308.4	4.6	489.3
pandit_like_018767	14	88	91	27	308.4	4.6	489.3
pandit_like_019867	14	88	91	27	308.4	4.6	489.3
pandit_like_002108	4	377	6	7	308.4	0.1	489.1
pandit_like_003368	4	377	6	7	308.4	0.1	489.1
pandit_like_004992	4	377	6	7	308.4	0.1	489.1
pandit_like_006672	4	377	6	7	308.4	0.1	489.1
pandit_like_007341	4	377	6	7	308.4	0.1	489.1
pandit_like_007642	4	377	6	7	308.4	0.1	489.1
pandit_like_007913	4	377	6	7	308.4	0.1	489.1
pandit_like_009960	4	377	6	7	308.4	0.1	489.1
pandit_like_012403	4	377	6	7	308.4	0.1	489.1
pandit_like_013138	4	377	6	7	308.4	0.1	489.1
pandit_like_013909	4	377	6	7	308.4	0.1	489.1
pandit_like_015097	4	377	6	7	308.4	0.1	489.1
pandit_like_019082	4	377	6	7	308.4	0.1	489.1
pandit_like_002550	7	208	21	13	308.4	0.5	489.1
pandit_like_010223	7	208	21	13	308.4	0.5	489.1
pandit_like_010456	7	208	21	13	308.4	0.5	489.1
pandit_like_016229	7	208	21	13	308.4	0.5	489.1
pandit_like_018524	7	208	21	13	308.4	0.5	489.1
pandit_like_019040	7	208	21	13	308.4	0.5	489.1
pandit_like_019913	7	208	21	13	308.4	0.5	489.1
pandit_like_003305	8	179	28	15	308.4	0.7	489.0
pandit_like_006048	8	179	28	15	308.4	0.7	489.0
pandit_like_012099	8	179	28	15	308.4	0.7	489.0
pandit_like_008012	9	156	36	17	308.4	1.1	488.8
pandit_like_014853	9	156	36	17	308.4	1.1	488.8
pandit_like_001159	22	35	231	43	308.4	19.0	488.8
pandit_like_001524	22	35	231	43	308.4	19.0	488.8
pandit_like_007516	22	35	231	43	308.4	19.0	488.8
pandit_like_008112	22	35	231	43	308.4	19.0	488.8
pandit_like_008756	22	35	231	43	308.4	19.0	488.8
pandit_like_015047	22	35	231	43	308.4	19.0	488.8
pandit_like_017260	22	35	231	43	308.4	19.0	488.8
pandit_like_002977	5	298	10	9	308.4	0.1	488.7
pandit_like_004409	5	298	10	9	308.4	0.1	488.7
pandit_like_005746	5	298	10	9	308.4	0.1	488.7
pandit_like_009535	5	298	10	9	308.4	0.1	488.7
pandit_like_012075	5	298	10	9	308.4	0.1	488.7
pandit_like_014012	5	298	10	9	308.4	0.1	488.7
pandit_like_016084	5	298	10	9	308.4	0.1	488.7
pandit_like_006251	11	122	55	21	308.4	2.1	488.6
pandit_like_007602	11	122	55	21	308.4	2.1	488.6
pandit_like_010714	11	122	55	21	308.4	2.1	488.6
pandit_like_017847	11	122	55	21	308.4	2.1	488.6
pandit_like_000925	7	207	21	13	308.4	0.5	488.3
pandit_like_003890	7	207	21	13	308.4	0.5	488.3
pandit_like_005333	7	207	21	13	308.4	0.5	488.3
pandit_like_009390	7	207	21	13	308.4	0.5	488.3
pandit_like_010515	7	207	21	13	308.4	0.5	488.3
pandit_like_012300	7	207	21	13	308.4	0.5	488.3
pandit_like_000964	8	178	28	15	308.4	0.7	488.1
pandit_like_002680	8	178	28	15	308.4	0.7	488.1
pandit_like_003631	8	178	28	15	308.4	0.7	488.1
pandit_like_004859	8	178	28	15	308.4	0.7	488.1
pandit_like_006476	8	178	28	15	308.4	0.7	488.1
pandit_like_009191	8	178	28	15	308.4	0.7	488.1
pandit_like_011042	8	178	28	15	308.4	0.7	488.1
pandit_like_015483	8	178	28	15	308.4	0.7	488.1
pandit_like_016210	8	178	28	15	308.4	0.7	488.1
pandit_like_017373	8	178	28	15	308.4	0.7	488.1
pandit_like_017416	8	178	28	15	308.4	0.7	488.1
pandit_like_000086	9	155	36	17	308.4	1.1	487.7
pandit_like_002572	9	155	36	17	308.4	1.1	487.7
pandit_like_009610	9	155	36	17	308.4	1.1	487.7
pandit_like_012482	9	155	36	17	308.4	1.1	487.7
pandit_like_013789	9	155	36	17	308.4	1.1	487.7
pandit_like_014045	9	155	36	17	308.4	1.1	487.7
pandit_like_015926	9	155	36	17	308.4	1.1	487.7
pandit_like_017915	9	155	36	17	308.4	1.1	487.7
pandit_like_005194	5	296	10	9	308.4	0.1	487.5
pandit_like_006545	4	373	6	7	308.4	0.1	487.2
pandit_like_009898	4	373	6	7	308.4	0.1	487.2
pandit_like_012546	4	373	6	7	308.4	0.1	487.2
pandit_like_017143	4	373	6	7	308.4	0.1	487.2
pandit_like_003103	8	177	28	15	308.4	0.7	487.1
pandit_like_011471	8	177	28	15	308.4	0.7	487.1
pandit_like_011589	8	177	28	15	308.4	0.7	487.1
pandit_like_016538	8	177	28	15	308.4	0.7	487.1
pandit_like_000672	6	243	15	11	308.4	0.3	487.0
pandit_like_004899	6	243	15	11	308.4	0.3	487.0
pandit_like_010710	6	243	15	11	308.4	0.3	487.0
pandit_like_013093	6	243	15	11	308.4	0.3	487.0
pandit_like_017360	6	243	15	11	308.4	0.3	487.0
pandit_like_003395	10	136	45	19	308.4	1.5	487.0
pandit_like_012310	10	136	45	19	308.4	1.5	487.0
pandit_like_012501	10	136	45	19	308.4	1.5	487.0
pandit_like_013622	10	136	45	19	308.4	1.5	487.0
pandit_like_015875	10	136	45	19	308.4	1.5	487.0
pandit_like_016314	10	136	45	19	308.4	1.5	487.0
pandit_like_000327	16	70	120	31	308.4	7.0	487.0
pandit_like_008914	16	70	120	31	308.4	7.0	487.0
pandit_like_010952	16	70	120	31	308.4	7.0	487.0
pandit_like_018009	16	70	120	31	308.4	7.0	487.0
pandit_like_018531	16	70	120	31	308.4	7.0	487.0
pandit_like_000026	5	295	10	9	308.4	0.1	486.9
pandit_like_000288	5	295	10	9	308.4	0.1	486.9
pandit_like_002915	5	295	10	9	308.4	0.1	486.9
pandit_like_007759	5	295	10	9	308.4	0.1	486.9
pandit_like_008788	5	295	10	9	308.4	0.1	486.9
pandit_like_009522	5	295	10	9	308.4	0.1	486.9
pandit_like_015786	5	295	10	9	308.4	0.1	486.9
pandit_like_018088	5	295	10	9	308.4	0.1	486.9
pandit_like_019185	5	295	10	9	308.4	0.1	486.9
pandit_like_001153	4	372	6	7	308.4	0.1	486.7
pandit_like_002672	4	372	6	7	308.4	0.1	486.7
pandit_like_008900	4	372	6	7	308.4	0.1	486.7
pandit_like_008521	18	56	153	35	308.4	10.2	486.4
pandit_like_008785	18	56	153	35	308.4	10.2	486.4
pandit_like_010731	18	56	153	35	308.4	10.2	486.4
pandit_like_000685	5	294	10	9	308.4	0.1	486.3
pandit_like_002100	5	294	10	9	308.4	0.1	486.3
pandit_like_002670	5	294	10	9	308.4	0.1	486.3
pandit_like_002838	5	294	10	9	308.4	0.1	486.3
pandit_like_004749	5	294	10	9	308.4	0.1	486.3
pandit_like_005432	5	294	10	9	308.4	0.1	486.3
pandit_like_005453	5	294	10	9	308.4	0.1	486.3
pandit_like_005871	5	294	10	9	308.4	0.1	486.3
pandit_like_006785	5	294	10	9	308.4	0.1	486.3
pandit_like_007929	5	294	10	9	308.4	0.1	486.3
pandit_like_015449	5	294	10	9	308.4	0.1	486.3
pandit_like_016115	5	294	10	9	308.4	0.1	486.3
pandit_like_016499	5	294	10	9	308.4	0.1	486.3
pandit_like_016543	5	294	10	9	308.4	0.1	486.3
pandit_like_018112	5	294	10	9	308.4	0.1	486.3
pandit_like_001915	4	371	6	7	308.4	0.1	486.2
pandit_like_004663	4	371	6	7	308.4	0.1	486.2
pandit_like_006376	4	371	6	7	308.4	0.1	486.2
pandit_like_009691	4	371	6	7	308.4	0.1	486.2
pandit_like_010362	4	371	6	7	308.4	0.1	486.2
pandit_like_014282	4	371	6	7	308.4	0.1	486.2
pandit_like_015355	4	371	6	7	308.4	0.1	486.2
pandit_like_016747	4	371	6	7	308.4	0.1	486.2
pandit_like_019723	4	371	6	7	308.4	0.1	486.2
pandit_like_016037	21	39	210	41	308.4	16.5	486.2
pandit_like_016638	21	39	210	41	308.4	16.5	486.2
pandit_like_019731	21	39	210	41	308.4	16.5	486.2
pandit_like_002842	11	120	55	21	308.4	2.1	486.0
pandit_like_018332	11	120	55	21	308.4	2.1	486.0
pandit_like_019749	11	120	55	21	308.4	2.1	486.0
pandit_like_000393	7	204	21	13	308.4	0.5	485.8
pandit_like_000766	7	204	21	13	308.4	0.5	485.8
pandit_like_000884	7	204	21	13	308.4	0.5	485.8
pandit_like_006570	7	204	21	13	308.4	0.5	485.8
pandit_like_006683	7	204	21	13	308.4	0.5	485.8
pandit_like_009130	7	204	21	13	308.4	0.5	485.8
pandit_like_010665	7	204	21	13	308.4	0.5	485.8
pandit_like_016023	7	204	21	13	308.4	0.5	485.8
pandit_like_019598	7	204	21	13	308.4	0.5	485.8
pandit_like_001455	14	86	91	27	308.4	4.6	485.8
pandit_like_001860	14	86	91	27	308.4	4.6	485.8
pandit_like_013512	14	86	91	27	308.4	4.6	485.8
pandit_like_019856	14	86	91	27	308.4	4.6	485.8
pandit_like_000863	10	135	45	19	308.4	1.5	485.7
pandit_like_002366	10	135	45	19	308.4	1.5	485.7
pandit_like_003650	10	135	45	19	308.4	1.5	485.7
pandit_like_007126	10	135	45	19	308.4	1.5	485.7
pandit_like_008304	10	135	45	19	308.4	1.5	485.7
pandit_like_010625	10	135	45	19	308.4	1.5	485.7
pandit_like_012653	10	135	45	19	308.4	1.5	485.7
pandit_like_013971	10	135	45	19	308.4	1.5	485.7
pandit_like_014154	10	135	45	19	308.4	1.5	485.7
pandit_like_000890	15	77	105	29	308.4	5.7	485.3
pandit_like_005359	15	77	105	29	308.4	5.7	485.3
pandit_like_011886	15	77	105	29	308.4	5.7	485.3
pandit_like_001828	17	62	136	33	308.4	8.5	485.2
pandit_like_006756	17	62	136	33	308.4	8.5	485.2
pandit_like_009638	17	62	136	33	308.4	8.5	485.2
pandit_like_010156	17	62	136	33	308.4	8.5	485.2
pandit_like_011851	17	62	136	33	308.4	8.5	485.2
pandit_like_012559	17	62	136	33	308.4	8.5	485.2
pandit_like_013151	17	62	136	33	308.4	8.5	485.2
pandit_like_000449	7	203	21	13	308.4	0.5	484.9
pandit_like_000801	7	203	21	13	308.4	0.5	484.9
pandit_like_001620	7	203	21	13	308.4	0.5	484.9
pandit_like_002954	7	203	21	13	308.4	0.5	484.9
pandit_like_009935	7	203	21	13	308.4	0.5	484.9
pandit_like_010303	7	203	21	13	308.4	0.5	484.9
pandit_like_014882	7	203	21	13	308.4	0.5	484.9
pandit_like_014891	7	203	21	13	308.4	0.5	484.9
pandit_like_004142	6	240	15	11	308.4	0.3	484.8
pandit_like_009227	6	240	15	11	308.4	0.3	484.8
pandit_like_006577	11	119	55	21	308.4	2.1	484.6
pandit_like_008185	11	119	55	21	308.4	2.1	484.6
pandit_like_012442	11	119	55	21	308.4	2.1	484.6
pandit_like_013470	11	119	55	21	308.4	2.1	484.6
pandit_like_017810	11	119	55	21	308.4	2.1	484.6
pandit_like_004875	5	291	10	9	308.4	0.1	484.5
pandit_like_007528	5	291	10	9	308.4	0.1	484.5
pandit_like_008546	5	291	10	9	308.4	0.1	484.5
pandit_like_008902	5	291	10	9	308.4	0.1	484.5
pandit_like_006406	10	134	45	19	308.4	1.5	484.5
pandit_like_007455	10	134	45	19	308.4	1.5	484.5
pandit_like_008993	10	134	45	19	308.4	1.5	484.5
pandit_like_009432	10	134	45	19	308.4	1.5	484.5
pandit_like_014815	10	134	45	19	308.4	1.5	484.5
pandit_like_015654	10	134	45	19	308.4	1.5	484.5
pandit_like_015675	10	134	45	19	308.4	1.5	484.5
pandit_like_000626	4	367	6	7	308.4	0.1	484.3
pandit_like_001254	4	367	6	7	308.4	0.1	484.3
pandit_like_012981	4	367	6	7	308.4	0.1	484.3
pandit_like_016189	4	367	6	7	308.4	0.1	484.3
pandit_like_002715	7	202	21	13	308.4	0.5	484.1
pandit_like_003384	7	202	21	13	308.4	0.5	484.1
pandit_like_010381	7	202	21	13	308.4	0.5	484.1
pandit_like_012254	7	202	21	13	308.4	0.5	484.1
pandit_like_019770	7	202	21	13	308.4	0.5	484.1
pandit_like_004620	15	76	105	29	308.4	5.7	483.5
pandit_like_010133	15	76	105	29	308.4	5.7	483.5
pandit_like_000052	5	289	10	9	308.4	0.1	483.3
pandit_like_009885	5	289	10	9	308.4	0.1	483.3
pandit_like_010632	5	289	10	9	308.4	0.1	483.3
pandit_like_018965	5	289	10	9	308.4	0.1	483.3
pandit_like_000025	7	201	21	13	308.4	0.5	483.3
pandit_like_000179	7	201	21	13	308.4	0.5	483.3
pandit_like_005575	7	201	21	13	308.4	0.5	483.3
pandit_like_006161	7	201	21	13	308.4	0.5	483.3
pandit_like_006655	7	201	21	13	308.4	0.5	483.3
pandit_like_007485	7	201	21	13	308.4	0.5	483.3
pandit_like_007626	7	201	21	13	308.4	0.5	483.3
pandit_like_010019	7	201	21	13	308.4	0.5	483.3
pandit_like_013849	7	201	21	13	308.4	0.5	483.3
pandit_like_014784	7	201	21	13	308.4	0.5	483.3
pandit_like_016670	7	201	21	13	308.4	0.5	483.3
pandit_like_010159	11	118	55	21	308.4	2.1	483.3
pandit_like_011694	11	118	55	21	308.4	2.1	483.3
pandit_like_014677	11	118	55	21	308.4	2.1	483.3
pandit_like_003344	13	94	78	25	308.4	3.6	483.0
pandit_like_006252	13	94	78	25	308.4	3.6	483.0
pandit_like_006958	13	94	78	25	308.4	3.6	483.0
pandit_like_007340	13	94	78	25	308.4	3.6	483.0
pandit_like_009170	13	94	78	25	308.4	3.6	483.0
pandit_like_012327	13	94	78	25	308.4	3.6	483.0
pandit_like_013610	13	94	78	25	308.4	3.6	483.0
pandit_like_017649	13	94	78	25	308.4	3.6	483.0
pandit_like_004263	16	68	120	31	308.4	7.0	483.0
pandit_like_004310	16	68	120	31	308.4	7.0	483.0
pandit_like_006099	16	68	120	31	308.4	7.0	483.0
pandit_like_003565	12	105	66	23	308.4	2.8	482.9
pandit_like_003770	12	105	66	23	308.4	2.8	482.9
pandit_like_006414	12	105	66	23	308.4	2.8	482.9
pandit_like_007864	12	105	66	23	308.4	2.8	482.9
pandit_like_008835	12	105	66	23	308.4	2.8	482.9
pandit_like_010108	12	105	66	23	308.4	2.8	482.9
pandit_like_011646	12	105	66	23	308.4	2.8	482.9
pandit_like_017266	12	105	66	23	308.4	2.8	482.9
pandit_like_017366	12	105	66	23	308.4	2.8	482.9
pandit_like_019500	12	105	66	23	308.4	2.8	482.9
pandit_like_006557	5	288	10	9	308.4	0.1	482.7
pandit_like_007992	5	288	10	9	308.4	0.1	482.7
pandit_like_008235	5	288	10	9	308.4	0.1	482.7
pandit_like_009833	5	288	10	9	308.4	0.1	482.7
pandit_like_009987	5	288	10	9	308.4	0.1	482.7
pandit_like_010595	5	288	10	9	308.4	0.1	482.7
pandit_like_012579	5	288	10	9	308.4	0.1	482.7
pandit_like_013170	5	288	10	9	308.4	0.1	482.7
pandit_like_013876	5	288	10	9	308.4	0.1	482.7
pandit_like_018730	5	288	10	9	308.4	0.1	482.7
pandit_like_002339	4	363	6	7	308.4	0.1	482.4
pandit_like_004561	4	363	6	7	308.4	0.1	482.4
pandit_like_017524	4	363	6	7	308.4	0.1	482.4
pandit_like_000725	7	200	21	13	308.4	0.5	482.4
pandit_like_009804	7	200	21	13	308.4	0.5	482.4
pandit_like_018836	7	200	21	13	308.4	0.5	482.4
pandit_like_000869	8	172	28	15	308.4	0.7	482.3
pandit_like_010805	8	172	28	15	308.4	0.7	482.3
pandit_like_013103	8	172	28	15	308.4	0.7	482.3
pandit_like_017638	8	172	28	15	308.4	0.7	482.3
pandit_like_018777	8	172	28	15	308.4	0.7	482.3
pandit_like_000516	9	150	36	17	308.4	1.1	482.3
pandit_like_001410	9	150	36	17	308.4	1.1	482.3
pandit_like_004974	9	150	36	17	308.4	1.1	482.3
pandit_like_005458	9	150	36	17	308.4	1.1	482.3
pandit_like_006651	9	150	36	17	308.4	1.1	482.3
pandit_like_006995	9	150	36	17	308.4	1.1	482.3
pandit_like_007499	9	150	36	17	308.4	1.1	482.3
pandit_like_008506	9	150	36	17	308.4	1.1	482.3
pandit_like_008607	9	150	36	17	308.4	1.1	482.3
pandit_like_009675	9	150	36	17	308.4	1.1	482.3
pandit_like_010977	9	150	36	17	308.4	1.1	482.3
pandit_like_011167	9	150	36	17	308.4	1.1	482.3
pandit_like_011404	9	150	36	17	308.4	1.1	482.3
pandit_like_014610	9	150	36	17	308.4	1.1	482.3
pandit_like_015600	9	150	36	17	308.4	1.1	482.3
pandit_like_005518	5	287	10	9	308.4	0.1	482.1
pandit_like_008758	5	287	10	9	308.4	0.1	482.1
pandit_like_013901	5	287	10	9	308.4	0.1	482.1
pandit_like_015595	5	287	10	9	308.4	0.1	482.1
pandit_like_002270	10	132	45	19	308.4	1.5	482.1
pandit_like_003057	10	132	45	19	308.4	1.5	482.1
pandit_like_003898	10	132	45	19	308.4	1.5	482.1
pandit_like_004527	10	132	45	19	308.4	1.5	482.1
pandit_like_005265	10	132	45	19	308.4	1.5	482.1
pandit_like_009207	10	132	45	19	308.4	1.5	482.1
pandit_like_013482	10	132	45	19	308.4	1.5	482.1
pandit_like_014146	10	132	45	19	308.4	1.5	482.1
pandit_like_018071	10	132	45	19	308.4	1.5	482.1
pandit_like_019571	10	132	45	19	308.4	1.5	482.1
pandit_like_019582	10	132	45	19	308.4	1.5	482.1
pandit_like_000740	11	117	55	21	308.4	2.1	482.0
pandit_like_014410	11	117	55	21	308.4	2.1	482.0
pandit_like_018677	11	117	55	21	308.4	2.1	482.0
pandit_like_001026	5	286	10	9	308.4	0.1	481.6
pandit_like_007363	5	286	10	9	308.4	0.1	481.6
pandit_like_009396	5	286	10	9	308.4	0.1	481.6
pandit_like_011955	5	286	10	9	308.4	0.1	481.6
pandit_like_013806	5	286	10	9	308.4	0.1	481.6
pandit_like_014617	5	286	10	9	308.4	0.1	481.6
pandit_like_017688	5	286	10	9	308.4	0.1	481.6
pandit_like_018366	5	286	10	9	308.4	0.1	481.6
pandit_like_018930	5	286	10	9	308.4	0.1	481.6
pandit_like_005460	4	361	6	7	308.4	0.1	481.5
pandit_like_006112	4	361	6	7	308.4	0.1	481.5
pandit_like_012691	4	361	6	7	308.4	0.1	481.5
pandit_like_019127	4	361	6	7	308.4	0.1	481.5
pandit_like_003584	12	104	66	23	308.4	2.8	481.5
pandit_like_003758	12	104	66	23	308.4	2.8	481.5
pandit_like_006407	12	104	66	23	308.4	2.8	481.5
pandit_like_007778	12	104	66	23	308.4	2.8	481.5
pandit_like_010299	12	104	66	23	308.4	2.8	481.5
pandit_like_015527	12	104	66	23	308.4	2.8	481.5
pandit_like_015544	12	104	66	23	308.4	2.8	481.5
pandit_like_003239	6	235	15	11	308.4	0.3	481.2
pandit_like_004303	6	235	15	11	308.4	0.3	481.2
pandit_like_006245	6	235	15	11	308.4	0.3	481.2
pandit_like_007173	6	235	15	11	308.4	0.3	481.2
pandit_like_007469	6	235	15	11	308.4	0.3	481.2
pandit_like_011663	6	235	15	11	308.4	0.3	481.2
pandit_like_011945	6	235	15	11	308.4	0.3	481.2
pandit_like_017733	6	235	15	11	308.4	0.3	481.2
pandit_like_004557	4	360	6	7	308.4	0.1	481.0
pandit_like_007474	4	360	6	7	308.4	0.1	481.0
pandit_like_008440	4	360	6	7	308.4	0.1	481.0
pandit_like_009399	4	360	6	7	308.4	0.1	481.0
pandit_like_014884	4	360	6	7	308.4	0.1	481.0
pandit_like_018319	4	360	6	7	308.4	0.1	481.0
pandit_like_018324	4	360	6	7	308.4	0.1	481.0
pandit_like_003415	5	285	10	9	308.4	0.1	481.0
pandit_like_012368	5	285	10	9	308.4	0.1	481.0
pandit_like_018415	5	285	10	9	308.4	0.1	481.0
pandit_like_000037	10	131	45	19	308.4	1.5	480.9
pandit_like_000161	10	131	45	19	308.4	1.5	480.9
pandit_like_005315	10	131	45	19	308.4	1.5	480.9
pandit_like_009105	10	131	45	19	308.4	1.5	480.9
pandit_like_009161	10	131	45	19	308.4	1.5	480.9
pandit_like_010157	10	131	45	19	308.4	1.5	480.9
pandit_like_010598	10	131	45	19	308.4	1.5	480.9
pandit_like_010813	10	131	45	19	308.4	1.5	480.9
pandit_like_012530	10	131	45	19	308.4	1.5	480.9
pandit_like_014559	10	131	45	19	308.4	1.5	480.9
pandit_like_017641	10	131	45	19	308.4	1.5	480.9
pandit_like_017953	10	131	45	19	308.4	1.5	480.9
pandit_like_019074	10	131	45	19	308.4	1.5	480.9
pandit_like_019668	10	131	45	19	308.4	1.5	480.9
pandit_like_001112	7	198	21	13	308.4	0.5	480.8
pandit_like_002597	7	198	21	13	308.4	0.5	480.8
pandit_like_006337	7	198	21	13	308.4	0.5	480.8
pandit_like_007300	7	198	21	13	308.4	0.5	480.8
pandit_like_012183	7	198	21	13	308.4	0.5	480.8
pandit_like_012558	7	198	21	13	308.4	0.5	480.8
pandit_like_017903	7	198	21	13	308.4	0.5	480.8
pandit_like_015406	14	83	91	27	308.4	4.6	480.7
pandit_like_005189	11	116	55	21	308.4	2.1	480.6
pandit_like_018878	11	116	55	21	308.4	2.1	480.6
pandit_like_019514	11	116	55	21	308.4	2.1	480.6
pandit_like_000836	6	234	15	11	308.4	0.3	480.5
pandit_like_001849	6	234	15	11	308.4	0.3	480.5
pandit_like_003377	6	234	15	11	308.4	0.3	480.5
pandit_like_006964	6	234	15	11	308.4	0.3	480.5
pandit_like_008689	6	234	15	11	308.4	0.3	480.5
pandit_like_018154	6	234	15	11	308.4	0.3	480.5
pandit_like_018758	6	234	15	11	308.4	0.3	480.5
pandit_like_003376	5	284	10	9	308.4	0.1	480.4
pandit_like_003545	5	284	10	9	308.4	0.1	480.4
pandit_like_010582	5	284	10	9	308.4	0.1	480.4
pandit_like_010984	5	284	10	9	308.4	0.1	480.4
pandit_like_012241	5	284	10	9	308.4	0.1	480.4
pandit_like_008559	9	148	36	17	308.4	1.1	480.1
pandit_like_009553	9	148	36	17	308.4	1.1	480.1
pandit_like_009890	9	148	36	17	308.4	1.1	480.1
pandit_like_012769	9	148	36	17	308.4	1.1	480.1
pandit_like_016127	9	148	36	17	308.4	1.1	480.1
pandit_like_000107	10	130	45	19	308.4	1.5	479.7
pandit_like_000339	10	130	45	19	308.4	1.5	479.7
pandit_like_002986	10	130	45	19	308.4	1.5	479.7
pandit_like_004379	10	130	45	19	308.4	1.5	479.7
pandit_like_007039	10	130	45	19	308.4	1.5	479.7
pandit_like_010032	10	130	45	19	308.4	1.5	479.7
pandit_like_012455	10	130	45	19	308.4	1.5	479.7
pandit_like_014256	10	130	45	19	308.4	1.5	479.7
pandit_like_016460	10	130	45	19	308.4	1.5	479.7
pandit_like_017349	10	130	45	19	308.4	1.5	479.7
pandit_like_008227	18	53	153	35	308.4	10.2	479.7
pandit_like_019230	18	53	153	35	308.4	10.2	479.7
pandit_like_002810	8	169	28	15	308.4	0.7	479.4
pandit_like_006946	8	169	28	15	308.4	0.7	479.4
pandit_like_016486	8	169	28	15	308.4	0.7	479.4
pandit_like_018546	8	169	28	15	308.4	0.7	479.4
pandit_like_005705	23	27	253	45	308.4	21.9	479.4
pandit_like_012222	23	27	253	45	308.4	21.9	479.4
pandit_like_018997	23	27	253	45	308.4	21.9	479.4
pandit_like_001378	11	115	55	21	308.4	2.1	479.3
pandit_like_004086	11	115	55	21	308.4	2.1	479.3
pandit_like_007411	11	115	55	21	308.4	2.1	479.3
pandit_like_010909	11	115	55	21	308.4	2.1	479.3
pandit_like_012535	11	115	55	21	308.4	2.1	479.3
pandit_like_014278	11	115	55	21	308.4	2.1	479.3
pandit_like_014582	11	115	55	21	308.4	2.1	479.3
pandit_like_015761	11	115	55	21	308.4	2.1	479.3
pandit_like_017065	11	115	55	21	308.4	2.1	479.3
pandit_like_008918	6	232	15	11	308.4	0.3	479.1
pandit_like_008972	6	232	15	11	308.4	0.3	479.1
pandit_like_011076	6	232	15	11	308.4	0.3	479.1
pandit_like_011538	6	232	15	11	308.4	0.3	479.1
pandit_like_015929	6	232	15	11	308.4	0.3	479.1
pandit_like_018434	6	232	15	11	308.4	0.3	479.1
pandit_like_001412	7	196	21	13	308.4	0.5	479.1
pandit_like_004221	7	196	21	13	308.4	0.5	479.1
pandit_like_004658	7	196	21	13	308.4	0.5	479.1
pandit_like_006641	7	196	21	13	308.4	0.5	479.1
pandit_like_006911	7	196	21	13	308.4	0.5	479.1
pandit_like_007803	7	196	21	13	308.4	0.5	479.1
pandit_like_008623	7	196	21	13	308.4	0.5	479.1
pandit_like_009199	7	196	21	13	308.4	0.5	479.1
pandit_like_011451	7	196	21	13	308.4	0.5	479.1
pandit_like_013569	7	196	21	13	308.4	0.5	479.1
pandit_like_016025	7	196	21	13	308.4	0.5	479.1
pandit_like_006483	9	147	36	17	308.4	1.1	479.0
pandit_like_008520	9	147	36	17	308.4	1.1	479.0
pandit_like_009509	9	147	36	17	308.4	1.1	479.0
pandit_like_010311	9	147	36	17	308.4	1.1	479.0
pandit_like_014613	9	147	36	17	308.4	1.1	479.0
pandit_like_016194	9	147	36	17	308.4	1.1	479.0
pandit_like_018696	9	147	36	17	308.4	1.1	479.0
pandit_like_019406	9	147	36	17	308.4	1.1	479.0
pandit_like_001868	6	231	15	11	308.4	0.3	478.4
pandit_like_002119	6	231	15	11	308.4	0.3	478.4
pandit_like_002228	6	231	15	11	308.4	0.3	478.4
pandit_like_002764	6	231	15	11	308.4	0.3	478.4
pandit_like_009337	6	231	15	11	308.4	0.3	478.4
pandit_like_010953	6	231	15	11	308.4	0.3	478.4
pandit_like_017234	6	231	15	11	308.4	0.3	478.4
pandit_like_018296	6	231	15	11	308.4	0.3	478.4
pandit_like_018723	6	231	15	11	308.4	0.3	478.4
pandit_like_001191	8	168	28	15	308.4	0.7	478.4
pandit_like_019128	8	168	28	15	308.4	0.7	478.4
pandit_like_000635	7	195	21	13	308.4	0.5	478.2
pandit_like_004369	7	195	21	13	308.4	0.5	478.2
pandit_like_004967	7	195	21	13	308.4	0.5	478.2
pandit_like_006736	7	195	21	13	308.4	0.5	478.2
pandit_like_010395	7	195	21	13	308.4	0.5	478.2
pandit_like_015468	7	195	21	13	308.4	0.5	478.2
pandit_like_001679	13	91	78	25	308.4	3.6	478.2
pandit_like_005690	13	91	78	25	308.4	3.6	478.2
pandit_like_008863	13	91	78	25	308.4	3.6	478.2
pandit_like_012701	13	91	78	25	308.4	3.6	478.2
pandit_like_014824	13	91	78	25	308.4	3.6	478.2
pandit_like_017286	13	91	78	25	308.4	3.6	478.2
pandit_like_000151	5	280	10	9	308.4	0.1	478.0
pandit_like_000958	5	280	10	9	308.4	0.1	478.0
pandit_like_004270	5	280	10	9	308.4	0.1	478.0
pandit_like_004587	5	280	10	9	308.4	0.1	478.0
pandit_like_005108	5	280	10	9	308.4	0.1	478.0
pandit_like_006418	5	280	10	9	308.4	0.1	478.0
pandit_like_008813	5	280	10	9	308.4	0.1	478.0
pandit_like_011562	5	280	10	9	308.4	0.1	478.0
pandit_like_013063	5	280	10	9	308.4	0.1	478.0
pandit_like_014028	5	280	10	9	308.4	0.1	478.0
pandit_like_016614	5	280	10	9	308.4	0.1	478.0
pandit_like_017663	5	280	10	9	308.4	0.1	478.0
pandit_like_017851	5	280	10	9	308.4	0.1	478.0
pandit_like_019776	5	280	10	9	308.4	0.1	478.0
pandit_like_001133	11	114	55	21	308.4	2.1	478.0
pandit_like_001332	11	114	55	21	308.4	2.1	478.0
pandit_like_001955	11	114	55	21	308.4	2.1	478.0
pandit_like_010520	11	114	55	21	308.4	2.1	478.0
pandit_like_011063	11	114	55	21	308.4	2.1	478.0
pandit_like_002636	4	353	6	7	308.4	0.1	477.7
pandit_like_004677	4	353	6	7	308.4	0.1	477.7
pandit_like_011989	4	353	6	7	308.4	0.1	477.7
pandit_like_015721	4	353	6	7	308.4	0.1	477.7
pandit_like_017547	4	353	6	7	308.4	0.1	477.7
pandit_like_006305	6	230	15	11	308.4	0.3	477.6
pandit_like_008651	6	230	15	11	308.4	0.3	477.6
pandit_like_016714	6	230	15	11	308.4	0.3	477.6
pandit_like_017031	6	230	15	11	308.4	0.3	477.6
pandit_like_018067	6	230	15	11	308.4	0.3	477.6
pandit_like_004025	5	279	10	9	308.4	0.1	477.4
pandit_like_008523	5	279	10	9	308.4	0.1	477.4
pandit_like_011035	5	279	10	9	308.4	0.1	477.4
pandit_like_000186	10	128	45	19	308.4	1.5	477.3
pandit_like_000669	10	128	45	19	308.4	1.5	477.3
pandit_like_004110	10	128	45	19	308.4	1.5	477.3
pandit_like_005176	10	128	45	19	308.4	1.5	477.3
pandit_like_006100	10	128	45	19	308.4	1.5	477.3
pandit_like_006865	10	128	45	19	308.4	1.5	477.3
pandit_like_007686	10	128	45	19	308.4	1.5	477.3
pandit_like_008179	10	128	45	19	308.4	1.5	477.3
pandit_like_008484	10	128	45	19	308.4	1.5	477.3
pandit_like_009060	10	128	45	19	308.4	1.5	477.3
pandit_like_009911	10	128	45	19	308.4	1.5	477.3
pandit_like_011140	10	128	45	19	308.4	1.5	477.3
pandit_like_015102	10	128	45	19	308.4	1.5	477.3
pandit_like_015620	10	128	45	19	308.4	1.5	477.3
pandit_like_016344	10	128	45	19	308.4	1.5	477.3
pandit_like_017253	10	128	45	19	308.4	1.5	477.3
pandit_like_017290	10	128	45	19	308.4	1.5	477.3
pandit_like_018449	10	128	45	19	308.4	1.5	477.3
pandit_like_019255	10	128	45	19	308.4	1.5	477.3
pandit_like_000506	12	101	66	23	308.4	2.8	477.1
pandit_like_000893	12	101	66	23	308.4	2.8	477.1
pandit_like_001157	12	101	66	23	308.4	2.8	477.1
pandit_like_003311	12	101	66	23	308.4	2.8	477.1
pandit_like_005362	12	101	66	23	308.4	2.8	477.1
pandit_like_011034	12	101	66	23	308.4	2.8	477.1
pandit_like_011853	12	101	66	23	308.4	2.8	477.1
pandit_like_018976	12	101	66	23	308.4	2.8	477.1
pandit_like_019750	12	101	66	23	308.4	2.8	477.1
pandit_like_003425	16	65	120	31	308.4	7.0	477.1
pandit_like_008859	16	65	120	31	308.4	7.0	477.1
pandit_like_009431	16	65	120	31	308.4	7.0	477.1
pandit_like_009441	16	65	120	31	308.4	7.0	477.1
pandit_like_010301	16	65	120	31	308.4	7.0	477.1
pandit_like_014001	16	65	120	31	308.4	7.0	477.1
pandit_like_017501	16	65	120	31	308.4	7.0	477.1
pandit_like_006062	19	46	171	37	308.4	12.0	477.0
pandit_like_001686	17	58	136	33	308.4	8.5	476.8
pandit_like_002450	17	58	136	33	308.4	8.5	476.8
pandit_like_003732	17	58	136	33	308.4	8.5	476.8
pandit_like_004924	17	58	136	33	308.4	8.5	476.8
pandit_like_008551	17	58	136	33	308.4	8.5	476.8
pandit_like_011192	17	58	136	33	308.4	8.5	476.8
pandit_like_012750	17	58	136	33	308.4	8.5	476.8
pandit_like_017591	17	58	136	33	308.4	8.5	476.8
pandit_like_017743	17	58	136	33	308.4	8.5	476.8
pandit_like_005725	4	351	6	7	308.4	0.1	476.7
pandit_like_005452	7	193	21	13	308.4	0.5	476.6
pandit_like_007680	7	193	21	13	308.4	0.5	476.6
pandit_like_009211	7	193	21	13	308.4	0.5	476.6
pandit_like_009320	7	193	21	13	308.4	0.5	476.6
pandit_like_013250	7	193	21	13	308.4	0.5	476.6
pandit_like_013633	7	193	21	13	308.4	0.5	476.6
pandit_like_015826	7	193	21	13	308.4	0.5	476.6
pandit_like_017029	7	193	21	13	308.4	0.5	476.6
pandit_like_017153	7	193	21	13	308.4	0.5	476.6
pandit_like_018176	7	193	21	13	308.4	0.5	476.6
pandit_like_018343	7	193	21	13	308.4	0.5	476.6
pandit_like_018771	7	193	21	13	308.4	0.5	476.6
pandit_like_001680	11	113	55	21	308.4	2.1	476.6
pandit_like_003888	11	113	55	21	308.4	2.1	476.6
pandit_like_004104	11	113	55	21	308.4	2.1	476.6
pandit_like_004373	11	113	55	21	308.4	2.1	476.6
pandit_like_009318	11	113	55	21	308.4	2.1	476.6
pandit_like_010387	11	113	55	21	308.4	2.1	476.6
pandit_like_010619	11	113	55	21	308.4	2.1	476.6
pandit_like_011479	11	113	55	21	308.4	2.1	476.6
pandit_like_000014	8	166	28	15	308.4	0.7	476.5
pandit_like_007286	8	166	28	15	308.4	0.7	476.5
pandit_like_008282	8	166	28	15	308.4	0.7	476.5
pandit_like_001188	12	100	66	23	308.4	2.8	475.7
pandit_like_008265	12	100	66	23	308.4	2.8	475.7
pandit_like_008335	12	100	66	23	308.4	2.8	475.7
pandit_like_008824	12	100	66	23	308.4	2.8	475.7
pandit_like_011657	12	100	66	23	308.4	2.8	475.7
pandit_like_012538	12	100	66	23	308.4	2.8	475.7
pandit_like_006211	8	165	28	15	308.4	0.7	475.6
pandit_like_008843	8	165	28	15	308.4	0.7	475.6
pandit_like_017218	8	165	28	15	308.4	0.7	475.6
pandit_like_017288	8	165	28	15	308.4	0.7	475.6
pandit_like_003697	4	348	6	7	308.4	0.1	475.3
pandit_like_004233	4	348	6	7	308.4	0.1	475.3
pandit_like_008997	4	348	6	7	308.4	0.1	475.3
pandit_like_009743	4	348	6	7	308.4	0.1	475.3
pandit_like_011592	4	348	6	7	308.4	0.1	475.3
pandit_like_014834	4	348	6	7	308.4	0.1	475.3
pandit_like_017739	4	348	6	7	308.4	0.1	475.3
pandit_like_003055	5	275	10	9	308.4	0.1	475.0
pandit_like_003998	5	275	10	9	308.4	0.1	475.0
pandit_like_007647	5	275	10	9	308.4	0.1	475.0
pandit_like_009975	5	275	10	9	308.4	0.1	475.0
pandit_like_012339	5	275	10	9	308.4	0.1	475.0
pandit_like_014862	5	275	10	9	308.4	0.1	475.0
pandit_like_016272	5	275	10	9	308.4	0.1	475.0
pandit_like_016550	5	275	10	9	308.4	0.1	475.0
pandit_like_016869	5	275	10	9	308.4	0.1	475.0
pandit_like_018681	5	275	10	9	308.4	0.1	475.0
pandit_like_019699	5	275	10	9	308.4	0.1	475.0
pandit_like_001255	9	143	36	17	308.4	1.1	474.7
pandit_like_001783	9	143	36	17	308.4	1.1	474.7
pandit_like_012220	9	143	36	17	308.4	1.1	474.7
pandit_like_019599	9	143	36	17	308.4	1.1	474.7
pandit_like_002477	19	45	171	37	308.4	12.0	474.7
pandit_like_003072	19	45	171	37	308.4	12.0	474.7
pandit_like_005074	19	45	171	37	308.4	12.0	474.7
pandit_like_011078	19	45	171	37	308.4	12.0	474.7
pandit_like_013625	19	45	171	37	308.4	12.0	474.7
pandit_like_015977	19	45	171	37	308.4	12.0	474.7
pandit_like_018768	19	45	171	37	308.4	12.0	474.7
pandit_like_000092	5	274	10	9	308.4	0.1	474.4
pandit_like_002723	5	274	10	9	308.4	0.1	474.4
pandit_like_008330	5	274	10	9	308.4	0.1	474.4
pandit_like_008956	5	274	10	9	308.4	0.1	474.4
pandit_like_010702	5	274	10	9	308.4	0.1	474.4
pandit_like_012094	5	274	10	9	308.4	0.1	474.4
pandit_like_013758	5	274	10	9	308.4	0.1	474.4
pandit_like_014125	5	274	10	9	308.4	0.1	474.4
pandit_like_003871	15	71	105	29	308.4	5.7	474.3
pandit_like_007891	15	71	105	29	308.4	5.7	474.3
pandit_like_010754	15	71	105	29	308.4	5.7	474.3
pandit_like_010795	15	71	105	29	308.4	5.7	474.3
pandit_like_011708	15	71	105	29	308.4	5.7	474.3
pandit_like_014331	15	71	105	29	308.4	5.7	474.3
pandit_like_014523	15	71	105	29	308.4	5.7	474.3
pandit_like_017158	15	71	105	29	308.4	5.7	474.3
pandit_like_018016	15	71	105	29	308.4	5.7	474.3
pandit_like_019315	15	71	105	29	308.4	5.7	474.3
pandit_like_001457	12	99	66	23	308.4	2.8	474.2
pandit_like_005762	12	99	66	23	308.4	2.8	474.2
pandit_like_006627	12	99	66	23	308.4	2.8	474.2
pandit_like_003445	6	225	15	11	308.4	0.3	474.1
pandit_like_003501	6	225	15	11	308.4	0.3	474.1
pandit_like_003600	6	225	15	11	308.4	0.3	474.1
pandit_like_004137	6	225	15	11	308.4	0.3	474.1
pandit_like_008233	6	225	15	11	308.4	0.3	474.1
pandit_like_012186	6	225	15	11	308.4	0.3	474.1
pandit_like_014587	6	225	15	11	308.4	0.3	474.1
pandit_like_016751	6	225	15	11	308.4	0.3	474.1
pandit_like_001644	14	79	91	27	308.4	4.6	473.9
pandit_like_007235	14	79	91	27	308.4	4.6	473.9
pandit_like_011626	14	79	91	27	308.4	4.6	473.9
pandit_like_000582	5	273	10	9	308.4	0.1	473.8
pandit_like_001229	5	273	10	9	308.4	0.1	473.8
pandit_like_007544	5	273	10	9	308.4	0.1	473.8
pandit_like_001543	8	163	28	15	308.4	0.7	473.6
pandit_like_003412	8	163	28	15	308.4	0.7	473.6
pandit_like_012266	8	163	28	15	308.4	0.7	473.6
pandit_like_001865	13	88	78	25	308.4	3.6	473.5
pandit_like_005216	13	88	78	25	308.4	3.6	473.5
pandit_like_012992	13	88	78	25	308.4	3.6	473.5
pandit_like_019765	13	88	78	25	308.4	3.6	473.5
pandit_like_001435	6	224	15	11	308.4	0.3	473.3
pandit_like_006674	6	224	15	11	308.4	0.3	473.3
pandit_like_009505	6	224	15	11	308.4	0.3	473.3
pandit_like_014119	6	224	15	11	308.4	0.3	473.3
pandit_like_015526	6	224	15	11	308.4	0.3	473.3
pandit_like_016038	6	224	15	11	308.4	0.3	473.3
pandit_like_016833	6	224	15	11	308.4	0.3	473.3
pandit_like_018255	6	224	15	11	308.4	0.3	473.3
pandit_like_019176	6	224	15	11	308.4	0.3	473.3
pandit_like_019572	6	224	15	11	308.4	0.3	473.3
pandit_like_019843	6	224	15	11	308.4	0.3	473.3
pandit_like_002765	7	189	21	13	308.4	0.5	473.2
pandit_like_004803	7	189	21	13	308.4	0.5	473.2
pandit_like_008964	7	189	21	13	308.4	0.5	473.2
pandit_like_011868	7	189	21	13	308.4	0.5	473.2
pandit_like_000613	16	63	120	31	308.4	7.0	473.2
pandit_like_004072	16	63	120	31	308.4	7.0	473.2
pandit_like_004120	16	63	120	31	308.4	7.0	473.2
pandit_like_004558	16	63	120	31	308.4	7.0	473.2
pandit_like_017657	16	63	120	31	308.4	7.0	473.2
pandit_like_019772	16	63	120	31	308.4	7.0	473.2
pandit_like_000464	8	162	28	15	308.4	0.7	472.7
pandit_like_002084	8	162	28	15	308.4	0.7	472.7
pandit_like_007277	8	162	28	15	308.4	0.7	472.7
pandit_like_010968	8	162	28	15	308.4	0.7	472.7
pandit_like_014129	8	162	28	15	308.4	0.7	472.7
pandit_like_004698	5	271	10	9	308.4	0.1	472.6
pandit_like_014063	5	271	10	9	308.4	0.1	472.6
pandit_like_000911	4	342	6	7	308.4	0.1	472.5
pandit_like_005843	4	342	6	7	308.4	0.1	472.5
pandit_like_008480	4	342	6	7	308.4	0.1	472.5
pandit_like_009323	4	342	6	7	308.4	0.1	472.5
pandit_like_010753	4	342	6	7	308.4	0.1	472.5
pandit_like_013558	4	342	6	7	308.4	0.1	472.5
pandit_like_019614	4	342	6	7	308.4	0.1	472.5
pandit_like_001204	9	141	36	17	308.4	1.1	472.5
pandit_like_004264	9	141	36	17	308.4	1.1	472.5
pandit_like_007890	9	141	36	17	308.4	1.1	472.5
pandit_like_008197	9	141	36	17	308.4	1.1	472.5
pandit_like_009736	9	141	36	17	308.4	1.1	472.5
pandit_like_011143	9	141	36	17	308.4	1.1	472.5
pandit_like_012163	9	141	36	17	308.4	1.1	472.5
pandit_like_015830	9	141	36	17	308.4	1.1	472.5
pandit_like_016420	9	141	36	17	308.4	1.1	472.5
pandit_like_017030	9	141	36	17	308.4	1.1	472.5
pandit_like_017999	9	141	36	17	308.4	1.1	472.5
pandit_like_004990	7	188	21	13	308.4	0.5	472.4
pandit_like_005369	7	188	21	13	308.4	0.5	472.4
pandit_like_009177	7	188	21	13	308.4	0.5	472.4
pandit_like_010751	7	188	21	13	308.4	0.5	472.4
pandit_like_010936	7	188	21	13	308.4	0.5	472.4
pandit_like_014872	7	188	21	13	308.4	0.5	472.4
pandit_like_009340	19	44	171	37	308.4	12.0	472.3
pandit_like_009493	19	44	171	37	308.4	12.0	472.3
pandit_like_011773	19	44	171	37	308.4	12.0	472.3
pandit_like_013395	19	44	171	37	308.4	12.0	472.3
pandit_like_013614	19	44	171	37	308.4	12.0	472.3
pandit_like_006277	5	270	10	9	308.4	0.1	472.0
pandit_like_012021	5	270	10	9	308.4	0.1	472.0
pandit_like_019539	5	270	10	9	308.4	0.1	472.0
pandit_like_001300	6	222	15	11	308.4	0.3	471.9
pandit_like_005731	6	222	15	11	308.4	0.3	471.9
pandit_like_014297	6	222	15	11	308.4	0.3	471.9
pandit_like_015918	6	222	15	11	308.4	0.3	471.9
pandit_like_016120	6	222	15	11	308.4	0.3	471.9
pandit_like_019393	6	222	15	11	308.4	0.3	471.9
pandit_like_000333	13	87	78	25	308.4	3.6	471.9
pandit_like_003678	13	87	78	25	308.4	3.6	471.9
pandit_like_004778	13	87	78	25	308.4	3.6	471.9
pandit_like_012757	13	87	78	25	308.4	3.6	471.9
pandit_like_013404	13	87	78	25	308.4	3.6	471.9
pandit_like_016679	13	87	78	25	308.4	3.6	471.9
pandit_like_000419	8	161	28	15	308.4	0.7	471.7
pandit_like_001514	8	161	28	15	308.4	0.7	471.7
pandit_like_005723	8	161	28	15	308.4	0.7	471.7
pandit_like_007179	8	161	28	15	308.4	0.7	471.7
pandit_like_008622	8	161	28	15	308.4	0.7	471.7
pandit_like_016878	8	161	28	15	308.4	0.7	471.7
pandit_like_000225	7	187	21	13	308.4	0.5	471.5
pandit_like_002521	7	187	21	13	308.4	0.5	471.5
pandit_like_006979	7	187	21	13	308.4	0.5	471.5
pandit_like_008692	7	187	21	13	308.4	0.5	471.5
pandit_like_010020	7	187	21	13	308.4	0.5	471.5
pandit_like_013584	7	187	21	13	308.4	0.5	471.5
pandit_like_016353	7	187	21	13	308.4	0.5	471.5
pandit_like_019419	7	187	21	13	308.4	0.5	471.5
pandit_like_003903	5	269	10	9	308.4	0.1	471.4
pandit_like_005919	5	269	10	9	308.4	0.1	471.4
pandit_like_006952	5	269	10	9	308.4	0.1	471.4
pandit_like_009248	5	269	10	9	308.4	0.1	471.4
pandit_like_011332	5	269	10	9	308.4	0.1	471.4
pandit_like_011444	5	269	10	9	308.4	0.1	471.4
pandit_like_013626	5	269	10	9	308.4	0.1	471.4
pandit_like_017679	5	269	10	9	308.4	0.1	471.4
pandit_like_004878	11	109	55	21	308.4	2.1	471.3
pandit_like_007494	11	109	55	21	308.4	2.1	471.3
pandit_like_008894	11	109	55	21	308.4	2.1	471.3
pandit_like_012916	11	109	55	21	308.4	2.1	471.3
pandit_like_015220	11	109	55	21	308.4	2.1	471.3
pandit_like_016897	11	109	55	21	308.4	2.1	471.3
pandit_like_019912	11	109	55	21	308.4	2.1	471.3
pandit_like_002229	12	97	66	23	308.4	2.8	471.3
pandit_like_003475	12	97	66	23	308.4	2.8	471.3
pandit_like_003940	12	97	66	23	308.4	2.8	471.3
pandit_like_004307	12	97	66	23	308.4	2.8	471.3
pandit_like_006885	12	97	66	23	308.4	2.8	471.3
pandit_like_008316	12	97	66	23	308.4	2.8	471.3
pandit_like_009648	12	97	66	23	308.4	2.8	471.3
pandit_like_010281	12	97	66	23	308.4	2.8	471.3
pandit_like_012868	12	97	66	23	308.4	2.8	471.3
pandit_like_017668	12	97	66	23	308.4	2.8	471.3
pandit_like_019987	12	97	66	23	308.4	2.8	471.3
pandit_like_005457	6	221	15	11	308.4	0.3	471.2
pandit_like_008676	6	221	15	11	308.4	0.3	471.2
pandit_like_011018	6	221	15	11	308.4	0.3	471.2
pandit_like_001277	10	123	45	19	308.4	1.5	471.2
pandit_like_006945	10	123	45	19	308.4	1.5	471.2
pandit_like_011041	10	123	45	19	308.4	1.5	471.2
pandit_like_004216	5	268	10	9	308.4	0.1	470.8
pandit_like_005987	5	268	10	9	308.4	0.1	470.8
pandit_like_008912	5	268	10	9	308.4	0.1	470.8
pandit_like_014871	5	268	10	9	308.4	0.1	470.8
pandit_like_017177	5	268	10	9	308.4	0.1	470.8
pandit_like_019304	5	268	10	9	308.4	0.1	470.8
pandit_like_004987	8	160	28	15	308.4	0.7	470.8
pandit_like_006299	8	160	28	15	308.4	0.7	470.8
pandit_like_010177	8	160	28	15	308.4	0.7	470.8
pandit_like_014135	8	160	28	15	308.4	0.7	470.8
pandit_like_014818	8	160	28	15	308.4	0.7	470.8
pandit_like_001409	4	338	6	7	308.4	0.1	470.6
pandit_like_003340	4	338	6	7	308.4	0.1	470.6
pandit_like_003976	4	338	6	7	308.4	0.1	470.6
pandit_like_005879	4	338	6	7	308.4	0.1	470.6
pandit_like_008126	4	338	6	7	308.4	0.1	470.6
pandit_like_009350	4	338	6	7	308.4	0.1	470.6
pandit_like_009907	4	338	6	7	308.4	0.1	470.6
pandit_like_010643	4	338	6	7	308.4	0.1	470.6
pandit_like_014985	4	338	6	7	308.4	0.1	470.6
pandit_like_016709	4	338	6	7	308.4	0.1	470.6
pandit_like_017258	4	338	6	7	308.4	0.1	470.6
pandit_like_017983	4	338	6	7	308.4	0.1	470.6
pandit_like_018774	4	338	6	7	308.4	0.1	470.6
pandit_like_002491	15	69	105	29	308.4	5.7	470.6
pandit_like_005897	15	69	105	29	308.4	5.7	470.6
pandit_like_008068	15	69	105	29	308.4	5.7	470.6
pandit_like_013167	15	69	105	29	308.4	5.7	470.6
pandit_like_016328	15	69	105	29	308.4	5.7	470.6
pandit_like_003453	20	38	190	39	308.4	14.1	470.6
pandit_like_014813	20	38	190	39	308.4	14.1	470.6
pandit_like_016472	20	38	190	39	308.4	14.1	470.6
pandit_like_002152	6	220	15	11	308.4	0.3	470.5
pandit_like_007901	6	220	15	11	308.4	0.3	470.5
pandit_like_009099	6	220	15	11	308.4	0.3	470.5
pandit_like_014782	6	220	15	11	308.4	0.3	470.5
pandit_like_009769	21	33	210	41	308.4	16.5	470.5
pandit_like_014660	21	33	210	41	308.4	16.5	470.5
pandit_like_001546	9	139	36	17	308.4	1.1	470.3
pandit_like_004235	9	139	36	17	308.4	1.1	470.3
pandit_like_004477	9	139	36	17	308.4	1.1	470.3
pandit_like_004738	9	139	36	17	308.4	1.1	470.3
pandit_like_005534	9	139	36	17	308.4	1.1	470.3
pandit_like_008274	9	139	36	17	308.4	1.1	470.3
pandit_like_011659	9	139	36	17	308.4	1.1	470.3
pandit_like_014585	9	139	36	17	308.4	1.1	470.3
pandit_like_017787	9	139	36	17	308.4	1.1	470.3
pandit_like_016106	5	267	10	9	308.4	0.1	470.2
pandit_like_003079	4	337	6	7	308.4	0.1	470.1
pandit_like_003527	4	337	6	7	308.4	0.1	470.1
pandit_like_006189	4	337	6	7	308.4	0.1	470.1
pandit_like_007429	4	337	6	7	308.4	0.1	470.1
pandit_like_008468	4	337	6	7	308.4	0.1	470.1
pandit_like_009204	4	337	6	7	308.4	0.1	470.1
pandit_like_009593	4	337	6	7	308.4	0.1	470.1
pandit_like_016802	4	337	6	7	308.4	0.1	470.1
pandit_like_017779	4	337	6	7	308.4	0.1	470.1
pandit_like_007536	10	122	45	19	308.4	1.5	470.0
pandit_like_015735	10	122	45	19	308.4	1.5	470.0
pandit_like_016153	10	122	45	19	308.4	1.5	470.0
pandit_like_006419	19	43	171	37	308.4	12.0	470.0
pandit_like_008703	19	43	171	37	308.4	12.0	470.0
pandit_like_019367	19	43	171	37	308.4	12.0	470.0
pandit_like_001212	12	96	66	23	308.4	2.8	469.8
pandit_like_001235	12	96	66	23	308.4	2.8	469.8
pandit_like_001911	12	96	66	23	308.4	2.8	469.8
pandit_like_006217	12	96	66	23	308.4	2.8	469.8
pandit_like_008957	12	96	66	23	308.4	2.8	469.8
pandit_like_010355	12	96	66	23	308.4	2.8	469.8
pandit_like_000332	5	266	10	9	308.4	0.1	469.7
pandit_like_000455	5	266	10	9	308.4	0.1	469.7
pandit_like_004512	5	266	10	9	308.4	0.1	469.7
pandit_like_005053	5	266	10	9	308.4	0.1	469.7
pandit_like_006475	5	266	10	9	308.4	0.1	469.7
pandit_like_007395	5	266	10	9	308.4	0.1	469.7
pandit_like_007534	5	266	10	9	308.4	0.1	469.7
pandit_like_009574	5	266	10	9	308.4	0.1	469.7
pandit_like_010484	5	266	10	9	308.4	0.1	469.7
pandit_like_011453	5	266	10	9	308.4	0.1	469.7
pandit_like_012996	5	266	10	9	308.4	0.1	469.7
pandit_like_013346	5	266	10	9	308.4	0.1	469.7
pandit_like_015136	5	266	10	9	308.4	0.1	469.7
pandit_like_016979	5	266	10	9	308.4	0.1	469.7
pandit_like_017603	5	266	10	9	308.4	0.1	469.7
pandit_like_018297	5	266	10	9	308.4	0.1	469.7
pandit_like_019330	5	266	10	9	308.4	0.1	469.7
pandit_like_019945	5	266	10	9	308.4	0.1	469.7
pandit_like_000514	4	336	6	7	308.4	0.1	469.6
pandit_like_002967	4	336	6	7	308.4	0.1	469.6
pandit_like_010401	4	336	6	7	308.4	0.1	469.6
pandit_like_013391	4	336	6	7	308.4	0.1	469.6
pandit_like_015281	4	336	6	7	308.4	0.1	469.6
pandit_like_018186	4	336	6	7	308.4	0.1	469.6
pandit_like_003316	9	138	36	17	308.4	1.1	469.3
pandit_like_008966	9	138	36	17	308.4	1.1	469.3
pandit_like_013248	9	138	36	17	308.4	1.1	469.3
pandit_like_000661	5	265	10	9	308.4	0.1	469.1
pandit_like_003775	5	265	10	9	308.4	0.1	469.1
pandit_like_004227	5	265	10	9	308.4	0.1	469.1
pandit_like_005166	5	265	10	9	308.4	0.1	469.1
pandit_like_006131	5	265	10	9	308.4	0.1	469.1
pandit_like_007605	5	265	10	9	308.4	0.1	469.1
pandit_like_010677	5	265	10	9	308.4	0.1	469.1
pandit_like_012748	5	265	10	9	308.4	0.1	469.1
pandit_like_000213	6	218	15	11	308.4	0.3	469.0
pandit_like_000505	6	218	15	11	308.4	0.3	469.0
pandit_like_000734	6	218	15	11	308.4	0.3	469.0
pandit_like_001189	6	218	15	11	308.4	0.3	469.0
pandit_like_001761	6	218	15	11	308.4	0.3	469.0
pandit_like_002554	6	218	15	11	308.4	0.3	469.0
pandit_like_004077	6	218	15	11	308.4	0.3	469.0
pandit_like_005441	6	218	15	11	308.4	0.3	469.0
pandit_like_006192	6	218	15	11	308.4	0.3	469.0
pandit_like_006626	6	218	15	11	308.4	0.3	469.0
pandit_like_011472	6	218	15	11	308.4	0.3	469.0
pandit_like_011979	6	218	15	11	308.4	0.3	469.0
pandit_like_013157	6	218	15	11	308.4	0.3	469.0
pandit_like_015333	6	218	15	11	308.4	0.3	469.0
pandit_like_016826	6	218	15	11	308.4	0.3	469.0
pandit_like_018178	6	218	15	11	308.4	0.3	469.0
pandit_like_019261	6	218	15	11	308.4	0.3	469.0
pandit_like_006592	7	184	21	13	308.4	0.5	469.0
pandit_like_011754	7	184	21	13	308.4	0.5	469.0
pandit_like_006408	10	121	45	19	308.4	1.5	468.8
pandit_like_008157	10	121	45	19	308.4	1.5	468.8
pandit_like_008474	10	121	45	19	308.4	1.5	468.8
pandit_like_010110	10	121	45	19	308.4	1.5	468.8
pandit_like_001384	15	68	105	29	308.4	5.7	468.8
pandit_like_003667	15	68	105	29	308.4	5.7	468.8
pandit_like_009665	15	68	105	29	308.4	5.7	468.8
pandit_like_011964	15	68	105	29	308.4	5.7	468.8
pandit_like_013601	15	68	105	29	308.4	5.7	468.8
pandit_like_014294	15	68	105	29	308.4	5.7	468.8
pandit_like_005447	13	85	78	25	308.4	3.6	468.7
pandit_like_005563	13	85	78	25	308.4	3.6	468.7
pandit_like_006513	13	85	78	25	308.4	3.6	468.7
pandit_like_007243	13	85	78	25	308.4	3.6	468.7
pandit_like_010944	13	85	78	25	308.4	3.6	468.7
pandit_like_011398	13	85	78	25	308.4	3.6	468.7
pandit_like_011778	13	85	78	25	308.4	3.6	468.7
pandit_like_013983	13	85	78	25	308.4	3.6	468.7
pandit_like_015124	13	85	78	25	308.4	3.6	468.7
pandit_like_016673	13	85	78	25	308.4	3.6	468.7
pandit_like_016912	13	85	78	25	308.4	3.6	468.7
pandit_like_019410	13	85	78	25	308.4	3.6	468.7
pandit_like_000259	18	48	153	35	308.4	10.2	468.5
pandit_like_000939	18	48	153	35	308.4	10.2	468.5
pandit_like_001251	18	48	153	35	308.4	10.2	468.5
pandit_like_003273	18	48	153	35	308.4	10.2	468.5
pandit_like_004646	18	48	153	35	308.4	10.2	468.5
pandit_like_009681	18	48	153	35	308.4	10.2	468.5
pandit_like_013682	18	48	153	35	308.4	10.2	468.5
pandit_like_017111	18	48	153	35	308.4	10.2	468.5
pandit_like_018133	18	48	153	35	308.4	10.2	468.5
pandit_like_015852	4	332	6	7	308.4	0.1	467.7
pandit_like_000549	6	216	15	11	308.4	0.3	467.6
pandit_like_001106	6	216	15	11	308.4	0.3	467.6
pandit_like_005344	6	216	15	11	308.4	0.3	467.6
pandit_like_006536	6	216	15	11	308.4	0.3	467.6
pandit_like_009674	6	216	15	11	308.4	0.3	467.6
pandit_like_010433	6	216	15	11	308.4	0.3	467.6
pandit_like_010722	6	216	15	11	308.4	0.3	467.6
pandit_like_013026	6	216	15	11	308.4	0.3	467.6
pandit_like_002791	10	120	45	19	308.4	1.5	467.6
pandit_like_003389	10	120	45	19	308.4	1.5	467.6
pandit_like_007622	10	120	45	19	308.4	1.5	467.6
pandit_like_007697	10	120	45	19	308.4	1.5	467.6
pandit_like_009715	10	120	45	19	308.4	1.5	467.6
pandit_like_010483	10	120	45	19	308.4	1.5	467.6
pandit_like_008040	13	84	78	25	308.4	3.6	467.1
pandit_like_012493	13	84	78	25	308.4	3.6	467.1
pandit_like_000854	6	215	15	11	308.4	0.3	466.9
pandit_like_004169	6	215	15	11	308.4	0.3	466.9
pandit_like_004467	6	215	15	11	308.4	0.3	466.9
pandit_like_007969	6	215	15	11	308.4	0.3	466.9
pandit_like_010671	6	215	15	11	308.4	0.3	466.9
pandit_like_011828	6	215	15	11	308.4	0.3	466.9
pandit_like_012840	6	215	15	11	308.4	0.3	466.9
pandit_like_016408	6	215	15	11	308.4	0.3	466.9
pandit_like_016697	6	215	15	11	308.4	0.3	466.9
pandit_like_017200	6	215	15	11	308.4	0.3	466.9
pandit_like_017412	6	215	15	11	308.4	0.3	466.9
pandit_like_018313	6	215	15	11	308.4	0.3	466.9
pandit_like_019646	6	215	15	11	308.4	0.3	466.9
pandit_like_007666	5	260	10	9	308.4	0.1	466.1
pandit_like_010678	5	260	10	9	308.4	0.1	466.1
pandit_like_015121	5	260	10	9	308.4	0.1	466.1
pandit_like_014217	8	155	28	15	308.4	0.7	466.0
pandit_like_015251	8	155	28	15	308.4	0.7	466.0
pandit_like_018111	8	155	28	15	308.4	0.7	466.0
pandit_like_000960	9	135	36	17	308.4	1.1	466.0
pandit_like_002768	9	135	36	17	308.4	1.1	466.0
pandit_like_006738	9	135	36	17	308.4	1.1	466.0
pandit_like_008003	9	135	36	17	308.4	1.1	466.0
pandit_like_016239	9	135	36	17	308.4	1.1	466.0
pandit_like_019212	9	135	36	17	308.4	1.1	466.0
pandit_like_019462	9	135	36	17	308.4	1.1	466.0
pandit_like_019714	9	135	36	17	308.4	1.1	466.0
pandit_like_007542	4	328	6	7	308.4	0.1	465.8
pandit_like_010823	4	328	6	7	308.4	0.1	465.8
pandit_like_013873	4	328	6	7	308.4	0.1	465.8
pandit_like_000198	7	180	21	13	308.4	0.5	465.7
pandit_like_008098	7	180	21	13	308.4	0.5	465.7
pandit_like_012371	7	180	21	13	308.4	0.5	465.7
pandit_like_005136	5	259	10	9	308.4	0.1	465.5
pandit_like_005623	5	259	10	9	308.4	0.1	465.5
pandit_like_014877	5	259	10	9	308.4	0.1	465.5
pandit_like_016076	5	259	10	9	308.4	0.1	465.5
pandit_like_017468	5	259	10	9	308.4	0.1	465.5
pandit_like_005326	6	213	15	11	308.4	0.3	465.5
pandit_like_008974	6	213	15	11	308.4	0.3	465.5
pandit_like_012611	6	213	15	11	308.4	0.3	465.5
pandit_like_016173	6	213	15	11	308.4	0.3	465.5
pandit_like_004641	16	59	120	31	308.4	7.0	465.3
pandit_like_009126	16	59	120	31	308.4	7.0	465.3
pandit_like_012195	16	59	120	31	308.4	7.0	465.3
pandit_like_012677	16	59	120	31	308.4	7.0	465.3
pandit_like_017796	16	59	120	31	308.4	7.0	465.3
pandit_like_003363	10	118	45	19	308.4	1.5	465.2
pandit_like_008612	10	118	45	19	308.4	1.5	465.2
pandit_like_010404	10	118	45	19	308.4	1.5	465.2
pandit_like_011132	10	118	45	19	308.4	1.5	465.2
pandit_like_014209	10	118	45	19	308.4	1.5	465.2
pandit_like_017107	10	118	45	19	308.4	1.5	465.2
pandit_like_000479	4	326	6	7	308.4	0.1	464.9
pandit_like_000848	4	326	6	7	308.4	0.1	464.9
pandit_like_002827	4	326	6	7	308.4	0.1	464.9
pandit_like_003000	4	326	6	7	308.4	0.1	464.9
pandit_like_003263	4	326	6	7	308.4	0.1	464.9
pandit_like_005235	4	326	6	7	308.4	0.1	464.9
pandit_like_006013	4	326	6	7	308.4	0.1	464.9
pandit_like_008319	4	326	6	7	308.4	0.1	464.9
pandit_like_009841	4	326	6	7	308.4	0.1	464.9
pandit_like_011284	4	326	6	7	308.4	0.1	464.9
pandit_like_011437	4	326	6	7	308.4	0.1	464.9
pandit_like_000402	5	258	10	9	308.4	0.1	464.9
pandit_like_004175	5	258	10	9	308.4	0.1	464.9
pandit_like_004537	5	258	10	9	308.4	0.1	464.9
pandit_like_007052	5	258	10	9	308.4	0.1	464.9
pandit_like_007076	5	258	10	9	308.4	0.1	464.9
pandit_like_009922	5	258	10	9	308.4	0.1	464.9
pandit_like_010869	5	258	10	9	308.4	0.1	464.9
pandit_like_013617	5	258	10	9	308.4	0.1	464.9
pandit_like_014508	5	258	10	9	308.4	0.1	464.9
pandit_like_016963	5	258	10	9	308.4	0.1	464.9
pandit_like_018339	5	258	10	9	308.4	0.1	464.9
pandit_like_018606	5	258	10	9	308.4	0.1	464.9
pandit_like_003621	9	134	36	17	308.4	1.1	464.9
pandit_like_005925	9	134	36	17	308.4	1.1	464.9
pandit_like_012670	9	134	36	17	308.4	1.1	464.9
pandit_like_019479	9	134	36	17	308.4	1.1	464.9
pandit_like_002446	7	179	21	13	308.4	0.5	464.8
pandit_like_002462	7	179	21	13	308.4	0.5	464.8
pandit_like_004384	7	179	21	13	308.4	0.5	464.8
pandit_like_008438	7	179	21	13	308.4	0.5	464.8
pandit_like_010564	7	179	21	13	308.4	0.5	464.8
pandit_like_019451	7	179	21	13	308.4	0.5	464.8
pandit_like_019942	7	179	21	13	308.4	0.5	464.8
pandit_like_001180	5	257	10	9	308.4	0.1	464.3
pandit_like_002892	5	257	10	9	308.4	0.1	464.3
pandit_like_005755	5	257	10	9	308.4	0.1	464.3
pandit_like_006533	5	257	10	9	308.4	0.1	464.3
pandit_like_011109	5	257	10	9	308.4	0.1	464.3
pandit_like_014137	5	257	10	9	308.4	0.1	464.3
pandit_like_017317	5	257	10	9	308.4	0.1	464.3
pandit_like_007040	6	211	15	11	308.4	0.3	464.0
pandit_like_008426	6	211	15	11	308.4	0.3	464.0
pandit_like_014799	6	211	15	11	308.4	0.3	464.0
pandit_like_018537	6	211	15	11	308.4	0.3	464.0
pandit_like_001658	8	153	28	15	308.4	0.7	464.0
pandit_like_003723	8	153	28	15	308.4	0.7	464.0
pandit_like_003943	8	153	28	15	308.4	0.7	464.0
pandit_like_008153	8	153	28	15	308.4	0.7	464.0
pandit_like_009859	8	153	28	15	308.4	0.7	464.0
pandit_like_010342	8	153	28	15	308.4	0.7	464.0
pandit_like_011877	8	153	28	15	308.4	0.7	464.0
pandit_like_015099	8	153	28	15	308.4	0.7	464.0
pandit_like_015642	8	153	28	15	308.4	0.7	464.0
pandit_like_007091	10	117	45	19	308.4	1.5	464.0
pandit_like_008271	10	117	45	19	308.4	1.5	464.0
pandit_like_018700	10	117	45	19	308.4	1.5	464.0
pandit_like_002685	12	92	66	23	308.4	2.8	464.0
pandit_like_003294	12	92	66	23	308.4	2.8	464.0
pandit_like_003419	12	92	66	23	308.4	2.8	464.0
pandit_like_005465	12	92	66	23	308.4	2.8	464.0
pandit_like_007401	12	92	66	23	308.4	2.8	464.0
pandit_like_010166	12	92	66	23	308.4	2.8	464.0
pandit_like_016579	12	92	66	23	308.4	2.8	464.0
pandit_like_000923	4	324	6	7	308.4	0.1	463.9
pandit_like_004536	4	324	6	7	308.4	0.1	463.9
pandit_like_006235	4	324	6	7	308.4	0.1	463.9
pandit_like_014646	4	324	6	7	308.4	0.1	463.9
pandit_like_002793	9	133	36	17	308.4	1.1	463.8
pandit_like_002812	9	133	36	17	308.4	1.1	463.8
pandit_like_004479	9	133	36	17	308.4	1.1	463.8
pandit_like_008397	9	133	36	17	308.4	1.1	463.8
pandit_like_009075	9	133	36	17	308.4	1.1	463.8
pandit_like_010846	9	133	36	17	308.4	1.1	463.8
pandit_like_011427	9	133	36	17	308.4	1.1	463.8
pandit_like_013296	9	133	36	17	308.4	1.1	463.8
pandit_like_013366	9	133	36	17	308.4	1.1	463.8
pandit_like_014451	9	133	36	17	308.4	1.1	463.8
pandit_like_019831	9	133	36	17	308.4	1.1	463.8
pandit_like_000439	6	210	15	11	308.4	0.3	463.3
pandit_like_001049	6	210	15	11	308.4	0.3	463.3
pandit_like_009605	6	210	15	11	308.4	0.3	463.3
pandit_like_011402	6	210	15	11	308.4	0.3	463.3
pandit_like_011552	6	210	15	11	308.4	0.3	463.3
pandit_like_018238	6	210	15	11	308.4	0.3	463.3
pandit_like_002257	7	177	21	13	308.4	0.5	463.1
pandit_like_002383	7	177	21	13	308.4	0.5	463.1
pandit_like_003284	7	177	21	13	308.4	0.5	463.1
pandit_like_008504	7	177	21	13	308.4	0.5	463.1
pandit_like_017597	7	177	21	13	308.4	0.5	463.1
pandit_like_018294	7	177	21	13	308.4	0.5	463.1
pandit_like_018918	7	177	21	13	308.4	0.5	463.1
pandit_like_002086	8	152	28	15	308.4	0.7	463.1
pandit_like_005100	8	152	28	15	308.4	0.7	463.1
pandit_like_009585	8	152	28	15	308.4	0.7	463.1
pandit_like_009744	8	152	28	15	308.4	0.7	463.1
pandit_like_014107	8	152	28	15	308.4	0.7	463.1
pandit_like_018742	8	152	28	15	308.4	0.7	463.1
pandit_like_003265	4	322	6	7	308.4	0.1	463.0
pandit_like_003692	4	322	6	7	308.4	0.1	463.0
pandit_like_005257	4	322	6	7	308.4	0.1	463.0
pandit_like_006610	4	322	6	7	308.4	0.1	463.0
pandit_like_006777	4	322	6	7	308.4	0.1	463.0
pandit_like_011758	4	322	6	7	308.4	0.1	463.0
pandit_like_014426	4	322	6	7	308.4	0.1	463.0
pandit_like_002959	19	40	171	37	308.4	12.0	462.9
pandit_like_005376	19	40	171	37	308.4	12.0	462.9
pandit_like_009891	19	40	171	37	308.4	12.0	462.9
pandit_like_005794	10	116	45	19	308.4	1.5	462.8
pandit_like_019579	10	116	45	19	308.4	1.5	462.8
pandit_like_019652	10	116	45	19	308.4	1.5	462.8
pandit_like_000360	6	209	15	11	308.4	0.3	462.6
pandit_like_003069	6	209	15	11	308.4	0.3	462.6
pandit_like_005088	6	209	15	11	308.4	0.3	462.6
pandit_like_005513	6	209	15	11	308.4	0.3	462.6
pandit_like_009803	6	209	15	11	308.4	0.3	462.6
pandit_like_009818	6	209	15	11	308.4	0.3	462.6
pandit_like_014524	6	209	15	11	308.4	0.3	462.6
pandit_like_015777	6	209	15	11	308.4	0.3	462.6
pandit_like_015787	6	209	15	11	308.4	0.3	462.6
pandit_like_019096	6	209	15	11	308.4	0.3	462.6
pandit_like_003085	12	91	66	23	308.4	2.8	462.5
pandit_like_005587	12	91	66	23	308.4	2.8	462.5
pandit_like_006106	12	91	66	23	308.4	2.8	462.5
pandit_like_008190	12	91	66	23	308.4	2.8	462.5
pandit_like_011993	12	91	66	23	308.4	2.8	462.5
pandit_like_010536	13	81	78	25	308.4	3.6	462.4
pandit_like_013635	13	81	78	25	308.4	3.6	462.4
pandit_like_014848	13	81	78	25	308.4	3.6	462.4
pandit_like_015602	13	81	78	25	308.4	3.6	462.4
pandit_like_018602	13	81	78	25	308.4	3.6	462.4
pandit_like_006505	7	176	21	13	308.4	0.5	462.3
pandit_like_003524	8	151	28	15	308.4	0.7	462.1
pandit_like_010889	8	151	28	15	308.4	0.7	462.1
pandit_like_015585	8	151	28	15	308.4	0.7	462.1
pandit_like_019753	8	151	28	15	308.4	0.7	462.1
pandit_like_002590	4	320	6	7	308.4	0.1	462.0
pandit_like_010602	4	320	6	7	308.4	0.1	462.0
pandit_like_015056	4	320	6	7	308.4	0.1	462.0
pandit_like_016356	4	320	6	7	308.4	0.1	462.0
pandit_like_016858	4	320	6	7	308.4	0.1	462.0
pandit_like_018991	4	320	6	7	308.4	0.1	462.0
pandit_like_001969	14	72	91	27	308.4	4.6	461.9
pandit_like_002138	14	72	91	27	308.4	4.6	461.9
pandit_like_002576	14	72	91	27	308.4	4.6	461.9
pandit_like_006789	14	72	91	27	308.4	4.6	461.9
pandit_like_008621	14	72	91	27	308.4	4.6	461.9
pandit_like_008672	14	72	91	27	308.4	4.6	461.9
pandit_like_009067	14	72	91	27	308.4	4.6	461.9
pandit_like_016474	14	72	91	27	308.4	4.6	461.9
pandit_like_017407	14	72	91	27	308.4	4.6	461.9
pandit_like_000168	9	131	36	17	308.4	1.1	461.7
pandit_like_002623	9	131	36	17	308.4	1.1	461.7
pandit_like_002891	9	131	36	17	308.4	1.1	461.7
pandit_like_004278	9	131	36	17	308.4	1.1	461.7
pandit_like_005394	9	131	36	17	308.4	1.1	461.7
pandit_like_007258	9	131	36	17	308.4	1.1	461.7
pandit_like_008626	9	131	36	17	308.4	1.1	461.7
pandit_like_011710	9	131	36	17	308.4	1.1	461.7
pandit_like_011834	9	131	36	17	308.4	1.1	461.7
pandit_like_012258	9	131	36	17	308.4	1.1	461.7
pandit_like_014318	9	131	36	17	308.4	1.1	461.7
pandit_like_015775	9	131	36	17	308.4	1.1	461.7
pandit_like_016397	9	131	36	17	308.4	1.1	461.7
pandit_like_016820	9	131	36	17	308.4	1.1	461.7
pandit_like_017932	9	131	36	17	308.4	1.1	461.7
pandit_like_018759	9	131	36	17	308.4	1.1	461.7
pandit_like_018983	9	131	36	17	308.4	1.1	461.7
pandit_like_004153	10	115	45	19	308.4	1.5	461.6
pandit_like_004862	10	115	45	19	308.4	1.5	461.6
pandit_like_006502	10	115	45	19	308.4	1.5	461.6
pandit_like_007420	10	115	45	19	308.4	1.5	461.6
pandit_like_016248	10	115	45	19	308.4	1.5	461.6
pandit_like_003285	7	175	21	13	308.4	0.5	461.5
pandit_like_003654	7	175	21	13	308.4	0.5	461.5
pandit_like_006415	7	175	21	13	308.4	0.5	461.5
pandit_like_006726	7	175	21	13	308.4	0.5	461.5
pandit_like_008246	7	175	21	13	308.4	0.5	461.5
pandit_like_011507	7	175	21	13	308.4	0.5	461.5
pandit_like_013757	7	175	21	13	308.4	0.5	461.5
pandit_like_014172	7	175	21	13	308.4	0.5	461.5
pandit_like_015193	7	175	21	13	308.4	0.5	461.5
pandit_like_018304	7	175	21	13	308.4	0.5	461.5
pandit_like_019825	7	175	21	13	308.4	0.5	461.5
pandit_like_000312	16	57	120	31	308.4	7.0	461.4
pandit_like_000975	16	57	120	31	308.4	7.0	461.4
pandit_like_019435	16	57	120	31	308.4	7.0	461.4
pandit_like_002730	8	150	28	15	308.4	0.7	461.2
pandit_like_003119	8	150	28	15	308.4	0.7	461.2
pandit_like_003868	8	150	28	15	308.4	0.7	461.2
pandit_like_007990	8	150	28	15	308.4	0.7	461.2
pandit_like_013200	8	150	28	15	308.4	0.7	461.2
pandit_like_017011	8	150	28	15	308.4	0.7	461.2
pandit_like_017280	8	150	28	15	308.4	0.7	461.2
pandit_like_017450	8	150	28	15	308.4	0.7	461.2
pandit_like_000637	5	251	10	9	308.4	0.1	460.7
pandit_like_005844	5	251	10	9	308.4	0.1	460.7
pandit_like_013475	5	251	10	9	308.4	0.1	460.7
pandit_like_019107	5	251	10	9	308.4	0.1	460.7
pandit_like_004127	7	174	21	13	308.4	0.5	460.6
pandit_like_004383	7	174	21	13	308.4	0.5	460.6
pandit_like_011131	7	174	21	13	308.4	0.5	460.6
pandit_like_012359	7	174	21	13	308.4	0.5	460.6
pandit_like_015209	7	174	21	13	308.4	0.5	460.6
pandit_like_018846	7	174	21	13	308.4	0.5	460.6
pandit_like_000735	6	206	15	11	308.4	0.3	460.5
pandit_like_006783	6	206	15	11	308.4	0.3	460.5
pandit_like_007206	6	206	15	11	308.4	0.3	460.5
pandit_like_008961	6	206	15	11	308.4	0.3	460.5
pandit_like_010341	6	206	15	11	308.4	0.3	460.5
pandit_like_017074	6	206	15	11	308.4	0.3	460.5
pandit_like_001227	5	250	10	9	308.4	0.1	460.1
pandit_like_006744	5	250	10	9	308.4	0.1	460.1
pandit_like_007121	5	250	10	9	308.4	0.1	460.1
pandit_like_012513	5	250	10	9	308.4	0.1	460.1
pandit_like_012790	5	250	10	9	308.4	0.1	460.1
pandit_like_015718	5	250	10	9	308.4	0.1	460.1
pandit_like_016591	5	250	10	9	308.4	0.1	460.1
pandit_like_017644	5	250	10	9	308.4	0.1	460.1
pandit_like_017985	5	250	10	9	308.4	0.1	460.1
pandit_like_019561	5	250	10	9	308.4	0.1	460.1
pandit_like_000414	7	173	21	13	308.4	0.5	459.8
pandit_like_001720	7	173	21	13	308.4	0.5	459.8
pandit_like_004352	7	173	21	13	308.4	0.5	459.8
pandit_like_005119	7	173	21	13	308.4	0.5	459.8
pandit_like_008317	7	173	21	13	308.4	0.5	459.8
pandit_like_009043	7	173	21	13	308.4	0.5	459.8
pandit_like_009089	7	173	21	13	308.4	0.5	459.8
pandit_like_010428	7	173	21	13	308.4	0.5	459.8
pandit_like_010896	7	173	21	13	308.4	0.5	459.8
pandit_like_011558	7	173	21	13	308.4	0.5	459.8
pandit_like_011612	7	173	21	13	308.4	0.5	459.8
pandit_like_012449	7	173	21	13	308.4	0.5	459.8
pandit_like_013546	7	173	21	13	308.4	0.5	459.8
pandit_like_014218	7	173	21	13	308.4	0.5	459.8
pandit_like_015772	7	173	21	13	308.4	0.5	459.8
pandit_like_016522	7	173	21	13	308.4	0.5	459.8
pandit_like_001145	4	315	6	7	308.4	0.1	459.7
pandit_like_004194	4	315	6	7	308.4	0.1	459.7
pandit_like_004382	4	315	6	7	308.4	0.1	459.7
pandit_like_004804	4	315	6	7	308.4	0.1	459.7
pandit_like_006935	4	315	6	7	308.4	0.1	459.7
pandit_like_007481	4	315	6	7	308.4	0.1	459.7
pandit_like_008306	4	315	6	7	308.4	0.1	459.7
pandit_like_008734	4	315	6	7	308.4	0.1	459.7
pandit_like_010312	4	315	6	7	308.4	0.1	459.7
pandit_like_011530	4	315	6	7	308.4	0.1	459.7
pandit_like_012130	4	315	6	7	308.4	0.1	459.7
pandit_like_012887	4	315	6	7	308.4	0.1	459.7
pandit_like_015062	4	315	6	7	308.4	0.1	459.7
pandit_like_016140	4	315	6	7	308.4	0.1	459.7
pandit_like_016413	4	315	6	7	308.4	0.1	459.7
pandit_like_000681	18	44	153	35	308.4	10.2	459.6
pandit_like_000762	18	44	153	35	308.4	10.2	459.6
pandit_like_002542	18	44	153	35	308.4	10.2	459.6
pandit_like_005694	18	44	153	35	308.4	10.2	459.6
pandit_like_008376	18	44	153	35	308.4	10.2	459.6
pandit_like_009234	18	44	153	35	308.4	10.2	459.6
pandit_like_013266	18	44	153	35	308.4	10.2	459.6
pandit_like_018549	18	44	153	35	308.4	10.2	459.6
pandit_like_000870	5	249	10	9	308.4	0.1	459.5
pandit_like_000468	4	314	6	7	308.4	0.1	459.2
pandit_like_004085	4	314	6	7	308.4	0.1	459.2
pandit_like_010697	4	314	6	7	308.4	0.1	459.2
pandit_like_011961	4	314	6	7	308.4	0.1	459.2
pandit_like_012483	4	314	6	7	308.4	0.1	459.2
pandit_like_014550	4	314	6	7	308.4	0.1	459.2
pandit_like_019893	4	314	6	7	308.4	0.1	459.2
pandit_like_000473	8	148	28	15	308.4	0.7	459.2
pandit_like_005133	8	148	28	15	308.4	0.7	459.2
pandit_like_005440	8	148	28	15	308.4	0.7	459.2
pandit_like_005928	8	148	28	15	308.4	0.7	459.2
pandit_like_006081	8	148	28	15	308.4	0.7	459.2
pandit_like_006149	8	148	28	15	308.4	0.7	459.2
pandit_like_006185	8	148	28	15	308.4	0.7	459.2
pandit_like_008373	8	148	28	15	308.4	0.7	459.2
pandit_like_009643	8	148	28	15	308.4	0.7	459.2
pandit_like_012142	8	148	28	15	308.4	0.7	459.2
pandit_like_013090	8	148	28	15	308.4	0.7	459.2
pandit_like_013507	8	148	28	15	308.4	0.7	459.2
pandit_like_014643	8	148	28	15	308.4	0.7	459.2
pandit_like_016459	8	148	28	15	308.4	0.7	459.2
pandit_like_019401	8	148	28	15	308.4	0.7	459.2
pandit_like_000862	10	113	45	19	308.4	1.5	459.2
pandit_like_006731	10	113	45	19	308.4	1.5	459.2
pandit_like_008476	10	113	45	19	308.4	1.5	459.2
pandit_like_010967	10	113	45	19	308.4	1.5	459.2
pandit_like_014291	10	113	45	19	308.4	1.5	459.2
pandit_like_015009	10	113	45	19	308.4	1.5	459.2
pandit_like_016341	10	113	45	19	308.4	1.5	459.2
pandit_like_016613	10	113	45	19	308.4	1.5	459.2
pandit_like_016732	10	113	45	19	308.4	1.5	459.2
pandit_like_019368	10	113	45	19	308.4	1.5	459.2
pandit_like_001670	13	79	78	25	308.4	3.6	459.2
pandit_like_007421	13	79	78	25	308.4	3.6	459.2
pandit_like_008393	13	79	78	25	308.4	3.6	459.2
pandit_like_019523	13	79	78	25	308.4	3.6	459.2
pandit_like_001918	7	172	21	13	308.4	0.5	459.0
pandit_like_003690	7	172	21	13	308.4	0.5	459.0
pandit_like_005512	7	172	21	13	308.4	0.5	459.0
pandit_like_008791	7	172	21	13	308.4	0.5	459.0
pandit_like_010776	7	172	21	13	308.4	0.5	459.0
pandit_like_012595	7	172	21	13	308.4	0.5	459.0
pandit_like_015141	7	172	21	13	308.4	0.5	459.0
pandit_like_019051	7	172	21	13	308.4	0.5	459.0
pandit_like_019075	7	172	21	13	308.4	0.5	459.0
pandit_like_019735	7	172	21	13	308.4	0.5	459.0
pandit_like_006326	5	248	10	9	308.4	0.1	458.9
pandit_like_007015	5	248	10	9	308.4	0.1	458.9
pandit_like_007323	5	248	10	9	308.4	0.1	458.9
pandit_like_010365	5	248	10	9	308.4	0.1	458.9
pandit_like_011021	5	248	10	9	308.4	0.1	458.9
pandit_like_015194	5	248	10	9	308.4	0.1	458.9
pandit_like_015324	5	248	10	9	308.4	0.1	458.9
pandit_like_017035	5	248	10	9	308.4	0.1	458.9
pandit_like_019725	5	248	10	9	308.4	0.1	458.9
pandit_like_004205	4	313	6	7	308.4	0.1	458.7
pandit_like_006054	4	313	6	7	308.4	0.1	458.7
pandit_like_010693	4	313	6	7	308.4	0.1	458.7
pandit_like_011684	4	313	6	7	308.4	0.1	458.7
pandit_like_012098	4	313	6	7	308.4	0.1	458.7
pandit_like_014399	4	313	6	7	308.4	0.1	458.7
pandit_like_009827	5	247	10	9	308.4	0.1	458.3
pandit_like_012464	5	247	10	9	308.4	0.1	458.3
pandit_like_015589	5	247	10	9	308.4	0.1	458.3
pandit_like_016595	5	247	10	9	308.4	0.1	458.3
pandit_like_005005	6	203	15	11	308.4	0.3	458.3
pandit_like_005908	6	203	15	11	308.4	0.3	458.3
pandit_like_006348	6	203	15	11	308.4	0.3	458.3
pandit_like_008135	6	203	15	11	308.4	0.3	458.3
pandit_like_009700	6	203	15	11	308.4	0.3	458.3
pandit_like_011428	6	203	15	11	308.4	0.3	458.3
pandit_like_012200	6	203	15	11	308.4	0.3	458.3
pandit_like_013573	6	203	15	11	308.4	0.3	458.3
pandit_like_000099	8	147	28	15	308.4	0.7	458.3
pandit_like_004556	8	147	28	15	308.4	0.7	458.3
pandit_like_015376	8	147	28	15	308.4	0.7	458.3
pandit_like_017109	8	147	28	15	308.4	0.7	458.3
pandit_like_018919	8	147	28	15	308.4	0.7	458.3
pandit_like_019978	8	147	28	15	308.4	0.7	458.3
pandit_like_001418	4	312	6	7	308.4	0.1	458.2
pandit_like_002425	4	312	6	7	308.4	0.1	458.2
pandit_like_017021	4	312	6	7	308.4	0.1	458.2
pandit_like_002525	7	171	21	13	308.4	0.5	458.1
pandit_like_003610	7	171	21	13	308.4	0.5	458.1
pandit_like_003926	7	171	21	13	308.4	0.5	458.1
pandit_like_004767	7	171	21	13	308.4	0.5	458.1
pandit_like_005945	7	171	21	13	308.4	0.5	458.1
pandit_like_010836	7	171	21	13	308.4	0.5	458.1
pandit_like_012531	7	171	21	13	308.4	0.5	458.1
pandit_like_013044	7	171	21	13	308.4	0.5	458.1
pandit_like_013861	7	171	21	13	308.4	0.5	458.1
pandit_like_017515	7	171	21	13	308.4	0.5	458.1
pandit_like_018587	7	171	21	13	308.4	0.5	458.1
pandit_like_001544	11	99	55	21	308.4	2.1	458.0
pandit_like_001898	11	99	55	21	308.4	2.1	458.0
pandit_like_012215	11	99	55	21	308.4	2.1	458.0
pandit_like_017059	11	99	55	21	308.4	2.1	458.0
pandit_like_019623	11	99	55	21	308.4	2.1	458.0
pandit_like_002961	4	311	6	7	308.4	0.1	457.8
pandit_like_004391	4	311	6	7	308.4	0.1	457.8
pandit_like_005083	4	311	6	7	308.4	0.1	457.8
pandit_like_005462	4	311	6	7	308.4	0.1	457.8
pandit_like_011492	4	311	6	7	308.4	0.1	457.8
pandit_like_016309	4	311	6	7	308.4	0.1	457.8
pandit_like_016519	4	311	6	7	308.4	0.1	457.8
pandit_like_019420	4	311	6	7	308.4	0.1	457.8
pandit_like_001192	16	55	120	31	308.4	7.0	457.4
pandit_like_013801	16	55	120	31	308.4	7.0	457.4
pandit_like_003491	9	127	36	17	308.4	1.1	457.3
pandit_like_003609	9	127	36	17	308.4	1.1	457.3
pandit_like_003683	9	127	36	17	308.4	1.1	457.3
pandit_like_003733	9	127	36	17	308.4	1.1	457.3
pandit_like_004219	9	127	36	17	308.4	1.1	457.3
pandit_like_006324	9	127	36	17	308.4	1.1	457.3
pandit_like_006803	9	127	36	17	308.4	1.1	457.3
pandit_like_007222	9	127	36	17	308.4	1.1	457.3
pandit_like_008138	9	127	36	17	308.4	1.1	457.3
pandit_like_009887	9	127	36	17	308.4	1.1	457.3
pandit_like_011622	9	127	36	17	308.4	1.1	457.3
pandit_like_012353	9	127	36	17	308.4	1.1	457.3
pandit_like_012617	9	127	36	17	308.4	1.1	457.3
pandit_like_012971	9	127	36	17	308.4	1.1	457.3
pandit_like_015140	9	127	36	17	308.4	1.1	457.3
pandit_like_015353	9	127	36	17	308.4	1.1	457.3
pandit_like_016756	9	127	36	17	308.4	1.1	457.3
pandit_like_016992	9	127	36	17	308.4	1.1	457.3
pandit_like_018521	9	127	36	17	308.4	1.1	457.3
pandit_like_019738	9	127	36	17	308.4	1.1	457.3
pandit_like_005793	10	111	45	19	308.4	1.5	456.7
pandit_like_010370	10	111	45	19	308.4	1.5	456.7
pandit_like_013373	10	111	45	19	308.4	1.5	456.7
pandit_like_013765	10	111	45	19	308.4	1.5	456.7
pandit_like_015844	10	111	45	19	308.4	1.5	456.7
pandit_like_016964	10	111	45	19	308.4	1.5	456.7
pandit_like_017173	10	111	45	19	308.4	1.5	456.7
pandit_like_018683	10	111	45	19	308.4	1.5	456.7
pandit_like_019008	10	111	45	19	308.4	1.5	456.7
pandit_like_019049	10	111	45	19	308.4	1.5	456.7
pandit_like_019720	10	111	45	19	308.4	1.5	456.7
pandit_like_001456	11	98	55	21	308.4	2.1	456.6
pandit_like_001522	11	98	55	21	308.4	2.1	456.6
pandit_like_007294	11	98	55	21	308.4	2.1	456.6
pandit_like_008121	11	98	55	21	308.4	2.1	456.6
pandit_like_009940	11	98	55	21	308.4	2.1	456.6
pandit_like_012676	11	98	55	21	308.4	2.1	456.6
pandit_like_014840	11	98	55	21	308.4	2.1	456.6
pandit_like_015975	11	98	55	21	308.4	2.1	456.6
pandit_like_016767	11	98	55	21	308.4	2.1	456.6
pandit_like_018784	11	98	55	21	308.4	2.1	456.6
pandit_like_000445	5	243	10	9	308.4	0.1	456.0
pandit_like_009799	5	243	10	9	308.4	0.1	456.0
pandit_like_010290	5	243	10	9	308.4	0.1	456.0
pandit_like_013104	5	243	10	9	308.4	0.1	456.0
pandit_like_015347	5	243	10	9	308.4	0.1	456.0
pandit_like_015372	5	243	10	9	308.4	0.1	456.0
pandit_like_000302	13	77	78	25	308.4	3.6	456.0
pandit_like_005001	13	77	78	25	308.4	3.6	456.0
pandit_like_006864	13	77	78	25	308.4	3.6	456.0
pandit_like_007715	13	77	78	25	308.4	3.6	456.0
pandit_like_013832	13	77	78	25	308.4	3.6	456.0
pandit_like_015249	13	77	78	25	308.4	3.6	456.0
pandit_like_015345	13	77	78	25	308.4	3.6	456.0
pandit_like_015431	13	77	78	25	308.4	3.6	456.0
pandit_like_016722	13	77	78	25	308.4	3.6	456.0
pandit_like_017830	13	77	78	25	308.4	3.6	456.0
pandit_like_017916	13	77	78	25	308.4	3.6	456.0
pandit_like_001108	10	110	45	19	308.4	1.5	455.5
pandit_like_004882	10	110	45	19	308.4	1.5	455.5
pandit_like_005002	10	110	45	19	308.4	1.5	455.5
pandit_like_006869	10	110	45	19	308.4	1.5	455.5
pandit_like_009558	10	110	45	19	308.4	1.5	455.5
pandit_like_013422	10	110	45	19	308.4	1.5	455.5
pandit_like_014650	10	110	45	19	308.4	1.5	455.5
pandit_like_017278	10	110	45	19	308.4	1.5	455.5
pandit_like_002342	6	199	15	11	308.4	0.3	455.4
pandit_like_003124	6	199	15	11	308.4	0.3	455.4
pandit_like_006240	6	199	15	11	308.4	0.3	455.4
pandit_like_015212	6	199	15	11	308.4	0.3	455.4
pandit_like_016465	6	199	15	11	308.4	0.3	455.4
pandit_like_000408	8	144	28	15	308.4	0.7	455.4
pandit_like_001197	8	144	28	15	308.4	0.7	455.4
pandit_like_006300	8	144	28	15	308.4	0.7	455.4
pandit_like_015789	8	144	28	15	308.4	0.7	455.4
pandit_like_017531	8	144	28	15	308.4	0.7	455.4
pandit_like_017584	8	144	28	15	308.4	0.7	455.4
pandit_like_018182	8	144	28	15	308.4	0.7	455.4
pandit_like_002010	9	125	36	17	308.4	1.1	455.2
pandit_like_007478	9	125	36	17	308.4	1.1	455.2
pandit_like_008067	9	125	36	17	308.4	1.1	455.2
pandit_like_010007	9	125	36	17	308.4	1.1	455.2
pandit_like_011112	9	125	36	17	308.4	1.1	455.2
pandit_like_013906	9	125	36	17	308.4	1.1	455.2
pandit_like_014414	9	125	36	17	308.4	1.1	455.2
pandit_like_014700	9	125	36	17	308.4	1.1	455.2
pandit_like_016195	9	125	36	17	308.4	1.1	455.2
pandit_like_016907	9	125	36	17	308.4	1.1	455.2
pandit_like_017696	9	125	36	17	308.4	1.1	455.2
pandit_like_018889	9	125	36	17	308.4	1.1	455.2
pandit_like_002866	12	86	66	23	308.4	2.8	455.2
pandit_like_010043	12	86	66	23	308.4	2.8	455.2
pandit_like_011179	12	86	66	23	308.4	2.8	455.2
pandit_like_013226	12	86	66	23	308.4	2.8	455.2
pandit_like_015418	12	86	66	23	308.4	2.8	455.2
pandit_like_002391	14	68	91	27	308.4	4.6	455.0
pandit_like_003111	14	68	91	27	308.4	4.6	455.0
pandit_like_003757	14	68	91	27	308.4	4.6	455.0
pandit_like_003803	14	68	91	27	308.4	4.6	455.0
pandit_like_006594	14	68	91	27	308.4	4.6	455.0
pandit_like_011233	14	68	91	27	308.4	4.6	455.0
pandit_like_012328	14	68	91	27	308.4	4.6	455.0
pandit_like_012554	14	68	91	27	308.4	4.6	455.0
pandit_like_012626	14	68	91	27	308.4	4.6	455.0
pandit_like_016713	14	68	91	27	308.4	4.6	455.0
pandit_like_017273	14	68	91	27	308.4	4.6	455.0
pandit_like_012347	7	167	21	13	308.4	0.5	454.8
pandit_like_005375	6	198	15	11	308.4	0.3	454.7
pandit_like_016313	6	198	15	11	308.4	0.3	454.7
pandit_like_017734	6	198	15	11	308.4	0.3	454.7
pandit_like_018048	6	198	15	11	308.4	0.3	454.7
pandit_like_000524	8	143	28	15	308.4	0.7	454.4
pandit_like_001123	8	143	28	15	308.4	0.7	454.4
pandit_like_002620	8	143	28	15	308.4	0.7	454.4
pandit_like_002852	8	143	28	15	308.4	0.7	454.4
pandit_like_005308	8	143	28	15	308.4	0.7	454.4
pandit_like_005957	8	143	28	15	308.4	0.7	454.4
pandit_like_013032	8	143	28	15	308.4	0.7	454.4
pandit_like_013753	8	143	28	15	308.4	0.7	454.4
pandit_like_015185	8	143	28	15	308.4	0.7	454.4
pandit_like_016069	8	143	28	15	308.4	0.7	454.4
pandit_like_016941	8	143	28	15	308.4	0.7	454.4
pandit_like_017118	8	143	28	15	308.4	0.7	454.4
pandit_like_019231	8	143	28	15	308.4	0.7	454.4
pandit_like_019862	8	143	28	15	308.4	0.7	454.4
pandit_like_000223	10	109	45	19	308.4	1.5	454.3
pandit_like_001977	10	109	45	19	308.4	1.5	454.3
pandit_like_005918	10	109	45	19	308.4	1.5	454.3
pandit_like_007035	10	109	45	19	308.4	1.5	454.3
pandit_like_009179	10	109	45	19	308.4	1.5	454.3
pandit_like_010186	10	109	45	19	308.4	1.5	454.3
pandit_like_011666	10	109	45	19	308.4	1.5	454.3
pandit_like_013132	10	109	45	19	308.4	1.5	454.3
pandit_like_000603	6	197	15	11	308.4	0.3	454.0
pandit_like_001835	6	197	15	11	308.4	0.3	454.0
pandit_like_005429	6	197	15	11	308.4	0.3	454.0
pandit_like_009011	6	197	15	11	308.4	0.3	454.0
pandit_like_010784	6	197	15	11	308.4	0.3	454.0
pandit_like_011474	6	197	15	11	308.4	0.3	454.0
pandit_like_011860	6	197	15	11	308.4	0.3	454.0
pandit_like_014719	6	197	15	11	308.4	0.3	454.0
pandit_like_017346	6	197	15	11	308.4	0.3	454.0
pandit_like_017637	6	197	15	11	308.4	0.3	454.0
pandit_like_018592	6	197	15	11	308.4	0.3	454.0
pandit_like_004750	8	142	28	15	308.4	0.7	453.5
pandit_like_005675	8	142	28	15	308.4	0.7	453.5
pandit_like_013396	8	142	28	15	308.4	0.7	453.5
pandit_like_015803	8	142	28	15	308.4	0.7	453.5
pandit_like_005368	7	165	21	13	308.4	0.5	453.1
pandit_like_006197	7	165	21	13	308.4	0.5	453.1
pandit_like_007075	7	165	21	13	308.4	0.5	453.1
pandit_like_011420	7	165	21	13	308.4	0.5	453.1
pandit_like_013798	7	165	21	13	308.4	0.5	453.1
pandit_like_017682	7	165	21	13	308.4	0.5	453.1
pandit_like_004179	10	108	45	19	308.4	1.5	453.1
pandit_like_005045	10	108	45	19	308.4	1.5	453.1
pandit_like_007356	10	108	45	19	308.4	1.5	453.1
pandit_like_010704	10	108	45	19	308.4	1.5	453.1
pandit_like_016758	10	108	45	19	308.4	1.5	453.1
pandit_like_017484	10	108	45	19	308.4	1.5	453.1
pandit_like_019168	10	108	45	19	308.4	1.5	453.1
pandit_like_019713	10	108	45	19	308.4	1.5	453.1
pandit_like_000904	4	301	6	7	308.4	0.1	453.0
pandit_like_011003	4	301	6	7	308.4	0.1	453.0
pandit_like_000277	5	238	10	9	308.4	0.1	453.0
pandit_like_001385	5	238	10	9	308.4	0.1	453.0
pandit_like_002718	5	238	10	9	308.4	0.1	453.0
pandit_like_006961	5	238	10	9	308.4	0.1	453.0
pandit_like_009653	5	238	10	9	308.4	0.1	453.0
pandit_like_011616	5	238	10	9	308.4	0.1	453.0
pandit_like_011748	5	238	10	9	308.4	0.1	453.0
pandit_like_014535	5	238	10	9	308.4	0.1	453.0
pandit_like_003777	13	75	78	25	308.4	3.6	452.9
pandit_like_010361	6	195	15	11	308.4	0.3	452.6
pandit_like_016348	6	195	15	11	308.4	0.3	452.6
pandit_like_019915	6	195	15	11	308.4	0.3	452.6
pandit_like_000919	11	95	55	21	308.4	2.1	452.6
pandit_like_001139	11	95	55	21	308.4	2.1	452.6
pandit_like_001867	11	95	55	21	308.4	2.1	452.6
pandit_like_003795	11	95	55	21	308.4	2.1	452.6
pandit_like_004910	11	95	55	21	308.4	2.1	452.6
pandit_like_006232	11	95	55	21	308.4	2.1	452.6
pandit_like_014130	11	95	55	21	308.4	2.1	452.6
pandit_like_015061	11	95	55	21	308.4	2.1	452.6
pandit_like_002271	4	300	6	7	308.4	0.1	452.5
pandit_like_005423	4	300	6	7	308.4	0.1	452.5
pandit_like_014556	4	300	6	7	308.4	0.1	452.5
pandit_like_000115	12	84	66	23	308.4	2.8	452.3
pandit_like_000390	12	84	66	23	308.4	2.8	452.3
pandit_like_003202	12	84	66	23	308.4	2.8	452.3
pandit_like_004066	12	84	66	23	308.4	2.8	452.3
pandit_like_004313	12	84	66	23	308.4	2.8	452.3
pandit_like_004692	12	84	66	23	308.4	2.8	452.3
pandit_like_004797	12	84	66	23	308.4	2.8	452.3
pandit_like_004816	12	84	66	23	308.4	2.8	452.3
pandit_like_004826	12	84	66	23	308.4	2.8	452.3
pandit_like_006507	12	84	66	23	308.4	2.8	452.3
pandit_like_007001	12	84	66	23	308.4	2.8	452.3
pandit_like_007004	12	84	66	23	308.4	2.8	452.3
pandit_like_010634	12	84	66	23	308.4	2.8	452.3
pandit_like_010839	12	84	66	23	308.4	2.8	452.3
pandit_like_012723	12	84	66	23	308.4	2.8	452.3
pandit_like_013186	12	84	66	23	308.4	2.8	452.3
pandit_like_014070	12	84	66	23	308.4	2.8	452.3
pandit_like_014609	12	84	66	23	308.4	2.8	452.3
pandit_like_000690	7	164	21	13	308.4	0.5	452.2
pandit_like_002352	7	164	21	13	308.4	0.5	452.2
pandit_like_002736	7	164	21	13	308.4	0.5	452.2
pandit_like_002835	7	164	21	13	308.4	0.5	452.2
pandit_like_005839	7	164	21	13	308.4	0.5	452.2
pandit_like_006262	7	164	21	13	308.4	0.5	452.2
pandit_like_007032	7	164	21	13	308.4	0.5	452.2
pandit_like_010528	7	164	21	13	308.4	0.5	452.2
pandit_like_015026	7	164	21	13	308.4	0.5	452.2
pandit_like_016769	7	164	21	13	308.4	0.5	452.2
pandit_like_001660	4	299	6	7	308.4	0.1	452.1
pandit_like_003860	4	299	6	7	308.4	0.1	452.1
pandit_like_011336	4	299	6	7	308.4	0.1	452.1
pandit_like_000899	9	122	36	17	308.4	1.1	451.9
pandit_like_001572	9	122	36	17	308.4	1.1	451.9
pandit_like_001721	9	122	36	17	308.4	1.1	451.9
pandit_like_004639	9	122	36	17	308.4	1.1	451.9
pandit_like_006660	9	122	36	17	308.4	1.1	451.9
pandit_like_009062	9	122	36	17	308.4	1.1	451.9
pandit_like_010997	9	122	36	17	308.4	1.1	451.9
pandit_like_011215	9	122	36	17	308.4	1.1	451.9
pandit_like_011825	9	122	36	17	308.4	1.1	451.9
pandit_like_011849	9	122	36	17	308.4	1.1	451.9
pandit_like_012459	9	122	36	17	308.4	1.1	451.9
pandit_like_012878	9	122	36	17	308.4	1.1	451.9
pandit_like_013178	9	122	36	17	308.4	1.1	451.9
pandit_like_016226	9	122	36	17	308.4	1.1	451.9
pandit_like_000913	4	298	6	7	308.4	0.1	451.6
pandit_like_005638	4	298	6	7	308.4	0.1	451.6
pandit_like_010255	4	298	6	7	308.4	0.1	451.6
pandit_like_011883	4	298	6	7	308.4	0.1	451.6
pandit_like_019352	4	298	6	7	308.4	0.1	451.6
pandit_like_012741	14	66	91	27	308.4	4.6	451.6
pandit_like_003748	8	140	28	15	308.4	0.7	451.5
pandit_like_004570	8	140	28	15	308.4	0.7	451.5
pandit_like_009901	8	140	28	15	308.4	0.7	451.5
pandit_like_018344	8	140	28	15	308.4	0.7	451.5
pandit_like_000625	7	163	21	13	308.4	0.5	451.4
pandit_like_004287	7	163	21	13	308.4	0.5	451.4
pandit_like_009703	7	163	21	13	308.4	0.5	451.4
pandit_like_011221	7	163	21	13	308.4	0.5	451.4
pandit_like_014031	7	163	21	13	308.4	0.5	451.4
pandit_like_014839	7	163	21	13	308.4	0.5	451.4
pandit_like_016075	7	163	21	13	308.4	0.5	451.4
pandit_like_017534	7	163	21	13	308.4	0.5	451.4
pandit_like_018389	7	163	21	13	308.4	0.5	451.4
pandit_like_018625	7	163	21	13	308.4	0.5	451.4
pandit_like_019519	7	163	21	13	308.4	0.5	451.4
pandit_like_019746	7	163	21	13	308.4	0.5	451.4
pandit_like_005102	11	94	55	21	308.4	2.1	451.3
pandit_like_009780	11	94	55	21	308.4	2.1	451.3
pandit_like_018601	11	94	55	21	308.4	2.1	451.3
pandit_like_018773	11	94	55	21	308.4	2.1	451.3
pandit_like_000500	13	74	78	25	308.4	3.6	451.3
pandit_like_001203	13	74	78	25	308.4	3.6	451.3
pandit_like_002549	13	74	78	25	308.4	3.6	451.3
pandit_like_005802	13	74	78	25	308.4	3.6	451.3
pandit_like_008144	13	74	78	25	308.4	3.6	451.3
pandit_like_015153	13	74	78	25	308.4	3.6	451.3
pandit_like_015370	13	74	78	25	308.4	3.6	451.3
pandit_like_015896	13	74	78	25	308.4	3.6	451.3
pandit_like_013140	5	235	10	9	308.4	0.1	451.2
pandit_like_016482	5	235	10	9	308.4	0.1	451.2
pandit_like_000337	6	193	15	11	308.4	0.3	451.1
pandit_like_000772	6	193	15	11	308.4	0.3	451.1
pandit_like_002702	6	193	15	11	308.4	0.3	451.1
pandit_like_003077	6	193	15	11	308.4	0.3	451.1
pandit_like_003935	6	193	15	11	308.4	0.3	451.1
pandit_like_004546	6	193	15	11	308.4	0.3	451.1
pandit_like_005922	6	193	15	11	308.4	0.3	451.1
pandit_like_005946	6	193	15	11	308.4	0.3	451.1
pandit_like_006082	6	193	15	11	308.4	0.3	451.1
pandit_like_006642	6	193	15	11	308.4	0.3	451.1
pandit_like_008826	6	193	15	11	308.4	0.3	451.1
pandit_like_010310	6	193	15	11	308.4	0.3	451.1
pandit_like_015910	6	193	15	11	308.4	0.3	451.1
pandit_like_018835	6	193	15	11	308.4	0.3	451.1
pandit_like_001671	12	83	66	23	308.4	2.8	450.9
pandit_like_001958	12	83	66	23	308.4	2.8	450.9
pandit_like_002150	12	83	66	23	308.4	2.8	450.9
pandit_like_003461	12	83	66	23	308.4	2.8	450.9
pandit_like_003988	12	83	66	23	308.4	2.8	450.9
pandit_like_009205	12	83	66	23	308.4	2.8	450.9
pandit_like_012097	12	83	66	23	308.4	2.8	450.9
pandit_like_012762	12	83	66	23	308.4	2.8	450.9
pandit_like_013039	12	83	66	23	308.4	2.8	450.9
pandit_like_013330	12	83	66	23	308.4	2.8	450.9
pandit_like_015973	12	83	66	23	308.4	2.8	450.9
pandit_like_019256	12	83	66	23	308.4	2.8	450.9
pandit_like_000082	9	121	36	17	308.4	1.1	450.8
pandit_like_002694	9	121	36	17	308.4	1.1	450.8
pandit_like_007372	9	121	36	17	308.4	1.1	450.8
pandit_like_011324	9	121	36	17	308.4	1.1	450.8
pandit_like_001287	4	296	6	7	308.4	0.1	450.6
pandit_like_002502	4	296	6	7	308.4	0.1	450.6
pandit_like_010036	4	296	6	7	308.4	0.1	450.6
pandit_like_010808	4	296	6	7	308.4	0.1	450.6
pandit_like_011823	4	296	6	7	308.4	0.1	450.6
pandit_like_018672	4	296	6	7	308.4	0.1	450.6
pandit_like_019431	4	296	6	7	308.4	0.1	450.6
pandit_like_000531	5	234	10	9	308.4	0.1	450.6
pandit_like_004410	5	234	10	9	308.4	0.1	450.6
pandit_like_011243	7	162	21	13	308.4	0.5	450.6
pandit_like_019160	7	162	21	13	308.4	0.5	450.6
pandit_like_004886	6	192	15	11	308.4	0.3	450.4
pandit_like_005021	6	192	15	11	308.4	0.3	450.4
pandit_like_005139	6	192	15	11	308.4	0.3	450.4
pandit_like_013013	6	192	15	11	308.4	0.3	450.4
pandit_like_017717	6	192	15	11	308.4	0.3	450.4
pandit_like_018996	6	192	15	11	308.4	0.3	450.4
pandit_like_019543	6	192	15	11	308.4	0.3	450.4
pandit_like_004161	5	233	10	9	308.4	0.1	450.0
pandit_like_010041	5	233	10	9	308.4	0.1	450.0
pandit_like_010540	5	233	10	9	308.4	0.1	450.0
pandit_like_010844	5	233	10	9	308.4	0.1	450.0
pandit_like_016600	5	233	10	9	308.4	0.1	450.0
pandit_like_018028	5	233	10	9	308.4	0.1	450.0
pandit_like_018200	5	233	10	9	308.4	0.1	450.0
pandit_like_019173	5	233	10	9	308.4	0.1	450.0
pandit_like_001024	11	93	55	21	308.4	2.1	450.0
pandit_like_001336	11	93	55	21	308.4	2.1	450.0
pandit_like_003366	11	93	55	21	308.4	2.1	450.0
pandit_like_005576	11	93	55	21	308.4	2.1	450.0
pandit_like_007711	11	93	55	21	308.4	2.1	450.0
pandit_like_009566	11	93	55	21	308.4	2.1	450.0
pandit_like_011175	11	93	55	21	308.4	2.1	450.0
pandit_like_011942	11	93	55	21	308.4	2.1	450.0
pandit_like_012803	11	93	55	21	308.4	2.1	450.0
pandit_like_012850	11	93	55	21	308.4	2.1	450.0
pandit_like_014021	11	93	55	21	308.4	2.1	450.0
pandit_like_018090	11	93	55	21	308.4	2.1	450.0
pandit_like_019374	11	93	55	21	308.4	2.1	450.0
pandit_like_019542	11	93	55	21	308.4	2.1	450.0
pandit_like_002527	4	294	6	7	308.4	0.1	449.7
pandit_like_003851	6	191	15	11	308.4	0.3	449.7
pandit_like_004613	6	191	15	11	308.4	0.3	449.7
pandit_like_008267	6	191	15	11	308.4	0.3	449.7
pandit_like_009120	6	191	15	11	308.4	0.3	449.7
pandit_like_010068	6	191	15	11	308.4	0.3	449.7
pandit_like_012083	6	191	15	11	308.4	0.3	449.7
pandit_like_012365	6	191	15	11	308.4	0.3	449.7
pandit_like_015488	6	191	15	11	308.4	0.3	449.7
pandit_like_017050	6	191	15	11	308.4	0.3	449.7
pandit_like_017110	6	191	15	11	308.4	0.3	449.7
pandit_like_017714	6	191	15	11	308.4	0.3	449.7
pandit_like_017744	6	191	15	11	308.4	0.3	449.7
pandit_like_000134	8	138	28	15	308.4	0.7	449.6
pandit_like_002774	8	138	28	15	308.4	0.7	449.6
pandit_like_009076	8	138	28	15	308.4	0.7	449.6
pandit_like_010566	8	138	28	15	308.4	0.7	449.6
pandit_like_011126	8	138	28	15	308.4	0.7	449.6
pandit_like_014324	8	138	28	15	308.4	0.7	449.6
pandit_like_015638	8	138	28	15	308.4	0.7	449.6
pandit_like_006994	10	105	45	19	308.4	1.5	449.5
pandit_like_009577	10	105	45	19	308.4	1.5	449.5
pandit_like_013655	10	105	45	19	308.4	1.5	449.5
pandit_like_000536	5	232	10	9	308.4	0.1	449.4
pandit_like_004222	5	232	10	9	308.4	0.1	449.4
pandit_like_004636	5	232	10	9	308.4	0.1	449.4
pandit_like_006741	5	232	10	9	308.4	0.1	449.4
pandit_like_006834	5	232	10	9	308.4	0.1	449.4
pandit_like_008249	5	232	10	9	308.4	0.1	449.4
pandit_like_008951	5	232	10	9	308.4	0.1	449.4
pandit_like_010128	5	232	10	9	308.4	0.1	449.4
pandit_like_012012	5	232	10	9	308.4	0.1	449.4
pandit_like_012031	5	232	10	9	308.4	0.1	449.4
pandit_like_012998	5	232	10	9	308.4	0.1	449.4
pandit_like_013297	5	232	10	9	308.4	0.1	449.4
pandit_like_015017	5	232	10	9	308.4	0.1	449.4
pandit_like_015714	5	232	10	9	308.4	0.1	449.4
pandit_like_018913	5	232	10	9	308.4	0.1	449.4
pandit_like_018992	5	232	10	9	308.4	0.1	449.4
pandit_like_006605	6	190	15	11	308.4	0.3	449.0
pandit_like_007045	6	190	15	11	308.4	0.3	449.0
pandit_like_007811	6	190	15	11	308.4	0.3	449.0
pandit_like_008624	6	190	15	11	308.4	0.3	449.0
pandit_like_012635	6	190	15	11	308.4	0.3	449.0
pandit_like_012970	6	190	15	11	308.4	0.3	449.0
pandit_like_018041	6	190	15	11	308.4	0.3	449.0
pandit_like_011687	5	231	10	9	308.4	0.1	448.8
pandit_like_011904	5	231	10	9	308.4	0.1	448.8
pandit_like_013524	5	231	10	9	308.4	0.1	448.8
pandit_like_005042	11	92	55	21	308.4	2.1	448.6
pandit_like_006818	11	92	55	21	308.4	2.1	448.6
pandit_like_007537	11	92	55	21	308.4	2.1	448.6
pandit_like_008237	11	92	55	21	308.4	2.1	448.6
pandit_like_008694	11	92	55	21	308.4	2.1	448.6
pandit_like_009192	11	92	55	21	308.4	2.1	448.6
pandit_like_013939	11	92	55	21	308.4	2.1	448.6
pandit_like_015873	11	92	55	21	308.4	2.1	448.6
pandit_like_017077	11	92	55	21	308.4	2.1	448.6
pandit_like_019249	11	92	55	21	308.4	2.1	448.6
pandit_like_002175	18	39	153	35	308.4	10.2	448.5
pandit_like_002396	18	39	153	35	308.4	10.2	448.5
pandit_like_018274	18	39	153	35	308.4	10.2	448.5
pandit_like_001597	4	291	6	7	308.4	0.1	448.3
pandit_like_006850	4	291	6	7	308.4	0.1	448.3
pandit_like_010340	4	291	6	7	308.4	0.1	448.3
pandit_like_010821	4	291	6	7	308.4	0.1	448.3
pandit_like_013717	4	291	6	7	308.4	0.1	448.3
pandit_like_016407	4	291	6	7	308.4	0.1	448.3
pandit_like_002052	6	189	15	11	308.4	0.3	448.3
pandit_like_005255	6	189	15	11	308.4	0.3	448.3
pandit_like_008548	6	189	15	11	308.4	0.3	448.3
pandit_like_011550	6	189	15	11	308.4	0.3	448.3
pandit_like_011768	6	189	15	11	308.4	0.3	448.3
pandit_like_013160	6	189	15	11	308.4	0.3	448.3
pandit_like_016160	6	189	15	11	308.4	0.3	448.3
pandit_like_018371	6	189	15	11	308.4	0.3	448.3
pandit_like_019377	6	189	15	11	308.4	0.3	448.3
pandit_like_002296	10	104	45	19	308.4	1.5	448.3
pandit_like_006692	10	104	45	19	308.4	1.5	448.3
pandit_like_006927	10	104	45	19	308.4	1.5	448.3
pandit_like_009329	10	104	45	19	308.4	1.5	448.3
pandit_like_013494	10	104	45	19	308.4	1.5	448.3
pandit_like_017130	10	104	45	19	308.4	1.5	448.3
pandit_like_019492	10	104	45	19	308.4	1.5	448.3
pandit_like_019620	10	104	45	19	308.4	1.5	448.3
pandit_like_003184	5	230	10	9	308.4	0.1	448.2
pandit_like_004685	5	230	10	9	308.4	0.1	448.2
pandit_like_007133	5	230	10	9	308.4	0.1	448.2
pandit_like_009382	5	230	10	9	308.4	0.1	448.2
pandit_like_009528	5	230	10	9	308.4	0.1	448.2
pandit_like_010558	5	230	10	9	308.4	0.1	448.2
pandit_like_012250	5	230	10	9	308.4	0.1	448.2
pandit_like_014460	5	230	10	9	308.4	0.1	448.2
pandit_like_016569	5	230	10	9	308.4	0.1	448.2
pandit_like_017721	5	230	10	9	308.4	0.1	448.2
pandit_like_018948	5	230	10	9	308.4	0.1	448.2
pandit_like_001285	13	72	78	25	308.4	3.6	448.1
pandit_like_002211	13	72	78	25	308.4	3.6	448.1
pandit_like_004349	13	72	78	25	308.4	3.6	448.1
pandit_like_009923	13	72	78	25	308.4	3.6	448.1
pandit_like_011705	13	72	78	25	308.4	3.6	448.1
pandit_like_011756	13	72	78	25	308.4	3.6	448.1
pandit_like_012361	13	72	78	25	308.4	3.6	448.1
pandit_like_013988	13	72	78	25	308.4	3.6	448.1
pandit_like_005092	5	229	10	9	308.4	0.1	447.6
pandit_like_006990	5	229	10	9	308.4	0.1	447.6
pandit_like_010666	5	229	10	9	308.4	0.1	447.6
pandit_like_013164	5	229	10	9	308.4	0.1	447.6
pandit_like_014762	5	229	10	9	308.4	0.1	447.6
pandit_like_014819	5	229	10	9	308.4	0.1	447.6
pandit_like_015122	5	229	10	9	308.4	0.1	447.6
pandit_like_003454	6	188	15	11	308.4	0.3	447.6
pandit_like_006490	6	188	15	11	308.4	0.3	447.6
pandit_like_011888	6	188	15	11	308.4	0.3	447.6
pandit_like_017235	6	188	15	11	308.4	0.3	447.6
pandit_like_017767	6	188	15	11	308.4	0.3	447.6
pandit_like_019193	6	188	15	11	308.4	0.3	447.6
pandit_like_007203	4	289	6	7	308.4	0.1	447.3
pandit_like_009321	4	289	6	7	308.4	0.1	447.3
pandit_like_009964	4	289	6	7	308.4	0.1	447.3
pandit_like_010218	4	289	6	7	308.4	0.1	447.3
pandit_like_010557	4	289	6	7	308.4	0.1	447.3
pandit_like_017600	4	289	6	7	308.4	0.1	447.3
pandit_like_004433	11	91	55	21	308.4	2.1	447.3
pandit_like_007254	11	91	55	21	308.4	2.1	447.3
pandit_like_008947	11	91	55	21	308.4	2.1	447.3
pandit_like_011982	11	91	55	21	308.4	2.1	447.3
pandit_like_013420	11	91	55	21	308.4	2.1	447.3
pandit_like_019560	11	91	55	21	308.4	2.1	447.3
pandit_like_002348	7	158	21	13	308.4	0.5	447.2
pandit_like_004491	7	158	21	13	308.4	0.5	447.2
pandit_like_004865	7	158	21	13	308.4	0.5	447.2
pandit_like_008370	7	158	21	13	308.4	0.5	447.2
pandit_like_008925	7	158	21	13	308.4	0.5	447.2
pandit_like_008933	7	158	21	13	308.4	0.5	447.2
pandit_like_009316	7	158	21	13	308.4	0.5	447.2
pandit_like_010656	7	158	21	13	308.4	0.5	447.2
pandit_like_010828	7	158	21	13	308.4	0.5	447.2
pandit_like_011476	7	158	21	13	308.4	0.5	447.2
pandit_like_011922	7	158	21	13	308.4	0.5	447.2
pandit_like_013158	7	158	21	13	308.4	0.5	447.2
pandit_like_014110	7	158	21	13	308.4	0.5	447.2
pandit_like_017479	7	158	21	13	308.4	0.5	447.2
pandit_like_000771	10	103	45	19	308.4	1.5	447.1
pandit_like_005720	10	103	45	19	308.4	1.5	447.1
pandit_like_004083	21	24	210	41	308.4	16.5	446.9
pandit_like_008939	21	24	210	41	308.4	16.5	446.9
pandit_like_009365	21	24	210	41	308.4	16.5	446.9
pandit_like_016844	21	24	210	41	308.4	16.5	446.9
pandit_like_004234	8	135	28	15	308.4	0.7	446.7
pandit_like_008437	8	135	28	15	308.4	0.7	446.7
pandit_like_012135	8	135	28	15	308.4	0.7	446.7
pandit_like_012975	8	135	28	15	308.4	0.7	446.7
pandit_like_015165	8	135	28	15	308.4	0.7	446.7
pandit_like_004551	7	157	21	13	308.4	0.5	446.4
pandit_like_012358	7	157	21	13	308.4	0.5	446.4
pandit_like_001282	6	186	15	11	308.4	0.3	446.1
pandit_like_001513	6	186	15	11	308.4	0.3	446.1
pandit_like_002771	6	186	15	11	308.4	0.3	446.1
pandit_like_003828	6	186	15	11	308.4	0.3	446.1
pandit_like_006823	6	186	15	11	308.4	0.3	446.1
pandit_like_006967	6	186	15	11	308.4	0.3	446.1
pandit_like_009169	6	186	15	11	308.4	0.3	446.1
pandit_like_010193	6	186	15	11	308.4	0.3	446.1
pandit_like_013050	6	186	15	11	308.4	0.3	446.1
pandit_like_014486	6	186	15	11	308.4	0.3	446.1
pandit_like_014589	6	186	15	11	308.4	0.3	446.1
pandit_like_015425	6	186	15	11	308.4	0.3	446.1
pandit_like_015457	6	186	15	11	308.4	0.3	446.1
pandit_like_010090	10	102	45	19	308.4	1.5	445.9
pandit_like_011027	10	102	45	19	308.4	1.5	445.9
pandit_like_012510	10	102	45	19	308.4	1.5	445.9
pandit_like_012796	10	102	45	19	308.4	1.5	445.9
pandit_like_018702	10	102	45	19	308.4	1.5	445.9
pandit_like_019493	10	102	45	19	308.4	1.5	445.9
pandit_like_006597	5	226	10	9	308.4	0.1	445.8
pandit_like_006908	5	226	10	9	308.4	0.1	445.8
pandit_like_006915	5	226	10	9	308.4	0.1	445.8
pandit_like_009762	5	226	10	9	308.4	0.1	445.8
pandit_like_010581	5	226	10	9	308.4	0.1	445.8
pandit_like_017126	5	226	10	9	308.4	0.1	445.8
pandit_like_017553	5	226	10	9	308.4	0.1	445.8
pandit_like_002565	7	156	21	13	308.4	0.5	445.5
pandit_like_004324	7	156	21	13	308.4	0.5	445.5
pandit_like_007862	7	156	21	13	308.4	0.5	445.5
pandit_like_008178	7	156	21	13	308.4	0.5	445.5
pandit_like_009618	7	156	21	13	308.4	0.5	445.5
pandit_like_015710	7	156	21	13	308.4	0.5	445.5
pandit_like_018790	7	156	21	13	308.4	0.5	445.5
pandit_like_000069	6	185	15	11	308.4	0.3	445.4
pandit_like_003031	6	185	15	11	308.4	0.3	445.4
pandit_like_004116	6	185	15	11	308.4	0.3	445.4
pandit_like_004830	6	185	15	11	308.4	0.3	445.4
pandit_like_005259	6	185	15	11	308.4	0.3	445.4
pandit_like_006685	6	185	15	11	308.4	0.3	445.4
pandit_like_006687	6	185	15	11	308.4	0.3	445.4
pandit_like_007949	6	185	15	11	308.4	0.3	445.4
pandit_like_008133	6	185	15	11	308.4	0.3	445.4
pandit_like_008387	6	185	15	11	308.4	0.3	445.4
pandit_like_009377	6	185	15	11	308.4	0.3	445.4
pandit_like_009683	6	185	15	11	308.4	0.3	445.4
pandit_like_010759	6	185	15	11	308.4	0.3	445.4
pandit_like_012023	6	185	15	11	308.4	0.3	445.4
pandit_like_015879	6	185	15	11	308.4	0.3	445.4
pandit_like_007239	9	116	36	17	308.4	1.1	445.4
pandit_like_010801	9	116	36	17	308.4	1.1	445.4
pandit_like_010964	9	116	36	17	308.4	1.1	445.4
pandit_like_014769	9	116	36	17	308.4	1.1	445.4
pandit_like_017180	9	116	36	17	308.4	1.1	445.4
pandit_like_018712	9	116	36	17	308.4	1.1	445.4
pandit_like_000998	5	225	10	9	308.4	0.1	445.3
pandit_like_003024	5	225	10	9	308.4	0.1	445.3
pandit_like_003369	5	225	10	9	308.4	0.1	445.3
pandit_like_003595	5	225	10	9	308.4	0.1	445.3
pandit_like_008361	5	225	10	9	308.4	0.1	445.3
pandit_like_011125	5	225	10	9	308.4	0.1	445.3
pandit_like_013931	5	225	10	9	308.4	0.1	445.3
pandit_like_019512	5	225	10	9	308.4	0.1	445.3
pandit_like_002900	5	224	10	9	308.4	0.1	444.7
pandit_like_002958	5	224	10	9	308.4	0.1	444.7
pandit_like_003623	5	224	10	9	308.4	0.1	444.7
pandit_like_013310	5	224	10	9	308.4	0.1	444.7
pandit_like_016498	5	224	10	9	308.4	0.1	444.7
pandit_like_018125	5	224	10	9	308.4	0.1	444.7
pandit_like_005748	6	184	15	11	308.4	0.3	444.7
pandit_like_010633	6	184	15	11	308.4	0.3	444.7
pandit_like_011967	6	184	15	11	308.4	0.3	444.7
pandit_like_001713	7	155	21	13	308.4	0.5	444.7
pandit_like_004463	7	155	21	13	308.4	0.5	444.7
pandit_like_007177	7	155	21	13	308.4	0.5	444.7
pandit_like_009212	7	155	21	13	308.4	0.5	444.7
pandit_like_010604	7	155	21	13	308.4	0.5	444.7
pandit_like_000193	10	101	45	19	308.4	1.5	444.7
pandit_like_002413	10	101	45	19	308.4	1.5	444.7
pandit_like_002463	10	101	45	19	308.4	1.5	444.7
pandit_like_005068	10	101	45	19	308.4	1.5	444.7
pandit_like_005200	10	101	45	19	308.4	1.5	444.7
pandit_like_006057	10	101	45	19	308.4	1.5	444.7
pandit_like_008367	10	101	45	19	308.4	1.5	444.7
pandit_like_013052	10	101	45	19	308.4	1.5	444.7
pandit_like_010506	4	283	6	7	308.4	0.1	444.5
pandit_like_010578	4	283	6	7	308.4	0.1	444.5
pandit_like_012618	4	283	6	7	308.4	0.1	444.5
pandit_like_013100	4	283	6	7	308.4	0.1	444.5
pandit_like_016554	4	283	6	7	308.4	0.1	444.5
pandit_like_018963	4	283	6	7	308.4	0.1	444.5
pandit_like_003999	5	223	10	9	308.4	0.1	444.1
pandit_like_007026	5	223	10	9	308.4	0.1	444.1
pandit_like_008302	5	223	10	9	308.4	0.1	444.1
pandit_like_008570	5	223	10	9	308.4	0.1	444.1
pandit_like_010289	5	223	10	9	308.4	0.1	444.1
pandit_like_011235	5	223	10	9	308.4	0.1	444.1
pandit_like_011541	5	223	10	9	308.4	0.1	444.1
pandit_like_018386	5	223	10	9	308.4	0.1	444.1
pandit_like_001476	6	183	15	11	308.4	0.3	444.0
pandit_like_002305	6	183	15	11	308.4	0.3	444.0
pandit_like_004864	6	183	15	11	308.4	0.3	444.0
pandit_like_006168	6	183	15	11	308.4	0.3	444.0
pandit_like_007219	6	183	15	11	308.4	0.3	444.0
pandit_like_008030	6	183	15	11	308.4	0.3	444.0
pandit_like_009520	6	183	15	11	308.4	0.3	444.0
pandit_like_010505	6	183	15	11	308.4	0.3	444.0
pandit_like_012317	6	183	15	11	308.4	0.3	444.0
pandit_like_012648	6	183	15	11	308.4	0.3	444.0
pandit_like_014485	6	183	15	11	308.4	0.3	444.0
pandit_like_016232	6	183	15	11	308.4	0.3	444.0
pandit_like_017106	6	183	15	11	308.4	0.3	444.0
pandit_like_019079	6	183	15	11	308.4	0.3	444.0
pandit_like_019392	6	183	15	11	308.4	0.3	444.0
pandit_like_019460	6	183	15	11	308.4	0.3	444.0
pandit_like_002197	18	37	153	35	308.4	10.2	444.0
pandit_like_009247	18	37	153	35	308.4	10.2	444.0
pandit_like_013467	18	37	153	35	308.4	10.2	444.0
pandit_like_019057	18	37	153	35	308.4	10.2	444.0
pandit_like_002071	8	132	28	15	308.4	0.7	443.9
pandit_like_006720	8	132	28	15	308.4	0.7	443.9
pandit_like_008799	8	132	28	15	308.4	0.7	443.9
pandit_like_010477	8	132	28	15	308.4	0.7	443.9
pandit_like_010914	8	132	28	15	308.4	0.7	443.9
pandit_like_012754	8	132	28	15	308.4	0.7	443.9
pandit_like_013091	8	132	28	15	308.4	0.7	443.9
pandit_like_018116	8	132	28	15	308.4	0.7	443.9
pandit_like_007530	4	281	6	7	308.4	0.1	443.5
pandit_like_014231	4	281	6	7	308.4	0.1	443.5
pandit_like_015369	4	281	6	7	308.4	0.1	443.5
pandit_like_015908	4	281	6	7	308.4	0.1	443.5
pandit_like_006721	10	100	45	19	308.4	1.5	443.5
pandit_like_009924	10	100	45	19	308.4	1.5	443.5
pandit_like_011635	6	182	15	11	308.4	0.3	443.3
pandit_like_013431	6	182	15	11	308.4	0.3	443.3
pandit_like_011270	4	280	6	7	308.4	0.1	443.0
pandit_like_013840	4	280	6	7	308.4	0.1	443.0
pandit_like_014424	4	280	6	7	308.4	0.1	443.0
pandit_like_017529	4	280	6	7	308.4	0.1	443.0
pandit_like_002253	5	221	10	9	308.4	0.1	442.9
pandit_like_009591	5	221	10	9	308.4	0.1	442.9
pandit_like_011297	5	221	10	9	308.4	0.1	442.9
pandit_like_011501	5	221	10	9	308.4	0.1	442.9
pandit_like_012245	5	221	10	9	308.4	0.1	442.9
pandit_like_012414	5	221	10	9	308.4	0.1	442.9
pandit_like_013963	5	221	10	9	308.4	0.1	442.9
pandit_like_015915	5	221	10	9	308.4	0.1	442.9
pandit_like_001171	8	131	28	15	308.4	0.7	442.9
pandit_like_001740	8	131	28	15	308.4	0.7	442.9
pandit_like_009865	8	131	28	15	308.4	0.7	442.9
pandit_like_011038	8	131	28	15	308.4	0.7	442.9
pandit_like_011739	8	131	28	15	308.4	0.7	442.9
pandit_like_012809	8	131	28	15	308.4	0.7	442.9
pandit_like_013030	8	131	28	15	308.4	0.7	442.9
pandit_like_016537	8	131	28	15	308.4	0.7	442.9
pandit_like_001483	6	181	15	11	308.4	0.3	442.5
pandit_like_004606	6	181	15	11	308.4	0.3	442.5
pandit_like_006044	6	181	15	11	308.4	0.3	442.5
pandit_like_009347	6	181	15	11	308.4	0.3	442.5
pandit_like_010979	6	181	15	11	308.4	0.3	442.5
pandit_like_011901	6	181	15	11	308.4	0.3	442.5
pandit_like_013316	6	181	15	11	308.4	0.3	442.5
pandit_like_016558	6	181	15	11	308.4	0.3	442.5
pandit_like_000874	5	220	10	9	308.4	0.1	442.3
pandit_like_001498	5	220	10	9	308.4	0.1	442.3
pandit_like_013234	5	220	10	9	308.4	0.1	442.3
pandit_like_013509	5	220	10	9	308.4	0.1	442.3
pandit_like_017306	5	220	10	9	308.4	0.1	442.3
pandit_like_001578	7	152	21	13	308.4	0.5	442.2
pandit_like_003398	7	152	21	13	308.4	0.5	442.2
pandit_like_004427	7	152	21	13	308.4	0.5	442.2
pandit_like_005111	7	152	21	13	308.4	0.5	442.2
pandit_like_007036	7	152	21	13	308.4	0.5	442.2
pandit_like_007397	7	152	21	13	308.4	0.5	442.2
pandit_like_008738	7	152	21	13	308.4	0.5	442.2
pandit_like_009579	7	152	21	13	308.4	0.5	442.2
pandit_like_010918	7	152	21	13	308.4	0.5	442.2
pandit_like_011533	7	152	21	13	308.4	0.5	442.2
pandit_like_011975	7	152	21	13	308.4	0.5	442.2
pandit_like_013336	7	152	21	13	308.4	0.5	442.2
pandit_like_014474	7	152	21	13	308.4	0.5	442.2
pandit_like_015240	7	152	21	13	308.4	0.5	442.2
pandit_like_016901	7	152	21	13	308.4	0.5	442.2
pandit_like_016938	7	152	21	13	308.4	0.5	442.2
pandit_like_019312	7	152	21	13	308.4	0.5	442.2
pandit_like_019466	7	152	21	13	308.4	0.5	442.2
pandit_like_000209	9	113	36	17	308.4	1.1	442.1
pandit_like_002654	9	113	36	17	308.4	1.1	442.1
pandit_like_009446	9	113	36	17	308.4	1.1	442.1
pandit_like_009729	9	113	36	17	308.4	1.1	442.1
pandit_like_012720	9	113	36	17	308.4	1.1	442.1
pandit_like_010768	11	87	55	21	308.4	2.1	442.0
pandit_like_016999	11	87	55	21	308.4	2.1	442.0
pandit_like_000091	8	130	28	15	308.4	0.7	441.9
pandit_like_000476	8	130	28	15	308.4	0.7	441.9
pandit_like_001401	8	130	28	15	308.4	0.7	441.9
pandit_like_003592	8	130	28	15	308.4	0.7	441.9
pandit_like_004810	8	130	28	15	308.4	0.7	441.9
pandit_like_006022	8	130	28	15	308.4	0.7	441.9
pandit_like_019397	8	130	28	15	308.4	0.7	441.9
pandit_like_001673	6	180	15	11	308.4	0.3	441.8
pandit_like_002122	6	180	15	11	308.4	0.3	441.8
pandit_like_005938	6	180	15	11	308.4	0.3	441.8
pandit_like_006155	6	180	15	11	308.4	0.3	441.8
pandit_like_007214	6	180	15	11	308.4	0.3	441.8
pandit_like_009582	6	180	15	11	308.4	0.3	441.8
pandit_like_011458	6	180	15	11	308.4	0.3	441.8
pandit_like_015937	6	180	15	11	308.4	0.3	441.8
pandit_like_016444	6	180	15	11	308.4	0.3	441.8
pandit_like_016547	6	180	15	11	308.4	0.3	441.8
pandit_like_002461	13	68	78	25	308.4	3.6	441.8
pandit_like_006066	13	68	78	25	308.4	3.6	441.8
pandit_like_019830	13	68	78	25	308.4	3.6	441.8
pandit_like_005883	5	219	10	9	308.4	0.1	441.7
pandit_like_007650	5	219	10	9	308.4	0.1	441.7
pandit_like_009030	5	219	10	9	308.4	0.1	441.7
pandit_like_017607	5	219	10	9	308.4	0.1	441.7
pandit_like_019914	5	219	10	9	308.4	0.1	441.7
pandit_like_002455	7	151	21	13	308.4	0.5	441.4
pandit_like_003123	7	151	21	13	308.4	0.5	441.4
pandit_like_003210	7	151	21	13	308.4	0.5	441.4
pandit_like_004444	7	151	21	13	308.4	0.5	441.4
pandit_like_004470	7	151	21	13	308.4	0.5	441.4
pandit_like_004786	7	151	21	13	308.4	0.5	441.4
pandit_like_005013	7	151	21	13	308.4	0.5	441.4
pandit_like_005225	7	151	21	13	308.4	0.5	441.4
pandit_like_005258	7	151	21	13	308.4	0.5	441.4
pandit_like_005397	7	151	21	13	308.4	0.5	441.4
pandit_like_005972	7	151	21	13	308.4	0.5	441.4
pandit_like_006039	7	151	21	13	308.4	0.5	441.4
pandit_like_006498	7	151	21	13	308.4	0.5	441.4
pandit_like_007103	7	151	21	13	308.4	0.5	441.4
pandit_like_008576	7	151	21	13	308.4	0.5	441.4
pandit_like_009286	7	151	21	13	308.4	0.5	441.4
pandit_like_009637	7	151	21	13	308.4	0.5	441.4
pandit_like_010013	7	151	21	13	308.4	0.5	441.4
pandit_like_011448	7	151	21	13	308.4	0.5	441.4
pandit_like_013959	7	151	21	13	308.4	0.5	441.4
pandit_like_014541	7	151	21	13	308.4	0.5	441.4
pandit_like_014713	7	151	21	13	308.4	0.5	441.4
pandit_like_016980	7	151	21	13	308.4	0.5	441.4
pandit_like_017973	7	151	21	13	308.4	0.5	441.4
pandit_like_018755	7	151	21	13	308.4	0.5	441.4
pandit_like_001095	14	60	91	27	308.4	4.6	441.3
pandit_like_002936	14	60	91	27	308.4	4.6	441.3
pandit_like_006098	14	60	91	27	308.4	4.6	441.3
pandit_like_009156	14	60	91	27	308.4	4.6	441.3
pandit_like_010830	14	60	91	27	308.4	4.6	441.3
pandit_like_011973	14	60	91	27	308.4	4.6	441.3
pandit_like_013547	14	60	91	27	308.4	4.6	441.3
pandit_like_018454	14	60	91	27	308.4	4.6	441.3
pandit_like_018828	14	60	91	27	308.4	4.6	441.3
pandit_like_019015	14	60	91	27	308.4	4.6	441.3
pandit_like_000973	9	112	36	17	308.4	1.1	441.1
pandit_like_001236	9	112	36	17	308.4	1.1	441.1
pandit_like_003392	9	112	36	17	308.4	1.1	441.1
pandit_like_004926	9	112	36	17	308.4	1.1	441.1
pandit_like_004965	9	112	36	17	308.4	1.1	441.1
pandit_like_007776	9	112	36	17	308.4	1.1	441.1
pandit_like_009044	9	112	36	17	308.4	1.1	441.1
pandit_like_009299	9	112	36	17	308.4	1.1	441.1
pandit_like_009472	9	112	36	17	308.4	1.1	441.1
pandit_like_010071	9	112	36	17	308.4	1.1	441.1
pandit_like_012147	9	112	36	17	308.4	1.1	441.1
pandit_like_014044	9	112	36	17	308.4	1.1	441.1
pandit_like_015405	9	112	36	17	308.4	1.1	441.1
pandit_like_016563	9	112	36	17	308.4	1.1	441.1
pandit_like_016578	9	112	36	17	308.4	1.1	441.1
pandit_like_018802	9	112	36	17	308.4	1.1	441.1
pandit_like_000020	8	129	28	15	308.4	0.7	441.0
pandit_like_000759	8	129	28	15	308.4	0.7	441.0
pandit_like_003658	8	129	28	15	308.4	0.7	441.0
pandit_like_005158	8	129	28	15	308.4	0.7	441.0
pandit_like_008224	8	129	28	15	308.4	0.7	441.0
pandit_like_013015	8	129	28	15	308.4	0.7	441.0
pandit_like_016529	8	129	28	15	308.4	0.7	441.0
pandit_like_018823	8	129	28	15	308.4	0.7	441.0
pandit_like_002666	11	86	55	21	308.4	2.1	440.6
pandit_like_009920	11	86	55	21	308.4	2.1	440.6
pandit_like_014994	11	86	55	21	308.4	2.1	440.6
pandit_like_019761	11	86	55	21	308.4	2.1	440.6
pandit_like_000120	7	150	21	13	308.4	0.5	440.5
pandit_like_001914	7	150	21	13	308.4	0.5	440.5
pandit_like_002046	7	150	21	13	308.4	0.5	440.5
pandit_like_003439	7	150	21	13	308.4	0.5	440.5
pandit_like_004495	7	150	21	13	308.4	0.5	440.5
pandit_like_005168	7	150	21	13	308.4	0.5	440.5
pandit_like_008658	7	150	21	13	308.4	0.5	440.5
pandit_like_008878	7	150	21	13	308.4	0.5	440.5
pandit_like_009932	7	150	21	13	308.4	0.5	440.5
pandit_like_014459	7	150	21	13	308.4	0.5	440.5
pandit_like_015736	7	150	21	13	308.4	0.5	440.5
pandit_like_017483	7	150	21	13	308.4	0.5	440.5
pandit_like_018854	7	150	21	13	308.4	0.5	440.5
pandit_like_000677	6	178	15	11	308.4	0.3	440.4
pandit_like_000713	6	178	15	11	308.4	0.3	440.4
pandit_like_002681	6	178	15	11	308.4	0.3	440.4
pandit_like_004081	6	178	15	11	308.4	0.3	440.4
pandit_like_004168	6	178	15	11	308.4	0.3	440.4
pandit_like_005704	6	178	15	11	308.4	0.3	440.4
pandit_like_005732	6	178	15	11	308.4	0.3	440.4
pandit_like_008192	6	178	15	11	308.4	0.3	440.4
pandit_like_008338	6	178	15	11	308.4	0.3	440.4
pandit_like_008492	6	178	15	11	308.4	0.3	440.4
pandit_like_009550	6	178	15	11	308.4	0.3	440.4
pandit_like_009919	6	178	15	11	308.4	0.3	440.4
pandit_like_010436	6	178	15	11	308.4	0.3	440.4
pandit_like_010550	6	178	15	11	308.4	0.3	440.4
pandit_like_010840	6	178	15	11	308.4	0.3	440.4
pandit_like_011326	6	178	15	11	308.4	0.3	440.4
pandit_like_012176	6	178	15	11	308.4	0.3	440.4
pandit_like_014007	6	178	15	11	308.4	0.3	440.4
pandit_like_014102	6	178	15	11	308.4	0.3	440.4
pandit_like_014149	6	178	15	11	308.4	0.3	440.4
pandit_like_017128	6	178	15	11	308.4	0.3	440.4
pandit_like_019562	6	178	15	11	308.4	0.3	440.4
pandit_like_004709	4	274	6	7	308.4	0.1	440.2
pandit_like_010752	4	274	6	7	308.4	0.1	440.2
pandit_like_011097	4	274	6	7	308.4	0.1	440.2
pandit_like_011585	4	274	6	7	308.4	0.1	440.2
pandit_like_000749	8	128	28	15	308.4	0.7	440.0
pandit_like_001057	8	128	28	15	308.4	0.7	440.0
pandit_like_010932	8	128	28	15	308.4	0.7	440.0
pandit_like_012398	8	128	28	15	308.4	0.7	440.0
pandit_like_015400	8	128	28	15	308.4	0.7	440.0
pandit_like_007142	5	216	10	9	308.4	0.1	439.9
pandit_like_008590	5	216	10	9	308.4	0.1	439.9
pandit_like_009422	5	216	10	9	308.4	0.1	439.9
pandit_like_009760	5	216	10	9	308.4	0.1	439.9
pandit_like_013125	5	216	10	9	308.4	0.1	439.9
pandit_like_013581	5	216	10	9	308.4	0.1	439.9
pandit_like_006107	10	97	45	19	308.4	1.5	439.8
pandit_like_006997	10	97	45	19	308.4	1.5	439.8
pandit_like_008113	10	97	45	19	308.4	1.5	439.8
pandit_like_008740	10	97	45	19	308.4	1.5	439.8
pandit_like_009995	10	97	45	19	308.4	1.5	439.8
pandit_like_002148	6	177	15	11	308.4	0.3	439.7
pandit_like_005029	6	177	15	11	308.4	0.3	439.7
pandit_like_005753	6	177	15	11	308.4	0.3	439.7
pandit_like_000155	7	149	21	13	308.4	0.5	439.7
pandit_like_001715	7	149	21	13	308.4	0.5	439.7
pandit_like_003028	7	149	21	13	308.4	0.5	439.7
pandit_like_005956	7	149	21	13	308.4	0.5	439.7
pandit_like_018335	7	149	21	13	308.4	0.5	439.7
pandit_like_019334	7	149	21	13	308.4	0.5	439.7
pandit_like_001930	14	59	91	27	308.4	4.6	439.6
pandit_like_008293	14	59	91	27	308.4	4.6	439.6
pandit_like_011968	14	59	91	27	308.4	4.6	439.6
pandit_like_013142	14	59	91	27	308.4	4.6	439.6
pandit_like_000334	18	35	153	35	308.4	10.2	439.6
pandit_like_006150	18	35	153	35	308.4	10.2	439.6
pandit_like_007412	18	35	153	35	308.4	10.2	439.6
pandit_like_011151	18	35	153	35	308.4	10.2	439.6
pandit_like_016778	18	35	153	35	308.4	10.2	439.6
pandit_like_003411	5	215	10	9	308.4	0.1	439.3
pandit_like_008654	5	215	10	9	308.4	0.1	439.3
pandit_like_014232	5	215	10	9	308.4	0.1	439.3
pandit_like_017221	5	215	10	9	308.4	0.1	439.3
pandit_like_004549	12	75	66	23	308.4	2.8	439.2
pandit_like_007639	12	75	66	23	308.4	2.8	439.2
pandit_like_010575	12	75	66	23	308.4	2.8	439.2
pandit_like_010679	12	75	66	23	308.4	2.8	439.2
pandit_like_011166	12	75	66	23	308.4	2.8	439.2
pandit_like_011861	12	75	66	23	308.4	2.8	439.2
pandit_like_015080	12	75	66	23	308.4	2.8	439.2
pandit_like_002250	8	127	28	15	308.4	0.7	439.1
pandit_like_006332	8	127	28	15	308.4	0.7	439.1
pandit_like_013149	8	127	28	15	308.4	0.7	439.1
pandit_like_015024	8	127	28	15	308.4	0.7	439.1
pandit_like_017798	8	127	28	15	308.4	0.7	439.1
pandit_like_019220	8	127	28	15	308.4	0.7	439.1
pandit_like_019928	8	127	28	15	308.4	0.7	439.1
pandit_like_011785	6	176	15	11	308.4	0.3	439.0
pandit_like_018223	6	176	15	11	308.4	0.3	439.0
pandit_like_007728	9	110	36	17	308.4	1.1	438.9
pandit_like_007994	9	110	36	17	308.4	1.1	438.9
pandit_like_008603	9	110	36	17	308.4	1.1	438.9
pandit_like_012608	9	110	36	17	308.4	1.1	438.9
pandit_like_000519	7	148	21	13	308.4	0.5	438.8
pandit_like_000763	7	148	21	13	308.4	0.5	438.8
pandit_like_001125	7	148	21	13	308.4	0.5	438.8
pandit_like_001291	7	148	21	13	308.4	0.5	438.8
pandit_like_001394	7	148	21	13	308.4	0.5	438.8
pandit_like_002665	7	148	21	13	308.4	0.5	438.8
pandit_like_002937	7	148	21	13	308.4	0.5	438.8
pandit_like_005113	7	148	21	13	308.4	0.5	438.8
pandit_like_009910	7	148	21	13	308.4	0.5	438.8
pandit_like_015606	7	148	21	13	308.4	0.5	438.8
pandit_like_016718	7	148	21	13	308.4	0.5	438.8
pandit_like_017093	7	148	21	13	308.4	0.5	438.8
pandit_like_007585	5	214	10	9	308.4	0.1	438.7
pandit_like_010676	5	214	10	9	308.4	0.1	438.7
pandit_like_014973	5	214	10	9	308.4	0.1	438.7
pandit_like_004925	10	96	45	19	308.4	1.5	438.6
pandit_like_005819	10	96	45	19	308.4	1.5	438.6
pandit_like_009336	10	96	45	19	308.4	1.5	438.6
pandit_like_011168	10	96	45	19	308.4	1.5	438.6
pandit_like_013182	10	96	45	19	308.4	1.5	438.6
pandit_like_015788	10	96	45	19	308.4	1.5	438.6
pandit_like_017725	10	96	45	19	308.4	1.5	438.6
pandit_like_001231	5	213	10	9	308.4	0.1	438.1
pandit_like_006874	5	213	10	9	308.4	0.1	438.1
pandit_like_007941	5	213	10	9	308.4	0.1	438.1
pandit_like_010771	5	213	10	9	308.4	0.1	438.1
pandit_like_011188	5	213	10	9	308.4	0.1	438.1
pandit_like_014167	5	213	10	9	308.4	0.1	438.1
pandit_like_017946	5	213	10	9	308.4	0.1	438.1
pandit_like_019845	5	213	10	9	308.4	0.1	438.1
pandit_like_003571	8	126	28	15	308.4	0.7	438.1
pandit_like_005120	8	126	28	15	308.4	0.7	438.1
pandit_like_007275	8	126	28	15	308.4	0.7	438.1
pandit_like_011303	8	126	28	15	308.4	0.7	438.1
pandit_like_013632	8	126	28	15	308.4	0.7	438.1
pandit_like_015451	8	126	28	15	308.4	0.7	438.1
pandit_like_017002	8	126	28	15	308.4	0.7	438.1
pandit_like_003555	9	109	36	17	308.4	1.1	437.8
pandit_like_009414	9	109	36	17	308.4	1.1	437.8
pandit_like_012475	9	109	36	17	308.4	1.1	437.8
pandit_like_013244	9	109	36	17	308.4	1.1	437.8
pandit_like_013445	9	109	36	17	308.4	1.1	437.8
pandit_like_016410	9	109	36	17	308.4	1.1	437.8
pandit_like_017702	9	109	36	17	308.4	1.1	437.8
pandit_like_018413	9	109	36	17	308.4	1.1	437.8
pandit_like_018638	9	109	36	17	308.4	1.1	437.8
pandit_like_019375	9	109	36	17	308.4	1.1	437.8
pandit_like_001340	7	146	21	13	308.4	0.5	437.2
pandit_like_002515	7	146	21	13	308.4	0.5	437.2
pandit_like_003942	7	146	21	13	308.4	0.5	437.2
pandit_like_011545	7	146	21	13	308.4	0.5	437.2
pandit_like_012918	7	146	21	13	308.4	0.5	437.2
pandit_like_013499	7	146	21	13	308.4	0.5	437.2
pandit_like_015577	7	146	21	13	308.4	0.5	437.2
pandit_like_018006	7	146	21	13	308.4	0.5	437.2
pandit_like_018832	7	146	21	13	308.4	0.5	437.2
pandit_like_001782	13	65	78	25	308.4	3.6	437.0
pandit_like_004013	13	65	78	25	308.4	3.6	437.0
pandit_like_004122	13	65	78	25	308.4	3.6	437.0
pandit_like_006598	13	65	78	25	308.4	3.6	437.0
pandit_like_007422	13	65	78	25	308.4	3.6	437.0
pandit_like_007491	13	65	78	25	308.4	3.6	437.0
pandit_like_011302	13	65	78	25	308.4	3.6	437.0
pandit_like_014083	13	65	78	25	308.4	3.6	437.0
pandit_like_015218	13	65	78	25	308.4	3.6	437.0
pandit_like_001972	4	267	6	7	308.4	0.1	436.9
pandit_like_003096	4	267	6	7	308.4	0.1	436.9
pandit_like_002245	5	211	10	9	308.4	0.1	436.9
pandit_like_002547	5	211	10	9	308.4	0.1	436.9
pandit_like_016559	5	211	10	9	308.4	0.1	436.9
pandit_like_017729	5	211	10	9	308.4	0.1	436.9
pandit_like_017829	5	211	10	9	308.4	0.1	436.9
pandit_like_000407	9	108	36	17	308.4	1.1	436.7
pandit_like_011931	9	108	36	17	308.4	1.1	436.7
pandit_like_015089	9	108	36	17	308.4	1.1	436.7
pandit_like_016231	9	108	36	17	308.4	1.1	436.7
pandit_like_017431	9	108	36	17	308.4	1.1	436.7
pandit_like_011578	7	145	21	13	308.4	0.5	436.3
pandit_like_001732	12	73	66	23	308.4	2.8	436.3
pandit_like_011056	12	73	66	23	308.4	2.8	436.3
pandit_like_012285	12	73	66	23	308.4	2.8	436.3
pandit_like_014285	12	73	66	23	308.4	2.8	436.3
pandit_like_017188	12	73	66	23	308.4	2.8	436.3
pandit_like_019647	12	73	66	23	308.4	2.8	436.3
pandit_like_000509	8	124	28	15	308.4	0.7	436.2
pandit_like_000627	8	124	28	15	308.4	0.7	436.2
pandit_like_002947	8	124	28	15	308.4	0.7	436.2
pandit_like_004459	8	124	28	15	308.4	0.7	436.2
pandit_like_007223	8	124	28	15	308.4	0.7	436.2
pandit_like_016680	8	124	28	15	308.4	0.7	436.2
pandit_like_000508	6	172	15	11	308.4	0.3	436.1
pandit_like_004860	6	172	15	11	308.4	0.3	436.1
pandit_like_008998	6	172	15	11	308.4	0.3	436.1
pandit_like_014655	6	172	15	11	308.4	0.3	436.1
pandit_like_015207	6	172	15	11	308.4	0.3	436.1
pandit_like_000951	4	265	6	7	308.4	0.1	435.9
pandit_like_003083	4	265	6	7	308.4	0.1	435.9
pandit_like_003740	4	265	6	7	308.4	0.1	435.9
pandit_like_004505	4	265	6	7	308.4	0.1	435.9
pandit_like_004752	4	265	6	7	308.4	0.1	435.9
pandit_like_011686	4	265	6	7	308.4	0.1	435.9
pandit_like_011760	4	265	6	7	308.4	0.1	435.9
pandit_like_011933	4	265	6	7	308.4	0.1	435.9
pandit_like_013215	4	265	6	7	308.4	0.1	435.9
pandit_like_013252	4	265	6	7	308.4	0.1	435.9
pandit_like_013580	4	265	6	7	308.4	0.1	435.9
pandit_like_015199	4	265	6	7	308.4	0.1	435.9
pandit_like_015208	4	265	6	7	308.4	0.1	435.9
pandit_like_015266	4	265	6	7	308.4	0.1	435.9
pandit_like_019181	4	265	6	7	308.4	0.1	435.9
pandit_like_019438	4	265	6	7	308.4	0.1	435.9
pandit_like_019515	4	265	6	7	308.4	0.1	435.9
pandit_like_014199	5	209	10	9	308.4	0.1	435.7
pandit_like_015479	5	209	10	9	308.4	0.1	435.7
pandit_like_018842	5	209	10	9	308.4	0.1	435.7
pandit_like_001372	9	107	36	17	308.4	1.1	435.6
pandit_like_011503	9	107	36	17	308.4	1.1	435.6
pandit_like_018814	9	107	36	17	308.4	1.1	435.6
pandit_like_018924	9	107	36	17	308.4	1.1	435.6
pandit_like_006223	7	144	21	13	308.4	0.5	435.5
pandit_like_007077	7	144	21	13	308.4	0.5	435.5
pandit_like_011576	7	144	21	13	308.4	0.5	435.5
pandit_like_014948	7	144	21	13	308.4	0.5	435.5
pandit_like_016753	7	144	21	13	308.4	0.5	435.5
pandit_like_001028	4	264	6	7	308.4	0.1	435.4
pandit_like_001535	4	264	6	7	308.4	0.1	435.4
pandit_like_008641	4	264	6	7	308.4	0.1	435.4
pandit_like_010358	4	264	6	7	308.4	0.1	435.4
pandit_like_017204	4	264	6	7	308.4	0.1	435.4
pandit_like_017303	4	264	6	7	308.4	0.1	435.4
pandit_like_012202	6	171	15	11	308.4	0.3	435.4
pandit_like_012592	6	171	15	11	308.4	0.3	435.4
pandit_like_019518	6	171	15	11	308.4	0.3	435.4
pandit_like_000462	8	123	28	15	308.4	0.7	435.2
pandit_like_000542	8	123	28	15	308.4	0.7	435.2
pandit_like_004318	8	123	28	15	308.4	0.7	435.2
pandit_like_009584	8	123	28	15	308.4	0.7	435.2
pandit_like_010325	8	123	28	15	308.4	0.7	435.2
pandit_like_011101	8	123	28	15	308.4	0.7	435.2
pandit_like_003025	5	208	10	9	308.4	0.1	435.1
pandit_like_004666	5	208	10	9	308.4	0.1	435.1
pandit_like_005215	5	208	10	9	308.4	0.1	435.1
pandit_like_010721	5	208	10	9	308.4	0.1	435.1
pandit_like_001851	18	33	153	35	308.4	10.2	435.1
pandit_like_002569	18	33	153	35	308.4	10.2	435.1
pandit_like_007033	18	33	153	35	308.4	10.2	435.1
pandit_like_011691	18	33	153	35	308.4	10.2	435.1
pandit_like_016846	18	33	153	35	308.4	10.2	435.1
pandit_like_003246	4	263	6	7	308.4	0.1	435.0
pandit_like_010713	4	263	6	7	308.4	0.1	435.0
pandit_like_012574	4	263	6	7	308.4	0.1	435.0
pandit_like_013557	4	263	6	7	308.4	0.1	435.0
pandit_like_016735	4	263	6	7	308.4	0.1	435.0
pandit_like_018322	4	263	6	7	308.4	0.1	435.0
pandit_like_003152	17	38	136	33	308.4	8.5	434.9
pandit_like_004640	17	38	136	33	308.4	8.5	434.9
pandit_like_006984	17	38	136	33	308.4	8.5	434.9
pandit_like_012354	17	38	136	33	308.4	8.5	434.9
pandit_like_015820	17	38	136	33	308.4	8.5	434.9
pandit_like_015827	17	38	136	33	308.4	8.5	434.9
pandit_like_016719	17	38	136	33	308.4	8.5	434.9
pandit_like_012836	12	72	66	23	308.4	2.8	434.8
pandit_like_018054	12	72	66	23	308.4	2.8	434.8
pandit_like_019396	12	72	66	23	308.4	2.8	434.8
pandit_like_000472	6	170	15	11	308.4	0.3	434.7
pandit_like_001876	6	170	15	11	308.4	0.3	434.7
pandit_like_009838	6	170	15	11	308.4	0.3	434.7
pandit_like_014300	6	170	15	11	308.4	0.3	434.7
pandit_like_016274	6	170	15	11	308.4	0.3	434.7
pandit_like_018595	6	170	15	11	308.4	0.3	434.7
pandit_like_003364	7	143	21	13	308.4	0.5	434.6
pandit_like_003980	7	143	21	13	308.4	0.5	434.6
pandit_like_006648	7	143	21	13	308.4	0.5	434.6
pandit_like_007370	7	143	21	13	308.4	0.5	434.6
pandit_like_007383	7	143	21	13	308.4	0.5	434.6
pandit_like_008432	7	143	21	13	308.4	0.5	434.6
pandit_like_008959	7	143	21	13	308.4	0.5	434.6
pandit_like_011001	7	143	21	13	308.4	0.5	434.6
pandit_like_012412	7	143	21	13	308.4	0.5	434.6
pandit_like_015158	7	143	21	13	308.4	0.5	434.6
pandit_like_018753	7	143	21	13	308.4	0.5	434.6
pandit_like_019896	7	143	21	13	308.4	0.5	434.6
pandit_like_001869	9	106	36	17	308.4	1.1	434.6
pandit_like_002871	9	106	36	17	308.4	1.1	434.6
pandit_like_011777	9	106	36	17	308.4	1.1	434.6
pandit_like_005502	4	262	6	7	308.4	0.1	434.5
pandit_like_007449	4	262	6	7	308.4	0.1	434.5
pandit_like_013148	4	262	6	7	308.4	0.1	434.5
pandit_like_014552	4	262	6	7	308.4	0.1	434.5
pandit_like_011863	5	207	10	9	308.4	0.1	434.5
pandit_like_012114	5	207	10	9	308.4	0.1	434.5
pandit_like_012192	5	207	10	9	308.4	0.1	434.5
pandit_like_015202	5	207	10	9	308.4	0.1	434.5
pandit_like_003842	14	56	91	27	308.4	4.6	434.5
pandit_like_005327	14	56	91	27	308.4	4.6	434.5
pandit_like_008806	14	56	91	27	308.4	4.6	434.5
pandit_like_012586	14	56	91	27	308.4	4.6	434.5
pandit_like_014382	14	56	91	27	308.4	4.6	434.5
pandit_like_014952	14	56	91	27	308.4	4.6	434.5
pandit_like_002444	4	261	6	7	308.4	0.1	434.0
pandit_like_002451	4	261	6	7	308.4	0.1	434.0
pandit_like_002698	4	261	6	7	308.4	0.1	434.0
pandit_like_003962	4	261	6	7	308.4	0.1	434.0
pandit_like_004889	4	261	6	7	308.4	0.1	434.0
pandit_like_005601	4	261	6	7	308.4	0.1	434.0
pandit_like_005605	4	261	6	7	308.4	0.1	434.0
pandit_like_005914	4	261	6	7	308.4	0.1	434.0
pandit_like_007337	4	261	6	7	308.4	0.1	434.0
pandit_like_007657	4	261	6	7	308.4	0.1	434.0
pandit_like_008473	4	261	6	7	308.4	0.1	434.0
pandit_like_008585	4	261	6	7	308.4	0.1	434.0
pandit_like_009256	4	261	6	7	308.4	0.1	434.0
pandit_like_010292	4	261	6	7	308.4	0.1	434.0
pandit_like_012168	4	261	6	7	308.4	0.1	434.0
pandit_like_012782	4	261	6	7	308.4	0.1	434.0
pandit_like_013739	4	261	6	7	308.4	0.1	434.0
pandit_like_015885	4	261	6	7	308.4	0.1	434.0
pandit_like_016279	4	261	6	7	308.4	0.1	434.0
pandit_like_016483	4	261	6	7	308.4	0.1	434.0
pandit_like_017848	4	261	6	7	308.4	0.1	434.0
pandit_like_000872	5	206	10	9	308.4	0.1	433.9
pandit_like_002156	5	206	10	9	308.4	0.1	433.9
pandit_like_007725	5	206	10	9	308.4	0.1	433.9
pandit_like_009676	5	206	10	9	308.4	0.1	433.9
pandit_like_012426	5	206	10	9	308.4	0.1	433.9
pandit_like_013246	5	206	10	9	308.4	0.1	433.9
pandit_like_018477	5	206	10	9	308.4	0.1	433.9
pandit_like_003936	6	169	15	11	308.4	0.3	433.9
pandit_like_008005	6	169	15	11	308.4	0.3	433.9
pandit_like_008043	6	169	15	11	308.4	0.3	433.9
pandit_like_008587	6	169	15	11	308.4	0.3	433.9
pandit_like_010176	6	169	15	11	308.4	0.3	433.9
pandit_like_012568	6	169	15	11	308.4	0.3	433.9
pandit_like_006851	7	142	21	13	308.4	0.5	433.8
pandit_like_013106	7	142	21	13	308.4	0.5	433.8
pandit_like_000019	10	92	45	19	308.4	1.5	433.8
pandit_like_003196	10	92	45	19	308.4	1.5	433.8
pandit_like_004126	10	92	45	19	308.4	1.5	433.8
pandit_like_004682	10	92	45	19	308.4	1.5	433.8
pandit_like_004993	10	92	45	19	308.4	1.5	433.8
pandit_like_006600	10	92	45	19	308.4	1.5	433.8
pandit_like_009741	10	92	45	19	308.4	1.5	433.8
pandit_like_013022	10	92	45	19	308.4	1.5	433.8
pandit_like_014760	10	92	45	19	308.4	1.5	433.8
pandit_like_015529	10	92	45	19	308.4	1.5	433.8
pandit_like_016180	10	92	45	19	308.4	1.5	433.8
pandit_like_017055	10	92	45	19	308.4	1.5	433.8
pandit_like_018011	10	92	45	19	308.4	1.5	433.8
pandit_like_000537	16	43	120	31	308.4	7.0	433.8
pandit_like_016631	16	43	120	31	308.4	7.0	433.8
pandit_like_019384	16	43	120	31	308.4	7.0	433.8
pandit_like_003228	4	260	6	7	308.4	0.1	433.5
pandit_like_004823	4	260	6	7	308.4	0.1	433.5
pandit_like_009826	4	260	6	7	308.4	0.1	433.5
pandit_like_011412	4	260	6	7	308.4	0.1	433.5
pandit_like_016370	4	260	6	7	308.4	0.1	433.5
pandit_like_017256	4	260	6	7	308.4	0.1	433.5
pandit_like_019196	4	260	6	7	308.4	0.1	433.5
pandit_like_000605	9	105	36	17	308.4	1.1	433.5
pandit_like_000827	9	105	36	17	308.4	1.1	433.5
pandit_like_001956	9	105	36	17	308.4	1.1	433.5
pandit_like_002536	9	105	36	17	308.4	1.1	433.5
pandit_like_003452	9	105	36	17	308.4	1.1	433.5
pandit_like_004047	9	105	36	17	308.4	1.1	433.5
pandit_like_005933	9	105	36	17	308.4	1.1	433.5
pandit_like_006220	9	105	36	17	308.4	1.1	433.5
pandit_like_008089	9	105	36	17	308.4	1.1	433.5
pandit_like_009631	9	105	36	17	308.4	1.1	433.5
pandit_like_009998	9	105	36	17	308.4	1.1	433.5
pandit_like_011608	9	105	36	17	308.4	1.1	433.5
pandit_like_011722	9	105	36	17	308.4	1.1	433.5
pandit_like_012091	9	105	36	17	308.4	1.1	433.5
pandit_like_014476	9	105	36	17	308.4	1.1	433.5
pandit_like_015739	9	105	36	17	308.4	1.1	433.5
pandit_like_018973	9	105	36	17	308.4	1.1	433.5
pandit_like_019412	9	105	36	17	308.4	1.1	433.5
pandit_like_019743	9	105	36	17	308.4	1.1	433.5
pandit_like_001449	5	205	10	9	308.4	0.1	433.3
pandit_like_013276	5	205	10	9	308.4	0.1	433.3
pandit_like_017958	5	205	10	9	308.4	0.1	433.3
pandit_like_001167	12	71	66	23	308.4	2.8	433.3
pandit_like_005442	12	71	66	23	308.4	2.8	433.3
pandit_like_006410	12	71	66	23	308.4	2.8	433.3
pandit_like_007236	12	71	66	23	308.4	2.8	433.3
pandit_like_016367	12	71	66	23	308.4	2.8	433.3
pandit_like_019886	12	71	66	23	308.4	2.8	433.3
pandit_like_000753	4	259	6	7	308.4	0.1	433.1
pandit_like_002043	4	259	6	7	308.4	0.1	433.1
pandit_like_003292	4	259	6	7	308.4	0.1	433.1
pandit_like_003661	4	259	6	7	308.4	0.1	433.1
pandit_like_008908	4	259	6	7	308.4	0.1	433.1
pandit_like_012413	4	259	6	7	308.4	0.1	433.1
pandit_like_015450	4	259	6	7	308.4	0.1	433.1
pandit_like_018728	4	259	6	7	308.4	0.1	433.1
pandit_like_005160	18	32	153	35	308.4	10.2	432.9
pandit_like_011736	18	32	153	35	308.4	10.2	432.9
pandit_like_012541	18	32	153	35	308.4	10.2	432.9
pandit_like_014756	18	32	153	35	308.4	10.2	432.9
pandit_like_015118	18	32	153	35	308.4	10.2	432.9
pandit_like_015432	18	32	153	35	308.4	10.2	432.9
pandit_like_003429	5	204	10	9	308.4	0.1	432.8
pandit_like_004449	5	204	10	9	308.4	0.1	432.8
pandit_like_005991	5	204	10	9	308.4	0.1	432.8
pandit_like_006637	5	204	10	9	308.4	0.1	432.8
pandit_like_007111	5	204	10	9	308.4	0.1	432.8
pandit_like_007737	5	204	10	9	308.4	0.1	432.8
pandit_like_008720	5	204	10	9	308.4	0.1	432.8
pandit_like_012458	5	204	10	9	308.4	0.1	432.8
pandit_like_013738	5	204	10	9	308.4	0.1	432.8
pandit_like_017507	5	204	10	9	308.4	0.1	432.8
pandit_like_017680	5	204	10	9	308.4	0.1	432.8
pandit_like_018051	5	204	10	9	308.4	0.1	432.8
pandit_like_000938	14	55	91	27	308.4	4.6	432.8
pandit_like_003064	14	55	91	27	308.4	4.6	432.8
pandit_like_003512	14	55	91	27	308.4	4.6	432.8
pandit_like_009074	14	55	91	27	308.4	4.6	432.8
pandit_like_009771	14	55	91	27	308.4	4.6	432.8
pandit_like_012207	14	55	91	27	308.4	4.6	432.8
pandit_like_014334	14	55	91	27	308.4	4.6	432.8
pandit_like_017064	14	55	91	27	308.4	4.6	432.8
pandit_like_018943	14	55	91	27	308.4	4.6	432.8
pandit_like_000856	10	91	45	19	308.4	1.5	432.6
pandit_like_004576	10	91	45	19	308.4	1.5	432.6
pandit_like_012257	10	91	45	19	308.4	1.5	432.6
pandit_like_017219	10	91	45	19	308.4	1.5	432.6
pandit_like_004380	11	80	55	21	308.4	2.1	432.6
pandit_like_005962	11	80	55	21	308.4	2.1	432.6
pandit_like_008380	11	80	55	21	308.4	2.1	432.6
pandit_like_009510	11	80	55	21	308.4	2.1	432.6
pandit_like_011280	11	80	55	21	308.4	2.1	432.6
pandit_like_012132	11	80	55	21	308.4	2.1	432.6
pandit_like_012497	11	80	55	21	308.4	2.1	432.6
pandit_like_013159	11	80	55	21	308.4	2.1	432.6
pandit_like_013285	11	80	55	21	308.4	2.1	432.6
pandit_like_016203	11	80	55	21	308.4	2.1	432.6
pandit_like_002088	6	167	15	11	308.4	0.3	432.5
pandit_like_005579	6	167	15	11	308.4	0.3	432.5
pandit_like_008639	6	167	15	11	308.4	0.3	432.5
pandit_like_010359	6	167	15	11	308.4	0.3	432.5
pandit_like_015272	6	167	15	11	308.4	0.3	432.5
pandit_like_017017	6	167	15	11	308.4	0.3	432.5
pandit_like_002921	9	104	36	17	308.4	1.1	432.4
pandit_like_008811	9	104	36	17	308.4	1.1	432.4
pandit_like_011182	9	104	36	17	308.4	1.1	432.4
pandit_like_014126	9	104	36	17	308.4	1.1	432.4
pandit_like_018881	9	104	36	17	308.4	1.1	432.4
pandit_like_004283	8	120	28	15	308.4	0.7	432.3
pandit_like_006734	8	120	28	15	308.4	0.7	432.3
pandit_like_013982	8	120	28	15	308.4	0.7	432.3
pandit_like_001234	5	203	10	9	308.4	0.1	432.2
pandit_like_001621	5	203	10	9	308.4	0.1	432.2
pandit_like_007944	5	203	10	9	308.4	0.1	432.2
pandit_like_008283	5	203	10	9	308.4	0.1	432.2
pandit_like_008398	5	203	10	9	308.4	0.1	432.2
pandit_like_009835	5	203	10	9	308.4	0.1	432.2
pandit_like_010185	5	203	10	9	308.4	0.1	432.2
pandit_like_010966	5	203	10	9	308.4	0.1	432.2
pandit_like_011729	5	203	10	9	308.4	0.1	432.2
pandit_like_012933	5	203	10	9	308.4	0.1	432.2
pandit_like_014503	5	203	10	9	308.4	0.1	432.2
pandit_like_014542	5	203	10	9	308.4	0.1	432.2
pandit_like_015799	5	203	10	9	308.4	0.1	432.2
pandit_like_017543	5	203	10	9	308.4	0.1	432.2
pandit_like_017838	5	203	10	9	308.4	0.1	432.2
pandit_like_018180	5	203	10	9	308.4	0.1	432.2
pandit_like_018245	5	203	10	9	308.4	0.1	432.2
pandit_like_018927	5	203	10	9	308.4	0.1	432.2
pandit_like_019686	5	203	10	9	308.4	0.1	432.2
pandit_like_001563	4	257	6	7	308.4	0.1	432.1
pandit_like_003687	4	257	6	7	308.4	0.1	432.1
pandit_like_003693	4	257	6	7	308.4	0.1	432.1
pandit_like_006564	4	257	6	7	308.4	0.1	432.1
pandit_like_009482	4	257	6	7	308.4	0.1	432.1
pandit_like_011914	4	257	6	7	308.4	0.1	432.1
pandit_like_001317	7	140	21	13	308.4	0.5	432.1
pandit_like_002714	7	140	21	13	308.4	0.5	432.1
pandit_like_008962	7	140	21	13	308.4	0.5	432.1
pandit_like_012173	7	140	21	13	308.4	0.5	432.1
pandit_like_015151	7	140	21	13	308.4	0.5	432.1
pandit_like_001320	12	70	66	23	308.4	2.8	431.9
pandit_like_003497	12	70	66	23	308.4	2.8	431.9
pandit_like_004706	12	70	66	23	308.4	2.8	431.9
pandit_like_011537	12	70	66	23	308.4	2.8	431.9
pandit_like_012011	12	70	66	23	308.4	2.8	431.9
pandit_like_000813	8	119	28	15	308.4	0.7	431.4
pandit_like_000820	8	119	28	15	308.4	0.7	431.4
pandit_like_003434	8	119	28	15	308.4	0.7	431.4
pandit_like_006227	8	119	28	15	308.4	0.7	431.4
pandit_like_010006	8	119	28	15	308.4	0.7	431.4
pandit_like_011875	8	119	28	15	308.4	0.7	431.4
pandit_like_013349	8	119	28	15	308.4	0.7	431.4
pandit_like_013473	8	119	28	15	308.4	0.7	431.4
pandit_like_014636	8	119	28	15	308.4	0.7	431.4
pandit_like_015626	8	119	28	15	308.4	0.7	431.4
pandit_like_015703	8	119	28	15	308.4	0.7	431.4
pandit_like_017720	8	119	28	15	308.4	0.7	431.4
pandit_like_018285	8	119	28	15	308.4	0.7	431.4
pandit_like_018526	8	119	28	15	308.4	0.7	431.4
pandit_like_010106	10	90	45	19	308.4	1.5	431.4
pandit_like_013800	10	90	45	19	308.4	1.5	431.4
pandit_like_000719	7	139	21	13	308.4	0.5	431.3
pandit_like_004694	7	139	21	13	308.4	0.5	431.3
pandit_like_005551	7	139	21	13	308.4	0.5	431.3
pandit_like_006934	7	139	21	13	308.4	0.5	431.3
pandit_like_007696	7	139	21	13	308.4	0.5	431.3
pandit_like_010005	7	139	21	13	308.4	0.5	431.3
pandit_like_010834	7	139	21	13	308.4	0.5	431.3
pandit_like_012262	7	139	21	13	308.4	0.5	431.3
pandit_like_002269	9	103	36	17	308.4	1.1	431.3
pandit_like_004224	9	103	36	17	308.4	1.1	431.3
pandit_like_004624	9	103	36	17	308.4	1.1	431.3
pandit_like_006497	9	103	36	17	308.4	1.1	431.3
pandit_like_009595	9	103	36	17	308.4	1.1	431.3
pandit_like_011771	9	103	36	17	308.4	1.1	431.3
pandit_like_016185	9	103	36	17	308.4	1.1	431.3
pandit_like_017816	9	103	36	17	308.4	1.1	431.3
pandit_like_018485	9	103	36	17	308.4	1.1	431.3
pandit_like_004118	6	165	15	11	308.4	0.3	431.1
pandit_like_005689	6	165	15	11	308.4	0.3	431.1
pandit_like_011480	6	165	15	11	308.4	0.3	431.1
pandit_like_013005	6	165	15	11	308.4	0.3	431.1
pandit_like_014866	6	165	15	11	308.4	0.3	431.1
pandit_like_014970	6	165	15	11	308.4	0.3	431.1
pandit_like_018507	6	165	15	11	308.4	0.3	431.1
pandit_like_014904	14	54	91	27	308.4	4.6	431.0
pandit_like_000588	4	254	6	7	308.4	0.1	430.7
pandit_like_003324	4	254	6	7	308.4	0.1	430.7
pandit_like_004043	4	254	6	7	308.4	0.1	430.7
pandit_like_005305	4	254	6	7	308.4	0.1	430.7
pandit_like_005865	4	254	6	7	308.4	0.1	430.7
pandit_like_006634	4	254	6	7	308.4	0.1	430.7
pandit_like_007691	4	254	6	7	308.4	0.1	430.7
pandit_like_014927	4	254	6	7	308.4	0.1	430.7
pandit_like_000035	13	61	78	25	308.4	3.6	430.7
pandit_like_000285	13	61	78	25	308.4	3.6	430.7
pandit_like_000983	13	61	78	25	308.4	3.6	430.7
pandit_like_001752	13	61	78	25	308.4	3.6	430.7
pandit_like_004135	13	61	78	25	308.4	3.6	430.7
pandit_like_007640	13	61	78	25	308.4	3.6	430.7
pandit_like_009688	13	61	78	25	308.4	3.6	430.7
pandit_like_010692	13	61	78	25	308.4	3.6	430.7
pandit_like_011932	13	61	78	25	308.4	3.6	430.7
pandit_like_017308	13	61	78	25	308.4	3.6	430.7
pandit_like_002141	7	138	21	13	308.4	0.5	430.5
pandit_like_005051	7	138	21	13	308.4	0.5	430.5
pandit_like_016790	7	138	21	13	308.4	0.5	430.5
pandit_like_017046	7	138	21	13	308.4	0.5	430.5
pandit_like_003933	5	200	10	9	308.4	0.1	430.4
pandit_like_006503	5	200	10	9	308.4	0.1	430.4
pandit_like_007148	5	200	10	9	308.4	0.1	430.4
pandit_like_001060	6	164	15	11	308.4	0.3	430.4
pandit_like_002624	6	164	15	11	308.4	0.3	430.4
pandit_like_002998	6	164	15	11	308.4	0.3	430.4
pandit_like_004673	6	164	15	11	308.4	0.3	430.4
pandit_like_005170	6	164	15	11	308.4	0.3	430.4
pandit_like_005201	6	164	15	11	308.4	0.3	430.4
pandit_like_008524	6	164	15	11	308.4	0.3	430.4
pandit_like_012249	6	164	15	11	308.4	0.3	430.4
pandit_like_017994	6	164	15	11	308.4	0.3	430.4
pandit_like_006184	8	118	28	15	308.4	0.7	430.4
pandit_like_007519	8	118	28	15	308.4	0.7	430.4
pandit_like_014916	8	118	28	15	308.4	0.7	430.4
pandit_like_017673	8	118	28	15	308.4	0.7	430.4
pandit_like_005418	12	69	66	23	308.4	2.8	430.4
pandit_like_005863	12	69	66	23	308.4	2.8	430.4
pandit_like_007226	12	69	66	23	308.4	2.8	430.4
pandit_like_007291	12	69	66	23	308.4	2.8	430.4
pandit_like_009685	12	69	66	23	308.4	2.8	430.4
pandit_like_011037	12	69	66	23	308.4	2.8	430.4
pandit_like_011084	12	69	66	23	308.4	2.8	430.4
pandit_like_012777	12	69	66	23	308.4	2.8	430.4
pandit_like_014309	12	69	66	23	308.4	2.8	430.4
pandit_like_015092	12	69	66	23	308.4	2.8	430.4
pandit_like_015130	12	69	66	23	308.4	2.8	430.4
pandit_like_016097	12	69	66	23	308.4	2.8	430.4
pandit_like_017722	12	69	66	23	308.4	2.8	430.4
pandit_like_017808	12	69	66	23	308.4	2.8	430.4
pandit_like_019114	12	69	66	23	308.4	2.8	430.4
pandit_like_000507	4	253	6	7	308.4	0.1	430.2
pandit_like_002482	4	253	6	7	308.4	0.1	430.2
pandit_like_003170	4	253	6	7	308.4	0.1	430.2
pandit_like_003792	4	253	6	7	308.4	0.1	430.2
pandit_like_003854	4	253	6	7	308.4	0.1	430.2
pandit_like_007057	4	253	6	7	308.4	0.1	430.2
pandit_like_008940	4	253	6	7	308.4	0.1	430.2
pandit_like_012911	4	253	6	7	308.4	0.1	430.2
pandit_like_012951	4	253	6	7	308.4	0.1	430.2
pandit_like_014335	4	253	6	7	308.4	0.1	430.2
pandit_like_014790	4	253	6	7	308.4	0.1	430.2
pandit_like_019581	4	253	6	7	308.4	0.1	430.2
pandit_like_008729	10	89	45	19	308.4	1.5	430.2
pandit_like_016799	10	89	45	19	308.4	1.5	430.2
pandit_like_009342	11	78	55	21	308.4	2.1	430.0
pandit_like_015401	11	78	55	21	308.4	2.1	430.0
pandit_like_016258	11	78	55	21	308.4	2.1	430.0
pandit_like_016358	11	78	55	21	308.4	2.1	430.0
pandit_like_018620	11	78	55	21	308.4	2.1	430.0
pandit_like_008124	4	252	6	7	308.4	0.1	429.8
pandit_like_009268	4	252	6	7	308.4	0.1	429.8
pandit_like_010390	4	252	6	7	308.4	0.1	429.8
pandit_like_015149	4	252	6	7	308.4	0.1	429.8
pandit_like_015698	4	252	6	7	308.4	0.1	429.8
pandit_like_004368	5	199	10	9	308.4	0.1	429.8
pandit_like_007618	5	199	10	9	308.4	0.1	429.8
pandit_like_013048	5	199	10	9	308.4	0.1	429.8
pandit_like_016040	5	199	10	9	308.4	0.1	429.8
pandit_like_002390	7	137	21	13	308.4	0.5	429.6
pandit_like_013447	7	137	21	13	308.4	0.5	429.6
pandit_like_015489	7	137	21	13	308.4	0.5	429.6
pandit_like_001306	8	117	28	15	308.4	0.7	429.4
pandit_like_001894	8	117	28	15	308.4	0.7	429.4
pandit_like_006411	8	117	28	15	308.4	0.7	429.4
pandit_like_011772	8	117	28	15	308.4	0.7	429.4
pandit_like_012418	8	117	28	15	308.4	0.7	429.4
pandit_like_000774	9	101	36	17	308.4	1.1	429.1
pandit_like_001765	9	101	36	17	308.4	1.1	429.1
pandit_like_005846	9	101	36	17	308.4	1.1	429.1
pandit_like_006394	9	101	36	17	308.4	1.1	429.1
pandit_like_010200	9	101	36	17	308.4	1.1	429.1
pandit_like_011944	9	101	36	17	308.4	1.1	429.1
pandit_like_012505	9	101	36	17	308.4	1.1	429.1
pandit_like_014388	9	101	36	17	308.4	1.1	429.1
pandit_like_017382	9	101	36	17	308.4	1.1	429.1
pandit_like_018877	9	101	36	17	308.4	1.1	429.1
pandit_like_019911	9	101	36	17	308.4	1.1	429.1
pandit_like_001600	13	60	78	25	308.4	3.6	429.1
pandit_like_004931	13	60	78	25	308.4	3.6	429.1
pandit_like_005688	13	60	78	25	308.4	3.6	429.1
pandit_like_007514	13	60	78	25	308.4	3.6	429.1
pandit_like_016270	13	60	78	25	308.4	3.6	429.1
pandit_like_018299	13	60	78	25	308.4	3.6	429.1
pandit_like_002387	12	68	66	23	308.4	2.8	429.0
pandit_like_003550	12	68	66	23	308.4	2.8	429.0
pandit_like_009843	12	68	66	23	308.4	2.8	429.0
pandit_like_010445	12	68	66	23	308.4	2.8	429.0
pandit_like_011876	12	68	66	23	308.4	2.8	429.0
pandit_like_000656	6	162	15	11	308.4	0.3	428.9
pandit_like_001280	6	162	15	11	308.4	0.3	428.9
pandit_like_001529	6	162	15	11	308.4	0.3	428.9
pandit_like_001626	6	162	15	11	308.4	0.3	428.9
pandit_like_003200	6	162	15	11	308.4	0.3	428.9
pandit_like_004741	6	162	15	11	308.4	0.3	428.9
pandit_like_009311	6	162	15	11	308.4	0.3	428.9
pandit_like_013737	6	162	15	11	308.4	0.3	428.9
pandit_like_000775	10	88	45	19	308.4	1.5	428.9
pandit_like_001248	10	88	45	19	308.4	1.5	428.9
pandit_like_009376	10	88	45	19	308.4	1.5	428.9
pandit_like_019885	10	88	45	19	308.4	1.5	428.9
pandit_like_008787	4	250	6	7	308.4	0.1	428.8
pandit_like_001539	11	77	55	21	308.4	2.1	428.6
pandit_like_013325	11	77	55	21	308.4	2.1	428.6
pandit_like_015722	11	77	55	21	308.4	2.1	428.6
pandit_like_003745	17	35	136	33	308.4	8.5	428.6
pandit_like_004354	17	35	136	33	308.4	8.5	428.6
pandit_like_011093	17	35	136	33	308.4	8.5	428.6
pandit_like_015699	17	35	136	33	308.4	8.5	428.6
pandit_like_016070	17	35	136	33	308.4	8.5	428.6
pandit_like_018143	17	35	136	33	308.4	8.5	428.6
pandit_like_007857	8	116	28	15	308.4	0.7	428.5
pandit_like_010070	8	116	28	15	308.4	0.7	428.5
pandit_like_017636	8	116	28	15	308.4	0.7	428.5
pandit_like_002231	18	30	153	35	308.4	10.2	428.4
pandit_like_003365	18	30	153	35	308.4	10.2	428.4
pandit_like_003666	18	30	153	35	308.4	10.2	428.4
pandit_like_014202	18	30	153	35	308.4	10.2	428.4
pandit_like_010565	4	249	6	7	308.4	0.1	428.3
pandit_like_011561	4	249	6	7	308.4	0.1	428.3
pandit_like_018045	4	249	6	7	308.4	0.1	428.3
pandit_like_018283	4	249	6	7	308.4	0.1	428.3
pandit_like_008434	15	46	105	29	308.4	5.7	428.3
pandit_like_012704	15	46	105	29	308.4	5.7	428.3
pandit_like_001586	9	100	36	17	308.4	1.1	428.1
pandit_like_007394	9	100	36	17	308.4	1.1	428.1
pandit_like_009869	9	100	36	17	308.4	1.1	428.1
pandit_like_010905	9	100	36	17	308.4	1.1	428.1
pandit_like_012842	9	100	36	17	308.4	1.1	428.1
pandit_like_015812	9	100	36	17	308.4	1.1	428.1
pandit_like_017144	9	100	36	17	308.4	1.1	428.1
pandit_like_017582	9	100	36	17	308.4	1.1	428.1
pandit_like_000708	5	196	10	9	308.4	0.1	428.0
pandit_like_001561	5	196	10	9	308.4	0.1	428.0
pandit_like_002964	5	196	10	9	308.4	0.1	428.0
pandit_like_003145	5	196	10	9	308.4	0.1	428.0
pandit_like_003572	5	196	10	9	308.4	0.1	428.0
pandit_like_005701	5	196	10	9	308.4	0.1	428.0
pandit_like_006331	5	196	10	9	308.4	0.1	428.0
pandit_like_009085	5	196	10	9	308.4	0.1	428.0
pandit_like_009465	5	196	10	9	308.4	0.1	428.0
pandit_like_009958	5	196	10	9	308.4	0.1	428.0
pandit_like_014132	5	196	10	9	308.4	0.1	428.0
pandit_like_015871	5	196	10	9	308.4	0.1	428.0
pandit_like_015982	5	196	10	9	308.4	0.1	428.0
pandit_like_016676	5	196	10	9	308.4	0.1	428.0
pandit_like_019371	5	196	10	9	308.4	0.1	428.0
pandit_like_000112	7	135	21	13	308.4	0.5	427.9
pandit_like_004772	7	135	21	13	308.4	0.5	427.9
pandit_like_009332	7	135	21	13	308.4	0.5	427.9
pandit_like_012409	7	135	21	13	308.4	0.5	427.9
pandit_like_014353	7	135	21	13	308.4	0.5	427.9
pandit_like_004833	16	40	120	31	308.4	7.0	427.9
pandit_like_005958	16	40	120	31	308.4	7.0	427.9
pandit_like_010991	16	40	120	31	308.4	7.0	427.9
pandit_like_013623	16	40	120	31	308.4	7.0	427.9
pandit_like_015862	16	40	120	31	308.4	7.0	427.9
pandit_like_002409	10	87	45	19	308.4	1.5	427.7
pandit_like_002518	10	87	45	19	308.4	1.5	427.7
pandit_like_005937	10	87	45	19	308.4	1.5	427.7
pandit_like_006809	10	87	45	19	308.4	1.5	427.7
pandit_like_008796	10	87	45	19	308.4	1.5	427.7
pandit_like_011850	10	87	45	19	308.4	1.5	427.7
pandit_like_015667	10	87	45	19	308.4	1.5	427.7
pandit_like_002754	6	160	15	11	308.4	0.3	427.5
pandit_like_004240	6	160	15	11	308.4	0.3	427.5
pandit_like_013037	6	160	15	11	308.4	0.3	427.5
pandit_like_014652	6	160	15	11	308.4	0.3	427.5
pandit_like_003004	12	67	66	23	308.4	2.8	427.5
pandit_like_003794	12	67	66	23	308.4	2.8	427.5
pandit_like_004729	12	67	66	23	308.4	2.8	427.5
pandit_like_006791	12	67	66	23	308.4	2.8	427.5
pandit_like_008032	12	67	66	23	308.4	2.8	427.5
pandit_like_012518	12	67	66	23	308.4	2.8	427.5
pandit_like_013544	12	67	66	23	308.4	2.8	427.5
pandit_like_013709	12	67	66	23	308.4	2.8	427.5
pandit_like_015471	12	67	66	23	308.4	2.8	427.5
pandit_like_016368	12	67	66	23	308.4	2.8	427.5
pandit_like_016418	12	67	66	23	308.4	2.8	427.5
pandit_like_016954	12	67	66	23	308.4	2.8	427.5
pandit_like_018780	12	67	66	23	308.4	2.8	427.5
pandit_like_003893	4	247	6	7	308.4	0.1	427.4
pandit_like_005486	4	247	6	7	308.4	0.1	427.4
pandit_like_007883	4	247	6	7	308.4	0.1	427.4
pandit_like_009888	4	247	6	7	308.4	0.1	427.4
pandit_like_014286	4	247	6	7	308.4	0.1	427.4
pandit_like_018691	4	247	6	7	308.4	0.1	427.4
pandit_like_003883	11	76	55	21	308.4	2.1	427.3
pandit_like_012944	11	76	55	21	308.4	2.1	427.3
pandit_like_014662	11	76	55	21	308.4	2.1	427.3
pandit_like_014685	11	76	55	21	308.4	2.1	427.3
pandit_like_002831	7	134	21	13	308.4	0.5	427.1
pandit_like_006868	7	134	21	13	308.4	0.5	427.1
pandit_like_009037	7	134	21	13	308.4	0.5	427.1
pandit_like_009244	7	134	21	13	308.4	0.5	427.1
pandit_like_018281	7	134	21	13	308.4	0.5	427.1
pandit_like_018853	7	134	21	13	308.4	0.5	427.1
pandit_like_000954	8	114	28	15	308.4	0.7	426.6
pandit_like_002130	8	114	28	15	308.4	0.7	426.6
pandit_like_002807	8	114	28	15	308.4	0.7	426.6
pandit_like_006114	8	114	28	15	308.4	0.7	426.6
pandit_like_006364	8	114	28	15	308.4	0.7	426.6
pandit_like_009501	8	114	28	15	308.4	0.7	426.6
pandit_like_009805	8	114	28	15	308.4	0.7	426.6
pandit_like_013172	8	114	28	15	308.4	0.7	426.6
pandit_like_013469	8	114	28	15	308.4	0.7	426.6
pandit_like_019258	8	114	28	15	308.4	0.7	426.6
pandit_like_019895	8	114	28	15	308.4	0.7	426.6
pandit_like_008031	10	86	45	19	308.4	1.5	426.5
pandit_like_012774	10	86	45	19	308.4	1.5	426.5
pandit_like_017338	10	86	45	19	308.4	1.5	426.5
pandit_like_001697	4	245	6	7	308.4	0.1	426.4
pandit_like_005756	4	245	6	7	308.4	0.1	426.4
pandit_like_010559	4	245	6	7	308.4	0.1	426.4
pandit_like_012419	4	245	6	7	308.4	0.1	426.4
pandit_like_012788	4	245	6	7	308.4	0.1	426.4
pandit_like_013451	4	245	6	7	308.4	0.1	426.4
pandit_like_016014	4	245	6	7	308.4	0.1	426.4
pandit_like_018721	4	245	6	7	308.4	0.1	426.4
pandit_like_019422	4	245	6	7	308.4	0.1	426.4
pandit_like_000139	7	133	21	13	308.4	0.5	426.3
pandit_like_000490	7	133	21	13	308.4	0.5	426.3
pandit_like_000577	7	133	21	13	308.4	0.5	426.3
pandit_like_002394	7	133	21	13	308.4	0.5	426.3
pandit_like_006021	7	133	21	13	308.4	0.5	426.3
pandit_like_006072	7	133	21	13	308.4	0.5	426.3
pandit_like_007402	7	133	21	13	308.4	0.5	426.3
pandit_like_007627	7	133	21	13	308.4	0.5	426.3
pandit_like_010429	7	133	21	13	308.4	0.5	426.3
pandit_like_013984	7	133	21	13	308.4	0.5	426.3
pandit_like_017358	7	133	21	13	308.4	0.5	426.3
pandit_like_018787	7	133	21	13	308.4	0.5	426.3
pandit_like_019183	7	133	21	13	308.4	0.5	426.3
pandit_like_019763	7	133	21	13	308.4	0.5	426.3
pandit_like_019958	7	133	21	13	308.4	0.5	426.3
pandit_like_019961	7	133	21	13	308.4	0.5	426.3
pandit_like_003932	5	193	10	9	308.4	0.1	426.2
pandit_like_006070	5	193	10	9	308.4	0.1	426.2
pandit_like_006139	5	193	10	9	308.4	0.1	426.2
pandit_like_007079	5	193	10	9	308.4	0.1	426.2
pandit_like_008973	5	193	10	9	308.4	0.1	426.2
pandit_like_009306	5	193	10	9	308.4	0.1	426.2
pandit_like_017225	5	193	10	9	308.4	0.1	426.2
pandit_like_004973	6	158	15	11	308.4	0.3	426.1
pandit_like_007673	6	158	15	11	308.4	0.3	426.1
pandit_like_010431	6	158	15	11	308.4	0.3	426.1
pandit_like_018399	6	158	15	11	308.4	0.3	426.1
pandit_like_006016	12	66	66	23	308.4	2.8	426.0
pandit_like_006895	12	66	66	23	308.4	2.8	426.0
pandit_like_009016	12	66	66	23	308.4	2.8	426.0
pandit_like_012736	12	66	66	23	308.4	2.8	426.0
pandit_like_015520	12	66	66	23	308.4	2.8	426.0
pandit_like_018156	12	66	66	23	308.4	2.8	426.0
pandit_like_000254	5	192	10	9	308.4	0.1	425.6
pandit_like_001950	5	192	10	9	308.4	0.1	425.6
pandit_like_002166	5	192	10	9	308.4	0.1	425.6
pandit_like_007159	5	192	10	9	308.4	0.1	425.6
pandit_like_011483	5	192	10	9	308.4	0.1	425.6
pandit_like_013664	5	192	10	9	308.4	0.1	425.6
pandit_like_015409	5	192	10	9	308.4	0.1	425.6
pandit_like_006897	4	243	6	7	308.4	0.1	425.5
pandit_like_006916	4	243	6	7	308.4	0.1	425.5
pandit_like_009341	4	243	6	7	308.4	0.1	425.5
pandit_like_009502	4	243	6	7	308.4	0.1	425.5
pandit_like_010474	4	243	6	7	308.4	0.1	425.5
pandit_like_012007	4	243	6	7	308.4	0.1	425.5
pandit_like_013323	4	243	6	7	308.4	0.1	425.5
pandit_like_014676	4	243	6	7	308.4	0.1	425.5
pandit_like_016630	4	243	6	7	308.4	0.1	425.5
pandit_like_017081	4	243	6	7	308.4	0.1	425.5
pandit_like_019909	4	243	6	7	308.4	0.1	425.5
pandit_like_003404	6	157	15	11	308.4	0.3	425.4
pandit_like_008515	6	157	15	11	308.4	0.3	425.4
pandit_like_013935	6	157	15	11	308.4	0.3	425.4
pandit_like_018298	6	157	15	11	308.4	0.3	425.4
pandit_like_019023	6	157	15	11	308.4	0.3	425.4
pandit_like_019887	6	157	15	11	308.4	0.3	425.4
pandit_like_003773	7	132	21	13	308.4	0.5	425.4
pandit_like_004031	7	132	21	13	308.4	0.5	425.4
pandit_like_005761	7	132	21	13	308.4	0.5	425.4
pandit_like_007635	7	132	21	13	308.4	0.5	425.4
pandit_like_009737	7	132	21	13	308.4	0.5	425.4
pandit_like_011333	7	132	21	13	308.4	0.5	425.4
pandit_like_012471	7	132	21	13	308.4	0.5	425.4
pandit_like_012727	7	132	21	13	308.4	0.5	425.4
pandit_like_013092	7	132	21	13	308.4	0.5	425.4
pandit_like_013591	7	132	21	13	308.4	0.5	425.4
pandit_like_018380	7	132	21	13	308.4	0.5	425.4
pandit_like_018411	7	132	21	13	308.4	0.5	425.4
pandit_like_018548	7	132	21	13	308.4	0.5	425.4
pandit_like_001502	10	85	45	19	308.4	1.5	425.3
pandit_like_006105	10	85	45	19	308.4	1.5	425.3
pandit_like_001275	9	97	36	17	308.4	1.1	424.8
pandit_like_002861	9	97	36	17	308.4	1.1	424.8
pandit_like_009679	9	97	36	17	308.4	1.1	424.8
pandit_like_010363	9	97	36	17	308.4	1.1	424.8
pandit_like_011836	9	97	36	17	308.4	1.1	424.8
pandit_like_001276	7	131	21	13	308.4	0.5	424.6
pandit_like_001386	7	131	21	13	308.4	0.5	424.6
pandit_like_007628	7	131	21	13	308.4	0.5	424.6
pandit_like_008196	7	131	21	13	308.4	0.5	424.6
pandit_like_010814	7	131	21	13	308.4	0.5	424.6
pandit_like_010864	7	131	21	13	308.4	0.5	424.6
pandit_like_013301	7	131	21	13	308.4	0.5	424.6
pandit_like_014734	7	131	21	13	308.4	0.5	424.6
pandit_like_002179	8	112	28	15	308.4	0.7	424.6
pandit_like_003835	8	112	28	15	308.4	0.7	424.6
pandit_like_006218	8	112	28	15	308.4	0.7	424.6
pandit_like_006500	8	112	28	15	308.4	0.7	424.6
pandit_like_009165	8	112	28	15	308.4	0.7	424.6
pandit_like_013129	8	112	28	15	308.4	0.7	424.6
pandit_like_013505	8	112	28	15	308.4	0.7	424.6
pandit_like_015367	8	112	28	15	308.4	0.7	424.6
pandit_like_018637	8	112	28	15	308.4	0.7	424.6
pandit_like_000621	11	74	55	21	308.4	2.1	424.6
pandit_like_004350	11	74	55	21	308.4	2.1	424.6
pandit_like_011807	11	74	55	21	308.4	2.1	424.6
pandit_like_012805	11	74	55	21	308.4	2.1	424.6
pandit_like_012920	11	74	55	21	308.4	2.1	424.6
pandit_like_017931	11	74	55	21	308.4	2.1	424.6
pandit_like_001841	5	190	10	9	308.4	0.1	424.4
pandit_like_002679	5	190	10	9	308.4	0.1	424.4
pandit_like_005743	5	190	10	9	308.4	0.1	424.4
pandit_like_006487	5	190	10	9	308.4	0.1	424.4
pandit_like_010851	5	190	10	9	308.4	0.1	424.4
pandit_like_013152	5	190	10	9	308.4	0.1	424.4
pandit_like_014041	5	190	10	9	308.4	0.1	424.4
pandit_like_014586	5	190	10	9	308.4	0.1	424.4
pandit_like_014768	5	190	10	9	308.4	0.1	424.4
pandit_like_017709	5	190	10	9	308.4	0.1	424.4
pandit_like_018141	5	190	10	9	308.4	0.1	424.4
pandit_like_019279	5	190	10	9	308.4	0.1	424.4
pandit_like_002324	4	240	6	7	308.4	0.1	424.1
pandit_like_002984	4	240	6	7	308.4	0.1	424.1
pandit_like_008800	4	240	6	7	308.4	0.1	424.1
pandit_like_008879	4	240	6	7	308.4	0.1	424.1
pandit_like_012139	4	240	6	7	308.4	0.1	424.1
pandit_like_012524	4	240	6	7	308.4	0.1	424.1
pandit_like_014446	4	240	6	7	308.4	0.1	424.1
pandit_like_019395	4	240	6	7	308.4	0.1	424.1
pandit_like_012087	10	84	45	19	308.4	1.5	424.1
pandit_like_018653	10	84	45	19	308.4	1.5	424.1
pandit_like_018659	10	84	45	19	308.4	1.5	424.1
pandit_like_003769	7	130	21	13	308.4	0.5	423.7
pandit_like_005087	7	130	21	13	308.4	0.5	423.7
pandit_like_006543	7	130	21	13	308.4	0.5	423.7
pandit_like_006730	7	130	21	13	308.4	0.5	423.7
pandit_like_008583	7	130	21	13	308.4	0.5	423.7
pandit_like_011643	7	130	21	13	308.4	0.5	423.7
pandit_like_016663	7	130	21	13	308.4	0.5	423.7
pandit_like_017138	7	130	21	13	308.4	0.5	423.7
pandit_like_000432	8	111	28	15	308.4	0.7	423.7
pandit_like_000844	8	111	28	15	308.4	0.7	423.7
pandit_like_002447	8	111	28	15	308.4	0.7	423.7
pandit_like_004569	8	111	28	15	308.4	0.7	423.7
pandit_like_005178	8	111	28	15	308.4	0.7	423.7
pandit_like_007350	8	111	28	15	308.4	0.7	423.7
pandit_like_009100	8	111	28	15	308.4	0.7	423.7
pandit_like_016606	8	111	28	15	308.4	0.7	423.7
pandit_like_000496	4	239	6	7	308.4	0.1	423.6
pandit_like_009639	4	239	6	7	308.4	0.1	423.6
pandit_like_010562	4	239	6	7	308.4	0.1	423.6
pandit_like_012689	4	239	6	7	308.4	0.1	423.6
pandit_like_012968	4	239	6	7	308.4	0.1	423.6
pandit_like_017737	4	239	6	7	308.4	0.1	423.6
pandit_like_007227	6	154	15	11	308.4	0.3	423.2
pandit_like_007465	6	154	15	11	308.4	0.3	423.2
pandit_like_012113	6	154	15	11	308.4	0.3	423.2
pandit_like_013570	6	154	15	11	308.4	0.3	423.2
pandit_like_014740	6	154	15	11	308.4	0.3	423.2
pandit_like_000790	4	238	6	7	308.4	0.1	423.1
pandit_like_004489	4	238	6	7	308.4	0.1	423.1
pandit_like_008000	4	238	6	7	308.4	0.1	423.1
pandit_like_008289	4	238	6	7	308.4	0.1	423.1
pandit_like_008355	4	238	6	7	308.4	0.1	423.1
pandit_like_009127	4	238	6	7	308.4	0.1	423.1
pandit_like_012903	4	238	6	7	308.4	0.1	423.1
pandit_like_017826	4	238	6	7	308.4	0.1	423.1
pandit_like_019684	4	238	6	7	308.4	0.1	423.1
pandit_like_002619	12	64	66	23	308.4	2.8	423.1
pandit_like_003625	12	64	66	23	308.4	2.8	423.1
pandit_like_002216	7	129	21	13	308.4	0.5	422.9
pandit_like_006413	7	129	21	13	308.4	0.5	422.9
pandit_like_011245	7	129	21	13	308.4	0.5	422.9
pandit_like_018735	7	129	21	13	308.4	0.5	422.9
pandit_like_010274	15	43	105	29	308.4	5.7	422.8
pandit_like_015652	15	43	105	29	308.4	5.7	422.8
pandit_like_018424	15	43	105	29	308.4	5.7	422.8
pandit_like_000072	8	110	28	15	308.4	0.7	422.7
pandit_like_000643	8	110	28	15	308.4	0.7	422.7
pandit_like_004950	8	110	28	15	308.4	0.7	422.7
pandit_like_005262	8	110	28	15	308.4	0.7	422.7
pandit_like_006877	8	110	28	15	308.4	0.7	422.7
pandit_like_011447	8	110	28	15	308.4	0.7	422.7
pandit_like_013231	8	110	28	15	308.4	0.7	422.7
pandit_like_000750	13	56	78	25	308.4	3.6	422.7
pandit_like_004657	13	56	78	25	308.4	3.6	422.7
pandit_like_008136	13	56	78	25	308.4	3.6	422.7
pandit_like_011293	13	56	78	25	308.4	3.6	422.7
pandit_like_012037	13	56	78	25	308.4	3.6	422.7
pandit_like_014356	13	56	78	25	308.4	3.6	422.7
pandit_like_015588	13	56	78	25	308.4	3.6	422.7
pandit_like_018597	13	56	78	25	308.4	3.6	422.7
pandit_like_019610	13	56	78	25	308.4	3.6	422.7
pandit_like_000718	4	237	6	7	308.4	0.1	422.6
pandit_like_003870	4	237	6	7	308.4	0.1	422.6
pandit_like_015177	4	237	6	7	308.4	0.1	422.6
pandit_like_018678	4	237	6	7	308.4	0.1	422.6
pandit_like_002167	5	187	10	9	308.4	0.1	422.6
pandit_like_006440	5	187	10	9	308.4	0.1	422.6
pandit_like_007386	5	187	10	9	308.4	0.1	422.6
pandit_like_013566	5	187	10	9	308.4	0.1	422.6
pandit_like_013782	5	187	10	9	308.4	0.1	422.6
pandit_like_014568	5	187	10	9	308.4	0.1	422.6
pandit_like_017970	5	187	10	9	308.4	0.1	422.6
pandit_like_000355	6	153	15	11	308.4	0.3	422.5
pandit_like_003982	6	153	15	11	308.4	0.3	422.5
pandit_like_003115	4	236	6	7	308.4	0.1	422.2
pandit_like_002516	11	72	55	21	308.4	2.1	422.0
pandit_like_002558	11	72	55	21	308.4	2.1	422.0
pandit_like_002808	11	72	55	21	308.4	2.1	422.0
pandit_like_004134	11	72	55	21	308.4	2.1	422.0
pandit_like_010304	11	72	55	21	308.4	2.1	422.0
pandit_like_010772	11	72	55	21	308.4	2.1	422.0
pandit_like_014894	11	72	55	21	308.4	2.1	422.0
pandit_like_000920	4	235	6	7	308.4	0.1	421.7
pandit_like_001693	4	235	6	7	308.4	0.1	421.7
pandit_like_001917	4	235	6	7	308.4	0.1	421.7
pandit_like_002644	4	235	6	7	308.4	0.1	421.7
pandit_like_004440	4	235	6	7	308.4	0.1	421.7
pandit_like_005004	4	235	6	7	308.4	0.1	421.7
pandit_like_005889	4	235	6	7	308.4	0.1	421.7
pandit_like_006182	4	235	6	7	308.4	0.1	421.7
pandit_like_000482	10	82	45	19	308.4	1.5	421.7
pandit_like_008413	10	82	45	19	308.4	1.5	421.7
pandit_like_009846	10	82	45	19	308.4	1.5	421.7
pandit_like_019191	10	82	45	19	308.4	1.5	421.7
pandit_like_011425	12	63	66	23	308.4	2.8	421.7
pandit_like_012516	12	63	66	23	308.4	2.8	421.7
pandit_like_016157	12	63	66	23	308.4	2.8	421.7
pandit_like_003216	5	185	10	9	308.4	0.1	421.4
pandit_like_005227	5	185	10	9	308.4	0.1	421.4
pandit_like_007095	5	185	10	9	308.4	0.1	421.4
pandit_like_007911	5	185	10	9	308.4	0.1	421.4
pandit_like_007975	5	185	10	9	308.4	0.1	421.4
pandit_like_008018	5	185	10	9	308.4	0.1	421.4
pandit_like_009065	5	185	10	9	308.4	0.1	421.4
pandit_like_012242	5	185	10	9	308.4	0.1	421.4
pandit_like_012688	5	185	10	9	308.4	0.1	421.4
pandit_like_014089	5	185	10	9	308.4	0.1	421.4
pandit_like_014640	5	185	10	9	308.4	0.1	421.4
pandit_like_014996	5	185	10	9	308.4	0.1	421.4
pandit_like_015625	5	185	10	9	308.4	0.1	421.4
pandit_like_016056	5	185	10	9	308.4	0.1	421.4
pandit_like_016793	5	185	10	9	308.4	0.1	421.4
pandit_like_017332	5	185	10	9	308.4	0.1	421.4
pandit_like_018039	5	185	10	9	308.4	0.1	421.4
pandit_like_002241	4	234	6	7	308.4	0.1	421.2
pandit_like_005840	4	234	6	7	308.4	0.1	421.2
pandit_like_006246	4	234	6	7	308.4	0.1	421.2
pandit_like_006391	4	234	6	7	308.4	0.1	421.2
pandit_like_012058	4	234	6	7	308.4	0.1	421.2
pandit_like_013378	4	234	6	7	308.4	0.1	421.2
pandit_like_014436	4	234	6	7	308.4	0.1	421.2
pandit_like_015250	4	234	6	7	308.4	0.1	421.2
pandit_like_017160	4	234	6	7	308.4	0.1	421.2
pandit_like_018618	4	234	6	7	308.4	0.1	421.2
pandit_like_000317	7	127	21	13	308.4	0.5	421.2
pandit_like_000564	7	127	21	13	308.4	0.5	421.2
pandit_like_001242	7	127	21	13	308.4	0.5	421.2
pandit_like_001354	7	127	21	13	308.4	0.5	421.2
pandit_like_002280	7	127	21	13	308.4	0.5	421.2
pandit_like_004319	7	127	21	13	308.4	0.5	421.2
pandit_like_005862	7	127	21	13	308.4	0.5	421.2
pandit_like_009002	7	127	21	13	308.4	0.5	421.2
pandit_like_010555	7	127	21	13	308.4	0.5	421.2
pandit_like_010806	7	127	21	13	308.4	0.5	421.2
pandit_like_012065	7	127	21	13	308.4	0.5	421.2
pandit_like_012718	7	127	21	13	308.4	0.5	421.2
pandit_like_014099	7	127	21	13	308.4	0.5	421.2
pandit_like_014252	7	127	21	13	308.4	0.5	421.2
pandit_like_015052	7	127	21	13	308.4	0.5	421.2
pandit_like_015715	7	127	21	13	308.4	0.5	421.2
pandit_like_016665	7	127	21	13	308.4	0.5	421.2
pandit_like_019175	7	127	21	13	308.4	0.5	421.2
pandit_like_000756	6	151	15	11	308.4	0.3	421.1
pandit_like_003431	6	151	15	11	308.4	0.3	421.1
pandit_like_005386	6	151	15	11	308.4	0.3	421.1
pandit_like_011247	6	151	15	11	308.4	0.3	421.1
pandit_like_012095	6	151	15	11	308.4	0.3	421.1
pandit_like_012401	6	151	15	11	308.4	0.3	421.1
pandit_like_000526	5	184	10	9	308.4	0.1	420.9
pandit_like_002618	5	184	10	9	308.4	0.1	420.9
pandit_like_004059	5	184	10	9	308.4	0.1	420.9
pandit_like_005107	5	184	10	9	308.4	0.1	420.9
pandit_like_006447	5	184	10	9	308.4	0.1	420.9
pandit_like_007997	5	184	10	9	308.4	0.1	420.9
pandit_like_009672	5	184	10	9	308.4	0.1	420.9
pandit_like_011639	5	184	10	9	308.4	0.1	420.9
pandit_like_012910	5	184	10	9	308.4	0.1	420.9
pandit_like_013967	5	184	10	9	308.4	0.1	420.9
pandit_like_003470	15	42	105	29	308.4	5.7	420.9
pandit_like_007540	15	42	105	29	308.4	5.7	420.9
pandit_like_007792	15	42	105	29	308.4	5.7	420.9
pandit_like_009289	15	42	105	29	308.4	5.7	420.9
pandit_like_009383	15	42	105	29	308.4	5.7	420.9
pandit_like_010973	15	42	105	29	308.4	5.7	420.9
pandit_like_011567	15	42	105	29	308.4	5.7	420.9
pandit_like_012737	15	42	105	29	308.4	5.7	420.9
pandit_like_015650	15	42	105	29	308.4	5.7	420.9
pandit_like_001836	8	108	28	15	308.4	0.7	420.8
pandit_like_004360	8	108	28	15	308.4	0.7	420.8
pandit_like_006759	8	108	28	15	308.4	0.7	420.8
pandit_like_008564	8	108	28	15	308.4	0.7	420.8
pandit_like_012054	8	108	28	15	308.4	0.7	420.8
pandit_like_014090	8	108	28	15	308.4	0.7	420.8
pandit_like_016034	8	108	28	15	308.4	0.7	420.8
pandit_like_017224	8	108	28	15	308.4	0.7	420.8
pandit_like_018959	8	108	28	15	308.4	0.7	420.8
pandit_like_019726	8	108	28	15	308.4	0.7	420.8
pandit_like_005297	11	71	55	21	308.4	2.1	420.6
pandit_like_008221	11	71	55	21	308.4	2.1	420.6
pandit_like_010331	11	71	55	21	308.4	2.1	420.6
pandit_like_010694	11	71	55	21	308.4	2.1	420.6
pandit_like_010741	11	71	55	21	308.4	2.1	420.6
pandit_like_000738	9	93	36	17	308.4	1.1	420.5
pandit_like_001655	9	93	36	17	308.4	1.1	420.5
pandit_like_003628	9	93	36	17	308.4	1.1	420.5
pandit_like_006088	9	93	36	17	308.4	1.1	420.5
pandit_like_008404	9	93	36	17	308.4	1.1	420.5
pandit_like_012890	9	93	36	17	308.4	1.1	420.5
pandit_like_016921	9	93	36	17	308.4	1.1	420.5
pandit_like_019012	9	93	36	17	308.4	1.1	420.5
pandit_like_001764	7	126	21	13	308.4	0.5	420.4
pandit_like_001922	7	126	21	13	308.4	0.5	420.4
pandit_like_003726	7	126	21	13	308.4	0.5	420.4
pandit_like_004593	7	126	21	13	308.4	0.5	420.4
pandit_like_005966	7	126	21	13	308.4	0.5	420.4
pandit_like_006371	7	126	21	13	308.4	0.5	420.4
pandit_like_007557	7	126	21	13	308.4	0.5	420.4
pandit_like_008110	7	126	21	13	308.4	0.5	420.4
pandit_like_008746	7	126	21	13	308.4	0.5	420.4
pandit_like_009570	7	126	21	13	308.4	0.5	420.4
pandit_like_009620	7	126	21	13	308.4	0.5	420.4
pandit_like_009721	7	126	21	13	308.4	0.5	420.4
pandit_like_012238	7	126	21	13	308.4	0.5	420.4
pandit_like_012292	7	126	21	13	308.4	0.5	420.4
pandit_like_015013	7	126	21	13	308.4	0.5	420.4
pandit_like_015065	7	126	21	13	308.4	0.5	420.4
pandit_like_016330	7	126	21	13	308.4	0.5	420.4
pandit_like_017556	7	126	21	13	308.4	0.5	420.4
pandit_like_017705	7	126	21	13	308.4	0.5	420.4
pandit_like_018262	7	126	21	13	308.4	0.5	420.4
pandit_like_018671	7	126	21	13	308.4	0.5	420.4
pandit_like_001062	4	232	6	7	308.4	0.1	420.3
pandit_like_001211	4	232	6	7	308.4	0.1	420.3
pandit_like_006713	4	232	6	7	308.4	0.1	420.3
pandit_like_007451	4	232	6	7	308.4	0.1	420.3
pandit_like_009600	4	232	6	7	308.4	0.1	420.3
pandit_like_012119	4	232	6	7	308.4	0.1	420.3
pandit_like_012733	4	232	6	7	308.4	0.1	420.3
pandit_like_016843	4	232	6	7	308.4	0.1	420.3
pandit_like_000403	5	183	10	9	308.4	0.1	420.3
pandit_like_001688	5	183	10	9	308.4	0.1	420.3
pandit_like_002230	5	183	10	9	308.4	0.1	420.3
pandit_like_005484	5	183	10	9	308.4	0.1	420.3
pandit_like_012695	5	183	10	9	308.4	0.1	420.3
pandit_like_013913	5	183	10	9	308.4	0.1	420.3
pandit_like_017821	5	183	10	9	308.4	0.1	420.3
pandit_like_019357	5	183	10	9	308.4	0.1	420.3
pandit_like_019633	5	183	10	9	308.4	0.1	420.3
pandit_like_000934	12	62	66	23	308.4	2.8	420.2
pandit_like_003194	12	62	66	23	308.4	2.8	420.2
pandit_like_003866	12	62	66	23	308.4	2.8	420.2
pandit_like_003929	12	62	66	23	308.4	2.8	420.2
pandit_like_006948	12	62	66	23	308.4	2.8	420.2
pandit_like_007683	12	62	66	23	308.4	2.8	420.2
pandit_like_008287	12	62	66	23	308.4	2.8	420.2
pandit_like_013460	12	62	66	23	308.4	2.8	420.2
pandit_like_013771	12	62	66	23	308.4	2.8	420.2
pandit_like_014359	12	62	66	23	308.4	2.8	420.2
pandit_like_018896	12	62	66	23	308.4	2.8	420.2
pandit_like_000879	4	231	6	7	308.4	0.1	419.8
pandit_like_000912	4	231	6	7	308.4	0.1	419.8
pandit_like_001902	4	231	6	7	308.4	0.1	419.8
pandit_like_002304	4	231	6	7	308.4	0.1	419.8
pandit_like_004667	4	231	6	7	308.4	0.1	419.8
pandit_like_005026	4	231	6	7	308.4	0.1	419.8
pandit_like_007220	4	231	6	7	308.4	0.1	419.8
pandit_like_010885	4	231	6	7	308.4	0.1	419.8
pandit_like_012591	4	231	6	7	308.4	0.1	419.8
pandit_like_013459	4	231	6	7	308.4	0.1	419.8
pandit_like_013965	4	231	6	7	308.4	0.1	419.8
pandit_like_014067	4	231	6	7	308.4	0.1	419.8
pandit_like_014261	4	231	6	7	308.4	0.1	419.8
pandit_like_014290	4	231	6	7	308.4	0.1	419.8
pandit_like_014494	4	231	6	7	308.4	0.1	419.8
pandit_like_016840	4	231	6	7	308.4	0.1	419.8
pandit_like_018340	4	231	6	7	308.4	0.1	419.8
pandit_like_019021	4	231	6	7	308.4	0.1	419.8
pandit_like_000757	5	182	10	9	308.4	0.1	419.7
pandit_like_000767	5	182	10	9	308.4	0.1	419.7
pandit_like_001338	5	182	10	9	308.4	0.1	419.7
pandit_like_004526	5	182	10	9	308.4	0.1	419.7
pandit_like_005241	5	182	10	9	308.4	0.1	419.7
pandit_like_005323	5	182	10	9	308.4	0.1	419.7
pandit_like_007332	5	182	10	9	308.4	0.1	419.7
pandit_like_009151	5	182	10	9	308.4	0.1	419.7
pandit_like_009549	5	182	10	9	308.4	0.1	419.7
pandit_like_009699	5	182	10	9	308.4	0.1	419.7
pandit_like_011069	5	182	10	9	308.4	0.1	419.7
pandit_like_011468	5	182	10	9	308.4	0.1	419.7
pandit_like_012370	5	182	10	9	308.4	0.1	419.7
pandit_like_012640	5	182	10	9	308.4	0.1	419.7
pandit_like_013903	5	182	10	9	308.4	0.1	419.7
pandit_like_015015	5	182	10	9	308.4	0.1	419.7
pandit_like_016202	5	182	10	9	308.4	0.1	419.7
pandit_like_016496	5	182	10	9	308.4	0.1	419.7
pandit_like_016863	5	182	10	9	308.4	0.1	419.7
pandit_like_016983	5	182	10	9	308.4	0.1	419.7
pandit_like_017795	5	182	10	9	308.4	0.1	419.7
pandit_like_018560	5	182	10	9	308.4	0.1	419.7
pandit_like_018839	5	182	10	9	308.4	0.1	419.7
pandit_like_019446	5	182	10	9	308.4	0.1	419.7
pandit_like_019674	5	182	10	9	308.4	0.1	419.7
pandit_like_005615	13	54	78	25	308.4	3.6	419.6
pandit_like_007490	13	54	78	25	308.4	3.6	419.6
pandit_like_007935	13	54	78	25	308.4	3.6	419.6
pandit_like_013112	13	54	78	25	308.4	3.6	419.6
pandit_like_015743	13	54	78	25	308.4	3.6	419.6
pandit_like_001794	9	92	36	17	308.4	1.1	419.4
pandit_like_002266	9	92	36	17	308.4	1.1	419.4
pandit_like_002690	9	92	36	17	308.4	1.1	419.4
pandit_like_005182	9	92	36	17	308.4	1.1	419.4
pandit_like_007304	9	92	36	17	308.4	1.1	419.4
pandit_like_008904	9	92	36	17	308.4	1.1	419.4
pandit_like_019794	9	92	36	17	308.4	1.1	419.4
pandit_like_019801	9	92	36	17	308.4	1.1	419.4
pandit_like_002233	4	230	6	7	308.4	0.1	419.3
pandit_like_005729	4	230	6	7	308.4	0.1	419.3
pandit_like_006405	4	230	6	7	308.4	0.1	419.3
pandit_like_006575	4	230	6	7	308.4	0.1	419.3
pandit_like_009231	4	230	6	7	308.4	0.1	419.3
pandit_like_009980	4	230	6	7	308.4	0.1	419.3
pandit_like_012745	4	230	6	7	308.4	0.1	419.3
pandit_like_015070	4	230	6	7	308.4	0.1	419.3
pandit_like_015548	4	230	6	7	308.4	0.1	419.3
pandit_like_015647	4	230	6	7	308.4	0.1	419.3
pandit_like_016698	4	230	6	7	308.4	0.1	419.3
pandit_like_017754	4	230	6	7	308.4	0.1	419.3
pandit_like_019433	4	230	6	7	308.4	0.1	419.3
pandit_like_000668	10	80	45	19	308.4	1.5	419.3
pandit_like_002822	10	80	45	19	308.4	1.5	419.3
pandit_like_005143	10	80	45	19	308.4	1.5	419.3
pandit_like_007702	10	80	45	19	308.4	1.5	419.3
pandit_like_011633	10	80	45	19	308.4	1.5	419.3
pandit_like_002865	11	70	55	21	308.4	2.1	419.3
pandit_like_005543	11	70	55	21	308.4	2.1	419.3
pandit_like_007505	11	70	55	21	308.4	2.1	419.3
pandit_like_012203	11	70	55	21	308.4	2.1	419.3
pandit_like_001362	6	148	15	11	308.4	0.3	418.9
pandit_like_002222	6	148	15	11	308.4	0.3	418.9
pandit_like_004534	6	148	15	11	308.4	0.3	418.9
pandit_like_005553	6	148	15	11	308.4	0.3	418.9
pandit_like_005859	6	148	15	11	308.4	0.3	418.9
pandit_like_006630	6	148	15	11	308.4	0.3	418.9
pandit_like_012121	6	148	15	11	308.4	0.3	418.9
pandit_like_013382	6	148	15	11	308.4	0.3	418.9
pandit_like_015025	6	148	15	11	308.4	0.3	418.9
pandit_like_019014	6	148	15	11	308.4	0.3	418.9
pandit_like_000227	8	106	28	15	308.4	0.7	418.9
pandit_like_001467	8	106	28	15	308.4	0.7	418.9
pandit_like_002393	8	106	28	15	308.4	0.7	418.9
pandit_like_003829	8	106	28	15	308.4	0.7	418.9
pandit_like_004462	8	106	28	15	308.4	0.7	418.9
pandit_like_014004	8	106	28	15	308.4	0.7	418.9
pandit_like_015497	8	106	28	15	308.4	0.7	418.9
pandit_like_015564	8	106	28	15	308.4	0.7	418.9
pandit_like_019054	8	106	28	15	308.4	0.7	418.9
pandit_like_003604	4	229	6	7	308.4	0.1	418.8
pandit_like_006439	4	229	6	7	308.4	0.1	418.8
pandit_like_006939	4	229	6	7	308.4	0.1	418.8
pandit_like_008471	4	229	6	7	308.4	0.1	418.8
pandit_like_010016	4	229	6	7	308.4	0.1	418.8
pandit_like_014371	4	229	6	7	308.4	0.1	418.8
pandit_like_015320	4	229	6	7	308.4	0.1	418.8
pandit_like_015759	4	229	6	7	308.4	0.1	418.8
pandit_like_017001	4	229	6	7	308.4	0.1	418.8
pandit_like_019472	4	229	6	7	308.4	0.1	418.8
pandit_like_012773	12	61	66	23	308.4	2.8	418.8
pandit_like_013107	12	61	66	23	308.4	2.8	418.8
pandit_like_019295	12	61	66	23	308.4	2.8	418.8
pandit_like_019906	12	61	66	23	308.4	2.8	418.8
pandit_like_001959	7	124	21	13	308.4	0.5	418.7
pandit_like_002411	7	124	21	13	308.4	0.5	418.7
pandit_like_008275	7	124	21	13	308.4	0.5	418.7
pandit_like_010463	7	124	21	13	308.4	0.5	418.7
pandit_like_014337	7	124	21	13	308.4	0.5	418.7
pandit_like_000321	5	180	10	9	308.4	0.1	418.5
pandit_like_011009	5	180	10	9	308.4	0.1	418.5
pandit_like_011832	5	180	10	9	308.4	0.1	418.5
pandit_like_016962	5	180	10	9	308.4	0.1	418.5
pandit_like_018254	5	180	10	9	308.4	0.1	418.5
pandit_like_001629	4	228	6	7	308.4	0.1	418.4
pandit_like_004718	4	228	6	7	308.4	0.1	418.4
pandit_like_011755	4	228	6	7	308.4	0.1	418.4
pandit_like_012438	4	228	6	7	308.4	0.1	418.4
pandit_like_014865	4	228	6	7	308.4	0.1	418.4
pandit_like_016276	4	228	6	7	308.4	0.1	418.4
pandit_like_000660	9	91	36	17	308.4	1.1	418.3
pandit_like_006113	9	91	36	17	308.4	1.1	418.3
pandit_like_009811	9	91	36	17	308.4	1.1	418.3
pandit_like_016682	9	91	36	17	308.4	1.1	418.3
pandit_like_017561	9	91	36	17	308.4	1.1	418.3
pandit_like_018105	9	91	36	17	308.4	1.1	418.3
pandit_like_018295	9	91	36	17	308.4	1.1	418.3
pandit_like_019852	9	91	36	17	308.4	1.1	418.3
pandit_like_004297	6	147	15	11	308.4	0.3	418.2
pandit_like_007694	6	147	15	11	308.4	0.3	418.2
pandit_like_012860	6	147	15	11	308.4	0.3	418.2
pandit_like_018059	6	147	15	11	308.4	0.3	418.2
pandit_like_019180	6	147	15	11	308.4	0.3	418.2
pandit_like_002787	11	69	55	21	308.4	2.1	418.0
pandit_like_013843	11	69	55	21	308.4	2.1	418.0
pandit_like_014874	11	69	55	21	308.4	2.1	418.0
pandit_like_006202	13	53	78	25	308.4	3.6	418.0
pandit_like_010129	13	53	78	25	308.4	3.6	418.0
pandit_like_000466	4	227	6	7	308.4	0.1	417.9
pandit_like_001388	4	227	6	7	308.4	0.1	417.9
pandit_like_004257	4	227	6	7	308.4	0.1	417.9
pandit_like_005848	4	227	6	7	308.4	0.1	417.9
pandit_like_014741	4	227	6	7	308.4	0.1	417.9
pandit_like_004761	7	123	21	13	308.4	0.5	417.9
pandit_like_013242	7	123	21	13	308.4	0.5	417.9
pandit_like_008350	8	105	28	15	308.4	0.7	417.9
pandit_like_015867	8	105	28	15	308.4	0.7	417.9
pandit_like_019376	8	105	28	15	308.4	0.7	417.9
pandit_like_001086	6	146	15	11	308.4	0.3	417.5
pandit_like_002139	6	146	15	11	308.4	0.3	417.5
pandit_like_002431	6	146	15	11	308.4	0.3	417.5
pandit_like_005283	6	146	15	11	308.4	0.3	417.5
pandit_like_005637	6	146	15	11	308.4	0.3	417.5
pandit_like_006145	6	146	15	11	308.4	0.3	417.5
pandit_like_006567	6	146	15	11	308.4	0.3	417.5
pandit_like_007643	6	146	15	11	308.4	0.3	417.5
pandit_like_008535	6	146	15	11	308.4	0.3	417.5
pandit_like_009208	6	146	15	11	308.4	0.3	417.5
pandit_like_010314	6	146	15	11	308.4	0.3	417.5
pandit_like_010360	6	146	15	11	308.4	0.3	417.5
pandit_like_011118	6	146	15	11	308.4	0.3	417.5
pandit_like_011145	6	146	15	11	308.4	0.3	417.5
pandit_like_014196	6	146	15	11	308.4	0.3	417.5
pandit_like_015181	6	146	15	11	308.4	0.3	417.5
pandit_like_016197	6	146	15	11	308.4	0.3	417.5
pandit_like_017728	6	146	15	11	308.4	0.3	417.5
pandit_like_017918	6	146	15	11	308.4	0.3	417.5
pandit_like_017949	6	146	15	11	308.4	0.3	417.5
pandit_like_018805	6	146	15	11	308.4	0.3	417.5
pandit_like_019236	6	146	15	11	308.4	0.3	417.5
pandit_like_019811	6	146	15	11	308.4	0.3	417.5
pandit_like_004052	5	178	10	9	308.4	0.1	417.3
pandit_like_017542	5	178	10	9	308.4	0.1	417.3
pandit_like_006618	9	90	36	17	308.4	1.1	417.2
pandit_like_010430	9	90	36	17	308.4	1.1	417.2
pandit_like_017885	9	90	36	17	308.4	1.1	417.2
pandit_like_018903	9	90	36	17	308.4	1.1	417.2
pandit_like_000376	4	225	6	7	308.4	0.1	416.9
pandit_like_002327	4	225	6	7	308.4	0.1	416.9
pandit_like_012729	4	225	6	7	308.4	0.1	416.9
pandit_like_003662	8	104	28	15	308.4	0.7	416.9
pandit_like_008764	8	104	28	15	308.4	0.7	416.9
pandit_like_001757	10	78	45	19	308.4	1.5	416.9
pandit_like_002960	10	78	45	19	308.4	1.5	416.9
pandit_like_004220	10	78	45	19	308.4	1.5	416.9
pandit_like_004393	10	78	45	19	308.4	1.5	416.9
pandit_like_005737	10	78	45	19	308.4	1.5	416.9
pandit_like_006424	10	78	45	19	308.4	1.5	416.9
pandit_like_009134	10	78	45	19	308.4	1.5	416.9
pandit_like_009941	10	78	45	19	308.4	1.5	416.9
pandit_like_011431	10	78	45	19	308.4	1.5	416.9
pandit_like_013019	10	78	45	19	308.4	1.5	416.9
pandit_like_013653	10	78	45	19	308.4	1.5	416.9
pandit_like_016774	10	78	45	19	308.4	1.5	416.9
pandit_like_017062	10	78	45	19	308.4	1.5	416.9
pandit_like_019859	10	78	45	19	308.4	1.5	416.9
pandit_like_002524	6	145	15	11	308.4	0.3	416.8
pandit_like_005340	6	145	15	11	308.4	0.3	416.8
pandit_like_005631	6	145	15	11	308.4	0.3	416.8
pandit_like_006261	6	145	15	11	308.4	0.3	416.8
pandit_like_007146	6	145	15	11	308.4	0.3	416.8
pandit_like_010051	6	145	15	11	308.4	0.3	416.8
pandit_like_010242	6	145	15	11	308.4	0.3	416.8
pandit_like_011749	6	145	15	11	308.4	0.3	416.8
pandit_like_013009	6	145	15	11	308.4	0.3	416.8
pandit_like_016507	6	145	15	11	308.4	0.3	416.8
pandit_like_018801	6	145	15	11	308.4	0.3	416.8
pandit_like_019188	6	145	15	11	308.4	0.3	416.8
pandit_like_002340	11	68	55	21	308.4	2.1	416.6
pandit_like_002357	11	68	55	21	308.4	2.1	416.6
pandit_like_002503	11	68	55	21	308.4	2.1	416.6
pandit_like_003535	11	68	55	21	308.4	2.1	416.6
pandit_like_006050	11	68	55	21	308.4	2.1	416.6
pandit_like_006276	11	68	55	21	308.4	2.1	416.6
pandit_like_008049	11	68	55	21	308.4	2.1	416.6
pandit_like_008797	11	68	55	21	308.4	2.1	416.6
pandit_like_009632	11	68	55	21	308.4	2.1	416.6
pandit_like_010147	11	68	55	21	308.4	2.1	416.6
pandit_like_010251	11	68	55	21	308.4	2.1	416.6
pandit_like_010690	11	68	55	21	308.4	2.1	416.6
pandit_like_011871	11	68	55	21	308.4	2.1	416.6
pandit_like_012450	11	68	55	21	308.4	2.1	416.6
pandit_like_013179	11	68	55	21	308.4	2.1	416.6
pandit_like_013754	11	68	55	21	308.4	2.1	416.6
pandit_like_014931	11	68	55	21	308.4	2.1	416.6
pandit_like_016098	11	68	55	21	308.4	2.1	416.6
pandit_like_016652	11	68	55	21	308.4	2.1	416.6
pandit_like_017159	11	68	55	21	308.4	2.1	416.6
pandit_like_018425	11	68	55	21	308.4	2.1	416.6
pandit_like_019428	11	68	55	21	308.4	2.1	416.6
pandit_like_019774	11	68	55	21	308.4	2.1	416.6
pandit_like_000147	4	224	6	7	308.4	0.1	416.5
pandit_like_001744	4	224	6	7	308.4	0.1	416.5
pandit_like_007522	4	224	6	7	308.4	0.1	416.5
pandit_like_019344	4	224	6	7	308.4	0.1	416.5
pandit_like_003325	13	52	78	25	308.4	3.6	416.4
pandit_like_007213	13	52	78	25	308.4	3.6	416.4
pandit_like_010829	13	52	78	25	308.4	3.6	416.4
pandit_like_000251	7	121	21	13	308.4	0.5	416.2
pandit_like_002059	7	121	21	13	308.4	0.5	416.2
pandit_like_003002	7	121	21	13	308.4	0.5	416.2
pandit_like_004702	7	121	21	13	308.4	0.5	416.2
pandit_like_004891	7	121	21	13	308.4	0.5	416.2
pandit_like_007250	7	121	21	13	308.4	0.5	416.2
pandit_like_012380	7	121	21	13	308.4	0.5	416.2
pandit_like_013279	7	121	21	13	308.4	0.5	416.2
pandit_like_013847	7	121	21	13	308.4	0.5	416.2
pandit_like_014623	7	121	21	13	308.4	0.5	416.2
pandit_like_016534	7	121	21	13	308.4	0.5	416.2
pandit_like_018188	7	121	21	13	308.4	0.5	416.2
pandit_like_002385	5	176	10	9	308.4	0.1	416.1
pandit_like_002862	5	176	10	9	308.4	0.1	416.1
pandit_like_004392	5	176	10	9	308.4	0.1	416.1
pandit_like_004596	5	176	10	9	308.4	0.1	416.1
pandit_like_004652	5	176	10	9	308.4	0.1	416.1
pandit_like_006982	5	176	10	9	308.4	0.1	416.1
pandit_like_008332	5	176	10	9	308.4	0.1	416.1
pandit_like_008541	5	176	10	9	308.4	0.1	416.1
pandit_like_010748	5	176	10	9	308.4	0.1	416.1
pandit_like_012386	5	176	10	9	308.4	0.1	416.1
pandit_like_015512	5	176	10	9	308.4	0.1	416.1
pandit_like_015753	5	176	10	9	308.4	0.1	416.1
pandit_like_016043	5	176	10	9	308.4	0.1	416.1
pandit_like_018047	5	176	10	9	308.4	0.1	416.1
pandit_like_019638	5	176	10	9	308.4	0.1	416.1
pandit_like_008103	16	34	120	31	308.4	7.0	416.1
pandit_like_015691	16	34	120	31	308.4	7.0	416.1
pandit_like_015750	16	34	120	31	308.4	7.0	416.1
pandit_like_017632	16	34	120	31	308.4	7.0	416.1
pandit_like_010022	12	59	66	23	308.4	2.8	415.8
pandit_like_012110	12	59	66	23	308.4	2.8	415.8
pandit_like_001727	14	45	91	27	308.4	4.6	415.6
pandit_like_003614	14	45	91	27	308.4	4.6	415.6
pandit_like_003845	14	45	91	27	308.4	4.6	415.6
pandit_like_006640	14	45	91	27	308.4	4.6	415.6
pandit_like_011568	14	45	91	27	308.4	4.6	415.6
pandit_like_017538	14	45	91	27	308.4	4.6	415.6
pandit_like_006214	4	222	6	7	308.4	0.1	415.5
pandit_like_009815	4	222	6	7	308.4	0.1	415.5
pandit_like_011252	4	222	6	7	308.4	0.1	415.5
pandit_like_011452	4	222	6	7	308.4	0.1	415.5
pandit_like_001363	5	175	10	9	308.4	0.1	415.5
pandit_like_010079	5	175	10	9	308.4	0.1	415.5
pandit_like_017103	5	175	10	9	308.4	0.1	415.5
pandit_like_001640	7	120	21	13	308.4	0.5	415.4
pandit_like_001855	7	120	21	13	308.4	0.5	415.4
pandit_like_007888	7	120	21	13	308.4	0.5	415.4
pandit_like_014960	7	120	21	13	308.4	0.5	415.4
pandit_like_002247	6	143	15	11	308.4	0.3	415.3
pandit_like_002562	6	143	15	11	308.4	0.3	415.3
pandit_like_009154	6	143	15	11	308.4	0.3	415.3
pandit_like_010601	6	143	15	11	308.4	0.3	415.3
pandit_like_011470	6	143	15	11	308.4	0.3	415.3
pandit_like_014600	6	143	15	11	308.4	0.3	415.3
pandit_like_015677	6	143	15	11	308.4	0.3	415.3
pandit_like_018177	6	143	15	11	308.4	0.3	415.3
pandit_like_018218	6	143	15	11	308.4	0.3	415.3
pandit_like_004912	11	67	55	21	308.4	2.1	415.3
pandit_like_010183	11	67	55	21	308.4	2.1	415.3
pandit_like_012843	11	67	55	21	308.4	2.1	415.3
pandit_like_016184	11	67	55	21	308.4	2.1	415.3
pandit_like_016191	11	67	55	21	308.4	2.1	415.3
pandit_like_019447	11	67	55	21	308.4	2.1	415.3
pandit_like_000746	4	221	6	7	308.4	0.1	415.0
pandit_like_003561	4	221	6	7	308.4	0.1	415.0
pandit_like_008048	4	221	6	7	308.4	0.1	415.0
pandit_like_010227	4	221	6	7	308.4	0.1	415.0
pandit_like_011619	4	221	6	7	308.4	0.1	415.0
pandit_like_012100	4	221	6	7	308.4	0.1	415.0
pandit_like_001198	9	88	36	17	308.4	1.1	415.0
pandit_like_001461	9	88	36	17	308.4	1.1	415.0
pandit_like_003067	9	88	36	17	308.4	1.1	415.0
pandit_like_005670	9	88	36	17	308.4	1.1	415.0
pandit_like_007184	9	88	36	17	308.4	1.1	415.0
pandit_like_007591	9	88	36	17	308.4	1.1	415.0
pandit_like_009755	9	88	36	17	308.4	1.1	415.0
pandit_like_010507	9	88	36	17	308.4	1.1	415.0
pandit_like_017269	9	88	36	17	308.4	1.1	415.0
pandit_like_019274	9	88	36	17	308.4	1.1	415.0
pandit_like_000430	4	220	6	7	308.4	0.1	414.6
pandit_like_003277	4	220	6	7	308.4	0.1	414.6
pandit_like_008458	4	220	6	7	308.4	0.1	414.6
pandit_like_011488	4	220	6	7	308.4	0.1	414.6
pandit_like_017051	4	220	6	7	308.4	0.1	414.6
pandit_like_017380	4	220	6	7	308.4	0.1	414.6
pandit_like_018648	4	220	6	7	308.4	0.1	414.6
pandit_like_019416	4	220	6	7	308.4	0.1	414.6
pandit_like_019700	4	220	6	7	308.4	0.1	414.6
pandit_like_001137	6	142	15	11	308.4	0.3	414.6
pandit_like_006033	6	142	15	11	308.4	0.3	414.6
pandit_like_006675	6	142	15	11	308.4	0.3	414.6
pandit_like_008357	6	142	15	11	308.4	0.3	414.6
pandit_like_009564	6	142	15	11	308.4	0.3	414.6
pandit_like_019840	6	142	15	11	308.4	0.3	414.6
pandit_like_001808	10	76	45	19	308.4	1.5	414.4
pandit_like_003334	10	76	45	19	308.4	1.5	414.4
pandit_like_005250	10	76	45	19	308.4	1.5	414.4
pandit_like_005618	10	76	45	19	308.4	1.5	414.4
pandit_like_010109	10	76	45	19	308.4	1.5	414.4
pandit_like_014817	10	76	45	19	308.4	1.5	414.4
pandit_like_017248	10	76	45	19	308.4	1.5	414.4
pandit_like_018632	10	76	45	19	308.4	1.5	414.4
pandit_like_005280	12	58	66	23	308.4	2.8	414.4
pandit_like_009092	12	58	66	23	308.4	2.8	414.4
pandit_like_017096	12	58	66	23	308.4	2.8	414.4
pandit_like_018547	12	58	66	23	308.4	2.8	414.4
pandit_like_007977	5	173	10	9	308.4	0.1	414.3
pandit_like_011770	5	173	10	9	308.4	0.1	414.3
pandit_like_012624	5	173	10	9	308.4	0.1	414.3
pandit_like_014860	5	173	10	9	308.4	0.1	414.3
pandit_like_018658	5	173	10	9	308.4	0.1	414.3
pandit_like_003226	8	101	28	15	308.4	0.7	414.1
pandit_like_007423	8	101	28	15	308.4	0.7	414.1
pandit_like_009047	8	101	28	15	308.4	0.7	414.1
pandit_like_011329	8	101	28	15	308.4	0.7	414.1
pandit_like_012329	8	101	28	15	308.4	0.7	414.1
pandit_like_012507	8	101	28	15	308.4	0.7	414.1
pandit_like_012897	8	101	28	15	308.4	0.7	414.1
pandit_like_013792	8	101	28	15	308.4	0.7	414.1
pandit_like_015238	8	101	28	15	308.4	0.7	414.1
pandit_like_016855	8	101	28	15	308.4	0.7	414.1
pandit_like_016924	8	101	28	15	308.4	0.7	414.1
pandit_like_018357	8	101	28	15	308.4	0.7	414.1
pandit_like_004176	9	87	36	17	308.4	1.1	414.0
pandit_like_008199	9	87	36	17	308.4	1.1	414.0
pandit_like_011172	9	87	36	17	308.4	1.1	414.0
pandit_like_003816	5	172	10	9	308.4	0.1	413.7
pandit_like_003882	5	172	10	9	308.4	0.1	413.7
pandit_like_006269	5	172	10	9	308.4	0.1	413.7
pandit_like_015861	5	172	10	9	308.4	0.1	413.7
pandit_like_018075	5	172	10	9	308.4	0.1	413.7
pandit_like_000130	7	118	21	13	308.4	0.5	413.7
pandit_like_000311	7	118	21	13	308.4	0.5	413.7
pandit_like_001072	7	118	21	13	308.4	0.5	413.7
pandit_like_003218	7	118	21	13	308.4	0.5	413.7
pandit_like_005612	7	118	21	13	308.4	0.5	413.7
pandit_like_005614	7	118	21	13	308.4	0.5	413.7
pandit_like_006661	7	118	21	13	308.4	0.5	413.7
pandit_like_007065	7	118	21	13	308.4	0.5	413.7
pandit_like_007325	7	118	21	13	308.4	0.5	413.7
pandit_like_008507	7	118	21	13	308.4	0.5	413.7
pandit_like_009544	7	118	21	13	308.4	0.5	413.7
pandit_like_010034	7	118	21	13	308.4	0.5	413.7
pandit_like_012425	7	118	21	13	308.4	0.5	413.7
pandit_like_013880	7	118	21	13	308.4	0.5	413.7
pandit_like_019000	7	118	21	13	308.4	0.5	413.7
pandit_like_019263	7	118	21	13	308.4	0.5	413.7
pandit_like_010577	15	38	105	29	308.4	5.7	413.6
pandit_like_015417	15	38	105	29	308.4	5.7	413.6
pandit_like_019953	15	38	105	29	308.4	5.7	413.6
pandit_like_001459	5	171	10	9	308.4	0.1	413.1
pandit_like_002632	5	171	10	9	308.4	0.1	413.1
pandit_like_003717	5	171	10	9	308.4	0.1	413.1
pandit_like_005183	5	171	10	9	308.4	0.1	413.1
pandit_like_006203	5	171	10	9	308.4	0.1	413.1
pandit_like_007183	5	171	10	9	308.4	0.1	413.1
pandit_like_009944	5	171	10	9	308.4	0.1	413.1
pandit_like_010369	5	171	10	9	308.4	0.1	413.1
pandit_like_010895	5	171	10	9	308.4	0.1	413.1
pandit_like_010959	5	171	10	9	308.4	0.1	413.1
pandit_like_012709	5	171	10	9	308.4	0.1	413.1
pandit_like_013612	5	171	10	9	308.4	0.1	413.1
pandit_like_013973	5	171	10	9	308.4	0.1	413.1
pandit_like_017491	5	171	10	9	308.4	0.1	413.1
pandit_like_018751	5	171	10	9	308.4	0.1	413.1
pandit_like_006340	9	86	36	17	308.4	1.1	412.9
pandit_like_006703	9	86	36	17	308.4	1.1	412.9
pandit_like_011363	9	86	36	17	308.4	1.1	412.9
pandit_like_013357	9	86	36	17	308.4	1.1	412.9
pandit_like_015072	9	86	36	17	308.4	1.1	412.9
pandit_like_016658	9	86	36	17	308.4	1.1	412.9
pandit_like_019257	9	86	36	17	308.4	1.1	412.9
pandit_like_000325	12	57	66	23	308.4	2.8	412.9
pandit_like_001588	12	57	66	23	308.4	2.8	412.9
pandit_like_003112	12	57	66	23	308.4	2.8	412.9
pandit_like_006664	12	57	66	23	308.4	2.8	412.9
pandit_like_006753	12	57	66	23	308.4	2.8	412.9
pandit_like_016927	12	57	66	23	308.4	2.8	412.9
pandit_like_017711	12	57	66	23	308.4	2.8	412.9
pandit_like_007779	4	216	6	7	308.4	0.1	412.7
pandit_like_010726	4	216	6	7	308.4	0.1	412.7
pandit_like_012421	4	216	6	7	308.4	0.1	412.7
pandit_like_012746	4	216	6	7	308.4	0.1	412.7
pandit_like_016930	4	216	6	7	308.4	0.1	412.7
pandit_like_017112	4	216	6	7	308.4	0.1	412.7
pandit_like_000236	5	170	10	9	308.4	0.1	412.5
pandit_like_010097	5	170	10	9	308.4	0.1	412.5
pandit_like_011156	5	170	10	9	308.4	0.1	412.5
pandit_like_013497	5	170	10	9	308.4	0.1	412.5
pandit_like_015413	5	170	10	9	308.4	0.1	412.5
pandit_like_018078	5	170	10	9	308.4	0.1	412.5
pandit_like_003909	6	139	15	11	308.4	0.3	412.5
pandit_like_005990	6	139	15	11	308.4	0.3	412.5
pandit_like_014428	6	139	15	11	308.4	0.3	412.5
pandit_like_014808	6	139	15	11	308.4	0.3	412.5
pandit_like_019332	6	139	15	11	308.4	0.3	412.5
pandit_like_001489	4	215	6	7	308.4	0.1	412.2
pandit_like_003972	4	215	6	7	308.4	0.1	412.2
pandit_like_011010	4	215	6	7	308.4	0.1	412.2
pandit_like_012770	4	215	6	7	308.4	0.1	412.2
pandit_like_013646	4	215	6	7	308.4	0.1	412.2
pandit_like_018401	4	215	6	7	308.4	0.1	412.2
pandit_like_019920	4	215	6	7	308.4	0.1	412.2
pandit_like_000341	16	32	120	31	308.4	7.0	412.2
pandit_like_000558	16	32	120	31	308.4	7.0	412.2
pandit_like_001682	16	32	120	31	308.4	7.0	412.2
pandit_like_003116	16	32	120	31	308.4	7.0	412.2
pandit_like_003378	16	32	120	31	308.4	7.0	412.2
pandit_like_003522	16	32	120	31	308.4	7.0	412.2
pandit_like_006448	16	32	120	31	308.4	7.0	412.2
pandit_like_012895	16	32	120	31	308.4	7.0	412.2
pandit_like_013793	16	32	120	31	308.4	7.0	412.2
pandit_like_014225	16	32	120	31	308.4	7.0	412.2
pandit_like_015388	16	32	120	31	308.4	7.0	412.2
pandit_like_019678	16	32	120	31	308.4	7.0	412.2
pandit_like_000113	7	116	21	13	308.4	0.5	412.0
pandit_like_001011	7	116	21	13	308.4	0.5	412.0
pandit_like_001102	7	116	21	13	308.4	0.5	412.0
pandit_like_001174	7	116	21	13	308.4	0.5	412.0
pandit_like_005105	7	116	21	13	308.4	0.5	412.0
pandit_like_006793	7	116	21	13	308.4	0.5	412.0
pandit_like_009739	7	116	21	13	308.4	0.5	412.0
pandit_like_013902	7	116	21	13	308.4	0.5	412.0
pandit_like_016237	7	116	21	13	308.4	0.5	412.0
pandit_like_016642	7	116	21	13	308.4	0.5	412.0
pandit_like_018212	7	116	21	13	308.4	0.5	412.0
pandit_like_001637	9	85	36	17	308.4	1.1	411.8
pandit_like_003350	9	85	36	17	308.4	1.1	411.8
pandit_like_006208	9	85	36	17	308.4	1.1	411.8
pandit_like_014379	9	85	36	17	308.4	1.1	411.8
pandit_like_001210	4	214	6	7	308.4	0.1	411.7
pandit_like_001877	4	214	6	7	308.4	0.1	411.7
pandit_like_002785	4	214	6	7	308.4	0.1	411.7
pandit_like_003001	4	214	6	7	308.4	0.1	411.7
pandit_like_004982	4	214	6	7	308.4	0.1	411.7
pandit_like_005137	4	214	6	7	308.4	0.1	411.7
pandit_like_005507	4	214	6	7	308.4	0.1	411.7
pandit_like_007800	4	214	6	7	308.4	0.1	411.7
pandit_like_008673	4	214	6	7	308.4	0.1	411.7
pandit_like_008780	4	214	6	7	308.4	0.1	411.7
pandit_like_009182	4	214	6	7	308.4	0.1	411.7
pandit_like_012306	4	214	6	7	308.4	0.1	411.7
pandit_like_012661	4	214	6	7	308.4	0.1	411.7
pandit_like_014153	4	214	6	7	308.4	0.1	411.7
pandit_like_016402	4	214	6	7	308.4	0.1	411.7
pandit_like_016586	4	214	6	7	308.4	0.1	411.7
pandit_like_005480	6	138	15	11	308.4	0.3	411.7
pandit_like_013146	6	138	15	11	308.4	0.3	411.7
pandit_like_013860	6	138	15	11	308.4	0.3	411.7
pandit_like_005039	13	49	78	25	308.4	3.6	411.6
pandit_like_007852	13	49	78	25	308.4	3.6	411.6
pandit_like_008618	13	49	78	25	308.4	3.6	411.6
pandit_like_010119	13	49	78	25	308.4	3.6	411.6
pandit_like_011241	13	49	78	25	308.4	3.6	411.6
pandit_like_012128	13	49	78	25	308.4	3.6	411.6
pandit_like_000222	5	168	10	9	308.4	0.1	411.3
pandit_like_000271	5	168	10	9	308.4	0.1	411.3
pandit_like_003110	5	168	10	9	308.4	0.1	411.3
pandit_like_005884	5	168	10	9	308.4	0.1	411.3
pandit_like_006571	5	168	10	9	308.4	0.1	411.3
pandit_like_006596	5	168	10	9	308.4	0.1	411.3
pandit_like_007299	5	168	10	9	308.4	0.1	411.3
pandit_like_008736	5	168	10	9	308.4	0.1	411.3
pandit_like_012395	5	168	10	9	308.4	0.1	411.3
pandit_like_012481	5	168	10	9	308.4	0.1	411.3
pandit_like_013852	5	168	10	9	308.4	0.1	411.3
pandit_like_014588	5	168	10	9	308.4	0.1	411.3
pandit_like_015886	5	168	10	9	308.4	0.1	411.3
pandit_like_018321	5	168	10	9	308.4	0.1	411.3
pandit_like_019198	5	168	10	9	308.4	0.1	411.3
pandit_like_019454	5	168	10	9	308.4	0.1	411.3
pandit_like_004450	4	213	6	7	308.4	0.1	411.2
pandit_like_008604	4	213	6	7	308.4	0.1	411.2
pandit_like_017348	4	213	6	7	308.4	0.1	411.2
pandit_like_019246	4	213	6	7	308.4	0.1	411.2
pandit_like_003281	7	115	21	13	308.4	0.5	411.2
pandit_like_003498	7	115	21	13	308.4	0.5	411.2
pandit_like_004378	7	115	21	13	308.4	0.5	411.2
pandit_like_005206	7	115	21	13	308.4	0.5	411.2
pandit_like_007290	7	115	21	13	308.4	0.5	411.2
pandit_like_007390	7	115	21	13	308.4	0.5	411.2
pandit_like_009953	7	115	21	13	308.4	0.5	411.2
pandit_like_011178	7	115	21	13	308.4	0.5	411.2
pandit_like_011520	7	115	21	13	308.4	0.5	411.2
pandit_like_011721	7	115	21	13	308.4	0.5	411.2
pandit_like_013166	7	115	21	13	308.4	0.5	411.2
pandit_like_015360	7	115	21	13	308.4	0.5	411.2
pandit_like_016181	7	115	21	13	308.4	0.5	411.2
pandit_like_016297	7	115	21	13	308.4	0.5	411.2
pandit_like_018372	7	115	21	13	308.4	0.5	411.2
pandit_like_007031	4	212	6	7	308.4	0.1	410.8
pandit_like_008728	4	212	6	7	308.4	0.1	410.8
pandit_like_013335	4	212	6	7	308.4	0.1	410.8
pandit_like_014898	4	212	6	7	308.4	0.1	410.8
pandit_like_017805	4	212	6	7	308.4	0.1	410.8
pandit_like_019325	4	212	6	7	308.4	0.1	410.8
pandit_like_002180	5	167	10	9	308.4	0.1	410.7
pandit_like_004619	5	167	10	9	308.4	0.1	410.7
pandit_like_006542	5	167	10	9	308.4	0.1	410.7
pandit_like_007396	5	167	10	9	308.4	0.1	410.7
pandit_like_010030	5	167	10	9	308.4	0.1	410.7
pandit_like_015284	5	167	10	9	308.4	0.1	410.7
pandit_like_015379	5	167	10	9	308.4	0.1	410.7
pandit_like_018250	5	167	10	9	308.4	0.1	410.7
pandit_like_000420	9	84	36	17	308.4	1.1	410.7
pandit_like_005126	9	84	36	17	308.4	1.1	410.7
pandit_like_005256	9	84	36	17	308.4	1.1	410.7
pandit_like_008194	9	84	36	17	308.4	1.1	410.7
pandit_like_009701	9	84	36	17	308.4	1.1	410.7
pandit_like_015665	9	84	36	17	308.4	1.1	410.7
pandit_like_000150	4	211	6	7	308.4	0.1	410.3
pandit_like_005921	4	211	6	7	308.4	0.1	410.3
pandit_like_012159	4	211	6	7	308.4	0.1	410.3
pandit_like_012234	4	211	6	7	308.4	0.1	410.3
pandit_like_018450	4	211	6	7	308.4	0.1	410.3
pandit_like_001440	6	136	15	11	308.4	0.3	410.3
pandit_like_003418	6	136	15	11	308.4	0.3	410.3
pandit_like_005544	6	136	15	11	308.4	0.3	410.3
pandit_like_007748	6	136	15	11	308.4	0.3	410.3
pandit_like_010136	6	136	15	11	308.4	0.3	410.3
pandit_like_013322	6	136	15	11	308.4	0.3	410.3
pandit_like_013842	6	136	15	11	308.4	0.3	410.3
pandit_like_017546	6	136	15	11	308.4	0.3	410.3
pandit_like_017580	6	136	15	11	308.4	0.3	410.3
pandit_like_000630	7	114	21	13	308.4	0.5	410.3
pandit_like_001339	7	114	21	13	308.4	0.5	410.3
pandit_like_002617	7	114	21	13	308.4	0.5	410.3
pandit_like_004743	7	114	21	13	308.4	0.5	410.3
pandit_like_009125	7	114	21	13	308.4	0.5	410.3
pandit_like_009260	7	114	21	13	308.4	0.5	410.3
pandit_like_010826	7	114	21	13	308.4	0.5	410.3
pandit_like_011194	7	114	21	13	308.4	0.5	410.3
pandit_like_011595	7	114	21	13	308.4	0.5	410.3
pandit_like_011872	7	114	21	13	308.4	0.5	410.3
pandit_like_015532	7	114	21	13	308.4	0.5	410.3
pandit_like_009242	8	97	28	15	308.4	0.7	410.2
pandit_like_010048	8	97	28	15	308.4	0.7	410.2
pandit_like_010148	8	97	28	15	308.4	0.7	410.2
pandit_like_012138	8	97	28	15	308.4	0.7	410.2
pandit_like_000962	5	166	10	9	308.4	0.1	410.1
pandit_like_002782	5	166	10	9	308.4	0.1	410.1
pandit_like_003015	5	166	10	9	308.4	0.1	410.1
pandit_like_003046	5	166	10	9	308.4	0.1	410.1
pandit_like_005245	5	166	10	9	308.4	0.1	410.1
pandit_like_009118	5	166	10	9	308.4	0.1	410.1
pandit_like_016429	5	166	10	9	308.4	0.1	410.1
pandit_like_016956	5	166	10	9	308.4	0.1	410.1
pandit_like_000189	11	63	55	21	308.4	2.1	410.0
pandit_like_000888	11	63	55	21	308.4	2.1	410.0
pandit_like_007905	11	63	55	21	308.4	2.1	410.0
pandit_like_005289	12	55	66	23	308.4	2.8	410.0
pandit_like_009102	12	55	66	23	308.4	2.8	410.0
pandit_like_010389	12	55	66	23	308.4	2.8	410.0
pandit_like_012527	12	55	66	23	308.4	2.8	410.0
pandit_like_014443	12	55	66	23	308.4	2.8	410.0
pandit_like_015358	12	55	66	23	308.4	2.8	410.0
pandit_like_001430	4	210	6	7	308.4	0.1	409.8
pandit_like_002815	4	210	6	7	308.4	0.1	409.8
pandit_like_003825	4	210	6	7	308.4	0.1	409.8
pandit_like_003873	4	210	6	7	308.4	0.1	409.8
pandit_like_004849	4	210	6	7	308.4	0.1	409.8
pandit_like_005364	4	210	6	7	308.4	0.1	409.8
pandit_like_007181	4	210	6	7	308.4	0.1	409.8
pandit_like_013937	4	210	6	7	308.4	0.1	409.8
pandit_like_014197	4	210	6	7	308.4	0.1	409.8
pandit_like_017926	4	210	6	7	308.4	0.1	409.8
pandit_like_017947	4	210	6	7	308.4	0.1	409.8
pandit_like_000338	6	135	15	11	308.4	0.3	409.6
pandit_like_000861	6	135	15	11	308.4	0.3	409.6
pandit_like_001523	6	135	15	11	308.4	0.3	409.6
pandit_like_001948	6	135	15	11	308.4	0.3	409.6
pandit_like_002717	6	135	15	11	308.4	0.3	409.6
pandit_like_003691	6	135	15	11	308.4	0.3	409.6
pandit_like_016978	6	135	15	11	308.4	0.3	409.6
pandit_like_004690	9	83	36	17	308.4	1.1	409.6
pandit_like_005115	9	83	36	17	308.4	1.1	409.6
pandit_like_009847	9	83	36	17	308.4	1.1	409.6
pandit_like_011838	9	83	36	17	308.4	1.1	409.6
pandit_like_015145	9	83	36	17	308.4	1.1	409.6
pandit_like_017405	9	83	36	17	308.4	1.1	409.6
pandit_like_001313	10	72	45	19	308.4	1.5	409.6
pandit_like_002716	10	72	45	19	308.4	1.5	409.6
pandit_like_004493	10	72	45	19	308.4	1.5	409.6
pandit_like_007266	10	72	45	19	308.4	1.5	409.6
pandit_like_004163	5	165	10	9	308.4	0.1	409.5
pandit_like_005008	5	165	10	9	308.4	0.1	409.5
pandit_like_011769	5	165	10	9	308.4	0.1	409.5
pandit_like_012214	5	165	10	9	308.4	0.1	409.5
pandit_like_015763	5	165	10	9	308.4	0.1	409.5
pandit_like_017752	5	165	10	9	308.4	0.1	409.5
pandit_like_018529	5	165	10	9	308.4	0.1	409.5
pandit_like_005049	7	113	21	13	308.4	0.5	409.5
pandit_like_018384	7	113	21	13	308.4	0.5	409.5
pandit_like_003132	4	209	6	7	308.4	0.1	409.3
pandit_like_012256	4	209	6	7	308.4	0.1	409.3
pandit_like_013975	4	209	6	7	308.4	0.1	409.3
pandit_like_014889	4	209	6	7	308.4	0.1	409.3
pandit_like_015663	4	209	6	7	308.4	0.1	409.3
pandit_like_016925	4	209	6	7	308.4	0.1	409.3
pandit_like_000895	8	96	28	15	308.4	0.7	409.3
pandit_like_001179	8	96	28	15	308.4	0.7	409.3
pandit_like_002326	8	96	28	15	308.4	0.7	409.3
pandit_like_004807	8	96	28	15	308.4	0.7	409.3
pandit_like_008186	8	96	28	15	308.4	0.7	409.3
pandit_like_008876	8	96	28	15	308.4	0.7	409.3
pandit_like_009314	8	96	28	15	308.4	0.7	409.3
pandit_like_011434	8	96	28	15	308.4	0.7	409.3
pandit_like_013448	8	96	28	15	308.4	0.7	409.3
pandit_like_016205	8	96	28	15	308.4	0.7	409.3
pandit_like_016287	8	96	28	15	308.4	0.7	409.3
pandit_like_016573	8	96	28	15	308.4	0.7	409.3
pandit_like_018646	8	96	28	15	308.4	0.7	409.3
pandit_like_005597	6	134	15	11	308.4	0.3	408.9
pandit_like_007756	6	134	15	11	308.4	0.3	408.9
pandit_like_009159	6	134	15	11	308.4	0.3	408.9
pandit_like_000373	9	82	36	17	308.4	1.1	408.5
pandit_like_008327	9	82	36	17	308.4	1.1	408.5
pandit_like_014040	9	82	36	17	308.4	1.1	408.5
pandit_like_014341	9	82	36	17	308.4	1.1	408.5
pandit_like_003626	13	47	78	25	308.4	3.6	408.5
pandit_like_004638	13	47	78	25	308.4	3.6	408.5
pandit_like_006688	13	47	78	25	308.4	3.6	408.5
pandit_like_017042	13	47	78	25	308.4	3.6	408.5
pandit_like_019083	13	47	78	25	308.4	3.6	408.5
pandit_like_019532	13	47	78	25	308.4	3.6	408.5
pandit_like_000377	18	21	153	35	308.4	10.2	408.4
pandit_like_000948	18	21	153	35	308.4	10.2	408.4
pandit_like_004327	18	21	153	35	308.4	10.2	408.4
pandit_like_008833	18	21	153	35	308.4	10.2	408.4
pandit_like_010469	18	21	153	35	308.4	10.2	408.4
pandit_like_014926	18	21	153	35	308.4	10.2	408.4
pandit_like_018459	18	21	153	35	308.4	10.2	408.4
pandit_like_002762	4	206	6	7	308.4	0.1	407.9
pandit_like_006164	4	206	6	7	308.4	0.1	407.9
pandit_like_009193	4	206	6	7	308.4	0.1	407.9
pandit_like_009296	4	206	6	7	308.4	0.1	407.9
pandit_like_009568	4	206	6	7	308.4	0.1	407.9
pandit_like_013058	4	206	6	7	308.4	0.1	407.9
pandit_like_015356	4	206	6	7	308.4	0.1	407.9
pandit_like_016911	4	206	6	7	308.4	0.1	407.9
pandit_like_017462	4	206	6	7	308.4	0.1	407.9
pandit_like_000839	5	162	10	9	308.4	0.1	407.8
pandit_like_003108	5	162	10	9	308.4	0.1	407.8
pandit_like_004215	5	162	10	9	308.4	0.1	407.8
pandit_like_005585	5	162	10	9	308.4	0.1	407.8
pandit_like_012024	5	162	10	9	308.4	0.1	407.8
pandit_like_013232	5	162	10	9	308.4	0.1	407.8
pandit_like_018360	5	162	10	9	308.4	0.1	407.8
pandit_like_000918	4	205	6	7	308.4	0.1	407.4
pandit_like_001774	4	205	6	7	308.4	0.1	407.4
pandit_like_002263	4	205	6	7	308.4	0.1	407.4
pandit_like_006677	4	205	6	7	308.4	0.1	407.4
pandit_like_007878	4	205	6	7	308.4	0.1	407.4
pandit_like_012784	4	205	6	7	308.4	0.1	407.4
pandit_like_012817	4	205	6	7	308.4	0.1	407.4
pandit_like_014893	4	205	6	7	308.4	0.1	407.4
pandit_like_002923	6	132	15	11	308.4	0.3	407.4
pandit_like_012331	6	132	15	11	308.4	0.3	407.4
pandit_like_012821	6	132	15	11	308.4	0.3	407.4
pandit_like_012924	6	132	15	11	308.4	0.3	407.4
pandit_like_017257	6	132	15	11	308.4	0.3	407.4
pandit_like_010224	11	61	55	21	308.4	2.1	407.3
pandit_like_012073	11	61	55	21	308.4	2.1	407.3
pandit_like_014201	11	61	55	21	308.4	2.1	407.3
pandit_like_019619	11	61	55	21	308.4	2.1	407.3
pandit_like_000070	5	161	10	9	308.4	0.1	407.2
pandit_like_000111	5	161	10	9	308.4	0.1	407.2
pandit_like_002323	5	161	10	9	308.4	0.1	407.2
pandit_like_002520	5	161	10	9	308.4	0.1	407.2
pandit_like_005463	5	161	10	9	308.4	0.1	407.2
pandit_like_005621	5	161	10	9	308.4	0.1	407.2
pandit_like_006857	5	161	10	9	308.4	0.1	407.2
pandit_like_007452	5	161	10	9	308.4	0.1	407.2
pandit_like_007527	5	161	10	9	308.4	0.1	407.2
pandit_like_008231	5	161	10	9	308.4	0.1	407.2
pandit_like_008636	5	161	10	9	308.4	0.1	407.2
pandit_like_009659	5	161	10	9	308.4	0.1	407.2
pandit_like_013951	5	161	10	9	308.4	0.1	407.2
pandit_like_014378	5	161	10	9	308.4	0.1	407.2
pandit_like_015531	5	161	10	9	308.4	0.1	407.2
pandit_like_015767	5	161	10	9	308.4	0.1	407.2
pandit_like_016995	5	161	10	9	308.4	0.1	407.2
pandit_like_017466	5	161	10	9	308.4	0.1	407.2
pandit_like_018150	5	161	10	9	308.4	0.1	407.2
pandit_like_018503	5	161	10	9	308.4	0.1	407.2
pandit_like_018505	5	161	10	9	308.4	0.1	407.2
pandit_like_018556	5	161	10	9	308.4	0.1	407.2
pandit_like_018899	5	161	10	9	308.4	0.1	407.2
pandit_like_019704	5	161	10	9	308.4	0.1	407.2
pandit_like_005759	10	70	45	19	308.4	1.5	407.2
pandit_like_010073	10	70	45	19	308.4	1.5	407.2
pandit_like_011947	10	70	45	19	308.4	1.5	407.2
pandit_like_013049	10	70	45	19	308.4	1.5	407.2
pandit_like_017355	10	70	45	19	308.4	1.5	407.2
pandit_like_002382	4	204	6	7	308.4	0.1	407.0
pandit_like_013583	4	204	6	7	308.4	0.1	407.0
pandit_like_015963	4	204	6	7	308.4	0.1	407.0
pandit_like_019745	4	204	6	7	308.4	0.1	407.0
pandit_like_000999	7	110	21	13	308.4	0.5	407.0
pandit_like_001416	7	110	21	13	308.4	0.5	407.0
pandit_like_002099	7	110	21	13	308.4	0.5	407.0
pandit_like_002772	7	110	21	13	308.4	0.5	407.0
pandit_like_005590	7	110	21	13	308.4	0.5	407.0
pandit_like_006287	7	110	21	13	308.4	0.5	407.0
pandit_like_009654	7	110	21	13	308.4	0.5	407.0
pandit_like_009717	7	110	21	13	308.4	0.5	407.0
pandit_like_009731	7	110	21	13	308.4	0.5	407.0
pandit_like_010316	7	110	21	13	308.4	0.5	407.0
pandit_like_011094	7	110	21	13	308.4	0.5	407.0
pandit_like_013177	7	110	21	13	308.4	0.5	407.0
pandit_like_015117	7	110	21	13	308.4	0.5	407.0
pandit_like_016800	7	110	21	13	308.4	0.5	407.0
pandit_like_016865	7	110	21	13	308.4	0.5	407.0
pandit_like_018947	7	110	21	13	308.4	0.5	407.0
pandit_like_001661	6	131	15	11	308.4	0.3	406.7
pandit_like_007844	6	131	15	11	308.4	0.3	406.7
pandit_like_007874	6	131	15	11	308.4	0.3	406.7
pandit_like_008669	6	131	15	11	308.4	0.3	406.7
pandit_like_010668	6	131	15	11	308.4	0.3	406.7
pandit_like_015104	6	131	15	11	308.4	0.3	406.7
pandit_like_000253	5	160	10	9	308.4	0.1	406.6
pandit_like_001784	5	160	10	9	308.4	0.1	406.6
pandit_like_003449	5	160	10	9	308.4	0.1	406.6
pandit_like_003913	5	160	10	9	308.4	0.1	406.6
pandit_like_003986	5	160	10	9	308.4	0.1	406.6
pandit_like_007210	5	160	10	9	308.4	0.1	406.6
pandit_like_008741	5	160	10	9	308.4	0.1	406.6
pandit_like_010328	5	160	10	9	308.4	0.1	406.6
pandit_like_010471	5	160	10	9	308.4	0.1	406.6
pandit_like_013561	5	160	10	9	308.4	0.1	406.6
pandit_like_014037	5	160	10	9	308.4	0.1	406.6
pandit_like_015298	5	160	10	9	308.4	0.1	406.6
pandit_like_015486	5	160	10	9	308.4	0.1	406.6
pandit_like_017485	5	160	10	9	308.4	0.1	406.6
pandit_like_018465	5	160	10	9	308.4	0.1	406.6
pandit_like_019490	5	160	10	9	308.4	0.1	406.6
pandit_like_000242	4	203	6	7	308.4	0.1	406.5
pandit_like_005519	4	203	6	7	308.4	0.1	406.5
pandit_like_003577	5	159	10	9	308.4	0.1	406.0
pandit_like_013590	5	159	10	9	308.4	0.1	406.0
pandit_like_019199	5	159	10	9	308.4	0.1	406.0
pandit_like_007070	6	130	15	11	308.4	0.3	406.0
pandit_like_007387	6	130	15	11	308.4	0.3	406.0
pandit_like_008273	6	130	15	11	308.4	0.3	406.0
pandit_like_014629	6	130	15	11	308.4	0.3	406.0
pandit_like_017251	6	130	15	11	308.4	0.3	406.0
pandit_like_001606	11	60	55	21	308.4	2.1	406.0
pandit_like_003458	11	60	55	21	308.4	2.1	406.0
pandit_like_006141	11	60	55	21	308.4	2.1	406.0
pandit_like_007859	11	60	55	21	308.4	2.1	406.0
pandit_like_012479	11	60	55	21	308.4	2.1	406.0
pandit_like_012810	11	60	55	21	308.4	2.1	406.0
pandit_like_015098	11	60	55	21	308.4	2.1	406.0
pandit_like_017388	11	60	55	21	308.4	2.1	406.0
pandit_like_001359	4	201	6	7	308.4	0.1	405.5
pandit_like_010989	4	201	6	7	308.4	0.1	405.5
pandit_like_014092	4	201	6	7	308.4	0.1	405.5
pandit_like_015330	4	201	6	7	308.4	0.1	405.5
pandit_like_014521	4	200	6	7	308.4	0.1	405.1
pandit_like_015150	4	200	6	7	308.4	0.1	405.1
pandit_like_016835	4	200	6	7	308.4	0.1	405.1
pandit_like_018776	4	200	6	7	308.4	0.1	405.1
pandit_like_018792	4	200	6	7	308.4	0.1	405.1
pandit_like_002163	5	157	10	9	308.4	0.1	404.8
pandit_like_003850	5	157	10	9	308.4	0.1	404.8
pandit_like_011059	5	157	10	9	308.4	0.1	404.8
pandit_like_018860	5	157	10	9	308.4	0.1	404.8
pandit_like_000290	4	199	6	7	308.4	0.1	404.6
pandit_like_001395	4	199	6	7	308.4	0.1	404.6
pandit_like_001575	4	199	6	7	308.4	0.1	404.6
pandit_like_006366	4	199	6	7	308.4	0.1	404.6
pandit_like_006764	4	199	6	7	308.4	0.1	404.6
pandit_like_007922	4	199	6	7	308.4	0.1	404.6
pandit_like_008556	4	199	6	7	308.4	0.1	404.6
pandit_like_009239	4	199	6	7	308.4	0.1	404.6
pandit_like_009904	4	199	6	7	308.4	0.1	404.6
pandit_like_010368	4	199	6	7	308.4	0.1	404.6
pandit_like_010935	4	199	6	7	308.4	0.1	404.6
pandit_like_015134	4	199	6	7	308.4	0.1	404.6
pandit_like_016266	4	199	6	7	308.4	0.1	404.6
pandit_like_019026	4	199	6	7	308.4	0.1	404.6
pandit_like_019234	4	199	6	7	308.4	0.1	404.6
pandit_like_019877	4	199	6	7	308.4	0.1	404.6
pandit_like_004070	7	107	21	13	308.4	0.5	404.5
pandit_like_004888	7	107	21	13	308.4	0.5	404.5
pandit_like_005740	7	107	21	13	308.4	0.5	404.5
pandit_like_009335	7	107	21	13	308.4	0.5	404.5
pandit_like_012837	5	156	10	9	308.4	0.1	404.2
pandit_like_018626	5	156	10	9	308.4	0.1	404.2
pandit_like_002232	12	51	66	23	308.4	2.8	404.2
pandit_like_004296	12	51	66	23	308.4	2.8	404.2
pandit_like_014050	12	51	66	23	308.4	2.8	404.2
pandit_like_014653	12	51	66	23	308.4	2.8	404.2
pandit_like_000546	4	198	6	7	308.4	0.1	404.1
pandit_like_002510	4	198	6	7	308.4	0.1	404.1
pandit_like_002773	4	198	6	7	308.4	0.1	404.1
pandit_like_005419	4	198	6	7	308.4	0.1	404.1
pandit_like_006024	4	198	6	7	308.4	0.1	404.1
pandit_like_008134	4	198	6	7	308.4	0.1	404.1
pandit_like_010099	4	198	6	7	308.4	0.1	404.1
pandit_like_012647	4	198	6	7	308.4	0.1	404.1
pandit_like_015043	4	198	6	7	308.4	0.1	404.1
pandit_like_002131	6	127	15	11	308.4	0.3	403.9
pandit_like_003129	6	127	15	11	308.4	0.3	403.9
pandit_like_007892	6	127	15	11	308.4	0.3	403.9
pandit_like_008047	6	127	15	11	308.4	0.3	403.9
pandit_like_008619	6	127	15	11	308.4	0.3	403.9
pandit_like_014510	6	127	15	11	308.4	0.3	403.9
pandit_like_004764	4	197	6	7	308.4	0.1	403.6
pandit_like_005144	4	197	6	7	308.4	0.1	403.6
pandit_like_009604	4	197	6	7	308.4	0.1	403.6
pandit_like_011547	4	197	6	7	308.4	0.1	403.6
pandit_like_019469	4	197	6	7	308.4	0.1	403.6
pandit_like_003149	11	58	55	21	308.4	2.1	403.3
pandit_like_007558	11	58	55	21	308.4	2.1	403.3
pandit_like_010161	11	58	55	21	308.4	2.1	403.3
pandit_like_011881	11	58	55	21	308.4	2.1	403.3
pandit_like_014134	11	58	55	21	308.4	2.1	403.3
pandit_like_013762	4	196	6	7	308.4	0.1	403.2
pandit_like_016242	4	196	6	7	308.4	0.1	403.2
pandit_like_000492	6	126	15	11	308.4	0.3	403.1
pandit_like_003009	6	126	15	11	308.4	0.3	403.1
pandit_like_007088	6	126	15	11	308.4	0.3	403.1
pandit_like_008827	6	126	15	11	308.4	0.3	403.1
pandit_like_009547	6	126	15	11	308.4	0.3	403.1
pandit_like_009933	6	126	15	11	308.4	0.3	403.1
pandit_like_011368	6	126	15	11	308.4	0.3	403.1
pandit_like_012175	6	126	15	11	308.4	0.3	403.1
pandit_like_013804	6	126	15	11	308.4	0.3	403.1
pandit_like_015184	6	126	15	11	308.4	0.3	403.1
pandit_like_016471	6	126	15	11	308.4	0.3	403.1
pandit_like_016831	6	126	15	11	308.4	0.3	403.1
pandit_like_017502	6	126	15	11	308.4	0.3	403.1
pandit_like_017557	6	126	15	11	308.4	0.3	403.1
pandit_like_017567	6	126	15	11	308.4	0.3	403.1
pandit_like_019755	6	126	15	11	308.4	0.3	403.1
pandit_like_004856	9	77	36	17	308.4	1.1	403.1
pandit_like_010196	9	77	36	17	308.4	1.1	403.1
pandit_like_013236	9	77	36	17	308.4	1.1	403.1
pandit_like_015562	9	77	36	17	308.4	1.1	403.1
pandit_like_016915	9	77	36	17	308.4	1.1	403.1
pandit_like_002561	7	105	21	13	308.4	0.5	402.8
pandit_like_006604	7	105	21	13	308.4	0.5	402.8
pandit_like_007114	7	105	21	13	308.4	0.5	402.8
pandit_like_011036	7	105	21	13	308.4	0.5	402.8
pandit_like_000257	4	195	6	7	308.4	0.1	402.7
pandit_like_009541	4	195	6	7	308.4	0.1	402.7
pandit_like_010075	4	195	6	7	308.4	0.1	402.7
pandit_like_011940	4	195	6	7	308.4	0.1	402.7
pandit_like_012104	4	195	6	7	308.4	0.1	402.7
pandit_like_014158	4	195	6	7	308.4	0.1	402.7
pandit_like_004197	5	153	10	9	308.4	0.1	402.4
pandit_like_005588	5	153	10	9	308.4	0.1	402.4
pandit_like_008343	5	153	10	9	308.4	0.1	402.4
pandit_like_010239	5	153	10	9	308.4	0.1	402.4
pandit_like_015434	5	153	10	9	308.4	0.1	402.4
pandit_like_010962	6	125	15	11	308.4	0.3	402.4
pandit_like_015007	6	125	15	11	308.4	0.3	402.4
pandit_like_001161	4	194	6	7	308.4	0.1	402.2
pandit_like_007791	4	194	6	7	308.4	0.1	402.2
pandit_like_007956	4	194	6	7	308.4	0.1	402.2
pandit_like_011054	4	194	6	7	308.4	0.1	402.2
pandit_like_011927	4	194	6	7	308.4	0.1	402.2
pandit_like_012261	4	194	6	7	308.4	0.1	402.2
pandit_like_013268	4	194	6	7	308.4	0.1	402.2
pandit_like_017849	4	194	6	7	308.4	0.1	402.2
pandit_like_011837	9	76	36	17	308.4	1.1	402.0
pandit_like_001073	11	57	55	21	308.4	2.1	402.0
pandit_like_007120	11	57	55	21	308.4	2.1	402.0
pandit_like_008270	11	57	55	21	308.4	2.1	402.0
pandit_like_014529	11	57	55	21	308.4	2.1	402.0
pandit_like_000649	4	193	6	7	308.4	0.1	401.7
pandit_like_003708	4	193	6	7	308.4	0.1	401.7
pandit_like_004274	4	193	6	7	308.4	0.1	401.7
pandit_like_006002	4	193	6	7	308.4	0.1	401.7
pandit_like_008214	4	193	6	7	308.4	0.1	401.7
pandit_like_009492	4	193	6	7	308.4	0.1	401.7
pandit_like_011446	4	193	6	7	308.4	0.1	401.7
pandit_like_012208	4	193	6	7	308.4	0.1	401.7
pandit_like_012575	4	193	6	7	308.4	0.1	401.7
pandit_like_015004	4	193	6	7	308.4	0.1	401.7
pandit_like_015086	4	193	6	7	308.4	0.1	401.7
pandit_like_018867	4	193	6	7	308.4	0.1	401.7
pandit_like_003422	6	124	15	11	308.4	0.3	401.7
pandit_like_004024	6	124	15	11	308.4	0.3	401.7
pandit_like_007927	6	124	15	11	308.4	0.3	401.7
pandit_like_008688	6	124	15	11	308.4	0.3	401.7
pandit_like_012133	6	124	15	11	308.4	0.3	401.7
pandit_like_012714	6	124	15	11	308.4	0.3	401.7
pandit_like_013563	6	124	15	11	308.4	0.3	401.7
pandit_like_001066	8	88	28	15	308.4	0.7	401.6
pandit_like_002208	8	88	28	15	308.4	0.7	401.6
pandit_like_003627	8	88	28	15	308.4	0.7	401.6
pandit_like_005887	8	88	28	15	308.4	0.7	401.6
pandit_like_008062	8	88	28	15	308.4	0.7	401.6
pandit_like_008127	8	88	28	15	308.4	0.7	401.6
pandit_like_008620	8	88	28	15	308.4	0.7	401.6
pandit_like_009661	8	88	28	15	308.4	0.7	401.6
pandit_like_012969	8	88	28	15	308.4	0.7	401.6
pandit_like_013207	8	88	28	15	308.4	0.7	401.6
pandit_like_013615	8	88	28	15	308.4	0.7	401.6
pandit_like_013669	8	88	28	15	308.4	0.7	401.6
pandit_like_001094	5	151	10	9	308.4	0.1	401.2
pandit_like_002265	5	151	10	9	308.4	0.1	401.2
pandit_like_002351	5	151	10	9	308.4	0.1	401.2
pandit_like_002603	5	151	10	9	308.4	0.1	401.2
pandit_like_003406	5	151	10	9	308.4	0.1	401.2
pandit_like_003778	5	151	10	9	308.4	0.1	401.2
pandit_like_004712	5	151	10	9	308.4	0.1	401.2
pandit_like_005151	5	151	10	9	308.4	0.1	401.2
pandit_like_006056	5	151	10	9	308.4	0.1	401.2
pandit_like_006441	5	151	10	9	308.4	0.1	401.2
pandit_like_006973	5	151	10	9	308.4	0.1	401.2
pandit_like_007745	5	151	10	9	308.4	0.1	401.2
pandit_like_010115	5	151	10	9	308.4	0.1	401.2
pandit_like_012778	5	151	10	9	308.4	0.1	401.2
pandit_like_014306	5	151	10	9	308.4	0.1	401.2
pandit_like_018490	5	151	10	9	308.4	0.1	401.2
pandit_like_003188	10	65	45	19	308.4	1.5	401.2
pandit_like_008934	10	65	45	19	308.4	1.5	401.2
pandit_like_012330	10	65	45	19	308.4	1.5	401.2
pandit_like_013438	10	65	45	19	308.4	1.5	401.2
pandit_like_016463	10	65	45	19	308.4	1.5	401.2
pandit_like_019595	10	65	45	19	308.4	1.5	401.2
pandit_like_005900	12	49	66	23	308.4	2.8	401.2
pandit_like_010747	12	49	66	23	308.4	2.8	401.2
pandit_like_012164	12	49	66	23	308.4	2.8	401.2
pandit_like_015808	12	49	66	23	308.4	2.8	401.2
pandit_like_001602	7	103	21	13	308.4	0.5	401.1
pandit_like_002024	7	103	21	13	308.4	0.5	401.1
pandit_like_004020	7	103	21	13	308.4	0.5	401.1
pandit_like_006591	7	103	21	13	308.4	0.5	401.1
pandit_like_006747	7	103	21	13	308.4	0.5	401.1
pandit_like_009022	7	103	21	13	308.4	0.5	401.1
pandit_like_011234	7	103	21	13	308.4	0.5	401.1
pandit_like_013691	7	103	21	13	308.4	0.5	401.1
pandit_like_013733	7	103	21	13	308.4	0.5	401.1
pandit_like_016376	7	103	21	13	308.4	0.5	401.1
pandit_like_019527	7	103	21	13	308.4	0.5	401.1
pandit_like_002277	6	123	15	11	308.4	0.3	401.0
pandit_like_002920	6	123	15	11	308.4	0.3	401.0
pandit_like_004171	6	123	15	11	308.4	0.3	401.0
pandit_like_005650	6	123	15	11	308.4	0.3	401.0
pandit_like_006554	6	123	15	11	308.4	0.3	401.0
pandit_like_010708	6	123	15	11	308.4	0.3	401.0
pandit_like_017486	6	123	15	11	308.4	0.3	401.0
pandit_like_018748	6	123	15	11	308.4	0.3	401.0
pandit_like_006565	4	191	6	7	308.4	0.1	400.8
pandit_like_008090	4	191	6	7	308.4	0.1	400.8
pandit_like_008152	4	191	6	7	308.4	0.1	400.8
pandit_like_009290	4	191	6	7	308.4	0.1	400.8
pandit_like_010956	4	191	6	7	308.4	0.1	400.8
pandit_like_011307	4	191	6	7	308.4	0.1	400.8
pandit_like_011584	4	191	6	7	308.4	0.1	400.8
pandit_like_012239	4	191	6	7	308.4	0.1	400.8
pandit_like_013061	4	191	6	7	308.4	0.1	400.8
pandit_like_013716	4	191	6	7	308.4	0.1	400.8
pandit_like_014147	4	191	6	7	308.4	0.1	400.8
pandit_like_014264	4	191	6	7	308.4	0.1	400.8
pandit_like_014657	4	191	6	7	308.4	0.1	400.8
pandit_like_000142	5	150	10	9	308.4	0.1	400.6
pandit_like_002005	5	150	10	9	308.4	0.1	400.6
pandit_like_002650	5	150	10	9	308.4	0.1	400.6
pandit_like_004650	5	150	10	9	308.4	0.1	400.6
pandit_like_005400	5	150	10	9	308.4	0.1	400.6
pandit_like_006089	5	150	10	9	308.4	0.1	400.6
pandit_like_006581	5	150	10	9	308.4	0.1	400.6
pandit_like_006696	5	150	10	9	308.4	0.1	400.6
pandit_like_006856	5	150	10	9	308.4	0.1	400.6
pandit_like_007392	5	150	10	9	308.4	0.1	400.6
pandit_like_010674	5	150	10	9	308.4	0.1	400.6
pandit_like_011960	5	150	10	9	308.4	0.1	400.6
pandit_like_013634	5	150	10	9	308.4	0.1	400.6
pandit_like_017615	5	150	10	9	308.4	0.1	400.6
pandit_like_018642	5	150	10	9	308.4	0.1	400.6
pandit_like_018816	5	150	10	9	308.4	0.1	400.6
pandit_like_003261	8	87	28	15	308.4	0.7	400.6
pandit_like_004106	8	87	28	15	308.4	0.7	400.6
pandit_like_018225	8	87	28	15	308.4	0.7	400.6
pandit_like_018381	8	87	28	15	308.4	0.7	400.6
pandit_like_019441	8	87	28	15	308.4	0.7	400.6
pandit_like_004496	11	56	55	21	308.4	2.1	400.6
pandit_like_011079	11	56	55	21	308.4	2.1	400.6
pandit_like_012356	11	56	55	21	308.4	2.1	400.6
pandit_like_015261	11	56	55	21	308.4	2.1	400.6
pandit_like_015315	11	56	55	21	308.4	2.1	400.6
pandit_like_016968	11	56	55	21	308.4	2.1	400.6
pandit_like_002372	13	42	78	25	308.4	3.6	400.5
pandit_like_003756	13	42	78	25	308.4	3.6	400.5
pandit_like_015146	13	42	78	25	308.4	3.6	400.5
pandit_like_007083	4	190	6	7	308.4	0.1	400.3
pandit_like_008406	4	190	6	7	308.4	0.1	400.3
pandit_like_009621	4	190	6	7	308.4	0.1	400.3
pandit_like_011322	4	190	6	7	308.4	0.1	400.3
pandit_like_000093	6	122	15	11	308.4	0.3	400.3
pandit_like_005148	6	122	15	11	308.4	0.3	400.3
pandit_like_008061	6	122	15	11	308.4	0.3	400.3
pandit_like_011174	6	122	15	11	308.4	0.3	400.3
pandit_like_011703	6	122	15	11	308.4	0.3	400.3
pandit_like_014583	6	122	15	11	308.4	0.3	400.3
pandit_like_001104	7	102	21	13	308.4	0.5	400.3
pandit_like_006702	7	102	21	13	308.4	0.5	400.3
pandit_like_008055	7	102	21	13	308.4	0.5	400.3
pandit_like_009742	7	102	21	13	308.4	0.5	400.3
pandit_like_017698	7	102	21	13	308.4	0.5	400.3
pandit_like_018848	7	102	21	13	308.4	0.5	400.3
pandit_like_019687	7	102	21	13	308.4	0.5	400.3
pandit_like_019907	7	102	21	13	308.4	0.5	400.3
pandit_like_001252	5	149	10	9	308.4	0.1	400.0
pandit_like_001342	5	149	10	9	308.4	0.1	400.0
pandit_like_001659	5	149	10	9	308.4	0.1	400.0
pandit_like_003130	5	149	10	9	308.4	0.1	400.0
pandit_like_003806	5	149	10	9	308.4	0.1	400.0
pandit_like_004978	5	149	10	9	308.4	0.1	400.0
pandit_like_007957	5	149	10	9	308.4	0.1	400.0
pandit_like_010451	5	149	10	9	308.4	0.1	400.0
pandit_like_012440	5	149	10	9	308.4	0.1	400.0
pandit_like_013670	5	149	10	9	308.4	0.1	400.0
pandit_like_015171	5	149	10	9	308.4	0.1	400.0
pandit_like_018468	5	149	10	9	308.4	0.1	400.0
pandit_like_019056	5	149	10	9	308.4	0.1	400.0
pandit_like_001980	4	189	6	7	308.4	0.1	399.9
pandit_like_003187	4	189	6	7	308.4	0.1	399.9
pandit_like_006837	4	189	6	7	308.4	0.1	399.9
pandit_like_000648	10	64	45	19	308.4	1.5	399.9
pandit_like_001696	10	64	45	19	308.4	1.5	399.9
pandit_like_001725	10	64	45	19	308.4	1.5	399.9
pandit_like_001845	10	64	45	19	308.4	1.5	399.9
pandit_like_002287	10	64	45	19	308.4	1.5	399.9
pandit_like_002350	10	64	45	19	308.4	1.5	399.9
pandit_like_003586	10	64	45	19	308.4	1.5	399.9
pandit_like_003800	10	64	45	19	308.4	1.5	399.9
pandit_like_005724	10	64	45	19	308.4	1.5	399.9
pandit_like_006094	10	64	45	19	308.4	1.5	399.9
pandit_like_007487	10	64	45	19	308.4	1.5	399.9
pandit_like_008656	10	64	45	19	308.4	1.5	399.9
pandit_like_008812	10	64	45	19	308.4	1.5	399.9
pandit_like_010138	10	64	45	19	308.4	1.5	399.9
pandit_like_010812	10	64	45	19	308.4	1.5	399.9
pandit_like_010993	10	64	45	19	308.4	1.5	399.9
pandit_like_011002	10	64	45	19	308.4	1.5	399.9
pandit_like_016220	10	64	45	19	308.4	1.5	399.9
pandit_like_016349	10	64	45	19	308.4	1.5	399.9
pandit_like_017085	10	64	45	19	308.4	1.5	399.9
pandit_like_019631	10	64	45	19	308.4	1.5	399.9
pandit_like_005085	12	48	66	23	308.4	2.8	399.8
pandit_like_007938	12	48	66	23	308.4	2.8	399.8
pandit_like_008093	12	48	66	23	308.4	2.8	399.8
pandit_like_011191	12	48	66	23	308.4	2.8	399.8
pandit_like_011889	12	48	66	23	308.4	2.8	399.8
pandit_like_016117	12	48	66	23	308.4	2.8	399.8
pandit_like_017451	12	48	66	23	308.4	2.8	399.8
pandit_like_002109	8	86	28	15	308.4	0.7	399.7
pandit_like_002432	8	86	28	15	308.4	0.7	399.7
pandit_like_008871	8	86	28	15	308.4	0.7	399.7
pandit_like_009444	8	86	28	15	308.4	0.7	399.7
pandit_like_016464	8	86	28	15	308.4	0.7	399.7
pandit_like_018420	8	86	28	15	308.4	0.7	399.7
pandit_like_004566	4	188	6	7	308.4	0.1	399.4
pandit_like_008303	4	188	6	7	308.4	0.1	399.4
pandit_like_018323	4	188	6	7	308.4	0.1	399.4
pandit_like_003021	7	101	21	13	308.4	0.5	399.4
pandit_like_005578	7	101	21	13	308.4	0.5	399.4
pandit_like_006867	7	101	21	13	308.4	0.5	399.4
pandit_like_017236	7	101	21	13	308.4	0.5	399.4
pandit_like_004223	11	55	55	21	308.4	2.1	399.3
pandit_like_009592	11	55	55	21	308.4	2.1	399.3
pandit_like_016923	11	55	55	21	308.4	2.1	399.3
pandit_like_017939	11	55	55	21	308.4	2.1	399.3
pandit_like_001895	4	187	6	7	308.4	0.1	398.9
pandit_like_001946	4	187	6	7	308.4	0.1	398.9
pandit_like_012255	4	187	6	7	308.4	0.1	398.9
pandit_like_013224	4	187	6	7	308.4	0.1	398.9
pandit_like_013815	4	187	6	7	308.4	0.1	398.9
pandit_like_017606	4	187	6	7	308.4	0.1	398.9
pandit_like_017914	4	187	6	7	308.4	0.1	398.9
pandit_like_018904	4	187	6	7	308.4	0.1	398.9
pandit_like_000191	5	147	10	9	308.4	0.1	398.8
pandit_like_008782	5	147	10	9	308.4	0.1	398.8
pandit_like_010060	5	147	10	9	308.4	0.1	398.8
pandit_like_016036	5	147	10	9	308.4	0.1	398.8
pandit_like_016583	5	147	10	9	308.4	0.1	398.8
pandit_like_010278	9	73	36	17	308.4	1.1	398.8
pandit_like_001004	8	85	28	15	308.4	0.7	398.7
pandit_like_007252	8	85	28	15	308.4	0.7	398.7
pandit_like_009031	8	85	28	15	308.4	0.7	398.7
pandit_like_018825	8	85	28	15	308.4	0.7	398.7
pandit_like_000237	14	35	91	27	308.4	4.6	398.5
pandit_like_001397	14	35	91	27	308.4	4.6	398.5
pandit_like_001650	14	35	91	27	308.4	4.6	398.5
pandit_like_003922	14	35	91	27	308.4	4.6	398.5
pandit_like_001405	4	186	6	7	308.4	0.1	398.4
pandit_like_004346	4	186	6	7	308.4	0.1	398.4
pandit_like_004597	4	186	6	7	308.4	0.1	398.4
pandit_like_008295	4	186	6	7	308.4	0.1	398.4
pandit_like_008637	4	186	6	7	308.4	0.1	398.4
pandit_like_013450	4	186	6	7	308.4	0.1	398.4
pandit_like_017859	4	186	6	7	308.4	0.1	398.4
pandit_like_018312	4	186	6	7	308.4	0.1	398.4
pandit_like_000267	5	146	10	9	308.4	0.1	398.2
pandit_like_001981	5	146	10	9	308.4	0.1	398.2
pandit_like_003856	5	146	10	9	308.4	0.1	398.2
pandit_like_003975	5	146	10	9	308.4	0.1	398.2
pandit_like_005702	5	146	10	9	308.4	0.1	398.2
pandit_like_006556	5	146	10	9	308.4	0.1	398.2
pandit_like_010134	5	146	10	9	308.4	0.1	398.2
pandit_like_010356	5	146	10	9	308.4	0.1	398.2
pandit_like_012349	5	146	10	9	308.4	0.1	398.2
pandit_like_015039	5	146	10	9	308.4	0.1	398.2
pandit_like_015231	5	146	10	9	308.4	0.1	398.2
pandit_like_015258	5	146	10	9	308.4	0.1	398.2
pandit_like_016369	5	146	10	9	308.4	0.1	398.2
pandit_like_017148	5	146	10	9	308.4	0.1	398.2
pandit_like_018850	5	146	10	9	308.4	0.1	398.2
pandit_like_008417	4	185	6	7	308.4	0.1	398.0
pandit_like_012432	4	185	6	7	308.4	0.1	398.0
pandit_like_014061	4	185	6	7	308.4	0.1	398.0
pandit_like_014095	4	185	6	7	308.4	0.1	398.0
pandit_like_014310	4	185	6	7	308.4	0.1	398.0
pandit_like_014903	4	185	6	7	308.4	0.1	398.0
pandit_like_016532	4	185	6	7	308.4	0.1	398.0
pandit_like_017809	4	185	6	7	308.4	0.1	398.0
pandit_like_017900	4	185	6	7	308.4	0.1	398.0
pandit_like_018859	4	185	6	7	308.4	0.1	398.0
pandit_like_000953	5	145	10	9	308.4	0.1	397.6
pandit_like_001357	5	145	10	9	308.4	0.1	397.6
pandit_like_007413	5	145	10	9	308.4	0.1	397.6
pandit_like_008205	5	145	10	9	308.4	0.1	397.6
pandit_like_008560	5	145	10	9	308.4	0.1	397.6
pandit_like_018341	5	145	10	9	308.4	0.1	397.6
pandit_like_002737	4	184	6	7	308.4	0.1	397.5
pandit_like_005205	4	184	6	7	308.4	0.1	397.5
pandit_like_006550	4	184	6	7	308.4	0.1	397.5
pandit_like_006689	4	184	6	7	308.4	0.1	397.5
pandit_like_007850	4	184	6	7	308.4	0.1	397.5
pandit_like_009601	4	184	6	7	308.4	0.1	397.5
pandit_like_009607	4	184	6	7	308.4	0.1	397.5
pandit_like_011139	4	184	6	7	308.4	0.1	397.5
pandit_like_011391	4	184	6	7	308.4	0.1	397.5
pandit_like_012078	4	184	6	7	308.4	0.1	397.5
pandit_like_013208	4	184	6	7	308.4	0.1	397.5
pandit_like_014601	4	184	6	7	308.4	0.1	397.5
pandit_like_016182	4	184	6	7	308.4	0.1	397.5
pandit_like_001333	10	62	45	19	308.4	1.5	397.5
pandit_like_003168	10	62	45	19	308.4	1.5	397.5
pandit_like_006272	10	62	45	19	308.4	1.5	397.5
pandit_like_007017	10	62	45	19	308.4	1.5	397.5
pandit_like_008653	10	62	45	19	308.4	1.5	397.5
pandit_like_009058	10	62	45	19	308.4	1.5	397.5
pandit_like_011700	10	62	45	19	308.4	1.5	397.5
pandit_like_012102	10	62	45	19	308.4	1.5	397.5
pandit_like_012503	10	62	45	19	308.4	1.5	397.5
pandit_like_012596	10	62	45	19	308.4	1.5	397.5
pandit_like_015580	10	62	45	19	308.4	1.5	397.5
pandit_like_015981	10	62	45	19	308.4	1.5	397.5
pandit_like_019139	10	62	45	19	308.4	1.5	397.5
pandit_like_019203	10	62	45	19	308.4	1.5	397.5
pandit_like_000534	4	183	6	7	308.4	0.1	397.0
pandit_like_006888	4	183	6	7	308.4	0.1	397.0
pandit_like_013183	4	183	6	7	308.4	0.1	397.0
pandit_like_014389	4	183	6	7	308.4	0.1	397.0
pandit_like_015038	4	183	6	7	308.4	0.1	397.0
pandit_like_018714	4	183	6	7	308.4	0.1	397.0
pandit_like_001854	5	144	10	9	308.4	0.1	397.0
pandit_like_005785	5	144	10	9	308.4	0.1	397.0
pandit_like_007554	5	144	10	9	308.4	0.1	397.0
pandit_like_007833	5	144	10	9	308.4	0.1	397.0
pandit_like_015115	5	144	10	9	308.4	0.1	397.0
pandit_like_016511	5	144	10	9	308.4	0.1	397.0
pandit_like_016737	5	144	10	9	308.4	0.1	397.0
pandit_like_006891	15	29	105	29	308.4	5.7	397.0
pandit_like_008260	15	29	105	29	308.4	5.7	397.0
pandit_like_009819	15	29	105	29	308.4	5.7	397.0
pandit_like_015223	15	29	105	29	308.4	5.7	397.0
pandit_like_019373	15	29	105	29	308.4	5.7	397.0
pandit_like_005378	7	98	21	13	308.4	0.5	396.9
pandit_like_010684	7	98	21	13	308.4	0.5	396.9
pandit_like_011364	7	98	21	13	308.4	0.5	396.9
pandit_like_012153	7	98	21	13	308.4	0.5	396.9
pandit_like_013767	7	98	21	13	308.4	0.5	396.9
pandit_like_015558	7	98	21	13	308.4	0.5	396.9
pandit_like_016512	7	98	21	13	308.4	0.5	396.9
pandit_like_017404	7	98	21	13	308.4	0.5	396.9
pandit_like_019547	7	98	21	13	308.4	0.5	396.9
pandit_like_002406	6	117	15	11	308.4	0.3	396.7
pandit_like_007189	6	117	15	11	308.4	0.3	396.7
pandit_like_009000	6	117	15	11	308.4	0.3	396.7
pandit_like_010426	6	117	15	11	308.4	0.3	396.7
pandit_like_013133	6	117	15	11	308.4	0.3	396.7
pandit_like_013823	6	117	15	11	308.4	0.3	396.7
pandit_like_019733	6	117	15	11	308.4	0.3	396.7
pandit_like_019832	6	117	15	11	308.4	0.3	396.7
pandit_like_001185	9	71	36	17	308.4	1.1	396.6
pandit_like_001429	9	71	36	17	308.4	1.1	396.6
pandit_like_012859	9	71	36	17	308.4	1.1	396.6
pandit_like_018049	9	71	36	17	308.4	1.1	396.6
pandit_like_000305	4	182	6	7	308.4	0.1	396.5
pandit_like_001705	4	182	6	7	308.4	0.1	396.5
pandit_like_003466	4	182	6	7	308.4	0.1	396.5
pandit_like_003499	4	182	6	7	308.4	0.1	396.5
pandit_like_006761	4	182	6	7	308.4	0.1	396.5
pandit_like_007815	4	182	6	7	308.4	0.1	396.5
pandit_like_008657	4	182	6	7	308.4	0.1	396.5
pandit_like_008723	4	182	6	7	308.4	0.1	396.5
pandit_like_008742	4	182	6	7	308.4	0.1	396.5
pandit_like_011049	4	182	6	7	308.4	0.1	396.5
pandit_like_012205	4	182	6	7	308.4	0.1	396.5
pandit_like_016177	4	182	6	7	308.4	0.1	396.5
pandit_like_017195	4	182	6	7	308.4	0.1	396.5
pandit_like_017201	4	182	6	7	308.4	0.1	396.5
pandit_like_018258	4	182	6	7	308.4	0.1	396.5
pandit_like_019088	4	182	6	7	308.4	0.1	396.5
pandit_like_001837	5	143	10	9	308.4	0.1	396.5
pandit_like_001984	5	143	10	9	308.4	0.1	396.5
pandit_like_003839	5	143	10	9	308.4	0.1	396.5
pandit_like_005207	5	143	10	9	308.4	0.1	396.5
pandit_like_007849	5	143	10	9	308.4	0.1	396.5
pandit_like_010408	5	143	10	9	308.4	0.1	396.5
pandit_like_007285	4	181	6	7	308.4	0.1	396.1
pandit_like_013006	4	181	6	7	308.4	0.1	396.1
pandit_like_004452	7	97	21	13	308.4	0.5	396.1
pandit_like_005806	7	97	21	13	308.4	0.5	396.1
pandit_like_009349	7	97	21	13	308.4	0.5	396.1
pandit_like_009916	7	97	21	13	308.4	0.5	396.1
pandit_like_012487	7	97	21	13	308.4	0.5	396.1
pandit_like_012909	7	97	21	13	308.4	0.5	396.1
pandit_like_013476	7	97	21	13	308.4	0.5	396.1
pandit_like_013969	7	97	21	13	308.4	0.5	396.1
pandit_like_014194	7	97	21	13	308.4	0.5	396.1
pandit_like_016299	7	97	21	13	308.4	0.5	396.1
pandit_like_016602	7	97	21	13	308.4	0.5	396.1
pandit_like_017750	7	97	21	13	308.4	0.5	396.1
pandit_like_018845	7	97	21	13	308.4	0.5	396.1
pandit_like_004506	6	116	15	11	308.4	0.3	396.0
pandit_like_007400	6	116	15	11	308.4	0.3	396.0
pandit_like_007458	6	116	15	11	308.4	0.3	396.0
pandit_like_008661	6	116	15	11	308.4	0.3	396.0
pandit_like_008866	6	116	15	11	308.4	0.3	396.0
pandit_like_011146	6	116	15	11	308.4	0.3	396.0
pandit_like_013275	6	116	15	11	308.4	0.3	396.0
pandit_like_016235	6	116	15	11	308.4	0.3	396.0
pandit_like_016801	6	116	15	11	308.4	0.3	396.0
pandit_like_009628	5	142	10	9	308.4	0.1	395.9
pandit_like_011865	5	142	10	9	308.4	0.1	395.9
pandit_like_000316	8	82	28	15	308.4	0.7	395.8
pandit_like_007078	8	82	28	15	308.4	0.7	395.8
pandit_like_009115	8	82	28	15	308.4	0.7	395.8
pandit_like_010366	8	82	28	15	308.4	0.7	395.8
pandit_like_014778	8	82	28	15	308.4	0.7	395.8
pandit_like_016748	8	82	28	15	308.4	0.7	395.8
pandit_like_001992	13	39	78	25	308.4	3.6	395.8
pandit_like_013474	13	39	78	25	308.4	3.6	395.8
pandit_like_000184	6	115	15	11	308.4	0.3	395.3
pandit_like_001843	6	115	15	11	308.4	0.3	395.3
pandit_like_002069	6	115	15	11	308.4	0.3	395.3
pandit_like_002417	6	115	15	11	308.4	0.3	395.3
pandit_like_002853	6	115	15	11	308.4	0.3	395.3
pandit_like_005666	6	115	15	11	308.4	0.3	395.3
pandit_like_005963	6	115	15	11	308.4	0.3	395.3
pandit_like_006838	6	115	15	11	308.4	0.3	395.3
pandit_like_010852	6	115	15	11	308.4	0.3	395.3
pandit_like_011161	6	115	15	11	308.4	0.3	395.3
pandit_like_011426	6	115	15	11	308.4	0.3	395.3
pandit_like_011606	6	115	15	11	308.4	0.3	395.3
pandit_like_013264	6	115	15	11	308.4	0.3	395.3
pandit_like_014055	6	115	15	11	308.4	0.3	395.3
pandit_like_014907	6	115	15	11	308.4	0.3	395.3
pandit_like_015389	6	115	15	11	308.4	0.3	395.3
pandit_like_016059	6	115	15	11	308.4	0.3	395.3
pandit_like_016253	6	115	15	11	308.4	0.3	395.3
pandit_like_016903	6	115	15	11	308.4	0.3	395.3
pandit_like_019145	6	115	15	11	308.4	0.3	395.3
pandit_like_019192	6	115	15	11	308.4	0.3	395.3
pandit_like_002755	7	96	21	13	308.4	0.5	395.2
pandit_like_008921	7	96	21	13	308.4	0.5	395.2
pandit_like_010908	7	96	21	13	308.4	0.5	395.2
pandit_like_011984	7	96	21	13	308.4	0.5	395.2
pandit_like_013036	7	96	21	13	308.4	0.5	395.2
pandit_like_014797	7	96	21	13	308.4	0.5	395.2
pandit_like_018175	7	96	21	13	308.4	0.5	395.2
pandit_like_000128	15	28	105	29	308.4	5.7	395.2
pandit_like_000296	15	28	105	29	308.4	5.7	395.2
pandit_like_000618	15	28	105	29	308.4	5.7	395.2
pandit_like_002178	15	28	105	29	308.4	5.7	395.2
pandit_like_007985	15	28	105	29	308.4	5.7	395.2
pandit_like_008331	15	28	105	29	308.4	5.7	395.2
pandit_like_008632	15	28	105	29	308.4	5.7	395.2
pandit_like_008667	15	28	105	29	308.4	5.7	395.2
pandit_like_013029	15	28	105	29	308.4	5.7	395.2
pandit_like_013540	15	28	105	29	308.4	5.7	395.2
pandit_like_013834	15	28	105	29	308.4	5.7	395.2
pandit_like_001001	4	179	6	7	308.4	0.1	395.1
pandit_like_001789	4	179	6	7	308.4	0.1	395.1
pandit_like_002331	4	179	6	7	308.4	0.1	395.1
pandit_like_002713	4	179	6	7	308.4	0.1	395.1
pandit_like_002953	4	179	6	7	308.4	0.1	395.1
pandit_like_003606	4	179	6	7	308.4	0.1	395.1
pandit_like_007955	4	179	6	7	308.4	0.1	395.1
pandit_like_008700	4	179	6	7	308.4	0.1	395.1
pandit_like_008913	4	179	6	7	308.4	0.1	395.1
pandit_like_009370	4	179	6	7	308.4	0.1	395.1
pandit_like_009594	4	179	6	7	308.4	0.1	395.1
pandit_like_010233	4	179	6	7	308.4	0.1	395.1
pandit_like_010377	4	179	6	7	308.4	0.1	395.1
pandit_like_011214	4	179	6	7	308.4	0.1	395.1
pandit_like_011489	4	179	6	7	308.4	0.1	395.1
pandit_like_012280	4	179	6	7	308.4	0.1	395.1
pandit_like_012350	4	179	6	7	308.4	0.1	395.1
pandit_like_013282	4	179	6	7	308.4	0.1	395.1
pandit_like_013936	4	179	6	7	308.4	0.1	395.1
pandit_like_014475	4	179	6	7	308.4	0.1	395.1
pandit_like_015169	4	179	6	7	308.4	0.1	395.1
pandit_like_015525	4	179	6	7	308.4	0.1	395.1
pandit_like_016967	4	179	6	7	308.4	0.1	395.1
pandit_like_019071	4	179	6	7	308.4	0.1	395.1
pandit_like_019232	4	179	6	7	308.4	0.1	395.1
pandit_like_019892	4	179	6	7	308.4	0.1	395.1
pandit_like_003861	10	60	45	19	308.4	1.5	395.1
pandit_like_003876	10	60	45	19	308.4	1.5	395.1
pandit_like_004149	10	60	45	19	308.4	1.5	395.1
pandit_like_004851	10	60	45	19	308.4	1.5	395.1
pandit_like_005902	10	60	45	19	308.4	1.5	395.1
pandit_like_006186	10	60	45	19	308.4	1.5	395.1
pandit_like_008739	10	60	45	19	308.4	1.5	395.1
pandit_like_009236	10	60	45	19	308.4	1.5	395.1
pandit_like_009308	10	60	45	19	308.4	1.5	395.1
pandit_like_009576	10	60	45	19	308.4	1.5	395.1
pandit_like_010027	10	60	45	19	308.4	1.5	395.1
pandit_like_010189	10	60	45	19	308.4	1.5	395.1
pandit_like_015186	10	60	45	19	308.4	1.5	395.1
pandit_like_015510	10	60	45	19	308.4	1.5	395.1
pandit_like_017532	10	60	45	19	308.4	1.5	395.1
pandit_like_017665	10	60	45	19	308.4	1.5	395.1
pandit_like_018172	10	60	45	19	308.4	1.5	395.1
pandit_like_018699	10	60	45	19	308.4	1.5	395.1
pandit_like_018738	10	60	45	19	308.4	1.5	395.1
pandit_like_019976	10	60	45	19	308.4	1.5	395.1
pandit_like_004662	14	33	91	27	308.4	4.6	395.1
pandit_like_015295	14	33	91	27	308.4	4.6	395.1
pandit_like_016125	14	33	91	27	308.4	4.6	395.1
pandit_like_004305	8	81	28	15	308.4	0.7	394.8
pandit_like_006462	8	81	28	15	308.4	0.7	394.8
pandit_like_007662	8	81	28	15	308.4	0.7	394.8
pandit_like_008910	8	81	28	15	308.4	0.7	394.8
pandit_like_010580	8	81	28	15	308.4	0.7	394.8
pandit_like_010641	8	81	28	15	308.4	0.7	394.8
pandit_like_010880	8	81	28	15	308.4	0.7	394.8
pandit_like_011908	8	81	28	15	308.4	0.7	394.8
pandit_like_012316	8	81	28	15	308.4	0.7	394.8
pandit_like_012641	8	81	28	15	308.4	0.7	394.8
pandit_like_014462	8	81	28	15	308.4	0.7	394.8
pandit_like_016582	8	81	28	15	308.4	0.7	394.8
pandit_like_017770	8	81	28	15	308.4	0.7	394.8
pandit_like_001115	5	140	10	9	308.4	0.1	394.7
pandit_like_002440	5	140	10	9	308.4	0.1	394.7
pandit_like_002963	5	140	10	9	308.4	0.1	394.7
pandit_like_003846	5	140	10	9	308.4	0.1	394.7
pandit_like_004742	5	140	10	9	308.4	0.1	394.7
pandit_like_005787	5	140	10	9	308.4	0.1	394.7
pandit_like_007151	5	140	10	9	308.4	0.1	394.7
pandit_like_009103	5	140	10	9	308.4	0.1	394.7
pandit_like_010749	5	140	10	9	308.4	0.1	394.7
pandit_like_012275	5	140	10	9	308.4	0.1	394.7
pandit_like_014671	5	140	10	9	308.4	0.1	394.7
pandit_like_019048	5	140	10	9	308.4	0.1	394.7
pandit_like_019494	5	140	10	9	308.4	0.1	394.7
pandit_like_000173	4	178	6	7	308.4	0.1	394.6
pandit_like_004723	4	178	6	7	308.4	0.1	394.6
pandit_like_006635	4	178	6	7	308.4	0.1	394.6
pandit_like_012702	4	178	6	7	308.4	0.1	394.6
pandit_like_015720	4	178	6	7	308.4	0.1	394.6
pandit_like_019031	4	178	6	7	308.4	0.1	394.6
pandit_like_011491	6	114	15	11	308.4	0.3	394.6
pandit_like_012429	6	114	15	11	308.4	0.3	394.6
pandit_like_013680	6	114	15	11	308.4	0.3	394.6
pandit_like_008573	7	95	21	13	308.4	0.5	394.4
pandit_like_008842	7	95	21	13	308.4	0.5	394.4
pandit_like_017927	7	95	21	13	308.4	0.5	394.4
pandit_like_008643	9	69	36	17	308.4	1.1	394.4
pandit_like_013786	9	69	36	17	308.4	1.1	394.4
pandit_like_000047	4	177	6	7	308.4	0.1	394.2
pandit_like_000059	4	177	6	7	308.4	0.1	394.2
pandit_like_000796	4	177	6	7	308.4	0.1	394.2
pandit_like_001954	4	177	6	7	308.4	0.1	394.2
pandit_like_002591	4	177	6	7	308.4	0.1	394.2
pandit_like_003779	4	177	6	7	308.4	0.1	394.2
pandit_like_005058	4	177	6	7	308.4	0.1	394.2
pandit_like_005634	4	177	6	7	308.4	0.1	394.2
pandit_like_008336	4	177	6	7	308.4	0.1	394.2
pandit_like_011436	4	177	6	7	308.4	0.1	394.2
pandit_like_011757	4	177	6	7	308.4	0.1	394.2
pandit_like_011818	4	177	6	7	308.4	0.1	394.2
pandit_like_013498	4	177	6	7	308.4	0.1	394.2
pandit_like_015755	4	177	6	7	308.4	0.1	394.2
pandit_like_015847	4	177	6	7	308.4	0.1	394.2
pandit_like_017471	4	177	6	7	308.4	0.1	394.2
pandit_like_017920	4	177	6	7	308.4	0.1	394.2
pandit_like_018269	4	177	6	7	308.4	0.1	394.2
pandit_like_018373	4	177	6	7	308.4	0.1	394.2
pandit_like_019671	4	177	6	7	308.4	0.1	394.2
pandit_like_003575	12	44	66	23	308.4	2.8	394.0
pandit_like_004946	12	44	66	23	308.4	2.8	394.0
pandit_like_000696	8	80	28	15	308.4	0.7	393.9
pandit_like_002027	8	80	28	15	308.4	0.7	393.9
pandit_like_004191	8	80	28	15	308.4	0.7	393.9
pandit_like_006573	8	80	28	15	308.4	0.7	393.9
pandit_like_010254	8	80	28	15	308.4	0.7	393.9
pandit_like_010865	8	80	28	15	308.4	0.7	393.9
pandit_like_010886	8	80	28	15	308.4	0.7	393.9
pandit_like_002164	6	113	15	11	308.4	0.3	393.8
pandit_like_002343	6	113	15	11	308.4	0.3	393.8
pandit_like_002883	6	113	15	11	308.4	0.3	393.8
pandit_like_003954	6	113	15	11	308.4	0.3	393.8
pandit_like_006319	6	113	15	11	308.4	0.3	393.8
pandit_like_006812	6	113	15	11	308.4	0.3	393.8
pandit_like_007502	6	113	15	11	308.4	0.3	393.8
pandit_like_007777	6	113	15	11	308.4	0.3	393.8
pandit_like_011921	6	113	15	11	308.4	0.3	393.8
pandit_like_012581	6	113	15	11	308.4	0.3	393.8
pandit_like_014520	6	113	15	11	308.4	0.3	393.8
pandit_like_015108	6	113	15	11	308.4	0.3	393.8
pandit_like_016416	6	113	15	11	308.4	0.3	393.8
pandit_like_017012	6	113	15	11	308.4	0.3	393.8
pandit_like_000556	7	94	21	13	308.4	0.5	393.6
pandit_like_001592	7	94	21	13	308.4	0.5	393.6
pandit_like_003879	7	94	21	13	308.4	0.5	393.6
pandit_like_005041	7	94	21	13	308.4	0.5	393.6
pandit_like_006193	7	94	21	13	308.4	0.5	393.6
pandit_like_006436	7	94	21	13	308.4	0.5	393.6
pandit_like_009635	7	94	21	13	308.4	0.5	393.6
pandit_like_012543	7	94	21	13	308.4	0.5	393.6
pandit_like_013487	7	94	21	13	308.4	0.5	393.6
pandit_like_014308	7	94	21	13	308.4	0.5	393.6
pandit_like_015765	7	94	21	13	308.4	0.5	393.6
pandit_like_019103	7	94	21	13	308.4	0.5	393.6
pandit_like_019760	7	94	21	13	308.4	0.5	393.6
pandit_like_003809	6	112	15	11	308.4	0.3	393.1
pandit_like_003978	6	112	15	11	308.4	0.3	393.1
pandit_like_005217	6	112	15	11	308.4	0.3	393.1
pandit_like_012106	6	112	15	11	308.4	0.3	393.1
pandit_like_017312	6	112	15	11	308.4	0.3	393.1
pandit_like_019437	6	112	15	11	308.4	0.3	393.1
pandit_like_003995	5	137	10	9	308.4	0.1	392.9
pandit_like_010164	5	137	10	9	308.4	0.1	392.9
pandit_like_017372	5	137	10	9	308.4	0.1	392.9
pandit_like_000815	4	174	6	7	308.4	0.1	392.7
pandit_like_002329	4	174	6	7	308.4	0.1	392.7
pandit_like_003181	4	174	6	7	308.4	0.1	392.7
pandit_like_005567	4	174	6	7	308.4	0.1	392.7
pandit_like_009113	4	174	6	7	308.4	0.1	392.7
pandit_like_011795	4	174	6	7	308.4	0.1	392.7
pandit_like_013084	4	174	6	7	308.4	0.1	392.7
pandit_like_016087	4	174	6	7	308.4	0.1	392.7
pandit_like_000329	7	93	21	13	308.4	0.5	392.7
pandit_like_001674	7	93	21	13	308.4	0.5	392.7
pandit_like_002176	7	93	21	13	308.4	0.5	392.7
pandit_like_006293	7	93	21	13	308.4	0.5	392.7
pandit_like_006537	7	93	21	13	308.4	0.5	392.7
pandit_like_009515	7	93	21	13	308.4	0.5	392.7
pandit_like_010681	7	93	21	13	308.4	0.5	392.7
pandit_like_012118	7	93	21	13	308.4	0.5	392.7
pandit_like_014249	7	93	21	13	308.4	0.5	392.7
pandit_like_014890	7	93	21	13	308.4	0.5	392.7
pandit_like_018065	7	93	21	13	308.4	0.5	392.7
pandit_like_018536	7	93	21	13	308.4	0.5	392.7
pandit_like_004115	11	50	55	21	308.4	2.1	392.6
pandit_like_007257	11	50	55	21	308.4	2.1	392.6
pandit_like_009334	11	50	55	21	308.4	2.1	392.6
pandit_like_010719	11	50	55	21	308.4	2.1	392.6
pandit_like_015774	11	50	55	21	308.4	2.1	392.6
pandit_like_018222	11	50	55	21	308.4	2.1	392.6
pandit_like_001441	6	111	15	11	308.4	0.3	392.4
pandit_like_009942	6	111	15	11	308.4	0.3	392.4
pandit_like_013363	6	111	15	11	308.4	0.3	392.4
pandit_like_016068	6	111	15	11	308.4	0.3	392.4
pandit_like_000437	5	136	10	9	308.4	0.1	392.3
pandit_like_002418	5	136	10	9	308.4	0.1	392.3
pandit_like_012760	5	136	10	9	308.4	0.1	392.3
pandit_like_007896	9	67	36	17	308.4	1.1	392.3
pandit_like_001103	8	78	28	15	308.4	0.7	392.0
pandit_like_003649	8	78	28	15	308.4	0.7	392.0
pandit_like_005573	8	78	28	15	308.4	0.7	392.0
pandit_like_013085	8	78	28	15	308.4	0.7	392.0
pandit_like_000068	7	92	21	13	308.4	0.5	391.9
pandit_like_000880	7	92	21	13	308.4	0.5	391.9
pandit_like_005808	7	92	21	13	308.4	0.5	391.9
pandit_like_009147	7	92	21	13	308.4	0.5	391.9
pandit_like_017294	7	92	21	13	308.4	0.5	391.9
pandit_like_018511	7	92	21	13	308.4	0.5	391.9
pandit_like_000812	4	172	6	7	308.4	0.1	391.8
pandit_like_001114	4	172	6	7	308.4	0.1	391.8
pandit_like_001704	4	172	6	7	308.4	0.1	391.8
pandit_like_004156	4	172	6	7	308.4	0.1	391.8
pandit_like_005611	4	172	6	7	308.4	0.1	391.8
pandit_like_005860	4	172	6	7	308.4	0.1	391.8
pandit_like_012646	4	172	6	7	308.4	0.1	391.8
pandit_like_012657	4	172	6	7	308.4	0.1	391.8
pandit_like_018219	4	172	6	7	308.4	0.1	391.8
pandit_like_001109	6	110	15	11	308.4	0.3	391.7
pandit_like_005069	6	110	15	11	308.4	0.3	391.7
pandit_like_013721	6	110	15	11	308.4	0.3	391.7
pandit_like_003494	4	171	6	7	308.4	0.1	391.3
pandit_like_007101	4	171	6	7	308.4	0.1	391.3
pandit_like_009458	4	171	6	7	308.4	0.1	391.3
pandit_like_010229	4	171	6	7	308.4	0.1	391.3
pandit_like_010766	4	171	6	7	308.4	0.1	391.3
pandit_like_017587	4	171	6	7	308.4	0.1	391.3
pandit_like_003080	11	49	55	21	308.4	2.1	391.3
pandit_like_003970	11	49	55	21	308.4	2.1	391.3
pandit_like_011213	11	49	55	21	308.4	2.1	391.3
pandit_like_012062	11	49	55	21	308.4	2.1	391.3
pandit_like_012607	11	49	55	21	308.4	2.1	391.3
pandit_like_014468	11	49	55	21	308.4	2.1	391.3
pandit_like_018094	11	49	55	21	308.4	2.1	391.3
pandit_like_018900	11	49	55	21	308.4	2.1	391.3
pandit_like_000823	5	134	10	9	308.4	0.1	391.1
pandit_like_004809	5	134	10	9	308.4	0.1	391.1
pandit_like_005129	5	134	10	9	308.4	0.1	391.1
pandit_like_006134	5	134	10	9	308.4	0.1	391.1
pandit_like_007732	5	134	10	9	308.4	0.1	391.1
pandit_like_009599	5	134	10	9	308.4	0.1	391.1
pandit_like_011702	5	134	10	9	308.4	0.1	391.1
pandit_like_017070	5	134	10	9	308.4	0.1	391.1
pandit_like_006398	7	91	21	13	308.4	0.5	391.1
pandit_like_007152	7	91	21	13	308.4	0.5	391.1
pandit_like_000924	6	109	15	11	308.4	0.3	391.0
pandit_like_008578	6	109	15	11	308.4	0.3	391.0
pandit_like_008860	6	109	15	11	308.4	0.3	391.0
pandit_like_014625	6	109	15	11	308.4	0.3	391.0
pandit_like_017514	6	109	15	11	308.4	0.3	391.0
pandit_like_000729	4	170	6	7	308.4	0.1	390.8
pandit_like_005091	4	170	6	7	308.4	0.1	390.8
pandit_like_014479	4	170	6	7	308.4	0.1	390.8
pandit_like_017812	4	170	6	7	308.4	0.1	390.8
pandit_like_000185	5	133	10	9	308.4	0.1	390.5
pandit_like_000300	5	133	10	9	308.4	0.1	390.5
pandit_like_001344	5	133	10	9	308.4	0.1	390.5
pandit_like_002757	5	133	10	9	308.4	0.1	390.5
pandit_like_003485	5	133	10	9	308.4	0.1	390.5
pandit_like_004198	5	133	10	9	308.4	0.1	390.5
pandit_like_004887	5	133	10	9	308.4	0.1	390.5
pandit_like_009077	5	133	10	9	308.4	0.1	390.5
pandit_like_009500	5	133	10	9	308.4	0.1	390.5
pandit_like_016958	5	133	10	9	308.4	0.1	390.5
pandit_like_016972	5	133	10	9	308.4	0.1	390.5
pandit_like_017996	5	133	10	9	308.4	0.1	390.5
pandit_like_002098	6	108	15	11	308.4	0.3	390.3
pandit_like_003755	6	108	15	11	308.4	0.3	390.3
pandit_like_010206	6	108	15	11	308.4	0.3	390.3
pandit_like_010249	6	108	15	11	308.4	0.3	390.3
pandit_like_011244	6	108	15	11	308.4	0.3	390.3
pandit_like_011397	6	108	15	11	308.4	0.3	390.3
pandit_like_013504	6	108	15	11	308.4	0.3	390.3
pandit_like_013656	6	108	15	11	308.4	0.3	390.3
pandit_like_001703	7	90	21	13	308.4	0.5	390.2
pandit_like_003293	7	90	21	13	308.4	0.5	390.2
pandit_like_003526	7	90	21	13	308.4	0.5	390.2
pandit_like_007137	7	90	21	13	308.4	0.5	390.2
pandit_like_008382	7	90	21	13	308.4	0.5	390.2
pandit_like_011706	7	90	21	13	308.4	0.5	390.2
pandit_like_014843	7	90	21	13	308.4	0.5	390.2
pandit_like_015437	7	90	21	13	308.4	0.5	390.2
pandit_like_017367	7	90	21	13	308.4	0.5	390.2
pandit_like_018206	7	90	21	13	308.4	0.5	390.2
pandit_like_003827	9	65	36	17	308.4	1.1	390.1
pandit_like_005247	9	65	36	17	308.4	1.1	390.1
pandit_like_005664	9	65	36	17	308.4	1.1	390.1
pandit_like_007617	9	65	36	17	308.4	1.1	390.1
pandit_like_010334	9	65	36	17	308.4	1.1	390.1
pandit_like_012813	9	65	36	17	308.4	1.1	390.1
pandit_like_000709	5	132	10	9	308.4	0.1	389.9
pandit_like_014751	5	132	10	9	308.4	0.1	389.9
pandit_like_016797	5	132	10	9	308.4	0.1	389.9
pandit_like_003382	6	107	15	11	308.4	0.3	389.5
pandit_like_005677	6	107	15	11	308.4	0.3	389.5
pandit_like_005867	6	107	15	11	308.4	0.3	389.5
pandit_like_007903	6	107	15	11	308.4	0.3	389.5
pandit_like_010707	6	107	15	11	308.4	0.3	389.5
pandit_like_000607	7	89	21	13	308.4	0.5	389.4
pandit_like_003034	7	89	21	13	308.4	0.5	389.4
pandit_like_005668	7	89	21	13	308.4	0.5	389.4
pandit_like_006230	7	89	21	13	308.4	0.5	389.4
pandit_like_006378	7	89	21	13	308.4	0.5	389.4
pandit_like_007766	7	89	21	13	308.4	0.5	389.4
pandit_like_010123	7	89	21	13	308.4	0.5	389.4
pandit_like_010257	7	89	21	13	308.4	0.5	389.4
pandit_like_014463	7	89	21	13	308.4	0.5	389.4
pandit_like_014506	7	89	21	13	308.4	0.5	389.4
pandit_like_015764	7	89	21	13	308.4	0.5	389.4
pandit_like_018598	7	89	21	13	308.4	0.5	389.4
pandit_like_018815	7	89	21	13	308.4	0.5	389.4
pandit_like_002471	5	131	10	9	308.4	0.1	389.3
pandit_like_002951	5	131	10	9	308.4	0.1	389.3
pandit_like_003159	5	131	10	9	308.4	0.1	389.3
pandit_like_003446	5	131	10	9	308.4	0.1	389.3
pandit_like_003709	5	131	10	9	308.4	0.1	389.3
pandit_like_006212	5	131	10	9	308.4	0.1	389.3
pandit_like_011411	5	131	10	9	308.4	0.1	389.3
pandit_like_012452	5	131	10	9	308.4	0.1	389.3
pandit_like_013010	5	131	10	9	308.4	0.1	389.3
pandit_like_019442	5	131	10	9	308.4	0.1	389.3
pandit_like_019798	5	131	10	9	308.4	0.1	389.3
pandit_like_005117	8	75	28	15	308.4	0.7	389.1
pandit_like_007215	8	75	28	15	308.4	0.7	389.1
pandit_like_014949	8	75	28	15	308.4	0.7	389.1
pandit_like_008982	9	64	36	17	308.4	1.1	389.0
pandit_like_012683	9	64	36	17	308.4	1.1	389.0
pandit_like_014048	9	64	36	17	308.4	1.1	389.0
pandit_like_015940	9	64	36	17	308.4	1.1	389.0
pandit_like_018566	9	64	36	17	308.4	1.1	389.0
pandit_like_018937	9	64	36	17	308.4	1.1	389.0
pandit_like_001608	4	166	6	7	308.4	0.1	388.9
pandit_like_002948	4	166	6	7	308.4	0.1	388.9
pandit_like_005815	4	166	6	7	308.4	0.1	388.9
pandit_like_007559	4	166	6	7	308.4	0.1	388.9
pandit_like_008640	4	166	6	7	308.4	0.1	388.9
pandit_like_009397	4	166	6	7	308.4	0.1	388.9
pandit_like_011149	4	166	6	7	308.4	0.1	388.9
pandit_like_012894	4	166	6	7	308.4	0.1	388.9
pandit_like_013452	4	166	6	7	308.4	0.1	388.9
pandit_like_014333	4	166	6	7	308.4	0.1	388.9
pandit_like_015326	4	166	6	7	308.4	0.1	388.9
pandit_like_017033	4	166	6	7	308.4	0.1	388.9
pandit_like_017785	4	166	6	7	308.4	0.1	388.9
pandit_like_017815	4	166	6	7	308.4	0.1	388.9
pandit_like_018129	4	166	6	7	308.4	0.1	388.9
pandit_like_018279	4	166	6	7	308.4	0.1	388.9
pandit_like_019711	4	166	6	7	308.4	0.1	388.9
pandit_like_000415	6	106	15	11	308.4	0.3	388.8
pandit_like_000631	6	106	15	11	308.4	0.3	388.8
pandit_like_004484	6	106	15	11	308.4	0.3	388.8
pandit_like_005564	6	106	15	11	308.4	0.3	388.8
pandit_like_007577	6	106	15	11	308.4	0.3	388.8
pandit_like_008433	6	106	15	11	308.4	0.3	388.8
pandit_like_009489	6	106	15	11	308.4	0.3	388.8
pandit_like_010232	6	106	15	11	308.4	0.3	388.8
pandit_like_014638	6	106	15	11	308.4	0.3	388.8
pandit_like_014748	6	106	15	11	308.4	0.3	388.8
pandit_like_014753	6	106	15	11	308.4	0.3	388.8
pandit_like_015139	6	106	15	11	308.4	0.3	388.8
pandit_like_001022	5	130	10	9	308.4	0.1	388.7
pandit_like_002073	5	130	10	9	308.4	0.1	388.7
pandit_like_002704	5	130	10	9	308.4	0.1	388.7
pandit_like_004591	5	130	10	9	308.4	0.1	388.7
pandit_like_008060	5	130	10	9	308.4	0.1	388.7
pandit_like_012303	5	130	10	9	308.4	0.1	388.7
pandit_like_013190	5	130	10	9	308.4	0.1	388.7
pandit_like_016435	5	130	10	9	308.4	0.1	388.7
pandit_like_000547	7	88	21	13	308.4	0.5	388.5
pandit_like_000665	7	88	21	13	308.4	0.5	388.5
pandit_like_000859	7	88	21	13	308.4	0.5	388.5
pandit_like_001570	7	88	21	13	308.4	0.5	388.5
pandit_like_008542	7	88	21	13	308.4	0.5	388.5
pandit_like_009720	7	88	21	13	308.4	0.5	388.5
pandit_like_009967	7	88	21	13	308.4	0.5	388.5
pandit_like_012502	7	88	21	13	308.4	0.5	388.5
pandit_like_012509	7	88	21	13	308.4	0.5	388.5
pandit_like_014454	7	88	21	13	308.4	0.5	388.5
pandit_like_016375	7	88	21	13	308.4	0.5	388.5
pandit_like_017628	7	88	21	13	308.4	0.5	388.5
pandit_like_001527	14	29	91	27	308.4	4.6	388.2
pandit_like_008518	14	29	91	27	308.4	4.6	388.2
pandit_like_010258	14	29	91	27	308.4	4.6	388.2
pandit_like_011740	14	29	91	27	308.4	4.6	388.2
pandit_like_016875	14	29	91	27	308.4	4.6	388.2
pandit_like_008615	5	129	10	9	308.4	0.1	388.1
pandit_like_019604	5	129	10	9	308.4	0.1	388.1
pandit_like_009669	6	105	15	11	308.4	0.3	388.1
pandit_like_002117	8	74	28	15	308.4	0.7	388.1
pandit_like_009303	8	74	28	15	308.4	0.7	388.1
pandit_like_011560	8	74	28	15	308.4	0.7	388.1
pandit_like_017873	8	74	28	15	308.4	0.7	388.1
pandit_like_019510	8	74	28	15	308.4	0.7	388.1
pandit_like_007388	12	40	66	23	308.4	2.8	388.1
pandit_like_008016	12	40	66	23	308.4	2.8	388.1
pandit_like_013007	12	40	66	23	308.4	2.8	388.1
pandit_like_013974	12	40	66	23	308.4	2.8	388.1
pandit_like_014681	12	40	66	23	308.4	2.8	388.1
pandit_like_017289	12	40	66	23	308.4	2.8	388.1
pandit_like_009056	4	164	6	7	308.4	0.1	388.0
pandit_like_013748	4	164	6	7	308.4	0.1	388.0
pandit_like_015128	4	164	6	7	308.4	0.1	388.0
pandit_like_015917	4	164	6	7	308.4	0.1	388.0
pandit_like_016879	4	164	6	7	308.4	0.1	388.0
pandit_like_017078	4	164	6	7	308.4	0.1	388.0
pandit_like_017361	4	164	6	7	308.4	0.1	388.0
pandit_like_017726	4	164	6	7	308.4	0.1	388.0
pandit_like_018026	4	164	6	7	308.4	0.1	388.0
pandit_like_019134	4	164	6	7	308.4	0.1	388.0
pandit_like_019626	4	164	6	7	308.4	0.1	388.0
pandit_like_004661	9	63	36	17	308.4	1.1	387.9
pandit_like_008617	9	63	36	17	308.4	1.1	387.9
pandit_like_009135	9	63	36	17	308.4	1.1	387.9
pandit_like_017014	9	63	36	17	308.4	1.1	387.9
pandit_like_002888	15	24	105	29	308.4	5.7	387.8
pandit_like_003247	15	24	105	29	308.4	5.7	387.8
pandit_like_004186	15	24	105	29	308.4	5.7	387.8
pandit_like_005211	15	24	105	29	308.4	5.7	387.8
pandit_like_006390	15	24	105	29	308.4	5.7	387.8
pandit_like_007308	15	24	105	29	308.4	5.7	387.8
pandit_like_007659	15	24	105	29	308.4	5.7	387.8
pandit_like_008543	15	24	105	29	308.4	5.7	387.8
pandit_like_011900	15	24	105	29	308.4	5.7	387.8
pandit_like_014445	15	24	105	29	308.4	5.7	387.8
pandit_like_015674	15	24	105	29	308.4	5.7	387.8
pandit_like_004680	7	87	21	13	308.4	0.5	387.7
pandit_like_009976	7	87	21	13	308.4	0.5	387.7
pandit_like_010295	7	87	21	13	308.4	0.5	387.7
pandit_like_011327	7	87	21	13	308.4	0.5	387.7
pandit_like_012026	7	87	21	13	308.4	0.5	387.7
pandit_like_017183	7	87	21	13	308.4	0.5	387.7
pandit_like_018162	7	87	21	13	308.4	0.5	387.7
pandit_like_018757	7	87	21	13	308.4	0.5	387.7
pandit_like_019299	7	87	21	13	308.4	0.5	387.7
pandit_like_000204	4	163	6	7	308.4	0.1	387.5
pandit_like_000262	4	163	6	7	308.4	0.1	387.5
pandit_like_001272	4	163	6	7	308.4	0.1	387.5
pandit_like_001537	4	163	6	7	308.4	0.1	387.5
pandit_like_001738	4	163	6	7	308.4	0.1	387.5
pandit_like_001822	4	163	6	7	308.4	0.1	387.5
pandit_like_004012	4	163	6	7	308.4	0.1	387.5
pandit_like_004366	4	163	6	7	308.4	0.1	387.5
pandit_like_006546	4	163	6	7	308.4	0.1	387.5
pandit_like_006568	4	163	6	7	308.4	0.1	387.5
pandit_like_010790	4	163	6	7	308.4	0.1	387.5
pandit_like_011403	4	163	6	7	308.4	0.1	387.5
pandit_like_012979	4	163	6	7	308.4	0.1	387.5
pandit_like_013262	4	163	6	7	308.4	0.1	387.5
pandit_like_013334	4	163	6	7	308.4	0.1	387.5
pandit_like_013352	4	163	6	7	308.4	0.1	387.5
pandit_like_015798	4	163	6	7	308.4	0.1	387.5
pandit_like_016431	4	163	6	7	308.4	0.1	387.5
pandit_like_016448	4	163	6	7	308.4	0.1	387.5
pandit_like_018199	4	163	6	7	308.4	0.1	387.5
pandit_like_018949	4	163	6	7	308.4	0.1	387.5
pandit_like_001077	5	128	10	9	308.4	0.1	387.5
pandit_like_001292	5	128	10	9	308.4	0.1	387.5
pandit_like_002611	5	128	10	9	308.4	0.1	387.5
pandit_like_002925	5	128	10	9	308.4	0.1	387.5
pandit_like_003549	5	128	10	9	308.4	0.1	387.5
pandit_like_004634	5	128	10	9	308.4	0.1	387.5
pandit_like_005047	5	128	10	9	308.4	0.1	387.5
pandit_like_005286	5	128	10	9	308.4	0.1	387.5
pandit_like_006004	5	128	10	9	308.4	0.1	387.5
pandit_like_006046	5	128	10	9	308.4	0.1	387.5
pandit_like_006765	5	128	10	9	308.4	0.1	387.5
pandit_like_008457	5	128	10	9	308.4	0.1	387.5
pandit_like_009565	5	128	10	9	308.4	0.1	387.5
pandit_like_011409	5	128	10	9	308.4	0.1	387.5
pandit_like_012318	5	128	10	9	308.4	0.1	387.5
pandit_like_012523	5	128	10	9	308.4	0.1	387.5
pandit_like_012719	5	128	10	9	308.4	0.1	387.5
pandit_like_014469	5	128	10	9	308.4	0.1	387.5
pandit_like_015586	5	128	10	9	308.4	0.1	387.5
pandit_like_016112	5	128	10	9	308.4	0.1	387.5
pandit_like_016852	5	128	10	9	308.4	0.1	387.5
pandit_like_017222	5	128	10	9	308.4	0.1	387.5
pandit_like_007000	6	104	15	11	308.4	0.3	387.4
pandit_like_010541	6	104	15	11	308.4	0.3	387.4
pandit_like_011934	6	104	15	11	308.4	0.3	387.4
pandit_like_015319	6	104	15	11	308.4	0.3	387.4
pandit_like_016108	6	104	15	11	308.4	0.3	387.4
pandit_like_000608	8	73	28	15	308.4	0.7	387.2
pandit_like_006644	8	73	28	15	308.4	0.7	387.2
pandit_like_018972	8	73	28	15	308.4	0.7	387.2
pandit_like_019649	8	73	28	15	308.4	0.7	387.2
pandit_like_006589	4	162	6	7	308.4	0.1	387.0
pandit_like_006859	4	162	6	7	308.4	0.1	387.0
pandit_like_007116	4	162	6	7	308.4	0.1	387.0
pandit_like_007351	4	162	6	7	308.4	0.1	387.0
pandit_like_013302	4	162	6	7	308.4	0.1	387.0
pandit_like_013370	4	162	6	7	308.4	0.1	387.0
pandit_like_016943	4	162	6	7	308.4	0.1	387.0
pandit_like_018369	4	162	6	7	308.4	0.1	387.0
pandit_like_000224	5	127	10	9	308.4	0.1	386.9
pandit_like_002628	5	127	10	9	308.4	0.1	386.9
pandit_like_006104	5	127	10	9	308.4	0.1	386.9
pandit_like_008953	5	127	10	9	308.4	0.1	386.9
pandit_like_010894	5	127	10	9	308.4	0.1	386.9
pandit_like_017304	5	127	10	9	308.4	0.1	386.9
pandit_like_019703	5	127	10	9	308.4	0.1	386.9
pandit_like_002107	6	103	15	11	308.4	0.3	386.7
pandit_like_012355	6	103	15	11	308.4	0.3	386.7
pandit_like_002725	4	161	6	7	308.4	0.1	386.6
pandit_like_004032	4	161	6	7	308.4	0.1	386.6
pandit_like_004929	4	161	6	7	308.4	0.1	386.6
pandit_like_007093	4	161	6	7	308.4	0.1	386.6
pandit_like_008577	4	161	6	7	308.4	0.1	386.6
pandit_like_009629	4	161	6	7	308.4	0.1	386.6
pandit_like_012602	4	161	6	7	308.4	0.1	386.6
pandit_like_013559	4	161	6	7	308.4	0.1	386.6
pandit_like_014977	4	161	6	7	308.4	0.1	386.6
pandit_like_015634	4	161	6	7	308.4	0.1	386.6
pandit_like_017392	4	161	6	7	308.4	0.1	386.6
pandit_like_005874	5	126	10	9	308.4	0.1	386.3
pandit_like_002575	4	160	6	7	308.4	0.1	386.1
pandit_like_004244	4	160	6	7	308.4	0.1	386.1
pandit_like_009072	4	160	6	7	308.4	0.1	386.1
pandit_like_011512	4	160	6	7	308.4	0.1	386.1
pandit_like_014482	4	160	6	7	308.4	0.1	386.1
pandit_like_015397	4	160	6	7	308.4	0.1	386.1
pandit_like_016268	4	160	6	7	308.4	0.1	386.1
pandit_like_016854	4	160	6	7	308.4	0.1	386.1
pandit_like_002154	7	85	21	13	308.4	0.5	386.0
pandit_like_002919	7	85	21	13	308.4	0.5	386.0
pandit_like_006470	7	85	21	13	308.4	0.5	386.0
pandit_like_018733	7	85	21	13	308.4	0.5	386.0
pandit_like_003255	11	45	55	21	308.4	2.1	386.0
pandit_like_005162	11	45	55	21	308.4	2.1	386.0
pandit_like_012283	11	45	55	21	308.4	2.1	386.0
pandit_like_001596	5	125	10	9	308.4	0.1	385.7
pandit_like_006779	5	125	10	9	308.4	0.1	385.7
pandit_like_006815	5	125	10	9	308.4	0.1	385.7
pandit_like_007797	5	125	10	9	308.4	0.1	385.7
pandit_like_017660	5	125	10	9	308.4	0.1	385.7
pandit_like_018760	5	125	10	9	308.4	0.1	385.7
pandit_like_001615	4	159	6	7	308.4	0.1	385.6
pandit_like_003078	4	159	6	7	308.4	0.1	385.6
pandit_like_005342	4	159	6	7	308.4	0.1	385.6
pandit_like_012379	4	159	6	7	308.4	0.1	385.6
pandit_like_013273	4	159	6	7	308.4	0.1	385.6
pandit_like_014417	4	159	6	7	308.4	0.1	385.6
pandit_like_015308	4	159	6	7	308.4	0.1	385.6
pandit_like_017262	4	159	6	7	308.4	0.1	385.6
pandit_like_018871	4	159	6	7	308.4	0.1	385.6
pandit_like_000629	6	101	15	11	308.4	0.3	385.2
pandit_like_002097	6	101	15	11	308.4	0.3	385.2
pandit_like_008820	6	101	15	11	308.4	0.3	385.2
pandit_like_009839	6	101	15	11	308.4	0.3	385.2
pandit_like_010635	6	101	15	11	308.4	0.3	385.2
pandit_like_012137	6	101	15	11	308.4	0.3	385.2
pandit_like_012876	6	101	15	11	308.4	0.3	385.2
pandit_like_014846	6	101	15	11	308.4	0.3	385.2
pandit_like_018203	6	101	15	11	308.4	0.3	385.2
pandit_like_018689	6	101	15	11	308.4	0.3	385.2
pandit_like_019039	6	101	15	11	308.4	0.3	385.2
pandit_like_000589	5	124	10	9	308.4	0.1	385.1
pandit_like_004936	5	124	10	9	308.4	0.1	385.1
pandit_like_005221	5	124	10	9	308.4	0.1	385.1
pandit_like_005538	5	124	10	9	308.4	0.1	385.1
pandit_like_009529	5	124	10	9	308.4	0.1	385.1
pandit_like_011628	5	124	10	9	308.4	0.1	385.1
pandit_like_013446	5	124	10	9	308.4	0.1	385.1
pandit_like_013596	5	124	10	9	308.4	0.1	385.1
pandit_like_015336	5	124	10	9	308.4	0.1	385.1
pandit_like_003836	5	123	10	9	308.4	0.1	384.6
pandit_like_005822	5	123	10	9	308.4	0.1	384.6
pandit_like_008115	5	123	10	9	308.4	0.1	384.6
pandit_like_009740	5	123	10	9	308.4	0.1	384.6
pandit_like_009832	5	123	10	9	308.4	0.1	384.6
pandit_like_010876	5	123	10	9	308.4	0.1	384.6
pandit_like_013270	5	123	10	9	308.4	0.1	384.6
pandit_like_013433	5	123	10	9	308.4	0.1	384.6
pandit_like_018300	5	123	10	9	308.4	0.1	384.6
pandit_like_018725	5	123	10	9	308.4	0.1	384.6
pandit_like_016296	4	156	6	7	308.4	0.1	384.2
pandit_like_001501	5	122	10	9	308.4	0.1	384.0
pandit_like_005077	5	122	10	9	308.4	0.1	384.0
pandit_like_005311	5	122	10	9	308.4	0.1	384.0
pandit_like_006599	5	122	10	9	308.4	0.1	384.0
pandit_like_007229	5	122	10	9	308.4	0.1	384.0
pandit_like_014352	5	122	10	9	308.4	0.1	384.0
pandit_like_016128	5	122	10	9	308.4	0.1	384.0
pandit_like_000704	6	99	15	11	308.4	0.3	383.8
pandit_like_001677	6	99	15	11	308.4	0.3	383.8
pandit_like_004080	6	99	15	11	308.4	0.3	383.8
pandit_like_009090	6	99	15	11	308.4	0.3	383.8
pandit_like_010199	6	99	15	11	308.4	0.3	383.8
pandit_like_011435	6	99	15	11	308.4	0.3	383.8
pandit_like_014776	6	99	15	11	308.4	0.3	383.8
pandit_like_015521	6	99	15	11	308.4	0.3	383.8
pandit_like_015872	6	99	15	11	308.4	0.3	383.8
pandit_like_016143	6	99	15	11	308.4	0.3	383.8
pandit_like_017231	6	99	15	11	308.4	0.3	383.8
pandit_like_017905	6	99	15	11	308.4	0.3	383.8
pandit_like_018173	6	99	15	11	308.4	0.3	383.8
pandit_like_018246	6	99	15	11	308.4	0.3	383.8
pandit_like_000676	4	155	6	7	308.4	0.1	383.7
pandit_like_009063	4	155	6	7	308.4	0.1	383.7
pandit_like_010447	4	155	6	7	308.4	0.1	383.7
pandit_like_014207	4	155	6	7	308.4	0.1	383.7
pandit_like_007204	9	59	36	17	308.4	1.1	383.6
pandit_like_007529	9	59	36	17	308.4	1.1	383.6
pandit_like_008678	9	59	36	17	308.4	1.1	383.6
pandit_like_010184	9	59	36	17	308.4	1.1	383.6
pandit_like_014447	9	59	36	17	308.4	1.1	383.6
pandit_like_015444	9	59	36	17	308.4	1.1	383.6
pandit_like_015446	9	59	36	17	308.4	1.1	383.6
pandit_like_017537	9	59	36	17	308.4	1.1	383.6
pandit_like_019875	9	59	36	17	308.4	1.1	383.6
pandit_like_004190	7	82	21	13	308.4	0.5	383.5
pandit_like_007112	7	82	21	13	308.4	0.5	383.5
pandit_like_019161	7	82	21	13	308.4	0.5	383.5
pandit_like_001328	5	121	10	9	308.4	0.1	383.4
pandit_like_003636	5	121	10	9	308.4	0.1	383.4
pandit_like_007238	5	121	10	9	308.4	0.1	383.4
pandit_like_012467	5	121	10	9	308.4	0.1	383.4
pandit_like_012915	5	121	10	9	308.4	0.1	383.4
pandit_like_018921	5	121	10	9	308.4	0.1	383.4
pandit_like_001262	8	69	28	15	308.4	0.7	383.3
pandit_like_003849	8	69	28	15	308.4	0.7	383.3
pandit_like_004972	8	69	28	15	308.4	0.7	383.3
pandit_like_008804	8	69	28	15	308.4	0.7	383.3
pandit_like_012621	8	69	28	15	308.4	0.7	383.3
pandit_like_013697	8	69	28	15	308.4	0.7	383.3
pandit_like_014557	8	69	28	15	308.4	0.7	383.3
pandit_like_018550	8	69	28	15	308.4	0.7	383.3
pandit_like_018772	8	69	28	15	308.4	0.7	383.3
pandit_like_019434	8	69	28	15	308.4	0.7	383.3
pandit_like_000654	4	154	6	7	308.4	0.1	383.2
pandit_like_003337	4	154	6	7	308.4	0.1	383.2
pandit_like_006890	4	154	6	7	308.4	0.1	383.2
pandit_like_007614	4	154	6	7	308.4	0.1	383.2
pandit_like_007884	4	154	6	7	308.4	0.1	383.2
pandit_like_009983	4	154	6	7	308.4	0.1	383.2
pandit_like_011624	4	154	6	7	308.4	0.1	383.2
pandit_like_011681	4	154	6	7	308.4	0.1	383.2
pandit_like_012715	4	154	6	7	308.4	0.1	383.2
pandit_like_019077	4	154	6	7	308.4	0.1	383.2
pandit_like_019241	4	154	6	7	308.4	0.1	383.2
pandit_like_004251	7	81	21	13	308.4	0.5	382.7
pandit_like_008263	7	81	21	13	308.4	0.5	382.7
pandit_like_008705	7	81	21	13	308.4	0.5	382.7
pandit_like_008890	7	81	21	13	308.4	0.5	382.7
pandit_like_011664	7	81	21	13	308.4	0.5	382.7
pandit_like_019677	7	81	21	13	308.4	0.5	382.7
pandit_like_001294	6	97	15	11	308.4	0.3	382.4
pandit_like_002127	6	97	15	11	308.4	0.3	382.4
pandit_like_003583	6	97	15	11	308.4	0.3	382.4
pandit_like_004676	6	97	15	11	308.4	0.3	382.4
pandit_like_005594	6	97	15	11	308.4	0.3	382.4
pandit_like_006766	6	97	15	11	308.4	0.3	382.4
pandit_like_012289	6	97	15	11	308.4	0.3	382.4
pandit_like_012357	6	97	15	11	308.4	0.3	382.4
pandit_like_014632	6	97	15	11	308.4	0.3	382.4
pandit_like_014686	6	97	15	11	308.4	0.3	382.4
pandit_like_016047	6	97	15	11	308.4	0.3	382.4
pandit_like_016072	6	97	15	11	308.4	0.3	382.4
pandit_like_016754	6	97	15	11	308.4	0.3	382.4
pandit_like_000294	8	68	28	15	308.4	0.7	382.4
pandit_like_003198	8	68	28	15	308.4	0.7	382.4
pandit_like_008075	8	68	28	15	308.4	0.7	382.4
pandit_like_010765	8	68	28	15	308.4	0.7	382.4
pandit_like_005586	4	152	6	7	308.4	0.1	382.3
pandit_like_010052	4	152	6	7	308.4	0.1	382.3
pandit_like_011155	4	152	6	7	308.4	0.1	382.3
pandit_like_018270	4	152	6	7	308.4	0.1	382.3
pandit_like_003264	5	119	10	9	308.4	0.1	382.2
pandit_like_011052	5	119	10	9	308.4	0.1	382.2
pandit_like_012631	5	119	10	9	308.4	0.1	382.2
pandit_like_017155	5	119	10	9	308.4	0.1	382.2
pandit_like_017655	5	119	10	9	308.4	0.1	382.2
pandit_like_018554	5	119	10	9	308.4	0.1	382.2
pandit_like_002111	4	151	6	7	308.4	0.1	381.8
pandit_like_002858	4	151	6	7	308.4	0.1	381.8
pandit_like_003952	4	151	6	7	308.4	0.1	381.8
pandit_like_005721	4	151	6	7	308.4	0.1	381.8
pandit_like_006075	4	151	6	7	308.4	0.1	381.8
pandit_like_012565	4	151	6	7	308.4	0.1	381.8
pandit_like_013081	4	151	6	7	308.4	0.1	381.8
pandit_like_013472	4	151	6	7	308.4	0.1	381.8
pandit_like_013649	4	151	6	7	308.4	0.1	381.8
pandit_like_014621	4	151	6	7	308.4	0.1	381.8
pandit_like_015522	4	151	6	7	308.4	0.1	381.8
pandit_like_018345	4	151	6	7	308.4	0.1	381.8
pandit_like_003668	10	49	45	19	308.4	1.5	381.8
pandit_like_000064	6	96	15	11	308.4	0.3	381.7
pandit_like_000594	6	96	15	11	308.4	0.3	381.7
pandit_like_008076	6	96	15	11	308.4	0.3	381.7
pandit_like_009524	6	96	15	11	308.4	0.3	381.7
pandit_like_011685	6	96	15	11	308.4	0.3	381.7
pandit_like_011895	6	96	15	11	308.4	0.3	381.7
pandit_like_017165	6	96	15	11	308.4	0.3	381.7
pandit_like_017704	6	96	15	11	308.4	0.3	381.7
pandit_like_011259	8	67	28	15	308.4	0.7	381.4
pandit_like_012120	8	67	28	15	308.4	0.7	381.4
pandit_like_018364	8	67	28	15	308.4	0.7	381.4
pandit_like_004207	9	57	36	17	308.4	1.1	381.4
pandit_like_005202	9	57	36	17	308.4	1.1	381.4
pandit_like_010337	9	57	36	17	308.4	1.1	381.4
pandit_like_010403	9	57	36	17	308.4	1.1	381.4
pandit_like_011030	9	57	36	17	308.4	1.1	381.4
pandit_like_019323	9	57	36	17	308.4	1.1	381.4
pandit_like_001577	4	150	6	7	308.4	0.1	381.3
pandit_like_009697	4	150	6	7	308.4	0.1	381.3
pandit_like_014547	4	150	6	7	308.4	0.1	381.3
pandit_like_019267	4	150	6	7	308.4	0.1	381.3
pandit_like_001097	5	117	10	9	308.4	0.1	381.0
pandit_like_003232	5	117	10	9	308.4	0.1	381.0
pandit_like_004894	5	117	10	9	308.4	0.1	381.0
pandit_like_004960	5	117	10	9	308.4	0.1	381.0
pandit_like_005986	5	117	10	9	308.4	0.1	381.0
pandit_like_006535	5	117	10	9	308.4	0.1	381.0
pandit_like_007366	5	117	10	9	308.4	0.1	381.0
pandit_like_008079	5	117	10	9	308.4	0.1	381.0
pandit_like_008868	5	117	10	9	308.4	0.1	381.0
pandit_like_008945	5	117	10	9	308.4	0.1	381.0
pandit_like_010939	5	117	10	9	308.4	0.1	381.0
pandit_like_014735	5	117	10	9	308.4	0.1	381.0
pandit_like_016379	5	117	10	9	308.4	0.1	381.0
pandit_like_018557	5	117	10	9	308.4	0.1	381.0
pandit_like_019956	5	117	10	9	308.4	0.1	381.0
pandit_like_002096	7	79	21	13	308.4	0.5	381.0
pandit_like_010788	7	79	21	13	308.4	0.5	381.0
pandit_like_015609	7	79	21	13	308.4	0.5	381.0
pandit_like_015725	7	79	21	13	308.4	0.5	381.0
pandit_like_016249	7	79	21	13	308.4	0.5	381.0
pandit_like_018034	7	79	21	13	308.4	0.5	381.0
pandit_like_018750	7	79	21	13	308.4	0.5	381.0
pandit_like_019226	7	79	21	13	308.4	0.5	381.0
pandit_like_000399	4	149	6	7	308.4	0.1	380.9
pandit_like_003424	4	149	6	7	308.4	0.1	380.9
pandit_like_010270	4	149	6	7	308.4	0.1	380.9
pandit_like_014219	4	149	6	7	308.4	0.1	380.9
pandit_like_004007	6	95	15	11	308.4	0.3	380.9
pandit_like_004321	6	95	15	11	308.4	0.3	380.9
pandit_like_004425	6	95	15	11	308.4	0.3	380.9
pandit_like_005932	6	95	15	11	308.4	0.3	380.9
pandit_like_007549	6	95	15	11	308.4	0.3	380.9
pandit_like_009009	6	95	15	11	308.4	0.3	380.9
pandit_like_009977	6	95	15	11	308.4	0.3	380.9
pandit_like_012547	6	95	15	11	308.4	0.3	380.9
pandit_like_013531	6	95	15	11	308.4	0.3	380.9
pandit_like_013794	6	95	15	11	308.4	0.3	380.9
pandit_like_018895	6	95	15	11	308.4	0.3	380.9
pandit_like_012804	12	35	66	23	308.4	2.8	380.8
pandit_like_017801	12	35	66	23	308.4	2.8	380.8
pandit_like_001113	4	148	6	7	308.4	0.1	380.4
pandit_like_001690	4	148	6	7	308.4	0.1	380.4
pandit_like_002902	4	148	6	7	308.4	0.1	380.4
pandit_like_004548	4	148	6	7	308.4	0.1	380.4
pandit_like_006267	4	148	6	7	308.4	0.1	380.4
pandit_like_006845	4	148	6	7	308.4	0.1	380.4
pandit_like_008297	4	148	6	7	308.4	0.1	380.4
pandit_like_010877	4	148	6	7	308.4	0.1	380.4
pandit_like_013402	4	148	6	7	308.4	0.1	380.4
pandit_like_015083	4	148	6	7	308.4	0.1	380.4
pandit_like_015575	4	148	6	7	308.4	0.1	380.4
pandit_like_016033	4	148	6	7	308.4	0.1	380.4
pandit_like_016419	4	148	6	7	308.4	0.1	380.4
pandit_like_017555	4	148	6	7	308.4	0.1	380.4
pandit_like_018276	4	148	6	7	308.4	0.1	380.4
pandit_like_000218	5	116	10	9	308.4	0.1	380.4
pandit_like_001656	5	116	10	9	308.4	0.1	380.4
pandit_like_008188	5	116	10	9	308.4	0.1	380.4
pandit_like_014766	5	116	10	9	308.4	0.1	380.4
pandit_like_015380	5	116	10	9	308.4	0.1	380.4
pandit_like_017270	5	116	10	9	308.4	0.1	380.4
pandit_like_017401	5	116	10	9	308.4	0.1	380.4
pandit_like_003822	8	66	28	15	308.4	0.7	380.4
pandit_like_011130	8	66	28	15	308.4	0.7	380.4
pandit_like_012082	8	66	28	15	308.4	0.7	380.4
pandit_like_014995	8	66	28	15	308.4	0.7	380.4
pandit_like_001582	6	94	15	11	308.4	0.3	380.2
pandit_like_004111	6	94	15	11	308.4	0.3	380.2
pandit_like_005574	6	94	15	11	308.4	0.3	380.2
pandit_like_006268	6	94	15	11	308.4	0.3	380.2
pandit_like_006917	6	94	15	11	308.4	0.3	380.2
pandit_like_009450	6	94	15	11	308.4	0.3	380.2
pandit_like_009781	6	94	15	11	308.4	0.3	380.2
pandit_like_010592	6	94	15	11	308.4	0.3	380.2
pandit_like_013097	6	94	15	11	308.4	0.3	380.2
pandit_like_014005	6	94	15	11	308.4	0.3	380.2
pandit_like_015599	6	94	15	11	308.4	0.3	380.2
pandit_like_018740	6	94	15	11	308.4	0.3	380.2
pandit_like_004475	7	78	21	13	308.4	0.5	380.2
pandit_like_006531	7	78	21	13	308.4	0.5	380.2
pandit_like_007154	7	78	21	13	308.4	0.5	380.2
pandit_like_010736	7	78	21	13	308.4	0.5	380.2
pandit_like_011000	7	78	21	13	308.4	0.5	380.2
pandit_like_011808	7	78	21	13	308.4	0.5	380.2
pandit_like_012768	7	78	21	13	308.4	0.5	380.2
pandit_like_018453	7	78	21	13	308.4	0.5	380.2
pandit_like_008340	4	147	6	7	308.4	0.1	379.9
pandit_like_009038	4	147	6	7	308.4	0.1	379.9
pandit_like_009766	4	147	6	7	308.4	0.1	379.9
pandit_like_014234	4	147	6	7	308.4	0.1	379.9
pandit_like_014875	4	147	6	7	308.4	0.1	379.9
pandit_like_017899	4	147	6	7	308.4	0.1	379.9
pandit_like_001558	13	29	78	25	308.4	3.6	379.9
pandit_like_002899	13	29	78	25	308.4	3.6	379.9
pandit_like_004514	13	29	78	25	308.4	3.6	379.9
pandit_like_011514	13	29	78	25	308.4	3.6	379.9
pandit_like_014806	13	29	78	25	308.4	3.6	379.9
pandit_like_001888	5	115	10	9	308.4	0.1	379.8
pandit_like_007139	5	115	10	9	308.4	0.1	379.8
pandit_like_010787	5	115	10	9	308.4	0.1	379.8
pandit_like_011574	5	115	10	9	308.4	0.1	379.8
pandit_like_019612	5	115	10	9	308.4	0.1	379.8
pandit_like_005719	6	93	15	11	308.4	0.3	379.5
pandit_like_007221	6	93	15	11	308.4	0.3	379.5
pandit_like_009443	6	93	15	11	308.4	0.3	379.5
pandit_like_013639	6	93	15	11	308.4	0.3	379.5
pandit_like_003427	8	65	28	15	308.4	0.7	379.5
pandit_like_004019	8	65	28	15	308.4	0.7	379.5
pandit_like_012854	8	65	28	15	308.4	0.7	379.5
pandit_like_003761	4	146	6	7	308.4	0.1	379.4
pandit_like_008690	4	146	6	7	308.4	0.1	379.4
pandit_like_009008	4	146	6	7	308.4	0.1	379.4
pandit_like_009029	4	146	6	7	308.4	0.1	379.4
pandit_like_010011	4	146	6	7	308.4	0.1	379.4
pandit_like_011461	4	146	6	7	308.4	0.1	379.4
pandit_like_012014	4	146	6	7	308.4	0.1	379.4
pandit_like_013165	4	146	6	7	308.4	0.1	379.4
pandit_like_016306	4	146	6	7	308.4	0.1	379.4
pandit_like_018464	4	146	6	7	308.4	0.1	379.4
pandit_like_002379	9	55	36	17	308.4	1.1	379.3
pandit_like_009770	9	55	36	17	308.4	1.1	379.3
pandit_like_001121	5	114	10	9	308.4	0.1	379.2
pandit_like_001760	5	114	10	9	308.4	0.1	379.2
pandit_like_006278	5	114	10	9	308.4	0.1	379.2
pandit_like_008903	5	114	10	9	308.4	0.1	379.2
pandit_like_010437	5	114	10	9	308.4	0.1	379.2
pandit_like_011987	5	114	10	9	308.4	0.1	379.2
pandit_like_013150	5	114	10	9	308.4	0.1	379.2
pandit_like_013708	5	114	10	9	308.4	0.1	379.2
pandit_like_014992	5	114	10	9	308.4	0.1	379.2
pandit_like_015744	5	114	10	9	308.4	0.1	379.2
pandit_like_001400	4	145	6	7	308.4	0.1	379.0
pandit_like_003176	4	145	6	7	308.4	0.1	379.0
pandit_like_004329	4	145	6	7	308.4	0.1	379.0
pandit_like_004902	4	145	6	7	308.4	0.1	379.0
pandit_like_008989	4	145	6	7	308.4	0.1	379.0
pandit_like_013315	4	145	6	7	308.4	0.1	379.0
pandit_like_017693	4	145	6	7	308.4	0.1	379.0
pandit_like_002303	4	144	6	7	308.4	0.1	378.5
pandit_like_005274	4	144	6	7	308.4	0.1	378.5
pandit_like_005542	4	144	6	7	308.4	0.1	378.5
pandit_like_006206	4	144	6	7	308.4	0.1	378.5
pandit_like_008779	4	144	6	7	308.4	0.1	378.5
pandit_like_010276	4	144	6	7	308.4	0.1	378.5
pandit_like_013555	4	144	6	7	308.4	0.1	378.5
pandit_like_013839	4	144	6	7	308.4	0.1	378.5
pandit_like_014759	4	144	6	7	308.4	0.1	378.5
pandit_like_015700	4	144	6	7	308.4	0.1	378.5
pandit_like_016971	4	144	6	7	308.4	0.1	378.5
pandit_like_017980	4	144	6	7	308.4	0.1	378.5
pandit_like_018220	4	144	6	7	308.4	0.1	378.5
pandit_like_018540	4	144	6	7	308.4	0.1	378.5
pandit_like_000348	8	64	28	15	308.4	0.7	378.5
pandit_like_003735	8	64	28	15	308.4	0.7	378.5
pandit_like_004896	8	64	28	15	308.4	0.7	378.5
pandit_like_005228	8	64	28	15	308.4	0.7	378.5
pandit_like_008164	8	64	28	15	308.4	0.7	378.5
pandit_like_008254	8	64	28	15	308.4	0.7	378.5
pandit_like_008882	8	64	28	15	308.4	0.7	378.5
pandit_like_010585	8	64	28	15	308.4	0.7	378.5
pandit_like_010737	8	64	28	15	308.4	0.7	378.5
pandit_like_019998	8	64	28	15	308.4	0.7	378.5
pandit_like_004715	9	54	36	17	308.4	1.1	378.2
pandit_like_004922	9	54	36	17	308.4	1.1	378.2
pandit_like_009453	9	54	36	17	308.4	1.1	378.2
pandit_like_011229	9	54	36	17	308.4	1.1	378.2
pandit_like_018631	9	54	36	17	308.4	1.1	378.2
pandit_like_001912	10	46	45	19	308.4	1.5	378.2
pandit_like_003266	10	46	45	19	308.4	1.5	378.2
pandit_like_003517	10	46	45	19	308.4	1.5	378.2
pandit_like_004827	10	46	45	19	308.4	1.5	378.2
pandit_like_005294	10	46	45	19	308.4	1.5	378.2
pandit_like_006541	10	46	45	19	308.4	1.5	378.2
pandit_like_009440	10	46	45	19	308.4	1.5	378.2
pandit_like_010434	10	46	45	19	308.4	1.5	378.2
pandit_like_014576	10	46	45	19	308.4	1.5	378.2
pandit_like_019691	10	46	45	19	308.4	1.5	378.2
pandit_like_019966	10	46	45	19	308.4	1.5	378.2
pandit_like_003286	6	91	15	11	308.4	0.3	378.1
pandit_like_003968	6	91	15	11	308.4	0.3	378.1
pandit_like_005310	6	91	15	11	308.4	0.3	378.1
pandit_like_011335	6	91	15	11	308.4	0.3	378.1
pandit_like_015396	6	91	15	11	308.4	0.3	378.1
pandit_like_015839	6	91	15	11	308.4	0.3	378.1
pandit_like_000543	4	143	6	7	308.4	0.1	378.0
pandit_like_001896	4	143	6	7	308.4	0.1	378.0
pandit_like_003003	4	143	6	7	308.4	0.1	378.0
pandit_like_003474	4	143	6	7	308.4	0.1	378.0
pandit_like_008870	4	143	6	7	308.4	0.1	378.0
pandit_like_012165	4	143	6	7	308.4	0.1	378.0
pandit_like_013189	4	143	6	7	308.4	0.1	378.0
pandit_like_017732	4	143	6	7	308.4	0.1	378.0
pandit_like_018280	4	143	6	7	308.4	0.1	378.0
pandit_like_019669	4	143	6	7	308.4	0.1	378.0
pandit_like_000711	5	112	10	9	308.4	0.1	378.0
pandit_like_000816	5	112	10	9	308.4	0.1	378.0
pandit_like_002819	5	112	10	9	308.4	0.1	378.0
pandit_like_003981	5	112	10	9	308.4	0.1	378.0
pandit_like_006811	5	112	10	9	308.4	0.1	378.0
pandit_like_007706	5	112	10	9	308.4	0.1	378.0
pandit_like_008395	5	112	10	9	308.4	0.1	378.0
pandit_like_010827	5	112	10	9	308.4	0.1	378.0
pandit_like_011822	5	112	10	9	308.4	0.1	378.0
pandit_like_013339	5	112	10	9	308.4	0.1	378.0
pandit_like_014293	5	112	10	9	308.4	0.1	378.0
pandit_like_014604	5	112	10	9	308.4	0.1	378.0
pandit_like_014715	5	112	10	9	308.4	0.1	378.0
pandit_like_017187	5	112	10	9	308.4	0.1	378.0
pandit_like_017263	5	112	10	9	308.4	0.1	378.0
pandit_like_000357	7	75	21	13	308.4	0.5	377.6
pandit_like_005693	7	75	21	13	308.4	0.5	377.6
pandit_like_009174	7	75	21	13	308.4	0.5	377.6
pandit_like_009918	7	75	21	13	308.4	0.5	377.6
pandit_like_010102	7	75	21	13	308.4	0.5	377.6
pandit_like_012879	7	75	21	13	308.4	0.5	377.6
pandit_like_013094	7	75	21	13	308.4	0.5	377.6
pandit_like_004872	4	142	6	7	308.4	0.1	377.5
pandit_like_005208	4	142	6	7	308.4	0.1	377.5
pandit_like_005629	4	142	6	7	308.4	0.1	377.5
pandit_like_008300	4	142	6	7	308.4	0.1	377.5
pandit_like_012562	4	142	6	7	308.4	0.1	377.5
pandit_like_012726	4	142	6	7	308.4	0.1	377.5
pandit_like_016263	4	142	6	7	308.4	0.1	377.5
pandit_like_017458	4	142	6	7	308.4	0.1	377.5
pandit_like_017861	4	142	6	7	308.4	0.1	377.5
pandit_like_002950	5	111	10	9	308.4	0.1	377.4
pandit_like_011256	5	111	10	9	308.4	0.1	377.4
pandit_like_002669	6	90	15	11	308.4	0.3	377.4
pandit_like_008783	6	90	15	11	308.4	0.3	377.4
pandit_like_009331	6	90	15	11	308.4	0.3	377.4
pandit_like_013258	6	90	15	11	308.4	0.3	377.4
pandit_like_015148	6	90	15	11	308.4	0.3	377.4
pandit_like_015738	6	90	15	11	308.4	0.3	377.4
pandit_like_019354	6	90	15	11	308.4	0.3	377.4
pandit_like_001616	4	141	6	7	308.4	0.1	377.1
pandit_like_002889	4	141	6	7	308.4	0.1	377.1
pandit_like_004188	4	141	6	7	308.4	0.1	377.1
pandit_like_004783	4	141	6	7	308.4	0.1	377.1
pandit_like_005048	4	141	6	7	308.4	0.1	377.1
pandit_like_007016	4	141	6	7	308.4	0.1	377.1
pandit_like_007787	4	141	6	7	308.4	0.1	377.1
pandit_like_010572	4	141	6	7	308.4	0.1	377.1
pandit_like_012182	4	141	6	7	308.4	0.1	377.1
pandit_like_012309	4	141	6	7	308.4	0.1	377.1
pandit_like_013621	4	141	6	7	308.4	0.1	377.1
pandit_like_015448	4	141	6	7	308.4	0.1	377.1
pandit_like_017167	4	141	6	7	308.4	0.1	377.1
pandit_like_019698	4	141	6	7	308.4	0.1	377.1
pandit_like_000653	9	53	36	17	308.4	1.1	377.1
pandit_like_005924	9	53	36	17	308.4	1.1	377.1
pandit_like_011388	9	53	36	17	308.4	1.1	377.1
pandit_like_014914	9	53	36	17	308.4	1.1	377.1
pandit_like_016213	9	53	36	17	308.4	1.1	377.1
pandit_like_005744	5	110	10	9	308.4	0.1	376.8
pandit_like_010354	5	110	10	9	308.4	0.1	376.8
pandit_like_018749	5	110	10	9	308.4	0.1	376.8
pandit_like_019455	5	110	10	9	308.4	0.1	376.8
pandit_like_000272	4	140	6	7	308.4	0.1	376.6
pandit_like_002314	4	140	6	7	308.4	0.1	376.6
pandit_like_003612	4	140	6	7	308.4	0.1	376.6
pandit_like_005577	4	140	6	7	308.4	0.1	376.6
pandit_like_012040	4	140	6	7	308.4	0.1	376.6
pandit_like_015077	4	140	6	7	308.4	0.1	376.6
pandit_like_000807	5	109	10	9	308.4	0.1	376.2
pandit_like_001223	5	109	10	9	308.4	0.1	376.2
pandit_like_002320	5	109	10	9	308.4	0.1	376.2
pandit_like_003624	5	109	10	9	308.4	0.1	376.2
pandit_like_007835	5	109	10	9	308.4	0.1	376.2
pandit_like_008472	5	109	10	9	308.4	0.1	376.2
pandit_like_008861	5	109	10	9	308.4	0.1	376.2
pandit_like_010267	5	109	10	9	308.4	0.1	376.2
pandit_like_010464	5	109	10	9	308.4	0.1	376.2
pandit_like_013549	5	109	10	9	308.4	0.1	376.2
pandit_like_013899	5	109	10	9	308.4	0.1	376.2
pandit_like_018500	5	109	10	9	308.4	0.1	376.2
pandit_like_001146	4	139	6	7	308.4	0.1	376.1
pandit_like_004158	4	139	6	7	308.4	0.1	376.1
pandit_like_004345	4	139	6	7	308.4	0.1	376.1
pandit_like_004968	4	139	6	7	308.4	0.1	376.1
pandit_like_007020	4	139	6	7	308.4	0.1	376.1
pandit_like_007515	4	139	6	7	308.4	0.1	376.1
pandit_like_007708	4	139	6	7	308.4	0.1	376.1
pandit_like_014941	4	139	6	7	308.4	0.1	376.1
pandit_like_019358	4	139	6	7	308.4	0.1	376.1
pandit_like_002159	7	73	21	13	308.4	0.5	376.0
pandit_like_018284	7	73	21	13	308.4	0.5	376.0
pandit_like_019775	7	73	21	13	308.4	0.5	376.0
pandit_like_003463	9	52	36	17	308.4	1.1	376.0
pandit_like_006974	9	52	36	17	308.4	1.1	376.0
pandit_like_007338	9	52	36	17	308.4	1.1	376.0
pandit_like_008318	9	52	36	17	308.4	1.1	376.0
pandit_like_008770	9	52	36	17	308.4	1.1	376.0
pandit_like_011673	9	52	36	17	308.4	1.1	376.0
pandit_like_013294	9	52	36	17	308.4	1.1	376.0
pandit_like_014224	9	52	36	17	308.4	1.1	376.0
pandit_like_015254	9	52	36	17	308.4	1.1	376.0
pandit_like_016389	9	52	36	17	308.4	1.1	376.0
pandit_like_006213	4	137	6	7	308.4	0.1	375.2
pandit_like_006283	4	137	6	7	308.4	0.1	375.2
pandit_like_006835	4	137	6	7	308.4	0.1	375.2
pandit_like_006853	4	137	6	7	308.4	0.1	375.2
pandit_like_007586	4	137	6	7	308.4	0.1	375.2
pandit_like_008512	4	137	6	7	308.4	0.1	375.2
pandit_like_008822	4	137	6	7	308.4	0.1	375.2
pandit_like_010974	4	137	6	7	308.4	0.1	375.2
pandit_like_012433	4	137	6	7	308.4	0.1	375.2
pandit_like_013864	4	137	6	7	308.4	0.1	375.2
pandit_like_014969	4	137	6	7	308.4	0.1	375.2
pandit_like_015018	4	137	6	7	308.4	0.1	375.2
pandit_like_016029	4	137	6	7	308.4	0.1	375.2
pandit_like_016282	4	137	6	7	308.4	0.1	375.2
pandit_like_016716	4	137	6	7	308.4	0.1	375.2
pandit_like_016849	4	137	6	7	308.4	0.1	375.2
pandit_like_019563	4	137	6	7	308.4	0.1	375.2
pandit_like_007403	6	87	15	11	308.4	0.3	375.2
pandit_like_014011	6	87	15	11	308.4	0.3	375.2
pandit_like_014932	6	87	15	11	308.4	0.3	375.2
pandit_like_000777	5	107	10	9	308.4	0.1	375.0
pandit_like_000985	5	107	10	9	308.4	0.1	375.0
pandit_like_001035	5	107	10	9	308.4	0.1	375.0
pandit_like_004277	5	107	10	9	308.4	0.1	375.0
pandit_like_009475	5	107	10	9	308.4	0.1	375.0
pandit_like_014216	5	107	10	9	308.4	0.1	375.0
pandit_like_015581	5	107	10	9	308.4	0.1	375.0
pandit_like_005977	8	60	28	15	308.4	0.7	374.7
pandit_like_009194	8	60	28	15	308.4	0.7	374.7
pandit_like_009687	8	60	28	15	308.4	0.7	374.7
pandit_like_009812	8	60	28	15	308.4	0.7	374.7
pandit_like_015164	8	60	28	15	308.4	0.7	374.7
pandit_like_015464	8	60	28	15	308.4	0.7	374.7
pandit_like_015597	8	60	28	15	308.4	0.7	374.7
pandit_like_017016	8	60	28	15	308.4	0.7	374.7
pandit_like_018392	8	60	28	15	308.4	0.7	374.7
pandit_like_018589	8	60	28	15	308.4	0.7	374.7
pandit_like_018709	8	60	28	15	308.4	0.7	374.7
pandit_like_001286	10	43	45	19	308.4	1.5	374.6
pandit_like_003050	10	43	45	19	308.4	1.5	374.6
pandit_like_003302	10	43	45	19	308.4	1.5	374.6
pandit_like_013362	10	43	45	19	308.4	1.5	374.6
pandit_like_005098	6	86	15	11	308.4	0.3	374.5
pandit_like_011238	6	86	15	11	308.4	0.3	374.5
pandit_like_018087	6	86	15	11	308.4	0.3	374.5
pandit_like_019969	6	86	15	11	308.4	0.3	374.5
pandit_like_002094	5	106	10	9	308.4	0.1	374.4
pandit_like_008368	5	106	10	9	308.4	0.1	374.4
pandit_like_018137	5	106	10	9	308.4	0.1	374.4
pandit_like_006776	7	71	21	13	308.4	0.5	374.3
pandit_like_008366	7	71	21	13	308.4	0.5	374.3
pandit_like_008753	7	71	21	13	308.4	0.5	374.3
pandit_like_012687	7	71	21	13	308.4	0.5	374.3
pandit_like_017654	7	71	21	13	308.4	0.5	374.3
pandit_like_004398	4	135	6	7	308.4	0.1	374.2
pandit_like_014348	4	135	6	7	308.4	0.1	374.2
pandit_like_014362	4	135	6	7	308.4	0.1	374.2
pandit_like_005733	11	36	55	21	308.4	2.1	374.0
pandit_like_017439	11	36	55	21	308.4	2.1	374.0
pandit_like_003213	5	105	10	9	308.4	0.1	373.8
pandit_like_004975	5	105	10	9	308.4	0.1	373.8
pandit_like_005696	5	105	10	9	308.4	0.1	373.8
pandit_like_010285	5	105	10	9	308.4	0.1	373.8
pandit_like_010552	5	105	10	9	308.4	0.1	373.8
pandit_like_012761	5	105	10	9	308.4	0.1	373.8
pandit_like_013718	5	105	10	9	308.4	0.1	373.8
pandit_like_015868	5	105	10	9	308.4	0.1	373.8
pandit_like_017868	5	105	10	9	308.4	0.1	373.8
pandit_like_017930	5	105	10	9	308.4	0.1	373.8
pandit_like_017982	5	105	10	9	308.4	0.1	373.8
pandit_like_018165	5	105	10	9	308.4	0.1	373.8
pandit_like_005520	4	134	6	7	308.4	0.1	373.7
pandit_like_006435	4	134	6	7	308.4	0.1	373.7
pandit_like_009326	4	134	6	7	308.4	0.1	373.7
pandit_like_005581	10	42	45	19	308.4	1.5	373.4
pandit_like_005730	10	42	45	19	308.4	1.5	373.4
pandit_like_009602	10	42	45	19	308.4	1.5	373.4
pandit_like_011395	10	42	45	19	308.4	1.5	373.4
pandit_like_011843	10	42	45	19	308.4	1.5	373.4
pandit_like_011996	10	42	45	19	308.4	1.5	373.4
pandit_like_013072	10	42	45	19	308.4	1.5	373.4
pandit_like_014857	10	42	45	19	308.4	1.5	373.4
pandit_like_014883	10	42	45	19	308.4	1.5	373.4
pandit_like_015182	10	42	45	19	308.4	1.5	373.4
pandit_like_018396	10	42	45	19	308.4	1.5	373.4
pandit_like_019605	10	42	45	19	308.4	1.5	373.4
pandit_like_006860	4	133	6	7	308.4	0.1	373.3
pandit_like_009221	4	133	6	7	308.4	0.1	373.3
pandit_like_009569	4	133	6	7	308.4	0.1	373.3
pandit_like_009759	4	133	6	7	308.4	0.1	373.3
pandit_like_010107	4	133	6	7	308.4	0.1	373.3
pandit_like_013619	4	133	6	7	308.4	0.1	373.3
pandit_like_013788	4	133	6	7	308.4	0.1	373.3
pandit_like_015994	4	133	6	7	308.4	0.1	373.3
pandit_like_019146	4	133	6	7	308.4	0.1	373.3
pandit_like_019556	4	133	6	7	308.4	0.1	373.3
pandit_like_001897	5	104	10	9	308.4	0.1	373.2
pandit_like_004315	5	104	10	9	308.4	0.1	373.2
pandit_like_005691	5	104	10	9	308.4	0.1	373.2
pandit_like_008116	5	104	10	9	308.4	0.1	373.2
pandit_like_011016	5	104	10	9	308.4	0.1	373.2
pandit_like_012716	5	104	10	9	308.4	0.1	373.2
pandit_like_016183	5	104	10	9	308.4	0.1	373.2
pandit_like_016209	5	104	10	9	308.4	0.1	373.2
pandit_like_018463	5	104	10	9	308.4	0.1	373.2
pandit_like_001299	6	84	15	11	308.4	0.3	373.1
pandit_like_002137	6	84	15	11	308.4	0.3	373.1
pandit_like_002307	6	84	15	11	308.4	0.3	373.1
pandit_like_003158	6	84	15	11	308.4	0.3	373.1
pandit_like_003831	6	84	15	11	308.4	0.3	373.1
pandit_like_003895	6	84	15	11	308.4	0.3	373.1
pandit_like_004301	6	84	15	11	308.4	0.3	373.1
pandit_like_006929	6	84	15	11	308.4	0.3	373.1
pandit_like_007966	6	84	15	11	308.4	0.3	373.1
pandit_like_008285	6	84	15	11	308.4	0.3	373.1
pandit_like_008893	6	84	15	11	308.4	0.3	373.1
pandit_like_010407	6	84	15	11	308.4	0.3	373.1
pandit_like_010958	6	84	15	11	308.4	0.3	373.1
pandit_like_011526	6	84	15	11	308.4	0.3	373.1
pandit_like_011637	6	84	15	11	308.4	0.3	373.1
pandit_like_011992	6	84	15	11	308.4	0.3	373.1
pandit_like_012038	6	84	15	11	308.4	0.3	373.1
pandit_like_013485	6	84	15	11	308.4	0.3	373.1
pandit_like_014183	6	84	15	11	308.4	0.3	373.1
pandit_like_015311	6	84	15	11	308.4	0.3	373.1
pandit_like_016951	6	84	15	11	308.4	0.3	373.1
pandit_like_017675	6	84	15	11	308.4	0.3	373.1
pandit_like_017736	6	84	15	11	308.4	0.3	373.1
pandit_like_019484	6	84	15	11	308.4	0.3	373.1
pandit_like_000818	5	103	10	9	308.4	0.1	372.7
pandit_like_000961	5	103	10	9	308.4	0.1	372.7
pandit_like_002007	5	103	10	9	308.4	0.1	372.7
pandit_like_002157	5	103	10	9	308.4	0.1	372.7
pandit_like_002756	5	103	10	9	308.4	0.1	372.7
pandit_like_006133	5	103	10	9	308.4	0.1	372.7
pandit_like_009266	5	103	10	9	308.4	0.1	372.7
pandit_like_012982	5	103	10	9	308.4	0.1	372.7
pandit_like_015631	5	103	10	9	308.4	0.1	372.7
pandit_like_016289	5	103	10	9	308.4	0.1	372.7
pandit_like_016458	5	103	10	9	308.4	0.1	372.7
pandit_like_016942	5	103	10	9	308.4	0.1	372.7
pandit_like_018337	5	103	10	9	308.4	0.1	372.7
pandit_like_000055	9	49	36	17	308.4	1.1	372.7
pandit_like_001346	9	49	36	17	308.4	1.1	372.7
pandit_like_003131	9	49	36	17	308.4	1.1	372.7
pandit_like_004516	9	49	36	17	308.4	1.1	372.7
pandit_like_009650	9	49	36	17	308.4	1.1	372.7
pandit_like_010197	9	49	36	17	308.4	1.1	372.7
pandit_like_015516	9	49	36	17	308.4	1.1	372.7
pandit_like_015780	9	49	36	17	308.4	1.1	372.7
pandit_like_017604	9	49	36	17	308.4	1.1	372.7
pandit_like_000673	7	69	21	13	308.4	0.5	372.6
pandit_like_003060	7	69	21	13	308.4	0.5	372.6
pandit_like_005425	7	69	21	13	308.4	0.5	372.6
pandit_like_007278	7	69	21	13	308.4	0.5	372.6
pandit_like_007656	7	69	21	13	308.4	0.5	372.6
pandit_like_010466	7	69	21	13	308.4	0.5	372.6
pandit_like_013532	7	69	21	13	308.4	0.5	372.6
pandit_like_014957	7	69	21	13	308.4	0.5	372.6
pandit_like_015243	7	69	21	13	308.4	0.5	372.6
pandit_like_002397	4	131	6	7	308.4	0.1	372.3
pandit_like_002582	4	131	6	7	308.4	0.1	372.3
pandit_like_009202	4	131	6	7	308.4	0.1	372.3
pandit_like_010245	4	131	6	7	308.4	0.1	372.3
pandit_like_014025	4	131	6	7	308.4	0.1	372.3
pandit_like_014181	4	131	6	7	308.4	0.1	372.3
pandit_like_017576	4	131	6	7	308.4	0.1	372.3
pandit_like_001175	6	83	15	11	308.4	0.3	372.3
pandit_like_002863	6	83	15	11	308.4	0.3	372.3
pandit_like_003686	6	83	15	11	308.4	0.3	372.3
pandit_like_009934	6	83	15	11	308.4	0.3	372.3
pandit_like_010887	6	83	15	11	308.4	0.3	372.3
pandit_like_014019	6	83	15	11	308.4	0.3	372.3
pandit_like_017799	6	83	15	11	308.4	0.3	372.3
pandit_like_001007	5	102	10	9	308.4	0.1	372.1
pandit_like_005382	5	102	10	9	308.4	0.1	372.1
pandit_like_009984	5	102	10	9	308.4	0.1	372.1
pandit_like_011379	5	102	10	9	308.4	0.1	372.1
pandit_like_013773	5	102	10	9	308.4	0.1	372.1
pandit_like_014659	5	102	10	9	308.4	0.1	372.1
pandit_like_016640	5	102	10	9	308.4	0.1	372.1
pandit_like_005568	7	68	21	13	308.4	0.5	371.8
pandit_like_012305	7	68	21	13	308.4	0.5	371.8
pandit_like_013956	7	68	21	13	308.4	0.5	371.8
pandit_like_015386	7	68	21	13	308.4	0.5	371.8
pandit_like_015701	7	68	21	13	308.4	0.5	371.8
pandit_like_003616	6	82	15	11	308.4	0.3	371.6
pandit_like_006578	6	82	15	11	308.4	0.3	371.6
pandit_like_010858	6	82	15	11	308.4	0.3	371.6
pandit_like_015843	6	82	15	11	308.4	0.3	371.6
pandit_like_016285	6	82	15	11	308.4	0.3	371.6
pandit_like_017890	6	82	15	11	308.4	0.3	371.6
pandit_like_000906	4	129	6	7	308.4	0.1	371.4
pandit_like_001499	4	129	6	7	308.4	0.1	371.4
pandit_like_001904	4	129	6	7	308.4	0.1	371.4
pandit_like_002090	4	129	6	7	308.4	0.1	371.4
pandit_like_006679	4	129	6	7	308.4	0.1	371.4
pandit_like_008044	4	129	6	7	308.4	0.1	371.4
pandit_like_012323	4	129	6	7	308.4	0.1	371.4
pandit_like_014429	4	129	6	7	308.4	0.1	371.4
pandit_like_015304	4	129	6	7	308.4	0.1	371.4
pandit_like_015782	4	129	6	7	308.4	0.1	371.4
pandit_like_019695	4	129	6	7	308.4	0.1	371.4
pandit_like_002392	4	128	6	7	308.4	0.1	370.9
pandit_like_004209	4	128	6	7	308.4	0.1	370.9
pandit_like_004584	4	128	6	7	308.4	0.1	370.9
pandit_like_011957	4	128	6	7	308.4	0.1	370.9
pandit_like_014540	4	128	6	7	308.4	0.1	370.9
pandit_like_016516	4	128	6	7	308.4	0.1	370.9
pandit_like_017319	4	128	6	7	308.4	0.1	370.9
pandit_like_017925	4	128	6	7	308.4	0.1	370.9
pandit_like_019661	4	128	6	7	308.4	0.1	370.9
pandit_like_000314	5	100	10	9	308.4	0.1	370.9
pandit_like_004255	5	100	10	9	308.4	0.1	370.9
pandit_like_011088	5	100	10	9	308.4	0.1	370.9
pandit_like_018108	5	100	10	9	308.4	0.1	370.9
pandit_like_019055	5	100	10	9	308.4	0.1	370.9
pandit_like_000279	6	81	15	11	308.4	0.3	370.9
pandit_like_000799	6	81	15	11	308.4	0.3	370.9
pandit_like_001568	6	81	15	11	308.4	0.3	370.9
pandit_like_002426	6	81	15	11	308.4	0.3	370.9
pandit_like_002454	6	81	15	11	308.4	0.3	370.9
pandit_like_003120	6	81	15	11	308.4	0.3	370.9
pandit_like_003618	6	81	15	11	308.4	0.3	370.9
pandit_like_004028	6	81	15	11	308.4	0.3	370.9
pandit_like_007014	6	81	15	11	308.4	0.3	370.9
pandit_like_007128	6	81	15	11	308.4	0.3	370.9
pandit_like_012189	6	81	15	11	308.4	0.3	370.9
pandit_like_013684	6	81	15	11	308.4	0.3	370.9
pandit_like_013987	6	81	15	11	308.4	0.3	370.9
pandit_like_014076	6	81	15	11	308.4	0.3	370.9
pandit_like_015154	6	81	15	11	308.4	0.3	370.9
pandit_like_015995	6	81	15	11	308.4	0.3	370.9
pandit_like_016298	6	81	15	11	308.4	0.3	370.9
pandit_like_016392	6	81	15	11	308.4	0.3	370.9
pandit_like_016853	6	81	15	11	308.4	0.3	370.9
pandit_like_017883	6	81	15	11	308.4	0.3	370.9
pandit_like_018901	6	81	15	11	308.4	0.3	370.9
pandit_like_001839	7	67	21	13	308.4	0.5	370.9
pandit_like_006749	7	67	21	13	308.4	0.5	370.9
pandit_like_007271	7	67	21	13	308.4	0.5	370.9
pandit_like_013292	7	67	21	13	308.4	0.5	370.9
pandit_like_017833	7	67	21	13	308.4	0.5	370.9
pandit_like_018576	7	67	21	13	308.4	0.5	370.9
pandit_like_018893	7	67	21	13	308.4	0.5	370.9
pandit_like_004758	12	28	66	23	308.4	2.8	370.6
pandit_like_015571	12	28	66	23	308.4	2.8	370.6
pandit_like_015582	12	28	66	23	308.4	2.8	370.6
pandit_like_003287	5	99	10	9	308.4	0.1	370.3
pandit_like_007603	5	99	10	9	308.4	0.1	370.3
pandit_like_010729	5	99	10	9	308.4	0.1	370.3
pandit_like_011969	5	99	10	9	308.4	0.1	370.3
pandit_like_017025	5	99	10	9	308.4	0.1	370.3
pandit_like_017277	5	99	10	9	308.4	0.1	370.3
pandit_like_002609	6	80	15	11	308.4	0.3	370.2
pandit_like_006195	6	80	15	11	308.4	0.3	370.2
pandit_like_014637	6	80	15	11	308.4	0.3	370.2
pandit_like_000382	4	126	6	7	308.4	0.1	370.0
pandit_like_005641	4	126	6	7	308.4	0.1	370.0
pandit_like_006468	4	126	6	7	308.4	0.1	370.0
pandit_like_011202	4	126	6	7	308.4	0.1	370.0
pandit_like_012453	4	126	6	7	308.4	0.1	370.0
pandit_like_015806	4	126	6	7	308.4	0.1	370.0
pandit_like_019782	4	126	6	7	308.4	0.1	370.0
pandit_like_001199	8	55	28	15	308.4	0.7	369.9
pandit_like_004178	8	55	28	15	308.4	0.7	369.9
pandit_like_005353	8	55	28	15	308.4	0.7	369.9
pandit_like_005656	8	55	28	15	308.4	0.7	369.9
pandit_like_008298	8	55	28	15	308.4	0.7	369.9
pandit_like_009655	8	55	28	15	308.4	0.7	369.9
pandit_like_010220	8	55	28	15	308.4	0.7	369.9
pandit_like_002476	5	98	10	9	308.4	0.1	369.7
pandit_like_004402	5	98	10	9	308.4	0.1	369.7
pandit_like_007968	5	98	10	9	308.4	0.1	369.7
pandit_like_008017	5	98	10	9	308.4	0.1	369.7
pandit_like_014635	5	98	10	9	308.4	0.1	369.7
pandit_like_019311	5	98	10	9	308.4	0.1	369.7
pandit_like_000270	10	39	45	19	308.4	1.5	369.7
pandit_like_000574	10	39	45	19	308.4	1.5	369.7
pandit_like_004696	10	39	45	19	308.4	1.5	369.7
pandit_like_007197	10	39	45	19	308.4	1.5	369.7
pandit_like_009508	10	39	45	19	308.4	1.5	369.7
pandit_like_014545	10	39	45	19	308.4	1.5	369.7
pandit_like_016515	10	39	45	19	308.4	1.5	369.7
pandit_like_013209	4	125	6	7	308.4	0.1	369.5
pandit_like_016489	4	125	6	7	308.4	0.1	369.5
pandit_like_000365	6	79	15	11	308.4	0.3	369.5
pandit_like_001091	6	79	15	11	308.4	0.3	369.5
pandit_like_001858	6	79	15	11	308.4	0.3	369.5
pandit_like_003138	6	79	15	11	308.4	0.3	369.5
pandit_like_003379	6	79	15	11	308.4	0.3	369.5
pandit_like_003385	6	79	15	11	308.4	0.3	369.5
pandit_like_003459	6	79	15	11	308.4	0.3	369.5
pandit_like_004065	6	79	15	11	308.4	0.3	369.5
pandit_like_007919	6	79	15	11	308.4	0.3	369.5
pandit_like_008563	6	79	15	11	308.4	0.3	369.5
pandit_like_010599	6	79	15	11	308.4	0.3	369.5
pandit_like_013604	6	79	15	11	308.4	0.3	369.5
pandit_like_014803	6	79	15	11	308.4	0.3	369.5
pandit_like_015361	6	79	15	11	308.4	0.3	369.5
pandit_like_017120	6	79	15	11	308.4	0.3	369.5
pandit_like_004328	9	46	36	17	308.4	1.1	369.5
pandit_like_006900	9	46	36	17	308.4	1.1	369.5
pandit_like_007476	9	46	36	17	308.4	1.1	369.5
pandit_like_009473	9	46	36	17	308.4	1.1	369.5
pandit_like_010191	9	46	36	17	308.4	1.1	369.5
pandit_like_010357	9	46	36	17	308.4	1.1	369.5
pandit_like_010629	9	46	36	17	308.4	1.1	369.5
pandit_like_011781	9	46	36	17	308.4	1.1	369.5
pandit_like_018235	9	46	36	17	308.4	1.1	369.5
pandit_like_018504	9	46	36	17	308.4	1.1	369.5
pandit_like_019359	9	46	36	17	308.4	1.1	369.5
pandit_like_019578	9	46	36	17	308.4	1.1	369.5
pandit_like_000124	7	65	21	13	308.4	0.5	369.3
pandit_like_001426	7	65	21	13	308.4	0.5	369.3
pandit_like_003301	7	65	21	13	308.4	0.5	369.3
pandit_like_005035	7	65	21	13	308.4	0.5	369.3
pandit_like_009845	7	65	21	13	308.4	0.5	369.3
pandit_like_009936	7	65	21	13	308.4	0.5	369.3
pandit_like_000486	5	97	10	9	308.4	0.1	369.1
pandit_like_001643	5	97	10	9	308.4	0.1	369.1
pandit_like_006388	5	97	10	9	308.4	0.1	369.1
pandit_like_009527	5	97	10	9	308.4	0.1	369.1
pandit_like_004128	4	124	6	7	308.4	0.1	369.0
pandit_like_004518	4	124	6	7	308.4	0.1	369.0
pandit_like_004996	4	124	6	7	308.4	0.1	369.0
pandit_like_005992	4	124	6	7	308.4	0.1	369.0
pandit_like_009590	4	124	6	7	308.4	0.1	369.0
pandit_like_009808	4	124	6	7	308.4	0.1	369.0
pandit_like_009814	4	124	6	7	308.4	0.1	369.0
pandit_like_010260	4	124	6	7	308.4	0.1	369.0
pandit_like_011855	4	124	6	7	308.4	0.1	369.0
pandit_like_014698	4	124	6	7	308.4	0.1	369.0
pandit_like_014742	4	124	6	7	308.4	0.1	369.0
pandit_like_001017	8	54	28	15	308.4	0.7	368.9
pandit_like_001225	8	54	28	15	308.4	0.7	368.9
pandit_like_001908	8	54	28	15	308.4	0.7	368.9
pandit_like_004480	8	54	28	15	308.4	0.7	368.9
pandit_like_004487	8	54	28	15	308.4	0.7	368.9
pandit_like_004788	8	54	28	15	308.4	0.7	368.9
pandit_like_006451	8	54	28	15	308.4	0.7	368.9
pandit_like_014837	8	54	28	15	308.4	0.7	368.9
pandit_like_015649	8	54	28	15	308.4	0.7	368.9
pandit_like_017325	8	54	28	15	308.4	0.7	368.9
pandit_like_017789	8	54	28	15	308.4	0.7	368.9
pandit_like_018314	8	54	28	15	308.4	0.7	368.9
pandit_like_004430	6	78	15	11	308.4	0.3	368.8
pandit_like_006174	6	78	15	11	308.4	0.3	368.8
pandit_like_011346	6	78	15	11	308.4	0.3	368.8
pandit_like_016275	6	78	15	11	308.4	0.3	368.8
pandit_like_001963	4	123	6	7	308.4	0.1	368.5
pandit_like_005385	4	123	6	7	308.4	0.1	368.5
pandit_like_006015	4	123	6	7	308.4	0.1	368.5
pandit_like_009876	4	123	6	7	308.4	0.1	368.5
pandit_like_006553	5	96	10	9	308.4	0.1	368.5
pandit_like_009726	5	96	10	9	308.4	0.1	368.5
pandit_like_010244	5	96	10	9	308.4	0.1	368.5
pandit_like_015390	5	96	10	9	308.4	0.1	368.5
pandit_like_018669	5	96	10	9	308.4	0.1	368.5
pandit_like_001505	10	38	45	19	308.4	1.5	368.5
pandit_like_005923	10	38	45	19	308.4	1.5	368.5
pandit_like_006770	10	38	45	19	308.4	1.5	368.5
pandit_like_006899	10	38	45	19	308.4	1.5	368.5
pandit_like_007345	10	38	45	19	308.4	1.5	368.5
pandit_like_008053	10	38	45	19	308.4	1.5	368.5
pandit_like_012144	10	38	45	19	308.4	1.5	368.5
pandit_like_012278	10	38	45	19	308.4	1.5	368.5
pandit_like_017782	10	38	45	19	308.4	1.5	368.5
pandit_like_018752	10	38	45	19	308.4	1.5	368.5
pandit_like_018840	10	38	45	19	308.4	1.5	368.5
pandit_like_002974	4	122	6	7	308.4	0.1	368.1
pandit_like_005416	4	122	6	7	308.4	0.1	368.1
pandit_like_006256	4	122	6	7	308.4	0.1	368.1
pandit_like_010025	4	122	6	7	308.4	0.1	368.1
pandit_like_017578	4	122	6	7	308.4	0.1	368.1
pandit_like_019883	4	122	6	7	308.4	0.1	368.1
pandit_like_004755	5	95	10	9	308.4	0.1	367.9
pandit_like_008334	5	95	10	9	308.4	0.1	367.9
pandit_like_011902	5	95	10	9	308.4	0.1	367.9
pandit_like_018216	5	95	10	9	308.4	0.1	367.9
pandit_like_018564	5	95	10	9	308.4	0.1	367.9
pandit_like_019024	5	95	10	9	308.4	0.1	367.9
pandit_like_019320	5	95	10	9	308.4	0.1	367.9
pandit_like_006607	8	53	28	15	308.4	0.7	367.9
pandit_like_008427	8	53	28	15	308.4	0.7	367.9
pandit_like_011283	8	53	28	15	308.4	0.7	367.9
pandit_like_015416	8	53	28	15	308.4	0.7	367.9
pandit_like_018036	8	53	28	15	308.4	0.7	367.9
pandit_like_001356	4	121	6	7	308.4	0.1	367.6
pandit_like_002814	4	121	6	7	308.4	0.1	367.6
pandit_like_006308	4	121	6	7	308.4	0.1	367.6
pandit_like_012529	4	121	6	7	308.4	0.1	367.6
pandit_like_012613	4	121	6	7	308.4	0.1	367.6
pandit_like_014127	4	121	6	7	308.4	0.1	367.6
pandit_like_000152	7	63	21	13	308.4	0.5	367.6
pandit_like_002790	7	63	21	13	308.4	0.5	367.6
pandit_like_011463	7	63	21	13	308.4	0.5	367.6
pandit_like_013194	7	63	21	13	308.4	0.5	367.6
pandit_like_015046	7	63	21	13	308.4	0.5	367.6
pandit_like_000545	6	76	15	11	308.4	0.3	367.3
pandit_like_000721	6	76	15	11	308.4	0.3	367.3
pandit_like_002169	6	76	15	11	308.4	0.3	367.3
pandit_like_002914	6	76	15	11	308.4	0.3	367.3
pandit_like_003984	6	76	15	11	308.4	0.3	367.3
pandit_like_004901	6	76	15	11	308.4	0.3	367.3
pandit_like_005172	6	76	15	11	308.4	0.3	367.3
pandit_like_007084	6	76	15	11	308.4	0.3	367.3
pandit_like_009466	6	76	15	11	308.4	0.3	367.3
pandit_like_009801	6	76	15	11	308.4	0.3	367.3
pandit_like_011157	6	76	15	11	308.4	0.3	367.3
pandit_like_011275	6	76	15	11	308.4	0.3	367.3
pandit_like_013528	6	76	15	11	308.4	0.3	367.3
pandit_like_015549	6	76	15	11	308.4	0.3	367.3
pandit_like_019346	6	76	15	11	308.4	0.3	367.3
pandit_like_000050	9	44	36	17	308.4	1.1	367.3
pandit_like_000104	9	44	36	17	308.4	1.1	367.3
pandit_like_000639	9	44	36	17	308.4	1.1	367.3
pandit_like_003073	9	44	36	17	308.4	1.1	367.3
pandit_like_003258	9	44	36	17	308.4	1.1	367.3
pandit_like_003537	9	44	36	17	308.4	1.1	367.3
pandit_like_005882	9	44	36	17	308.4	1.1	367.3
pandit_like_009434	9	44	36	17	308.4	1.1	367.3
pandit_like_010077	9	44	36	17	308.4	1.1	367.3
pandit_like_010217	9	44	36	17	308.4	1.1	367.3
pandit_like_010494	9	44	36	17	308.4	1.1	367.3
pandit_like_010841	9	44	36	17	308.4	1.1	367.3
pandit_like_014448	9	44	36	17	308.4	1.1	367.3
pandit_like_017762	9	44	36	17	308.4	1.1	367.3
pandit_like_018582	9	44	36	17	308.4	1.1	367.3
pandit_like_019873	9	44	36	17	308.4	1.1	367.3
pandit_like_003370	11	31	55	21	308.4	2.1	367.3
pandit_like_004985	11	31	55	21	308.4	2.1	367.3
pandit_like_005067	11	31	55	21	308.4	2.1	367.3
pandit_like_005749	11	31	55	21	308.4	2.1	367.3
pandit_like_006065	11	31	55	21	308.4	2.1	367.3
pandit_like_009611	11	31	55	21	308.4	2.1	367.3
pandit_like_011339	11	31	55	21	308.4	2.1	367.3
pandit_like_012334	11	31	55	21	308.4	2.1	367.3
pandit_like_013173	11	31	55	21	308.4	2.1	367.3
pandit_like_013917	11	31	55	21	308.4	2.1	367.3
pandit_like_018010	11	31	55	21	308.4	2.1	367.3
pandit_like_002741	4	120	6	7	308.4	0.1	367.1
pandit_like_008296	4	120	6	7	308.4	0.1	367.1
pandit_like_010211	4	120	6	7	308.4	0.1	367.1
pandit_like_012499	4	120	6	7	308.4	0.1	367.1
pandit_like_012692	4	120	6	7	308.4	0.1	367.1
pandit_like_012952	4	120	6	7	308.4	0.1	367.1
pandit_like_018573	4	120	6	7	308.4	0.1	367.1
pandit_like_000366	5	93	10	9	308.4	0.1	366.7
pandit_like_001892	5	93	10	9	308.4	0.1	366.7
pandit_like_002040	5	93	10	9	308.4	0.1	366.7
pandit_like_004320	5	93	10	9	308.4	0.1	366.7
pandit_like_007793	5	93	10	9	308.4	0.1	366.7
pandit_like_008056	5	93	10	9	308.4	0.1	366.7
pandit_like_010498	5	93	10	9	308.4	0.1	366.7
pandit_like_012124	5	93	10	9	308.4	0.1	366.7
pandit_like_017837	5	93	10	9	308.4	0.1	366.7
pandit_like_001562	7	62	21	13	308.4	0.5	366.7
pandit_like_015824	7	62	21	13	308.4	0.5	366.7
pandit_like_001319	6	75	15	11	308.4	0.3	366.6
pandit_like_001711	6	75	15	11	308.4	0.3	366.6
pandit_like_007761	6	75	15	11	308.4	0.3	366.6
pandit_like_008911	6	75	15	11	308.4	0.3	366.6
pandit_like_010269	6	75	15	11	308.4	0.3	366.6
pandit_like_010699	6	75	15	11	308.4	0.3	366.6
pandit_like_012604	6	75	15	11	308.4	0.3	366.6
pandit_like_015583	6	75	15	11	308.4	0.3	366.6
pandit_like_018995	6	75	15	11	308.4	0.3	366.6
pandit_like_004337	4	118	6	7	308.4	0.1	366.2
pandit_like_006264	4	118	6	7	308.4	0.1	366.2
pandit_like_008445	4	118	6	7	308.4	0.1	366.2
pandit_like_016926	4	118	6	7	308.4	0.1	366.2
pandit_like_004102	5	92	10	9	308.4	0.1	366.1
pandit_like_010530	5	92	10	9	308.4	0.1	366.1
pandit_like_013051	5	92	10	9	308.4	0.1	366.1
pandit_like_018542	5	92	10	9	308.4	0.1	366.1
pandit_like_004801	11	30	55	21	308.4	2.1	366.0
pandit_like_010345	11	30	55	21	308.4	2.1	366.0
pandit_like_013478	11	30	55	21	308.4	2.1	366.0
pandit_like_019990	11	30	55	21	308.4	2.1	366.0
pandit_like_007768	7	61	21	13	308.4	0.5	365.9
pandit_like_009926	7	61	21	13	308.4	0.5	365.9
pandit_like_012348	7	61	21	13	308.4	0.5	365.9
pandit_like_018390	7	61	21	13	308.4	0.5	365.9
pandit_like_003481	4	117	6	7	308.4	0.1	365.7
pandit_like_012828	4	117	6	7	308.4	0.1	365.7
pandit_like_015076	4	117	6	7	308.4	0.1	365.7
pandit_like_001812	5	91	10	9	308.4	0.1	365.5
pandit_like_003766	5	91	10	9	308.4	0.1	365.5
pandit_like_009203	5	91	10	9	308.4	0.1	365.5
pandit_like_010353	5	91	10	9	308.4	0.1	365.5
pandit_like_012926	5	91	10	9	308.4	0.1	365.5
pandit_like_013434	5	91	10	9	308.4	0.1	365.5
pandit_like_014086	5	91	10	9	308.4	0.1	365.5
pandit_like_015152	5	91	10	9	308.4	0.1	365.5
pandit_like_019227	5	91	10	9	308.4	0.1	365.5
pandit_like_019580	5	91	10	9	308.4	0.1	365.5
pandit_like_000452	4	116	6	7	308.4	0.1	365.2
pandit_like_000598	4	116	6	7	308.4	0.1	365.2
pandit_like_001500	4	116	6	7	308.4	0.1	365.2
pandit_like_003175	4	116	6	7	308.4	0.1	365.2
pandit_like_004027	4	116	6	7	308.4	0.1	365.2
pandit_like_007018	4	116	6	7	308.4	0.1	365.2
pandit_like_007510	4	116	6	7	308.4	0.1	365.2
pandit_like_019108	4	116	6	7	308.4	0.1	365.2
pandit_like_019848	4	116	6	7	308.4	0.1	365.2
pandit_like_003703	6	73	15	11	308.4	0.3	365.2
pandit_like_004903	6	73	15	11	308.4	0.3	365.2
pandit_like_007848	6	73	15	11	308.4	0.3	365.2
pandit_like_011082	6	73	15	11	308.4	0.3	365.2
pandit_like_016932	6	73	15	11	308.4	0.3	365.2
pandit_like_017895	6	73	15	11	308.4	0.3	365.2
pandit_like_018268	6	73	15	11	308.4	0.3	365.2
pandit_like_001258	8	50	28	15	308.4	0.7	365.1
pandit_like_004029	8	50	28	15	308.4	0.7	365.1
pandit_like_004443	8	50	28	15	308.4	0.7	365.1
pandit_like_005467	8	50	28	15	308.4	0.7	365.1
pandit_like_017581	8	50	28	15	308.4	0.7	365.1
pandit_like_017974	8	50	28	15	308.4	0.7	365.1
pandit_like_000587	5	90	10	9	308.4	0.1	364.9
pandit_like_007727	5	90	10	9	308.4	0.1	364.9
pandit_like_008747	5	90	10	9	308.4	0.1	364.9
pandit_like_009054	5	90	10	9	308.4	0.1	364.9
pandit_like_011774	5	90	10	9	308.4	0.1	364.9
pandit_like_013802	5	90	10	9	308.4	0.1	364.9
pandit_like_014791	5	90	10	9	308.4	0.1	364.9
pandit_like_014886	5	90	10	9	308.4	0.1	364.9
pandit_like_015651	5	90	10	9	308.4	0.1	364.9
pandit_like_015898	5	90	10	9	308.4	0.1	364.9
pandit_like_016592	5	90	10	9	308.4	0.1	364.9
pandit_like_019548	5	90	10	9	308.4	0.1	364.9
pandit_like_005970	4	115	6	7	308.4	0.1	364.7
pandit_like_008930	4	115	6	7	308.4	0.1	364.7
pandit_like_014124	4	115	6	7	308.4	0.1	364.7
pandit_like_015343	4	115	6	7	308.4	0.1	364.7
pandit_like_016667	4	115	6	7	308.4	0.1	364.7
pandit_like_017402	4	115	6	7	308.4	0.1	364.7
pandit_like_000897	6	72	15	11	308.4	0.3	364.5
pandit_like_001507	6	72	15	11	308.4	0.3	364.5
pandit_like_004453	6	72	15	11	308.4	0.3	364.5
pandit_like_007135	6	72	15	11	308.4	0.3	364.5
pandit_like_007374	6	72	15	11	308.4	0.3	364.5
pandit_like_008698	6	72	15	11	308.4	0.3	364.5
pandit_like_009297	6	72	15	11	308.4	0.3	364.5
pandit_like_010283	6	72	15	11	308.4	0.3	364.5
pandit_like_010856	6	72	15	11	308.4	0.3	364.5
pandit_like_012649	6	72	15	11	308.4	0.3	364.5
pandit_like_013997	6	72	15	11	308.4	0.3	364.5
pandit_like_014964	6	72	15	11	308.4	0.3	364.5
pandit_like_017968	6	72	15	11	308.4	0.3	364.5
pandit_like_019938	6	72	15	11	308.4	0.3	364.5
pandit_like_001475	7	59	21	13	308.4	0.5	364.2
pandit_like_004515	7	59	21	13	308.4	0.5	364.2
pandit_like_008841	7	59	21	13	308.4	0.5	364.2
pandit_like_011709	7	59	21	13	308.4	0.5	364.2
pandit_like_013579	7	59	21	13	308.4	0.5	364.2
pandit_like_014449	7	59	21	13	308.4	0.5	364.2
pandit_like_006321	8	49	28	15	308.4	0.7	364.1
pandit_like_009206	8	49	28	15	308.4	0.7	364.1
pandit_like_009689	8	49	28	15	308.4	0.7	364.1
pandit_like_010067	8	49	28	15	308.4	0.7	364.1
pandit_like_010216	8	49	28	15	308.4	0.7	364.1
pandit_like_018621	8	49	28	15	308.4	0.7	364.1
pandit_like_018763	8	49	28	15	308.4	0.7	364.1
pandit_like_019863	8	49	28	15	308.4	0.7	364.1
pandit_like_005885	9	41	36	17	308.4	1.1	364.1
pandit_like_006341	9	41	36	17	308.4	1.1	364.1
pandit_like_019544	9	41	36	17	308.4	1.1	364.1
pandit_like_000572	4	113	6	7	308.4	0.1	363.8
pandit_like_000821	4	113	6	7	308.4	0.1	363.8
pandit_like_001021	4	113	6	7	308.4	0.1	363.8
pandit_like_001706	4	113	6	7	308.4	0.1	363.8
pandit_like_004108	4	113	6	7	308.4	0.1	363.8
pandit_like_005009	4	113	6	7	308.4	0.1	363.8
pandit_like_005420	4	113	6	7	308.4	0.1	363.8
pandit_like_006735	4	113	6	7	308.4	0.1	363.8
pandit_like_008225	4	113	6	7	308.4	0.1	363.8
pandit_like_010969	4	113	6	7	308.4	0.1	363.8
pandit_like_011043	4	113	6	7	308.4	0.1	363.8
pandit_like_011735	4	113	6	7	308.4	0.1	363.8
pandit_like_012416	4	113	6	7	308.4	0.1	363.8
pandit_like_012751	4	113	6	7	308.4	0.1	363.8
pandit_like_013099	4	113	6	7	308.4	0.1	363.8
pandit_like_014085	4	113	6	7	308.4	0.1	363.8
pandit_like_014136	4	113	6	7	308.4	0.1	363.8
pandit_like_014630	4	113	6	7	308.4	0.1	363.8
pandit_like_015748	4	113	6	7	308.4	0.1	363.8
pandit_like_018121	4	113	6	7	308.4	0.1	363.8
pandit_like_018813	4	113	6	7	308.4	0.1	363.8
pandit_like_019499	4	113	6	7	308.4	0.1	363.8
pandit_like_000670	6	71	15	11	308.4	0.3	363.8
pandit_like_008955	6	71	15	11	308.4	0.3	363.8
pandit_like_013465	6	71	15	11	308.4	0.3	363.8
pandit_like_016479	6	71	15	11	308.4	0.3	363.8
pandit_like_017525	6	71	15	11	308.4	0.3	363.8
pandit_like_019821	6	71	15	11	308.4	0.3	363.8
pandit_like_000385	5	88	10	9	308.4	0.1	363.7
pandit_like_003150	5	88	10	9	308.4	0.1	363.7
pandit_like_006045	5	88	10	9	308.4	0.1	363.7
pandit_like_006804	5	88	10	9	308.4	0.1	363.7
pandit_like_011966	5	88	10	9	308.4	0.1	363.7
pandit_like_012665	5	88	10	9	308.4	0.1	363.7
pandit_like_012765	5	88	10	9	308.4	0.1	363.7
pandit_like_013280	5	88	10	9	308.4	0.1	363.7
pandit_like_014868	5	88	10	9	308.4	0.1	363.7
pandit_like_015646	5	88	10	9	308.4	0.1	363.7
pandit_like_017170	5	88	10	9	308.4	0.1	363.7
pandit_like_007466	7	58	21	13	308.4	0.5	363.4
pandit_like_015819	7	58	21	13	308.4	0.5	363.4
pandit_like_006026	4	112	6	7	308.4	0.1	363.3
pandit_like_009270	4	112	6	7	308.4	0.1	363.3
pandit_like_013941	4	112	6	7	308.4	0.1	363.3
pandit_like_015857	4	112	6	7	308.4	0.1	363.3
pandit_like_018509	4	112	6	7	308.4	0.1	363.3
pandit_like_005271	5	87	10	9	308.4	0.1	363.1
pandit_like_006854	5	87	10	9	308.4	0.1	363.1
pandit_like_007132	5	87	10	9	308.4	0.1	363.1
pandit_like_015357	5	87	10	9	308.4	0.1	363.1
pandit_like_018647	5	87	10	9	308.4	0.1	363.1
pandit_like_002075	4	111	6	7	308.4	0.1	362.8
pandit_like_003830	4	111	6	7	308.4	0.1	362.8
pandit_like_004092	4	111	6	7	308.4	0.1	362.8
pandit_like_009253	4	111	6	7	308.4	0.1	362.8
pandit_like_009345	4	111	6	7	308.4	0.1	362.8
pandit_like_009436	4	111	6	7	308.4	0.1	362.8
pandit_like_009461	4	111	6	7	308.4	0.1	362.8
pandit_like_010194	4	111	6	7	308.4	0.1	362.8
pandit_like_010398	4	111	6	7	308.4	0.1	362.8
pandit_like_011948	4	111	6	7	308.4	0.1	362.8
pandit_like_014139	4	111	6	7	308.4	0.1	362.8
pandit_like_014245	4	111	6	7	308.4	0.1	362.8
pandit_like_002034	4	110	6	7	308.4	0.1	362.4
pandit_like_006428	4	110	6	7	308.4	0.1	362.4
pandit_like_007201	4	110	6	7	308.4	0.1	362.4
pandit_like_009324	4	110	6	7	308.4	0.1	362.4
pandit_like_009373	4	110	6	7	308.4	0.1	362.4
pandit_like_009622	4	110	6	7	308.4	0.1	362.4
pandit_like_016303	4	110	6	7	308.4	0.1	362.4
pandit_like_016455	4	110	6	7	308.4	0.1	362.4
pandit_like_019113	4	110	6	7	308.4	0.1	362.4
pandit_like_000714	4	108	6	7	308.4	0.1	361.4
pandit_like_003444	4	108	6	7	308.4	0.1	361.4
pandit_like_004266	4	108	6	7	308.4	0.1	361.4
pandit_like_005080	4	108	6	7	308.4	0.1	361.4
pandit_like_006431	4	108	6	7	308.4	0.1	361.4
pandit_like_007910	4	108	6	7	308.4	0.1	361.4
pandit_like_011133	4	108	6	7	308.4	0.1	361.4
pandit_like_011956	4	108	6	7	308.4	0.1	361.4
pandit_like_014856	4	108	6	7	308.4	0.1	361.4
pandit_like_018510	4	108	6	7	308.4	0.1	361.4
pandit_like_002161	5	84	10	9	308.4	0.1	361.3
pandit_like_005281	5	84	10	9	308.4	0.1	361.3
pandit_like_006270	5	84	10	9	308.4	0.1	361.3
pandit_like_007596	5	84	10	9	308.4	0.1	361.3
pandit_like_009745	5	84	10	9	308.4	0.1	361.3
pandit_like_010167	5	84	10	9	308.4	0.1	361.3
pandit_like_017760	5	84	10	9	308.4	0.1	361.3
pandit_like_017923	5	84	10	9	308.4	0.1	361.3
pandit_like_019004	5	84	10	9	308.4	0.1	361.3
pandit_like_001731	7	55	21	13	308.4	0.5	360.9
pandit_like_004387	7	55	21	13	308.4	0.5	360.9
pandit_like_008213	7	55	21	13	308.4	0.5	360.9
pandit_like_009322	7	55	21	13	308.4	0.5	360.9
pandit_like_009787	7	55	21	13	308.4	0.5	360.9
pandit_like_010487	7	55	21	13	308.4	0.5	360.9
pandit_like_011310	7	55	21	13	308.4	0.5	360.9
pandit_like_012585	7	55	21	13	308.4	0.5	360.9
pandit_like_014190	7	55	21	13	308.4	0.5	360.9
pandit_like_002980	9	38	36	17	308.4	1.1	360.8
pandit_like_004976	9	38	36	17	308.4	1.1	360.8
pandit_like_005011	9	38	36	17	308.4	1.1	360.8
pandit_like_009806	9	38	36	17	308.4	1.1	360.8
pandit_like_010416	9	38	36	17	308.4	1.1	360.8
pandit_like_010438	9	38	36	17	308.4	1.1	360.8
pandit_like_012831	9	38	36	17	308.4	1.1	360.8
pandit_like_015855	9	38	36	17	308.4	1.1	360.8
pandit_like_005837	5	83	10	9	308.4	0.1	360.7
pandit_like_006955	5	83	10	9	308.4	0.1	360.7
pandit_like_008526	5	83	10	9	308.4	0.1	360.7
pandit_like_009484	5	83	10	9	308.4	0.1	360.7
pandit_like_012958	5	83	10	9	308.4	0.1	360.7
pandit_like_015933	5	83	10	9	308.4	0.1	360.7
pandit_like_017038	5	83	10	9	308.4	0.1	360.7
pandit_like_008204	11	26	55	21	308.4	2.1	360.6
pandit_like_008670	11	26	55	21	308.4	2.1	360.6
pandit_like_009900	11	26	55	21	308.4	2.1	360.6
pandit_like_011919	11	26	55	21	308.4	2.1	360.6
pandit_like_014400	11	26	55	21	308.4	2.1	360.6
pandit_like_015745	11	26	55	21	308.4	2.1	360.6
pandit_like_017124	11	26	55	21	308.4	2.1	360.6
pandit_like_000062	4	106	6	7	308.4	0.1	360.5
pandit_like_000269	4	106	6	7	308.4	0.1	360.5
pandit_like_000429	4	106	6	7	308.4	0.1	360.5
pandit_like_003270	4	106	6	7	308.4	0.1	360.5
pandit_like_003566	4	106	6	7	308.4	0.1	360.5
pandit_like_003889	4	106	6	7	308.4	0.1	360.5
pandit_like_005354	4	106	6	7	308.4	0.1	360.5
pandit_like_005700	4	106	6	7	308.4	0.1	360.5
pandit_like_005812	4	106	6	7	308.4	0.1	360.5
pandit_like_006786	4	106	6	7	308.4	0.1	360.5
pandit_like_007762	4	106	6	7	308.4	0.1	360.5
pandit_like_009513	4	106	6	7	308.4	0.1	360.5
pandit_like_011894	4	106	6	7	308.4	0.1	360.5
pandit_like_012109	4	106	6	7	308.4	0.1	360.5
pandit_like_012835	4	106	6	7	308.4	0.1	360.5
pandit_like_013393	4	106	6	7	308.4	0.1	360.5
pandit_like_016451	4	106	6	7	308.4	0.1	360.5
pandit_like_016896	4	106	6	7	308.4	0.1	360.5
pandit_like_017730	4	106	6	7	308.4	0.1	360.5
pandit_like_018452	4	106	6	7	308.4	0.1	360.5
pandit_like_018698	4	106	6	7	308.4	0.1	360.5
pandit_like_002278	6	66	15	11	308.4	0.3	360.2
pandit_like_004547	6	66	15	11	308.4	0.3	360.2
pandit_like_007437	6	66	15	11	308.4	0.3	360.2
pandit_like_019587	6	66	15	11	308.4	0.3	360.2
pandit_like_000850	4	105	6	7	308.4	0.1	360.0
pandit_like_001135	4	105	6	7	308.4	0.1	360.0
pandit_like_001381	4	105	6	7	308.4	0.1	360.0
pandit_like_001636	4	105	6	7	308.4	0.1	360.0
pandit_like_004131	4	105	6	7	308.4	0.1	360.0
pandit_like_004873	4	105	6	7	308.4	0.1	360.0
pandit_like_005526	4	105	6	7	308.4	0.1	360.0
pandit_like_008004	4	105	6	7	308.4	0.1	360.0
pandit_like_008390	4	105	6	7	308.4	0.1	360.0
pandit_like_010610	4	105	6	7	308.4	0.1	360.0
pandit_like_010832	4	105	6	7	308.4	0.1	360.0
pandit_like_012227	4	105	6	7	308.4	0.1	360.0
pandit_like_012938	4	105	6	7	308.4	0.1	360.0
pandit_like_016860	4	105	6	7	308.4	0.1	360.0
pandit_like_017146	4	105	6	7	308.4	0.1	360.0
pandit_like_018436	4	105	6	7	308.4	0.1	360.0
pandit_like_001181	9	37	36	17	308.4	1.1	359.7
pandit_like_001884	9	37	36	17	308.4	1.1	359.7
pandit_like_005608	9	37	36	17	308.4	1.1	359.7
pandit_like_008574	9	37	36	17	308.4	1.1	359.7
pandit_like_009952	9	37	36	17	308.4	1.1	359.7
pandit_like_004654	5	81	10	9	308.4	0.1	359.6
pandit_like_004759	5	81	10	9	308.4	0.1	359.6
pandit_like_009106	5	81	10	9	308.4	0.1	359.6
pandit_like_010234	5	81	10	9	308.4	0.1	359.6
pandit_like_011086	5	81	10	9	308.4	0.1	359.6
pandit_like_012673	5	81	10	9	308.4	0.1	359.6
pandit_like_013233	5	81	10	9	308.4	0.1	359.6
pandit_like_014325	5	81	10	9	308.4	0.1	359.6
pandit_like_014615	5	81	10	9	308.4	0.1	359.6
pandit_like_016594	5	81	10	9	308.4	0.1	359.6
pandit_like_016810	5	81	10	9	308.4	0.1	359.6
pandit_like_018874	5	81	10	9	308.4	0.1	359.6
pandit_like_000110	6	65	15	11	308.4	0.3	359.5
pandit_like_000503	6	65	15	11	308.4	0.3	359.5
pandit_like_001924	6	65	15	11	308.4	0.3	359.5
pandit_like_002908	6	65	15	11	308.4	0.3	359.5
pandit_like_003855	6	65	15	11	308.4	0.3	359.5
pandit_like_006472	6	65	15	11	308.4	0.3	359.5
pandit_like_007538	6	65	15	11	308.4	0.3	359.5
pandit_like_008862	6	65	15	11	308.4	0.3	359.5
pandit_like_009853	6	65	15	11	308.4	0.3	359.5
pandit_like_010035	6	65	15	11	308.4	0.3	359.5
pandit_like_013305	6	65	15	11	308.4	0.3	359.5
pandit_like_017099	6	65	15	11	308.4	0.3	359.5
pandit_like_017323	6	65	15	11	308.4	0.3	359.5
pandit_like_018286	6	65	15	11	308.4	0.3	359.5
pandit_like_018978	6	65	15	11	308.4	0.3	359.5
pandit_like_019407	6	65	15	11	308.4	0.3	359.5
pandit_like_005056	7	53	21	13	308.4	0.5	359.2
pandit_like_006940	7	53	21	13	308.4	0.5	359.2
pandit_like_008937	7	53	21	13	308.4	0.5	359.2
pandit_like_000791	4	103	6	7	308.4	0.1	359.0
pandit_like_000992	4	103	6	7	308.4	0.1	359.0
pandit_like_001445	4	103	6	7	308.4	0.1	359.0
pandit_like_001986	4	103	6	7	308.4	0.1	359.0
pandit_like_005537	4	103	6	7	308.4	0.1	359.0
pandit_like_006242	4	103	6	7	308.4	0.1	359.0
pandit_like_007087	4	103	6	7	308.4	0.1	359.0
pandit_like_007230	4	103	6	7	308.4	0.1	359.0
pandit_like_007531	4	103	6	7	308.4	0.1	359.0
pandit_like_008454	4	103	6	7	308.4	0.1	359.0
pandit_like_009301	4	103	6	7	308.4	0.1	359.0
pandit_like_010685	4	103	6	7	308.4	0.1	359.0
pandit_like_011728	4	103	6	7	308.4	0.1	359.0
pandit_like_014108	4	103	6	7	308.4	0.1	359.0
pandit_like_014281	4	103	6	7	308.4	0.1	359.0
pandit_like_014368	4	103	6	7	308.4	0.1	359.0
pandit_like_015809	4	103	6	7	308.4	0.1	359.0
pandit_like_016292	4	103	6	7	308.4	0.1	359.0
pandit_like_019932	4	103	6	7	308.4	0.1	359.0
pandit_like_004565	5	80	10	9	308.4	0.1	359.0
pandit_like_009343	5	80	10	9	308.4	0.1	359.0
pandit_like_013749	5	80	10	9	308.4	0.1	359.0
pandit_like_016005	5	80	10	9	308.4	0.1	359.0
pandit_like_017493	5	80	10	9	308.4	0.1	359.0
pandit_like_019905	5	80	10	9	308.4	0.1	359.0
pandit_like_002053	6	64	15	11	308.4	0.3	358.7
pandit_like_007043	6	64	15	11	308.4	0.3	358.7
pandit_like_008402	6	64	15	11	308.4	0.3	358.7
pandit_like_011455	6	64	15	11	308.4	0.3	358.7
pandit_like_011546	6	64	15	11	308.4	0.3	358.7
pandit_like_016656	6	64	15	11	308.4	0.3	358.7
pandit_like_017893	6	64	15	11	308.4	0.3	358.7
pandit_like_018527	6	64	15	11	308.4	0.3	358.7
pandit_like_018856	6	64	15	11	308.4	0.3	358.7
pandit_like_000826	4	102	6	7	308.4	0.1	358.6
pandit_like_001450	4	102	6	7	308.4	0.1	358.6
pandit_like_006829	4	102	6	7	308.4	0.1	358.6
pandit_like_007832	4	102	6	7	308.4	0.1	358.6
pandit_like_010773	4	102	6	7	308.4	0.1	358.6
pandit_like_010892	4	102	6	7	308.4	0.1	358.6
pandit_like_014243	4	102	6	7	308.4	0.1	358.6
pandit_like_014390	4	102	6	7	308.4	0.1	358.6
pandit_like_016916	4	102	6	7	308.4	0.1	358.6
pandit_like_018471	4	102	6	7	308.4	0.1	358.6
pandit_like_001777	5	79	10	9	308.4	0.1	358.4
pandit_like_012265	5	79	10	9	308.4	0.1	358.4
pandit_like_012576	5	79	10	9	308.4	0.1	358.4
pandit_like_012855	5	79	10	9	308.4	0.1	358.4
pandit_like_013694	5	79	10	9	308.4	0.1	358.4
pandit_like_016322	5	79	10	9	308.4	0.1	358.4
pandit_like_017345	5	79	10	9	308.4	0.1	358.4
pandit_like_017352	5	79	10	9	308.4	0.1	358.4
pandit_like_018277	5	79	10	9	308.4	0.1	358.4
pandit_like_019207	5	79	10	9	308.4	0.1	358.4
pandit_like_000042	7	52	21	13	308.4	0.5	358.4
pandit_like_004377	7	52	21	13	308.4	0.5	358.4
pandit_like_007193	7	52	21	13	308.4	0.5	358.4
pandit_like_017378	7	52	21	13	308.4	0.5	358.4
pandit_like_018192	7	52	21	13	308.4	0.5	358.4
pandit_like_000108	5	78	10	9	308.4	0.1	357.8
pandit_like_001699	5	78	10	9	308.4	0.1	357.8
pandit_like_003295	5	78	10	9	308.4	0.1	357.8
pandit_like_005019	5	78	10	9	308.4	0.1	357.8
pandit_like_005304	5	78	10	9	308.4	0.1	357.8
pandit_like_008461	5	78	10	9	308.4	0.1	357.8
pandit_like_009997	5	78	10	9	308.4	0.1	357.8
pandit_like_010017	5	78	10	9	308.4	0.1	357.8
pandit_like_011605	5	78	10	9	308.4	0.1	357.8
pandit_like_012725	5	78	10	9	308.4	0.1	357.8
pandit_like_014918	5	78	10	9	308.4	0.1	357.8
pandit_like_016012	5	78	10	9	308.4	0.1	357.8
pandit_like_016174	5	78	10	9	308.4	0.1	357.8
pandit_like_003400	4	100	6	7	308.4	0.1	357.6
pandit_like_006129	4	100	6	7	308.4	0.1	357.6
pandit_like_008313	4	100	6	7	308.4	0.1	357.6
pandit_like_010080	4	100	6	7	308.4	0.1	357.6
pandit_like_010336	4	100	6	7	308.4	0.1	357.6
pandit_like_010532	4	100	6	7	308.4	0.1	357.6
pandit_like_012722	4	100	6	7	308.4	0.1	357.6
pandit_like_019477	4	100	6	7	308.4	0.1	357.6
pandit_like_019984	4	100	6	7	308.4	0.1	357.6
pandit_like_007343	8	42	28	15	308.4	0.7	357.4
pandit_like_010482	8	42	28	15	308.4	0.7	357.4
pandit_like_013047	8	42	28	15	308.4	0.7	357.4
pandit_like_013535	8	42	28	15	308.4	0.7	357.4
pandit_like_018119	8	42	28	15	308.4	0.7	357.4
pandit_like_008467	6	62	15	11	308.4	0.3	357.3
pandit_like_012174	6	62	15	11	308.4	0.3	357.3
pandit_like_013892	6	62	15	11	308.4	0.3	357.3
pandit_like_014408	6	62	15	11	308.4	0.3	357.3
pandit_like_018407	6	62	15	11	308.4	0.3	357.3
pandit_like_001392	5	77	10	9	308.4	0.1	357.2
pandit_like_015635	5	77	10	9	308.4	0.1	357.2
pandit_like_000578	4	99	6	7	308.4	0.1	357.1
pandit_like_002140	4	99	6	7	308.4	0.1	357.1
pandit_like_002860	4	99	6	7	308.4	0.1	357.1
pandit_like_003502	4	99	6	7	308.4	0.1	357.1
pandit_like_004084	4	99	6	7	308.4	0.1	357.1
pandit_like_005450	4	99	6	7	308.4	0.1	357.1
pandit_like_006309	4	99	6	7	308.4	0.1	357.1
pandit_like_007090	4	99	6	7	308.4	0.1	357.1
pandit_like_007950	4	99	6	7	308.4	0.1	357.1
pandit_like_010279	4	99	6	7	308.4	0.1	357.1
pandit_like_011008	4	99	6	7	308.4	0.1	357.1
pandit_like_001806	4	98	6	7	308.4	0.1	356.7
pandit_like_004916	4	98	6	7	308.4	0.1	356.7
pandit_like_005766	4	98	6	7	308.4	0.1	356.7
pandit_like_006727	4	98	6	7	308.4	0.1	356.7
pandit_like_012590	4	98	6	7	308.4	0.1	356.7
pandit_like_015541	4	98	6	7	308.4	0.1	356.7
pandit_like_017961	4	98	6	7	308.4	0.1	356.7
pandit_like_000056	4	97	6	7	308.4	0.1	356.2
pandit_like_000967	4	97	6	7	308.4	0.1	356.2
pandit_like_004206	4	97	6	7	308.4	0.1	356.2
pandit_like_008794	4	97	6	7	308.4	0.1	356.2
pandit_like_012766	4	97	6	7	308.4	0.1	356.2
pandit_like_018966	4	97	6	7	308.4	0.1	356.2
pandit_like_019364	4	97	6	7	308.4	0.1	356.2
pandit_like_000282	5	75	10	9	308.4	0.1	356.0
pandit_like_003094	5	75	10	9	308.4	0.1	356.0
pandit_like_005261	5	75	10	9	308.4	0.1	356.0
pandit_like_019881	5	75	10	9	308.4	0.1	356.0
pandit_like_000410	4	96	6	7	308.4	0.1	355.7
pandit_like_000551	4	96	6	7	308.4	0.1	355.7
pandit_like_003201	4	96	6	7	308.4	0.1	355.7
pandit_like_016985	4	96	6	7	308.4	0.1	355.7
pandit_like_018467	4	96	6	7	308.4	0.1	355.7
pandit_like_000238	4	95	6	7	308.4	0.1	355.2
pandit_like_001176	4	95	6	7	308.4	0.1	355.2
pandit_like_001183	4	95	6	7	308.4	0.1	355.2
pandit_like_004094	4	95	6	7	308.4	0.1	355.2
pandit_like_004259	4	95	6	7	308.4	0.1	355.2
pandit_like_014702	4	95	6	7	308.4	0.1	355.2
pandit_like_015321	4	95	6	7	308.4	0.1	355.2
pandit_like_016571	4	95	6	7	308.4	0.1	355.2
pandit_like_018336	4	95	6	7	308.4	0.1	355.2
pandit_like_001143	7	48	21	13	308.4	0.5	355.0
pandit_like_001288	7	48	21	13	308.4	0.5	355.0
pandit_like_001479	7	48	21	13	308.4	0.5	355.0
pandit_like_006136	7	48	21	13	308.4	0.5	355.0
pandit_like_008257	7	48	21	13	308.4	0.5	355.0
pandit_like_012019	7	48	21	13	308.4	0.5	355.0
pandit_like_012892	7	48	21	13	308.4	0.5	355.0
pandit_like_015752	7	48	21	13	308.4	0.5	355.0
pandit_like_016086	7	48	21	13	308.4	0.5	355.0
pandit_like_001872	4	94	6	7	308.4	0.1	354.8
pandit_like_002373	4	94	6	7	308.4	0.1	354.8
pandit_like_002996	4	94	6	7	308.4	0.1	354.8
pandit_like_004103	4	94	6	7	308.4	0.1	354.8
pandit_like_005249	4	94	6	7	308.4	0.1	354.8
pandit_like_009157	4	94	6	7	308.4	0.1	354.8
pandit_like_007722	5	73	10	9	308.4	0.1	354.8
pandit_like_011414	5	73	10	9	308.4	0.1	354.8
pandit_like_012587	5	73	10	9	308.4	0.1	354.8
pandit_like_012846	5	73	10	9	308.4	0.1	354.8
pandit_like_015640	5	73	10	9	308.4	0.1	354.8
pandit_like_002935	6	58	15	11	308.4	0.3	354.4
pandit_like_007311	6	58	15	11	308.4	0.3	354.4
pandit_like_012204	6	58	15	11	308.4	0.3	354.4
pandit_like_016179	6	58	15	11	308.4	0.3	354.4
pandit_like_016240	6	58	15	11	308.4	0.3	354.4
pandit_like_003744	4	93	6	7	308.4	0.1	354.3
pandit_like_004338	4	93	6	7	308.4	0.1	354.3
pandit_like_004497	4	93	6	7	308.4	0.1	354.3
pandit_like_004904	4	93	6	7	308.4	0.1	354.3
pandit_like_004959	4	93	6	7	308.4	0.1	354.3
pandit_like_005343	4	93	6	7	308.4	0.1	354.3
pandit_like_008347	4	93	6	7	308.4	0.1	354.3
pandit_like_008759	4	93	6	7	308.4	0.1	354.3
pandit_like_008970	4	93	6	7	308.4	0.1	354.3
pandit_like_009354	4	93	6	7	308.4	0.1	354.3
pandit_like_009813	4	93	6	7	308.4	0.1	354.3
pandit_like_011020	4	93	6	7	308.4	0.1	354.3
pandit_like_011800	4	93	6	7	308.4	0.1	354.3
pandit_like_013002	4	93	6	7	308.4	0.1	354.3
pandit_like_014421	4	93	6	7	308.4	0.1	354.3
pandit_like_014842	4	93	6	7	308.4	0.1	354.3
pandit_like_016319	4	93	6	7	308.4	0.1	354.3
pandit_like_017079	4	93	6	7	308.4	0.1	354.3
pandit_like_018497	4	93	6	7	308.4	0.1	354.3
pandit_like_019030	4	93	6	7	308.4	0.1	354.3
pandit_like_019370	4	93	6	7	308.4	0.1	354.3
pandit_like_000650	5	72	10	9	308.4	0.1	354.2
pandit_like_002403	5	72	10	9	308.4	0.1	354.2
pandit_like_005196	5	72	10	9	308.4	0.1	354.2
pandit_like_008516	5	72	10	9	308.4	0.1	354.2
pandit_like_008730	5	72	10	9	308.4	0.1	354.2
pandit_like_011212	5	72	10	9	308.4	0.1	354.2
pandit_like_011305	5	72	10	9	308.4	0.1	354.2
pandit_like_012143	5	72	10	9	308.4	0.1	354.2
pandit_like_012406	5	72	10	9	308.4	0.1	354.2
pandit_like_012943	5	72	10	9	308.4	0.1	354.2
pandit_like_014079	5	72	10	9	308.4	0.1	354.2
pandit_like_016807	5	72	10	9	308.4	0.1	354.2
pandit_like_017558	5	72	10	9	308.4	0.1	354.2
pandit_like_017933	5	72	10	9	308.4	0.1	354.2
pandit_like_018534	5	72	10	9	308.4	0.1	354.2
pandit_like_019174	5	72	10	9	308.4	0.1	354.2
pandit_like_001800	4	92	6	7	308.4	0.1	353.8
pandit_like_003857	4	92	6	7	308.4	0.1	353.8
pandit_like_005489	4	92	6	7	308.4	0.1	353.8
pandit_like_006691	4	92	6	7	308.4	0.1	353.8
pandit_like_013961	4	92	6	7	308.4	0.1	353.8
pandit_like_001265	7	46	21	13	308.4	0.5	353.3
pandit_like_001920	7	46	21	13	308.4	0.5	353.3
pandit_like_001960	7	46	21	13	308.4	0.5	353.3
pandit_like_007594	7	46	21	13	308.4	0.5	353.3
pandit_like_008256	7	46	21	13	308.4	0.5	353.3
pandit_like_009894	7	46	21	13	308.4	0.5	353.3
pandit_like_013419	7	46	21	13	308.4	0.5	353.3
pandit_like_014392	7	46	21	13	308.4	0.5	353.3
pandit_like_016130	7	46	21	13	308.4	0.5	353.3
pandit_like_016450	7	46	21	13	308.4	0.5	353.3
pandit_like_016531	7	46	21	13	308.4	0.5	353.3
pandit_like_018552	7	46	21	13	308.4	0.5	353.3
pandit_like_019065	7	46	21	13	308.4	0.5	353.3
pandit_like_000865	4	89	6	7	308.4	0.1	352.4
pandit_like_015643	4	89	6	7	308.4	0.1	352.4
pandit_like_000494	4	88	6	7	308.4	0.1	351.9
pandit_like_003121	4	88	6	7	308.4	0.1	351.9
pandit_like_003251	4	88	6	7	308.4	0.1	351.9
pandit_like_005132	4	88	6	7	308.4	0.1	351.9
pandit_like_009439	4	88	6	7	308.4	0.1	351.9
pandit_like_011017	4	88	6	7	308.4	0.1	351.9
pandit_like_011380	4	88	6	7	308.4	0.1	351.9
pandit_like_011980	4	88	6	7	308.4	0.1	351.9
pandit_like_012625	4	88	6	7	308.4	0.1	351.9
pandit_like_013456	4	88	6	7	308.4	0.1	351.9
pandit_like_015023	4	88	6	7	308.4	0.1	351.9
pandit_like_018789	4	88	6	7	308.4	0.1	351.9
pandit_like_001719	5	68	10	9	308.4	0.1	351.8
pandit_like_006814	5	68	10	9	308.4	0.1	351.8
pandit_like_011080	5	68	10	9	308.4	0.1	351.8
pandit_like_011228	5	68	10	9	308.4	0.1	351.8
pandit_like_014809	5	68	10	9	308.4	0.1	351.8
pandit_like_019925	5	68	10	9	308.4	0.1	351.8
pandit_like_011060	7	44	21	13	308.4	0.5	351.7
pandit_like_016453	7	44	21	13	308.4	0.5	351.7
pandit_like_013287	4	87	6	7	308.4	0.1	351.4
pandit_like_018954	4	87	6	7	308.4	0.1	351.4
pandit_like_002668	5	67	10	9	308.4	0.1	351.2
pandit_like_009552	5	67	10	9	308.4	0.1	351.2
pandit_like_009560	5	67	10	9	308.4	0.1	351.2
pandit_like_014289	5	67	10	9	308.4	0.1	351.2
pandit_like_014849	5	67	10	9	308.4	0.1	351.2
pandit_like_018342	5	67	10	9	308.4	0.1	351.2
pandit_like_001128	4	86	6	7	308.4	0.1	351.0
pandit_like_002291	4	86	6	7	308.4	0.1	351.0
pandit_like_005630	4	86	6	7	308.4	0.1	351.0
pandit_like_007098	4	86	6	7	308.4	0.1	351.0
pandit_like_007677	4	86	6	7	308.4	0.1	351.0
pandit_like_012658	4	86	6	7	308.4	0.1	351.0
pandit_like_013195	4	86	6	7	308.4	0.1	351.0
pandit_like_014113	4	86	6	7	308.4	0.1	351.0
pandit_like_015294	4	86	6	7	308.4	0.1	351.0
pandit_like_001156	7	43	21	13	308.4	0.5	350.8
pandit_like_002592	7	43	21	13	308.4	0.5	350.8
pandit_like_006031	7	43	21	13	308.4	0.5	350.8
pandit_like_008792	7	43	21	13	308.4	0.5	350.8
pandit_like_008772	5	65	10	9	308.4	0.1	350.0
pandit_like_009526	5	65	10	9	308.4	0.1	350.0
pandit_like_015265	5	65	10	9	308.4	0.1	350.0
pandit_like_016782	5	65	10	9	308.4	0.1	350.0
pandit_like_000074	4	82	6	7	308.4	0.1	349.1
pandit_like_015476	4	82	6	7	308.4	0.1	349.1
pandit_like_015495	4	82	6	7	308.4	0.1	349.1
pandit_like_017415	4	82	6	7	308.4	0.1	349.1
pandit_like_000394	5	63	10	9	308.4	0.1	348.8
pandit_like_002906	5	63	10	9	308.4	0.1	348.8
pandit_like_004530	5	63	10	9	308.4	0.1	348.8
pandit_like_005541	5	63	10	9	308.4	0.1	348.8
pandit_like_011171	5	63	10	9	308.4	0.1	348.8
pandit_like_011986	5	63	10	9	308.4	0.1	348.8
pandit_like_013527	5	63	10	9	308.4	0.1	348.8
pandit_like_019588	5	63	10	9	308.4	0.1	348.8
pandit_like_019812	5	63	10	9	308.4	0.1	348.8
pandit_like_000131	4	81	6	7	308.4	0.1	348.6
pandit_like_005116	4	81	6	7	308.4	0.1	348.6
pandit_like_006695	4	81	6	7	308.4	0.1	348.6
pandit_like_007583	4	81	6	7	308.4	0.1	348.6
pandit_like_013230	4	81	6	7	308.4	0.1	348.6
pandit_like_014620	4	81	6	7	308.4	0.1	348.6
pandit_like_017554	4	81	6	7	308.4	0.1	348.6
pandit_like_005268	4	80	6	7	308.4	0.1	348.1
pandit_like_005341	4	80	6	7	308.4	0.1	348.1
pandit_like_006422	4	80	6	7	308.4	0.1	348.1
pandit_like_011295	4	80	6	7	308.4	0.1	348.1
pandit_like_013098	4	80	6	7	308.4	0.1	348.1
pandit_like_013461	4	80	6	7	308.4	0.1	348.1
pandit_like_014736	4	80	6	7	308.4	0.1	348.1
pandit_like_019497	4	80	6	7	308.4	0.1	348.1
pandit_like_006923	5	61	10	9	308.4	0.1	347.7
pandit_like_011267	5	61	10	9	308.4	0.1	347.7
pandit_like_012190	5	61	10	9	308.4	0.1	347.7
pandit_like_014251	5	61	10	9	308.4	0.1	347.7
pandit_like_017884	5	61	10	9	308.4	0.1	347.7
pandit_like_019432	5	61	10	9	308.4	0.1	347.7
pandit_like_004011	7	39	21	13	308.4	0.5	347.5
pandit_like_006467	7	39	21	13	308.4	0.5	347.5
pandit_like_007010	7	39	21	13	308.4	0.5	347.5
pandit_like_008065	7	39	21	13	308.4	0.5	347.5
pandit_like_010810	7	39	21	13	308.4	0.5	347.5
pandit_like_011110	7	39	21	13	308.4	0.5	347.5
pandit_like_011712	7	39	21	13	308.4	0.5	347.5
pandit_like_001253	4	78	6	7	308.4	0.1	347.2
pandit_like_006561	4	78	6	7	308.4	0.1	347.2
pandit_like_011611	4	78	6	7	308.4	0.1	347.2
pandit_like_016301	4	78	6	7	308.4	0.1	347.2
pandit_like_019016	4	78	6	7	308.4	0.1	347.2
pandit_like_001610	5	60	10	9	308.4	0.1	347.1
pandit_like_003393	5	60	10	9	308.4	0.1	347.1
pandit_like_006255	5	60	10	9	308.4	0.1	347.1
pandit_like_008540	5	60	10	9	308.4	0.1	347.1
pandit_like_011776	5	60	10	9	308.4	0.1	347.1
pandit_like_013946	5	60	10	9	308.4	0.1	347.1
pandit_like_000723	4	77	6	7	308.4	0.1	346.7
pandit_like_004461	4	77	6	7	308.4	0.1	346.7
pandit_like_006892	4	77	6	7	308.4	0.1	346.7
pandit_like_007785	4	77	6	7	308.4	0.1	346.7
pandit_like_012332	4	77	6	7	308.4	0.1	346.7
pandit_like_013205	4	77	6	7	308.4	0.1	346.7
pandit_like_013477	4	77	6	7	308.4	0.1	346.7
pandit_like_013607	4	77	6	7	308.4	0.1	346.7
pandit_like_016122	4	77	6	7	308.4	0.1	346.7
pandit_like_007064	6	47	15	11	308.4	0.3	346.6
pandit_like_007074	6	47	15	11	308.4	0.3	346.6
pandit_like_012251	6	47	15	11	308.4	0.3	346.6
pandit_like_000743	4	76	6	7	308.4	0.1	346.2
pandit_like_001318	4	76	6	7	308.4	0.1	346.2
pandit_like_007182	4	76	6	7	308.4	0.1	346.2
pandit_like_009087	4	76	6	7	308.4	0.1	346.2
pandit_like_012705	4	76	6	7	308.4	0.1	346.2
pandit_like_017746	4	76	6	7	308.4	0.1	346.2
pandit_like_018643	4	76	6	7	308.4	0.1	346.2
pandit_like_000470	5	58	10	9	308.4	0.1	345.9
pandit_like_001747	5	58	10	9	308.4	0.1	345.9
pandit_like_015756	5	58	10	9	308.4	0.1	345.9
pandit_like_001269	4	75	6	7	308.4	0.1	345.7
pandit_like_002479	4	75	6	7	308.4	0.1	345.7
pandit_like_002743	4	75	6	7	308.4	0.1	345.7
pandit_like_005912	4	75	6	7	308.4	0.1	345.7
pandit_like_007264	4	75	6	7	308.4	0.1	345.7
pandit_like_010508	4	75	6	7	308.4	0.1	345.7
pandit_like_011205	4	75	6	7	308.4	0.1	345.7
pandit_like_013379	4	75	6	7	308.4	0.1	345.7
pandit_like_018945	4	75	6	7	308.4	0.1	345.7
pandit_like_019265	4	75	6	7	308.4	0.1	345.7
pandit_like_001240	4	74	6	7	308.4	0.1	345.3
pandit_like_006367	4	74	6	7	308.4	0.1	345.3
pandit_like_008002	4	74	6	7	308.4	0.1	345.3
pandit_like_012123	4	74	6	7	308.4	0.1	345.3
pandit_like_014263	4	74	6	7	308.4	0.1	345.3
pandit_like_014409	4	74	6	7	308.4	0.1	345.3
pandit_like_016187	4	74	6	7	308.4	0.1	345.3
pandit_like_002545	5	57	10	9	308.4	0.1	345.3
pandit_like_004590	5	57	10	9	308.4	0.1	345.3
pandit_like_010063	5	57	10	9	308.4	0.1	345.3
pandit_like_010523	5	57	10	9	308.4	0.1	345.3
pandit_like_011186	5	57	10	9	308.4	0.1	345.3
pandit_like_003236	4	73	6	7	308.4	0.1	344.8
pandit_like_004229	4	73	6	7	308.4	0.1	344.8
pandit_like_005428	4	73	6	7	308.4	0.1	344.8
pandit_like_006615	4	73	6	7	308.4	0.1	344.8
pandit_like_011330	4	73	6	7	308.4	0.1	344.8
pandit_like_011609	4	73	6	7	308.4	0.1	344.8
pandit_like_013833	4	73	6	7	308.4	0.1	344.8
pandit_like_014743	4	73	6	7	308.4	0.1	344.8
pandit_like_015684	4	73	6	7	308.4	0.1	344.8
pandit_like_017756	4	73	6	7	308.4	0.1	344.8
pandit_like_019238	4	73	6	7	308.4	0.1	344.8
pandit_like_005628	5	56	10	9	308.4	0.1	344.7
pandit_like_005795	5	56	10	9	308.4	0.1	344.7
pandit_like_006522	5	56	10	9	308.4	0.1	344.7
pandit_like_008593	5	56	10	9	308.4	0.1	344.7
pandit_like_009430	5	56	10	9	308.4	0.1	344.7
pandit_like_009468	5	56	10	9	308.4	0.1	344.7
pandit_like_010298	5	56	10	9	308.4	0.1	344.7
pandit_like_016250	5	56	10	9	308.4	0.1	344.7
pandit_like_017073	5	56	10	9	308.4	0.1	344.7
pandit_like_001358	4	72	6	7	308.4	0.1	344.3
pandit_like_009532	4	72	6	7	308.4	0.1	344.3
pandit_like_019242	4	72	6	7	308.4	0.1	344.3
pandit_like_000803	5	55	10	9	308.4	0.1	344.1
pandit_like_001879	5	55	10	9	308.4	0.1	344.1
pandit_like_002143	5	55	10	9	308.4	0.1	344.1
pandit_like_002728	5	55	10	9	308.4	0.1	344.1
pandit_like_011873	5	55	10	9	308.4	0.1	344.1
pandit_like_013666	5	55	10	9	308.4	0.1	344.1
pandit_like_012931	7	35	21	13	308.4	0.5	344.1
pandit_like_015503	7	35	21	13	308.4	0.5	344.1
pandit_like_002332	4	71	6	7	308.4	0.1	343.8
pandit_like_005506	4	71	6	7	308.4	0.1	343.8
pandit_like_007430	4	71	6	7	308.4	0.1	343.8
pandit_like_008686	4	71	6	7	308.4	0.1	343.8
pandit_like_010293	4	71	6	7	308.4	0.1	343.8
pandit_like_015538	4	71	6	7	308.4	0.1	343.8
pandit_like_018241	4	71	6	7	308.4	0.1	343.8
pandit_like_018861	4	71	6	7	308.4	0.1	343.8
pandit_like_001279	5	54	10	9	308.4	0.1	343.5
pandit_like_004376	5	54	10	9	308.4	0.1	343.5
pandit_like_005436	5	54	10	9	308.4	0.1	343.5
pandit_like_007246	5	54	10	9	308.4	0.1	343.5
pandit_like_011019	5	54	10	9	308.4	0.1	343.5
pandit_like_016415	5	54	10	9	308.4	0.1	343.5
pandit_like_016567	5	54	10	9	308.4	0.1	343.5
pandit_like_017425	5	54	10	9	308.4	0.1	343.5
pandit_like_019151	5	54	10	9	308.4	0.1	343.5
pandit_like_019355	5	54	10	9	308.4	0.1	343.5
pandit_like_000875	4	70	6	7	308.4	0.1	343.4
pandit_like_003186	4	70	6	7	308.4	0.1	343.4
pandit_like_006175	4	70	6	7	308.4	0.1	343.4
pandit_like_006826	4	70	6	7	308.4	0.1	343.4
pandit_like_007930	4	70	6	7	308.4	0.1	343.4
pandit_like_009082	4	70	6	7	308.4	0.1	343.4
pandit_like_012517	4	70	6	7	308.4	0.1	343.4
pandit_like_013809	4	70	6	7	308.4	0.1	343.4
pandit_like_014763	4	70	6	7	308.4	0.1	343.4
pandit_like_019737	4	70	6	7	308.4	0.1	343.4
pandit_like_001750	7	34	21	13	308.4	0.5	343.3
pandit_like_002317	7	34	21	13	308.4	0.5	343.3
pandit_like_008384	7	34	21	13	308.4	0.5	343.3
pandit_like_012253	7	34	21	13	308.4	0.5	343.3
pandit_like_000847	4	69	6	7	308.4	0.1	342.9
pandit_like_004035	4	69	6	7	308.4	0.1	342.9
pandit_like_004701	4	69	6	7	308.4	0.1	342.9
pandit_like_013298	4	69	6	7	308.4	0.1	342.9
pandit_like_014284	4	69	6	7	308.4	0.1	342.9
pandit_like_015565	4	69	6	7	308.4	0.1	342.9
pandit_like_001398	5	53	10	9	308.4	0.1	342.9
pandit_like_001420	5	53	10	9	308.4	0.1	342.9
pandit_like_003215	5	53	10	9	308.4	0.1	342.9
pandit_like_003742	5	53	10	9	308.4	0.1	342.9
pandit_like_006904	5	53	10	9	308.4	0.1	342.9
pandit_like_007750	5	53	10	9	308.4	0.1	342.9
pandit_like_009291	5	53	10	9	308.4	0.1	342.9
pandit_like_010838	5	53	10	9	308.4	0.1	342.9
pandit_like_014036	5	53	10	9	308.4	0.1	342.9
pandit_like_019866	5	53	10	9	308.4	0.1	342.9
pandit_like_001665	4	67	6	7	308.4	0.1	341.9
pandit_like_006333	4	67	6	7	308.4	0.1	341.9
pandit_like_014554	4	67	6	7	308.4	0.1	341.9
pandit_like_016555	4	67	6	7	308.4	0.1	341.9
pandit_like_018202	4	67	6	7	308.4	0.1	341.9
pandit_like_019701	4	67	6	7	308.4	0.1	341.9
pandit_like_002091	4	66	6	7	308.4	0.1	341.5
pandit_like_009226	4	66	6	7	308.4	0.1	341.5
pandit_like_012273	4	66	6	7	308.4	0.1	341.5
pandit_like_016975	4	66	6	7	308.4	0.1	341.5
pandit_like_019124	4	66	6	7	308.4	0.1	341.5
pandit_like_004500	6	40	15	11	308.4	0.3	341.5
pandit_like_007831	6	40	15	11	308.4	0.3	341.5
pandit_like_008789	6	40	15	11	308.4	0.3	341.5
pandit_like_010842	6	40	15	11	308.4	0.3	341.5
pandit_like_015350	6	40	15	11	308.4	0.3	341.5
pandit_like_017625	6	40	15	11	308.4	0.3	341.5
pandit_like_019783	6	40	15	11	308.4	0.3	341.5
pandit_like_002903	5	50	10	9	308.4	0.1	341.1
pandit_like_004280	5	50	10	9	308.4	0.1	341.1
pandit_like_011621	5	50	10	9	308.4	0.1	341.1
pandit_like_013587	5	50	10	9	308.4	0.1	341.1
pandit_like_016008	5	50	10	9	308.4	0.1	341.1
pandit_like_016473	5	50	10	9	308.4	0.1	341.1
pandit_like_016687	5	50	10	9	308.4	0.1	341.1
pandit_like_018852	5	50	10	9	308.4	0.1	341.1
pandit_like_019516	5	50	10	9	308.4	0.1	341.1
pandit_like_000145	6	39	15	11	308.4	0.3	340.8
pandit_like_000590	6	39	15	11	308.4	0.3	340.8
pandit_like_002402	6	39	15	11	308.4	0.3	340.8
pandit_like_004359	6	39	15	11	308.4	0.3	340.8
pandit_like_013778	6	39	15	11	308.4	0.3	340.8
pandit_like_014633	6	39	15	11	308.4	0.3	340.8
pandit_like_016702	6	39	15	11	308.4	0.3	340.8
pandit_like_001710	7	31	21	13	308.4	0.5	340.8
pandit_like_005639	7	31	21	13	308.4	0.5	340.8
pandit_like_007072	7	31	21	13	308.4	0.5	340.8
pandit_like_013060	7	31	21	13	308.4	0.5	340.8
pandit_like_004579	4	64	6	7	308.4	0.1	340.5
pandit_like_006215	4	64	6	7	308.4	0.1	340.5
pandit_like_007712	4	64	6	7	308.4	0.1	340.5
pandit_like_009861	4	64	6	7	308.4	0.1	340.5
pandit_like_014377	4	64	6	7	308.4	0.1	340.5
pandit_like_017684	4	64	6	7	308.4	0.1	340.5
pandit_like_019683	4	64	6	7	308.4	0.1	340.5
pandit_like_019919	4	64	6	7	308.4	0.1	340.5
pandit_like_000905	6	38	15	11	308.4	0.3	340.1
pandit_like_003410	6	38	15	11	308.4	0.3	340.1
pandit_like_005943	6	38	15	11	308.4	0.3	340.1
pandit_like_011783	6	38	15	11	308.4	0.3	340.1
pandit_like_014689	6	38	15	11	308.4	0.3	340.1
pandit_like_003505	5	48	10	9	308.4	0.1	339.9
pandit_like_008071	5	48	10	9	308.4	0.1	339.9
pandit_like_009387	5	48	10	9	308.4	0.1	339.9
pandit_like_011296	5	48	10	9	308.4	0.1	339.9
pandit_like_014654	5	48	10	9	308.4	0.1	339.9
pandit_like_016221	5	48	10	9	308.4	0.1	339.9
pandit_like_019552	5	48	10	9	308.4	0.1	339.9
pandit_like_000051	5	47	10	9	308.4	0.1	339.3
pandit_like_000878	5	47	10	9	308.4	0.1	339.3
pandit_like_002293	5	47	10	9	308.4	0.1	339.3
pandit_like_012346	5	47	10	9	308.4	0.1	339.3
pandit_like_013082	5	47	10	9	308.4	0.1	339.3
pandit_like_013317	5	47	10	9	308.4	0.1	339.3
pandit_like_001975	4	61	6	7	308.4	0.1	339.1
pandit_like_003608	4	61	6	7	308.4	0.1	339.1
pandit_like_004308	4	61	6	7	308.4	0.1	339.1
pandit_like_004414	4	61	6	7	308.4	0.1	339.1
pandit_like_005626	4	61	6	7	308.4	0.1	339.1
pandit_like_008010	4	61	6	7	308.4	0.1	339.1
pandit_like_015328	4	61	6	7	308.4	0.1	339.1
pandit_like_006706	8	22	28	15	308.4	0.7	338.2
pandit_like_007771	8	22	28	15	308.4	0.7	338.2
pandit_like_008754	8	22	28	15	308.4	0.7	338.2
pandit_like_001150	4	58	6	7	308.4	0.1	337.7
pandit_like_002689	4	58	6	7	308.4	0.1	337.7
pandit_like_006768	4	58	6	7	308.4	0.1	337.7
pandit_like_000252	5	44	10	9	308.4	0.1	337.5
pandit_like_001321	5	44	10	9	308.4	0.1	337.5
pandit_like_003771	5	44	10	9	308.4	0.1	337.5
pandit_like_004147	5	44	10	9	308.4	0.1	337.5
pandit_like_007362	5	44	10	9	308.4	0.1	337.5
pandit_like_012655	5	44	10	9	308.4	0.1	337.5
pandit_like_013641	5	44	10	9	308.4	0.1	337.5
pandit_like_017527	5	44	10	9	308.4	0.1	337.5
pandit_like_008978	7	27	21	13	308.4	0.5	337.4
pandit_like_014726	7	27	21	13	308.4	0.5	337.4
pandit_like_001350	4	57	6	7	308.4	0.1	337.2
pandit_like_002223	4	57	6	7	308.4	0.1	337.2
pandit_like_003054	4	57	6	7	308.4	0.1	337.2
pandit_like_005536	4	57	6	7	308.4	0.1	337.2
pandit_like_006159	4	57	6	7	308.4	0.1	337.2
pandit_like_008768	4	57	6	7	308.4	0.1	337.2
pandit_like_012263	4	57	6	7	308.4	0.1	337.2
pandit_like_012616	4	57	6	7	308.4	0.1	337.2
pandit_like_013814	4	57	6	7	308.4	0.1	337.2
pandit_like_014920	4	57	6	7	308.4	0.1	337.2
pandit_like_001170	6	34	15	11	308.4	0.3	337.2
pandit_like_001417	6	34	15	11	308.4	0.3	337.2
pandit_like_002828	6	34	15	11	308.4	0.3	337.2
pandit_like_003921	6	34	15	11	308.4	0.3	337.2
pandit_like_005127	6	34	15	11	308.4	0.3	337.2
pandit_like_007721	6	34	15	11	308.4	0.3	337.2
pandit_like_008253	6	34	15	11	308.4	0.3	337.2
pandit_like_009862	6	34	15	11	308.4	0.3	337.2
pandit_like_010384	6	34	15	11	308.4	0.3	337.2
pandit_like_010767	6	34	15	11	308.4	0.3	337.2
pandit_like_010778	6	34	15	11	308.4	0.3	337.2
pandit_like_012003	6	34	15	11	308.4	0.3	337.2
pandit_like_013367	6	34	15	11	308.4	0.3	337.2
pandit_like_014664	6	34	15	11	308.4	0.3	337.2
pandit_like_016624	6	34	15	11	308.4	0.3	337.2
pandit_like_017044	6	34	15	11	308.4	0.3	337.2
pandit_like_018603	6	34	15	11	308.4	0.3	337.2
pandit_like_018656	6	34	15	11	308.4	0.3	337.2
pandit_like_003086	4	56	6	7	308.4	0.1	336.7
pandit_like_004552	4	56	6	7	308.4	0.1	336.7
pandit_like_015831	4	56	6	7	308.4	0.1	336.7
pandit_like_000970	4	55	6	7	308.4	0.1	336.3
pandit_like_003642	4	55	6	7	308.4	0.1	336.3
pandit_like_015837	4	55	6	7	308.4	0.1	336.3
pandit_like_016661	4	55	6	7	308.4	0.1	336.3
pandit_like_004079	6	32	15	11	308.4	0.3	335.8
pandit_like_005604	6	32	15	11	308.4	0.3	335.8
pandit_like_008836	6	32	15	11	308.4	0.3	335.8
pandit_like_014754	6	32	15	11	308.4	0.3	335.8
pandit_like_016393	6	32	15	11	308.4	0.3	335.8
pandit_like_008046	4	53	6	7	308.4	0.1	335.3
pandit_like_008795	4	53	6	7	308.4	0.1	335.3
pandit_like_013539	4	53	6	7	308.4	0.1	335.3
pandit_like_014009	4	53	6	7	308.4	0.1	335.3
pandit_like_015063	4	53	6	7	308.4	0.1	335.3
pandit_like_018962	4	53	6	7	308.4	0.1	335.3
pandit_like_019032	4	53	6	7	308.4	0.1	335.3
pandit_like_019606	4	53	6	7	308.4	0.1	335.3
pandit_like_011803	5	40	10	9	308.4	0.1	335.2
pandit_like_017565	5	40	10	9	308.4	0.1	335.2
pandit_like_005357	6	31	15	11	308.4	0.3	335.1
pandit_like_003637	5	39	10	9	308.4	0.1	334.6
pandit_like_010903	5	39	10	9	308.4	0.1	334.6
pandit_like_012496	5	39	10	9	308.4	0.1	334.6
pandit_like_018408	5	39	10	9	308.4	0.1	334.6
pandit_like_015403	6	29	15	11	308.4	0.3	333.7
pandit_like_001014	4	49	6	7	308.4	0.1	333.4
pandit_like_009209	4	49	6	7	308.4	0.1	333.4
pandit_like_011963	4	49	6	7	308.4	0.1	333.4
pandit_like_001370	4	47	6	7	308.4	0.1	332.5
pandit_like_010261	4	47	6	7	308.4	0.1	332.5
pandit_like_011090	4	47	6	7	308.4	0.1	332.5
pandit_like_000586	6	23	15	11	308.4	0.3	329.4
pandit_like_005947	6	23	15	11	308.4	0.3	329.4
pandit_like_007418	6	23	15	11	308.4	0.3	329.4
pandit_like_009793	6	23	15	11	308.4	0.3	329.4
pandit_like_009973	6	23	15	11	308.4	0.3	329.4
pandit_like_011950	6	23	15	11	308.4	0.3	329.4
pandit_like_012545	6	23	15	11	308.4	0.3	329.4
pandit_like_015889	6	23	15	11	308.4	0.3	329.4
pandit_like_016337	6	23	15	11	308.4	0.3	329.4
pandit_like_004388	4	40	6	7	308.4	0.1	329.1
pandit_like_006194	4	40	6	7	308.4	0.1	329.1
pandit_like_009284	4	40	6	7	308.4	0.1	329.1
pandit_like_010667	4	40	6	7	308.4	0.1	329.1
pandit_like_014179	4	40	6	7	308.4	0.1	329.1
pandit_like_016647	4	40	6	7	308.4	0.1	329.1
pandit_like_003930	6	22	15	11	308.4	0.3	328.7
pandit_like_008156	6	22	15	11	308.4	0.3	328.7
pandit_like_002630	4	35	6	7	308.4	0.1	326.8
pandit_like_006508	4	35	6	7	308.4	0.1	326.8
pandit_like_013283	4	35	6	7	308.4	0.1	326.8
pandit_like_019616	4	35	6	7	308.4	0.1	326.8
pandit_like_000965	4	30	6	7	308.4	0.1	324.4
pandit_like_001755	4	30	6	7	308.4	0.1	324.4
pandit_like_002147	4	30	6	7	308.4	0.1	324.4
pandit_like_004385	4	30	6	7	308.4	0.1	324.4
pandit_like_011419	4	30	6	7	308.4	0.1	324.4
pandit_like_004621	4	28	6	7	308.4	0.1	323.4
pandit_like_019688	4	28	6	7	308.4	0.1	323.4
pandit_like_019946	4	28	6	7	308.4	0.1	323.4
pandit_like_004953	4	18	6	7	308.4	0.1	318.7
pandit_like_011487	4	18	6	7	308.4	0.1	318.7
pandit_like_018445	4	18	6	7	308.4	0.1	318.7
pandit_like_018720	4	18	6	7	308.4	0.1	318.7
pandit_like_002334	4	16	6	7	308.4	0.1	317.7
pandit_like_002449	4	16	6	7	308.4	0.1	317.7
pandit_like_004239	4	16	6	7	308.4	0.1	317.7
pandit_like_005260	4	16	6	7	308.4	0.1	317.7
pandit_like_014526	4	16	6	7	308.4	0.1	317.7
