msa_id	split	fitted_model	best_model_base	has_G	has_I	has_F	gamma_alpha	p_invariant	log_likelihood	aic	bic	total_tree_length	mean_branch_length	median_branch_length	max_root_to_leaf_depth	median_root_to_leaf_depth	n_leaves	n_branches	gap_ratio	informative_site_ratio	num_sequences	alignment_length
0	train	LG+F+G4	LG	True	False	True	0.8208		-33632.5754	67555.1509	68145.4078	65.0622672479	0.5204981379832	0.4275490874	7.5954404016999995	5.4787546811	64	125	0.380484988453	0.676674364896	64	433
1	train	LG+G4	LG	True	False	False	1.1333		-15233.7321	30595.4643	30846.958	28.9017966409	0.4587586768396825	0.3909135074	7.1729126298	2.5932999527000002	33	63	0.302707930368	0.68085106383	33	376
10	train	LG+G4	LG	True	False	False	1.8658		-5929.055	12002.1101	12199.7452	24.9673344323	0.35165259763802814	0.2023456747	4.3828039037	1.7781733972000002	37	71	0.119153936545	0.913043478261	37	115
100	train	JTT+G4	JTT	True	False	False	2.7209		-6981.5771	14027.1543	14138.1322	13.8683073683	0.44736475381612906	0.2320575719	2.3675819863000003	1.6075452004000002	17	31	0.111690245719	0.827004219409	17	237
1002	train	LG+G4	LG	True	False	False	1.239		-6729.9796	13519.9593	13628.5713	14.7705587086	0.5093296106413793	0.282978927	2.6852867719	2.25351389295	16	29	0.180706521739	0.717391304348	16	276
1003	train	JTT+G4	JTT	True	False	False	0.7103		-3838.3819	7752.7639	7871.7	9.8284298206	0.26563323839459463	0.1410542014	1.8976963002	1.1969879569499997	20	37	0.11124260355	0.644970414201	20	169
1005	train	LG+F+G4	LG	True	False	True	1.8835		-19100.8661	38415.7322	38828.8363	44.0310831525	0.5061044040517242	0.2896857475	5.706673786	4.4251601673000005	45	87	0.350680595125	0.757834757835	45	351
1006	train	LG+G4	LG	True	False	False	5.0409		-4172.3217	8448.6435	8573.1548	25.7805566166	0.5055011101294117	0.3934389446	4.9669917411	2.7934048664000004	27	51	0.0493827160494	0.950617283951	27	81
1008	train	JTT+G4	JTT	True	False	False	0.1009		-1475.9946	2967.9893	2998.0099	0.424313874	0.06061626771428571	0.0572062542	0.22533072910000002	0.15604536689999998	5	7	0.00380952380952	0.0507936507937	5	315
1009	train	LG+G4	LG	True	False	False	1.0089		-89890.1608	180228.3216	181344.4829	84.6026010807	0.3793838613484305	0.2695614562	5.111645254199999	3.5140966903999997	113	223	0.564376836817	0.611317254174	113	1078
1010	train	JTT+F+G4	JTT	True	False	True	0.9226		-4296.5477	8663.0955	8805.4904	4.0066376921	0.26710917947333335	0.2499813266	2.1692478587	0.6219990242	9	15	0.246656378601	0.356481481481	9	432
1012	train	LG+G4	LG	True	False	False	1.5947		-7492.5351	15149.0702	15397.5661	26.2181910164	0.32368137057283947	0.2466140982	6.0377076729	4.6732619678	42	81	0.250233426704	0.843137254902	42	153
1016	train	LG+G4	LG	True	False	False	1.1266		-12831.6217	25731.2435	25876.2637	13.1971741663	0.3999143686757576	0.3519889381	2.2440234838	1.41014549735	18	33	0.274186734263	0.606463878327	18	526
1017	train	LG+G4	LG	True	False	False	1.4231		-11642.1311	23380.2622	23561.5895	17.2719826294	0.3674889921148936	0.271412684	4.298450528099999	2.6306290774	25	47	0.121609907121	0.879256965944	25	323
1018	train	WAG+G4	WAG	True	False	False	1.6758		-4635.3967	9362.7935	9493.6261	23.7401220526	0.5275582678355556	0.4609479957	4.1239481543	2.7737327496499997	24	45	0.253608923885	0.755905511811	24	127
1019	train	LG+F+G4	LG	True	False	True	0.6334		-9969.5821	20025.1642	20212.2523	7.8229134464	0.34012667158260873	0.3546788633	1.9341952980000001	1.6306973141999999	13	23	0.133172237884	0.553228621291	13	573
102	train	JTT+G4	JTT	True	False	False	0.5605		-2673.6638	5451.3277	5575.193	15.2014895107	0.29806842177843135	0.2342984327	3.1211828939	1.8135626539999998	27	51	0.0467592592593	0.7125	27	80
1020	train	LG+F+G4	LG	True	False	True	0.6695		-19954.5645	40259.129	40846.5316	91.0486709774	0.5874107804993548	0.4109683675	8.371430428	5.372717504100001	79	155	0.319620253165	0.735849056604	79	212
1021	train	LG+G4	LG	True	False	False	0.9384		-3479.0554	7010.1109	7091.4882	9.3936494059	0.375745976236	0.2305137494	3.8136546080000002	0.8895716516	14	25	0.0984784446323	0.650887573964	14	169
1022	train	LG+G4	LG	True	False	False	0.8204		-15167.8806	30515.7613	30849.1017	48.8516610365	0.5488950678258426	0.3543845455	7.0577389195	3.2013166007000002	46	89	0.343913043478	0.68	46	300
1023	train	LG+G4	LG	True	False	False	1.2715		-8297.8451	16643.6902	16739.1226	9.3428375624	0.40621032879999996	0.2763801395	1.8184541186	1.2602191017000002	13	23	0.104256149941	0.695431472081	13	394
1024	train	LG+G4	LG	True	False	False	0.772		-3944.8705	7961.741	8076.8869	11.1353478537	0.31815279582	0.2087421092	3.1920474073	1.7381708913	19	35	0.218958999709	0.552486187845	19	181
1026	train	LG+G4	LG	True	False	False	1.2775		-24587.4343	49378.8686	49786.7602	35.9333354758	0.355775598770297	0.2311347411	3.2541337892	2.69163924985	52	101	0.280683336515	0.794044665012	52	403
1027	train	LG+F+G4	LG	True	False	True	1.3705		-8894.734	17895.468	18089.4206	22.5568040609	0.6835395169969697	0.3814644714	4.665950974799999	2.3254019714	18	33	0.12950058072	0.815331010453	18	287
1030	train	LG+G4	LG	True	False	False	1.5097		-11597.8501	23275.7002	23431.3659	26.156708691	0.6706848382307692	0.2677815622	13.3198050983	1.3169416309	21	39	0.105761641673	0.886740331492	21	362
1031	train	WAG+G4	WAG	True	False	False	1.4407		-7237.4118	14542.8236	14667.0083	12.5974016749	0.3817394446939394	0.2836229799	2.9274210705	1.6733334528	18	33	0.234307992203	0.670175438596	18	285
1032	train	LG+G4	LG	True	False	False	0.9332		-5047.5498	10115.0996	10156.8374	7.5006008211	0.8334000912333334	0.3939216116	3.2466151933	1.6435506638	6	9	0.165625	0.197916666667	6	480
1033	train	LG	LG	False	False	False			-2203.6485	4421.297	4444.2438	3.8703174128	0.5529024875428571	0.6075416196	1.3240261286000001	0.890847537	5	7	0.00918367346939	0.219387755102	5	196
1034	train	WAG+G4	WAG	True	False	False	0.8431		-3554.4486	7156.8971	7231.1471	13.2709651852	0.5769984863130435	0.3046632229	6.385554991399999	5.174867433499999	13	23	0.12505899009	0.736196319018	13	163
1036	train	LG+G4	LG	True	False	False	1.5292		-1428.4835	2916.967	2978.2585	9.7189387704	0.3351358196689655	0.1888606338	2.0001685511	0.8666232407500001	16	29	0.0482456140351	0.736842105263	16	57
1037	train	WAG+G4	WAG	True	False	False	0.4095		-1027.3255	2066.651	2085.2135	1.2742227452000001	0.25484454904000003	0.1946058563	0.6530645436	0.24577223655	4	5	0.0122699386503	0.0184049079755	4	163
1039	train	WAG+G4	WAG	True	False	False	1.478		-3945.5551	7927.1102	7988.3584	14.538053210100001	0.8551796005941177	0.2733344903	7.675108493400001	0.8794313189	10	17	0.145495495495	0.63963963964	10	222
1040	train	LG+G4	LG	True	False	False	1.3925		-6019.6656	12099.3312	12203.2461	12.8930256219	0.44458709041034483	0.2752061996	2.9749956226	2.0382348555	16	29	0.125	0.775423728814	16	236
1041	train	LG+G4	LG	True	False	False	1.4119		-1933.1609	3894.3217	3935.7033	4.3635814712	0.3356601131692308	0.2593362513	1.5122331089999999	0.5976060492999999	8	13	0.0132042253521	0.478873239437	8	142
1042	train	JTT+G4	JTT	True	False	False	1.3377		-891.5519	1815.1039	1850.3789	4.1292603653	0.2752840243533334	0.1565308768	2.7775274580000002	2.4726727834	9	15	0.0696517412935	0.582089552239	9	67
1043	train	WAG	WAG	False	False	False			-1455.2753	2932.5507	2963.8368	2.9641351538	0.26946683216363637	0.1461827374	1.5419319202000001	0.3892973433	7	11	0.0123734533183	0.393700787402	7	127
1044	train	JTT+G4	JTT	True	False	False	0.6178		-3517.5503	7051.1006	7084.098	2.1589498942	0.30842141345714286	0.1096371796	1.3716586309	0.32197674860000003	5	7	0.0245076586433	0.0984682713348	5	457
1045	train	WAG+F+G4	WAG	True	False	True	2.8881		-89111.0938	178784.1875	180082.0532	111.1408395735	0.42582697154597704	0.3046944431	6.990936759199999	3.1388033157500006	132	261	0.520744831492	0.6782376502	132	749
1046	train	WAG+G4	WAG	True	False	False	0.7619		-13766.796	27681.5921	27964.4975	16.3399138283	0.22383443600410957	0.1683861604	1.7790128674	1.0804928056	38	73	0.123559638742	0.689349112426	38	338
1047	train	WAG+G4	WAG	True	False	False	1.4049		-552.1119	1128.2239	1148.1866	4.5699665851999995	0.41545150774545453	0.3204513451	2.9744493554	1.313500868	7	11	0.0	0.461538461538	7	39
1048	train	VT	VT	False	False	False			-852.6853	1759.3706	1803.5855	6.6072739339	0.24471384940370372	0.231779732	1.5082514946999999	0.7639379445000001	15	27	0.140350877193	0.789473684211	15	38
1049	train	LG+F+G4	LG	True	False	True	1.1641		-10977.5366	22049.0731	22236.9064	20.0778261299	0.7436231899962963	0.5875553361	2.7527973845	1.6509522945000001	15	27	0.102653399668	0.776119402985	15	402
105	train	LG+G4	LG	True	False	False	0.8613		-9186.3767	18456.7533	18611.0329	13.2310891126	0.3227094905512195	0.2810335187	2.5510990618	2.1364750464999998	22	41	0.0995001562012	0.766323024055	22	291
1050	train	WAG	WAG	False	False	False			-1175.7418	2369.4837	2392.3733	3.8386044069	0.42651160076666667	0.3882089312	1.6955802964	0.8847445723	6	9	0.0372340425532	0.393617021277	6	94
1052	train	JTT+G4	JTT	True	False	False	1.8615		-1322.9426	2661.8852	2686.0234	3.2441464824999997	0.4634494975	0.2830871404	1.3001240095	0.8200364479	5	7	0.177483443709	0.139072847682	5	151
1053	train	LG+F+G4	LG	True	False	True	0.8998		-44860.143	90050.286	90791.7554	72.4473676697	0.49963701841172414	0.308608039	5.425505222	3.37926902225	74	145	0.491904158319	0.618759455371	74	661
1055	train	WAG+G4	WAG	True	False	False	1.6664		-12577.3999	25482.7999	26007.3534	77.1098436254	0.47306652530920246	0.3110946637	5.977925937399999	3.0652271200000003	83	163	0.577514477801	0.563535911602	83	181
1056	train	LG+G4	LG	True	False	False	1.2207		-2126.273	4328.546	4416.1005	12.9449269747	0.3498628912081081	0.2455151205	3.9517055068999998	2.0721984108	20	37	0.0743243243243	0.824324324324	20	74
1057	train	LG	LG	False	False	False			-6850.566	13767.132	13877.7433	15.0091834501	0.4548237409121212	0.3857317651	3.9749348217	2.9879896744499996	18	33	0.110057925224	0.914691943128	18	211
1059	train	JTT+G4	JTT	True	False	False	1.1793		-1135.0376	2294.0751	2328.1105	1.7069530308	0.15517754825454547	0.1248244196	0.6697638605	0.4389187526	7	11	0.0351473922902	0.238095238095	7	126
106	train	LG+F+G4	LG	True	False	True	1.3436		-59436.644	119583.288	120949.7983	104.6406133394	0.3123600398191045	0.1995592444	5.7832545607	2.1213339133	169	335	0.286428047678	0.835734870317	169	347
1062	train	LG+G4	LG	True	False	False	1.2049		-4716.6274	9457.2549	9504.0536	6.6030842931	0.6002803902818182	0.6187447453	2.0398377384	1.4984403953	7	11	0.120156555773	0.432876712329	7	365
1063	train	LG+G4	LG	True	False	False	0.9759		-16427.3625	33246.725	33857.8517	60.9341429078	0.3124827841425641	0.213575029	4.516618082	2.9899200618999995	99	195	0.288030000605	0.766467065868	99	167
1065	train	LG+G4	LG	True	False	False	0.8816		-2335.5045	4687.0091	4716.4777	2.16937345	0.3099104928571429	0.2357377039	0.7109737107	0.5573415373	5	7	0.0721088435374	0.119047619048	5	294
1066	train	LG+G4	LG	True	False	False	1.1201		-8589.0489	17242.0978	17369.4221	10.106458632	0.3260147945806452	0.2303124834	3.5994076608000003	1.4382473905	17	31	0.196128071482	0.708860759494	17	395
1067	train	LG+G4	LG	True	False	False	1.3546		-4603.4492	9226.8984	9266.838	6.2831148601999995	0.6981238733555555	0.2968545462	2.7270575372	0.93544833105	6	9	0.074812967581	0.209476309227	6	401
1069	train	LG+G4	LG	True	False	False	0.8954		-6479.9604	13067.9209	13244.1061	35.0748520966	0.6617896621999999	0.4502973568	4.7182891841	2.0400230851499996	28	53	0.380643967432	0.585492227979	28	193
107	train	LG+G4	LG	True	False	False	0.6199		-8397.4492	16850.8985	16962.2363	13.6340758089	0.5049657707	0.3014701777	2.2370389985	1.1646048649	15	27	0.193739424704	0.530456852792	15	394
1070	train	LG+G4	LG	True	False	False	0.9854		-3190.218	6392.436	6416.6201	2.3777097092	0.47554194184	0.3945165374	1.3438926266	0.6479005104	4	5	0.0402644230769	0.0697115384615	4	416
1071	train	LG+G4	LG	True	False	False	1.3256		-4052.709	8153.418	8231.3466	9.1026587073	0.3957677698826087	0.2139450189	1.9570937798	1.0681686772	13	23	0.053036437247	0.689473684211	13	190
1072	train	JTT+G4	JTT	True	False	False	1.1508		-4131.5232	8279.0464	8311.9381	4.3787992419	0.6255427488428572	0.2411280256	2.8115374364	2.5391250221	5	7	0.0647450110865	0.372505543237	5	451
1073	train	WAG+F+G4	WAG	True	False	True	1.5483		-3685.0332	7492.0663	7655.1089	21.4241676148	0.5225406735317074	0.3544274808	6.0174830338000005	4.44518469525	22	41	0.17629566695	0.775700934579	22	107
1074	train	LG+F+G4	LG	True	False	True	2.2532		-3932.7178	7955.4357	8092.3898	15.9062325648	0.636249302592	0.5273134812	4.1114455586	2.7562010163500004	14	25	0.137788018433	0.787096774194	14	155
1078	train	LG+G4	LG	True	False	False	1.1492		-2757.365	5534.7301	5569.1542	5.1066992954	0.5674110328222223	0.6580105323	1.3068137520999998	1.09108330695	6	9	0.046176046176	0.251082251082	6	231
1080	train	LG+G4	LG	True	False	False	1.7641		-11338.7964	22717.5929	22805.3305	11.8710371656	0.6247914297684211	0.5433057118	2.1513079424	1.6746356887	11	19	0.205540250995	0.584175084175	11	594
1083	train	LG+G4	LG	True	False	False	0.7785		-773.4337	1558.8673	1574.6757	1.6798561787	0.33597123574	0.1755430961	0.7020624116	0.4560642867	4	5	0.0	0.0194174757282	4	103
1084	train	LG+G4	LG	True	False	False	0.7887		-55096.5521	110681.1042	111722.7637	66.8694712797	0.27518300938148144	0.190769134	7.399216322799999	5.289779602200001	123	243	0.269878664696	0.778409090909	123	528
1085	train	LG+G4	LG	True	False	False	1.2502		-3821.3222	7674.6444	7729.7922	7.5097992636	0.50065328424	0.4113371962	1.7777678195999997	1.4355678312	9	15	0.0852490421456	0.495689655172	9	232
1086	train	LG+G4	LG	True	False	False	1.1449		-16885.0219	33946.0438	34279.2908	34.3735090175	0.39509780479885054	0.2493645854	4.5085532839999996	2.0446380549	45	87	0.280981595092	0.79754601227	45	326
1087	train	LG+G4	LG	True	False	False	1.0519		-11004.7683	22121.5365	22342.7725	18.524635311	0.33681155110909095	0.2695231575	3.6231294930000004	1.3288630634	29	55	0.407596982759	0.528645833333	29	384
1088	train	LG+G4	LG	True	False	False	2.4823		-8267.7553	16659.5107	16869.3494	26.0442498304	0.426954915252459	0.2851634449	3.8654678058	1.9797583828	32	61	0.378870412844	0.642201834862	32	218
109	train	WAG+G4	WAG	True	False	False	0.9088		-44568.2209	89780.4419	91037.9684	70.6979568825	0.22024285633177568	0.1552820103	3.1662898918000013	1.37531440895	162	321	0.389208463686	0.738419618529	162	367
1090	train	JTT+G4	JTT	True	False	False	0.9526		-1472.6631	2977.3261	3024.2777	3.2976674918	0.21984449945333334	0.105961645	1.6912596861	0.6839852108	9	15	0.0783373301359	0.460431654676	9	139
1092	train	LG+G4	LG	True	False	False	0.8459		-15059.1764	30198.3528	30368.7361	22.7938554564	0.5844578322153846	0.5052578587	2.8813998812	2.3236987811	21	39	0.297095511245	0.648183556405	21	523
1093	train	LG+G4	LG	True	False	False	2.2678		-14981.796	30131.5919	30433.2348	27.7403977877	0.3342216600927711	0.1896232358	5.3785185288	2.2222062358	43	83	0.196806664353	0.865671641791	43	268
1094	train	LG+G4	LG	True	False	False	1.5665		-25112.7084	50537.4167	51106.6567	64.4290720052	0.4156714322916129	0.2596326208	6.632149905500002	5.1782970217	79	155	0.355722945267	0.746478873239	79	284
1097	train	LG+F+G4	LG	True	False	True	0.7474		-23319.7032	46869.4065	47326.3946	56.0202340774	0.5896866744989473	0.4044276406	6.5623931754000004	2.4277301962	49	95	0.333904554188	0.811704834606	49	393
11	train	LG+G4	LG	True	False	False	0.8136		-26324.8359	52781.6718	53080.9018	19.7271275331	0.30349426974	0.2006425167	3.8786475091000003	0.8777711455999999	34	65	0.129360465116	0.74273255814	34	688
110	train	LG+G4	LG	True	False	False	0.635		-4129.1596	8298.3192	8372.261	4.0719824138	0.2143148638842105	0.1978901249	1.1693119384	1.0752048854999998	11	19	0.0192190359976	0.493288590604	11	298
1100	train	LG+G4	LG	True	False	False	0.9932		-3226.1349	6468.2699	6498.4911	5.7352302602	0.8193186085999999	0.4912356213	3.3133386087999996	3.1184014495	5	7	0.0885448916409	0.191950464396	5	323
1101	train	LG+G4	LG	True	False	False	1.3937		-2815.7262	5675.4525	5737.8507	10.9770539764	0.5227168560190476	0.4351566488	4.0038533644	3.00361855385	12	21	0.0582010582011	0.873015873016	12	126
1102	train	JTT+G4	JTT	True	False	False	1.8689		-8899.6372	17823.2744	17876.5466	7.1681132484	0.6516466589454546	0.5304355138	3.1447060714	2.2787607329	7	11	0.106344135098	0.376996805112	7	626
1104	train	LG+G4	LG	True	False	False	0.8577		-6155.3798	12430.7595	12608.1091	21.9403627211	0.3718705545949153	0.3042219618	2.6597191399	1.8618776511	31	59	0.187187641981	0.746478873239	31	142
1105	train	LG+G4	LG	True	False	False	1.1953		-6186.3898	12404.7795	12466.8681	11.5941563701	0.7729437580066667	0.7246507856	2.2852638273	1.9728474132999998	9	15	0.129112352576	0.458100558659	9	358
1106	train	rtREV+G4	rtREV	True	False	False	1.373		-1235.9585	2491.917	2517.8682	5.1962542279	0.5773615808777778	0.4368772082	2.9171016607999998	2.38415406725	6	9	0.013468013468	0.353535353535	6	99
1107	train	LG	LG	False	False	False			-934.1152	1882.2305	1901.0699	2.0972477262	0.2996068180285714	0.2666838737	1.1058129218000001	0.7538929791	5	7	0.0733944954128	0.266055045872	5	109
1108	train	WAG+G4	WAG	True	False	False	1.1467		-1331.0173	2686.0346	2718.869	3.2323040045	0.2938458185909091	0.3261781046	0.9623631449	0.5176629708	7	11	0.0501253132832	0.315789473684	7	114
1109	train	JTT	JTT	False	False	False			-980.5065	1991.0131	2024.9533	4.3693527327999995	0.29129018218666664	0.1430323431	2.2933957309	1.9543411005	9	15	0.037558685446	0.760563380282	9	71
111	train	WAG+F+G4	WAG	True	False	True	1.4235		-4926.4052	9978.8104	10170.5462	17.5314535081	0.40770822111860466	0.293415923	3.0495086298000005	1.6515288599	23	43	0.234221598878	0.748387096774	23	155
1110	train	LG+G4	LG	True	False	False	1.8601		-5170.5926	10405.1853	10513.6356	15.5588881096	0.5018996164387096	0.2830151545	3.4753385213000003	1.6849002972	17	31	0.293580445877	0.666666666667	17	219
1111	train	LG+G4	LG	True	False	False	1.2195		-3206.2025	6528.405	6683.4291	18.8105997147	0.33001052131052633	0.2028694935	4.114656107400001	2.666653483	30	57	0.319626168224	0.607476635514	30	107
1112	train	LG+G4	LG	True	False	False	0.6586		-9904.0147	19920.0294	20113.2875	31.0360527666	0.5642918684836363	0.4386380562	4.3852519259000005	3.3183625570999995	29	55	0.19579695131	0.729613733906	29	233
1115	train	JTT+G4	JTT	True	False	False	0.6992		-5924.6203	11901.2406	12001.9157	8.263710281	0.33054841124	0.2312502148	3.3468020813	1.86075040935	14	25	0.22152917505	0.518309859155	14	355
1116	train	LG+G4	LG	True	False	False	0.9446		-23733.5426	47719.0852	48171.5495	47.2184207794	0.3777473662352	0.2508064278	5.578100953	3.99175830965	64	125	0.169484608209	0.891791044776	64	268
1117	train	LG+G4	LG	True	False	False	1.3092		-1458.3459	2956.6918	3003.3065	8.2101651641	0.43211395600526314	0.3545168745	3.9127650053	1.7276717735999998	11	19	0.0167464114833	0.815789473684	11	76
1118	train	LG+G4	LG	True	False	False	1.2583		-6973.0409	14014.0819	14130.5302	23.3882257448	0.7087341134787879	0.4950422591	5.2263416107000005	2.90650010375	18	33	0.184777288302	0.788546255507	18	227
1119	train	LG+G4	LG	True	False	False	0.8152		-12509.539	25155.078	25397.2043	31.2938924836	0.4670730221432836	0.4220828195	3.5279809817	2.1627132994	35	67	0.21989010989	0.734615384615	35	260
112	train	LG+F+G4	LG	True	False	True	1.057		-16203.7755	32537.5509	32814.5479	20.5587313524	0.45686069671999996	0.2225830671	8.2581641038	1.35530464065	24	45	0.122932569975	0.795801526718	24	524
1121	train	LG+G4	LG	True	False	False	1.2302		-2037.5289	4091.0577	4117.8726	4.5198486905	0.6456926700714286	0.6863670346	2.4063523558	2.0592365219	5	7	0.0938388625592	0.165876777251	5	211
1123	train	LG+G4	LG	True	False	False	1.3381		-995.1193	2006.2385	2027.2383	4.2528154618	0.6075450659714285	0.3514045446	2.7317393312	0.5903595403999999	5	7	0.0078431372549	0.245098039216	5	102
1124	train	LG+G4	LG	True	False	False	1.1924		-27035.2156	54338.4312	54853.0772	47.0003945879	0.3533864254729323	0.2303709749	4.540210628600001	3.1716919831999997	68	133	0.363927838577	0.732558139535	68	344
1126	train	LG+G4	LG	True	False	False	0.9886		-7705.0425	15466.0849	15576.9208	12.4119152257	0.4597005639148148	0.3051866372	5.0167539505	4.141416148699999	15	27	0.232213608958	0.653746770026	15	387
1127	train	LG+G4	LG	True	False	False	1.0718		-1691.2941	3394.5881	3415.4217	1.4587130876	0.29174261752	0.1937445899	0.6192533376	0.355285647	4	5	0.0115546218487	0.0420168067227	4	238
1129	train	cpREV+G4	cpREV	True	False	False	1.1672		-1481.8961	2975.7922	2995.9317	2.6623056965	0.5324611392999999	0.2875833919	2.2082034844	0.50180930235	4	5	0.0330188679245	0.0471698113208	4	212
113	train	LG+G4	LG	True	False	False	0.8036		-4390.2329	8904.4658	9085.0504	20.0578332998	0.3288169393409836	0.1590383963	6.9034398238	0.86128129885	32	61	0.153492647059	0.705882352941	32	136
1130	train	VT+F+G4	VT	True	False	True	1.0914		-5583.0093	11320.0186	11557.7635	28.3611015074	0.4975631843403509	0.2822921946	7.672920318299999	4.390662625	30	57	0.312962962963	0.697530864198	30	162
1131	train	WAG+G4	WAG	True	False	False	0.7037		-1497.3767	3006.7535	3026.7207	1.6335152551	0.32670305102	0.2354854791	0.9647523913	0.58481853215	4	5	0.00728155339806	0.0970873786408	4	206
1132	train	LG	LG	False	False	False			-1365.7754	2749.5507	2774.2551	3.8241148152	0.42490164613333337	0.4734468572	2.1464648996	1.5725445614000002	6	9	0.00579710144928	0.582608695652	6	115
1134	train	LG+G4	LG	True	False	False	1.3305		-6304.6707	12645.3414	12713.9957	23.4464995042	1.3792058531882352	0.4487216608	14.4749119926	1.65698929195	10	17	0.158805970149	0.591044776119	10	335
1135	train	WAG+G4	WAG	True	False	False	1.9017		-2457.5007	4947.0014	4995.1716	8.2287743954	0.5485849596933333	0.4107286564	3.4961676925999994	0.9650396761	9	15	0.156296296296	0.506666666667	9	150
1137	train	LG+G4	LG	True	False	False	0.9939		-2975.1452	6082.2904	6219.4079	32.573595758	0.5011322424307693	0.2908395729	8.6070709899	2.33918682025	34	65	0.0857427716849	0.881355932203	34	59
114	train	LG+G4	LG	True	False	False	0.9166		-39407.305	79358.61	80358.6871	104.7514950651	0.3865368821590406	0.2607557534	8.503296722399998	4.8565016472	137	271	0.336291370863	0.852739726027	137	292
1141	train	LG+G4	LG	True	False	False	1.3578		-1598.4257	3220.8515	3254.401	7.0521450191	0.6411040926454545	0.6095557205	2.4826256687	1.3373822	7	11	0.139315230224	0.289256198347	7	121
1142	train	WAG+G4	WAG	True	False	False	1.1495		-1126.5026	2289.0053	2329.9853	5.5415979736	0.3259763513882353	0.1626858596	2.6340780430999997	1.1013432879	10	17	0.0597222222222	0.694444444444	10	72
1143	train	LG+G4	LG	True	False	False	1.4584		-1026.3967	2072.7934	2098.5405	3.9277974700000002	0.43642194111111116	0.3218404012	2.1104329098	0.48825443550000003	6	9	0.0429553264605	0.268041237113	6	97
1144	train	LG+G4	LG	True	False	False	2.6599		-1219.4916	2458.9832	2485.1344	4.861418641	0.5401576267777778	0.351594763	2.9256171118000003	0.64705827415	6	9	0.0643564356436	0.346534653465	6	101
1145	train	LG+G4	LG	True	False	False	1.0926		-453.357	918.714	932.2901	1.4302284427	0.28604568854	0.2103011858	0.8610566305	0.4640178172	4	5	0.0457746478873	0.0704225352113	4	71
1147	train	LG+G4	LG	True	False	False	0.9976		-24035.028	48466.0561	49173.3426	67.6966009898	0.34363756847614213	0.2523182268	3.9676103929999993	2.52758026605	100	197	0.396958174905	0.642585551331	100	263
1148	train	WAG+F	WAG	False	False	True			-2979.4382	6010.8764	6103.1523	5.0065122104999995	0.7152160300714285	0.6402424895	1.7800739058	0.9232415019	5	7	0.0428015564202	0.120622568093	5	257
1149	train	LG+G4	LG	True	False	False	1.0219		-20770.1813	41632.3626	41837.4462	19.3484707523	0.42996601671777773	0.2839866811	4.752859140700001	2.3891185893499998	24	45	0.188740856844	0.769592476489	24	638
115	train	LG+G4	LG	True	False	False	1.879		-40843.5369	81847.0739	82202.094	37.6806269486	0.47696996137468356	0.3272892817	5.171368952400001	2.3434242111000003	41	79	0.202848780488	0.824	41	625
1150	train	LG+G4	LG	True	False	False	0.7999		-2726.0949	5508.1898	5585.0479	10.3069083559	0.3817373465148148	0.305027673	3.5390933527999997	1.6131287596	15	27	0.0597101449275	0.730434782609	15	115
1151	train	LG+G4	LG	True	False	False	1.5719		-1215.4876	2458.9752	2491.42	7.6661277205	0.5897021323461538	0.5589209741	3.7404178783999997	1.762164802	8	13	0.0366666666667	0.626666666667	8	75
1153	train	LG+G4	LG	True	False	False	1.455		-9773.788	19603.576	19714.6281	12.896610750599999	0.47765225002222217	0.3151235869	3.3029226819	2.8274399659	15	27	0.122051282051	0.75641025641	15	390
1154	train	LG+G4	LG	True	False	False	0.9194		-2590.8235	5197.6471	5226.1325	4.8103623815	0.6871946259285714	0.5299677232	3.1059632192000004	1.2565246844	5	7	0.0769230769231	0.196153846154	5	260
1155	train	LG+G4	LG	True	False	False	1.3164		-13135.4709	26470.9418	26806.1276	40.045142468	0.40449638856565656	0.2357268777	3.6351880236	2.1717708604999997	51	99	0.22906793049	0.805687203791	51	211
1156	train	LG+F+G4	LG	True	False	True	0.9368		-24914.5662	50079.1324	50626.4356	31.3057146811	0.29814966362952383	0.202343134	4.6365517635	3.8113452442499995	54	105	0.464252027919	0.578947368421	54	589
1157	train	LG+F+G4	LG	True	False	True	1.4778		-6160.8177	12379.6354	12504.8855	4.9515041682000005	0.5501671298	0.4005885897	1.6990119242000001	1.0839650299999999	6	9	0.118918918919	0.223423423423	6	555
1158	train	LG+G4	LG	True	False	False	0.9859		-2163.9448	4351.8896	4391.94	4.0727046613999995	0.3702458783090909	0.2405748456	1.2824620542	0.7024780703	7	11	0.146978021978	0.230769230769	7	208
116	train	LG+F+G4	LG	True	False	True	0.7044		-7921.4934	15996.9869	16250.1834	35.8493454061	0.6289358843175439	0.2987374827	11.1275947458	4.274660278400001	30	57	0.187373737374	0.828282828283	30	198
1161	train	LG+G4	LG	True	False	False	1.346		-2090.3134	4204.6268	4241.8982	5.9172331101	0.5379302827363636	0.3592735635	2.3210848502	1.7239655983	7	11	0.121212121212	0.436363636364	7	165
1162	train	LG+G4	LG	True	False	False	0.605		-3235.1013	6490.2026	6528.8105	3.1115751772999998	0.3457305752555555	0.3246583307	1.3735450412999999	0.77911697715	6	9	0.117758784425	0.222222222222	6	351
1163	train	LG+F+G4	LG	True	False	True	0.7583		-1402.2517	2862.5035	2942.1065	9.9257230875	1.1028581208333332	0.8597354854	3.6028616394	2.1890697008	6	9	0.0304347826087	0.278260869565	6	115
1164	train	LG+G4	LG	True	False	False	0.8989		-1769.1441	3562.2883	3599.9882	3.4297332929	0.3117939357181818	0.1707987415	0.7925514396	0.6681944264	7	11	0.136173767753	0.292397660819	7	171
1165	train	LG+G4	LG	True	False	False	0.7172		-988.2301	1996.4603	2022.1038	4.8481331507	0.5386814611888888	0.2777465427	2.1117334733	0.78679756205	6	9	0.0625	0.239583333333	6	96
1166	train	LG+G4	LG	True	False	False	0.833		-5159.0784	10334.1568	10368.0007	6.9438609303	0.9919801329	1.0643779466	2.7447599427	1.5866952402	5	7	0.123228346457	0.169291338583	5	508
1167	train	WAG+F+G4	WAG	True	False	True	1.1392		-24180.748	48639.496	49194.6566	54.4211970215	0.45732098337394955	0.3297445637	10.8608088402	5.566766046600001	61	119	0.464985078288	0.778054862843	61	401
1169	train	LG+F+G4	LG	True	False	True	1.3271		-4194.8957	8451.7914	8565.8767	9.4713453259	0.8610313932636363	0.7075943304	4.1528746574	1.9759809984999999	7	11	0.0804485616772	0.331058020478	7	293
117	train	LG+G4	LG	True	False	False	0.9115		-36354.9328	73129.8655	73933.9441	59.2926464796	0.28369687310813396	0.1670754614	6.0299230639	2.9036981497500003	106	209	0.223862375139	0.841176470588	106	340
1170	train	LG+G4	LG	True	False	False	1.2441		-2668.4276	5396.8552	5477.04	11.3617345145	0.3917839487758621	0.2215504544	5.5430373256	4.08704706465	16	29	0.0508177570093	0.915887850467	16	107
1171	train	WAG	WAG	False	False	False			-1923.3279	3876.6557	3917.4332	7.7367915552	0.51578610368	0.2195180683	4.3416512378	1.7707644326	9	15	0.0535714285714	0.839285714286	9	112
1172	train	WAG	WAG	False	False	False			-4608.4233	9226.8466	9248.3689	3.2904310949	0.6580862189800001	0.4630954046	1.8356041242	1.3148929305500001	4	5	0.0804387568556	0.146252285192	4	547
1173	train	LG+G4	LG	True	False	False	1.3418		-4670.6466	9441.2932	9578.1031	19.6154159966	0.4003146121755102	0.2883534314	4.2537763162	1.37924625005	26	49	0.0917678812416	0.850877192982	26	114
1174	train	WAG	WAG	False	False	False			-3636.759	7283.5181	7303.837	2.5305825295	0.5061165059	0.3370993684	1.0898384361	0.5968620265	4	5	0.075	0.0372093023256	4	430
1176	train	LG+G4	LG	True	False	False	0.7211		-1531.0965	3082.193	3113.1916	2.4321897711	0.2702433079	0.2547325176	0.8104526259	0.48172299244999994	6	9	0.015243902439	0.207317073171	6	164
1177	train	LG+G4	LG	True	False	False	1.2745		-3930.3256	7884.6511	7928.6482	7.7678951818	0.7061722892545454	0.7330902638	3.5351102016000002	1.5766781941999999	7	11	0.104300543747	0.335640138408	7	289
1178	train	LG+F+G4	LG	True	False	True	1.1718		-5404.2486	10866.4971	10990.3009	5.6141709905	0.6237967767222222	0.6347396285	2.0611473039	1.1399842858	6	9	0.183080808081	0.238636363636	6	528
1179	train	LG+G4	LG	True	False	False	1.3855		-6338.5026	12701.0052	12750.0737	10.1805142466	0.9255012951454545	0.4542860973	4.012400981599999	3.3096413832000002	7	11	0.0566893424036	0.571428571429	7	441
1180	train	WAG+G4	WAG	True	False	False	1.411		-6023.4924	12074.9849	12132.1679	7.9176535038	0.609050269523077	0.3271914424	4.4582572054	1.3476914473	8	13	0.173120728929	0.441913439636	8	439
1182	train	VT	VT	False	False	False			-1485.4515	3000.903	3039.6776	6.4048266813	0.42698844542000003	0.4009528552	2.6297742312	1.9762573236000003	9	15	0.166666666667	0.673469387755	9	98
1183	train	LG+G4	LG	True	False	False	0.7351		-1149.8929	2311.7857	2329.6046	4.5797778051	0.91595556102	0.4299080033	3.5826212893	0.46853177440000005	4	5	0.0607638888889	0.0347222222222	4	144
1184	train	LG+G4	LG	True	False	False	1.5009		-21895.609	44375.218	45274.9881	91.7307281233	0.3152258698395189	0.2179641711	4.920817803400001	3.0635462824000004	147	291	0.437106519626	0.658385093168	147	161
1185	train	LG+G4	LG	True	False	False	1.268		-28502.7257	57205.4514	57627.1121	40.8154715068	0.41227748996767677	0.3039997603	4.7689017287	3.695538406	51	99	0.348166412273	0.736526946108	51	501
1186	train	LG+G4	LG	True	False	False	1.1538		-1856.0213	3744.0427	3788.1001	8.5255613188	0.5683707545866666	0.2066815068	3.880271638	0.9500403175	9	15	0.0239463601533	0.525862068966	9	116
1187	train	WAG	WAG	False	False	False			-933.4741	1888.9481	1913.8376	3.0007861892	0.2727987444727273	0.2439306736	0.8976214393999999	0.6148186838	7	11	0.0140845070423	0.450704225352	7	71
1188	train	LG	LG	False	False	False			-785.4049	1580.8097	1594.1269	2.214652484	0.4429304968	0.3003798665	1.3227688854	0.55811570245	4	5	0.0966981132075	0.0660377358491	4	106
1190	train	WAG+G4	WAG	True	False	False	0.6078		-668.2926	1352.5853	1371.936	1.8514332986	0.26449047122857144	0.1979353831	0.7624176007	0.46352799419999996	5	7	0.0120481927711	0.120481927711	5	83
1191	train	LG+G4	LG	True	False	False	2.4352		-2220.4913	4484.9826	4540.4619	11.673054286	0.5558597279047619	0.3241684172	2.5071523372	1.50742771775	12	21	0.0054347826087	0.902173913043	12	92
1194	train	LG+G4	LG	True	False	False	1.2853		-3269.2391	6638.4782	6760.6107	17.6378785427	0.35995670495306126	0.2631875388	3.6044982037999995	1.97072754095	26	49	0.0574660633484	0.929411764706	26	85
1196	train	LG+G4	LG	True	False	False	1.0405		-3796.5853	7625.1706	7681.514	6.7180912819	0.44787275212666666	0.3283376624	1.6461143442000001	0.8155741169999999	9	15	0.096	0.384	9	250
1198	train	WAG	WAG	False	False	False			-1749.2821	3512.5641	3534.1339	3.1351519487	0.4478788498142857	0.2506198198	0.9626323273	0.6568214812000001	5	7	0.0223602484472	0.155279503106	5	161
120	train	LG	LG	False	False	False			-1059.8649	2217.7298	2283.0079	10.1517853524	0.20717929290612244	0.1616946338	1.9777130469	1.02695991815	26	49	0.00274725274725	1.0	26	28
1200	train	LG+G4	LG	True	False	False	0.9114		-5068.5355	10177.071	10251.5427	10.3391084195	0.5441636010263158	0.3664434334	4.5221684304	2.0668880724000003	11	19	0.170231729055	0.611111111111	11	306
1202	train	LG+G4	LG	True	False	False	1.238		-23672.5454	47749.0908	48446.2005	59.1269564884	0.2941639626288557	0.1494270766	11.0043876398	2.6283157673	102	201	0.295884877556	0.789699570815	102	233
1205	train	WAG+G4	WAG	True	False	False	1.0741		-3037.6579	6095.3158	6131.7703	4.2918164045000005	0.4768684893888889	0.4170510512	1.4672058638	1.1360974351	6	9	0.176089517079	0.240282685512	6	283
1207	train	LG+G4	LG	True	False	False	1.7188		-3120.1722	6256.3444	6285.4227	5.6082615228	0.8011802175428572	0.7910821258	3.0764845872000004	1.2568471965	5	7	0.0485714285714	0.132142857143	5	280
1208	train	LG+G4	LG	True	False	False	0.9478		-6921.0978	13870.1957	13932.5464	2.946166624	0.22662820184615384	0.149783655	1.2848195927	0.6923484024000001	8	13	0.0700787401575	0.436220472441	8	635
1209	train	LG+G4	LG	True	False	False	1.0644		-3128.1025	6292.205	6354.8565	3.6645366942	0.2155609820117647	0.1497207278	1.9808707705000004	1.54026850605	10	17	0.035	0.55	10	240
1210	train	WAG+F	WAG	False	False	True			-6258.9151	12581.8301	12709.7166	6.0984915328	0.4691147332923077	0.3900954134	1.6976231737000003	1.50331728475	8	13	0.126243781095	0.562189054726	8	402
1211	train	JTT+F	JTT	False	False	True			-9030.1424	18128.2849	18283.3599	9.056452090099999	0.6037634726733333	0.1704811601	6.471531983699999	6.1315042041	9	15	0.184189847556	0.777934936351	9	707
1214	train	LG+G4	LG	True	False	False	1.0806		-15158.7041	30385.4083	30542.3545	13.2971404506	0.40294365001818183	0.2163721727	6.6881092056	0.8603363015500001	18	33	0.253235162874	0.63453815261	18	747
1216	train	LG+G4	LG	True	False	False	1.3824		-8067.4404	16174.8808	16258.273	7.3674435855	0.3877601887105263	0.2603267391	2.8590645873	1.5656705691	11	19	0.0966146823887	0.644351464435	11	478
1217	train	JTT+G4	JTT	True	False	False	2.0868		-2753.0082	5566.0164	5649.1369	6.8752182591	0.23707649169310346	0.2100669632	2.1270265508	0.97093040885	16	29	0.0195974576271	0.737288135593	16	118
1218	train	cpREV+G4	cpREV	True	False	False	1.183		-3810.992	7649.984	7702.0224	4.7726921379	0.36713016445384616	0.2121956263	2.2780865687	0.7408361079	8	13	0.0374177631579	0.434210526316	8	304
1220	train	LG+G4	LG	True	False	False	0.6933		-1675.0864	3374.1728	3410.1393	4.3393669255	0.3944879023181818	0.2404511573	2.2007317742000003	0.4580761843	7	11	0.0	0.493243243243	7	148
1221	train	LG+G4	LG	True	False	False	1.2388		-1030.3299	2108.6599	2157.2683	6.3574962564	0.2764128807130435	0.1880829544	2.17913085	1.4157099438	13	23	0.0549450549451	0.696428571429	13	56
1222	train	WAG	WAG	False	False	False			-1106.8239	2231.6479	2253.5252	5.2206844234	0.5800760470444444	0.2022105251	2.7552334987	0.9537174110000001	6	9	0.00992063492063	0.333333333333	6	84
1225	train	JTT+G4	JTT	True	False	False	0.6506		-6556.1421	13140.2842	13199.8378	17.375244281500002	1.336557252423077	0.2490341939	8.8871423226	0.4714674636	8	13	0.175	0.219230769231	8	520
1226	train	WAG+G4	WAG	True	False	False	0.6314		-389.8893	799.7785	815.0421	9.4027263679	1.044747374211111	0.1276891875	5.8381695422	1.19979555135	6	9	0.0	0.0882352941176	6	34
1228	train	LG+G4	LG	True	False	False	0.839		-3843.6961	7751.3921	7847.7324	13.813411697	0.4455939257096774	0.3152611907	4.1612899226	2.4690077673	17	31	0.136078431373	0.746666666667	17	150
1229	train	LG+F+G4	LG	True	False	True	1.0479		-4587.2887	9232.5774	9352.883	2.8356943848	0.3150771538666667	0.2185213134	1.2794279931	0.7099792224	6	9	0.002849002849	0.358974358974	6	468
1231	train	JTT+G4	JTT	True	False	False	1.6399		-1973.0355	3962.0709	3989.2562	4.4678235352	0.6382605050285715	0.2194179428	3.3471489557000003	0.7521004714	5	7	0.0968325791855	0.393665158371	5	221
1232	train	LG+F+G4	LG	True	False	True	1.078		-11056.7313	22275.4627	22561.9867	36.0331648133	0.5907076198901638	0.4385130096	6.5058168495	4.486156433050001	32	61	0.288016732283	0.759842519685	32	254
1233	train	LG+G4	LG	True	False	False	0.9414		-8301.0654	16646.1307	16738.631	5.2685057222000005	0.2508812248666667	0.2177218995	1.8670442724	1.60299358665	12	21	0.0474747474747	0.644444444444	12	495
1234	train	LG+G4	LG	True	False	False	0.7555		-1878.423	3776.8461	3808.7756	3.3415564542	0.3712840504666667	0.4708295991	1.512179368	0.9843867513	6	9	0.0157407407407	0.283333333333	6	180
1237	train	LG+G4	LG	True	False	False	1.7191		-13112.4794	26308.9587	26472.0582	21.9991259683	0.536564048007317	0.4234171073	4.1230335547	2.21562501725	22	41	0.183084325146	0.779944289694	22	359
1238	train	WAG+F+G4	WAG	True	False	True	1.2995		-32047.8614	64265.7228	64691.7526	22.7055547696	0.34931622722461536	0.1554883647	7.3960286171	5.922041342749999	34	65	0.423025967144	0.637837837838	34	1110
1239	train	JTT+G4	JTT	True	False	False	1.4869		-6062.423	12160.8461	12232.5115	5.9916885831	0.3524522695941177	0.1754267157	3.3672193545	1.5221203056000001	10	17	0.0734848484848	0.724747474747	10	396
1240	train	LG+G4	LG	True	False	False	1.3103		-7586.4487	15256.8975	15402.9089	20.0245047236	0.48840255423414636	0.4188025481	3.2889295088	2.3444530475	22	41	0.257512362115	0.71129707113	22	239
1241	train	LG+G4	LG	True	False	False	0.8781		-16410.4795	32964.959	33247.8894	19.313680323699998	0.27202366653098586	0.1945804276	2.8797896885	1.7484271043	37	71	0.155836687752	0.726063829787	37	376
1242	train	LG+G4	LG	True	False	False	1.0077		-5077.6546	10323.3092	10535.1394	33.4653393795	0.4031968599939759	0.3017798043	3.3662210879	1.5628623448	43	83	0.258594539939	0.684782608696	43	92
1245	train	WAG+G4	WAG	True	False	False	0.8451		-1885.0427	3802.0854	3845.7236	9.1286053806	0.60857369204	0.458355577	1.8537043823	1.2795735293	9	15	0.086529006883	0.451327433628	9	113
1247	train	WAG+F+G4	WAG	True	False	True	0.6672		-4371.9478	8889.8956	9090.9077	18.2069628387	0.3435276007301887	0.2664974108	2.4188633519000002	1.8190424472500002	28	53	0.115455665025	0.741379310345	28	116
1249	train	JTT+G4	JTT	True	False	False	0.02		-941.6868	1907.3735	1948.2057	0.2571771591	0.023379741736363636	0.0203254087	0.06515475779999999	0.0429085749	7	11	0.0	0.0315315315315	7	222
125	train	WAG+F+G4	WAG	True	False	True	1.2343		-35922.1486	72094.2973	72658.2654	39.6912929891	0.37801231418190473	0.2718369861	4.0167302008	2.75750843525	54	105	0.437730449618	0.680534918276	54	673
1250	train	LG+G4	LG	True	False	False	0.998		-3302.6904	6629.3809	6672.3828	8.3901884712	0.7627444064727272	0.4873647015	3.7776447632	2.4747953602	7	11	0.15574650913	0.330827067669	7	266
1251	train	LG+F+G4	LG	True	False	True	1.7302		-8489.9614	17077.9229	17251.8276	21.9628634327	0.7573401183689655	0.6116381654	4.8489968687000005	2.04493569755	16	29	0.0342898832685	0.91439688716	16	257
1253	train	mtART+G4	mtART	True	False	False	0.9727		-1920.3693	3896.7386	3961.9992	14.6637631245	0.5431023379444445	0.3720059922	3.1563686530000004	2.4791761480999996	15	27	0.000877192982456	0.815789473684	15	76
1254	train	LG+G4	LG	True	False	False	1.0963		-7932.7404	15897.4809	15963.6845	14.3292472363	0.9552831490866667	0.4284633601	5.559691025	1.402518252	9	15	0.155747540197	0.479481641469	9	463
1256	train	LG+G4	LG	True	False	False	0.9476		-1418.3705	2880.741	2930.8277	9.221694302	0.43912830009523807	0.203975881	2.2982065	1.0978143875	12	21	0.03125	0.736111111111	12	72
126	train	WAG+F+G4	WAG	True	False	True	0.7677		-4940.568	10015.136	10229.4353	10.6927918573	0.22750620972978722	0.0935213504	4.1445015516	0.42303770799999996	25	47	0.0132596685083	0.60773480663	25	181
1260	train	WAG+F	WAG	False	False	True			-3914.1803	7924.3606	8064.8688	10.9197424013	0.37654284142413796	0.4269459384	2.312833211	1.5732383354000001	16	29	0.105072463768	0.855072463768	16	138
1261	train	LG+G4	LG	True	False	False	2.3117		-10749.5135	21615.027	21817.3854	29.1994615683	0.5122712555842105	0.4245644014	5.2847167669	4.463300003799999	30	57	0.256611570248	0.851239669421	30	242
1263	train	LG+G4	LG	True	False	False	1.2533		-1271.9606	2579.9213	2618.2097	11.6554221942	0.6856130702470589	0.4891512757	4.6011903458	1.76570004555	10	17	0.0161290322581	0.822580645161	10	62
1267	train	WAG	WAG	False	False	False			-1177.8148	2369.6296	2388.5963	3.6642939938	0.5234705705428572	0.5179685163	1.1591535115	0.7733703842	5	7	0.0936936936937	0.144144144144	5	111
1270	train	VT+G4	VT	True	False	False	0.8046		-1865.1953	3770.3905	3825.973	3.9695256884	0.2089224046526316	0.1429032898	1.0864498313	0.6968119859999999	11	19	0.00916730328495	0.487394957983	11	119
1271	train	LG+G4	LG	True	False	False	1.3121		-5854.5695	11865.1389	12064.3413	35.3872144557	0.4595742137103896	0.3357098465	4.8031849138	2.2262023914	40	77	0.146578947368	0.852631578947	40	95
1275	train	LG+G4	LG	True	False	False	1.054		-2807.4723	5642.9447	5688.1051	5.7340820119	0.4410832316846154	0.3591393738	1.5123239764	0.9381608832	8	13	0.0141129032258	0.381720430108	8	186
1278	train	LG+G4	LG	True	False	False	1.6549		-1716.7044	3473.4087	3522.4956	9.2254185132	0.4855483428	0.4165782139	2.2918641131	1.093580222	11	19	0.0623678646934	0.651162790698	11	86
128	train	VT+F	VT	False	False	True			-1533.0607	3182.1214	3320.2789	6.4437618247	0.16522466217179488	0.1271602941	2.3748056838	0.8294839177	21	39	0.221428571429	0.775	21	80
1281	train	WAG+F+G4	WAG	True	False	True	1.1085		-5381.8523	10937.7046	11150.2152	43.7931031889	0.6536284058044776	0.4918564321	6.2789570685000005	2.6821235768	35	67	0.109579831933	0.882352941176	35	85
1282	train	LG+G4	LG	True	False	False	1.336		-2115.1876	4278.3753	4347.38	5.2199822489	0.2269557499521739	0.1108629235	2.259750278	0.2763285118	13	23	0.0540223135643	0.587786259542	13	131
1283	train	LG+F+G4	LG	True	False	True	1.7349		-52039.2974	104288.5947	104793.1956	42.2932879217	0.4975680931964706	0.343531651	5.0573297626	3.5934683547999997	44	85	0.287425752542	0.826135105205	44	903
1285	train	LG+F+G4	LG	True	False	True	0.9229		-3097.6672	6257.3343	6366.7466	5.7511971724999995	0.5228361065909091	0.4363886743	3.7414855245	2.3611374231999998	7	11	0.0113378684807	0.531746031746	7	252
1286	train	LG+G4	LG	True	False	False	4.3063		-1706.9679	3437.9358	3473.6566	3.4204694432	0.31095176756363635	0.2116189629	1.7741341493000002	1.5935396657	7	11	0.0	0.641379310345	7	145
1287	train	LG+G4	LG	True	False	False	0.9291		-5236.5534	10525.1069	10615.2765	16.5608087572	0.662432350288	0.4407177435	6.698233635599999	4.99789525455	14	25	0.185352622061	0.713080168776	14	237
1290	train	LG+G4	LG	True	False	False	2.2973		-2199.6257	4483.2514	4571.9081	18.0950814926	0.44134345103902434	0.2544176867	5.1310731227	1.53865688	22	41	0.0529061102832	0.918032786885	22	61
1292	train	LG+F+G4	LG	True	False	True	0.8638		-3323.0014	6704.0028	6812.3634	6.403752089	0.7115280098888889	0.4157769646	3.1927111337	2.45031940065	6	9	0.0586021505376	0.293548387097	6	310
1294	train	LG+G4	LG	True	False	False	2.821		-3433.1964	6986.3928	7117.7721	29.309115807	0.49676467469491525	0.2836313756	5.6400428729000005	2.4520224688	31	59	0.0840664711632	0.878787878788	31	66
1298	train	LG+F+G4	LG	True	False	True	1.209		-20435.9844	40973.9689	41212.0485	14.2095964244	0.45837407820645165	0.3374063657	4.3659489303	3.5050608266	17	31	0.187233724494	0.750952986023	17	787
1300	train	LG+G4	LG	True	False	False	0.6378		-34074.8208	68765.6417	69878.4851	128.5218629659	0.4186379901169381	0.2379131893	8.593128490199998	4.7025561451	155	307	0.434071109018	0.759124087591	155	274
1301	train	LG+G4	LG	True	False	False	1.1641		-4339.9987	8719.9974	8789.0182	13.6019000555	0.7158894766052631	0.3866146638	4.3387145554	1.8529772505	11	19	0.170893484198	0.579399141631	11	233
1303	train	LG+G4	LG	True	False	False	0.9085		-2614.3168	5300.6335	5389.8177	15.930856861199999	0.4551673388914285	0.2520202006	4.969869978099999	2.8537183016	19	35	0.00657894736842	0.909090909091	19	88
1304	train	WAG+G4	WAG	True	False	False	1.3969		-3696.7477	7409.4955	7442.0798	2.7845617488	0.3977945355428571	0.134189189	1.9492383119	0.5330574257999999	5	7	0.0723502304147	0.0967741935484	5	434
1305	train	WAG	WAG	False	False	False			-2552.26	5126.5199	5164.2427	4.1216802913	0.37469820829999995	0.1137231356	2.3710014782	2.1040811711000003	7	11	0.0651629072682	0.811403508772	7	228
1306	train	cpREV+G4	cpREV	True	False	False	0.5215		-1504.8785	3021.7571	3043.2355	1.4475638389	0.28951276778	0.1432766004	1.2962241223	0.5944504062	4	5	0.0235849056604	0.22641509434	4	265
1307	train	JTT	JTT	False	False	False			-438.3624	890.7247	909.0995	0.2612372122	0.037319601742857145	0.0182663945	0.21532665769999998	0.02764316	5	7	0.0	0.156862745098	5	102
1308	train	WAG	WAG	False	False	False			-410.1429	834.2858	848.4633	1.1707870451	0.16725529215714285	0.1001964467	0.9047929398000001	0.5666970139	5	7	0.0107142857143	0.392857142857	5	56
1309	train	LG+G4	LG	True	False	False	0.6205		-6503.3247	13086.6494	13225.5402	13.2278001945	0.3391743639615385	0.2529589858	1.5804138986999998	1.1072362045	21	39	0.100640256102	0.638655462185	21	238
131	train	LG+G4	LG	True	False	False	1.3048		-28839.0907	58274.1814	59248.0031	127.0952293886	0.4279300652814815	0.2097023699	10.2947239413	2.0680762211	150	297	0.336701030928	0.768041237113	150	194
1310	train	LG+G4	LG	True	False	False	2.2922		-11633.7645	23447.5289	23725.4126	43.387889817	0.48750437996629215	0.332275707	6.126285661399999	4.68112850885	46	89	0.175925925926	0.882716049383	46	162
1312	train	WAG	WAG	False	False	False			-1040.5477	2099.0954	2124.4051	2.9378288628	0.3264254292	0.0519459108	1.977783324	1.9584486316	6	9	0.0474254742547	0.626016260163	6	123
1313	train	LG+G4	LG	True	False	False	1.546		-1907.5337	3899.0674	3987.7241	11.2862448566	0.27527426479512196	0.1990381582	3.728605878	1.5240979325500001	22	41	0.0923994038748	0.868852459016	22	61
1314	train	LG+F+G4	LG	True	False	True	0.9509		-22489.6741	45121.3483	45445.881	43.422263579	0.8514169329215687	0.6051030283	5.7399873951	3.29229606	27	51	0.439257184355	0.598039215686	27	714
1315	train	LG+G4	LG	True	False	False	1.6099		-8242.6587	16537.3173	16636.8699	15.0438727217	0.601754908868	0.5053736063	5.5781513543	2.3197298688499997	14	25	0.174159663866	0.744117647059	14	340
1316	train	VT	VT	False	False	False			-1229.0299	2476.0597	2498.6575	4.4530835825	0.49478706472222217	0.4015018027	1.4729257365000001	0.82257434315	6	9	0.0347985347985	0.395604395604	6	91
1318	train	LG+G4	LG	True	False	False	0.8621		-2764.4196	5572.8393	5633.7943	18.5340416143	0.882573410204762	0.6806606919	4.3959621333	2.4729510665000003	12	21	0.0607344632768	0.694915254237	12	118
1323	train	LG	LG	False	False	False			-781.4097	1600.8194	1641.539	4.1908718552	0.22057220290526316	0.0644781409	1.7531283843	0.6558160164000001	11	19	0.0779220779221	0.698412698413	11	63
1325	train	WAG+G4	WAG	True	False	False	2.9338		-22238.0156	44824.0312	45358.0205	71.8132931687	0.41510574085953755	0.2849926471	4.5494958783	3.36976280725	88	173	0.225843339051	0.911949685535	88	159
1328	train	LG+G4	LG	True	False	False	1.4634		-8021.0759	16178.1519	16401.0637	42.8388949221	0.6393864913746269	0.3773452133	11.002437317799998	4.8115775361	35	67	0.416326530612	0.607142857143	35	196
1329	train	LG+G4	LG	True	False	False	1.618		-18331.801	37019.6019	37640.6328	79.7428151523	0.4505243793915254	0.3013801386	7.3476708325	4.77909451845	90	177	0.542194674013	0.570247933884	90	242
1330	train	WAG+G4	WAG	True	False	False	0.8357		-8654.4186	17420.8372	17610.6252	18.4894277514	0.3361714136618182	0.227979637	3.9425073393	2.8415870379	29	55	0.125964415053	0.753424657534	29	219
1331	train	LG+G4	LG	True	False	False	0.7007		-4193.2951	8406.5902	8450.5595	1.4174420909	0.15749356565555556	0.0589486175	1.0658801837	0.5711258582500001	6	9	0.00444444444444	0.39	6	600
1334	train	JTT+G4	JTT	True	False	False	1.2099		-3626.0032	7308.0064	7400.2189	5.6163138371	0.2080116235962963	0.1602568819	2.0954780224	0.8095541866999999	15	27	0.109882747069	0.603015075377	15	199
1336	train	LG+G4	LG	True	False	False	0.7323		-6903.1482	13850.2965	13940.3053	10.837353271	0.5160644414761905	0.2732615874	4.0580509523	2.27860527935	12	21	0.275641025641	0.495475113122	12	442
1337	train	cpREV+G4	cpREV	True	False	False	0.8068		-3065.4398	6214.8795	6332.3027	8.768442016	0.21386443941463415	0.1362264685	1.7010013479000001	1.3413147161500003	22	41	0.0105184072126	0.636363636364	22	121
1338	train	LG+G4	LG	True	False	False	1.0743		-11155.9939	22503.9879	22802.1586	46.1977527956	0.48629213469052635	0.3361127368	4.209914354	2.8548762181	49	95	0.26889301175	0.757575757576	49	165
1339	train	LG+G4	LG	True	False	False	0.9129		-17518.311	35220.622	35568.166	27.4314914628	0.30144496112967034	0.2452672202	4.7478355936	1.4574031348999998	47	91	0.213556419208	0.808049535604	47	323
134	train	LG+F+G4	LG	True	False	True	1.6969		-3159.5397	6493.0793	6688.6984	24.591239096	0.36703341934328354	0.2318919972	5.7029738433	3.9776640061000004	35	67	0.0212244897959	0.971428571429	35	70
1340	train	LG+G4	LG	True	False	False	0.8075		-4039.6043	8123.2085	8198.5574	7.4412387756000005	0.35434470360000003	0.2673108905	2.0618891236	0.83916911465	12	21	0.0774596182085	0.612334801762	12	227
1341	train	LG+G4	LG	True	False	False	0.9425		-21747.0101	43590.0202	43806.4411	17.4296346301	0.3708432900021277	0.259503814	5.013446376100001	1.7933871226	25	47	0.171028315946	0.743666169896	25	671
1345	train	JTT+G4	JTT	True	False	False	6.0694		-1219.9026	2455.8052	2479.6741	4.8285537372	0.6897933910285714	0.0818612929	4.1152138158	0.2863307333	5	7	0.0369863013699	0.0821917808219	5	146
1346	train	LG+G4	LG	True	False	False	1.071		-15701.8262	31783.6524	32343.9168	71.8157215578	0.3799773627396826	0.3100054195	9.1156915265	2.87251888365	96	189	0.275561465721	0.808510638298	96	141
1347	train	LG+G4	LG	True	False	False	1.7745		-4630.3644	9340.7288	9462.7231	16.9279551793	0.4340501328025641	0.2312728083	4.509217941	1.0501565875	21	39	0.193223443223	0.75641025641	21	156
1348	train	LG+G4	LG	True	False	False	1.8531		-2368.9332	4773.8664	4822.9594	11.569304837	0.6805473433529412	0.4425035875	2.7348409274	1.3381970493500002	10	17	0.046017699115	0.716814159292	10	113
1349	train	WAG+G4	WAG	True	False	False	2.1945		-11400.215	23004.4301	23322.4655	31.6612013102	0.3134772406950495	0.2349272637	5.517949625	4.0386972778	52	101	0.207277752188	0.85628742515	52	167
1352	train	JTT+G4	JTT	True	False	False	1.278		-932.1349	1944.2697	2004.13	24.1186332688	0.6184264940717948	0.3633104198	9.7206710958	1.9584472643	21	39	0.357864357864	0.575757575758	21	33
1354	train	LG+G4	LG	True	False	False	0.83		-3742.4771	7628.9541	7784.3937	35.7693042052	0.503793016974648	0.3740245466	5.7234059943	2.1209387859	37	71	0.122888513514	0.84375	37	64
1355	train	LG+G4	LG	True	False	False	1.0873		-37230.7357	74641.4715	75034.299	41.5348882253	0.46668413736292136	0.3251788776	3.4493411406	2.19566533135	46	89	0.246314450348	0.826161790017	46	581
1358	train	WAG+G4	WAG	True	False	False	0.8906		-726.9652	1485.9304	1514.4775	6.9021534837	0.46014356558	0.3461703886	1.7213126472	1.4314276518	9	15	0.0606060606061	0.431818181818	9	44
136	train	WAG+G4	WAG	True	False	False	1.5216		-6742.1816	13568.3632	13712.5795	11.4816707408	0.2800407497756098	0.2138045191	1.8064927043	1.1351074294	22	41	0.199483922191	0.698689956332	22	229
1360	train	LG+G4	LG	True	False	False	1.5757		-9933.5312	19943.0624	20086.1396	15.496859412400001	0.418834038172973	0.2548146083	3.4937615728	1.3276753365	20	37	0.123040752351	0.815047021944	20	319
1361	train	LG+G4	LG	True	False	False	1.1663		-7473.6401	15043.2801	15213.0722	17.8465585532	0.3797140117702128	0.2292038564	6.2622809627	5.6606874397	25	47	0.230393700787	0.724409448819	25	254
1363	train	LG+G4	LG	True	False	False	0.8606		-26652.868	53453.736	53763.5154	42.989867973	0.5889023010000001	0.3107719825	6.0198897315	2.3074615832000003	38	73	0.197964045917	0.820987654321	38	486
1364	train	LG+G4	LG	True	False	False	0.8018		-9626.9518	19373.9037	19577.248	16.321146314699998	0.27662959855423724	0.2763263947	1.4889653457	0.942342804	31	59	0.0466931801444	0.794520547945	31	219
1365	train	LG+G4	LG	True	False	False	0.5826		-8744.7013	17573.4026	17728.5393	37.5198482533	0.9151182500804877	0.6548738592	6.0201209384	3.269315959	22	41	0.363483318029	0.602693602694	22	297
1368	train	VT+F+G4	VT	True	False	True	1.2973		-2191.4851	4512.9703	4679.6529	8.7170020143	0.19371115587333335	0.1183890373	3.1505430237000005	2.3305895903500007	24	45	0.225694444444	0.614583333333	24	96
1369	train	JTT+G4	JTT	True	False	False	1.2654		-4750.9843	9601.9687	9748.6923	12.0624045189	0.24617152079387752	0.1425262228	3.8393833914	3.25814655165	26	49	0.0525733259546	0.848920863309	26	139
1370	train	JTT+F+G4	JTT	True	False	True	0.6432		-9594.3634	19394.7268	19748.849	21.263349110100002	0.2561849290373494	0.2189059145	4.3031948435	0.8498463977	43	83	0.102628918099	0.717391304348	43	230
1371	train	JTT+F	JTT	False	False	True			-8376.8682	16869.7363	17081.3769	10.1780835481	0.2609765012333333	0.2067269562	2.6664169538999998	1.9913938094	21	39	0.0672367538565	0.922535211268	21	284
1372	train	rtREV+F+G4	rtREV	True	False	True	1.0424		-27175.2322	54676.4643	55273.5269	56.6279338692	0.39599953754685313	0.2762255166	8.510650077	6.5114991281000005	73	143	0.214231354642	0.902777777778	73	288
1374	train	LG+G4	LG	True	False	False	0.7989		-9408.2606	18912.5213	19091.566	22.4192204285	0.47700468996808515	0.2166153658	5.803118601	1.3919332476	25	47	0.241168831169	0.652597402597	25	308
1375	train	WAG+G4	WAG	True	False	False	1.0822		-3479.6889	7007.3779	7085.3065	9.0775447725	0.394675859673913	0.3027523572	3.6914095993	3.1552806278000007	13	23	0.202429149798	0.594736842105	13	190
1376	train	LG+G4	LG	True	False	False	0.7251		-2702.4468	5476.8936	5584.056	39.4869064568	1.1281973273371428	0.4414209233	9.4962488361	4.8371413912	19	35	0.523049001815	0.372413793103	19	145
1377	train	LG+G4	LG	True	False	False	0.7454		-5452.6075	10981.2149	11120.8012	16.9586379005	0.4583415648783784	0.2404901458	5.0843600568	1.0616727829000001	20	37	0.430240549828	0.446735395189	20	291
1380	train	WAG+G4	WAG	True	False	False	1.2384		-19778.4917	40068.9834	40915.8999	80.2425398872	0.3146766270086274	0.213172896	5.743521220000002	2.3775789136	129	255	0.445122419219	0.623762376238	129	202
1382	train	LG+G4	LG	True	False	False	0.6296		-2615.9718	5303.9436	5395.5022	18.5492513204	0.5299786091542857	0.3951022499	5.157714467100001	2.2212489434000005	19	35	0.173572228443	0.68085106383	19	94
1383	train	WAG+F	WAG	False	False	True			-1346.9917	2749.9834	2844.0996	2.1386554104	0.23762837893333336	0.15097878	1.2214276289	0.65029733335	6	9	0.348982785603	0.281690140845	6	213
1384	train	WAG+G4	WAG	True	False	False	1.5702		-8034.2275	16096.4549	16159.7642	5.1602655207999995	0.39694350159999997	0.1305910665	2.9976842737	0.4922547935	8	13	0.151838235294	0.338235294118	8	680
1385	train	LG+G4	LG	True	False	False	2.3366		-6720.2251	13496.4502	13595.0511	11.5141345946	0.4264494294296296	0.3659736611	3.1709254753	2.4142884634	15	27	0.0594666666667	0.832	15	250
1386	train	LG+F	LG	False	False	True			-10584.0969	21288.1937	21520.6896	13.4989110218	0.32924173223902437	0.2333966532	4.1854280539	3.3224087054	22	41	0.233784473953	0.825842696629	22	356
1388	train	WAG+G4	WAG	True	False	False	0.9917		-1240.0107	2580.0215	2660.5674	18.2318708717	0.37207899738163264	0.2582057574	5.1181859542	3.4882347216	26	49	0.196465696466	0.675675675676	26	37
139	train	LG+G4	LG	True	False	False	0.8888		-5618.1061	11296.2121	11405.4693	7.5225187831	0.2593971994172414	0.1512077244	2.1129792524	1.0083465535	16	29	0.0394503546099	0.719858156028	16	282
1392	train	LG+G4	LG	True	False	False	1.3979		-1999.0736	4058.1472	4131.7776	11.198606912	0.38615885903448277	0.2011497574	2.8077768974	0.8574281626	16	29	0.0959302325581	0.732558139535	16	86
1393	train	LG+G4	LG	True	False	False	1.2112		-18123.4158	36506.8317	36989.1872	54.9953893157	0.42632084740852716	0.3274845213	5.272221332699999	3.6189878855	66	129	0.513847080072	0.592715231788	66	302
1396	train	LG+G4	LG	True	False	False	1.0662		-3286.7649	6605.5299	6659.2352	5.7867497925	0.3857833195	0.3408716923	1.4038083258999998	0.9270007886	9	15	0.0398322851153	0.537735849057	9	212
1397	train	WAG+G4	WAG	True	False	False	0.8726		-1556.6135	3177.2269	3250.5216	8.7733682034	0.2830118775290323	0.1855343837	2.3069023644	1.3819045705	17	31	0.115229653505	0.684931506849	17	73
140	train	JTT+G4	JTT	True	False	False	2.3613		-5029.4533	10122.9067	10227.3128	8.6457601232	0.2788954878451613	0.1463581789	2.4103153507	1.0103325964	17	31	0.0344407192929	0.854922279793	17	193
1400	train	LG+F+G4	LG	True	False	True	0.9102		-5910.2043	11890.4086	12033.6045	4.8815623711	0.32543749140666667	0.1917497113	2.4084627934	1.7218713784	9	15	0.053544494721	0.556561085973	9	442
1401	train	LG+G4	LG	True	False	False	1.3503		-5317.098	10730.1961	10867.4671	20.9199521433	0.4451053647510639	0.2901319184	2.5200047919	1.4399212502999998	25	47	0.0728682170543	0.84496124031	25	129
1403	train	WAG+F+G4	WAG	True	False	True	2.2771		-12790.5509	25915.1017	26427.6087	41.1963993106	0.28024761435782314	0.1626676317	8.971277640499999	5.7985193636000005	75	147	0.293081761006	0.893081761006	75	159
1404	train	LG+F+G4	LG	True	False	True	1.2341		-22094.6605	44659.321	45546.3406	171.361440268	0.7970299547348837	0.4567664421	15.0162185989	9.109491977700001	109	215	0.654054362072	0.431677018634	109	322
1409	train	LG+G4	LG	True	False	False	1.2113		-10589.7825	21507.565	21985.2404	54.2596835828	0.3328814943730061	0.1970990667	7.8582513594000005	2.4537771700000004	83	163	0.331679659816	0.727941176471	83	136
141	train	LG+F+G4	LG	True	False	True	1.3637		-79887.8702	160329.7404	161586.404	114.7189798327	0.44637735343463036	0.2681708532	5.258568684700001	3.4599209919	130	257	0.523779264214	0.676811594203	130	690
1410	train	LG+G4	LG	True	False	False	1.1945		-6874.0101	13980.0202	14234.0201	52.0645745531	0.45273543089652174	0.2972277952	6.4855906577999995	3.426094805199999	59	115	0.0654853620955	1.0	59	66
1411	train	WAG+G4	WAG	True	False	False	1.1099		-3608.7127	7333.4255	7493.1337	20.2220921465	0.35477354642982456	0.248405111	4.221184604	1.7163203351999998	30	57	0.427586206897	0.543103448276	30	116
1412	train	LG+G4	LG	True	False	False	1.2724		-9615.441	19498.8819	19860.7463	35.6548493531	0.2680815740834586	0.1835812002	4.5334255559	1.9501814161500002	68	133	0.0903743315508	0.909090909091	68	110
1414	train	LG+G4	LG	True	False	False	0.9906		-13432.0396	27096.0792	27469.0118	47.6801994009	0.4146104295730435	0.3061497755	6.313240858	2.5862135483	59	115	0.256724392041	0.842391304348	59	184
1416	train	LG+F+G4	LG	True	False	True	1.6098		-24675.3874	49492.7749	49799.4216	45.3129382119	0.8884889845470587	0.6210582985	7.143847837599999	5.1576289122	27	51	0.256389723056	0.767567567568	27	555
1417	train	LG+G4	LG	True	False	False	0.8577		-1274.0564	2568.1129	2595.7346	5.9943645557	0.6660405061888889	0.3214253478	3.4532650715999997	0.8672687086	6	9	0.0840455840456	0.316239316239	6	117
1418	train	JTT+G4	JTT	True	False	False	1.5842		-1607.7086	3295.4172	3377.8349	7.085162833	0.18167084187179489	0.1368418218	2.045440316	0.6617150085999999	21	39	0.0	0.775862068966	21	58
1419	train	LG+G4	LG	True	False	False	1.018		-10375.8337	20863.6675	21068.403	31.8623174141	0.5793148620745455	0.3804112757	5.7064232844	5.078458825300001	29	55	0.295394260912	0.667832167832	29	286
142	train	WAG+F+G4	WAG	True	False	True	0.9298		-20168.4613	40494.9227	40834.8296	35.7734631814	0.6063298844305084	0.2972022368	5.1383664381	3.0924945658	31	59	0.368013706723	0.64652014652	31	546
1420	train	LG+F+G4	LG	True	False	True	1.2822		-14310.933	28739.866	28983.7365	20.8851474387	0.5355166009923077	0.3827163294	4.6807918522	2.9201009587	21	39	0.235099679785	0.713665943601	21	461
1421	train	LG+G4	LG	True	False	False	1.1879		-25899.038	51862.0761	52017.7512	22.8834561598	0.7381760051548387	0.6091370365	7.852593412500001	1.5212454599999998	17	31	0.228539850178	0.708768267223	17	958
1423	train	LG+G4	LG	True	False	False	2.0692		-1924.7387	3885.4774	3933.0764	9.6771018422	0.5692412848352941	0.4598976367	3.1234877325	1.80229939165	10	17	0.1125	0.653846153846	10	104
1424	train	LG+F+G4	LG	True	False	True	1.5742		-16393.4591	32880.9182	33091.4082	14.8050138998	0.5483338481407407	0.4702916962	4.1558751504	2.9820687922	15	27	0.176753712238	0.758832565284	15	651
1426	train	LG+G4	LG	True	False	False	1.1282		-29581.0739	59438.1477	60000.8624	49.8396979699	0.36379341583868613	0.2498832029	7.9627191507	6.16766471405	70	137	0.409174311927	0.788990825688	70	436
1429	train	LG+G4	LG	True	False	False	0.8061		-8152.5968	16365.1935	16487.5228	13.1060257016	0.4519319207448276	0.2984237566	4.3623209122	2.3937704654000003	16	29	0.311639908257	0.589449541284	16	436
143	train	LG+F+G4	LG	True	False	True	0.8175		-10744.3066	21622.6131	21879.9361	23.063045161999998	0.49070308855319145	0.2264108141	10.0748498354	2.6777161174	25	47	0.0956976744186	0.84011627907	25	344
1431	train	WAG	WAG	False	False	False			-3164.3837	6354.7674	6397.7103	5.4433151519	0.4187165501461539	0.2509178634	2.0412093233	1.8865066179999999	8	13	0.0348258706468	0.651741293532	8	201
1432	train	LG+G4	LG	True	False	False	1.1523		-9397.6845	18899.3691	19093.8383	26.7946021979	0.5253843568215687	0.3669777772	5.5744563374	3.8786300618	27	51	0.382874836251	0.607717041801	27	311
1433	train	VT+G4	VT	True	False	False	0.9601		-7859.0369	16026.0739	16444.7227	38.877604285	0.25410198879084966	0.2053098453	3.156816648	1.7689684839500002	78	153	0.41804029304	0.625	78	112
1434	train	LG+G4	LG	True	False	False	0.9728		-3889.1943	7842.3886	7941.1917	11.4013812978	0.3677864934774194	0.2268361291	3.2457866474	1.5175729322999998	17	31	0.0965867828613	0.753086419753	17	162
1435	train	WAG+G4	WAG	True	False	False	1.4643		-16865.6169	33963.2339	34359.5015	42.2423199349	0.3673245211730435	0.2719189375	5.081182094	4.0601623051	59	115	0.316534839925	0.795555555556	59	225
1438	train	LG+G4	LG	True	False	False	1.2211		-7914.6312	15909.2623	16046.959	18.0817715356	0.4636351675794872	0.4012088933	4.7767372075	2.7392250919000003	21	39	0.119356833643	0.813852813853	21	231
144	train	WAG+G4	WAG	True	False	False	1.9646		-4109.0171	8258.0341	8330.1502	5.3007303614	0.27898580849473686	0.1617100375	2.1112769715	1.8208702498000002	11	19	0.14672459893	0.573529411765	11	272
1441	train	rtREV+F+G4	rtREV	True	False	True	0.9011		-1129.7304	2309.4607	2391.4136	0.9948992971999999	0.19897985944	0.1769166075	0.3565269511	0.2564446966	4	5	0.00765306122449	0.0459183673469	4	196
1442	train	LG+G4	LG	True	False	False	1.0704		-3524.5646	7061.1292	7084.6264	6.255311122	1.2510622244	0.6751721399	2.8269957938	2.22933649105	4	5	0.0229110512129	0.0619946091644	4	371
1443	train	JTT+F+G4	JTT	True	False	True	2.8429		-3416.9016	6939.8032	7117.4516	8.979454499500001	0.2721046818030303	0.2153928836	2.1876999802	1.4342922896	18	33	0.466561348078	0.469194312796	18	211
1444	train	LG+G4	LG	True	False	False	1.0131		-7734.9184	15593.8368	15792.8249	32.6793477707	0.5357270126344262	0.3039527506	3.0063994661	1.9459967504	32	61	0.294911202186	0.75956284153	32	183
1446	train	LG+G4	LG	True	False	False	1.2382		-24048.6056	48533.2112	49340.6358	79.6539452765	0.36706887224193546	0.2282746733	3.9099024676	2.7973209199499998	110	217	0.56103030303	0.533333333333	110	300
1448	train	LG+G4	LG	True	False	False	0.7801		-1790.7662	3649.5324	3730.5213	8.1725068655	0.2476517231969697	0.1234291675	2.2845663032	0.5660233161	18	33	0.0243055555556	0.6	18	80
145	train	LG+G4	LG	True	False	False	2.2773		-23041.9746	46203.9492	46464.4765	20.7628698054	0.35191304754915254	0.280190528	3.8006886158999995	2.9279562076000003	31	59	0.256303952749	0.772887323944	31	568
1450	train	LG+F+G4	LG	True	False	True	1.4084		-26796.5281	53691.0562	53931.192	11.8537940158	0.4087515177862069	0.2502293446	3.4291399997000003	1.7601201947500003	16	29	0.043303121853	0.850956696878	16	993
1454	train	WAG+G4	WAG	True	False	False	0.5569		-654.8534	1369.7067	1413.6788	5.8462708666	0.20159554712413794	0.1470197673	1.4836575893	0.67733505155	16	29	0.001953125	0.46875	16	32
1455	train	LG+G4	LG	True	False	False	1.2701		-4178.419	8376.838	8414.8894	10.8382150304	1.204246114488889	1.1808956867	3.782948182	2.199047177	6	9	0.0737951807229	0.210843373494	6	332
1456	train	LG+G4	LG	True	False	False	1.1896		-14740.9184	29549.8368	29696.6817	18.4325242647	0.5585613413545455	0.2907966256	7.2417358832000005	2.39211091505	18	33	0.187787787788	0.718918918919	18	555
1458	train	LG+G4	LG	True	False	False	0.9764		-7873.637	15795.2741	15889.9012	10.828052429	0.4707848882173913	0.2713463574	3.3793382446000004	2.3804296079	13	23	0.140318998587	0.627296587927	13	381
1460	train	LG+G4	LG	True	False	False	0.6686		-8388.5441	16833.0882	16944.2835	12.374046434	0.4582980160740741	0.265194929	3.6886021586	2.3423436300000002	15	27	0.144217687075	0.637755102041	15	392
1461	train	WAG+F+G4	WAG	True	False	True	2.0004		-8679.6094	17433.2188	17581.8166	12.9342220419	0.7608365907	0.4791107524	4.680089414699999	2.0574499728999998	10	17	0.100487804878	0.663414634146	10	410
1462	train	LG+F+G4	LG	True	False	True	1.3712		-6373.114	12848.228	13034.8616	9.3995741838	0.3032120704451613	0.1437418615	4.058176863699999	3.7967137579999997	17	31	0.0338184054109	0.811846689895	17	287
1466	train	WAG	WAG	False	False	False			-568.0665	1154.133	1175.1096	1.8672100641	0.2074677849	0.0555745492	1.3443979027	0.1791444395	6	9	0.0175438596491	0.105263157895	6	76
1468	train	LG+G4	LG	True	False	False	1.9307		-16418.152	32932.304	33139.18	28.305313167	0.6022407056808511	0.3888835836	7.4519248743	4.7479806495000005	25	47	0.401309090909	0.638181818182	25	550
1469	train	LG+F+G4	LG	True	False	True	1.2736		-39839.6722	80025.3443	80691.2775	70.28190968610001	0.45935888683725495	0.316867242	4.812192978600001	3.145591314	78	153	0.185989802705	0.873198847262	78	347
147	train	WAG+F+G4	WAG	True	False	True	1.8528		-33623.8166	67549.6333	68189.915	46.0220561226	0.3513134055160305	0.2459813428	3.5548598497	2.4964646918	67	131	0.436996305025	0.690058479532	67	513
1476	train	LG+G4	LG	True	False	False	0.5888		-1376.4965	2788.993	2836.0651	4.8464954439	0.2850879672882353	0.2296086158	1.204638675	0.5443668276	10	17	0.0138613861386	0.465346534653	10	101
1478	train	LG+F+G4	LG	True	False	True	2.1794		-22395.3589	45096.7178	45594.3156	92.65316854	0.696640364962406	0.5404464492	7.299742508999998	4.61674052305	68	133	0.149137665537	0.879581151832	68	191
1479	train	rtREV+F+G4	rtREV	True	False	True	1.0148		-26976.9564	54187.9128	54729.3936	78.5141101298	0.8094238157711341	0.4578458841	10.1454094848	4.5830305286	50	97	0.66619047619	0.407407407407	50	756
148	train	LG+G4	LG	True	False	False	1.0014		-8239.1913	16538.3827	16656.5087	10.6494428181	0.3672221661413793	0.1946549545	4.888151109700001	3.43354435395	16	29	0.141160949868	0.746701846966	16	379
1482	train	LG+G4	LG	True	False	False	1.6189		-10741.6634	21611.3267	21823.0559	33.4735795056	0.5313266588190476	0.2872645619	8.322113264399999	3.4164365449	33	63	0.137413741374	0.891089108911	33	202
1484	train	WAG+G4	WAG	True	False	False	0.4176		-2726.3182	5488.6363	5557.976	1.1741169308	0.0690657018117647	0.0700668358	0.44663110009999996	0.37465787465	10	17	0.00689655172414	0.278735632184	10	348
1485	train	WAG+G4	WAG	True	False	False	0.9575		-3610.314	7236.6279	7270.134	1.1836816457	0.16909737795714283	0.1339502504	0.5389034342	0.3632746416	5	7	0.00205338809035	0.127310061602	5	487
1486	train	JTT+G4	JTT	True	False	False	0.8754		-6659.2871	13462.5741	13669.0366	25.2276072859	0.35531841247746476	0.2339199534	3.7579193112	2.7562444903	37	71	0.108731808732	0.838461538462	37	130
1487	train	LG+G4	LG	True	False	False	1.2504		-824.6061	1685.2122	1722.9104	3.2769013458	0.19275890269411763	0.1570469485	1.4053779035	0.84662135225	10	17	0.0466666666667	0.466666666667	10	60
1488	train	LG+G4	LG	True	False	False	1.2514		-8411.9369	16887.8737	17011.5099	23.7802795223	0.7671057910419354	0.3753508925	6.7759071423999995	1.2016799953000001	17	31	0.288770053476	0.607954545455	17	352
1489	train	LG+G4	LG	True	False	False	1.876		-35631.0152	71846.0305	72781.6004	111.6985998302	0.38384398567079037	0.3437829391	4.880629813300001	2.8605328508	147	291	0.246131419601	0.807692307692	147	182
1491	train	LG+G4	LG	True	False	False	0.7665		-6536.9353	13105.8707	13174.8003	2.6996129091	0.17997419394	0.144628646	1.2570055112	1.1172766748	9	15	0.0119409026513	0.491803278689	9	549
1492	train	WAG+G4	WAG	True	False	False	2.2277		-10333.3238	20886.6476	21214.0883	36.5633439163	0.3354435221678899	0.2168232099	4.471798121800001	2.2730493426000002	56	109	0.217857142857	0.855172413793	56	145
1493	train	LG+F+G4	LG	True	False	True	0.7267		-22634.7038	45655.4077	46343.3601	99.0857295602	0.5727498818508671	0.4322230692	7.5572802244999995	4.40480972145	88	173	0.464298153953	0.747126436782	88	261
1494	train	LG+G4	LG	True	False	False	1.2017		-1255.2341	2542.4683	2582.1057	5.3580208813	0.3572013920866667	0.1822449411	1.4532424586	1.1911903151999998	9	15	0.020202020202	0.715909090909	9	88
1497	train	WAG+G4	WAG	True	False	False	1.4215		-7020.8743	14165.7486	14352.82	24.8658502633	0.4076368895622951	0.2696095295	4.9175879453	3.25039045035	32	61	0.177773178808	0.801324503311	32	151
1498	train	rtREV+F+G4	rtREV	True	False	True	1.7009		-20562.4123	41218.8247	41442.5642	9.3029251134	0.3445527819777778	0.2491441596	2.7755368759	0.9722773648	15	27	0.00811123986095	0.82966396292	15	863
1499	train	LG+F+G4	LG	True	False	True	1.2247		-13184.7454	26507.4908	26753.9694	34.7956243698	0.7101147830571429	0.507292464	5.619894222999999	4.6034872021	26	49	0.0665399239544	0.942965779468	26	263
1501	train	WAG+G4	WAG	True	False	False	2.5344		-4863.6032	9791.2064	9892.8432	9.7594286016	0.31482027747096775	0.238814187	2.1866573892	0.9694315493	17	31	0.0907278165503	0.824858757062	17	177
1504	train	WAG+F+G4	WAG	True	False	True	2.3545		-10637.1161	21492.2322	21840.2645	32.468401922	0.36481350474157304	0.2331097644	5.1843223298000005	2.13001661875	46	89	0.240942028986	0.844444444444	46	180
1505	train	LG+G4	LG	True	False	False	0.9368		-4434.2911	8944.5823	9062.8378	10.0771288539	0.2723548338891892	0.1796169317	2.1560712139000002	1.13099209075	20	37	0.0518072289157	0.704819277108	20	166
1507	train	LG+G4	LG	True	False	False	1.0614		-4691.6547	9635.3094	9914.9674	52.1714951665	0.417371961332	0.298408786	4.895704901799999	2.6330351801	64	125	0.329733455882	0.632352941176	64	68
1508	train	JTT+G4	JTT	True	False	False	0.8434		-1246.7399	2517.4798	2550.7281	4.9411834565	0.44919849604545453	0.3961766753	2.5930985519000003	2.3664342131000002	7	11	0.238498789346	0.406779661017	7	118
151	train	LG+G4	LG	True	False	False	0.6742		-10068.4474	20244.8948	20449.8819	10.7558294706	0.20294017869056605	0.1527012118	1.4539448722000001	1.0182322295	28	53	0.0196482848459	0.689969604863	28	329
1510	train	LG+G4	LG	True	False	False	0.9974		-6233.1941	12494.3882	12553.532	3.125613857	0.24043183515384614	0.2114903992	0.8386100082	0.6350979988500001	8	13	0.0116336633663	0.419801980198	8	505
1512	train	LG+G4	LG	True	False	False	0.9917		-4474.8881	8989.7763	9059.8014	10.0973599678	0.5314399983052631	0.2026822047	3.8270322176	1.003227461	11	19	0.0846011131725	0.542857142857	11	245
1513	train	LG+G4	LG	True	False	False	1.0776		-3350.4049	6760.8099	6849.4847	12.0344708867	0.41498175471379306	0.1899318476	4.589552825699999	3.0606269143999993	16	29	0.102552816901	0.640845070423	16	142
1514	train	WAG+F+G4	WAG	True	False	True	1.5211		-79633.2673	159668.5346	160596.0944	96.5854462547	0.5336212500259668	0.3017846078	6.5963850674	4.085882087	92	181	0.390896374869	0.743967828418	92	746
1515	train	LG+F+G4	LG	True	False	True	2.4071		-22671.3272	45504.6545	45822.0849	48.0976804281	0.7884865643950819	0.6826761811	6.417177061	4.230754912	32	61	0.117943548387	0.887096774194	32	372
1516	train	LG+F+G4	LG	True	False	True	1.3288		-34121.1396	68720.2792	69546.101	100.0192202338	0.4567087681908676	0.3112613453	7.568111954000001	3.2637370679	111	219	0.191422191422	0.888888888889	111	234
1518	train	rtREV+F+G4	rtREV	True	False	True	2.2366		-2965.6171	6021.2343	6150.6182	8.7621265534	0.350485062136	0.3285707873	3.1311674971	1.0581689060000001	14	25	0.062159214831	0.740458015267	14	131
1519	train	cpREV+F+G4	cpREV	True	False	True	1.2545		-7125.8028	14349.6056	14521.7636	22.1889518705	0.7651362713965517	0.5253284633	7.161785356200001	5.19089044755	16	29	0.134324596774	0.822580645161	16	248
152	train	LG+G4	LG	True	False	False	1.6243		-32099.7641	64387.5283	64788.4666	42.704552032	0.4591887315268817	0.3158946651	5.0433312893	4.1407861819	48	93	0.315866603295	0.766159695817	48	526
1520	train	WAG+G4	WAG	True	False	False	0.8459		-771.8563	1591.7125	1636.1161	4.7005322701	0.2043709682652174	0.1230998326	1.8263779785	1.550354033	13	23	0.0294599018003	0.531914893617	13	47
1521	train	WAG+F+G4	WAG	True	False	True	1.7158		-7586.2617	15238.5233	15382.8991	8.3857695093	0.6450591930230769	0.1416598126	5.6092161980999995	2.7506054467000003	8	13	0.113926746167	0.546848381601	8	587
1522	train	LG+G4	LG	True	False	False	0.7259		-6805.9294	13639.8588	13703.1268	3.5673257777	0.27440967520769227	0.0942668529	2.5097915056	1.1085006685499998	8	13	0.068215339233	0.480825958702	8	678
1523	train	LG+F+G4	LG	True	False	True	2.6421		-33392.2904	66950.5807	67340.9454	29.8752335597	0.4742100565031746	0.2866033937	5.369443782199999	3.7247420290999997	33	63	0.328388176241	0.699386503067	33	815
1524	train	LG+G4	LG	True	False	False	0.7132		-7808.1743	15680.3486	15809.4073	5.1503213449	0.16613939822258064	0.1450365458	1.0610689655	0.6641764671	17	31	0.0122725349132	0.568345323741	17	417
1525	train	LG+F+G4	LG	True	False	True	1.1787		-60066.8135	120687.6271	121764.8463	96.78701152160001	0.37660315767159536	0.2711341566	4.965867600699999	3.5733672727000005	130	257	0.183869593011	0.880886426593	130	361
1528	train	LG+G4	LG	True	False	False	1.0395		-2932.5959	5893.1918	5939.5767	5.3078370439	0.40829515722307697	0.364803565	1.8266585577999999	0.9680869115999999	8	13	0.0461822660099	0.492610837438	8	203
153	train	LG+G4	LG	True	False	False	1.6815		-28868.4593	58252.9186	59151.9962	89.2496270394	0.34727481338287935	0.2630922151	5.3383720519999995	3.6252269664500005	130	257	0.429779763805	0.763485477178	130	241
1530	train	LG+G4	LG	True	False	False	0.9976		-13681.0126	27434.0253	27575.8714	24.6745695914	0.7049877026114286	0.6056593372	4.2961014678	3.1581741448	19	35	0.11703601108	0.834210526316	19	380
1531	train	WAG+G4	WAG	True	False	False	1.0477		-3522.8456	7061.6912	7093.1492	3.9688331612999996	0.5669761659	0.2560580125	2.7197449273	0.4914725048	5	7	0.0450928381963	0.116710875332	5	377
1532	train	LG+G4	LG	True	False	False	1.4544		-9926.262	19960.524	20145.9449	32.277087649	0.609001653754717	0.492167865	4.760332679499999	2.6051320495500003	28	53	0.218496568933	0.803493449782	28	229
1533	train	LG+F+G4	LG	True	False	True	1.699		-6028.5356	12179.0712	12365.1125	18.4085138518	0.44898814272682924	0.2749098493	3.6871704531	2.31399639925	22	41	0.0498251748252	0.916666666667	22	156
1534	train	LG+G4	LG	True	False	False	1.4863		-8611.5351	17311.0703	17457.2827	21.6939367908	0.5045101579255814	0.335649175	2.6471459235	2.2121343866	23	43	0.0916224814422	0.887804878049	23	205
1535	train	LG+G4	LG	True	False	False	1.3792		-2518.0968	5056.1935	5089.9463	6.9119198598	0.7679910955333333	0.3658082787	4.5077173024	2.48655475315	6	9	0.0432098765432	0.412037037037	6	216
1536	train	JTT+G4	JTT	True	False	False	2.0295		-5314.4793	10664.9587	10737.8963	6.5709996421	0.38652939071176473	0.2490201841	2.754421951	1.27579118285	10	17	0.330823529412	0.442352941176	10	425
1537	train	LG+G4	LG	True	False	False	0.7199		-6388.4295	12884.8591	13046.7086	27.9665281929	0.5276703432622641	0.3768868955	5.4170552175	3.3043189023499995	28	53	0.0653957528958	0.844594594595	28	148
1539	train	WAG	WAG	False	False	False			-2199.6163	4421.2325	4457.514	3.8059587711	0.3459962519181818	0.175039394	1.4626899474	0.7841840957999999	7	11	0.212857142857	0.26	7	200
154	train	LG+G4	LG	True	False	False	0.6834		-1037.014	2110.0279	2152.4487	4.8639154118	0.28611267128235296	0.1673842757	2.2395131149000003	1.4652529468500002	10	17	0.0294871794872	0.5	10	78
1540	train	LG+F+G4	LG	True	False	True	1.6049		-5105.0073	10272.0145	10392.3975	7.4375068497	0.6761369863363637	0.5211836802	1.86246651	1.436270347	7	11	0.0720254675686	0.359331476323	7	359
1543	train	WAG+G4	WAG	True	False	False	0.975		-4418.5347	8901.0695	9001.7893	10.5639762971	0.34077342893870965	0.2273998441	2.3512062660999997	1.6660793744	17	31	0.0913132694938	0.726744186047	17	172
1546	train	LG	LG	False	False	False			-1958.9003	3947.8007	3988.5782	6.4836622724	0.43224415149333334	0.3198130163	2.6983043489	1.5257248978	9	15	0.0218253968254	0.535714285714	9	112
1547	train	WAG+G4	WAG	True	False	False	1.2223		-6809.84	13663.6799	13748.4915	6.9899532711	0.33285491767142855	0.238399591	2.7297228417	1.42575031065	12	21	0.0370105062082	0.699140401146	12	349
1550	train	LG+G4	LG	True	False	False	0.8898		-5623.5136	11315.0273	11429.629	17.8264636418	0.5401958679333333	0.3870381746	3.1687979914	1.8799350717999999	18	33	0.221705426357	0.618604651163	18	215
1551	train	LG	LG	False	False	False			-2460.8438	4935.6876	4959.7542	3.4895264290999997	0.49850377558571424	0.4364455456	1.2728988837	0.8544847111	5	7	0.024347826087	0.191304347826	5	230
1552	train	WAG+F+G4	WAG	True	False	True	1.1255		-110090.5421	221327.0841	223974.3861	241.0882867294	0.4359643521327306	0.2972257372	6.1565723784	4.0928024535	278	553	0.684206235012	0.437333333333	278	750
1554	train	LG+G4	LG	True	False	False	1.1339		-2328.2594	4708.5188	4774.0853	11.444759765	0.45779039060000004	0.3504831281	2.7397888089	1.1335660457	14	25	0.0124223602484	0.75	14	92
1556	train	WAG+G4	WAG	True	False	False	1.0994		-3740.1087	7548.2174	7649.1911	11.1226702093	0.3370506124030303	0.2203412775	3.4885147543	1.4401558200500002	18	33	0.136188271605	0.666666666667	18	144
1558	train	LG+G4	LG	True	False	False	0.8409		-11728.8434	23573.6867	23787.9232	28.1783724628	0.4943574116280702	0.204930837	8.116925311	4.350851605799999	30	57	0.119079685746	0.811447811448	30	297
1559	train	LG+G4	LG	True	False	False	0.7967		-3585.3207	7226.6415	7314.4439	9.056121454	0.33541190570370366	0.2037338661	2.8581266926	0.9590654187000001	15	27	0.0454901960784	0.570588235294	15	170
1565	train	LG+G4	LG	True	False	False	0.6231		-12287.6807	24667.3614	24858.0925	11.513976174	0.2558661372	0.2036361869	2.6873301596000005	1.0709155419999998	24	45	0.102962169879	0.640256959315	24	467
1567	train	LG+G4	LG	True	False	False	0.8484		-8377.7815	16811.5631	16918.1911	14.0316483504	0.5196906796444444	0.3530703633	3.1830020044	1.8811270795999997	15	27	0.0626626626627	0.708708708709	15	333
1569	train	LG+G4	LG	True	False	False	1.154		-2222.8648	4493.7295	4560.6293	6.4893371862	0.28214509505217394	0.1731751786	1.9737003293000002	0.9956943673	13	23	0.0833333333333	0.625	13	120
1570	train	LG+G4	LG	True	False	False	1.039		-27187.6487	54691.2973	55310.4826	64.2289155692	0.40910137305222927	0.2896543544	7.2101775431	4.562194703099999	80	157	0.477553763441	0.66935483871	80	372
1573	train	JTT+G4	JTT	True	False	False	1.2158		-1533.8169	3095.6338	3132.7892	4.3221776142	0.3324752010923077	0.2172651188	1.7706145679	0.7543931938999999	8	13	0.00119047619048	0.580952380952	8	105
1575	train	LG+G4	LG	True	False	False	0.8941		-3907.7117	7891.4235	8000.3898	13.4537240644	0.3636141639027027	0.3037704455	3.1351241886000003	2.1112294572	20	37	0.131153846154	0.730769230769	20	130
1576	train	LG+G4	LG	True	False	False	1.05		-51141.9539	102567.9078	103216.9732	77.5256577548	0.5498273599631205	0.3529423397	4.8399811502	3.2468632719999997	72	141	0.491771708683	0.665266106443	72	714
1579	train	WAG+G4	WAG	True	False	False	1.1367		-1032.5684	2081.1368	2101.7345	7.0227316289	1.003247375557143	1.1772566387	2.3857798438	1.6490924310000001	5	7	0.179381443299	0.0721649484536	5	97
158	train	WAG+G4	WAG	True	False	False	1.7901		-9384.041	18840.0821	18979.0704	16.8068396112	0.48019541746285715	0.2561838868	4.6740706028	3.8146869867999995	19	35	0.270355375619	0.706552706553	19	351
1580	train	WAG	WAG	False	False	False			-678.1892	1378.3784	1400.459	2.8700690201	0.26091536546363636	0.2268945044	1.5390183530000001	1.0558944589	7	11	0.0	0.581818181818	7	55
1581	train	LG+G4	LG	True	False	False	1.152		-1580.4369	3212.8738	3272.0671	8.4464093138	0.337856372552	0.1922849268	1.9111817903000001	0.9672536548500001	14	25	0.0486111111111	0.652777777778	14	72
1582	train	rtREV+F+G4	rtREV	True	False	True	1.3291		-1087.4696	2224.9393	2303.6266	1.5992461957	0.31984923913999996	0.2755026854	0.7128380929	0.40648706305	4	5	0.0886627906977	0.0348837209302	4	172
1584	train	JTT+F+G4	JTT	True	False	True	1.2591		-5101.1247	10292.2495	10448.3122	9.4983944517	0.379935778068	0.2525110051	2.6498182879	1.1314864765000001	14	25	0.0928270042194	0.68776371308	14	237
1585	train	LG+F+G4	LG	True	False	True	1.2615		-2606.8473	5327.6945	5473.2655	15.931454626899999	0.4305798547810811	0.219035066	4.0985699914	0.93293247525	20	37	0.0952631578947	0.757894736842	20	95
1586	train	LG+F+G4	LG	True	False	True	1.2351		-13871.3968	27828.7937	28026.0583	15.119462158400001	0.6573679199304349	0.5425448797	4.5256481902	3.5830054838	13	23	0.307904216995	0.575757575758	13	726
1587	train	WAG+G4	WAG	True	False	False	1.2095		-7156.2434	14372.4868	14482.7895	14.975407164	0.5163933504827586	0.3241675021	4.0607441538	1.72565771475	16	29	0.211258561644	0.647260273973	16	292
1588	train	LG+G4	LG	True	False	False	0.8367		-4868.5475	9845.095	9999.9418	17.057228726	0.321834504264151	0.2454156264	3.7620533359	1.9412057630999997	28	53	0.123901098901	0.776923076923	28	130
159	train	WAG+G4	WAG	True	False	False	1.0012		-14196.1592	28488.3185	28693.4166	10.8967381337	0.23184549220638298	0.1912527233	2.0267059384	1.1698909717	25	47	0.224754716981	0.611320754717	25	530
1590	train	WAG+G4	WAG	True	False	False	1.5416		-6238.3219	12584.6438	12748.6392	24.9203073415	0.47019447814150944	0.2566530423	10.1137296893	5.044243771650001	28	53	0.205936920223	0.824675324675	28	154
1592	train	LG+G4	LG	True	False	False	0.4151		-2654.1805	5344.361	5406.0101	3.3126039493	0.19485905584117647	0.2007474118	1.0414819006	0.4686081271	10	17	0.0647577092511	0.348017621145	10	227
1594	train	WAG+G4	WAG	True	False	False	0.6026		-2275.1022	4602.2045	4675.3213	15.5248700314	0.620994801256	0.3744001793	3.9856056485	1.8897223848000002	14	25	0.204413472706	0.626016260163	14	123
1595	train	VT+G4	VT	True	False	False	0.6341		-1987.9855	4063.9709	4166.5232	11.9139440255	0.2770684657093023	0.2016922888	2.5622581585999997	1.1442114238	23	43	0.267162471396	0.486842105263	23	76
1596	train	LG+G4	LG	True	False	False	1.0186		-6387.1569	12806.3137	12873.4568	3.7798293224	0.25198862149333334	0.2374376644	1.3667624370999998	0.7512647723	9	15	0.0665308893415	0.415478615071	9	491
1597	train	LG+G4	LG	True	False	False	0.8802		-4868.1321	9804.2643	9906.1695	26.32093176	0.7976039927272728	0.4752070386	7.0486996927	3.2908917349999998	18	33	0.138513513514	0.736486486486	18	148
1598	train	WAG+F+G4	WAG	True	False	True	1.8973		-10537.1607	21160.3214	21332.8059	17.8163520819	0.7746240035608696	0.6944904845	4.0703747061	2.4242448343	13	23	0.143665158371	0.776960784314	13	408
1601	train	LG+G4	LG	True	False	False	1.7478		-2776.9619	5585.9238	5636.0966	8.2132954165	0.5475530277666666	0.3408939479	2.5865265818000003	2.1000782383	9	15	0.0803921568627	0.676470588235	9	170
1603	train	rtREV+F+G4	rtREV	True	False	True	1.9462		-7436.8048	14935.6095	15067.5972	10.4241154512	0.9476468592	0.8840837091	2.6105817898	2.1256873716999998	7	11	0.146688560482	0.454022988506	7	522
1605	train	LG+G4	LG	True	False	False	1.6915		-5314.6344	10693.2687	10796.1467	10.5147781447	0.3391863917645161	0.2923552969	2.8896278008	1.9036092079	17	31	0.0364450127877	0.804347826087	17	184
1606	train	LG+F+G4	LG	True	False	True	1.6373		-7997.6029	16069.2058	16217.2581	10.236896564	0.6021703861176471	0.4001927664	2.2834827384	1.5945456725999998	10	17	0.0465346534653	0.611386138614	10	404
1607	train	WAG+F+G4	WAG	True	False	True	1.8508		-30778.8217	61831.6435	62401.1496	56.429469214	0.4823031556752137	0.2922743413	6.304418922799999	4.868090613849999	60	117	0.438912429379	0.728813559322	60	472
161	train	LG+G4	LG	True	False	False	0.998		-3446.8668	6969.7335	7083.3699	9.4449309139	0.2552684030783784	0.1311488864	2.9483693940999998	1.05700193015	20	37	0.131972789116	0.734693877551	20	147
1610	train	LG+F+G4	LG	True	False	True	1.6696		-6907.0306	13864.0612	13984.3147	2.2436955357	0.44873910714000004	0.2401239137	1.6281653993	0.36999553915	4	5	0.00551267916207	0.0518191841235	4	907
1612	train	LG+G4	LG	True	False	False	1.0866		-5442.6046	10933.2092	11018.2935	9.772637594199999	0.4248972867043478	0.269917554	3.8226627834999998	3.0363648981	13	23	0.0778245192308	0.7109375	13	256
1613	train	LG+G4	LG	True	False	False	0.9011		-6658.5803	13345.1606	13403.5936	9.165869969700001	0.705066920746154	0.2440059828	4.9321528291000005	0.8713925435000001	8	13	0.12421875	0.364583333333	8	480
1614	train	WAG+G4	WAG	True	False	False	2.1462		-1261.5126	2555.0251	2590.7708	10.0235355088	0.6682357005866667	0.4022916139	3.0106382116	1.7166860475	9	15	0.0966183574879	0.565217391304	9	69
1615	train	LG	LG	False	False	False			-2135.7791	4305.5582	4351.6202	6.9357426363	0.4079848609588235	0.2579879915	1.4650093574	0.9421603326	10	17	0.00810810810811	0.72972972973	10	111
1617	train	JTT+G4	JTT	True	False	False	1.1324		-1339.6838	2707.3675	2743.9792	5.3035791875000005	0.40796762980769236	0.2788906044	2.2638113967000004	1.63764568185	8	13	0.12004950495	0.455445544554	8	101
1621	train	LG+G4	LG	True	False	False	1.009		-5074.7774	10301.5548	10494.8452	27.7806820349	0.37040909379866666	0.2869754329	3.9894754356	1.9044142751	39	75	0.17703218767	0.797872340426	39	94
1622	train	LG+G4	LG	True	False	False	1.0617		-5797.9136	11639.8272	11720.1819	10.9112001193	0.5195809580619047	0.3473033944	2.4321410814	1.5589010453499998	12	21	0.109064327485	0.621052631579	12	285
1623	train	VT+G4	VT	True	False	False	1.1461		-2960.9263	5949.8526	5998.9841	2.7026621837	0.20789709105384618	0.2590379886	0.6913034531	0.4419301524	8	13	0.0242914979757	0.352226720648	8	247
1624	train	LG+G4	LG	True	False	False	0.7368		-7889.4205	15830.8411	15931.3693	20.9158671491	0.8366346859639999	0.3451178613	9.2049937656	2.093912919	14	25	0.0936867664913	0.730878186969	14	353
1625	train	LG+G4	LG	True	False	False	1.0947		-5517.8937	11047.7873	11073.7011	7.5638055231	1.51276110462	1.0936772499	5.3692311904	1.45891706565	4	5	0.0144144144144	0.0558558558559	4	555
1626	train	LG+G4	LG	True	False	False	1.2475		-4914.3178	9876.6356	9960.1709	12.0997603321	0.5260765361782609	0.3612126359	2.3745183134	2.0688396231	13	23	0.164743589744	0.691666666667	13	240
1627	train	WAG+G4	WAG	True	False	False	0.4913		-553.4729	1146.9458	1178.6161	4.977325572	0.26196450378947367	0.1650771987	2.2579556091999997	0.9390112302	11	19	0.00252525252525	0.527777777778	11	36
1628	train	LG+G4	LG	True	False	False	1.7607		-2013.5201	4079.0402	4143.451	9.4873480144	0.379493920576	0.3324642367	2.0690742483	1.3000238914	14	25	0.11525974026	0.670454545455	14	88
1629	train	cpREV+F+G4	cpREV	True	False	True	0.7579		-2155.7823	4373.5646	4476.274	7.6951455642	0.6995586876545454	0.3732778038	2.8011738715999996	1.4053566493999998	7	11	0.160450387051	0.310344827586	7	203
163	train	LG+G4	LG	True	False	False	1.5551		-8125.2368	16438.4737	16705.8273	40.679819253	0.4374174113225806	0.3181152605	5.5239063627	1.5522717128	48	93	0.270341207349	0.755905511811	48	127
1630	train	LG+G4	LG	True	False	False	0.7715		-3007.8954	6067.7909	6145.5421	7.8013334291	0.31205333716399997	0.2098260665	2.0179860348	1.24464079095	14	25	0.0272108843537	0.646258503401	14	147
1631	train	LG+G4	LG	True	False	False	0.8969		-4093.795	8231.5899	8305.3308	10.5953603102	0.504540967152381	0.3554719841	3.0690610689	1.6182868692000003	12	21	0.118483412322	0.57345971564	12	211
1632	train	LG+G4	LG	True	False	False	0.8909		-994.6038	2021.2077	2055.9979	5.8135493458	0.3875699563866667	0.2964114646	2.4713157118	1.7592250986	9	15	0.0017094017094	0.584615384615	9	65
1633	train	cpREV+G4	cpREV	True	False	False	1.4158		-2051.8937	4155.7874	4219.6004	8.4657591084	0.338630364336	0.2886114887	2.4243946415	1.1160539600000001	14	25	0.0556478405316	0.802325581395	14	86
1634	train	LG+G4	LG	True	False	False	0.8385		-11851.1688	23834.3376	24080.3095	34.7878045958	0.5351969937815384	0.3709376389	8.7297785584	5.4987792544500005	34	65	0.383885801878	0.628664495114	34	307
1635	train	LG+G4	LG	True	False	False	0.9604		-5602.6465	11277.2931	11398.4682	15.0188116718	0.42910890490857145	0.2680005638	5.2254164972999995	1.2547522389999999	19	35	0.203885882932	0.64953271028	19	214
1636	train	LG+G4	LG	True	False	False	2.0563		-4193.4568	8434.9135	8509.1635	13.784803139500001	0.5993392669347827	0.4252233068	3.5224523097000002	1.7796797428	13	23	0.0618216139689	0.828220858896	13	163
1637	train	LG+G4	LG	True	False	False	1.8786		-5041.2026	10106.4053	10153.5922	8.2289839656	0.7480894514181817	0.2952181292	3.2459871456	2.0089164786	7	11	0.0545661235316	0.331564986737	7	377
1638	train	VT+F+G4	VT	True	False	True	0.6362		-2394.2933	4878.5866	5009.9857	15.1475754325	0.6059030173	0.2683726286	4.2558655887	2.4569704125499996	14	25	0.306047966632	0.474452554745	14	137
1639	train	LG+G4	LG	True	False	False	2.1769		-5250.0288	10528.0576	10581.8672	8.6607325863	0.6662101989461539	0.4616781822	2.5787826641000002	1.27436610145	8	13	0.11847826087	0.536231884058	8	345
1640	train	LG+G4	LG	True	False	False	1.1844		-20586.9841	41393.9682	41819.9012	70.8042724901	0.6495804815605505	0.43569372	6.7554938678	4.47514049695	56	109	0.472736418511	0.670422535211	56	355
1641	train	LG+G4	LG	True	False	False	1.3448		-14515.1866	29098.3731	29246.0651	14.1419383509	0.4285435863909091	0.2307313376	6.659060931300001	5.6005968487	18	33	0.157000585823	0.76625659051	18	569
1643	train	cpREV+G4	cpREV	True	False	False	1.1153		-816.4122	1664.8245	1698.0651	5.4143492987	0.36095661991333333	0.3062912571	1.8471976526	0.995087595	9	15	0.0	0.576271186441	9	59
1644	train	LG+G4	LG	True	False	False	1.44		-8318.9285	16705.8569	16829.4398	20.9993714774	0.6363445902242424	0.3953095232	3.3977753967	2.2378585863	18	33	0.213293650794	0.725	18	280
1647	train	LG+G4	LG	True	False	False	2.2166		-1876.5919	3781.1837	3823.6098	5.0421261273999995	0.38785585595384614	0.3172200998	1.2694309802	0.94253181075	8	13	0.168300653595	0.398692810458	8	153
1649	train	LG+G4	LG	True	False	False	0.8249		-6715.8467	13519.6933	13662.5624	25.6574946677	0.5966859225046511	0.4216894557	3.6476383616	2.5755216768	23	43	0.156064073227	0.784210526316	23	190
1651	train	LG+G4	LG	True	False	False	0.8155		-3265.1235	6554.2471	6596.0147	7.5772243897000005	0.6888385808818183	0.3942786839	3.1467195062	1.242795809	7	11	0.0285714285714	0.3625	7	240
1653	train	LG+G4	LG	True	False	False	1.0011		-9848.7493	19769.4986	19912.9203	13.5424422885	0.3869269225285714	0.2164309881	2.5697471024	1.6784078676999998	19	35	0.175924698396	0.690176322418	19	397
1656	train	LG+G4	LG	True	False	False	1.4409		-6219.3589	12542.7178	12697.5079	21.7491890518	0.42645468729019603	0.3249641463	3.3733463624	2.1347357289	27	51	0.111366538953	0.862068965517	27	145
1658	train	LG+G4	LG	True	False	False	1.9834		-3925.2076	7874.4151	7919.5598	7.7076030407000005	0.7006911855181819	0.3794481494	5.0589865579	1.4771537852	7	11	0.0714285714286	0.506289308176	7	318
1659	train	JTT+G4	JTT	True	False	False	0.4202		-1131.8794	2335.7588	2399.9896	9.548818393	0.27282338265714284	0.2188898065	1.9466505393	1.4489411905	19	35	0.11961722488	0.636363636364	19	44
1660	train	WAG	WAG	False	False	False			-636.8553	1311.7106	1335.6145	11.8406764845	0.6231934991842105	0.3666590839	4.549411427	3.3865672779	11	19	0.020979020979	0.807692307692	11	26
1661	train	WAG+F+G4	WAG	True	False	True	1.1681		-8842.6834	17811.3668	18041.9142	22.7803496085	0.5297755722906977	0.4784026708	2.6951069447	2.0055173478	23	43	0.340251477049	0.679442508711	23	287
1662	train	LG+G4	LG	True	False	False	1.3422		-13250.5523	26673.1047	26958.8835	28.5755900381	0.3361834122129412	0.2592894683	4.2242053317999995	3.1310997699000005	44	85	0.0987804878049	0.90243902439	44	205
1663	train	LG+F+G4	LG	True	False	True	0.7432		-40675.5959	81637.1918	82272.4751	111.0146722698	0.9025583111365854	0.4541879104	9.6131733283	3.743042056500001	63	123	0.45584369629	0.670382165605	63	628
1664	train	LG+F+G4	LG	True	False	True	1.7774		-7073.5328	14253.0656	14434.1189	24.093657108	0.7301108214545454	0.4982469412	3.4747591806999996	2.7192866508	18	33	0.154814814815	0.8	18	225
1665	train	LG+G4	LG	True	False	False	1.7944		-8741.071	17646.1421	17917.42	34.3976058327	0.4246618004037037	0.3033931411	5.1337808752	4.2088263415	42	81	0.438118811881	0.60396039604	42	202
1666	train	LG+G4	LG	True	False	False	0.8364		-52829.3667	106114.7333	107072.9114	72.7355307404	0.32042084026607925	0.2108402138	3.030192588	2.0394420678	115	227	0.37525083612	0.688259109312	115	494
1667	train	LG+G4	LG	True	False	False	1.3491		-6821.4436	13706.8872	13817.594	24.8254188295	0.8008199622419354	0.3476504702	6.427670452800001	3.8486573185	17	31	0.158448060075	0.753191489362	17	235
1668	train	LG+G4	LG	True	False	False	1.0253		-13866.7237	27785.4473	27900.8705	11.3825983252	0.455303933008	0.3711295544	3.7308299399999996	2.6756194080499993	14	25	0.119922409859	0.731629392971	14	626
1669	train	LG+G4	LG	True	False	False	1.1953		-17169.7777	34595.5554	35043.7165	60.6435826061	0.47750852445748027	0.2932700991	7.9520319621999995	5.5079724566	65	127	0.406907378336	0.689795918367	65	245
167	train	LG+G4	LG	True	False	False	0.8878		-2160.1496	4404.2992	4495.6234	18.0065446192	0.43918401510243904	0.163289173	4.647752048899999	2.98036772635	22	41	0.0237762237762	0.846153846154	22	65
1671	train	rtREV+F+G4	rtREV	True	False	True	0.7411		-3866.2211	7782.4421	7885.3394	4.1558142993	0.83116285986	0.6506394547	1.4900953195	1.2885398326500002	4	5	0.0286975717439	0.0485651214128	4	453
1672	train	LG+G4	LG	True	False	False	1.4967		-2333.2623	4686.5246	4722.0542	9.0730358129	1.0081150903222222	0.083538276	6.8222578401	1.97627693015	6	9	0.106589147287	0.480620155039	6	258
1673	train	WAG+G4	WAG	True	False	False	1.7687		-2580.6147	5181.2294	5217.4334	4.8886101625	0.5431789069444445	0.1057163021	1.772003114	1.55154029435	6	9	0.0628019323671	0.619565217391	6	276
1674	train	LG+F+G4	LG	True	False	True	1.3813		-4574.8519	9251.7037	9404.2158	25.2497856912	0.8145092158451612	0.4942344996	5.7085185242000005	2.1985784772	17	31	0.111244497799	0.829931972789	17	147
1675	train	LG+G4	LG	True	False	False	1.2734		-3950.5596	7921.1191	7961.5692	3.6270547476	0.40300608306666663	0.1485550334	2.4898457191000003	1.934270845	6	9	0.0691153238547	0.45971563981	6	422
1676	train	LG+F+G4	LG	True	False	True	0.9837		-13973.7094	28037.4188	28240.1791	16.3326152508	0.653304610032	0.557500458	5.4403555803999994	4.3796598629000005	14	25	0.278774289985	0.603886397608	14	669
1678	train	LG+G4	LG	True	False	False	1.5896		-7321.119	14702.238	14806.0256	17.3080636259	0.5968297802034483	0.4673274518	3.1204949883	2.2024616268	16	29	0.103723404255	0.834042553191	16	235
168	train	LG+G4	LG	True	False	False	1.1116		-92617.4401	185718.8803	186789.306	84.5460201517	0.35081336162531124	0.3363461291	2.5212982633	1.1110138234	122	241	0.249973387268	0.782467532468	122	616
1680	train	LG	LG	False	False	False			-1067.2774	2148.5547	2167.8899	1.9496518958	0.2785216994	0.2985192527	0.7913776329	0.4227299755	5	7	0.0222222222222	0.196581196581	5	117
1681	train	LG+G4	LG	True	False	False	0.7491		-912.9692	1849.9384	1879.6664	3.0076410956	0.2734219177818182	0.258450912	1.0045736757000001	0.6985726371000001	7	11	0.0357142857143	0.329545454545	7	88
1683	train	JTT+G4	JTT	True	False	False	0.8068		-313.5319	647.0637	663.9525	1.321066762	0.1467851957777778	0.1191169319	0.6412762433	0.28676477484999996	6	9	0.00416666666667	0.2	6	40
1684	train	LG+G4	LG	True	False	False	0.6575		-1088.3876	2208.7753	2248.949	4.1291282798	0.2752752186533333	0.1543366144	2.2985666064999997	0.6357867123	9	15	0.010989010989	0.461538461538	9	91
1686	train	LG+G4	LG	True	False	False	3.0985		-6807.2921	13774.5841	13978.8943	38.475997169	0.4870379388481013	0.3133270382	4.1660984712	1.9011465339	41	79	0.114505776637	0.915789473684	41	95
1687	train	WAG+G4	WAG	True	False	False	1.5423		-4718.488	9668.976	9909.9704	24.6470104985	0.2143218304217391	0.1492766539	5.3488293105	1.7002262754000002	59	115	0.0574547543809	0.915254237288	59	59
1689	train	LG+G4	LG	True	False	False	1.9571		-4700.3031	9440.6062	9506.9686	13.283171901000001	0.6991143105789475	0.5643319302	5.559101548599999	2.8931614237000005	11	19	0.0770944741533	0.779411764706	11	204
1690	train	LG+G4	LG	True	False	False	0.7624		-6421.1507	12890.3015	12983.5012	14.9899220608	0.651735741773913	0.1927537951	7.8200654168	0.6155065445000001	13	23	0.191772016285	0.493036211699	13	359
1692	train	VT	VT	False	False	False			-382.2101	790.4203	813.01	1.5413407042	0.11856466955384616	0.1060928013	0.5349095804	0.3775078496	8	13	0.0565476190476	0.309523809524	8	42
1693	train	WAG	WAG	False	False	False			-3044.0508	6118.1015	6169.4758	5.3513801227	0.3567586748466667	0.1113672276	2.4936100257	0.1957323413	9	15	0.115026921194	0.418502202643	9	227
1695	train	LG+G4	LG	True	False	False	1.5223		-8628.7881	17341.5762	17501.0106	17.9343091271	0.43742217383170734	0.3156715424	6.3794297921	2.04040152405	22	41	0.33020171318	0.689969604863	22	329
1696	train	LG+G4	LG	True	False	False	0.6272		-11267.8809	22595.7618	22719.0392	20.3828931919	0.7028583859275862	0.4596349463	4.6337637063	2.6668664232	16	29	0.204027777778	0.611111111111	16	450
1698	train	LG+G4	LG	True	False	False	0.7578		-8501.0731	17062.1462	17179.3887	12.9767844381	0.44747532545172414	0.3105541925	2.5185109234	1.6866604739	16	29	0.164232336957	0.627717391304	16	368
1699	train	WAG+F+G4	WAG	True	False	True	1.8711		-11950.8435	24151.687	24539.1703	44.8709485826	0.4273423674533333	0.3359048051	4.1118080237	2.60276352765	54	105	0.274390243902	0.792682926829	54	164
17	train	LG+G4	LG	True	False	False	0.5921		-5063.5286	10367.0572	10627.9837	42.6115133085	0.35807994376890756	0.2486612583	4.2729050892	2.2363243076	61	119	0.131399747793	0.8	61	65
1700	train	LG+G4	LG	True	False	False	1.9484		-1990.3317	4016.6634	4067.9999	7.0396161623	0.41409506837058824	0.3742959938	2.2560155057	1.62550167455	10	17	0.1828125	0.5703125	10	128
1703	train	LG+G4	LG	True	False	False	1.287		-3146.1624	6308.3249	6337.5448	6.862673156	0.9803818794285714	1.0035280871	2.1003533575000004	1.7813550525000001	5	7	0.101052631579	0.115789473684	5	285
1705	train	JTT+G4	JTT	True	False	False	1.1016		-3599.1343	7214.2686	7247.178	2.8568891478	0.4081270211142857	0.132123802	1.7118017931	0.4145637711	5	7	0.143805309735	0.0597345132743	5	452
1706	train	LG+F+G4	LG	True	False	True	1.5772		-35328.8241	70775.6482	71065.9095	28.6977929083	0.7358408438025641	0.6288966046	3.5397704622	2.5286182034999998	21	39	0.262845849802	0.729249011858	21	1012
1709	train	LG+G4	LG	True	False	False	0.6394		-2960.0286	5996.0572	6095.0536	13.6960295209	0.3701629600243243	0.2092572454	2.5021942641	1.29196196055	20	37	0.0195	0.77	20	100
171	train	LG+G4	LG	True	False	False	0.6982		-4719.7134	9495.4268	9595.2334	7.5325729606	0.2789841837259259	0.1619907038	2.9329957522000005	2.231731667	15	27	0.117496807152	0.544061302682	15	261
1710	train	LG+G4	LG	True	False	False	0.8426		-5104.7525	10241.505	10304.3358	6.4523065326	0.43015376884	0.2129001351	2.1407028969999997	1.0053944899	9	15	0.143407407407	0.501333333333	9	375
1711	train	LG+G4	LG	True	False	False	0.773		-1731.9153	3519.8306	3581.9768	12.5083577257	0.46327250835925926	0.3049851103	1.9063785907	1.1874945003	15	27	0.00196078431373	0.632352941176	15	68
1712	train	LG+F+G4	LG	True	False	True	2.6932		-9061.9447	18245.8894	18461.4261	26.9449494174	0.6571938882292683	0.5518817685	3.7425852698	3.1812596809	22	41	0.245418613008	0.739130434783	22	253
1713	train	LG+G4	LG	True	False	False	1.5364		-9347.6318	18791.2635	18958.9305	29.4198580516	0.6259544266297872	0.4362255041	5.9923336411	2.7146222773	25	47	0.248888888889	0.744855967078	25	243
1720	train	WAG	WAG	False	False	False			-1299.9984	2613.9968	2634.2292	2.9172551694	0.4167507384857143	0.1960377734	1.6455477272999999	1.5818785384000003	5	7	0.0270676691729	0.421052631579	5	133
1721	train	LG+G4	LG	True	False	False	0.6416		-3799.04	7666.0799	7767.2888	20.9431284717	0.6346402567181818	0.5171869946	2.9762192829	2.06294605365	18	33	0.165900383142	0.634482758621	18	145
1723	train	WAG+G4	WAG	True	False	False	1.1914		-5776.0109	11716.0217	11937.4611	34.4725321704	0.4255868169185185	0.3424752757	4.2109979463	2.24408822635	42	81	0.262121212121	0.772727272727	42	110
1724	train	LG+F+G4	LG	True	False	True	1.1211		-9874.7616	19867.5231	20078.2802	38.8102328827	0.9951341764794872	0.6699600463	7.4950679062	3.9685708604	21	39	0.213652000724	0.783269961977	21	263
1725	train	JTT+F+G4	JTT	True	False	True	1.1459		-5086.6699	10295.3398	10520.4517	4.3417056228	0.10589525909268294	0.0509906679	0.9799001544999999	0.42513166145000003	22	41	0.106572481572	0.510135135135	22	296
1726	train	WAG+G4	WAG	True	False	False	1.1898		-1938.2382	3948.4765	4024.4679	20.986149676	0.5996042764571429	0.3121807793	7.2869161256999995	4.9237151845	19	35	0.149266609146	0.819672131148	19	61
1728	train	JTT+F+G4	JTT	True	False	True	1.2904		-32463.6561	65417.3123	66244.2555	113.7045824016	0.5053536995626667	0.4011685919	4.295696143400001	2.46535952965	114	225	0.316073749188	0.787037037037	114	216
1729	train	rtREV+F+G4	rtREV	True	False	True	0.9786		-1450.5096	2951.0192	3036.7529	1.917697908	0.3835395816	0.3468585851	0.8408196573	0.4257524476	4	5	0.094298245614	0.0219298245614	4	228
173	train	LG+F+G4	LG	True	False	True	0.8559		-13924.9314	27975.8628	28242.6307	28.82990322	0.6704628655813953	0.4044293131	6.7217076037000005	1.6151030358	23	43	0.397357203751	0.543137254902	23	510
1732	train	WAG+G4	WAG	True	False	False	1.3281		-3339.4978	6734.9956	6820.2115	13.5081407842	0.500301510525926	0.2007109169	6.191469779199999	5.5162011566	15	27	0.112258064516	0.845161290323	15	155
1737	train	JTT+F+G4	JTT	True	False	True	1.213		-12697.15	25580.2999	25930.7538	26.3932855386	0.3615518566931507	0.2603511115	4.8581329350999995	3.4812659545000004	38	73	0.323519736842	0.653125	38	320
1739	train	JTT+G4	JTT	True	False	False	1.2086		-1888.6289	3809.2578	3854.7648	5.6980442998	0.3798696199866667	0.29878849	2.147476512	1.5345230923000002	9	15	0.0857392825897	0.590551181102	9	127
174	train	LG+G4	LG	True	False	False	1.6841		-5547.071	11174.142	11302.9562	13.6269272445	0.34940839088461534	0.2993900829	2.559699408	1.8294676225999997	21	39	0.179665379665	0.724324324324	21	185
175	train	LG+G4	LG	True	False	False	0.4526		-1753.6803	3563.3606	3633.9707	8.7174488115	0.3228684745	0.2337541123	3.4217346503999995	1.6010452378000002	15	27	0.0746376811594	0.608695652174	15	92
1752	train	LG+G4	LG	True	False	False	0.7977		-5755.4924	11582.9848	11713.0574	16.8917274712	0.48262078489142857	0.2330503636	5.1708638741	1.3186929484	19	35	0.295044179793	0.489051094891	19	274
1754	train	VT+F+G4	VT	True	False	True	0.9786		-14085.4419	28320.8839	28625.4932	34.0953063632	0.619914661149091	0.3727038925	6.714825329200001	3.7202918445	29	55	0.446748653645	0.594405594406	29	429
1757	train	LG+G4	LG	True	False	False	1.2252		-4288.0196	8596.0392	8635.4409	5.5721811665	0.6191312407222223	0.2754014775	1.8287213705999998	0.8900128566500001	6	9	0.0697368421053	0.213157894737	6	380
1759	train	LG+G4	LG	True	False	False	2.093		-2369.8534	4755.7067	4782.9999	5.5184406386	0.7883486626571428	0.8039152957	1.5269506597999998	1.3654503693	5	7	0.122321428571	0.147321428571	5	224
176	train	LG+G4	LG	True	False	False	1.3806		-16885.4169	34066.8339	34581.3505	54.018966251	0.3674759608911565	0.2361239761	5.677698341099999	3.170501465399999	75	147	0.404853556485	0.682008368201	75	239
1760	train	mtART+G4	mtART	True	False	False	1.0777		-1384.1345	2780.269	2799.493	4.0889447896	0.8177889579200001	0.7092138468	1.3789200257	1.2381358788	4	5	0.0508241758242	0.0714285714286	4	182
1761	train	LG	LG	False	False	False			-4684.981	9399.9621	9451.1368	11.00776604	0.7338510693333333	0.7384800254	2.4565296882	1.7466428081999998	9	15	0.046626984127	0.763392857143	9	224
1762	train	LG+G4	LG	True	False	False	2.2393		-6569.0306	13174.0611	13243.4524	10.0430163341	0.5907656667117648	0.5437760253	4.0467861213	2.6047859802	10	17	0.127507163324	0.656160458453	10	349
1763	train	LG+G4	LG	True	False	False	1.281		-4908.8725	9845.7449	9899.5139	7.9881398515	0.6144722962692307	0.328736847	2.267727792	1.9729513898500002	8	13	0.0897529069767	0.427325581395	8	344
1765	train	LG+G4	LG	True	False	False	1.921		-13646.8967	27377.7933	27554.1294	27.3976583612	0.6682355697853659	0.4404027085	7.094072049200001	2.8882535072	22	41	0.421286031042	0.585365853659	22	492
1766	train	LG+G4	LG	True	False	False	0.9902		-2957.2711	5978.5422	6071.7472	17.7824137072	0.5736262486193549	0.319878639	4.6057935805	1.70256912	17	31	0.300173010381	0.558823529412	17	136
1767	train	LG+G4	LG	True	False	False	0.7812		-2247.8748	4515.7496	4548.3245	9.3826852534	1.0425205837111111	0.4019388162	6.1444431062	1.02418693185	6	9	0.0434027777778	0.197916666667	6	192
177	train	LG+G4	LG	True	False	False	0.9876		-14380.7984	28857.5967	29056.3112	20.8308818543	0.44321025221914895	0.3214051832	6.4344417564	1.6048173312999998	25	47	0.240603448276	0.721982758621	25	464
1770	train	LG+G4	LG	True	False	False	1.3418		-6679.1737	13402.3474	13486.1265	12.4239901939	0.5916185806619048	0.4221361202	3.8780866828000002	3.2631261757	12	21	0.192192192192	0.651651651652	12	333
1771	train	LG+G4	LG	True	False	False	1.0362		-6651.342	13342.6841	13419.6706	13.4558149329	0.7082007859421052	0.608750917	4.5544918969	1.4673564231	11	19	0.19151165837	0.582132564841	11	347
1773	train	LG+G4	LG	True	False	False	1.2872		-1589.0235	3194.0469	3218.132	6.2385539833	0.8912219976142858	0.7720734308	2.5985931869	1.3212458126	5	7	0.08	0.0866666666667	5	150
1775	train	WAG+G4	WAG	True	False	False	1.0341		-2938.1949	5944.3899	6042.9164	9.9219223756	0.3006643144121212	0.2528689052	2.5438835914	1.6774292653499998	18	33	0.269900497512	0.634328358209	18	134
1776	train	LG+F+G4	LG	True	False	True	0.8473		-2518.5562	5103.1123	5208.1112	12.765455293699999	0.9819580995153845	0.7661699535	3.8318684861	1.7608512940499998	8	13	0.148876404494	0.438202247191	8	178
1777	train	LG+F+G4	LG	True	False	True	1.4692		-8215.9115	16633.8231	16911.9357	38.3129292789	0.4729991269	0.4024704889	4.325182323	3.2861507741499993	42	81	0.102216748768	0.905172413793	42	116
1779	train	LG+G4	LG	True	False	False	1.1564		-2894.6588	5809.3176	5844.5722	6.2068809033	0.6896534337	0.4384863231	3.9563012363	1.7486618308500002	6	9	0.0823373173971	0.298804780876	6	251
178	train	cpREV+G4	cpREV	True	False	False	1.297		-7763.6727	15771.3455	16081.6274	52.1117314001	0.4306754661165289	0.2127406464	10.6876525745	1.3796843973499997	62	121	0.182395332876	0.840425531915	62	94
1781	train	LG+G4	LG	True	False	False	1.5447		-1202.6646	2417.3293	2434.9791	4.2102059299	0.84204118598	0.6668950725	1.8999871315	0.8654948181	4	5	0.0571428571429	0.0428571428571	4	140
1785	train	LG+G4	LG	True	False	False	0.8181		-3974.4482	7968.8964	8005.8	14.9195985492	1.6577331721333333	0.8203175155	8.1613747359	2.4367718512499996	6	9	0.0878378378378	0.222972972973	6	296
1790	train	LG+G4	LG	True	False	False	2.3835		-11246.9176	22753.8351	23089.8809	58.0559743729	0.45004631296821707	0.3262810426	4.9142665469999995	1.9573431147	66	129	0.112863327149	0.928571428571	66	98
1792	train	LG+G4	LG	True	False	False	1.0435		-1069.6807	2155.3613	2177.3901	3.8434809886	0.5490687126571429	0.42328265	1.4713275702	0.9060219279999999	5	7	0.0896551724138	0.146551724138	5	116
1793	train	LG+G4	LG	True	False	False	2.9668		-3135.8551	6319.7103	6392.2834	14.9859652928	0.6515637083826087	0.5895859784	4.0107580762	1.708329221	13	23	0.297064777328	0.605263157895	13	152
1794	train	WAG+F+G4	WAG	True	False	True	1.2106		-4119.9774	8293.9549	8400.2684	10.0376705848	1.4339529406857143	1.7505372391	2.9747797991000002	2.7121938834	5	7	0.101319261214	0.12401055409	5	379
1795	train	LG+G4	LG	True	False	False	1.2717		-3364.1664	6752.3328	6794.9217	7.6955216528	0.6995928775272727	0.5828862497	3.6510681853	2.1097331652	7	11	0.135630906059	0.315175097276	7	257
1797	train	LG+G4	LG	True	False	False	0.8612		-17571.5143	35315.0287	35645.5735	33.8951448652	0.3987664101788236	0.3141376273	4.8353390292	3.3584435657	44	85	0.316469038208	0.733333333333	44	345
1799	train	LG+G4	LG	True	False	False	0.8751		-3720.5419	7541.0838	7675.6512	14.5347789627	0.29662814209591837	0.2203299351	3.2642064027	1.7004550654	26	49	0.0416372618207	0.807339449541	26	109
180	train	LG+F+G4	LG	True	False	True	1.0722		-8011.4525	16100.905	16270.4532	4.294839042	0.22604416010526318	0.2000033813	1.4730856186	0.6823197564	11	19	0.0749880592262	0.548161120841	11	571
1802	train	WAG+F+G4	WAG	True	False	True	0.6521		-19721.6322	39965.2644	40759.5983	110.2730715997	0.45756461244688795	0.2577369999	5.0776146101999995	2.4673928986	122	241	0.363881544157	0.812903225806	122	155
1805	train	LG+G4	LG	True	False	False	1.6385		-3393.807	6819.614	6873.0913	6.5171800393	0.4344786692866667	0.2960309846	2.4065056232	2.0037582937000002	9	15	0.0388091440723	0.622009569378	9	209
1806	train	LG+G4	LG	True	False	False	0.6059		-2048.2633	4128.5266	4177.4266	5.9813127027	0.39875418018000003	0.2192952325	3.3978799885999997	1.6127667741	9	15	0.0750176928521	0.433121019108	9	157
1807	train	LG+F+G4	LG	True	False	True	1.2499		-4917.3742	9916.7485	10054.7535	15.2910076781	0.7281432227666667	0.6180001205	3.9266932614	2.1367065438	12	21	0.0646417445483	0.714953271028	12	214
1808	train	WAG+G4	WAG	True	False	False	0.9738		-44798.198	90044.396	91034.1097	75.4168726242	0.3381922539201794	0.2971058616	4.6883146229	2.6321850417	113	223	0.623063708152	0.544861337684	113	613
181	train	WAG+G4	WAG	True	False	False	1.2015		-1003.8606	2043.7212	2086.5977	2.8491357561	0.1675962209470588	0.126564388	1.0121451221	0.44179508265	10	17	0.01875	0.3	10	80
1810	train	LG+F+G4	LG	True	False	True	0.6457		-6821.7937	13753.5873	13965.4585	26.1298454119	0.7465670117685714	0.4613966636	9.003316149	1.7314146628999998	19	35	0.397156684815	0.511494252874	19	348
1811	train	LG+G4	LG	True	False	False	2.8434		-3904.948	7933.8961	8080.8018	21.0541491486	0.345149986042623	0.238457205	3.6331766709	1.751951782	32	61	0.0957278481013	0.886075949367	32	79
1813	train	LG+G4	LG	True	False	False	1.5142		-8576.2423	17180.4845	17241.2248	7.6748752451	0.5903750188538461	0.4189972222	3.0431427091999996	1.8946857647500002	8	13	0.0885600706714	0.498233215548	8	566
1815	train	LG+G4	LG	True	False	False	0.7585		-8725.7988	17599.5977	17847.2836	21.3041979541	0.2918383281383562	0.2115743279	2.5757307580999997	1.6772276297	38	73	0.208521303258	0.733333333333	38	210
1816	train	LG+G4	LG	True	False	False	0.9023		-7277.2375	14598.4751	14685.1589	7.0988800987	0.33804190946190477	0.3362105563	1.4164791716	1.11603964195	12	21	0.0550438596491	0.607894736842	12	380
1817	train	LG+F+G4	LG	True	False	True	2.2124		-17555.4736	35272.9472	35581.4067	51.820532304	0.8495169230163934	0.6591735485	6.601138237200001	3.6439371941	32	61	0.243149399399	0.813813813814	32	333
1819	train	LG+G4	LG	True	False	False	0.783		-1443.1988	2898.3976	2916.811	7.1059929486	1.42119858972	1.4531396691	2.8614032396	1.8626959496	4	5	0.0487421383648	0.0125786163522	4	159
1820	train	LG+G4	LG	True	False	False	0.8326		-18788.5134	37809.0267	38238.6655	58.0739278919	0.5049906773208696	0.3699312091	12.7446751599	7.3869943733	59	115	0.402485875706	0.71	59	300
1821	train	LG+G4	LG	True	False	False	3.6185		-1621.8783	3291.7566	3348.008	6.4913590183	0.28223300079565217	0.1825541113	2.8681711951000004	1.1918992402	13	23	0.0	0.909090909091	13	77
1822	train	LG+G4	LG	True	False	False	0.9026		-1010.765	2041.53	2066.0735	4.665407969	0.5183786632222223	0.4143004187	1.1720081023	0.92948098425	6	9	0.0232558139535	0.313953488372	6	86
1824	train	LG+G4	LG	True	False	False	1.0583		-6971.2987	14114.5974	14340.3451	39.5862611975	0.4657207199705882	0.3057216319	3.9858617022000002	2.6234944365999997	44	85	0.123440285205	0.93137254902	44	102
1825	train	LG+F+G4	LG	True	False	True	1.0309		-8088.6263	16251.2527	16398.6583	26.388467989	1.552262822882353	0.5673237643	7.7787886408	2.3805117758499996	10	17	0.141309823678	0.564231738035	10	397
1827	train	LG+G4	LG	True	False	False	1.137		-11706.0186	23472.0373	23595.1811	19.7751904172	0.6819031178344828	0.4561975096	6.413419845800001	1.6438698885500003	16	29	0.212193080357	0.761160714286	16	448
1828	train	LG+G4	LG	True	False	False	1.8982		-4106.493	8348.9861	8514.2816	30.516088967399998	0.45546401443880596	0.3605904822	3.5135843817	2.5999816344999997	35	67	0.260544217687	0.77380952381	35	84
1829	train	LG+G4	LG	True	False	False	1.3462		-2003.0655	4018.131	4038.863	4.1954480746	0.83908961492	0.4674240463	2.3796318449	0.81822195935	4	5	0.0277777777778	0.0470085470085	4	234
183	train	LG+G4	LG	True	False	False	1.226		-7343.9113	14759.8225	14887.5893	21.2231630868	0.6063760881942857	0.4915966911	3.1498297757	1.8673792874	19	35	0.29920131067	0.603112840467	19	257
1830	train	LG+F+G4	LG	True	False	True	0.9904		-2511.7528	5077.5057	5172.5851	6.3019044676	0.9002720668	0.8233609449	1.9077108004000003	1.7606671645	5	7	0.06	0.156	5	250
1831	train	LG+G4	LG	True	False	False	0.7495		-10487.7854	21039.5707	21169.8343	12.2126228331	0.3939555752612903	0.2754911809	3.7065860828	0.9173669616	17	31	0.0796087488113	0.653579676674	17	433
1832	train	LG+F+G4	LG	True	False	True	3.5491		-19759.1035	39676.2071	39974.8858	56.7338767474	0.9615911313118644	0.7706865236	5.319136631699999	4.1833064575000005	31	59	0.151234567901	0.87037037037	31	324
1833	train	LG+F+G4	LG	True	False	True	1.1548		-2292.9968	4643.9935	4738.6116	11.6108455625	1.290093951388889	0.9403996108	4.9488664393	3.5989124757999997	6	9	0.108808290155	0.295336787565	6	193
1836	train	LG+G4	LG	True	False	False	0.7693		-1402.9357	2837.8715	2880.3348	5.6412978879	0.37608652586	0.2633580936	1.9555137637	0.9379679397	9	15	0.0624338624339	0.52380952381	9	105
1837	train	LG+G4	LG	True	False	False	1.6942		-1615.6315	3243.263	3262.6816	3.0802226784	0.6160445356800001	0.4786590257	1.1695210057	0.90090049095	4	5	0.0279255319149	0.0478723404255	4	188
1838	train	LG+G4	LG	True	False	False	0.6481		-2803.9283	5623.8566	5655.1647	1.6266604886	0.2323800698	0.2328267103	0.5949997356	0.428093605	5	7	0.0108108108108	0.108108108108	5	370
184	train	WAG+G4	WAG	True	False	False	0.7867		-1087.739	2247.478	2311.7088	13.7764917259	0.39361404931142857	0.2440348198	3.0519751388	1.0642487334	19	35	0.113636363636	0.636363636364	19	44
1840	train	LG+G4	LG	True	False	False	1.1888		-1206.5585	2425.117	2442.6368	5.4616657249000005	1.09233314498	0.7895028837	3.2748620951	1.0780464749499998	4	5	0.0602189781022	0.0583941605839	4	137
1841	train	VT+F+G4	VT	True	False	True	0.6646		-1177.5864	2441.1729	2534.6715	10.6471600644	0.46292000279999995	0.1591992288	3.2328531261	1.0892161391	13	23	0.0804733727811	0.615384615385	13	65
1842	train	LG+G4	LG	True	False	False	0.8171		-7933.6263	15955.2526	16108.7659	22.2515686224	0.517478340055814	0.3698011669	3.8830119430999996	2.2285394705999995	23	43	0.234099892203	0.690082644628	23	242
1843	train	LG	LG	False	False	False			-1871.1402	3752.2803	3769.1102	3.3273218242	0.6654643648399999	0.5177125689	1.5670798808	0.77481743625	4	5	0.107476635514	0.0654205607477	4	214
1847	train	LG+G4	LG	True	False	False	0.7164		-9748.1978	19552.3956	19666.3762	10.3170180006	0.3821117778	0.3553357323	1.4278125389	0.9986293316	15	27	0.112702078522	0.632794457275	15	433
1850	train	WAG+G4	WAG	True	False	False	4.1944		-13504.517	27181.034	27473.2759	39.3722581791	0.46320303740117647	0.3085487492	4.3598325843	2.1608988188	44	85	0.327025915261	0.787330316742	44	221
1851	train	LG+G4	LG	True	False	False	0.848		-30942.5045	62529.0089	63617.3359	146.2987567747	0.45575936689937696	0.3117147901	6.0968379292999995	3.66773255225	162	321	0.470899470899	0.778801843318	162	217
1856	train	LG+G4	LG	True	False	False	0.6189		-1929.2382	3870.4764	3892.475	1.3886969424	0.27773938848	0.2513693813	0.4766374031	0.3367141117	4	5	0.0138408304498	0.0346020761246	4	289
1857	train	LG+G4	LG	True	False	False	1.3378		-6739.3331	13566.6663	13707.8837	21.5216610225	0.5005037447093023	0.3785121371	4.8857373401	2.4425931394	23	43	0.136849607983	0.868852459016	23	183
1859	train	LG+G4	LG	True	False	False	0.7524		-4085.1775	8214.355	8288.3034	9.4597137377	0.4504625589380952	0.3228055505	2.0632029310999997	1.20323038435	12	21	0.0993740219092	0.610328638498	12	213
1861	train	LG+G4	LG	True	False	False	2.131		-12591.25	25238.5	25354.4168	14.7687521289	0.5469908195888888	0.5174442555	3.1578030413000002	2.2562990728	15	27	0.121120689655	0.814655172414	15	464
1862	train	LG+F+G4	LG	True	False	True	1.2517		-11350.7937	22955.5875	23337.0887	54.7659338142	0.5118311571420561	0.4103526865	5.353483830300001	3.1611655230999998	55	107	0.302135448444	0.758389261745	55	149
1864	train	LG+G4	LG	True	False	False	1.0611		-1823.1294	3674.2588	3714.4043	7.2256009479	0.5558154575307692	0.3469329695	2.8000294447000003	1.13283743685	8	13	0.0817307692308	0.530769230769	8	130
1865	train	LG+G4	LG	True	False	False	0.91		-1662.0819	3356.1639	3397.8466	9.7302735939	0.64868490626	0.4419531791	4.855876924	2.1732690365000003	9	15	0.0877777777778	0.61	9	100
1866	train	LG+G4	LG	True	False	False	0.7281		-1017.0655	2046.131	2063.0527	4.3062158323999995	0.8612431664799999	0.6705817184	1.7427085588	1.1360373642	4	5	0.0362903225806	0.0403225806452	4	124
1868	train	LG+G4	LG	True	False	False	2.2176		-1218.3	2456.6	2483.6953	3.2520119459	0.3613346606555556	0.4549746645	1.1687846697	0.8312048026500001	6	9	0.0555555555556	0.36036036036	6	111
1869	train	LG+G4	LG	True	False	False	2.1809		-7898.9502	16025.9004	16318.2361	35.6661471242	0.3156296205681416	0.249582215	4.839188936	2.4867036363	58	113	0.117097701149	0.90625	58	96
187	train	LG+F+G4	LG	True	False	True	1.9152		-54103.1412	109144.2823	110990.9868	135.8960615426	0.30266383417060133	0.2154249206	7.3754953505000005	4.4419244323500005	226	449	0.599271487613	0.548812664908	226	379
1870	train	LG+G4	LG	True	False	False	0.6267		-886.6122	1785.2244	1800.7951	5.4064668921	1.08129337842	0.9395977906	2.2948301902	1.78602125515	4	5	0.0429292929293	0.0707070707071	4	99
1872	train	LG+F+G4	LG	True	False	True	1.7647		-13012.807	26207.614	26522.4362	41.9401243557	0.590705976840845	0.3711644248	7.5461843663	4.865002884	37	71	0.195054629097	0.885106382979	37	235
1873	train	cpREV	cpREV	False	False	False			-1013.6768	2037.3537	2051.7297	1.4166004974	0.28332009948	0.2947081311	0.439248227	0.39584822315	4	5	0.0171755725191	0.0763358778626	4	131
1874	train	LG+G4	LG	True	False	False	3.6352		-2540.2438	5132.4876	5205.1781	10.7704541584	0.430818166336	0.3098812133	3.2303638877	2.14830804275	14	25	0.201889020071	0.735537190083	14	121
1875	train	LG+F+G4	LG	True	False	True	1.6476		-6399.8341	12905.6682	13085.7708	16.9058262017	0.5122977636878787	0.3881094444	3.6929969289	3.0140354619	18	33	0.113122171946	0.814479638009	18	221
1876	train	LG+G4	LG	True	False	False	2.8733		-9666.1384	19384.2768	19485.4595	15.3893321791	0.6155732871640001	0.3392283677	3.7964597814000003	2.64374330385	14	25	0.0854380426204	0.853591160221	14	362
1877	train	LG+G4	LG	True	False	False	1.169		-1864.4372	3740.8743	3762.7044	1.2468805891	0.24937611782000002	0.2928251693	0.44425055729999996	0.38794433400000006	4	5	0.017793594306	0.0498220640569	4	281
1878	train	LG+G4	LG	True	False	False	1.0858		-1315.454	2642.9081	2662.0324	1.9584991142	0.39169982284	0.3379066692	0.8650761292	0.59242326875	4	5	0.0335195530726	0.0279329608939	4	179
1880	train	LG+G4	LG	True	False	False	1.4228		-3791.0023	7606.0047	7649.9185	8.5694566979	0.779041517990909	0.5121281201	3.8461051954	1.236565874	7	11	0.132404181185	0.386759581882	7	287
1883	train	cpREV+G4	cpREV	True	False	False	0.8797		-884.5312	1781.0624	1797.3196	2.9992587187	0.59985174374	0.6569986612	1.0377320187999999	0.81762446335	4	5	0.0833333333333	0.0540540540541	4	111
1884	train	LG	LG	False	False	False			-2772.9515	5567.9029	5603.0254	7.1969641109	0.6542694646272728	0.5459290988	3.6964946992	3.1862795805	7	11	0.0626984126984	0.583333333333	7	180
1885	train	LG+G4	LG	True	False	False	0.9559		-8135.4488	16306.8976	16382.2123	10.5863477975	0.6227263410294118	0.6628264975	2.710346092	2.37297683315	10	17	0.181237113402	0.509278350515	10	485
1886	train	LG+G4	LG	True	False	False	0.7098		-1375.0099	2762.0198	2781.5959	2.1119902151	0.42239804302	0.4254709452	1.0403514804	0.4686641143	4	5	0.0336787564767	0.0569948186528	4	193
1887	train	LG+G4	LG	True	False	False	1.7999		-3227.9201	6475.8402	6513.1736	3.0286986505	0.33652207227777775	0.2348114825	1.0266957066	0.46344666989999994	6	9	0.0355987055016	0.242718446602	6	309
189	train	WAG+G4	WAG	True	False	False	1.468		-1975.0384	3994.0768	4052.4639	6.6535700771	0.31683667033809526	0.2876287648	1.6064097108	1.1677387885	12	21	0.0928571428571	0.571428571429	12	105
1891	train	WAG+G4	WAG	True	False	False	0.6503		-6606.1788	13236.3577	13290.1916	2.4970241781999998	0.2270021980181818	0.2440696709	0.5967511188	0.4230535505	7	11	0.0492160278746	0.233231707317	7	656
1894	train	WAG+G4	WAG	True	False	False	2.0277		-2659.9036	5359.8071	5420.6756	9.0109575042	0.47426092127368424	0.2943099954	4.2911645037	2.6483463895000003	11	19	0.161290322581	0.716129032258	11	155
1896	train	LG+G4	LG	True	False	False	0.9725		-2594.9481	5281.8962	5388.5007	16.6391863457	0.36975969657111113	0.2518084832	3.041331413	1.32360942665	24	45	0.06	0.84	24	75
1898	train	LG+F+G4	LG	True	False	True	2.1096		-14361.5734	28945.1468	29321.8394	46.4396832744	0.5103261898285714	0.4377283647	3.7504694191	2.3666306999	47	91	0.318278529981	0.763636363636	47	220
19	train	WAG+G4	WAG	True	False	False	0.7041		-2319.9537	4783.9074	4921.5731	30.4067286816	0.42826378424788736	0.2849946849	6.519061563899999	2.5925302192	37	71	0.232972972973	0.72	37	50
1900	train	LG+G4	LG	True	False	False	1.9135		-2975.5818	6023.1636	6111.9363	17.9498639575	0.5128532559285714	0.4349107349	4.0523358017	1.9503288428999999	19	35	0.0568663036903	0.896551724138	19	87
1903	train	JTT+G4	JTT	True	False	False	0.8084		-1129.5299	2295.0598	2341.218	2.4474315562	0.14396656212941178	0.134654754	0.7170571432	0.5681515964	10	17	0.0	0.3125	10	96
1904	train	JTT+G4	JTT	True	False	False	0.6946		-722.2223	1468.4445	1504.2478	0.3626590044	0.0329690004	0.0269466725	0.1310524906	0.0884430868	7	11	0.000978473581213	0.123287671233	7	146
1907	train	JTT+G4	JTT	True	False	False	1.6846		-12766.9808	25681.9617	25943.1394	30.2193742697	0.4139640310917808	0.2203072985	4.345337489	3.5553615202	38	73	0.22253550543	0.873015873016	38	252
1908	train	LG+F+G4	LG	True	False	True	1.2592		-6066.6654	12191.3307	12313.4963	6.3373468413	0.7041496490333333	0.5973305959	2.5796749792	1.0283008507	6	9	0.0250501002004	0.23246492986	6	499
191	train	LG+G4	LG	True	False	False	0.8088		-5006.879	10093.7579	10231.6274	5.7937041833	0.14855651752051283	0.1226922146	1.7267885155	0.3936244525	21	39	0.0176518883415	0.616379310345	21	232
1911	train	WAG	WAG	False	False	False			-716.2577	1442.5154	1456.9672	0.4629626266	0.09259252532	0.0799295741	0.1584945034	0.14729858775	4	5	0.00375939849624	0.0375939849624	4	133
1912	train	LG+G4	LG	True	False	False	2.2443		-2450.6469	4945.2939	5009.2099	9.2062314081	0.43839197181428574	0.2928070498	3.5355171621	2.3274113806	12	21	0.198148148148	0.644444444444	12	135
1914	train	LG+G4	LG	True	False	False	1.5746		-4289.7684	8647.5367	8741.74	23.9773628059	0.7265867516939394	0.4842122526	5.5250537857	1.75221678015	18	33	0.0645009416196	0.881355932203	18	118
1918	train	cpREV+G4	cpREV	True	False	False	0.6801		-2729.1953	5470.3906	5494.689	1.3509008398	0.27018016796	0.2418782796	0.6629326947	0.4959221781	4	5	0.00353773584906	0.0919811320755	4	424
1919	train	rtREV+G4	rtREV	True	False	False	0.5965		-1004.26	2020.5199	2039.3347	0.9720007272000001	0.19440014544	0.134437616	0.51917272	0.28436250885000003	4	5	0.0132352941176	0.0470588235294	4	170
192	train	LG+G4	LG	True	False	False	0.7542		-2944.0945	6004.189	6123.6947	31.961627731300002	0.5607303110754386	0.309734378	6.2078223256000005	2.0336049407499996	30	57	0.0	0.896551724138	30	58
1924	train	WAG	WAG	False	False	False			-1207.2253	2432.4507	2456.9972	3.3963556863	0.37737285403333337	0.4308775375	1.5719747012000003	1.17651226665	6	9	0.157817109145	0.247787610619	6	113
1925	train	JTT+G4	JTT	True	False	False	1.2096		-680.6794	1385.3587	1410.0841	4.799019743	0.43627452209090906	0.202300967	2.9315714525	0.48021194479999996	7	11	0.0985221674877	0.362068965517	7	58
1926	train	LG+F+G4	LG	True	False	True	2.6495		-2916.3696	5926.7392	6051.9209	15.9285000039	0.5899444445888888	0.3785372385	4.4302460237	3.0804454678999997	15	27	0.0679245283019	0.896226415094	15	106
1930	train	LG+G4	LG	True	False	False	1.3672		-7116.3256	14260.6512	14318.4884	8.8520994014	0.6809307231846154	0.4915176856	3.0665751834	2.2155574051	8	13	0.0978260869565	0.519565217391	8	460
1932	train	JTT+G4	JTT	True	False	False	1.0504		-1612.7675	3257.535	3302.2677	4.8021776981999995	0.32014517987999996	0.2442918923	2.6398536989	2.2628548672999997	9	15	0.0863177226814	0.586776859504	9	121
1933	train	JTT	JTT	False	False	False			-1234.197	2482.3939	2501.9645	3.0767689434	0.4395384204857143	0.5325050524	1.4003318525	0.8552773077	5	7	0.0446280991736	0.404958677686	5	121
1936	train	JTT+F+G4	JTT	True	False	True	0.679		-1689.6999	3429.3999	3525.2701	1.4289893553000002	0.28579787106000004	0.2793428801	0.8474438216	0.57482201395	4	5	0.119152046784	0.0906432748538	4	342
1938	train	LG+G4	LG	True	False	False	0.9489		-8716.863	17481.7259	17580.6658	11.193737479900001	0.4866842382565218	0.2036846784	4.4996217089	1.2933766882	13	23	0.132928475034	0.622807017544	13	456
194	train	LG+G4	LG	True	False	False	1.1025		-29517.4437	59346.8874	59919.3888	53.0293692877	0.34212496314645163	0.2641012375	3.2301905819	1.4966096884	79	155	0.201265822785	0.786206896552	79	290
1941	train	VT+F	VT	False	False	True			-515.3311	1078.6621	1135.8307	1.4496692215	0.2899338443	0.3208856095	0.5452513865	0.438840457	4	5	0.05	0.0625	4	80
1947	train	LG+G4	LG	True	False	False	1.1214		-2376.889	4789.778	4844.2078	6.0858122886	0.3579889581529412	0.2614869363	1.9596517812999998	1.8264158293000001	10	17	0.0223684210526	0.730263157895	10	152
1948	train	LG+F+G4	LG	True	False	True	1.6061		-5448.2854	10974.5707	11118.2303	7.8039673128	0.4107351217263158	0.2619611016	2.3727788286	1.5567015145999998	11	19	0.02195423624	0.789115646259	11	294
1949	train	LG+G4	LG	True	False	False	1.359		-3385.6408	6791.2816	6827.4129	5.2447739171	0.5827526574555555	0.5931895932	2.2858923758	1.1181550513	6	9	0.0279805352798	0.321167883212	6	274
195	train	LG+G4	LG	True	False	False	0.9214		-10345.8646	20771.7292	20932.1799	8.9178922149	0.22866390294615385	0.1470709413	3.1060523209	1.1613095963999998	21	39	0.0535714285714	0.705882352941	21	408
1950	train	LG	LG	False	False	False			-747.471	1504.9419	1518.2591	1.229836322	0.2459672644	0.1901399837	0.5296906585	0.26087539945	4	5	0.0188679245283	0.0283018867925	4	106
1956	train	WAG+F+G4	WAG	True	False	True	0.3495		-1486.3216	3022.6433	3111.8519	2.4605907767	0.49211815534000003	0.2232027668	1.6805743976	0.3988069495	4	5	0.129770992366	0.0190839694656	4	262
1965	train	LG+F+G4	LG	True	False	True	1.5379		-8404.5951	16931.1902	17147.446	20.9467064635	0.510895279597561	0.3011455726	2.3995942920999997	1.8631822827	22	41	0.232599431818	0.70703125	22	256
1968	train	LG+G4	LG	True	False	False	0.9134		-1548.3366	3108.6732	3128.6112	8.0192815599	1.60385631198	0.3103531171	6.9490117866	0.69031012055	4	5	0.0414634146341	0.0536585365854	4	205
1970	train	WAG+G4	WAG	True	False	False	0.9547		-2440.8618	4893.7236	4917.3171	1.0855616968	0.21711233936	0.2232720255	0.3565057173	0.31800482565	4	5	0.0484084880637	0.026525198939	4	377
1973	train	WAG+G4	WAG	True	False	False	1.553		-3785.6366	7599.2732	7647.6477	8.4427018414	0.6494386031846153	0.5310053317	2.0616797081	1.59921372115	8	13	0.090811965812	0.504273504274	8	234
1975	train	cpREV	cpREV	False	False	False			-1206.3449	2426.6898	2446.9747	2.5665790594	0.3666541513428571	0.337696978	0.745218575	0.6044227352	5	7	0.132835820896	0.179104477612	5	134
1976	train	LG+G4	LG	True	False	False	0.8175		-4295.6963	8623.3925	8681.6631	7.5102803743	0.5006853582866666	0.5190676357	1.8697600585	1.3676182503	9	15	0.113475177305	0.5	9	282
1979	train	JTT+G4	JTT	True	False	False	0.794		-1381.2478	2774.4956	2794.6633	1.3038620161	0.26077240322	0.2467239859	0.8254714946999999	0.43691038499999996	4	5	0.0258215962441	0.12676056338	4	213
1982	train	LG+F+G4	LG	True	False	True	1.3661		-6202.198	12478.396	12617.2412	11.6161448207	0.6833026365117647	0.4194405617	2.9557032003	1.5775642141000001	10	17	0.0422222222222	0.68253968254	10	315
1983	train	LG+F+G4	LG	True	False	True	1.357		-5195.409	10460.818	10596.0451	5.2512550519	0.3500836701266667	0.3135059316	1.1669976715	0.872997802	9	15	0.0328282828283	0.522727272727	9	352
1984	train	LG+F+G4	LG	True	False	True	1.0958		-5107.818	10309.636	10451.1359	37.09573658	1.3739161696296296	0.9575651162	7.2583286684	3.0667636366	15	27	0.0368888888889	0.913333333333	15	150
1985	train	LG+G4	LG	True	False	False	1.083		-2154.5676	4325.1353	4353.7731	2.1845686857	0.31208124081428573	0.1424850343	1.2648022706999997	0.4350077248	5	7	0.0384905660377	0.309433962264	5	265
1986	train	WAG	WAG	False	False	False			-7315.7094	14645.4189	14677.1554	3.1582647259	0.45118067512857146	0.4655067643	1.1998717186999999	0.8831475319000001	5	7	0.0863372093023	0.158430232558	5	688
1987	train	LG+G4	LG	True	False	False	1.048		-26987.4217	54082.8435	54337.3431	40.4298042231	0.7628264947754717	0.438495118	11.7434054115	4.9209318558	28	53	0.419848984551	0.624544349939	28	823
199	train	LG+G4	LG	True	False	False	1.1813		-2506.0782	5096.1565	5197.2387	11.080522908	0.2702566562926829	0.1715629613	3.2465950454	1.477951421	22	41	0.0288248337029	0.865853658537	22	82
1990	train	LG+G4	LG	True	False	False	1.3467		-8079.3081	16190.6163	16257.094	9.0885316275	0.6059021085	0.433558475	3.7237346130999995	3.0884068475	9	15	0.0844538806322	0.571125265393	9	471
1992	train	LG+F+G4	LG	True	False	True	1.5859		-22653.1495	45412.2989	45662.662	24.7559471734	0.7501802173757576	0.7133127055	5.516767595499999	4.6623919543	18	33	0.339142628205	0.638221153846	18	832
1993	train	LG+G4	LG	True	False	False	0.7135		-1318.6434	2657.2867	2684.5606	8.5165998399	0.9462888710999999	0.9693078429	3.5753856070000003	1.4486936472499998	6	9	0.129793510324	0.203539823009	6	113
1995	train	LG+F	LG	False	False	True			-14258.1365	28612.2731	28812.5147	17.5185044306	0.6040863596758621	0.3114789302	4.0248267324	2.1743104568	16	29	0.0922494780793	0.906054279749	16	479
1996	train	LG+G4	LG	True	False	False	1.0485		-3944.7833	8009.5666	8152.4882	22.475312746700002	0.38093750418135597	0.2645967097	6.121020242099999	1.9329072218	31	59	0.10685483871	0.8625	31	80
1999	train	LG+G4	LG	True	False	False	1.2704		-4711.3991	9446.7981	9493.2973	6.9790150354	0.6344559123090909	0.5035136554	1.954040214	1.6119380393	7	11	0.102327447833	0.393258426966	7	356
20	train	JTT+G4	JTT	True	False	False	0.9919		-4884.887	9933.774	10154.4645	33.0078179803	0.407503925682716	0.2506237295	6.108214995399999	3.5854810629000005	42	81	0.303844473569	0.724770642202	42	109
2001	train	WAG+G4	WAG	True	False	False	1.1592		-2004.8676	4065.7353	4136.9475	12.6269878811	0.4676662178185185	0.1662302782	4.7498519605	2.0822940291	15	27	0.168794326241	0.63829787234	15	94
2002	train	LG+F+G4	LG	True	False	True	1.1644		-8896.2025	17902.405	18127.9225	26.9343720069	0.7695534859114286	0.6086329249	5.8969984678	3.9806173362000004	19	35	0.522303516639	0.446188340807	19	446
2005	train	LG+G4	LG	True	False	False	1.5227		-2213.2114	4450.4228	4489.5751	4.235709785	0.3850645259090909	0.2412566644	2.469013136	1.1131140437	7	11	0.0288675055514	0.616580310881	7	193
2007	train	WAG+G4	WAG	True	False	False	1.4743		-2872.5637	5821.1273	5916.9553	30.1802861754	0.8156834101459459	0.2396045704	8.4291332425	2.5690885979500004	20	37	0.192391304348	0.70652173913	20	92
2008	train	LG+G4	LG	True	False	False	0.8105		-873.01	1786.02	1824.2605	11.9710649687	0.6300560509842106	0.2350332573	6.95001031	1.0775275024	11	19	0.0109090909091	0.74	11	50
2009	train	VT	VT	False	False	False			-1261.0216	2560.0432	2599.8357	7.8941983174	0.41548412196842105	0.2987070687	3.4892161628	1.3005417103	11	19	0.110606060606	0.833333333333	11	60
201	train	LG+G4	LG	True	False	False	2.2315		-7639.2194	15366.4388	15508.6075	26.0230653436	0.6051875661302325	0.5159468997	3.6538871324	1.8421881575999999	23	43	0.173215531272	0.839572192513	23	187
2011	train	LG+G4	LG	True	False	False	1.8803		-4202.4548	8472.9096	8567.1129	19.0024701775	0.5758324296212122	0.431988865	3.7642142951000004	2.2395865774500003	18	33	0.0499058380414	0.906779661017	18	118
2012	train	LG+G4	LG	True	False	False	1.2557		-5903.8185	11843.637	11909.8186	13.151741489299999	0.7736318523117647	0.6795365112	3.3317822777	1.83544329225	10	17	0.0794520547945	0.715753424658	10	292
2015	train	LG+G4	LG	True	False	False	1.6415		-5202.6297	10433.2594	10487.6259	7.832709514	0.6025161164615385	0.4056631332	3.309956431	2.28011970985	8	13	0.128133704735	0.529247910864	8	359
2019	train	WAG+F+G4	WAG	True	False	True	1.1009		-2562.6978	5183.3956	5280.4618	6.8679984349	0.7631109372111111	0.7746460259	3.3492088391	2.88867125795	6	9	0.0579365079365	0.27619047619	6	210
202	train	LG+G4	LG	True	False	False	1.0557		-10350.1848	20772.3695	20910.7371	18.5517367132	0.5300496203771429	0.3338873153	5.868811324499999	3.8711303749000003	19	35	0.0980930587338	0.814492753623	19	345
2022	train	LG+F+G4	LG	True	False	True	0.6029		-21538.1962	43410.3925	44172.7917	114.5653952979	0.7793564305979591	0.4896891373	9.2007757031	5.1605909956	75	147	0.743643192488	0.288732394366	75	710
2025	train	LG+G4	LG	True	False	False	1.0776		-5580.4822	11212.9643	11309.1758	8.4274155286	0.33709662114399996	0.2859640852	2.6958709775	1.7780974372	14	25	0.212135690397	0.555183946488	14	299
2027	train	LG+F+G4	LG	True	False	True	1.4905		-16119.2883	32508.5765	32963.6126	62.4429177149	0.5429818931730435	0.343634505	7.8666716458999995	4.5474145512	59	115	0.354749704375	0.758139534884	59	215
2028	train	LG+G4	LG	True	False	False	1.3643		-13997.4894	28078.9788	28247.2457	28.5750141408	0.6969515644097561	0.416969769	7.8088661548000005	3.60878797775	22	41	0.251119570085	0.726600985222	22	406
2029	train	LG+G4	LG	True	False	False	2.7714		-1145.488	2318.9759	2352.67	5.1113320848	0.3931793911384615	0.2879908007	1.4527737017	0.9305911839999998	8	13	0.0137195121951	0.536585365854	8	82
2030	train	JTT+G4	JTT	True	False	False	0.9725		-762.6839	1565.3678	1601.5011	7.393848652	0.38914992905263157	0.2020004296	2.7821504231	1.7162385339000001	11	19	0.0888888888889	0.622222222222	11	45
2032	train	LG+G4	LG	True	False	False	0.663		-1507.7806	3067.5613	3122.0143	16.727527207	0.66910108828	0.8485842618	3.6526884664	1.9280600571	14	25	0.0809523809524	0.716666666667	14	60
2033	train	WAG	WAG	False	False	False			-1821.8404	3657.6808	3680.1089	2.6799701268	0.38285287525714284	0.509063312	1.2766883833	0.6384452400999999	5	7	0.0813186813187	0.186813186813	5	182
2035	train	LG+G4	LG	True	False	False	1.1545		-2920.5805	5901.161	5976.8147	31.07659202	1.0716066213793103	0.7023760343	13.923735989300003	11.637147235650001	16	29	0.127038043478	0.836956521739	16	92
2036	train	JTT+G4	JTT	True	False	False	14.063		-382.6847	789.3695	804.9195	4.977774420699999	0.45252494733636356	0.408811428	2.1896564224	1.2221819888	7	11	0.00529100529101	0.555555555556	7	27
2039	train	JTT+G4	JTT	True	False	False	0.8376		-1625.3787	3358.7574	3456.3172	12.9722698937	0.24475980931509433	0.1669234211	4.7332454667	2.86741695475	28	53	0.0	0.844444444444	28	45
204	train	LG+G4	LG	True	False	False	0.948		-34634.6545	69773.309	70730.6803	48.0031831012	0.19124774143904383	0.1413649295	5.0934775941999995	2.2391252632	127	251	0.269315199236	0.815151515152	127	330
2041	train	LG+G4	LG	True	False	False	2.3391		-2580.1812	5216.3623	5286.0441	21.6777153896	0.802878347762963	0.5602433415	8.1574112375	5.2733329344	15	27	0.140823970037	0.820224719101	15	89
2046	train	LG	LG	False	False	False			-5361.3388	10756.6776	10822.2139	10.880419176	0.6400246574117647	0.5069430821	2.004127671	1.73578836575	10	17	0.347564469914	0.484240687679	10	349
2047	train	LG+G4	LG	True	False	False	0.9985		-3165.7333	6347.4667	6376.9353	8.3526887108	1.1932412444	0.8012302574	3.1487689514	1.4767160254	5	7	0.112925170068	0.078231292517	5	294
2048	train	LG	LG	False	False	False			-773.1839	1556.3679	1568.278	5.6055860872	1.12111721744	0.838534207	2.7540228606	1.3416302888	4	5	0.021875	0.025	4	80
2049	train	LG+G4	LG	True	False	False	1.3172		-2378.5407	4773.0815	4799.6656	10.338889698400001	1.4769842426285715	1.3439083433	3.4422155479	2.2938625305	5	7	0.11512195122	0.0878048780488	5	205
205	train	LG+F+G4	LG	True	False	True	0.9842		-13235.0928	26564.1857	26774.0213	10.9070722584	0.4039656392	0.2060967351	2.8631439658	1.1652556808	15	27	0.1502596054	0.6246105919	15	642
2050	train	LG+G4	LG	True	False	False	1.0043		-7783.7116	15767.4233	16058.6888	44.7536117934	0.45205668478181815	0.2381826576	6.1980895523	2.5998469103	51	99	0.333333333333	0.691176470588	51	136
2051	train	LG+G4	LG	True	False	False	1.6269		-1712.6031	3465.2063	3512.3405	14.1998167428	0.7473587759368421	0.7384828078	4.9420918207	3.6197626421000004	11	19	0.0780885780886	0.74358974359	11	78
2052	train	LG	LG	False	False	False			-1017.5657	2081.1313	2119.3932	10.7872027234	0.4690088140608696	0.4356578842	4.5461604950000005	2.3307353152	13	23	0.0197238658777	0.948717948718	13	39
2053	train	LG+G4	LG	True	False	False	1.7802		-3107.5881	6279.1763	6360.5617	17.8526284128	0.5758912391225807	0.419854605	4.4231231997	1.9810941194000002	17	31	0.09887359199	0.829787234043	17	94
2054	train	JTT+G4	JTT	True	False	False	0.4795		-366.7452	753.4905	768.7541	3.5481929612	0.3942436623555555	0.3631326721	2.1844412674	0.8185489575	6	9	0.0	0.0882352941176	6	34
2055	train	LG	LG	False	False	False			-704.7683	1419.5367	1433.0843	0.8767300229	0.17534600458	0.1892637442	0.3965192351	0.27182614795	4	5	0.0045045045045	0.0990990990991	4	111
2057	train	WAG+F	WAG	False	False	True			-3106.5991	6285.1982	6391.3536	12.8372140134	0.755130236082353	0.4751699629	3.9953123357999996	1.8577683929	10	17	0.0695035460993	0.751773049645	10	141
206	train	LG+G4	LG	True	False	False	1.7717		-21607.7753	43591.5507	44215.3572	56.0836736647	0.29991269339411764	0.1950716288	7.655640292999999	2.7559923741999994	95	187	0.299845201238	0.759803921569	95	204
2060	train	LG+G4	LG	True	False	False	1.2925		-3126.6679	6341.3359	6441.5092	21.2630923714	0.49449052026511625	0.4351345244	5.2971982778	3.1827401724	23	43	0.0386473429952	0.916666666667	23	72
2061	train	WAG+G4	WAG	True	False	False	1.2729		-1806.9638	3657.9275	3711.9232	13.0336848714	0.6206516605428571	0.3981296548	6.737232538300001	4.06969502585	12	21	0.168604651163	0.627906976744	12	86
2064	train	LG+F+G4	LG	True	False	True	1.538		-59316.2787	119674.5574	121555.0922	222.7844074595	0.444679456006986	0.2896334198	6.6705621996	2.8583147525	252	501	0.520538984825	0.692307692308	252	273
2068	train	LG+G4	LG	True	False	False	1.3173		-6340.6113	12865.2225	13118.5528	28.9793720987	0.31845463844725275	0.2137254389	5.7373848302	3.0089072575000007	47	91	0.192956713133	0.844827586207	47	116
2069	train	LG	LG	False	False	False			-492.0173	998.0346	1011.9575	2.0493852669	0.29276932384285714	0.2128871989	0.8508017146	0.5213536498	5	7	0.00740740740741	0.12962962963	5	54
2071	train	WAG+G4	WAG	True	False	False	1.4254		-724.7701	1517.5402	1572.3114	4.029485208	0.12210561236363636	0.0908389191	1.0236651972	0.35922556655	18	33	0.0	0.756756756757	18	37
2073	train	WAG+G4	WAG	True	False	False	3.7956		-8637.8136	17407.6272	17614.977	27.1615620244	0.4178701849907692	0.3512889592	5.143799168599999	3.32838066615	34	65	0.245786033712	0.830409356725	34	171
2074	train	LG+G4	LG	True	False	False	2.8214		-19139.7752	38519.5503	38918.3115	76.1880983047	0.640236120207563	0.3038545902	16.2326193716	5.4384762601	61	119	0.189284286285	0.89756097561	61	205
2075	train	LG+G4	LG	True	False	False	1.7014		-9022.479	18144.9581	18312.0748	27.220250511699998	0.5555153165653061	0.3581081879	3.8403850529	1.4935154927499998	26	49	0.121825542878	0.909090909091	26	209
2080	train	LG+G4	LG	True	False	False	0.9327		-1189.0948	2398.1896	2423.5155	6.2488735579	0.6943192842111111	0.5807029288	2.4997882084	1.6242513627	6	9	0.0286738351254	0.204301075269	6	93
2081	train	LG+G4	LG	True	False	False	1.5754		-6150.2497	12352.4994	12443.319	14.897805460199999	0.5959122184079999	0.4444977462	3.9803603586	1.8012729246999999	14	25	0.115814226925	0.761316872428	14	243
2082	train	LG+G4	LG	True	False	False	1.1925		-5950.1854	11928.3708	11983.1977	8.2305513399	0.6331193338384615	0.464229057	3.3399248303999998	1.5189282450000001	8	13	0.0320080862534	0.471698113208	8	371
2083	train	LG+G4	LG	True	False	False	0.7368		-7473.1049	14982.2098	15058.7094	5.680207140599999	0.33412983179999994	0.2472888869	1.346548326	0.7185054644	10	17	0.0980694980695	0.486486486486	10	518
2084	train	LG+G4	LG	True	False	False	1.4229		-1843.7855	3771.571	3861.5826	18.0298217018	0.4397517488243902	0.3606594567	4.760798595600001	2.0940268505	22	41	0.202741702742	0.761904761905	22	63
2085	train	LG+G4	LG	True	False	False	2.9343		-1510.9931	3057.9862	3103.1817	6.1882161089	0.3640127122882353	0.2009072963	3.8966519807999997	2.3043243267999998	10	17	0.0450549450549	0.681318681319	10	91
2086	train	LG+G4	LG	True	False	False	1.1299		-4652.6954	9505.3907	9722.8294	35.8984478068	0.3626105839070707	0.2954967538	5.8225441333	3.4308923105000004	51	99	0.26455505279	0.769230769231	51	65
2087	train	LG+G4	LG	True	False	False	0.5207		-675.5421	1371.0842	1394.3915	3.425602392	0.380622488	0.2124831592	2.4832720851	1.1150505067	6	9	0.00438596491228	0.460526315789	6	76
2088	train	WAG	WAG	False	False	False			-5335.9492	10697.8984	10750.2347	4.1478285469	0.31906373437692304	0.1823457788	2.1020026995	1.82549592855	8	13	0.082729468599	0.710144927536	8	414
2089	train	LG+G4	LG	True	False	False	0.7703		-2323.0517	4670.1033	4712.3128	2.3412425805	0.2128402345909091	0.1582753907	0.8592914048	0.4253252865	7	11	0.00860585197935	0.325301204819	7	249
209	train	LG+G4	LG	True	False	False	1.2517		-6614.6428	13305.2856	13426.618	16.0923047536	0.4349271555027027	0.3470601499	2.7650117329999997	1.7628186309	20	37	0.0441666666667	0.872222222222	20	180
2090	train	WAG+G4	WAG	True	False	False	0.5361		-1779.3745	3578.7489	3614.1616	1.0165011215	0.11294456905555555	0.1162219283	0.3448793872	0.2033384372	6	9	0.00196078431373	0.141176470588	6	255
2092	train	LG+G4	LG	True	False	False	0.8767		-3245.8969	6519.7939	6567.866	10.6426441919	0.8186649378384616	0.641423272	3.7158023462	1.868510165	8	13	0.173580786026	0.454148471616	8	229
2094	train	LG+G4	LG	True	False	False	1.7802		-4887.4266	9810.8533	9881.8237	5.7359314696	0.3374077335058823	0.0975260177	3.5592311547	0.9992031006	10	17	0.0230971128609	0.834645669291	10	381
2095	train	LG+G4	LG	True	False	False	3.3185		-2647.0966	5334.1933	5398.7082	6.4496002101	0.3394526426368421	0.1565715152	3.4750590864	0.8504019952999999	11	19	0.0386119257087	0.795698924731	11	186
2096	train	WAG+G4	WAG	True	False	False	0.8568		-2012.2622	4040.5244	4069.7723	1.1334148085	0.16191640121428572	0.1014364584	0.4397233901	0.19195204500000002	5	7	0.0202797202797	0.104895104895	5	286
2099	train	LG+G4	LG	True	False	False	1.0892		-1124.0371	2260.0743	2278.1381	1.898661357	0.3797322714	0.315427686	1.0605464585	0.5455009833	4	5	0.00166666666667	0.08	4	150
210	train	JTT	JTT	False	False	False			-605.0485	1244.097	1273.6374	3.6613052689	0.21537089817058824	0.1836460766	1.6027591469	0.8172894616499999	10	17	0.047619047619	0.833333333333	10	42
2102	train	LG+G4	LG	True	False	False	1.3331		-1680.4497	3396.8995	3443.2443	6.2095718975	0.3652689351470588	0.2917843643	2.046581466	1.3241055390499998	10	17	0.00927835051546	0.60824742268	10	97
2103	train	WAG+G4	WAG	True	False	False	1.1808		-998.6232	2033.2464	2071.5348	4.8940386038	0.2878846237529412	0.2067925124	2.1880473312	1.6753443243	10	17	0.0387096774194	0.596774193548	10	62
2104	train	LG+G4	LG	True	False	False	0.5467		-873.1655	1766.3311	1790.6393	4.0688362893	0.4520929210333333	0.3505541537	2.0218326338	0.9732083425	6	9	0.0238095238095	0.214285714286	6	84
2107	train	rtREV+G4	rtREV	True	False	False	1.2702		-816.1681	1684.3361	1723.2453	9.0063396406	0.360253585624	0.2758554355	2.011718065	0.9845210939	14	25	0.0	0.636363636364	14	33
2108	train	LG+G4	LG	True	False	False	1.0779		-1667.4079	3362.8157	3401.7234	4.6354225474	0.3565709651846154	0.2810869025	1.4389945750000002	0.72741358645	8	13	0.0241596638655	0.428571428571	8	119
211	train	LG+G4	LG	True	False	False	1.0042		-32399.2979	65162.5959	65889.9502	65.2227921168	0.36034691777237565	0.270433913	6.1185539657	3.9091473363500002	92	181	0.443813540991	0.666666666667	92	402
2111	train	LG+F+G4	LG	True	False	True	1.1675		-5235.8341	10529.6681	10651.3059	7.532702633	0.8369669592222223	0.4313827788	3.463462567	1.4310347133499999	6	9	0.165306122449	0.244897959184	6	490
2112	train	WAG+G4	WAG	True	False	False	1.3538		-5336.0976	10712.1953	10787.2467	7.4797295042	0.39366997390526315	0.2627147301	2.6456947287	0.6153114924	11	19	0.163059163059	0.542857142857	11	315
2113	train	WAG	WAG	False	False	False			-2400.1187	4814.2374	4838.8596	2.5806991658	0.3686713094	0.3705983098	0.9409580184999999	0.726644289	5	7	0.029718875502	0.33734939759	5	249
2114	train	LG	LG	False	False	False			-392.0843	794.1685	803.6276	1.5787708929	0.31575417858	0.3438562732	0.5542332113999999	0.48431904335	4	5	0.0102040816327	0.102040816327	4	49
2115	train	LG+G4	LG	True	False	False	2.526		-1280.9433	2585.8866	2616.2778	5.0795297806	0.4617754346	0.5053746367	2.2512091246	1.3382947616	7	11	0.0168970814132	0.591397849462	7	93
2116	train	LG	LG	False	False	False			-2614.7287	5239.4573	5258.2202	3.5064780465	0.7012956093	0.5658101143	1.7117081485	1.20962765685	4	5	0.153174603175	0.0539682539683	4	315
2117	train	LG+G4	LG	True	False	False	1.9236		-1682.6855	3393.3711	3430.6592	7.7551610882	0.5965508529384616	0.3222922115	2.817912513	1.10342913625	8	13	0.0141509433962	0.660377358491	8	106
212	train	LG+G4	LG	True	False	False	1.1875		-12068.4591	24460.9182	24892.3953	59.1730257455	0.3675343214006211	0.2234613627	6.379424476800001	4.2121803800999995	82	161	0.145421076852	0.896226415094	82	106
2120	train	LG+G4	LG	True	False	False	1.0158		-22141.7019	44407.4039	44662.8623	42.2675227074	0.6929102083180327	0.5196381112	4.5222522147	3.3889427924	32	61	0.249656593407	0.868131868132	32	455
2121	train	LG+G4	LG	True	False	False	1.0353		-5528.1755	11084.3509	11139.14	11.357523176299999	0.8736556289461538	0.723329951	3.2594855452000004	2.63378328905	8	13	0.191891891892	0.402702702703	8	370
2122	train	WAG+G4	WAG	True	False	False	1.2341		-5339.4039	10714.8078	10784.5059	5.1492153939	0.3028950231705882	0.2038871957	2.1679761851	0.6088784723	10	17	0.111830985915	0.574647887324	10	355
2123	train	LG+G4	LG	True	False	False	1.1434		-14879.6593	29867.3186	30082.587	20.54697017	0.3876786824528302	0.3167587717	4.0091252497	1.6429458929999996	28	53	0.203338119167	0.766331658291	28	398
2124	train	WAG	WAG	False	False	False			-3148.1873	6310.3747	6336.1835	3.6426572573000002	0.5203796081857143	0.3814932365	1.3524568409	1.0157863894	5	7	0.0949152542373	0.172881355932	5	295
2126	train	LG	LG	False	False	False			-3936.8987	7915.7975	7981.6493	11.4397091931	0.5447480568142857	0.6020759288	2.5475494490000004	1.78349149225	12	21	0.175490196078	0.705882352941	12	170
2127	train	WAG+G4	WAG	True	False	False	0.9601		-1786.9572	3589.9145	3615.5465	4.0576164105	0.5796594872142856	0.3715364414	1.581245429	0.9448483659	5	7	0.0714285714286	0.10989010989	5	182
213	train	LG+G4	LG	True	False	False	0.9711		-2803.635	5627.2699	5663.4376	3.5450764307	0.3938973811888889	0.1861288957	1.5659958348	1.3956410142	6	9	0.0363636363636	0.236363636364	6	275
2133	train	LG+G4	LG	True	False	False	1.0519		-3470.9257	6961.8514	6999.5969	3.8358003213	0.4262000357	0.3221203182	1.448274334	0.6499941069499999	6	9	0.0238095238095	0.245341614907	6	322
2134	train	LG	LG	False	False	False			-758.8067	1527.6134	1540.2764	1.7406971115	0.3481394223	0.3731910052	0.7791133818	0.5189649012	4	5	0.0268817204301	0.182795698925	4	93
2135	train	rtREV	rtREV	False	False	False			-1454.6536	2923.3072	2943.5921	3.6931959546	0.5275994220857143	0.354193684	1.3524315215	0.8681783989	5	7	0.034328358209	0.201492537313	5	134
2136	train	LG+G4	LG	True	False	False	1.065		-1400.9085	2833.817	2873.0865	9.9710506063	0.6647367070866667	0.2022379819	3.9482695981	1.2993913001	9	15	0.0322997416021	0.662790697674	9	86
2137	train	LG+F+G4	LG	True	False	True	1.0278		-1587.1813	3228.3626	3317.4172	3.4678724464	0.4954103494857143	0.3499944444	1.8081345674	1.1221373997000001	5	7	0.132	0.16	5	200
2139	train	JTT	JTT	False	False	False			-1158.137	2342.2741	2370.9351	7.6045995468	0.5849691959076924	0.4562966445	2.3376055410000003	1.6710672568000002	8	13	0.0149253731343	0.716417910448	8	67
214	train	LG+G4	LG	True	False	False	0.7807		-8213.3455	16502.691	16641.0835	14.1341772424	0.3820047903351351	0.2648232435	1.8756175729	1.6014637444	20	37	0.0978723404255	0.709219858156	20	282
2143	train	LG+G4	LG	True	False	False	0.8461		-1084.8524	2185.7048	2208.7672	1.9668979633	0.28098542332857146	0.2941350227	0.9893672075	0.6622867886	5	7	0.019696969697	0.166666666667	5	132
2144	train	rtREV+F+G4	rtREV	True	False	True	2.4822		-9836.336	19794.6719	20015.9568	29.8575883666	0.7282338626	0.4906100723	7.1736684812	2.6389885647000004	22	41	0.281066056246	0.73381294964	22	278
2148	train	rtREV+F	rtREV	False	False	True			-7366.0834	14792.1669	14925.1551	5.2228277741	0.4748025249181818	0.3392050098	3.1762990052999998	2.5983311933	7	11	0.197749196141	0.480707395498	7	622
2150	train	cpREV+G4	cpREV	True	False	False	1.0251		-2837.8482	5715.6963	5775.909	12.3453239254	0.6497538908105264	0.4415159041	3.9345356506	3.128471532	11	19	0.118181818182	0.626666666667	11	150
2151	train	JTT+G4	JTT	True	False	False	0.7144		-3932.1235	7904.247	7976.8713	7.3744537972	0.38812914722105263	0.4219300528	2.0088678555	1.3654456954	11	19	0.256109481916	0.455197132616	11	279
2152	train	LG+G4	LG	True	False	False	1.1661		-14485.6966	29223.3932	29630.5129	67.2817080778	0.5382536646224	0.3537621665	6.6088945648	2.62597908555	64	125	0.344000668449	0.748663101604	64	187
2155	train	cpREV	cpREV	False	False	False			-960.5246	1931.0492	1945.0282	2.8785932612	0.57571865224	0.4541851429	1.7106630755	0.5839636552	4	5	0.0433884297521	0.0661157024793	4	121
2156	train	WAG+G4	WAG	True	False	False	0.6818		-701.615	1415.23	1430.5532	1.6863310594	0.33726621188	0.2584562278	0.7227052564	0.482832343	4	5	0.0263157894737	0.0421052631579	4	95
2157	train	LG+G4	LG	True	False	False	0.9458		-1461.0033	2934.0066	2952.42	7.5542925445	1.5108585089	1.5733169161	2.4462261096	2.01115808515	4	5	0.0801886792453	0.0314465408805	4	159
2162	train	LG+F+G4	LG	True	False	True	2.5341		-28549.4484	57440.8969	58020.4281	85.9906947337	0.5694747995609272	0.3435363757	4.4800438785	2.3902642193999997	77	151	0.147541955761	0.931506849315	77	219
217	train	LG+G4	LG	True	False	False	1.0675		-7944.9349	15925.8697	16002.3345	6.6235835202999995	0.38962256001764706	0.209428311	3.3563318671999998	1.3364013232	10	17	0.0497098646035	0.646034816248	10	517
2171	train	LG+F	LG	False	False	True			-9568.0243	19260.0485	19477.8811	14.6289014908	0.3402070114139535	0.2405971206	3.3940325552	2.8513998394	23	43	0.0713534361851	0.959677419355	23	248
2176	train	rtREV	rtREV	False	False	False			-1037.339	2088.6779	2106.4061	3.5771953372	0.5110279053142858	0.3961088912	1.7231946456	0.8110981160999999	5	7	0.0322580645161	0.279569892473	5	93
2178	train	JTT	JTT	False	False	False			-1799.7563	3609.5126	3626.8105	1.6074977071	0.32149954142000003	0.2131299778	1.0154285389	0.6387401848	4	5	0.0191489361702	0.217021276596	4	235
2179	train	JTT+G4	JTT	True	False	False	0.9661		-1426.973	2877.946	2912.8093	2.3238875436	0.21126250396363638	0.1734899416	0.7340161973	0.48212380229999996	7	11	0.010582010582	0.325925925926	7	135
2181	train	WAG+G4	WAG	True	False	False	1.632		-3982.5928	8025.1856	8119.0825	12.2097981786	0.4210275234	0.2884998985	3.4363792707000003	1.6487200808	16	29	0.235576923077	0.621301775148	16	169
2182	train	JTT+G4	JTT	True	False	False	1.5467		-1535.1349	3146.2699	3223.2332	6.8432358559	0.18495232042972973	0.1311019262	1.3699632219	0.5628048429999999	20	37	0.000892857142857	0.642857142857	20	56
2183	train	LG+G4	LG	True	False	False	1.3133		-993.2155	2002.431	2022.9458	4.9385595957	0.7055085136714286	0.5348774893	1.5732600681000002	1.3809413433	5	7	0.0604166666667	0.1875	5	96
2184	train	LG+G4	LG	True	False	False	0.6693		-8837.0135	17722.027	17821.5903	8.7015151635	0.37832674623913043	0.264766531	2.1434096024000002	0.9219871725	13	23	0.0767587113741	0.589743589744	13	468
2185	train	LG+G4	LG	True	False	False	1.0332		-9946.077	19968.154	20109.6503	32.3537032628	0.8744244125081082	0.6246604186	9.1070594404	4.163791365250001	20	37	0.27614379085	0.66339869281	20	306
2187	train	LG+G4	LG	True	False	False	1.205		-12571.5955	25223.191	25379.7312	16.3418960144	0.4190229747282051	0.3488857499	4.5323416447	2.2243496201	21	39	0.076833976834	0.851351351351	21	370
2189	train	WAG+F	WAG	False	False	True			-2289.9477	4647.8953	4757.0178	3.2004762349	0.21336508232666668	0.1466691088	1.1218398311	0.49559669469999995	9	15	0.0807528840316	0.551912568306	9	183
219	train	LG+G4	LG	True	False	False	0.6499		-6373.3188	12794.6375	12889.6397	6.7133529067	0.2918849089869565	0.186857101	2.2288665108	0.9111609737	13	23	0.0952096998609	0.609819121447	13	387
2190	train	LG+G4	LG	True	False	False	0.963		-6147.5231	12339.0461	12420.8207	9.2960333603	0.4426682552523809	0.2539115511	2.2964718449	1.87026258665	12	21	0.0764802631579	0.648026315789	12	304
2192	train	LG+F+G4	LG	True	False	True	1.3717		-6759.8269	13629.6538	13813.4821	19.8770866468	0.5679167613371429	0.4854587459	5.1718881193	2.1639347091	19	35	0.0904054394359	0.851674641148	19	209
2193	train	LG+G4	LG	True	False	False	1.873		-1044.5258	2141.0516	2188.0248	8.9975369389	0.359901477556	0.2405123849	2.363482478	1.5082028301500001	14	25	0.0206349206349	0.844444444444	14	45
2194	train	LG+G4	LG	True	False	False	1.3595		-10389.678	20871.3559	21039.5315	24.1456636435	0.5365703031888889	0.3175600408	7.047096117499999	3.8346700926999997	24	45	0.189685314685	0.811188811189	24	286
2197	train	WAG+F+G4	WAG	True	False	True	2.6193		-25905.6328	52493.2657	53574.4007	91.9872515057	0.2865646464352025	0.2020815581	5.249562137600001	3.7180444356499995	162	321	0.44212962963	0.681818181818	162	176
2199	train	LG+G4	LG	True	False	False	0.5625		-11680.7693	23393.5386	23470.3413	11.1535638537	0.74357092358	0.1776570548	7.4548115137	0.7649123436999999	9	15	0.089705518436	0.309576837416	9	898
2201	train	LG+F+G4	LG	True	False	True	2.7714		-11476.5796	23083.1592	23322.1482	31.0548383759	0.6901075194644445	0.3509583923	5.7834811686	3.3871456602	24	45	0.171946347032	0.835616438356	24	292
2202	train	LG+G4	LG	True	False	False	0.6865		-3419.3928	6894.7855	6978.3265	14.7202526705	0.5451945433518519	0.4573947842	2.6467799212000003	2.2111343567	15	27	0.148401826484	0.684931506849	15	146
2203	train	WAG+G4	WAG	True	False	False	3.3548		-6425.5435	13031.087	13272.4788	31.102828248599998	0.33443901342580645	0.2047663995	4.9899445195	2.1004192206	48	93	0.24537037037	0.805555555556	48	108
2204	train	WAG+G4	WAG	True	False	False	3.0695		-3974.3085	8028.6171	8139.104	14.5048065238	0.3719181159948718	0.2718991375	1.8498363535	1.2577728688	21	39	0.166056166056	0.811965811966	21	117
2206	train	LG+G4	LG	True	False	False	1.9534		-6985.4646	14090.9292	14257.6766	30.7564350747	0.521295509740678	0.4882007945	3.9670547512	1.8804944684999998	31	59	0.0726484142044	0.924369747899	31	119
2207	train	JTT+G4	JTT	True	False	False	1.4606		-1133.5896	2291.1792	2326.4789	2.7552767982999997	0.2504797089363636	0.0507561044	1.9971048553	0.1590074675	7	11	0.0785714285714	0.0928571428571	7	140
2209	train	LG+G4	LG	True	False	False	1.2401		-6588.8326	13217.6652	13294.478	9.2984351205	0.489391322131579	0.451392054	2.9669790456	1.9372244806	11	19	0.113636363636	0.671511627907	11	344
2210	train	LG+G4	LG	True	False	False	2.3555		-961.2346	1962.4692	2002.6158	7.3466427778	0.38666540935789473	0.2309969869	2.3268931122	1.3530557677	11	19	0.128925619835	0.654545454545	11	55
2213	train	LG+F+G4	LG	True	False	True	1.4975		-36372.0385	73034.0771	73645.7741	70.0976207739	0.5607809661912	0.3645931309	8.894848565500002	6.7636441838	64	125	0.380509213147	0.760956175299	64	502
2214	train	LG+G4	LG	True	False	False	0.7897		-2494.0593	5040.1186	5109.368	9.7595400337	0.39038160134800004	0.2758956162	2.0117498941	1.3211883544999998	14	25	0.0256064690027	0.72641509434	14	106
2215	train	WAG+G4	WAG	True	False	False	2.1911		-1153.2501	2326.5002	2351.9331	4.1676345990999994	0.4630705110111111	0.3133597322	2.141506496	1.0773191215	6	9	0.0177304964539	0.521276595745	6	94
2216	train	LG+G4	LG	True	False	False	1.9634		-2679.8904	5447.7809	5550.9083	19.3720614115	0.4505130560813953	0.2245602057	7.5656573496	2.7967220824999997	23	43	0.0745341614907	0.922077922078	23	77
2218	train	LG+G4	LG	True	False	False	0.9983		-9505.2575	19066.5151	19180.6248	15.4350672301	0.5716691566703703	0.5697896344	4.993426503	3.8231671699	15	27	0.285057471264	0.595402298851	15	435
2219	train	LG+G4	LG	True	False	False	1.3826		-9166.6247	18389.2493	18500.3731	12.1035913307	0.44828116039629634	0.3988018874	2.7012699498000003	1.8068996412999998	15	27	0.183461210571	0.680306905371	15	391
222	train	LG+G4	LG	True	False	False	1.7826		-53681.9509	108099.9018	109422.7556	105.5068532232	0.28748461368719347	0.2009462847	5.8923710518	2.991380185	185	367	0.318054857832	0.724907063197	185	269
2220	train	LG+F+G4	LG	True	False	True	1.3967		-18559.3242	37264.6484	37569.6384	30.6306220961	0.5779362659641509	0.4290332	6.0555412126	3.9534160692000007	28	53	0.287863070539	0.724066390041	28	482
2221	train	cpREV+F+G4	cpREV	True	False	True	0.5319		-3354.0554	6782.1107	6916.3327	4.8611138884	0.28594787578823533	0.1452516909	2.0361997552	0.7429145956	10	17	0.0679856115108	0.464028776978	10	278
2223	train	JTT+F	JTT	False	False	True			-1496.2803	3044.5607	3137.9264	1.5493002048	0.22132860068571428	0.2309663925	0.5009412713	0.40738191180000005	5	7	0.355970149254	0.108208955224	5	268
2225	train	LG+G4	LG	True	False	False	0.6742		-3970.018	8008.036	8106.0513	19.526731199	0.5917191272424243	0.4690160307	2.9187714397	1.39893014	18	33	0.102693602694	0.734848484848	18	132
2228	train	JTT+G4	JTT	True	False	False	1.8925		-2974.7359	6037.4719	6157.8646	8.5183801758	0.19810186455348838	0.1011286758	2.6618978151	0.7430926849	23	43	0.0808543096873	0.815789473684	23	114
2229	train	WAG+F+G4	WAG	True	False	True	1.4608		-14500.0212	29074.0425	29252.7848	7.4955002533999995	0.4409117796117647	0.3676650926	2.3928799602999997	1.8769996442999997	10	17	0.185313174946	0.631749460043	10	926
2232	train	LG+G4	LG	True	False	False	0.7607		-12523.289	25074.5781	25141.5129	8.0980834884	0.6229294991076924	0.3961457076	4.6688622159	0.9999718975	8	13	0.0778944381385	0.485811577753	8	881
2233	train	WAG+F+G4	WAG	True	False	True	1.3738		-9575.4256	19224.8512	19391.4544	12.6376918295	0.7433936370294117	0.5817739807	4.4043070364000005	2.0491174386499997	10	17	0.343328335832	0.467766116942	10	667
2234	train	LG+G4	LG	True	False	False	0.8827		-6610.7239	13269.4477	13362.3108	9.4885664015	0.4125463652826087	0.2949280593	2.1614126773	0.9290541522	13	23	0.189265536723	0.54802259887	13	354
2235	train	VT+G4	VT	True	False	False	0.5419		-719.5663	1471.1325	1501.4017	8.0126135062	0.5341742337466666	0.2547677035	4.6053893682	3.7144799967	9	15	0.0725623582766	0.489795918367	9	49
2236	train	LG+F+G4	LG	True	False	True	1.059		-14720.5642	29855.1283	30433.857	64.2576648048	0.34362387596149735	0.2267102279	4.4821123216	1.6046151228000003	95	187	0.10421922575	0.933884297521	95	121
2239	train	LG	LG	False	False	False			-1822.7379	3691.4757	3749.9715	5.9708837082	0.25960363948695653	0.2356313099	2.1320175356999997	1.1758108104999998	13	23	0.0458265139116	0.840425531915	13	94
2242	train	LG+F+G4	LG	True	False	True	0.6929		-5038.005	10218.0099	10434.5497	33.2657875043	0.6522703432215686	0.3332355731	6.5384240633	2.7404449953000003	27	51	0.305318138651	0.641025641026	27	156
2249	train	LG+G4	LG	True	False	False	2.3798		-1295.4023	2634.8047	2688.0192	9.6435543754	0.4592168750190477	0.3156963828	4.061058844500001	3.4120011831	12	21	0.313253012048	0.506024096386	12	83
2250	train	LG+F+G4	LG	True	False	True	1.2668		-3421.4328	6912.8656	7024.228	16.0260185559	1.06840123706	0.8165059154	5.2049537391000005	2.3167479466	9	15	0.00686641697878	0.696629213483	9	178
2253	train	LG+G4	LG	True	False	False	1.1893		-21657.9291	43551.8582	43988.5105	70.2535684899	0.6004578503410257	0.4139140356	5.159979894900001	3.0489509301	60	117	0.407580824972	0.725752508361	60	299
2254	train	WAG+F+G4	WAG	True	False	True	2.0231		-774.6915	1599.3831	1675.3069	1.1200743635	0.22401487269999998	0.2939832898	0.7380590267	0.34026371535	4	5	0.227272727273	0.0584415584416	4	154
2256	train	LG+G4	LG	True	False	False	1.294		-8348.1629	16740.3257	16825.6975	15.346196988600001	0.7307712851714286	0.6030856873	4.3800825203	3.0970477127000002	12	21	0.131750465549	0.748603351955	12	358
2257	train	LG+G4	LG	True	False	False	2.0112		-1196.7979	2417.5959	2448.1154	4.3655394981	0.39686722710000005	0.2554594908	2.1311926818	0.4750652407	7	11	0.0273556231003	0.276595744681	7	94
2258	train	LG+G4	LG	True	False	False	1.1034		-978.8842	1997.7685	2042.4506	3.3731543092	0.17753443732631577	0.1533044064	1.0617964544	0.707732898	11	19	0.0764163372859	0.405797101449	11	69
226	train	LG+G4	LG	True	False	False	0.8196		-9255.0165	18582.0331	18720.1914	12.2942937433	0.35126553552285716	0.2780121573	2.6102906678	2.0866419727	19	35	0.148227712137	0.68221574344	19	343
2260	train	WAG	WAG	False	False	False			-1328.5724	2679.1449	2712.4076	1.9508136808	0.17734669825454547	0.0520074852	1.5752921876	0.19539010290000003	7	11	0.0300751879699	0.671052631579	7	152
2263	train	WAG+F	WAG	False	False	True			-6285.4221	12654.8442	12805.8221	10.2870498072	0.4472630350956522	0.3041180748	2.620733671	2.3322324330999997	13	23	0.113239919931	0.85873605948	13	269
2264	train	WAG+G4	WAG	True	False	False	0.6735		-2924.7383	5881.4767	5937.1669	3.8135451189	0.25423634126	0.1708425593	1.7787582582	0.4696675478	9	15	0.0203703703704	0.345833333333	9	240
2265	train	JTT+G4	JTT	True	False	False	0.5467		-2477.342	4978.684	5021.0847	2.7186859719	0.24715327017272726	0.1284165446	1.3419266146	0.2982176037	7	11	0.00338791643139	0.221343873518	7	253
2266	train	WAG+G4	WAG	True	False	False	1.4808		-8070.0561	16180.1122	16265.7949	6.5717834034000004	0.3458833370210527	0.1982086954	3.6621873393	0.9210051457	11	19	0.19776119403	0.625	11	536
2268	train	JTT+G4	JTT	True	False	False	2.1994		-1117.9611	2251.9222	2273.9509	3.4995635859	0.4999376551285714	0.2973493229	2.1691551608	0.6832518951	5	7	0.0155172413793	0.413793103448	5	116
2269	train	LG+G4	LG	True	False	False	1.0681		-11699.5222	23443.0444	23541.1278	7.2182585799	0.34372659904285713	0.3312784601	1.5219849499000002	1.353224667	12	21	0.0681818181818	0.647335423197	12	638
227	train	LG+G4	LG	True	False	False	1.1313		-13422.9121	26897.8241	27010.765	14.360727163	0.57442908652	0.4988727049	2.1607960688	1.5776411527	14	25	0.188927943761	0.639718804921	14	569
2270	train	JTT	JTT	False	False	False			-454.5698	923.1396	936.238	2.3176084099	0.3310869157	0.3078230208	0.9823553286	0.47911122879999996	5	7	0.0458333333333	0.104166666667	5	48
2272	train	LG+G4	LG	True	False	False	1.6649		-10182.8389	20529.6777	20809.0658	37.6445091725	0.4647470268209877	0.3658343127	6.409827909600001	3.9854578206000006	42	81	0.437540038437	0.578475336323	42	223
2276	train	LG+G4	LG	True	False	False	0.8657		-6381.225	12802.45	12880.666	9.4956569652	0.49977141922105267	0.35538379	2.0151275660000003	1.1567475856	11	19	0.162108893816	0.523035230352	11	369
2277	train	LG+G4	LG	True	False	False	0.9685		-14788.5895	29629.179	29749.5424	16.4153427904	0.656613711616	0.6003583075	4.8923883081	3.2924239102499997	14	25	0.321758822419	0.533685601057	14	757
2278	train	LG+F+G4	LG	True	False	True	1.1954		-9404.2045	18890.409	19060.4085	10.9692633858	0.5223458755142857	0.2677676363	2.3977287658	1.3272030393	12	21	0.0499643112063	0.672376873662	12	467
228	train	LG+G4	LG	True	False	False	1.3713		-3865.2877	7758.5754	7808.1531	8.3708587064	0.6439122081846154	0.3397449211	3.2615497267	1.4243852403	8	13	0.068137254902	0.596078431373	8	255
2282	train	JTT+G4	JTT	True	False	False	2.2483		-2816.728	5653.4561	5693.7869	3.0521420548	0.33912689497777776	0.3055009179	1.1476382199	0.7990778362	6	9	0.450039968026	0.115107913669	6	417
2283	train	WAG	WAG	False	False	False			-2548.2783	5134.5565	5186.7102	8.5100220686	0.4478958983473684	0.4085208697	1.9221231087	1.3479725486	11	19	0.0845849802372	0.773913043478	11	115
2285	train	JTT+F	JTT	False	False	True			-1034.8002	2121.6005	2194.7173	3.7354797436	0.5336399633714286	0.0924230126	3.4506693747	0.1629066274	5	7	0.0471544715447	0.260162601626	5	123
2286	train	LG+F+G4	LG	True	False	True	1.3425		-4774.0568	9602.1136	9718.4323	4.0076154447	0.5725164921	0.3274763127	2.4158974842	0.5417336653	5	7	0.110746812386	0.116575591985	5	549
2287	train	LG+G4	LG	True	False	False	1.1404		-5286.1852	10600.3704	10655.6063	5.1608644892	0.39698957609230767	0.3015918606	2.1791508835999998	1.9429418591	8	13	0.0320680628272	0.526178010471	8	382
229	train	JTT+G4	JTT	True	False	False	0.7274		-22937.9659	46671.9319	48018.9609	106.8402899344	0.26911911822267004	0.160961466	6.9204440274	4.337318521749999	200	397	0.583233944954	0.711009174312	200	218
2293	train	LG+G4	LG	True	False	False	1.202		-1319.0612	2650.1224	2669.6046	3.7181663555999998	0.74363327112	0.7973841721	1.4323183146999998	1.0004677459	4	5	0.263157894737	0.00526315789474	4	190
2294	train	LG+G4	LG	True	False	False	0.8365		-9362.2567	18836.5135	19058.7611	20.8946288614	0.3799023429345455	0.2480737361	3.0136187194	2.3575613464000003	29	55	0.497662933239	0.506393861893	29	391
2296	train	LG+F+G4	LG	True	False	True	3.7641		-7103.4783	14388.9565	14644.8653	32.8782658338	0.4630741666732394	0.3399750959	3.0522256614	2.0917103682000002	37	71	0.187870797627	0.821138211382	37	123
2297	train	LG+F+G4	LG	True	False	True	1.2874		-8341.1416	16852.2833	17119.3247	34.9560828125	0.5377858894230769	0.3281964607	5.7440548752	3.2743401746500003	34	65	0.218782249742	0.801169590643	34	171
2299	train	mtART+G4	mtART	True	False	False	0.6339		-481.2096	986.4191	1007.8294	5.7960284337	0.5269116757909091	0.2230652935	2.7044859493	0.9225082424	7	11	0.0162337662338	0.272727272727	7	44
23	train	WAG+G4	WAG	True	False	False	1.1619		-17319.7601	35067.5202	35714.6307	105.6780974461	0.49614130256384975	0.3301270644	5.4784385902	3.1268331948500006	108	213	0.456140350877	0.717105263158	108	152
2303	train	LG+G4	LG	True	False	False	2.6403		-3142.5047	6325.0095	6383.8423	12.2894901188	0.6468152694105264	0.5584762686	2.3733693148	1.3924850529	11	19	0.088961038961	0.757142857143	11	140
2306	train	JTT+G4	JTT	True	False	False	1.9428		-2183.1251	4390.2503	4427.9502	9.5618547543	0.8692595231181819	0.5587644686	2.9439425927	2.1656348345	7	11	0.227234753551	0.25730994152	7	171
2309	train	JTT+G4	JTT	True	False	False	1.2377		-2243.3336	4518.6671	4564.9127	6.8174681603	0.4544978773533333	0.3017122935	2.4826304007	1.6640528592000001	9	15	0.015037593985	0.593984962406	9	133
2310	train	WAG+F+G4	WAG	True	False	True	1.8997		-12416.8766	24919.7533	25103.487	12.3216586514	0.5357242891913043	0.4177340423	3.0795281189	2.5593043304	13	23	0.150798258345	0.775471698113	13	530
2311	train	LG+G4	LG	True	False	False	1.0494		-4919.0529	9882.1058	9957.162	12.0758373296	0.5750398728380952	0.4852526249	3.4059159729	2.02095073165	12	21	0.0651041666667	0.65625	12	224
2313	train	LG+G4	LG	True	False	False	1.1305		-6018.1932	12096.3863	12198.7357	12.5661333934	0.4333149446	0.3319284634	3.9531370507999997	2.1476709639499996	16	29	0.087890625	0.794642857143	16	224
2315	train	LG+G4	LG	True	False	False	1.3424		-9131.0602	18358.1205	18525.3907	20.4594910148	0.4353083194638298	0.312473508	3.6515458101	2.6941085621	25	47	0.12265560166	0.871369294606	25	241
2316	train	LG+G4	LG	True	False	False	1.0357		-8467.9457	17015.8914	17159.9762	29.3130295063	0.7516161411871796	0.5485476336	5.7917494863	3.2162420547	21	39	0.280091372342	0.715867158672	21	271
232	train	LG+G4	LG	True	False	False	1.6016		-3659.7387	7395.4773	7507.2597	10.9744032848	0.2966054941837838	0.2060044814	3.0978539221999997	2.2641927305000005	20	37	0.196071428571	0.728571428571	20	140
2320	train	LG+G4	LG	True	False	False	2.4082		-14596.3657	29344.7314	29607.9826	40.1284107489	0.535045476652	0.3347739152	11.178934314500001	2.6608229828	39	75	0.212407648848	0.813559322034	39	236
2321	train	LG+G4	LG	True	False	False	0.8565		-18129.4824	36510.9647	36972.9345	47.8683494489	0.3829467955912	0.2652774909	5.4726470035	2.3923626431500002	64	125	0.371485726644	0.688581314879	64	289
2323	train	rtREV+G4	rtREV	True	False	False	1.0347		-2373.6351	4819.2701	4908.0428	12.7307182401	0.36373480686	0.1467395262	3.9218861912999996	1.0061408322	19	35	0.0611010284332	0.747126436782	19	87
2324	train	LG+G4	LG	True	False	False	1.2905		-2001.6206	4107.2413	4223.4148	13.6506134488	0.26765908723137255	0.1465524482	2.1771035364999998	1.1118127063	27	51	0.141706924316	0.840579710145	27	69
2327	train	LG+F+G4	LG	True	False	True	1.2053		-7949.2109	16132.4218	16463.3345	39.9073882078	0.4114163732762886	0.2419501833	4.2191586941	2.8297650168999997	50	97	0.22848	0.808	50	125
2328	train	LG+G4	LG	True	False	False	0.6446		-6747.2759	13542.5519	13636.734	6.8890770306	0.2995250882869565	0.2337196222	2.1909292975000003	1.8543123965	13	23	0.0614973262032	0.614973262032	13	374
2329	train	LG+G4	LG	True	False	False	0.6802		-5950.9479	11945.8958	12027.5979	10.9375086457	0.5208337450333334	0.3507879551	5.753434508900001	3.6859418656000003	12	21	0.0984598459846	0.679867986799	12	303
233	train	LG+G4	LG	True	False	False	0.8585		-3481.4156	7034.8312	7141.241	11.8242328442	0.33783522412	0.1441465065	2.7015194408	0.6304282358	19	35	0.134544106746	0.718309859155	19	142
2330	train	LG+F+G4	LG	True	False	True	1.5099		-3279.333	6684.6659	6841.45	18.1630531457	0.42239658478372094	0.3395156572	3.8059800119	2.5137866423	23	43	0.0806057645335	0.842696629213	23	89
2331	train	LG+G4	LG	True	False	False	1.9425		-1826.8158	3697.6316	3750.8461	8.0418108286	0.38294337279047613	0.2382301797	1.8768918621	1.0378181185000002	12	21	0.0220883534137	0.746987951807	12	83
2334	train	LG+G4	LG	True	False	False	1.4039		-2589.2247	5214.4495	5269.8026	5.8630196757	0.34488351033529413	0.3245295568	1.4962605768000001	1.0428359476	10	17	0.063125	0.60625	10	160
2336	train	LG+G4	LG	True	False	False	1.4088		-3692.9279	7425.8558	7493.6372	7.0342393742	0.3702231249578947	0.2383683483	3.1129694291	2.5587670586	11	19	0.0992112909921	0.730593607306	11	219
2339	train	LG+G4	LG	True	False	False	0.9677		-6172.2978	12396.5957	12488.7703	18.125577488	0.72502309952	0.5444491621	7.1064608385	4.779621944600001	14	25	0.160714285714	0.734375	14	256
234	train	LG+G4	LG	True	False	False	1.2635		-3750.1786	7560.3572	7653.8971	11.8986978704	0.4102999265655172	0.2970548682	3.6797745651	1.3472677238	16	29	0.163922155689	0.676646706587	16	167
2342	train	LG+G4	LG	True	False	False	1.3621		-35268.9461	70609.8923	70793.0148	17.6577635654	0.50450753044	0.3573387605	3.5190199832	2.0182756983	19	35	0.207929941912	0.729933110368	19	1196
2343	train	LG+G4	LG	True	False	False	1.7325		-6484.8869	13033.7738	13145.1542	14.3417254879	0.4626363060612903	0.3040412036	3.2473756179	1.8556367081	17	31	0.184803921569	0.708333333333	17	240
2347	train	LG+G4	LG	True	False	False	0.6792		-2474.9357	5001.8713	5072.7834	14.7221647862	0.588886591448	0.3438943791	3.5733064459	1.12624334145	14	25	0.13211125158	0.610619469027	14	113
2348	train	LG+F+G4	LG	True	False	True	1.5145		-4610.0081	9334.0162	9494.3107	20.8648830362	0.5639157577351351	0.3765249199	4.4392092961	2.1516620536	20	37	0.0113821138211	0.926829268293	20	123
2350	train	WAG+F+G4	WAG	True	False	True	1.7196		-4629.6373	9337.2747	9475.6886	6.9314946234	0.3648155064947368	0.2675014327	2.1647807577	1.415927141	11	19	0.0555359037849	0.712062256809	11	257
2355	train	LG+G4	LG	True	False	False	1.0368		-6389.0756	12842.1511	12948.3309	21.5100442845	0.6938723962741936	0.410376719	4.818053879900001	2.5101304992999998	17	31	0.0980392156863	0.81862745098	17	204
2358	train	WAG+G4	WAG	True	False	False	0.9058		-1405.5438	2835.0875	2870.5575	2.1506042016	0.1955094728727273	0.2363068993	0.7262445986	0.3752242874	7	11	0.0291750503018	0.274647887324	7	142
2359	train	cpREV+G4	cpREV	True	False	False	1.4652		-301.5099	623.0197	639.3956	1.7852437284	0.19836041426666667	0.0920259828	0.808993463	0.24300218214999997	6	9	0.0438596491228	0.131578947368	6	38
236	train	LG+G4	LG	True	False	False	2.417		-4512.673	9085.3459	9178.5243	17.8081811585	0.6140752123620689	0.4650974403	4.1519388232	1.8586024827500003	16	29	0.211363636364	0.721212121212	16	165
2361	train	LG+G4	LG	True	False	False	1.3061		-9863.0837	19758.1674	19828.7302	14.2365533903	0.9491035593533332	0.7723631301	3.6946056939	2.7279663929999995	9	15	0.210709064327	0.5625	9	608
2362	train	LG+F+G4	LG	True	False	True	0.9489		-30080.3091	60370.6181	60851.8761	61.2533202179	0.7206272966811764	0.5453468454	7.0704982029000005	5.25322113895	44	85	0.554602036967	0.504840940526	44	723
2363	train	WAG+F	WAG	False	False	True			-9526.7897	19149.5794	19338.9596	13.4877918742	0.4650962715241379	0.2002915567	4.6856450628	2.0651561774500005	16	29	0.14152486911	0.814136125654	16	382
2364	train	LG+F+G4	LG	True	False	True	0.8664		-2637.6278	5357.2555	5475.7598	15.056215472	0.7169626415238095	0.4665045086	3.912077312	1.9743574844	12	21	0.118421052632	0.639097744361	12	133
2365	train	LG+G4	LG	True	False	False	1.149		-6850.6754	13721.3507	13765.5017	6.6444612855	0.7382734761666667	0.4372180992	3.6215377721000004	0.9489051502000001	6	9	0.126022913257	0.209492635025	6	611
237	train	JTT+G4	JTT	True	False	False	1.5152		-4176.4187	8372.8374	8413.3111	4.5360338511	0.5040037612333333	0.1887577484	2.954033054	1.32793653755	6	9	0.135145784082	0.302600472813	6	423
2371	train	LG+G4	LG	True	False	False	1.046		-4782.2034	9608.4069	9683.7558	12.109157222	0.5766265343809523	0.5183899082	3.1184514811	1.4792103364	12	21	0.142804698972	0.674008810573	12	227
2373	train	LG+G4	LG	True	False	False	0.8795		-4093.6445	8215.2891	8265.5629	6.6781794684	0.5137061129538462	0.6005978644	1.6254704784	1.0390753009	8	13	0.0279850746269	0.410447761194	8	268
2374	train	LG+G4	LG	True	False	False	1.6464		-5430.9548	10877.9096	10912.2865	6.2127576095	0.8875368013571429	0.6928494281	3.1848610644999997	1.7143277382	5	7	0.113812154696	0.254143646409	5	543
2375	train	LG+G4	LG	True	False	False	1.8788		-2588.909	5213.818	5268.0095	11.329705753399999	0.6664532796117646	0.5078922745	4.393578510999999	3.3762147163	10	17	0.22	0.486666666667	10	150
2376	train	LG	LG	False	False	False			-2411.6557	4841.3115	4870.0481	7.437830605	0.8264256227777778	0.5192753928	4.5614344273	1.1159153969500002	6	9	0.0833333333333	0.3	6	180
2378	train	LG+F+G4	LG	True	False	True	0.9316		-5331.3967	10724.7933	10850.6261	9.726653799100001	0.8842412544636364	0.308998054	5.873096197700001	0.8198392631	7	11	0.0777703604806	0.294392523364	7	428
2380	train	LG+G4	LG	True	False	False	0.73		-3353.0819	6754.1637	6836.2566	17.0325574162	0.7405459746173912	0.4088803689	6.123688704599999	2.0666323149999997	13	23	0.335602450647	0.526548672566	13	226
2381	train	LG+G4	LG	True	False	False	0.9358		-24479.1456	49354.2912	50022.5963	80.3937296325	0.40808999813451774	0.292911909	4.2952400591	2.1715019232	100	197	0.299444444444	0.74537037037	100	216
2382	train	LG+G4	LG	True	False	False	1.1029		-7991.7085	16195.4169	16500.1878	31.2038387384	0.2971794165561905	0.1785712438	5.9037296228	1.85540924725	54	105	0.227735368957	0.801526717557	54	131
2383	train	LG+G4	LG	True	False	False	0.769		-564.994	1141.988	1155.8124	2.410763734	0.48215274680000003	0.4847004336	0.9340389509	0.5965868128	4	5	0.00675675675676	0.0405405405405	4	74
2385	train	LG+G4	LG	True	False	False	0.6468		-2000.9976	4021.9953	4055.3225	3.0042017968	0.3338001996444444	0.2582260116	1.6982814304999998	0.50790132635	6	9	0.00805152979066	0.183574879227	6	207
2386	train	LG+G4	LG	True	False	False	0.6838		-4742.2401	9564.4802	9703.8721	28.7956754529	0.7383506526384616	0.5122625841	6.4650626884	4.316549706	21	39	0.469472436277	0.427385892116	21	241
2387	train	LG+G4	LG	True	False	False	1.2726		-3463.9276	6947.8552	6983.4235	9.9571514145	1.1063501571666667	0.8369253949	4.0441671774	2.2929046571000002	6	9	0.0592020592021	0.343629343629	6	259
2388	train	WAG+G4	WAG	True	False	False	2.2014		-16179.0574	32606.1149	33032.9747	53.8080034201	0.4374634424398374	0.313891647	4.641929226	2.998358169	63	123	0.431663574521	0.636363636364	63	231
2389	train	WAG+G4	WAG	True	False	False	1.2264		-10354.2144	20776.4287	20908.6506	24.1288812671	0.7311782202151514	0.2841639897	3.4727527446	2.23361204475	18	33	0.223607263773	0.731301939058	18	361
239	train	LG+G4	LG	True	False	False	0.4555		-3560.6352	7181.2705	7285.9386	4.3309289105	0.14934237622413793	0.1346697682	1.3959619818	0.5282205114	16	29	0.0278925619835	0.462809917355	16	242
2390	train	LG+G4	LG	True	False	False	1.2213		-3759.8317	7555.6635	7615.3896	10.8771214633	0.6398306743117647	0.5299549078	3.9606054228	1.21391526925	10	17	0.0759803921569	0.602941176471	10	204
2391	train	LG+G4	LG	True	False	False	0.6123		-3811.0768	7646.1537	7691.0312	6.8697124696	0.6245193154181817	0.602031365	1.7832814341	1.4619249508	7	11	0.0927882406982	0.279742765273	7	311
2392	train	LG+G4	LG	True	False	False	1.8858		-3079.9113	6183.8226	6224.7624	7.0278070783	0.6388915525727273	0.5313336517	2.1063037842	1.6906882767	7	11	0.122448979592	0.348214285714	7	224
2393	train	LG+G4	LG	True	False	False	0.9997		-2482.9538	4977.9075	4999.2716	7.1854267961	1.43708535922	1.5130859541	3.8938533074	2.32215941245	4	5	0.0365384615385	0.0730769230769	4	260
2396	train	LG+F+G4	LG	True	False	True	1.8071		-4544.6687	9243.3374	9441.5901	21.4214457223	0.3758148372333333	0.2620189418	3.4165740971000003	1.4541579634	30	57	0.0611683848797	0.927835051546	30	97
2397	train	LG+G4	LG	True	False	False	1.1113		-9946.6484	20049.2968	20297.9129	33.9291959991	0.4406389090792208	0.3161752212	4.066875893000001	3.2219081130000005	40	77	0.223044692737	0.748603351955	40	179
2398	train	LG+G4	LG	True	False	False	2.256		-1727.9843	3475.9686	3505.7359	5.4437759854	0.6048639983777778	0.4880650528	3.204950709	0.83851198805	6	9	0.0574712643678	0.420689655172	6	145
2399	train	LG+G4	LG	True	False	False	0.9351		-4792.9385	9621.8771	9686.4476	13.4407853645	0.7906344332058823	0.4587087975	3.1712269435000002	1.87672635745	10	17	0.169288389513	0.554307116105	10	267
24	train	LG+G4	LG	True	False	False	0.8937		-4999.2797	10074.5595	10200.0851	12.3859507132	0.33475542468108105	0.1710926197	2.8259098818	1.61771222895	20	37	0.115671641791	0.671641791045	20	201
2400	train	LG+G4	LG	True	False	False	2.0749		-14081.305	28494.6101	29006.1232	64.8928351638	0.3932899100836364	0.2717369509	5.2426180663	3.2821542964	84	165	0.397293700089	0.652173913043	84	161
2404	train	LG+G4	LG	True	False	False	2.0852		-1065.4167	2158.8334	2189.0578	7.5125008021	0.5778846770846153	0.4475440866	3.2386051776	1.3713999766	8	13	0.025390625	0.578125	8	64
2405	train	LG+F+G4	LG	True	False	True	0.7368		-22596.9345	45611.869	46362.3852	107.3501021471	0.5679899584502646	0.3233180192	8.486158069499998	5.488873347849999	96	189	0.495996579602	0.611940298507	96	268
2406	train	LG+F+G4	LG	True	False	True	1.0289		-9888.0098	19902.0197	20159.6295	21.9849864117	0.511278753760465	0.3937684166	3.2728836372999996	2.1031619477	23	43	0.496500049295	0.460317460317	23	441
2407	train	LG+F+G4	LG	True	False	True	1.7455		-19562.5958	39707.1915	40567.3372	123.9096535302	0.4572311938383764	0.3380885196	9.1195505	5.9682384313000005	137	271	0.400483191118	0.795774647887	137	142
2408	train	LG+G4	LG	True	False	False	2.4263		-1258.2422	2528.4845	2546.1771	4.3843138314	0.87686276628	0.6976852859	1.698254129	1.5577982218	4	5	0.0673758865248	0.0496453900709	4	141
2409	train	LG+G4	LG	True	False	False	0.7585		-7018.174	14156.348	14347.255	18.6978473357	0.31691266670677964	0.2565180037	2.5323786891999998	1.5214146420999999	31	59	0.131569409206	0.752808988764	31	178
2410	train	WAG+F	WAG	False	False	True			-2884.4754	5820.9507	5910.8999	6.5704009296	0.9386287042285714	0.7662441662	1.9768818061	1.6754093316	5	7	0.00425531914894	0.153191489362	5	235
2414	train	LG+G4	LG	True	False	False	0.8913		-4185.1972	8390.3943	8429.8223	4.4264452132	0.4918272459111111	0.3734309843	1.1432422612	1.01853506	6	9	0.0218722659668	0.196850393701	6	381
2415	train	LG+G4	LG	True	False	False	1.3869		-4601.9347	9235.8695	9291.4258	15.5511426051	1.03674284034	0.5017393288	6.6643708636	1.8567549356000002	9	15	0.0760971055089	0.558823529412	9	238
2418	train	LG+G4	LG	True	False	False	0.6764		-3412.7446	6957.4893	7100.9989	24.7548242289	0.3808434496753846	0.2557271502	4.3068639161	1.8264472384500001	34	65	0.0597285067873	0.830769230769	34	65
2419	train	LG+F+G4	LG	True	False	True	0.6378		-2625.6129	5317.2259	5419.7221	26.9071707634	2.0697823664153847	0.7255726856	13.3494895507	6.5696264786	8	13	0.106060606061	0.448484848485	8	165
242	train	LG+G4	LG	True	False	False	1.0861		-32552.9425	65369.8851	65897.4168	65.9651988598	0.5035511363343511	0.3089749625	9.0986485613	2.8524403224	67	131	0.284695923368	0.853233830846	67	402
2421	train	LG+G4	LG	True	False	False	1.6303		-7294.7527	14637.5054	14723.5093	24.7961422923	1.0780931431434784	0.8720856879	5.9374016374	3.193540673	13	23	0.132735685367	0.793233082707	13	266
2422	train	LG	LG	False	False	False			-1109.9998	2229.9995	2244.2986	3.3439399523	0.66878799046	0.3934672545	1.4878428267	1.27646267155	4	5	0.0135658914729	0.100775193798	4	129
2425	train	LG+G4	LG	True	False	False	1.3229		-4990.5204	10005.0408	10051.7073	8.0449597282	0.7313599752909091	0.6606846728	1.9818548221	1.4838375806	7	11	0.100910170162	0.360110803324	7	361
2426	train	LG+G4	LG	True	False	False	1.4001		-1995.0197	4034.0394	4089.2783	11.3824344168	0.5420206865142857	0.3163536108	3.2439913765999995	2.0249485277000003	12	21	0.040293040293	0.813186813187	12	91
2428	train	LG+G4	LG	True	False	False	1.1213		-1822.0493	3720.0986	3802.7253	10.6523870044	0.28790235147027027	0.220232408	3.1579087122	2.0210822866	20	37	0.0238461538462	0.861538461538	20	65
2431	train	LG+G4	LG	True	False	False	1.1881		-1787.5377	3591.0755	3615.9714	7.8833896637	1.1261985233857144	0.4868131481	4.4733492314	3.994825638	5	7	0.033734939759	0.307228915663	5	166
2433	train	LG+G4	LG	True	False	False	1.683		-5328.3923	10684.7847	10738.7155	6.2977423376	0.48444171827692306	0.422438217	1.8519489648	1.24967125135	8	13	0.0416666666667	0.591954022989	8	348
2434	train	LG	LG	False	False	False			-5190.5809	10419.1619	10488.4924	10.11898584	0.5325782021052632	0.4115815933	2.7052180325000004	1.5934782913	11	19	0.225032010243	0.757042253521	11	284
2436	train	LG+G4	LG	True	False	False	0.8468		-19328.8694	38809.7389	39106.7532	33.3785315655	0.44504708753999994	0.3080962331	4.4722306848999995	2.5992398128	39	75	0.192447045708	0.785326086957	39	368
2437	train	WAG+F+G4	WAG	True	False	True	2.5206		-10672.5291	21507.0581	21773.4078	33.5941733113	0.5507241526442622	0.4255935117	3.8690078864999995	2.67232591965	32	61	0.182607323232	0.873737373737	32	198
2439	train	LG+G4	LG	True	False	False	0.8495		-9963.7295	20047.459	20252.956	30.2195197385	0.5121952498050848	0.3620739039	4.6959146383	3.8809889258999997	31	59	0.192837857041	0.801762114537	31	227
244	train	LG+G4	LG	True	False	False	0.6468		-2064.0152	4208.0303	4325.696	7.2361565803	0.18554247641794872	0.07675176	2.2950530772	0.6403079714000001	21	39	0.292176870748	0.442857142857	21	140
2440	train	LG+G4	LG	True	False	False	1.1555		-1489.7556	2995.5112	3018.2015	7.4151466278	1.0593066611142856	0.750460207	3.1002398257	2.4188110888	5	7	0.015873015873	0.198412698413	5	126
2442	train	WAG+F+G4	WAG	True	False	True	1.1887		-3680.0488	7506.0976	7684.4112	24.6076918471	0.46429607258679245	0.2583721828	3.4167484375	1.7825135746	28	53	0.150420168067	0.823529411765	28	85
2443	train	LG+G4	LG	True	False	False	1.0369		-3236.2988	6488.5975	6518.1743	6.7685584748	0.9669369249714286	0.6855869581	2.7303751102000002	0.9804856433	5	7	0.061744966443	0.0771812080537	5	298
2445	train	LG+F+G4	LG	True	False	True	1.3119		-4703.0776	9464.1552	9579.6893	14.5603067621	1.6178118624555555	1.2815899732	6.2257509605	4.31102397495	6	9	0.209907640638	0.186397984887	6	397
2447	train	WAG	WAG	False	False	False			-2382.2566	4782.5133	4811.6413	4.4013367364	0.4890374151555556	0.3115598513	1.375285412	0.9554919008	6	9	0.052304964539	0.345744680851	6	188
2449	train	LG+F+G4	LG	True	False	True	1.2767		-3169.0323	6408.0646	6521.5258	17.1168741133	1.1411249408866666	1.1462961298	3.8330032274	2.5423439924	9	15	0.177542621987	0.507936507937	9	189
245	train	WAG+G4	WAG	True	False	False	1.1801		-15347.6677	30767.3353	30922.4269	13.8775524425	0.3965014983571429	0.3531961683	3.6759411058000007	1.7754513538	19	35	0.209567634934	0.726775956284	19	549
2450	train	LG+G4	LG	True	False	False	1.2632		-2977.692	5971.384	6000.052	10.0673813322	1.4381973331714286	0.9504756306	5.9725595628	3.7409537375	5	7	0.110526315789	0.139097744361	5	266
2451	train	LG+G4	LG	True	False	False	1.8868		-3802.5848	7629.1695	7671.805	7.8767391903	0.7160671991181818	0.7228240217	1.9560611372	1.6309104839	7	11	0.0819490586932	0.34496124031	7	258
2452	train	LG+G4	LG	True	False	False	2.9953		-5803.7913	11699.5826	11834.2363	20.8275738576	0.46283497461333334	0.3508281422	4.9839770958	3.83235295285	24	45	0.128321256039	0.876811594203	24	138
2453	train	LG+G4	LG	True	False	False	1.3922		-13781.5946	27655.1892	27842.1234	26.9122830889	0.5980507353088889	0.446546782	6.1431201697999995	1.8417850923999999	24	45	0.35765503876	0.662790697674	24	430
2454	train	LG+F+G4	LG	True	False	True	1.842		-31434.9018	63499.8035	64551.128	91.7970971908	0.31117660064677966	0.2110502975	7.374236700900001	3.0180747243	149	295	0.297786525555	0.759615384615	149	208
2455	train	rtREV	rtREV	False	False	False			-4108.8077	8227.6155	8248.3364	3.7164662183	0.7432932436599999	0.6068034623	2.5003358625	1.0651430094499998	4	5	0.125536480687	0.0836909871245	4	466
2456	train	LG+G4	LG	True	False	False	0.7496		-1457.1902	2926.3804	2944.282	9.0279305009	1.80558610018	1.2874436423	4.2339974042	2.2763994634499998	4	5	0.0102739726027	0.041095890411	4	146
2457	train	LG+G4	LG	True	False	False	1.5588		-1096.3806	2208.7611	2229.9163	4.4926979162	0.6418139880285715	0.503189328	1.4081632989	1.0959607135000002	5	7	0.0403846153846	0.192307692308	5	104
2458	train	LG+G4	LG	True	False	False	1.0312		-2821.9617	5659.9234	5688.6811	5.6711580166	0.8101654309428571	0.4548689746	2.9052934486	1.7230017793	5	7	0.0312267657993	0.223048327138	5	269
2459	train	LG+G4	LG	True	False	False	0.8087		-5970.6113	12049.2226	12212.5122	29.3281959846	0.5533621883886792	0.4174060328	3.8590883135	1.723948793	28	53	0.222979323308	0.677631578947	28	152
2460	train	LG+G4	LG	True	False	False	0.8949		-19631.0769	39466.1537	39824.9339	51.5022066499	0.5099228381178218	0.3547709161	4.979450922	3.0857078771	52	101	0.14874884152	0.843373493976	52	249
2461	train	LG+G4	LG	True	False	False	1.6002		-11633.2313	23354.4625	23521.8885	17.0197926056	0.3958091303627907	0.2777768358	4.7374630405	3.1021030056	23	43	0.0979570455736	0.903614457831	23	332
2462	train	LG+G4	LG	True	False	False	0.8138		-917.3287	1850.6574	1870.9182	5.420461317	0.7743516167142858	0.5540083826	3.0458737252	0.6107886375	5	7	0.0559139784946	0.182795698925	5	93
2463	train	LG+G4	LG	True	False	False	0.8339		-3077.8571	6171.7141	6201.5549	6.067051423600001	0.8667216319428572	0.6663244602	3.848076849	0.7087261846	5	7	0.0753246753247	0.116883116883	5	308
2464	train	LG	LG	False	False	False			-2751.6648	5513.3295	5532.0605	3.6984190661	0.73968381322	0.4082863827	1.6255159801999999	1.4593689716	4	5	0.073482428115	0.0958466453674	4	313
2465	train	LG+F+G4	LG	True	False	True	1.1835		-7777.2378	15620.4757	15764.1699	8.3141467397	0.6395497492076923	0.545860204	2.7912108683000003	1.37089509495	8	13	0.0889130434783	0.469565217391	8	575
2466	train	LG+F+G4	LG	True	False	True	1.4681		-30127.3411	60496.6823	60995.5039	82.0099888319	0.8119800874445545	0.640791532	9.113628395200001	7.481728404950001	52	101	0.383223684211	0.686403508772	52	456
2467	train	LG+F+G4	LG	True	False	True	1.9772		-4105.8228	8277.6456	8393.8538	9.7607623716	0.7508278747384616	0.6923288109	2.9501992963	1.7803337308	8	13	0.073	0.568	8	250
2470	train	LG+G4	LG	True	False	False	2.221		-2170.8738	4365.7476	4400.0654	10.0199693545	0.9109063049545455	0.7173187248	4.965721460699999	3.614767977	7	11	0.0332225913621	0.356589147287	7	129
2472	train	LG+F+G4	LG	True	False	True	0.8684		-3113.1118	6296.2235	6417.0099	9.4205521017	0.6280368067800001	0.4881742751	3.4030023201999997	1.4118361712	9	15	0.179303767287	0.523605150215	9	233
2473	train	LG+G4	LG	True	False	False	0.7328		-8263.9029	16663.8058	16868.9808	41.3255993305	0.6167999900074627	0.3605479032	5.0165640251	2.3433256886000002	35	67	0.183538315989	0.827814569536	35	151
2474	train	LG+G4	LG	True	False	False	1.2533		-1541.7493	3103.4985	3131.9404	4.799264206	0.5332515784444445	0.446313618	2.0611808445	1.1627897256000002	6	9	0.0196850393701	0.220472440945	6	127
2477	train	LG+F+G4	LG	True	False	True	1.3952		-4140.2917	8346.5834	8467.2311	14.6134877136	1.1241144395076923	0.9472438186	7.5915303576	2.77336380945	8	13	0.181818181818	0.5	8	286
2478	train	LG+G4	LG	True	False	False	1.1695		-5686.2634	11420.5268	11511.2646	14.3315038166	0.6231088615913043	0.5202682146	5.1415512587	4.605216907999999	13	23	0.349477682811	0.512345679012	13	324
2479	train	cpREV	cpREV	False	False	False			-3665.7169	7341.4337	7362.2818	2.0457573647	0.40915147294	0.343812715	0.8761504621	0.53245320525	4	5	0.0507322175732	0.0794979079498	4	478
248	train	WAG+G4	WAG	True	False	False	1.9816		-27743.0197	56218.0394	57511.26	128.5623566283	0.3522256345980822	0.2386956677	6.944250514199999	3.14540040115	184	365	0.620080769892	0.537549407115	184	253
2480	train	LG+G4	LG	True	False	False	1.0579		-2839.6735	5691.3471	5713.5897	8.1491892332	1.6298378466399999	1.5060241544	4.3706867774	1.6515451118	4	5	0.0639534883721	0.0166112956811	4	301
2484	train	WAG	WAG	False	False	False			-564.2797	1138.5594	1149.9427	1.7385164900999999	0.34770329802	0.2436496225	1.182562404	0.63875663775	4	5	0.0208333333333	0.25	4	72
2485	train	LG+F+G4	LG	True	False	True	0.8129		-10174.6764	20471.3529	20695.2156	28.6304110413	0.6983027083243902	0.4864570595	4.067013831800001	1.91049483045	22	41	0.118652037618	0.789655172414	22	290
2486	train	LG+F+G4	LG	True	False	True	2.086		-6781.1683	13676.3366	13857.0541	35.5835711209	0.9617181384027026	0.6739509487	6.3430621536	3.238111021	20	37	0.0985795454545	0.880681818182	20	176
2488	train	LG+G4	LG	True	False	False	1.2015		-2286.579	4589.158	4616.5223	7.6469232347	1.0924176049571428	0.8209930532	4.0442872988	1.1778434611000002	5	7	0.122123893805	0.0973451327434	5	226
2489	train	LG+G4	LG	True	False	False	1.0928		-1790.6164	3593.2329	3613.4287	3.7468653763	0.7493730752600001	0.4512427643	2.7100862126000003	1.0755964095500001	4	5	0.053738317757	0.0934579439252	4	214
249	train	LG+G4	LG	True	False	False	0.8337		-2023.1976	4090.3952	4151.3502	5.9502113038	0.28334339541904763	0.2949805093	1.4371680826	0.8924293427000001	12	21	0.0529661016949	0.635593220339	12	118
2491	train	LG+G4	LG	True	False	False	2.2939		-3964.2756	7952.5511	7996.1686	7.6363562466	0.6942142042363636	0.8931705921	2.8501018770999997	1.1575759973	7	11	0.0969387755102	0.375	7	280
2493	train	cpREV+G4	cpREV	True	False	False	1.0974		-1357.0463	2726.0926	2744.6918	3.3994117451	0.67988234902	0.50003041	1.339407562	0.9672083165	4	5	0.0792682926829	0.0182926829268	4	164
2494	train	LG+G4	LG	True	False	False	1.1232		-2217.9304	4451.8609	4478.826	5.1907177155	0.7415311022142858	0.6314182311	2.0942758274	1.3200971411999998	5	7	0.0679069767442	0.13488372093	5	215
2495	train	LG+F+G4	LG	True	False	True	1.3904		-4386.2942	8846.5885	8978.8986	17.4393580922	1.0258445936588234	0.7896399986	4.8877801981	2.81756561955	10	17	0.221212121212	0.545454545455	10	264
2496	train	LG+G4	LG	True	False	False	1.3669		-6462.6435	12953.287	13008.6687	9.9843931139	0.7680302395307692	0.5789179613	2.5544542534000003	1.7204520659	8	13	0.0456606217617	0.588082901554	8	386
2498	train	LG+G4	LG	True	False	False	1.6186		-2092.2851	4240.5703	4310.565	14.9887491905	0.5551388589074074	0.3415768381	4.3609667479	3.2620856667	15	27	0.191851851852	0.722222222222	15	90
2499	train	LG+F+G4	LG	True	False	True	1.4722		-57134.715	114967.43	116247.0129	208.0014950859	0.6322233893188449	0.4619771649	8.4693938305	6.386956154900002	166	329	0.382832367532	0.840830449827	166	289
2500	train	LG+F+G4	LG	True	False	True	1.8675		-2685.2233	5452.4466	5571.258	7.6130461311	0.36252600624285714	0.3283998708	2.0540825123	1.5192941173499999	12	21	0.00186567164179	0.761194029851	12	134
2502	train	LG+G4	LG	True	False	False	1.6201		-6455.1715	13006.3431	13158.5263	19.2374301681	0.40930702485319154	0.228873246	5.5857228882	2.7539810366	25	47	0.0952272727273	0.875	25	176
2505	train	JTT+F+G4	JTT	True	False	True	1.5672		-7917.8609	15929.7218	16108.1365	21.3478243114	0.7906601596814815	0.5495142553	8.499337234299999	7.242442275299999	15	27	0.263221884498	0.723404255319	15	329
2507	train	JTT+F+G4	JTT	True	False	True	0.8046		-631.9713	1317.9426	1380.5147	4.6206466334	0.6600923761999999	0.4234346068	3.3571477327	1.1788444514	5	7	0.0933333333333	0.346666666667	5	75
2508	train	LG+G4	LG	True	False	False	0.9807		-33339.103	67178.206	68098.2492	129.676453768	0.5207889709558232	0.3681269993	8.1298603087	4.999621588250001	126	249	0.465599436589	0.668941979522	126	293
2509	train	LG+G4	LG	True	False	False	1.9702		-1620.7757	3277.5514	3321.5191	8.213601947599999	0.4831530557411764	0.3487663889	2.104956444	1.29174859535	10	17	0.0223529411765	0.788235294118	10	85
251	train	JTT+F+G4	JTT	True	False	True	1.2105		-9053.1595	18248.319	18530.9994	38.1837981767	0.7487019250333333	0.415204088	8.7192134623	6.9125527505	27	51	0.596427235316	0.416666666667	27	396
2510	train	LG+G4	LG	True	False	False	0.8963		-854.8467	1725.6934	1744.7496	5.0655480383	0.7236497197571429	0.6193238877	1.9774662585999998	1.4307558003	5	7	0.005	0.1875	5	80
2511	train	JTT+G4	JTT	True	False	False	0.3518		-841.9041	1727.8082	1774.9572	4.9130914254	0.23395673454285715	0.1564003733	2.4565141162	1.4194437348	12	21	0.0	0.349206349206	12	63
2512	train	LG+G4	LG	True	False	False	0.7011		-5878.3611	11848.7222	12002.6891	10.40857242	0.23130160933333335	0.2109992194	1.4201480948	0.7653218068000001	24	45	0.00674603174603	0.704761904762	24	210
2515	train	LG+G4	LG	True	False	False	1.2354		-13685.5123	27407.0246	27491.8579	7.7565179748	0.4562657632235294	0.3131720994	1.5380158111	1.0666856465	10	17	0.116281895504	0.53219927096	10	823
2516	train	LG+F+G4	LG	True	False	True	1.5226		-14278.4343	28758.8687	29126.3425	61.3402818127	0.7572874297864197	0.5093108276	5.7097654745	3.61832819175	42	81	0.425097441112	0.775800711744	42	281
2517	train	WAG+G4	WAG	True	False	False	1.3096		-2712.4392	5448.8784	5490.3935	5.007361007	0.45521463700000003	0.3293134377	1.5374622653	1.1257221655	7	11	0.148328267477	0.225531914894	7	235
2518	train	LG+G4	LG	True	False	False	0.6047		-4711.045	9454.0901	9514.8755	12.3489850163	0.8232656677533333	0.3871599317	5.2408859973	1.5353382335	9	15	0.1632996633	0.39696969697	9	330
252	train	LG+G4	LG	True	False	False	1.6796		-23869.2546	48110.5093	48757.9081	101.918009185	0.5509081577567567	0.3633158668	10.6913928628	7.0400088068499995	94	185	0.411657801418	0.779166666667	94	240
2520	train	JTT+F+G4	JTT	True	False	True	1.0636		-1915.3884	3916.7769	4032.5048	7.9194620675000005	0.34432443771739135	0.3193391039	2.8339288073	2.0505083049	13	23	0.155963302752	0.642201834862	13	109
2521	train	WAG+G4	WAG	True	False	False	3.3039		-2127.0781	4306.1562	4375.4056	5.8364611568	0.23345844627200002	0.1789393542	1.5806638022000001	0.4316389662	14	25	0.0694070080863	0.518867924528	14	106
2522	train	LG+F+G4	LG	True	False	True	1.4165		-11487.4392	23056.8785	23233.6596	17.2319287192	0.820568034247619	0.6335069985	4.5045370384000005	3.1444900331000003	12	21	0.212038717483	0.67332123412	12	551
2523	train	LG+G4	LG	True	False	False	1.1083		-4812.9553	9657.9105	9716.3503	9.270870091199999	0.6180580060799999	0.4452637121	4.5616924892	3.8686681042	9	15	0.0803118908382	0.628070175439	9	285
2524	train	LG+G4	LG	True	False	False	0.6068		-24386.3895	49084.779	49679.317	29.9084845827	0.19295796504967744	0.1499193891	1.9883313771000002	1.0602881979	79	155	0.14147654059	0.77245508982	79	334
2527	train	WAG+G4	WAG	True	False	False	1.4762		-3398.0395	6824.079	6873.1536	6.8074540199	0.5236503092230769	0.3573475605	2.1923134394	1.9267964143999998	8	13	0.1875	0.329268292683	8	246
2529	train	LG	LG	False	False	False			-9532.1605	19086.3209	19138.2963	5.5816136432	0.5074194221090909	0.4869702764	1.5491416517	1.2484255871	7	11	0.274052478134	0.357743097239	7	833
2530	train	JTT+G4	JTT	True	False	False	0.7472		-1402.8954	2821.7909	2846.6384	2.3948105145	0.3421157877857143	0.2147727301	1.2442802363	0.814731402	5	7	0.00969696969697	0.278787878788	5	165
2532	train	LG+G4	LG	True	False	False	3.6962		-3431.5	6931.0001	7023.4291	15.7181040029	0.4763061819060606	0.2704645516	4.5047976569	2.5422965727	18	33	0.0952380952381	0.901785714286	18	112
2533	train	LG+G4	LG	True	False	False	0.568		-4924.11	9928.2199	10053.1785	17.6675934334	0.45301521624102564	0.3412817408	4.000404406	2.4868880023	21	39	0.140022675737	0.678571428571	21	168
2534	train	LG+G4	LG	True	False	False	1.2009		-4587.0574	9218.1149	9294.9622	10.347339439599999	0.49273044950476186	0.3271875869	3.9693521138000003	3.28521076485	12	21	0.150548696845	0.666666666667	12	243
2535	train	LG+G4	LG	True	False	False	1.1244		-2094.5855	4213.171	4251.0105	4.4009067402	0.40008243092727275	0.2310106555	1.6392583791	0.7361150307	7	11	0.0371593724195	0.329479768786	7	173
2539	train	LG+G4	LG	True	False	False	2.9854		-12781.1466	25674.2932	25887.3807	30.7044944702	0.5582635358218182	0.3542236423	4.7561048886	2.9772787001	29	55	0.374844204404	0.64156626506	29	332
2541	train	LG+G4	LG	True	False	False	0.845		-22403.5099	45111.0199	45621.9363	47.801279763000004	0.31656476664238414	0.2568149216	2.5324248114	1.3031018402	77	151	0.147247119078	0.845070422535	77	213
2543	train	LG+G4	LG	True	False	False	1.0418		-7332.1472	14768.2943	14939.0209	22.8938411515	0.4488988461078431	0.2370507589	2.8069321049	1.5203304755	27	51	0.15322429028	0.781725888325	27	197
2545	train	LG+G4	LG	True	False	False	1.2701		-2055.9328	4143.8657	4192.8672	4.0407101261	0.2693806750733333	0.1967661107	1.3362961775	0.7388599164999999	9	15	0.0478199718706	0.436708860759	9	158
2546	train	LG+G4	LG	True	False	False	2.0251		-1561.1525	3158.3051	3199.5333	12.9889294187	0.7640546716882353	0.4483843184	5.49889561	3.3449422252	10	17	0.0328767123288	0.808219178082	10	73
2547	train	LG+G4	LG	True	False	False	1.9326		-3626.3076	7340.6151	7459.8344	19.7513246706	0.4593331318744186	0.3376422483	3.7808432164	1.7842013289	23	43	0.257735996866	0.675675675676	23	111
2549	train	LG+G4	LG	True	False	False	0.7211		-1835.2264	3686.4528	3715.2697	1.1602403216	0.16574861737142857	0.1189961218	0.5553582104	0.24438350679999998	5	7	0.0118081180812	0.0885608856089	5	271
255	train	WAG+G4	WAG	True	False	False	1.1777		-6444.8367	12929.6734	13008.945	6.2428483988	0.32857096835789473	0.2296422406	2.603305316	0.7727229228000001	11	19	0.132507595233	0.470437017995	11	389
2550	train	LG+G4	LG	True	False	False	2.2152		-2068.0393	4168.0786	4214.3242	9.2073797864	0.6138253190933334	0.2965575868	5.1607267631	1.6870658931	9	15	0.106934001671	0.616541353383	9	133
2553	train	LG+G4	LG	True	False	False	1.4936		-3615.481	7302.962	7396.0208	23.6676034411	0.6762172411742857	0.6199348561	5.0294172161	1.9638373014	19	35	0.0982814178303	0.887755102041	19	98
2554	train	LG	LG	False	False	False			-1222.3081	2454.6161	2471.1821	0.6953420860999999	0.13906841722	0.0989143342	0.2713734041	0.197027061	4	5	0.0	0.0344827586207	4	203
2555	train	WAG	WAG	False	False	False			-477.9493	965.8987	976.6931	1.8572852435	0.3714570487	0.3679292781	0.6689160679999999	0.5479684499999999	4	5	0.1640625	0.03125	4	64
2556	train	LG+G4	LG	True	False	False	1.6608		-16425.3242	33102.6484	33549.832	59.2016231806	0.4736129854448	0.2328559399	4.9964447064	2.906953991	64	125	0.422543774319	0.657587548638	64	257
2557	train	LG+G4	LG	True	False	False	1.5795		-3618.6935	7309.3871	7405.6089	26.3132862582	0.7518081788057144	0.5510815197	4.4200673191	1.9140818198000003	19	35	0.227250368913	0.757009345794	19	107
2558	train	LG+G4	LG	True	False	False	1.5319		-6686.8296	13633.6591	13967.0244	38.3569467467	0.29734067245503876	0.2417319072	5.3816027356000005	2.67644885035	66	129	0.344223484848	0.697916666667	66	96
256	train	LG+F+G4	LG	True	False	True	1.0333		-26999.0577	54260.1153	54764.7538	81.6421143137	0.7355145433666668	0.4383249782	6.2223983786999995	2.9017286737999997	57	111	0.315234926396	0.752873563218	57	348
2560	train	LG	LG	False	False	False			-133.5369	277.0738	281.5257	1.5405869935999998	0.30811739872	0.1489851826	0.9869257133	0.27682923979999996	4	5	0.0138888888889	0.111111111111	4	18
2562	train	LG	LG	False	False	False			-1831.3497	3696.6994	3739.5698	8.3953954497	0.4938467911588236	0.4785305551	4.2890339432	1.9731294878999999	10	17	0.054347826087	0.79347826087	10	92
2569	train	LG	LG	False	False	False			-4591.7492	9249.4985	9347.5023	22.2872354371	0.6753707708212122	0.4105117014	6.880154768800001	2.34306784325	18	33	0.236882716049	0.868055555556	18	144
257	train	WAG+G4	WAG	True	False	False	1.4628		-8519.6611	17091.3221	17195.6151	13.8752955158	0.5550118206319999	0.2358878232	5.9749002539	5.0565064046499995	14	25	0.181897759104	0.723039215686	14	408
2570	train	LG+G4	LG	True	False	False	1.2813		-3063.8594	6183.7189	6264.0099	10.7570929222	0.3984108489703704	0.3349128269	3.1906989504000003	1.5944215073999999	15	27	0.102564102564	0.769230769231	15	130
2571	train	LG+G4	LG	True	False	False	1.9661		-3826.8398	7713.6796	7799.2405	16.2024506711	0.5587051955551724	0.3415064923	3.0341551429	1.21345781495	16	29	0.04931640625	0.859375	16	128
2572	train	LG+G4	LG	True	False	False	1.1504		-40295.4381	81282.8763	82490.0487	106.8845337464	0.3098102427431884	0.2211751729	5.6816093517	3.2043943391999994	174	345	0.351334663247	0.818181818182	174	242
2574	train	LG	LG	False	False	False			-2647.6319	5329.2637	5378.0118	11.3396548296	0.6670385193882353	0.5320050181	3.6120748104	1.82397171165	10	17	0.106923076923	0.584615384615	10	130
2575	train	LG+G4	LG	True	False	False	0.8511		-1971.4822	3986.9644	4049.5365	4.7010461183	0.22385933896666665	0.1628119549	1.3680720111000002	1.0291507997	12	21	0.0380577427822	0.645669291339	12	127
2576	train	WAG+G4	WAG	True	False	False	0.4779		-1641.6762	3327.3523	3392.8405	2.8675365627000002	0.13654936012857144	0.1360285787	0.9425797432	0.7117260421	12	21	0.0522988505747	0.4	12	145
2577	train	LG+G4	LG	True	False	False	1.5419		-9635.9797	19395.9594	19611.5002	24.1290914893	0.39555887687377045	0.2782363205	7.002907781899999	5.0743140937	32	61	0.247384937238	0.832635983264	32	239
2579	train	LG+G4	LG	True	False	False	1.3386		-6440.5469	12961.0939	13089.4733	16.939313841	0.43434138053846155	0.3316501027	3.5204990285	2.0880068031	21	39	0.0580275826177	0.830601092896	21	183
258	train	LG+G4	LG	True	False	False	0.8339		-4315.2942	8678.5885	8756.6431	13.21739927	0.5746695334782609	0.3426220597	5.4353579199	1.5812363307	13	23	0.0741039065646	0.780104712042	13	191
2580	train	WAG+G4	WAG	True	False	False	0.9238		-4088.9923	8281.9847	8426.9342	13.9585173595	0.2736964188137255	0.2148467257	2.048264921	1.0842618893	27	51	0.111419753086	0.725	27	120
2581	train	LG+G4	LG	True	False	False	2.2713		-804.9964	1625.9928	1644.8464	5.2659025285	0.7522717897857143	0.4642642477	2.2968841095	0.8709842465	5	7	0.0820512820513	0.115384615385	5	78
2582	train	LG+F+G4	LG	True	False	True	1.4512		-28796.7982	58091.5963	58965.434	54.5555841208	0.23823399179388646	0.1776984306	6.9547243205000004	4.050001587200001	116	229	0.27066173391	0.854251012146	116	247
2583	train	LG+G4	LG	True	False	False	1.572		-17615.0685	35558.137	36042.8927	69.446453493	0.42605186192024547	0.295482581	5.9437648655	3.5510490928999996	83	163	0.145341931105	0.908450704225	83	142
2584	train	LG+G4	LG	True	False	False	0.9862		-5611.4509	11266.9018	11349.1773	7.333227605	0.34920131452380954	0.2335979849	3.2841683550000003	0.7671058751	12	21	0.0495712754555	0.633440514469	12	311
2587	train	LG+G4	LG	True	False	False	1.0203		-7564.0467	15192.0934	15309.968	14.4344227322	0.4656265397483871	0.3060843326	2.7684168682	1.8586044299999998	17	31	0.153461384554	0.741496598639	17	294
2588	train	LG+G4	LG	True	False	False	0.712		-8111.0725	16462.1451	16807.1687	37.7334028955	0.31708741928991596	0.2085529395	4.347225396300001	1.8953058819000002	61	119	0.177324490051	0.748091603053	61	131
2589	train	LG+G4	LG	True	False	False	0.9098		-7200.5162	14477.0323	14614.6076	14.5660134398	0.39367603891351355	0.2390522655	6.594672652700001	2.91601747915	20	37	0.162137681159	0.75	20	276
2590	train	LG+G4	LG	True	False	False	0.788		-7668.0572	15508.1144	15770.402	23.8335827918	0.2803950916682353	0.2112322403	2.4047252663	1.45456640625	44	85	0.201631701632	0.685897435897	44	156
2593	train	mtART+G4	mtART	True	False	False	0.9809		-3583.0293	7290.0587	7447.0799	25.6936462072	0.42120731487213114	0.207426607	4.857792469	2.71375161025	32	61	0.0887096774194	0.795698924731	32	93
2596	train	WAG+G4	WAG	True	False	False	1.8409		-5848.0205	11892.0411	12149.2884	29.3606037802	0.3026866369092784	0.2054782193	3.9773296639000004	2.1296601627500005	50	97	0.335882352941	0.754901960784	50	102
2598	train	VT+G4	VT	True	False	False	1.5644		-2661.8115	5371.623	5437.9152	9.360760320199999	0.40698957913913036	0.2378070272	2.7277917235999998	0.9582782723000001	13	23	0.0867850098619	0.675213675214	13	117
2599	train	LG+G4	LG	True	False	False	1.3201		-1309.244	2670.488	2722.2016	17.9630005192	0.718520020768	0.5806035724	3.5915227206	2.56552208115	14	25	0.164021164021	0.722222222222	14	54
2601	train	LG+G4	LG	True	False	False	1.6531		-7494.2112	15228.4225	15546.8977	49.7361975312	0.4179512397579832	0.1792829619	12.1433594103	4.3113259784	61	119	0.281030444965	0.819047619048	61	105
2603	train	LG+G4	LG	True	False	False	0.9054		-14944.7341	30173.4682	30626.077	45.9784182449	0.32608807265886525	0.1903296219	13.7442950676	12.905195716700003	72	141	0.118637492241	0.882681564246	72	179
2605	train	LG+G4	LG	True	False	False	0.8756		-3902.156	7896.3119	8036.6053	14.4413812332	0.32091958296	0.1774905962	6.8185440556	1.8971935524	24	45	0.183760683761	0.724358974359	24	156
2607	train	WAG+G4	WAG	True	False	False	1.1382		-2458.8158	5025.6317	5143.873	11.0946117178	0.20933229656226415	0.1946421708	1.5861494090000001	1.1047701338499998	28	53	0.000541125541126	0.833333333333	28	66
2608	train	LG+G4	LG	True	False	False	0.7836		-5251.463	10674.926	10896.3511	27.6524832192	0.3253233319905882	0.1587794542	4.4556052009	2.4065690824	44	85	0.122539831303	0.824742268041	44	97
2609	train	WAG+G4	WAG	True	False	False	1.1814		-801.2299	1622.4599	1646.768	3.7067762183	0.41186402425555557	0.1508694732	1.6818390683	1.08498302195	6	9	0.0297619047619	0.214285714286	6	84
261	train	LG+G4	LG	True	False	False	1.031		-6336.1735	12720.3469	12809.1576	13.7800323358	0.5991318406869565	0.2739363363	4.6065717557	2.3896925549000003	13	23	0.0565989194752	0.799331103679	13	299
2611	train	WAG+G4	WAG	True	False	False	0.3696		-442.9035	953.8071	989.3208	9.9655404119	0.3019860730878788	0.158552701	3.4593600529	1.5439100048999999	18	33	0.021164021164	0.47619047619	18	21
2612	train	LG+G4	LG	True	False	False	1.1848		-26222.4028	52720.8056	53325.7295	79.777556374	0.5823179297372263	0.3815034516	6.7394227692	3.91734542	70	137	0.671597490347	0.432432432432	70	592
2613	train	LG+G4	LG	True	False	False	1.6266		-3062.9157	6185.8314	6273.4308	8.4619371797	0.29179093723103444	0.1987372856	3.5040311944	2.8764567456	16	29	0.0574817518248	0.839416058394	16	137
2615	train	LG+G4	LG	True	False	False	0.7223		-3545.892	7187.784	7299.0234	46.7052699248	0.9937291473361702	0.8322210447	8.9588643075	4.2082732063	25	47	0.0736	0.88	25	75
2616	train	WAG+G4	WAG	True	False	False	1.4311		-9323.5556	18767.1113	18988.5328	19.9403526619	0.3379720790152542	0.1878451514	6.646752203699999	3.0043024786	31	59	0.364102005231	0.655405405405	31	296
2617	train	LG+G4	LG	True	False	False	0.5927		-3575.9105	7183.821	7240.9755	11.6613831682	0.7774255445466667	0.3089064576	3.1174589524	1.7886385753000003	9	15	0.207858048162	0.486692015209	9	263
2620	train	VT	VT	False	False	False			-587.0336	1192.0671	1208.7185	3.9146259708	0.4349584412	0.297211421	2.1411647702	1.13316951085	6	9	0.0673758865248	0.425531914894	6	47
2623	train	VT+G4	VT	True	False	False	1.1386		-547.0965	1134.193	1162.8727	5.5570269682	0.29247510358947365	0.2526151727	1.6028693334	0.9022972213	11	19	0.143695014663	0.612903225806	11	31
2624	train	LG+G4	LG	True	False	False	1.8768		-3096.2502	6268.5004	6364.7392	15.2375712512	0.41182625003243245	0.3775033979	2.4295628267	1.26977699075	20	37	0.106451612903	0.827956989247	20	93
2626	train	LG+G4	LG	True	False	False	1.2492		-2858.5183	5777.0367	5854.278	25.7442594648	0.8877330849931034	0.4841563506	6.144938193	2.39347791495	16	29	0.197809278351	0.742268041237	16	97
2628	train	WAG	WAG	False	False	False			-587.6033	1185.2067	1196.727	1.9997830039	0.39995660078	0.3723749081	0.7812367765	0.58246839445	4	5	0.0135135135135	0.0675675675676	4	74
263	train	LG+G4	LG	True	False	False	0.7217		-52835.7745	106471.5489	108194.059	166.1896984547	0.4165155349741854	0.3066713067	7.640248662	4.1049147172	201	399	0.682990158696	0.443430656934	201	548
2630	train	cpREV	cpREV	False	False	False			-1385.3083	2788.6165	2812.5875	5.1252154691	0.5694683854555556	0.4570864428	2.3284490151	2.0347754782500003	6	9	0.0377358490566	0.339622641509	6	106
2634	train	LG+G4	LG	True	False	False	2.3695		-3367.9705	6775.941	6838.657	11.8157837761	0.6218833566368421	0.3910316176	2.6261743971	1.786460528	11	19	0.193582887701	0.564705882353	11	170
2636	train	LG+G4	LG	True	False	False	1.284		-6536.7361	13117.4722	13203.2096	10.183800531	0.4849428824285714	0.3322866996	4.617685904099999	3.8582693039999993	12	21	0.177884615385	0.681318681319	12	364
2638	train	WAG+G4	WAG	True	False	False	1.1465		-2734.6927	5505.3854	5558.842	11.0580203543	0.6504717855470589	0.5422173696	3.7825003176000003	3.65611278135	10	17	0.0951388888889	0.652777777778	10	144
2640	train	LG+G4	LG	True	False	False	0.9332		-1850.1583	3720.3165	3750.2886	6.3354610106	0.703940112288889	0.4896841047	2.4175033315	1.8193219203000002	6	9	0.0157657657658	0.297297297297	6	148
2642	train	LG+G4	LG	True	False	False	0.876		-2355.7297	4783.4594	4875.018	12.2005586197	0.3485873891342857	0.1790829382	4.764554957600001	2.7301100379	19	35	0.116461366181	0.723404255319	19	94
2645	train	LG+G4	LG	True	False	False	2.1269		-2196.5467	4485.0934	4566.1086	21.6169608728	0.48037690828444446	0.3456935878	4.5135926958	3.4555564602	24	45	0.0077519379845	0.976744186047	24	43
2647	train	LG+G4	LG	True	False	False	1.2553		-19057.6486	38527.2972	39134.7417	80.1943175404	0.39119179287999994	0.2888456819	6.2779281504	2.9690621093000003	104	205	0.217403164212	0.836879432624	104	141
2648	train	LG+F+G4	LG	True	False	True	3.0119		-22955.1346	46128.2692	46556.3041	73.1352819904	0.8217447414651686	0.6859197268	8.197714961199999	5.399186845499999	46	89	0.425797101449	0.677333333333	46	375
265	train	LG+G4	LG	True	False	False	4.6907		-648.4636	1356.9273	1402.7181	6.619371943	0.2282542049310345	0.1249851373	4.736518215899999	1.73055022945	16	29	0.115808823529	0.794117647059	16	34
2650	train	LG+G4	LG	True	False	False	0.823		-5414.435	10872.87	10952.7566	23.1446151305	1.1021245300238096	0.573199382	5.9128660409	2.9947261636	12	21	0.273894862605	0.562724014337	12	279
2651	train	LG+G4	LG	True	False	False	0.7864		-5503.4593	11206.9185	11437.325	40.0342361239	0.40438622347373737	0.2547630962	4.7239529482	3.6763444092000004	51	99	0.0540540540541	0.878378378378	51	74
2652	train	JTT+G4	JTT	True	False	False	1.5907		-3877.3438	7786.6877	7844.2031	5.2978866584	0.3531924438933334	0.2829811356	2.4413596888	1.9157019409	9	15	0.0665014456836	0.64312267658	9	269
2654	train	LG+G4	LG	True	False	False	0.9627		-8287.1712	16690.3425	16884.7503	23.099751863199998	0.4052588046175438	0.2980036764	5.6661209566999995	4.24264659555	30	57	0.192890995261	0.772511848341	30	211
2655	train	LG+G4	LG	True	False	False	1.1633		-13024.3566	26100.7132	26216.9137	10.4230995754	0.41692398301600003	0.299698893	3.4024542430999993	2.58283059765	14	25	0.172535991141	0.651162790698	14	645
2656	train	LG+G4	LG	True	False	False	1.1928		-2913.5269	5875.0539	5951.95	5.7685581665	0.2508068768043478	0.1458137437	2.7828356659	1.8937945828	13	23	0.153846153846	0.587912087912	13	182
2657	train	LG	LG	False	False	False			-2172.8567	4383.7134	4431.6274	18.474111416	0.9723216534736842	0.6705377438	5.7893161737	2.7132291659	11	19	0.138339920949	0.75	11	92
2658	train	WAG+G4	WAG	True	False	False	2.3494		-20830.1774	41900.3549	42324.835	54.0327715575	0.4540569038445378	0.3177356142	4.3334035311	2.9705548377	61	119	0.323544597909	0.814960629921	61	254
266	train	WAG+G4	WAG	True	False	False	3.0818		-12116.5037	24401.0075	24671.9702	23.2194119528	0.27975195123855423	0.1697966469	2.1348060337	1.5749230741000002	43	83	0.0590147536884	0.94623655914	43	186
2662	train	LG+G4	LG	True	False	False	2.4628		-1225.584	2471.168	2498.353	3.7044428134	0.41160475704444444	0.3520523089	1.1795202906	0.8843444161	6	9	0.0416666666667	0.392857142857	6	112
2664	train	LG+G4	LG	True	False	False	0.9795		-18978.2815	38312.5631	38873.849	74.1163007753	0.4187361625723164	0.2828576606	4.723739518200001	2.1831028655499995	90	177	0.195761078998	0.849710982659	90	173
2670	train	VT	VT	False	False	False			-988.8906	1991.7812	2008.7969	7.1806557413	1.0258079630428572	0.5654947809	3.322234117	1.2088615349	5	7	0.1	0.119047619048	5	84
2673	train	LG+G4	LG	True	False	False	1.686		-2915.4357	5878.8714	5949.4708	8.4077846649	0.36555585499565213	0.27273681	2.1452212336	1.3362294506999999	13	23	0.140659340659	0.642857142857	13	140
2676	train	JTT+F+G4	JTT	True	False	True	1.1515		-2946.5884	5987.1768	6128.9889	6.9779219711	0.2584415544851852	0.140496735	1.7002871749000001	0.8273267853	15	27	0.0697571743929	0.668874172185	15	151
2677	train	LG+G4	LG	True	False	False	0.7981		-821.7252	1675.4503	1706.975	6.9867940959	0.46578627306	0.347731425	2.9959306544	1.5609676581	9	15	0.0041928721174	0.603773584906	9	53
2678	train	LG+G4	LG	True	False	False	0.8278		-2577.7177	5283.4353	5422.5961	26.3056554177	0.4175500859952381	0.3096106927	3.8261844166999994	2.0876916316000003	33	63	0.276923076923	0.615384615385	33	65
2679	train	LG+G4	LG	True	False	False	1.5254		-5104.5901	10353.1803	10545.6239	31.7528024417	0.44722256960140844	0.3617330192	4.009081574	1.9180748187	37	71	0.326092447588	0.710280373832	37	107
268	train	LG+G4	LG	True	False	False	1.1359		-24770.8694	49677.7388	49965.1432	27.7604884453	0.4143356484373134	0.340546312	6.515771653800001	5.5971095097	35	67	0.180914737436	0.843873517787	35	506
2680	train	WAG+G4	WAG	True	False	False	2.0765		-10223.1947	20590.3893	20807.6335	64.3510960465	0.906353465443662	0.6172554492	9.0650612358	3.9451129921	37	71	0.265437623054	0.781456953642	37	151
2681	train	LG+G4	LG	True	False	False	1.0389		-1989.9762	4043.9525	4115.4439	15.7487683763	0.508024786332258	0.410668671	2.7665673276000002	2.0905409287000003	17	31	0.106564364876	0.753623188406	17	69
2682	train	LG+G4	LG	True	False	False	1.0969		-8135.5058	16335.0116	16461.1812	10.028134982500001	0.3234882252419355	0.1791543272	3.1741669422000003	2.4301953729000005	17	31	0.186814883434	0.640419947507	17	381
2685	train	LG+F+G4	LG	True	False	True	1.2146		-6644.3888	13486.7777	13759.3831	45.5304551429	0.5763348752265823	0.3557329984	5.050761705299999	3.1776845951	41	79	0.254625735913	0.76724137931	41	116
2686	train	LG+G4	LG	True	False	False	1.8656		-23451.953	47091.906	47472.1365	39.1335179638	0.420790515739785	0.2735880215	4.9804140565	3.3541044363	48	93	0.359399684044	0.739336492891	48	422
2687	train	LG+G4	LG	True	False	False	1.6802		-13434.7235	26909.4469	27001.4171	11.7049551916	0.6160502732421053	0.3230307255	5.2889807644	4.6405123099	11	19	0.143547188506	0.723433242507	11	734
2688	train	LG+G4	LG	True	False	False	1.4897		-15874.9183	31873.8367	32136.2485	49.0373777952	0.8038914392655738	0.4996487098	8.821803336399999	4.4832495596	32	61	0.567841355599	0.453831041257	32	509
2689	train	LG+G4	LG	True	False	False	1.1748		-2505.6032	5051.2064	5108.0902	9.284319011100001	0.4886483690052632	0.3878036577	2.9499322637	1.1933556006000001	11	19	0.0680028632785	0.614173228346	11	127
2691	train	LG+G4	LG	True	False	False	1.0813		-7650.5662	15369.1324	15500.0095	9.2824382195	0.28128600665151515	0.1074912302	2.8866361236	1.1973457533	18	33	0.125680435479	0.64265129683	18	347
2692	train	WAG	WAG	False	False	False			-2019.5528	4069.1056	4114.2652	3.3781063611	0.22520709074	0.1614357137	1.4540896340999998	0.8540347852	9	15	0.00888888888889	0.586666666667	9	150
2694	train	LG+G4	LG	True	False	False	0.7005		-7448.7542	15045.5085	15277.121	24.3036325058	0.3329264726821918	0.2086959648	4.3888288663	2.2367330978	38	73	0.211616318904	0.715976331361	38	169
2695	train	LG+G4	LG	True	False	False	2.0474		-6972.096	14076.192	14264.9397	40.2443246434	0.6191434560523077	0.402788266	4.833531776999999	2.7578377600499997	34	65	0.229366165071	0.806201550388	34	129
2696	train	LG+F+G4	LG	True	False	True	0.8091		-5540.9821	11327.9642	11611.3642	38.8211676228	0.37690454002718443	0.253909766	6.435384900999999	4.416268260100001	53	103	0.0147883732789	0.986486486486	53	74
2697	train	LG+F+G4	LG	True	False	True	1.0771		-31901.5949	64129.1898	64747.9472	62.5066305634	0.43710930463916087	0.338686895	6.4614268163999995	5.0541196654	73	143	0.251863263522	0.890577507599	73	329
27	train	LG+G4	LG	True	False	False	1.0683		-10241.0823	20706.1645	21026.4635	63.0611743289	0.5681186876477478	0.4756298236	5.6950963967	2.2853689579	57	111	0.266285869713	0.798449612403	57	129
270	train	cpREV+G4	cpREV	True	False	False	0.4377		-1423.0117	2878.0234	2921.5194	4.2930133372	0.28620088914666664	0.2101256297	1.3667781738000002	0.5908707464	9	15	0.0396825396825	0.303571428571	9	112
2703	train	LG+G4	LG	True	False	False	1.164		-5121.0744	10302.1487	10406.4426	7.7131222381	0.26596973234827587	0.1955527936	1.5785743620000001	0.75621348315	16	29	0.0910041841004	0.627615062762	16	239
2704	train	LG+G4	LG	True	False	False	1.6599		-619.3952	1250.7903	1264.0185	5.8896059546999995	1.1779211909399998	0.4967263	3.233714022	1.32794492285	4	5	0.00746268656716	0.0298507462687	4	67
2706	train	WAG+G4	WAG	True	False	False	2.0944		-8994.3527	18224.7054	18567.5278	39.8045138031	0.3402095196846154	0.2347381967	3.2390877167	2.1429667906	60	117	0.357407407407	0.8	60	135
271	train	LG+G4	LG	True	False	False	0.9057		-11942.724	24101.4481	24467.9598	42.9747965928	0.4016336130168224	0.2635133251	5.5956467474	2.3102742717	55	107	0.430991735537	0.718181818182	55	220
2710	train	LG+F+G4	LG	True	False	True	1.4041		-9176.1707	18586.3414	18920.029	58.8906498985	0.6071201020463918	0.3537184309	9.474069463	4.828614876750001	50	97	0.26984375	0.796875	50	128
2711	train	WAG+G4	WAG	True	False	False	1.262		-2462.2649	4980.5298	5055.8875	10.8217638921	0.4008060700777778	0.3007249304	3.4400250444000005	1.2029717247	15	27	0.155351681957	0.752293577982	15	109
2712	train	WAG+G4	WAG	True	False	False	1.2672		-1365.6294	2779.2587	2829.9197	10.824588007500001	0.4706342611956522	0.3639615948	2.9706706013999997	2.5848295144	13	23	0.119798234552	0.606557377049	13	61
2713	train	LG+G4	LG	True	False	False	1.3463		-12096.8151	24277.6303	24437.5723	21.6188843646	0.5272898625512195	0.4697893299	2.7441798562999997	2.19512780475	22	41	0.169123669124	0.774774774775	22	333
2714	train	LG+F+G4	LG	True	False	True	0.7162		-37934.3577	76362.7154	77293.4907	80.91574608009999	0.3564570311898678	0.2287679814	5.0759101837000005	2.2383654534	115	227	0.335760869565	0.715625	115	320
2716	train	LG+G4	LG	True	False	False	2.8264		-3217.0478	6502.0955	6594.2195	22.8722930948	0.6930997907515152	0.389525823	12.233364768500001	2.06116013735	18	33	0.224724724725	0.810810810811	18	111
272	train	WAG+G4	WAG	True	False	False	2.8726		-1436.3408	2920.6817	2972.867	6.8442359746	0.2975754771565217	0.2134498755	1.6848799755	1.0034652455	13	23	0.0295857988166	0.738461538462	13	65
2720	train	JTT	JTT	False	False	False			-581.9612	1173.9223	1185.5097	1.8086109061	0.36172218122	0.1432439135	1.0141033644	0.424649696	4	5	0.01	0.0666666666667	4	75
2721	train	LG+G4	LG	True	False	False	4.5129		-4236.9967	8565.9934	8690.2155	18.4484527027	0.40996561561555556	0.2936534291	4.511014869699999	2.87801597985	24	45	0.14053030303	0.836363636364	24	110
2722	train	LG	LG	False	False	False			-1201.3133	2424.6267	2450.9656	4.8580397631	0.44163997846363634	0.2806895107	2.3087478303999998	0.8733739508999999	7	11	0.010582010582	0.58024691358	7	81
2723	train	LG+F+G4	LG	True	False	True	1.0753		-3066.8458	6183.6915	6279.1193	9.554202246700001	1.9108404493400002	1.4306806986	5.5036472282	1.74175428665	4	5	0.0997023809524	0.0178571428571	4	336
2724	train	WAG	WAG	False	False	False			-574.4813	1158.9626	1170.6816	1.5765322954	0.31530645908	0.3020251364	0.6978588055	0.5326486783	4	5	0.0844155844156	0.0779220779221	4	77
2725	train	JTT	JTT	False	False	False			-1192.5079	2399.0158	2423.5816	0.3452495498	0.049321364257142855	0.0424826716	0.1230983475	0.09234570040000001	5	7	0.0	0.0526315789474	5	247
2726	train	VT+G4	VT	True	False	False	0.7215		-707.094	1426.188	1442.1118	0.951971166	0.19039423319999998	0.1638194091	0.3273658098	0.26190051329999997	4	5	0.0	0.0380952380952	4	105
2727	train	LG+G4	LG	True	False	False	1.1351		-1661.0462	3394.0925	3454.8922	27.3581072345	0.7816602067	0.5651196104	11.167766261899999	5.7313069128	19	35	0.0	0.925	19	40
2728	train	WAG+G4	WAG	True	False	False	0.7664		-2554.3286	5168.6573	5254.9132	17.344507912	0.598086479724138	0.3670432057	3.0614437271999995	1.7935152914999999	16	29	0.357347328244	0.435114503817	16	131
2731	train	mtART+F+G4	mtART	True	False	True	1.1046		-1551.4486	3160.8971	3260.8525	2.7852603201	0.3094733689	0.2242794673	1.3939868645	0.5035421301	6	9	0.224856321839	0.228448275862	6	232
2732	train	LG+F+G4	LG	True	False	True	1.5506		-26911.4597	54016.9194	54419.5279	46.2126235994	0.6001639428493506	0.4840126126	4.699023198400001	3.94169257365	40	77	0.331876332623	0.688699360341	40	469
2734	train	LG+G4	LG	True	False	False	1.7382		-1352.8018	2721.6036	2744.4199	3.9821291754	0.5688755964857143	0.4611036999	1.2848494587	0.9911485872999999	5	7	0.040625	0.1484375	5	128
2735	train	LG+G4	LG	True	False	False	1.7382		-2732.572	5493.1441	5539.529	11.9934221584	0.9225709352615384	0.3683153402	4.3060519442	2.4814290790999998	8	13	0.179802955665	0.512315270936	8	203
2736	train	LG+G4	LG	True	False	False	1.7143		-2759.2141	5602.4282	5695.0253	15.7638319807	0.3844837068463414	0.3168890722	4.9177790594	3.78571015245	22	41	0.0291723202171	0.940298507463	22	67
2739	train	LG+F+G4	LG	True	False	True	1.3072		-8722.3642	17502.7283	17638.2539	5.1551392971	0.5727932552333334	0.424102105	2.9034706828	1.2930121095	6	9	0.0665823851665	0.245259165613	6	791
274	train	LG+G4	LG	True	False	False	1.809		-8600.5411	17245.0822	17333.2761	11.012758611099999	0.5244170767190476	0.2914201571	4.079121424399999	1.14099502805	12	21	0.102375102375	0.7542997543	12	407
2740	train	WAG	WAG	False	False	False			-3359.0648	6788.1297	6888.2231	10.2839882779	0.2938282365114286	0.2697839535	3.8943225845	3.6304655399999994	19	35	0.205630354957	0.806201550388	19	129
2742	train	JTT+G4	JTT	True	False	False	0.5715		-1190.0901	2392.1803	2412.5964	1.8851318703	0.37702637406	0.0246497471	1.5477495793	0.18101487745	4	5	0.168918918919	0.00900900900901	4	222
2743	train	JTT	JTT	False	False	False			-751.0098	1512.0196	1526.8338	0.5356165435	0.1071233087	0.0811103256	0.256591463	0.1249685951	4	5	0.0856643356643	0.020979020979	4	143
2748	train	LG+G4	LG	True	False	False	1.3839		-4885.9062	9799.8125	9853.3351	8.473743541	0.6518264262307691	0.5319590742	4.2279768456	0.97744210725	8	13	0.13424556213	0.467455621302	8	338
2749	train	LG	LG	False	False	False			-984.064	1978.1279	1993.0116	1.5554721136	0.31109442272	0.1334687507	1.0592093741	0.21474687095	4	5	0.0568965517241	0.0413793103448	4	145
2751	train	LG+G4	LG	True	False	False	2.0379		-1312.3261	2668.6523	2717.4814	6.9772670792	0.3322508132952381	0.1753862603	1.97954015	0.7739571947999999	12	21	0.0343137254902	0.705882352941	12	68
2753	train	LG	LG	False	False	False			-1229.8486	2473.6971	2494.8181	3.2814787001	0.4687826714428572	0.2208222625	1.3991270936	1.1732896530999999	5	7	0.0834437086093	0.198675496689	5	151
2754	train	WAG	WAG	False	False	False			-2580.2074	5178.4149	5208.2338	4.8592601098	0.5399177899777778	0.3213255987	1.728950775	0.8774278251500001	6	9	0.0689655172414	0.256157635468	6	203
2755	train	WAG	WAG	False	False	False			-1343.1964	2708.3929	2737.3749	4.1307032153	0.3755184741181818	0.3018478578	1.5427113050999999	0.9987091700999999	7	11	0.0499306518724	0.543689320388	7	103
2757	train	LG	LG	False	False	False			-964.8419	1939.6838	1953.0945	4.6029192336	0.9205838467199999	0.4073645247	2.4185129115	1.9586159212	4	5	0.0462962962963	0.111111111111	4	108
2759	train	LG+F+G4	LG	True	False	True	0.9026		-6360.3823	12926.7646	13202.066	31.7447135403	0.38246642819638554	0.28559301	5.0784416438	3.0339718479	43	83	0.0562921104108	0.878504672897	43	107
2760	train	LG+G4	LG	True	False	False	1.1892		-2243.7491	4511.4982	4551.4908	3.2008142273	0.29098311157272727	0.229436448	1.0440311449	0.7808151982	7	11	0.0545203588682	0.304347826087	7	207
2764	train	WAG	WAG	False	False	False			-2199.4166	4472.8333	4556.0276	12.2611462785	0.33138233185135135	0.1818819639	3.4628119444000003	1.4237446244	20	37	0.145	0.857142857143	20	70
2765	train	LG+F+G4	LG	True	False	True	1.2533		-27085.4281	54772.8562	55753.3623	124.284401918	0.44229324525978647	0.2083288601	15.672838279	4.0609085758	142	281	0.348884976526	0.75	142	192
2767	train	JTT+G4	JTT	True	False	False	1.3343		-735.6898	1519.3795	1561.0836	5.2740330565	0.2293057850652174	0.1702319829	1.6392459727	1.1162853913	13	23	0.0970695970696	0.690476190476	13	42
2769	train	JTT+G4	JTT	True	False	False	1.3994		-1893.7085	3803.4171	3829.9227	3.6372457361	0.5196065337285715	0.1573415778	2.7765605588	0.4136059708	5	7	0.0137931034483	0.408866995074	5	203
2770	train	WAG	WAG	False	False	False			-1742.5817	3495.1633	3512.2215	2.3603068147	0.47206136294	0.3946732728	1.0763447226	0.60171783505	4	5	0.139508928571	0.0401785714286	4	224
2771	train	LG+G4	LG	True	False	False	1.3537		-16170.3237	32400.6474	32535.9997	13.6244950558	0.46981017433793104	0.4007373754	3.0016655333	1.6148306857499999	16	29	0.214617384844	0.677563150074	16	673
2772	train	LG+G4	LG	True	False	False	1.9473		-1647.9595	3331.919	3381.6382	4.4990229406	0.2646484082705882	0.1528540959	1.4865736027999998	0.72453606265	10	17	0.1	0.606837606838	10	117
2773	train	LG+G4	LG	True	False	False	1.3499		-4903.0951	9850.1901	9926.2072	8.0662942397	0.3841092495095238	0.3778317072	2.4155102214	1.0359676079	12	21	0.0534188034188	0.700854700855	12	234
2775	train	WAG+F+G4	WAG	True	False	True	1.0449		-18754.7092	37615.4185	37849.3318	18.6108843209	0.5639661915424242	0.3860206726	4.469102513499999	2.4555100189	18	33	0.18378870674	0.711475409836	18	610
2776	train	LG+F+G4	LG	True	False	True	3.4339		-9584.155	19354.3101	19623.1125	44.8729424874	0.6146978422931507	0.4531798253	4.6508818640000005	3.3228260047500005	38	73	0.0945785516423	0.917293233083	38	133
2779	train	JTT+G4	JTT	True	False	False	1.5049		-6686.6595	13421.319	13514.3173	11.5653302006	0.5028404435043479	0.3193549261	3.0612723391000003	1.6060718771	13	23	0.28176318064	0.525280898876	13	356
278	train	WAG+G4	WAG	True	False	False	1.2095		-4260.2225	8584.445	8679.256	12.9263729901	0.41697977387419355	0.2753786202	3.4553328962	1.4423801029	17	31	0.0300287947347	0.783216783217	17	143
2781	train	LG+G4	LG	True	False	False	1.3695		-3319.8299	6679.6597	6738.4926	15.0771425118	0.7935338164105263	0.5731840721	5.2294909677	3.7730572783	11	19	0.0480519480519	0.828571428571	11	140
2783	train	LG+G4	LG	True	False	False	1.0108		-5024.9503	10109.9007	10208.8502	13.3775126591	0.46129353996896555	0.3782406953	4.4372077035	3.0432862502	16	29	0.165	0.67	16	200
2784	train	LG+F+G4	LG	True	False	True	0.929		-30849.0574	62088.1148	62892.428	78.0328402479	0.44590194427371427	0.321699948	11.324582701	3.9431412896999998	89	175	0.539399601701	0.496717724289	89	457
2785	train	LG+F+G4	LG	True	False	True	1.2449		-8495.2743	17088.5487	17271.4824	16.818693939	0.579954963413793	0.4055234209	3.2245632474	1.6156698445500002	16	29	0.150080906149	0.73786407767	16	309
2786	train	LG+G4	LG	True	False	False	1.1554		-2793.0315	5658.063	5751.8492	10.9937257853	0.31410645100857143	0.243748913	2.5002836774999997	0.9537858109	19	35	0.0363157894737	0.75	19	100
2787	train	LG+G4	LG	True	False	False	1.0923		-20984.3763	42116.7526	42420.0101	56.2258788329	0.7702175182589042	0.5355026412	4.7088791228	2.60736709865	38	73	0.413542282673	0.633707865169	38	445
2789	train	JTT+F+G4	JTT	True	False	True	1.1399		-11071.5579	22341.1158	22665.6491	35.598078345	0.4506085866455696	0.398450004	4.0917528577999995	2.9993223369999997	41	79	0.241786958686	0.790816326531	41	196
279	train	LG+G4	LG	True	False	False	0.9744		-5613.3925	11266.7851	11343.5979	7.322021753	0.3853695659473684	0.2682755227	2.4202599559999998	1.6344187353999997	11	19	0.157505285412	0.531976744186	11	344
2793	train	LG+G4	LG	True	False	False	1.5656		-3132.8183	6325.6365	6405.5397	17.3882206016	0.5995938138482759	0.4488379124	3.3407446963	1.3520041874	16	29	0.100235849057	0.783018867925	16	106
2796	train	WAG+G4	WAG	True	False	False	1.8913		-5166.088	10396.1759	10501.7221	9.920071652	0.32000231135483875	0.2476179974	3.6319084692	2.6760431882999995	17	31	0.141470588235	0.78	17	200
280	train	LG+G4	LG	True	False	False	1.3034		-88062.3217	177144.6435	179341.7737	188.7636188627	0.37085190346306485	0.2559893404	8.9519520531	5.72050392715	256	509	0.627077641166	0.72131147541	256	549
2800	train	LG+G4	LG	True	False	False	1.9777		-10684.484	21444.968	21589.905	16.9298073537	0.4575623609108108	0.2967284177	4.3017986782	2.04011484625	20	37	0.146865671642	0.811940298507	20	335
2802	train	WAG+G4	WAG	True	False	False	1.4916		-3734.1835	7500.367	7556.9644	6.2469817822	0.41646545214666664	0.1277226776	4.008471232600001	2.4464031891	9	15	0.078302712161	0.562992125984	9	254
2803	train	LG+F+G4	LG	True	False	True	1.8528		-802.7209	1671.4418	1747.4759	3.9646268171	0.30497129362307696	0.2214918275	1.5858982836999997	0.8474904763	8	13	0.0185810810811	0.5	8	74
2805	train	LG+G4	LG	True	False	False	1.97		-6422.7523	12937.5045	13073.4726	26.1961542599	0.582136761331111	0.4390903809	3.7720952902	2.3623742001	24	45	0.103286384977	0.87323943662	24	142
2806	train	LG+G4	LG	True	False	False	1.2094		-25666.6317	51413.2635	51603.5873	15.8033719699	0.4052146658948718	0.3372380327	3.2195717449	1.6591281843	21	39	0.172943974338	0.743321718931	21	861
2808	train	LG+F+G4	LG	True	False	True	0.9733		-11645.4154	23360.8307	23528.8756	6.8501829752	0.4566788650133333	0.3915959967	1.7233618147	1.3629897256999999	9	15	0.204919045853	0.422691879867	9	899
2809	train	LG+G4	LG	True	False	False	0.8939		-4588.0344	9232.0689	9327.2175	12.7301046693	0.4714853581222222	0.3107370952	4.9767918987	1.617967736	15	27	0.17616892911	0.678733031674	15	221
281	train	LG+G4	LG	True	False	False	1.0162		-3573.0487	7222.0974	7332.4978	15.9464983012	0.430986440572973	0.174026216	9.4258214285	4.27179158025	20	37	0.118888888889	0.792592592593	20	135
2812	train	LG+G4	LG	True	False	False	1.0744		-3431.9303	6895.8605	6955.6457	4.4616298515	0.2974419901	0.1643721836	1.9956025099	0.5938105170000001	9	15	0.0885304659498	0.570967741935	9	310
2813	train	WAG+F+G4	WAG	True	False	True	0.9225		-4241.27	8572.5401	8738.3012	5.5795347255	0.22318138902	0.1826572479	2.2372643428	1.7353905364	14	25	0.216958211856	0.506802721088	14	294
2814	train	JTT	JTT	False	False	False			-5411.5063	10849.0126	10901.8418	5.2212020405	0.40163092619230767	0.142995244	2.6196703636	1.07244356845	8	13	0.106976744186	0.681395348837	8	430
2816	train	LG+G4	LG	True	False	False	1.0166		-7770.5765	15581.1531	15662.614	13.618802197700001	0.7167790630368421	0.4945729747	5.3497135315	1.5176902424	11	19	0.222664432342	0.589861751152	11	434
2819	train	LG+G4	LG	True	False	False	1.147		-3958.3068	7956.6136	8020.6937	14.710809337299999	0.7742531230157894	0.509407947	5.0567554686	1.5814078269	11	19	0.0879120879121	0.681318681319	11	182
282	train	LG+G4	LG	True	False	False	0.9979		-9874.6945	19829.389	19975.2069	17.3534247836	0.4449596098358975	0.3548620212	3.1355752719	2.0676846339	21	39	0.0900218744742	0.787985865724	21	283
2820	train	JTT	JTT	False	False	False			-1350.7997	2723.5994	2755.7992	2.2590136768	0.2053648797090909	0.1015052266	1.3890201117999998	0.38636608100000003	7	11	0.0320910973085	0.572463768116	7	138
2822	train	LG+G4	LG	True	False	False	0.9953		-7535.2522	15110.5045	15188.0592	13.0732688942	0.6880667839052631	0.5217721905	5.0512937322	1.4304634081	11	19	0.0634071810542	0.711484593838	11	357
2823	train	JTT+G4	JTT	True	False	False	0.5788		-1754.3967	3532.7934	3567.4776	11.712495111199999	1.0647722828363635	0.3781329901	7.0845536635999995	4.077669965599999	7	11	0.0558539205156	0.428571428571	7	133
2826	train	LG+G4	LG	True	False	False	1.3478		-4559.1683	9150.3365	9207.9704	7.9843524131	0.5322901608733334	0.403735155	3.3886433491999997	0.7632856883000001	9	15	0.0582205822058	0.583025830258	9	271
2827	train	WAG	WAG	False	False	False			-4144.5124	8323.0247	8380.2463	6.6452196859	0.3908952756411765	0.3123871023	1.9470847025999998	1.2786006193500001	10	17	0.0700934579439	0.644859813084	10	214
2828	train	LG+G4	LG	True	False	False	1.0272		-9999.1368	20050.2737	20159.0079	8.0071315184	0.320285260736	0.2248255758	2.1362115001	0.8737080421999999	14	25	0.0878099173554	0.665289256198	14	484
283	train	LG+G4	LG	True	False	False	1.2303		-44850.8365	90085.673	90868.5803	63.8163279744	0.3341169003895288	0.2393458431	7.728487985900001	6.381848331500001	97	191	0.302681358176	0.825688073394	97	436
2831	train	LG+G4	LG	True	False	False	0.6835		-13069.4627	26218.9254	26381.1968	18.741568958	0.4805530502051282	0.3877430472	2.4896212590999998	1.4128241004	21	39	0.164826586372	0.667447306792	21	427
2836	train	WAG+G4	WAG	True	False	False	0.9814		-2910.4349	5844.8699	5889.0728	2.1125530516	0.19205027741818181	0.1757853957	0.9858178533999999	0.7488938109	7	11	0.0481049562682	0.323129251701	7	294
2837	train	LG+G4	LG	True	False	False	1.5218		-9102.212	18248.4239	18338.5816	15.811062773	0.7529077510952381	0.4124810821	3.1522097867	1.6123446756500002	12	21	0.251685393258	0.56404494382	12	445
2839	train	LG+F+G4	LG	True	False	True	1.1385		-31328.0884	62882.1768	63345.005	62.6099793283	0.6732255841752688	0.5580748757	7.4947144854	4.150881815250001	48	93	0.303678678679	0.855855855856	48	444
284	train	LG+G4	LG	True	False	False	0.3997		-932.4413	1884.8827	1913.2455	1.4633285145000001	0.1625920571666667	0.1893728284	0.6847923309	0.36924008359999994	6	9	0.010582010582	0.214285714286	6	126
2840	train	LG+G4	LG	True	False	False	1.2439		-29187.402	58506.804	58818.7354	24.9771956061	0.3842645477861539	0.2992353489	6.1558703533	5.17897235925	34	65	0.381541825363	0.677458033573	34	834
2841	train	JTT	JTT	False	False	False			-2721.8026	5457.6053	5483.246	3.8682021828	0.5526003118285715	0.5081052094	2.3080565965	1.947627883	5	7	0.139583333333	0.277777777778	5	288
2842	train	LG+G4	LG	True	False	False	2.1508		-17470.7122	35029.4244	35226.8825	27.5638854195	0.6410205911511628	0.461868922	6.3655181263	3.9733612098	23	43	0.453841572365	0.595129375951	23	657
2843	train	LG+F+G4	LG	True	False	True	0.8755		-2648.2972	5358.5944	5471.4936	10.659571558	0.9690519598181818	0.7608213302	5.490839183	5.1633834085	7	11	0.355116514691	0.290780141844	7	282
2845	train	JTT+G4	JTT	True	False	False	0.6052		-7184.9245	14393.849	14448.2719	3.0155758395	0.27414325813636364	0.2141128399	0.7738103989	0.6238363715	7	11	0.0348330914369	0.264150943396	7	689
2846	train	LG+G4	LG	True	False	False	1.4408		-5948.1407	11924.2814	11980.7446	10.2154356507	0.7858027423615385	0.5324139375	5.407620928	2.9844964292	8	13	0.147482014388	0.419664268585	8	417
2847	train	LG+G4	LG	True	False	False	1.6301		-7802.618	15665.2359	15773.0773	24.2410229691	0.835897343762069	0.5893784588	4.8092160206	2.8072533234500003	16	29	0.197723048327	0.754646840149	16	269
2848	train	LG+G4	LG	True	False	False	0.9193		-5001.4433	10022.8866	10064.3069	4.6947024385	0.5216336042777778	0.3505514022	2.4512828808	1.6372581501499999	6	9	0.0605734767025	0.438709677419	6	465
2849	train	WAG+F+G4	WAG	True	False	True	2.6933		-3454.8449	6999.6898	7134.2593	9.3875248727	0.375500994908	0.2741657837	4.0505696047	0.8506589537	14	25	0.0830903790087	0.823129251701	14	147
285	train	LG+F+G4	LG	True	False	True	0.799		-52227.2093	105308.4187	106909.4095	196.6281664869	0.4831158881742015	0.3530457708	5.1431922263	2.4102900021	205	407	0.559297809539	0.62101910828	205	314
2850	train	cpREV+F	cpREV	False	False	True			-4288.7148	8665.4296	8800.4613	11.2375912889	0.449503651556	0.3966106766	2.8241929025	1.9663982956000001	14	25	0.0503144654088	0.842767295597	14	159
2851	train	LG+G4	LG	True	False	False	0.6071		-4729.0472	9494.0944	9566.253	4.2100230487	0.24764841462941178	0.1524656316	1.8923586559999999	1.3074372110499999	10	17	0.0963144963145	0.481572481572	10	407
2854	train	JTT	JTT	False	False	False			-6406.6294	12859.2587	12955.636	3.8972930227	0.16944752272608696	0.0973676794	2.0151098131	1.8185774797	13	23	0.236128625473	0.758196721311	13	488
2855	train	LG+G4	LG	True	False	False	1.6774		-3544.2909	7128.5817	7193.3106	11.3485730678	0.5972933193578948	0.4184173968	4.7054799294	3.2841463211	11	19	0.149903288201	0.675531914894	11	188
2856	train	WAG+G4	WAG	True	False	False	1.1435		-6750.9994	13581.9987	13722.212	12.6300186473	0.32384663198205127	0.2524109365	2.9210197231	1.8143534306	21	39	0.241385985288	0.69918699187	21	246
2857	train	JTT+F	JTT	False	False	True			-17759.5142	35603.0284	35795.5316	15.6114175651	0.6787572854391304	0.4409856608	4.7041978388	1.4142442273	13	23	0.186190020215	0.735822959889	13	723
2859	train	LG+F+G4	LG	True	False	True	2.2539		-4684.5899	9523.1798	9727.5347	26.7625595836	0.46951858918596495	0.2835712764	3.7616443534000004	1.95144829665	30	57	0.165079365079	0.828571428571	30	105
286	train	LG+G4	LG	True	False	False	1.2543		-45851.9824	92039.9648	92712.2025	76.4980363919	0.458072074202994	0.3067296505	4.9548780923999995	3.1750522857	85	167	0.263686662784	0.836633663366	85	404
2860	train	LG+F+G4	LG	True	False	True	1.0984		-3717.4652	7484.9305	7585.9963	4.4080129564	0.8816025912800001	0.7296521161	2.2573484728	1.3382863242	4	5	0.0154394299287	0.0475059382423	4	421
2862	train	LG+F+G4	LG	True	False	True	0.9745		-2585.547	5257.094	5378.018	12.3555904315	0.5371995839782608	0.3417224392	6.8680005089	0.7403297848	13	23	0.0225140712946	0.813008130081	13	123
2863	train	JTT+F+G4	JTT	True	False	True	1.6077		-5701.7582	11481.5165	11622.9937	17.5477907687	0.9235679351947369	0.8604334614	3.5381009841	2.0892386834	11	19	0.176258992806	0.640287769784	11	278
2864	train	WAG	WAG	False	False	False			-6033.7056	12093.4112	12145.5895	6.4006575589	0.49235827376153846	0.3666758631	2.7838056827999997	1.88113485205	8	13	0.1347799511	0.559902200489	8	409
2865	train	JTT+G4	JTT	True	False	False	0.8736		-4746.8678	9513.7356	9556.5956	1.7461557751	0.19401730834444444	0.1899891146	0.7759022146000001	0.47418408665	6	9	0.0158286778399	0.279329608939	6	537
2866	train	LG+F+G4	LG	True	False	True	1.9293		-8024.8395	16143.679	16325.8007	13.7571852887	0.509525381062963	0.340485398	6.2344710629	4.7930652594000005	15	27	0.258239700375	0.64606741573	15	356
2867	train	LG+G4	LG	True	False	False	0.9796		-2499.1322	5046.2644	5109.2638	10.4764845421	0.4554993279173913	0.4157741648	1.9391604313	1.1450397569000001	13	23	0.0052790346908	0.686274509804	13	102
287	train	WAG+F+G4	WAG	True	False	True	2.154		-9124.0247	18346.0494	18540.3905	11.983767368	0.4132333575172414	0.2013575841	4.7221990115	2.1634765530499998	16	29	0.157532051282	0.728205128205	16	390
2870	train	LG+G4	LG	True	False	False	1.3112		-5183.8346	10395.6693	10449.7998	7.1398583470000005	0.5492198728461539	0.5049013147	2.3399592731	1.5720680413500001	8	13	0.132082152975	0.419263456091	8	353
2871	train	LG+G4	LG	True	False	False	1.7261		-5264.496	10564.992	10631.8392	7.40892833	0.4358193135294118	0.244597309	2.9749531311	2.3496654835000004	10	17	0.0643564356436	0.709570957096	10	303
2872	train	LG+G4	LG	True	False	False	2.018		-5100.741	10257.4819	10346.5719	16.3537215614	0.605693391162963	0.4743157556	2.7236477113	1.9059535529	15	27	0.11872659176	0.803370786517	15	178
2873	train	LG+G4	LG	True	False	False	1.0779		-18568.515	37201.03	37345.215	17.5364806882	0.5656929254258065	0.5553663378	3.5890885943999997	1.2602392024	17	31	0.198012837422	0.681614349776	17	669
2874	train	LG+G4	LG	True	False	False	0.888		-15279.5026	30827.0051	31273.5894	57.9854822836	0.43598106980150375	0.2942418646	6.2771324398	3.6732038736000003	68	133	0.386544472862	0.739130434783	68	207
2875	train	LG+G4	LG	True	False	False	0.7381		-2612.5372	5265.0745	5328.1403	8.9025212377	0.4685537493526316	0.2827036809	3.5502077717000002	1.2751304524	11	19	0.212296374146	0.433526011561	11	173
2877	train	LG+G4	LG	True	False	False	1.1238		-5614.6416	11273.2831	11353.3269	10.3819344094	0.4943778290190476	0.2956960106	1.9980879966	0.98462441545	12	21	0.129300118624	0.5871886121	12	281
288	train	LG+G4	LG	True	False	False	1.6374		-8993.2438	18042.4876	18152.2918	14.6044442306	0.5409053418740741	0.2338355199	2.9163787944	2.0770640573	15	27	0.11581769437	0.782841823056	15	373
2881	train	JTT+G4	JTT	True	False	False	0.7978		-2305.2667	4750.5334	4900.5528	12.2681403092	0.17779913491594201	0.1414734535	2.2076069792	1.48917876305	36	69	0.0493827160494	0.761904761905	36	63
2884	train	LG+G4	LG	True	False	False	0.7003		-7084.6939	14301.3878	14504.3493	31.6506060382	0.48693240058769227	0.3545095991	4.1980400605	2.217410718	34	65	0.250367647059	0.66875	34	160
289	train	LG+G4	LG	True	False	False	1.464		-5851.067	11754.1341	11850.9473	10.423014071099999	0.416920562844	0.2388639816	5.1870080943	2.4755526291	14	25	0.213585434174	0.676470588235	14	306
2893	train	LG+G4	LG	True	False	False	1.2723		-1662.6724	3377.3448	3435.052	10.3121701242	0.412486804968	0.2604551754	2.6266548304	1.5833331465	14	25	0.00210084033613	0.823529411765	14	68
2895	train	LG+G4	LG	True	False	False	0.8455		-3205.8672	6507.7344	6626.6466	17.6184533429	0.37486070942340427	0.179455225	4.938612353	1.8500297423	25	47	0.0581818181818	0.818181818182	25	88
2896	train	LG+F+G4	LG	True	False	True	0.9551		-35927.2734	71968.5469	72259.4362	19.8359875615	0.5361077719324324	0.520662583	5.1100553254	3.5622782710500003	20	37	0.226973684211	0.739309210526	20	1216
2897	train	LG+F+G4	LG	True	False	True	1.1073		-38426.2756	76958.5512	77238.3185	10.887675914	0.32992957315151517	0.2492858995	3.6362800461999996	3.4513676800999997	18	33	0.0638754696726	0.810904071774	18	1449
2902	train	LG	LG	False	False	False			-1938.9215	3907.8431	3948.0751	6.8288624717	0.4552574981133333	0.4531900304	2.2835173732999996	1.9837109007	9	15	0.0606995884774	0.787037037037	9	108
2907	train	LG+G4	LG	True	False	False	1.1568		-13272.7941	26633.5883	26809.5415	25.5397770141	0.5939483026534884	0.4214586655	5.8218394418	3.7370657962	23	43	0.255151580537	0.714640198511	23	403
2908	train	LG+G4	LG	True	False	False	1.3354		-3195.7333	6455.4666	6541.5898	19.790260303	0.6383954936451613	0.3590013748	7.0041215648	2.2179698414	17	31	0.0696168375607	0.825688073394	17	109
2909	train	LG+G4	LG	True	False	False	2.2507		-7045.9382	14147.8764	14244.2641	19.37675025	0.7176574166666667	0.5398749159	6.3289200565999995	4.166277848	15	27	0.104473304473	0.865800865801	15	231
2910	train	LG+G4	LG	True	False	False	1.0284		-2963.9539	5943.9078	5974.3489	2.9519496267	0.4217070895285714	0.2295649244	1.9446483985999998	1.7542020906	5	7	0.0138554216867	0.310240963855	5	332
2913	train	LG+G4	LG	True	False	False	1.1274		-1960.9662	3961.9325	4016.4803	5.5702745509	0.2931723447842105	0.204620181	2.0612147039999997	0.8434597211999999	11	19	0.00804505229284	0.637168141593	11	113
2916	train	LG+G4	LG	True	False	False	0.7548		-7502.0486	15040.0971	15117.9678	3.8934336854	0.22902551090588233	0.1556327855	1.5660327691999998	1.50175925975	10	17	0.0456171735242	0.513416815742	10	559
2917	train	LG+G4	LG	True	False	False	1.3265		-11158.0304	22660.0609	23143.7566	40.9335041124	0.23937721703157896	0.1615888103	6.906799184900002	4.552304841800002	87	171	0.174563124942	0.878048780488	87	123
2919	train	LG+G4	LG	True	False	False	1.1132		-2370.8156	4761.6311	4795.1497	6.7027420147	0.7447491127444444	0.2861116014	3.7348977371	1.41822404155	6	9	0.0592417061611	0.421800947867	6	211
292	train	WAG+G4	WAG	True	False	False	1.0449		-2236.7968	4641.5937	4808.6683	15.543966343	0.18727670292771084	0.1381979085	2.2625277617	0.8475943169999999	43	83	0.142980189492	0.796296296296	43	54
2921	train	LG+G4	LG	True	False	False	2.1643		-3564.1985	7200.3971	7294.5414	16.6372820561	0.47535091588857137	0.3436734054	2.8607329575	1.5298901044	19	35	0.0755601875977	0.90099009901	19	101
2922	train	LG+F+G4	LG	True	False	True	0.9383		-7592.8606	15259.7212	15406.8462	13.9498382943	0.8205787231941176	0.4064321867	4.6548420981	2.3165353639	10	17	0.0266497461929	0.682741116751	10	394
2923	train	rtREV+F+G4	rtREV	True	False	True	2.4662		-2107.1499	4280.2998	4388.8126	3.9887286047	0.3068252772846154	0.1872155148	1.7525930128999998	0.8933223911	8	13	0.11553030303	0.429292929293	8	198
2924	train	WAG+G4	WAG	True	False	False	0.9277		-3569.2687	7178.5374	7245.3841	7.9376027716	0.4177685669263158	0.2557895724	2.1199596126	1.1155135765	11	19	0.149195302305	0.55023923445	11	209
2925	train	LG+F+G4	LG	True	False	True	1.1547		-17300.438	34886.8759	35366.1916	71.1549169807	0.578495260005691	0.4340128238	13.3635720666	10.176427815299999	63	123	0.288648160686	0.791469194313	63	211
2926	train	LG+G4	LG	True	False	False	0.8071		-2566.3107	5160.6213	5207.6794	6.0309217047	0.4639170542076923	0.1706525839	1.9021842039	0.7695979635	8	13	0.152582159624	0.366197183099	8	213
2927	train	rtREV+F+G4	rtREV	True	False	True	0.7842		-6323.2408	12708.4816	12838.4448	16.8711227315	1.5337384301363637	1.0711698926	7.4370472336	2.717526513	7	11	0.239848086474	0.239263803681	7	489
2929	train	LG+F+G4	LG	True	False	True	0.8816		-8879.4167	17828.8335	17981.5395	10.6110268304	0.7074017886933334	0.6812929351	3.9126785054	1.4855616335	9	15	0.174712643678	0.524137931034	9	580
293	train	LG+G4	LG	True	False	False	0.9778		-4189.4319	8422.8639	8496.0771	7.0913036165	0.33768112459523814	0.2396574039	1.6966964422	0.9867283419499999	12	21	0.00768608414239	0.669902912621	12	206
2931	train	JTT+F+G4	JTT	True	False	True	1.1301		-3348.7523	6767.5046	6884.8197	8.7784100672	0.5852273378133332	0.3604584197	3.9206768455	0.6355657147	9	15	0.0889942074776	0.445497630332	9	211
2933	train	WAG+G4	WAG	True	False	False	2.0752		-6530.1555	13200.311	13394.8497	24.565925494	0.3560279057101449	0.1987834525	3.0197473096999996	1.7804530659000002	36	69	0.151260504202	0.823529411765	36	119
2934	train	LG+F+G4	LG	True	False	True	1.1505		-7199.487	14508.974	14697.8287	25.890265875	0.7397218821428572	0.4184697402	5.1992676241	3.4377077098999997	19	35	0.214663295794	0.737991266376	19	229
2935	train	LG+G4	LG	True	False	False	0.9339		-2993.3157	6014.6313	6059.7163	11.9545509478	0.9195808421384615	0.5852143885	3.469332589	1.4706014497499997	8	13	0.0939189189189	0.437837837838	8	185
2937	train	LG+G4	LG	True	False	False	1.4155		-3618.7065	7309.413	7424.5589	13.855121219799999	0.39586060627999997	0.2122628156	3.2416486729	1.257806551	19	35	0.402442570515	0.519337016575	19	181
2938	train	LG+G4	LG	True	False	False	1.1188		-3793.7561	7627.5121	7696.4469	8.236404157800001	0.43349495567368423	0.266631906	2.0651016401	1.1949220745	11	19	0.195532915361	0.478448275862	11	232
2939	train	LG+G4	LG	True	False	False	1.0742		-21439.0173	43178.0347	43725.3808	87.0959150306	0.5845363424872483	0.3509343906	7.287358246600001	5.8289769620500005	76	149	0.423091178651	0.697183098592	76	284
294	train	LG+G4	LG	True	False	False	0.7382		-8202.1434	16476.2867	16618.5098	13.3295864469	0.38084532705428575	0.2783923126	3.6644100373	1.0608915535999999	19	35	0.247532894737	0.526041666667	19	384
2942	train	WAG+F	WAG	False	False	True			-10280.1168	20624.2336	20768.0337	6.2582429625	0.4814033048076923	0.3564266244	1.8041146968000001	1.6459102625000002	8	13	0.0805597579425	0.656580937973	8	661
2944	train	LG+G4	LG	True	False	False	0.9039		-876.9837	1765.9673	1781.948	4.4583609422	0.89167218844	0.524519164	3.2458557326	0.8685108995999999	4	5	0.0141509433962	0.0660377358491	4	106
2945	train	WAG	WAG	False	False	False			-2426.0329	4870.0658	4899.3363	5.5140526163	0.6126725129222222	0.5852724742	1.641379251	1.20143337825	6	9	0.133507853403	0.204188481675	6	191
2946	train	WAG	WAG	False	False	False			-677.1676	1368.3352	1383.768	2.6825927988	0.3832275426857143	0.4891364058	1.0911738118	0.8539947228	5	7	0.0179104477612	0.223880597015	5	67
2948	train	LG+F+G4	LG	True	False	True	1.0331		-6512.5512	13207.1023	13457.679	27.0076661765	0.38038966445774647	0.2388735095	4.5497083998	3.5448830021999997	37	71	0.0372786579683	0.931034482759	37	116
2949	train	WAG+F	WAG	False	False	True			-13516.5201	27081.0401	27208.701	3.674404105	0.734880821	0.5875990446	1.8840973965999999	1.3052928559	4	5	0.09774685222	0.0954274353877	4	1509
295	train	WAG+G4	WAG	True	False	False	0.6934		-3116.9109	6433.8217	6641.5755	26.1280163855	0.26391935742929296	0.1887236138	4.750186739900001	2.4865934956	51	99	0.197075440346	0.762711864407	51	59
2950	train	LG	LG	False	False	False			-8964.408	17978.816	18075.9686	12.2663747534	0.49065499013599995	0.3456456589	3.2468920459	2.4823820101500003	14	25	0.180158730159	0.772222222222	14	360
2952	train	LG+F+G4	LG	True	False	True	1.4737		-14610.1476	29414.2952	29764.414	25.3837310545	0.3296588448636364	0.2266121288	2.5385935694999997	1.87400145765	40	77	0.128846153846	0.846153846154	40	273
2955	train	LG+G4	LG	True	False	False	1.8973		-10813.8149	21723.6298	21896.7083	23.8614671214	0.5076907898170213	0.3541285003	5.0984749823	4.2663595637	25	47	0.215294117647	0.801470588235	25	272
2956	train	JTT	JTT	False	False	False			-1739.4634	3488.9269	3505.4434	2.1811897416	0.43623794831999996	0.5229989472	1.1371090020999999	0.73151334375	4	5	0.023631840796	0.10447761194	4	201
2957	train	LG+F+G4	LG	True	False	True	1.1954		-7760.826	15611.652	15783.9545	12.4373828015	0.49749531206000003	0.4313459645	2.8738862658	2.0658855131	14	25	0.115756302521	0.720588235294	14	340
2959	train	LG+F+G4	LG	True	False	True	2.4405		-5886.8191	11859.6381	12010.5418	15.4645537596	0.6723719025913043	0.5995146486	4.7687228181	2.253216144	13	23	0.137963251324	0.793522267206	13	247
296	train	LG+G4	LG	True	False	False	0.9378		-14718.0359	29500.0719	29645.6149	9.2918085446	0.29973575950322584	0.1974014052	3.2449313125999995	2.9206405238	17	31	0.083684476656	0.699140401146	17	698
2960	train	LG+F+G4	LG	True	False	True	1.2966		-8489.7897	17049.5794	17209.9503	10.8204973642	0.7213664909466666	0.3843207619	3.6355285281	1.5674246442	9	15	0.387503847338	0.373961218837	9	722
2962	train	LG+F+G4	LG	True	False	True	2.2491		-6056.0124	12210.0248	12376.0893	15.2831512376	0.5270052150896551	0.3960292522	3.9879842445	3.460606669	16	29	0.0579337899543	0.917808219178	16	219
2963	train	LG+G4	LG	True	False	False	0.8057		-31044.8466	62385.6933	62983.651	51.6337392559	0.35124992691088436	0.260052899	4.636690116899999	3.4074464835999994	75	147	0.315936507937	0.678571428571	75	420
2964	train	LG+G4	LG	True	False	False	1.162		-4691.3591	9410.7183	9467.0126	8.0557549109	0.6196734546846153	0.6044080866	2.1435176306	1.46197029005	8	13	0.339199029126	0.29854368932	8	412
2968	train	WAG+G4	WAG	True	False	False	0.9923		-6771.9951	13587.9902	13674.2649	6.527539528	0.31083521561904764	0.2532594514	1.4281687494	0.95110634175	12	21	0.129356568365	0.501340482574	12	373
297	train	LG+G4	LG	True	False	False	0.9383		-24581.412	49782.8241	50821.9001	99.4644197083	0.32189132591682845	0.2178165333	8.0867745965	5.546420113549999	156	309	0.477579292745	0.715639810427	156	211
2973	train	cpREV+G4	cpREV	True	False	False	0.9025		-1296.3763	2620.7526	2661.0053	2.2923435452	0.17633411886153846	0.1342922801	0.9569080137	0.6411835465	8	13	0.0209923664122	0.282442748092	8	131
2975	train	LG+G4	LG	True	False	False	0.9415		-2315.7643	4675.5286	4736.8534	10.1072103223	0.48129572963333334	0.3313338609	2.4182706394	1.42683979	12	21	0.106944444444	0.608333333333	12	120
2977	train	LG+F+G4	LG	True	False	True	3.3331		-6686.685	13499.37	13712.3035	20.9672796826	0.48761115540930233	0.3341286009	5.6764839936	4.9469834499999985	23	43	0.273091564817	0.723502304147	23	217
2978	train	LG+F+G4	LG	True	False	True	0.9663		-7925.3159	15928.6318	16088.4567	10.8173109984	0.5693321578105263	0.3595790551	3.7476605165000003	0.9847009485	11	19	0.0866189989785	0.692134831461	11	445
2979	train	LG+F+G4	LG	True	False	True	1.4131		-4546.1069	9146.2139	9254.8469	7.6550104142	1.0935729163142858	0.6530355369	3.0974234247	1.5042631588	5	7	0.0532687651332	0.128329297821	5	413
2980	train	WAG+G4	WAG	True	False	False	1.7374		-4364.956	8773.912	8850.1163	6.9210718157	0.3295748483666667	0.2643454516	3.6629199070999996	2.17261521105	12	21	0.0935734463277	0.800847457627	12	236
2981	train	WAG+G4	WAG	True	False	False	1.586		-2084.111	4196.222	4237.6036	5.9009652469	0.4539204036076923	0.3668793499	1.820627709	1.26246621305	8	13	0.132922535211	0.464788732394	8	142
2982	train	LG+G4	LG	True	False	False	1.7303		-3729.7172	7475.4344	7506.1128	5.4221613889	0.7745944841285715	0.6717680986	1.7621812333	1.2511301205	5	7	0.0637426900585	0.134502923977	5	342
2984	train	LG+G4	LG	True	False	False	0.9533		-5253.4237	10518.8473	10544.652	10.569682945	2.113936589	2.1435631745	4.5363499476	3.1883114326	4	5	0.0967889908257	0.0330275229358	4	545
2985	train	LG+G4	LG	True	False	False	1.1565		-3157.6683	6327.3366	6351.2251	2.281811841	0.45636236820000003	0.403412318	1.2637829345	0.7047471939500001	4	5	0.0107323232323	0.106060606061	4	396
2987	train	LG+F+G4	LG	True	False	True	1.0953		-9050.4885	18178.9771	18345.0261	8.1115959409	0.42692610215263155	0.2308753711	2.332615258	1.5890928252	11	19	0.0559038662487	0.687739463602	11	522
299	train	LG+G4	LG	True	False	False	1.0367		-7499.335	15050.6701	15150.1461	9.2663184962	0.370652739848	0.2303212952	1.7186921662999999	0.90960232335	14	25	0.0678466076696	0.669616519174	14	339
2990	train	LG+F+G4	LG	True	False	True	1.1571		-9452.7057	18991.4114	19167.9175	12.9426203676	0.5627226246782608	0.3956979827	4.6599987454	3.3164038601	13	23	0.117101648352	0.725446428571	13	448
2991	train	LG	LG	False	False	False			-3637.322	7288.644	7316.3348	2.4559896848	0.35085566925714284	0.3313047577	1.1852674955000002	1.0315906285	5	7	0.0471502590674	0.266839378238	5	386
2992	train	LG+G4	LG	True	False	False	1.5434		-5196.1497	10412.2995	10453.4804	5.9294752215	0.6588305801666666	0.3679186885	3.0390295333	0.6974992306000001	6	9	0.109030837004	0.187224669604	6	454
2993	train	LG+G4	LG	True	False	False	1.8713		-4929.1299	9870.2597	9896.0534	3.440431999	0.6880863998	0.5828022648	1.6556773543	0.6904592809000001	4	5	0.0248161764706	0.0441176470588	4	544
2994	train	WAG+G4	WAG	True	False	False	0.6874		-1653.6695	3335.339	3373.6458	5.8776412871	0.45212625285384617	0.4159501606	1.7121093376999998	1.14852189045	8	13	0.0361842105263	0.40350877193	8	114
2996	train	WAG+F+G4	WAG	True	False	True	0.6471		-1868.7027	3807.4055	3911.8317	6.6427780566	0.44285187044	0.4372740051	3.1030418620999995	2.1807537573999998	9	15	0.148401826484	0.383561643836	9	146
2997	train	JTT+F+G4	JTT	True	False	True	1.4731		-739.9707	1533.9413	1611.3648	1.250587697	0.17865538528571429	0.0984652493	0.9223907854	0.6021292296	5	7	0.123076923077	0.223076923077	5	130
2998	train	LG+G4	LG	True	False	False	0.6694		-1110.2661	2240.5322	2267.3535	6.3918685768	0.7102076196444445	0.405132994	2.6123573206999997	1.1685683417	6	9	0.0925925925926	0.277777777778	6	108
30	train	WAG	WAG	False	False	False			-7473.6384	15137.2767	15392.9548	25.6676600573	0.27018589534	0.1588191672	3.6198440857999996	2.3972923390000003	49	95	0.152780378206	0.899082568807	49	109
300	train	LG+G4	LG	True	False	False	0.6865		-1871.0873	3862.1747	3975.6839	13.1929029216	0.22360852409491525	0.1571633285	2.3432333481	1.0121043405	31	59	0.00724160631995	0.775510204082	31	49
3000	train	LG+G4	LG	True	False	False	1.0842		-1909.9464	3863.8929	3923.5025	8.665449736	0.4126404636190476	0.2798505947	3.8619071795	1.41883441505	12	21	0.211711711712	0.558558558559	12	111
3002	train	LG+G4	LG	True	False	False	1.5672		-3685.4711	7394.9422	7440.2368	7.4058700409	0.673260912809091	0.3800030813	4.0637904098	1.7634446225000002	7	11	0.23735581189	0.257763975155	7	322
3003	train	JTT+F+G4	JTT	True	False	True	0.8134		-5950.991	11979.982	12121.1776	36.3770110391	1.9145795283736842	1.0893367598	11.4774419291	5.9893918805999995	11	19	0.131093544137	0.713768115942	11	276
3005	train	WAG+F	WAG	False	False	True			-21258.8147	42661.6293	42968.8677	37.3094505008	0.7039518962415093	0.4792512844	4.8149519413	3.39759821295	28	53	0.383505014909	0.753320683112	28	527
3006	train	JTT+G4	JTT	True	False	False	0.9366		-3286.1171	6608.2343	6670.5832	3.5748336152999998	0.2102843303117647	0.1458282652	1.0550571348	0.5609144424	10	17	0.0237288135593	0.508474576271	10	236
3007	train	LG+F+G4	LG	True	False	True	2.0359		-9445.9896	18977.9792	19152.0162	23.987712793100002	1.0429440344826089	0.6410408988	6.5642611559	5.831844997799999	13	23	0.259865430078	0.635933806147	13	423
3008	train	LG+G4	LG	True	False	False	2.3621		-4505.9695	9055.939	9125.3114	16.860718086	0.8028913374285713	0.4816129898	4.0043423193	2.2940840792	12	21	0.0361271676301	0.832369942197	12	173
301	train	LG+G4	LG	True	False	False	0.7196		-30011.6798	60259.3595	60773.9932	58.3161849989	0.4984289316145299	0.3572798564	7.8041818244000005	6.950123516450001	60	117	0.455037420841	0.609671848014	60	579
3010	train	JTT+G4	JTT	True	False	False	1.2063		-1802.6325	3653.265	3717.1876	5.8443212803	0.25410092523043476	0.156072497	1.3443793881000001	0.642919768	13	23	0.142960812772	0.566037735849	13	106
3012	train	VT	VT	False	False	False			-1103.403	2220.8059	2241.6912	1.7838400225000002	0.25483428892857146	0.1163257297	1.3572161204000002	0.1391598681	5	7	0.0561643835616	0.102739726027	5	146
3013	train	WAG	WAG	False	False	False			-1648.0831	3318.1661	3351.7146	1.9142503355	0.17402275777272727	0.1934615882	0.7618573277	0.5019853062	7	11	0.0274725274725	0.467948717949	7	156
3014	train	LG+G4	LG	True	False	False	0.8929		-2982.2091	5976.4182	6000.2458	2.4514059164	0.49028118328000003	0.2681795278	1.9074475952999999	0.8368789862499999	4	5	0.0031887755102	0.160714285714	4	392
3016	train	LG+G4	LG	True	False	False	0.8633		-2398.9088	4825.8176	4871.1278	3.7229359942	0.2863796918615385	0.2366457376	1.3706697704000002	0.73524955855	8	13	0.032579787234	0.36170212766	8	188
3017	train	JTT+G4	JTT	True	False	False	0.5055		-4549.2072	9122.4143	9174.1769	1.6264661122	0.14786055565454545	0.1531096049	0.47200847980000005	0.3349382024	7	11	0.0483954451346	0.153985507246	7	552
3019	train	cpREV+F+G4	cpREV	True	False	True	1.39		-7147.4643	14356.9286	14487.6434	8.50582393	0.7732567209090909	0.787687591	2.1831882008	1.8058074821	7	11	0.0727117194183	0.345309381238	7	501
3020	train	LG+F+G4	LG	True	False	True	1.2561		-8398.9372	16859.8744	16997.1957	10.1269945806	0.9206358709636363	0.8564826403	4.1652231241	1.2296085129999998	7	11	0.142857142857	0.288709677419	7	620
3021	train	LG+F+G4	LG	True	False	True	1.7064		-4683.4975	9436.9949	9567.4346	9.4882353539	0.6325490235933333	0.1691314236	2.7455015294000003	2.599305071	9	15	0.0123054650742	0.472312703583	9	307
3023	train	LG+G4	LG	True	False	False	1.0042		-3331.0132	6718.0263	6802.1368	8.3833106873	0.3104929884185185	0.2236561691	1.4451886193	0.8063409059	15	27	0.0286353467562	0.671140939597	15	149
3025	train	WAG	WAG	False	False	False			-1109.3248	2244.6497	2280.4464	2.410983705	0.185460285	0.1026629282	0.8425666592000001	0.2601788537	8	13	0.20474137931	0.198275862069	8	116
3027	train	LG	LG	False	False	False			-8109.235	16396.47	16630.0926	40.0186694697	0.4496479715696629	0.2629435542	5.236540893500001	4.075993144900001	46	89	0.106777493606	0.911764705882	46	102
3028	train	LG	LG	False	False	False			-2789.0159	5596.0318	5628.0433	2.5759241723	0.28621379692222226	0.2443574713	0.6871503943	0.5144411283	6	9	0.0225225225225	0.351351351351	6	259
3032	train	WAG+G4	WAG	True	False	False	0.9315		-4604.2774	9264.5549	9355.3238	11.9972499098	0.4443425892518519	0.2741700145	2.9327150518	1.5122075415	15	27	0.079012345679	0.603174603175	15	189
3033	train	WAG+G4	WAG	True	False	False	1.3512		-4473.8604	8971.7208	9019.0344	4.3509653703	0.3955423063909091	0.2178860475	2.1382881986999998	1.7961973739	7	11	0.10498687664	0.501312335958	7	381
3034	train	LG+G4	LG	True	False	False	1.3382		-2432.9112	4897.8223	4946.7222	7.58085097	0.5053900646666667	0.5073442226	1.9354183740000002	1.3707461051	9	15	0.131634819533	0.452229299363	9	157
3035	train	LG+G4	LG	True	False	False	1.0412		-2142.5458	4321.0916	4372.8451	8.5755362741	0.5044433102411764	0.3679282052	3.5288053165999997	1.27392608765	10	17	0.158778625954	0.580152671756	10	131
3036	train	LG+F+G4	LG	True	False	True	1.7067		-5073.205	10208.41	10329.3917	6.3023938917	0.5729448992454546	0.4397602154	3.0276257897	1.391363625	7	11	0.0370804059329	0.549180327869	7	366
3039	train	LG+G4	LG	True	False	False	1.0413		-1303.2636	2654.5272	2709.8248	16.7721653966	0.7292245824608695	0.2167764835	6.7174646073	1.974858974	13	23	0.313929313929	0.486486486486	13	74
3040	train	LG+F+G4	LG	True	False	True	1.0711		-10906.7273	21871.4546	22008.4108	8.3759967013	0.9306663001444444	0.9320672753	2.5425659410000003	1.5662419344	6	9	0.0669875651825	0.219013237064	6	831
3041	train	WAG+G4	WAG	True	False	False	1.4316		-4745.7839	9507.5678	9541.8409	3.1804876651	0.4543553807285714	0.1360576971	2.1800548946	0.1493639319	5	7	0.0451492537313	0.184701492537	5	536
3042	train	WAG	WAG	False	False	False			-2172.8851	4355.7702	4373.7065	2.9492228965	0.5898445793	0.3392533092	1.4378818901	1.0891085868	4	5	0.163857677903	0.0337078651685	4	267
3043	train	LG+G4	LG	True	False	False	0.7895		-3191.4865	6410.973	6458.736	6.6921065078	0.5147774236769231	0.5773620148	2.0794774203	1.39476986305	8	13	0.0775669642857	0.415178571429	8	224
3045	train	JTT+G4	JTT	True	False	False	1.8873		-3143.7877	6311.5754	6353.0905	8.2700069157	0.7518188105181818	0.8072971847	1.8696994757	1.5457449169	7	11	0.232218844985	0.263829787234	7	235
3046	train	LG+G4	LG	True	False	False	1.8317		-1574.1941	3164.3883	3188.8382	4.5063308365	0.6437615480714286	0.7578725858	2.7966010616999997	1.8772751967	5	7	0.0331210191083	0.388535031847	5	157
3047	train	LG+G4	LG	True	False	False	1.781		-8237.881	16523.7619	16615.3726	15.8798793489	0.6904295369086956	0.3950337767	4.8811885787	3.6899984368	13	23	0.114468864469	0.800595238095	13	336
3048	train	LG+F	LG	False	False	True			-4869.3375	9802.675	9920.5495	7.1877255877	0.5529019682846154	0.6143026123	2.9358114747	1.98841186495	8	13	0.0518707482993	0.619047619048	8	294
3049	train	LG+G4	LG	True	False	False	1.0759		-2314.1881	4640.3763	4663.8085	1.1000367953	0.22000735906000002	0.1142683226	0.7129100967	0.18756702105	4	5	0.016348773842	0.0517711171662	4	367
305	train	WAG+G4	WAG	True	False	False	1.0739		-2375.108	4778.2159	4825.4049	3.3831351610000002	0.26024116623076926	0.1832244313	1.6580724720000002	0.8233914527999999	8	13	0.133139534884	0.251162790698	8	215
3052	train	JTT	JTT	False	False	False			-2802.7587	5615.5174	5634.7784	3.1343536923	0.62687073846	0.1631922489	2.8055966806	1.1987532570000001	4	5	0.0596264367816	0.295977011494	4	348
3054	train	LG+F+G4	LG	True	False	True	1.3342		-2760.9881	5595.9761	5713.284	7.9048818325	0.46499304897058824	0.4142212549	3.6817968026999996	2.82456416645	10	17	0.127272727273	0.636363636364	10	176
3056	train	LG+G4	LG	True	False	False	0.908		-2215.5176	4443.0351	4465.4932	1.4438033929	0.28876067858	0.3110383049	0.6528080549999999	0.46721494845	4	5	0.00320512820513	0.0801282051282	4	312
3057	train	LG+G4	LG	True	False	False	0.9191		-3296.498	6608.996	6641.4503	1.4389048702	0.20555783860000001	0.162731401	0.5434901754	0.4902174668	5	7	0.0121779859485	0.224824355972	5	427
3058	train	LG+G4	LG	True	False	False	1.2421		-8380.7628	16801.5256	16888.5084	11.962357535199999	0.6295977650105262	0.4905171294	5.195520746999999	3.5656388099	11	19	0.321360457724	0.484265734266	11	572
3059	train	LG+F+G4	LG	True	False	True	0.8312		-6290.8533	12635.7065	12758.431	6.8683730092	0.9811961441714285	0.2786198995	5.8883151066999995	0.5510339007	5	7	0.0603448275862	0.117816091954	5	696
306	train	LG+G4	LG	True	False	False	0.9197		-7518.0527	15088.1055	15190.5499	9.44828764	0.3779315056	0.2827576797	3.3918591484	3.08873976215	14	25	0.145488721805	0.668421052632	14	380
3061	train	JTT+F+G4	JTT	True	False	True	0.9337		-7658.4034	15370.8069	15498.3504	6.5256610545	0.9322372935	0.2656547117	5.025814304	0.7639445743	5	7	0.0411057692308	0.09375	5	832
3064	train	LG+G4	LG	True	False	False	1.7985		-1355.2901	2734.5803	2767.3089	3.5500525575	0.32273205068181815	0.2756283871	1.5020289279	0.9217813929	7	11	0.070796460177	0.362831858407	7	113
3065	train	JTT	JTT	False	False	False			-2185.4653	4380.9306	4398.7147	2.42305228	0.48461045599999997	0.2637692937	1.4348062003	0.49165833239999995	4	5	0.0299227799228	0.046332046332	4	259
3068	train	LG+G4	LG	True	False	False	1.6249		-3400.0392	6816.0785	6847.0328	4.6863581975	0.6694797425	0.3842549931	3.35626922	0.4222131155	5	7	0.102824858757	0.155367231638	5	354
3069	train	VT+F	VT	False	False	True			-3217.6132	6491.2263	6603.815	1.7560871623	0.1951207958111111	0.0986349408	1.1581348086	0.46927677765000003	6	9	0.044498381877	0.351941747573	6	412
3070	train	JTT	JTT	False	False	False			-2650.5683	5315.1365	5340.9454	3.6483334342	0.5211904906	0.2909477331	1.9494957091	0.9328445975	5	7	0.155254237288	0.138983050847	5	295
3072	train	LG+F+G4	LG	True	False	True	0.7068		-3643.905	7365.8101	7506.2927	6.2352210252999996	0.3281695276473684	0.2272535603	2.1688530868	0.8024605145	11	19	0.162026165716	0.472324723247	11	271
3074	train	LG+G4	LG	True	False	False	1.5199		-1337.057	2694.114	2722.3169	3.550619398	0.3945132664444444	0.2715315226	2.2208305158	0.6836791257499999	6	9	0.0362903225806	0.282258064516	6	124
3075	train	LG+G4	LG	True	False	False	0.9106		-4338.3399	8708.6798	8768.0995	5.7990521643	0.38660347761999997	0.3841040186	1.7000737314999999	1.4507502609999998	9	15	0.100110011001	0.481848184818	9	303
3078	train	LG	LG	False	False	False			-2379.288	4788.5761	4833.4326	6.372168343799999	0.42481122291999995	0.2742199358	1.6442108645	1.2233948654	9	15	0.118669690098	0.707482993197	9	147
3079	train	WAG	WAG	False	False	False			-3092.5794	6227.1588	6289.2311	7.1400546522	0.3400026024857143	0.2727751937	1.7515903235999999	1.290381204	12	21	0.111502347418	0.760563380282	12	142
3080	train	LG+G4	LG	True	False	False	0.8295		-4178.9654	8389.9307	8448.5936	5.9301908276	0.3953460551733333	0.2050183424	2.5439698575	2.1307187466	9	15	0.041138023837	0.529411764706	9	289
3081	train	LG+G4	LG	True	False	False	0.8752		-4098.799	8237.598	8308.8116	7.0938818806	0.37336220424210526	0.1912617679	1.5430117395999998	1.1049321887999999	11	19	0.138811188811	0.426923076923	11	260
3082	train	WAG+G4	WAG	True	False	False	0.744		-2377.708	4787.4159	4836.6187	7.9310335332	0.52873556888	0.2262938901	3.5629952584	1.046403035	9	15	0.0645833333333	0.56875	9	160
3088	train	LG+G4	LG	True	False	False	1.0339		-8402.6553	16833.3105	16894.6085	11.3831776252	0.8756290480923077	0.2597907199	7.5013758224	0.8317006356500001	8	13	0.0647283531409	0.402376910017	8	589
3090	train	LG+G4	LG	True	False	False	1.2839		-9705.6254	19447.2508	19523.2215	9.3861947537	0.5521291031588236	0.2980399094	2.551302002	1.4017782446	10	17	0.0471172962227	0.62226640159	10	503
3091	train	LG+G4	LG	True	False	False	2.7708		-5544.2363	11200.4725	11357.4977	26.534906354	0.4824528428	0.4058549529	5.0332725072	3.8057776038	29	55	0.225551158847	0.77868852459	29	122
3093	train	rtREV+F+G4	rtREV	True	False	True	1.4588		-10104.8758	20275.7516	20420.6296	17.2064980915	1.3235767762692308	1.3840671345	6.2962096577	3.9214545406	8	13	0.161912751678	0.389261744966	8	596
3094	train	LG+F+G4	LG	True	False	True	2.1921		-14820.1725	29766.345	30017.8073	20.526853412	0.47736868400000004	0.3586564883	4.5528590394	2.9003124151	23	43	0.179130434783	0.895	23	400
3095	train	LG+G4	LG	True	False	False	1.8319		-8365.3225	16814.645	16965.3095	15.2631556827	0.37227208982195126	0.2304080728	4.3872292015	1.44395062165	22	41	0.160537963909	0.805243445693	22	267
3097	train	LG+G4	LG	True	False	False	0.9892		-5000.1559	10036.3117	10102.3074	7.5086444897	0.44168496998235296	0.246121172	1.6327198087	1.2655799698	10	17	0.040830449827	0.59169550173	10	289
3099	train	LG+G4	LG	True	False	False	1.1303		-1219.3173	2462.6346	2493.2811	4.5865155527	0.41695595933636365	0.3314120955	1.9604246614000003	0.9738280535000001	7	11	0.0315789473684	0.378947368421	7	95
3100	train	LG+F+G4	LG	True	False	True	1.3733		-2660.1492	5402.2984	5516.9258	13.393101767	0.6377667508095237	0.4858661949	2.7074295234	1.66611519205	12	21	0.100550964187	0.661157024793	12	121
3102	train	WAG+F+G4	WAG	True	False	True	2.5547		-4039.5558	8133.1116	8238.7761	5.9225106025	0.8460729432142857	0.8458000752	2.5977287112000003	1.897310885	5	7	0.104324324324	0.172972972973	5	370
3103	train	LG+G4	LG	True	False	False	1.6273		-7921.8575	15859.715	15895.7732	7.204406557	1.0292009367142858	0.7250236891	3.3677479913	1.5324284325000002	5	7	0.0528358208955	0.114925373134	5	670
3104	train	LG+G4	LG	True	False	False	1.6019		-1358.6966	2733.3931	2757.4247	2.6376221732	0.3768031676	0.3361556986	0.9560465404	0.7183499023	5	7	0.0214765100671	0.181208053691	5	149
3105	train	LG+G4	LG	True	False	False	1.3084		-3538.6109	7093.2217	7123.9002	6.5684908045	0.9383558292142856	0.4174603865	4.1388743448	0.9297032939000001	5	7	0.0754385964912	0.143274853801	5	342
3107	train	LG+G4	LG	True	False	False	0.7891		-2058.666	4133.3321	4162.6079	1.2455636377	0.1779376625285714	0.1344093302	0.4488838347	0.33628461789999997	5	7	0.000696864111498	0.142857142857	5	287
3108	train	LG+G4	LG	True	False	False	1.2524		-1844.6459	3701.2919	3721.9204	3.2196825512	0.64393651024	0.652046417	1.7249116303	1.1364263212	4	5	0.0304347826087	0.113043478261	4	230
3109	train	rtREV+F+G4	rtREV	True	False	True	1.0303		-8255.1307	16564.2614	16691.544	11.3167285359	1.6166755051285713	1.1310491585	3.5826599634000003	3.4289596654	5	7	0.166990291262	0.0800970873786	5	824
3112	train	WAG+G4	WAG	True	False	False	0.537		-2279.6459	4571.2918	4594.8051	0.9012917186	0.18025834372	0.179320049	0.4826439242	0.2826830497	4	5	0.0154569892473	0.0779569892473	4	372
3113	train	LG+F+G4	LG	True	False	True	1.1133		-5954.768	11967.536	12088.936	8.1752806447	0.9083645160777779	0.7148206574	2.5480298671000003	1.26899102885	6	9	0.101508916324	0.211934156379	6	486
3114	train	LG+F+G4	LG	True	False	True	1.8176		-19536.5722	39199.1444	39471.2394	22.803571992600002	0.5303156277348837	0.3011665157	4.2344505357	3.2508878204	23	43	0.221151586369	0.790990990991	23	555
3115	train	LG	LG	False	False	False			-1585.3658	3184.7315	3206.8851	2.3652990978	0.3378998711142857	0.2250772504	0.7780996910000001	0.7298872146	5	7	0.0537142857143	0.205714285714	5	175
3116	train	LG+G4	LG	True	False	False	3.332		-7574.5956	15253.1913	15409.7443	31.4441113601	0.6165512031392156	0.5022327998	4.7243246035999995	2.7761253906	27	51	0.198024691358	0.793333333333	27	150
3117	train	LG+G4	LG	True	False	False	1.139		-2882.2969	5796.5938	5848.0327	6.6743375040999995	0.44495583360666663	0.2568225277	2.7731129034000004	1.7974773802000001	9	15	0.0277777777778	0.66847826087	9	184
3119	train	LG+G4	LG	True	False	False	2.6453		-9186.6593	18397.3186	18450.339	9.3494143624	0.8499467602181817	1.0265598993	3.1846769779999997	1.9676485353	7	11	0.114192495922	0.412724306688	7	613
3121	train	LG+G4	LG	True	False	False	0.7814		-1809.7475	3635.495	3661.4712	5.2494554926	0.7499222132285714	0.2405227249	3.6758198413	0.367260387	5	7	0.00421052631579	0.0684210526316	5	190
3122	train	LG+G4	LG	True	False	False	2.3933		-11657.2889	23462.5777	23709.5555	25.7929466361	0.3533280361109589	0.2597036754	7.5361415727	5.640098509700001	38	73	0.150430161943	0.894230769231	38	208
3123	train	LG+F+G4	LG	True	False	True	1.4588		-7476.1131	15070.2262	15267.7055	23.1056672473	0.5924530063410257	0.4256622503	5.6271961696	4.2055232566	21	39	0.168707482993	0.838095238095	21	210
3125	train	LG+G4	LG	True	False	False	1.0007		-6142.3034	12340.6069	12445.3211	14.0184765488	0.5192028351407407	0.3891345154	3.4748524047	2.8484305058	15	27	0.292604501608	0.533762057878	15	311
3126	train	LG+G4	LG	True	False	False	2.2767		-4466.3374	8988.6748	9076.4771	10.9038173017	0.40384508524814816	0.3173684543	4.6592796022	1.5489197080000001	15	27	0.0462745098039	0.888235294118	15	170
3127	train	LG+F+G4	LG	True	False	True	1.405		-7574.0912	15218.1824	15364.2649	9.9656631524	0.6643775434933333	0.2394443023	5.249309693	2.5806412694	9	15	0.0680555555556	0.7625	9	480
3129	train	LG+F+G4	LG	True	False	True	2.5829		-25967.4601	52392.9202	53213.5409	101.283180509	0.4846085191818182	0.321478466	7.994924135399999	5.57282823425	106	209	0.516633565045	0.676691729323	106	266
313	train	VT+F+G4	VT	True	False	True	0.527		-564.5411	1207.0821	1261.7288	11.1782003271	0.5883263330052632	0.5310304745	4.3592988685	1.8401821466000001	11	19	0.0333333333333	0.733333333333	11	30
3130	train	LG+G4	LG	True	False	False	0.8815		-3611.8965	7319.793	7440.3143	19.5702723528	0.4163887734638298	0.2586171398	4.182937761	1.7605677559	25	47	0.0786813186813	0.835164835165	25	91
3132	train	LG+G4	LG	True	False	False	1.0493		-1095.5052	2207.0104	2227.7713	6.9105471825	0.9872210260714286	0.5210789799	2.5576802794	1.539642173	5	7	0.0424242424242	0.0909090909091	5	99
3133	train	JTT+G4	JTT	True	False	False	0.6502		-2912.5416	5853.0831	5899.9426	7.8192249788	0.601478844523077	0.4778684588	2.4522650760999998	1.10862200285	8	13	0.121428571429	0.280952380952	8	210
3134	train	WAG+G4	WAG	True	False	False	1.2269		-1980.9131	3989.8262	4029.3102	8.7224009097	0.6709539161307692	0.5977844508	3.6413752204	2.49457536505	8	13	0.122983870968	0.5	8	124
3135	train	LG+G4	LG	True	False	False	1.6906		-2163.9429	4343.8858	4371.4597	6.7069877238	0.9581411034	0.7349137298	2.6650638632	1.6466303897999999	5	7	0.189655172414	0.0905172413793	5	232
3136	train	WAG+F+G4	WAG	True	False	True	0.6466		-86838.9998	174407.9996	176200.4236	163.6651825536	0.4743918334886957	0.3324890272	7.842122712100001	5.9810598922499985	174	345	0.7233815794	0.428713858425	174	1003
3138	train	LG+G4	LG	True	False	False	2.1389		-1121.1396	2254.2791	2271.7108	2.775157307	0.5550314614	0.3195122511	1.1203248159	0.72464330885	4	5	0.0259259259259	0.0222222222222	4	135
314	train	LG+F+G4	LG	True	False	True	2.3968		-27028.5751	54203.1502	54526.6374	40.5441708656	0.764984355954717	0.5619118915	7.5315749991	6.2235478110999995	28	53	0.246951920865	0.792270531401	28	621
3141	train	JTT+F+G4	JTT	True	False	True	0.02		-1440.8774	2947.7548	3083.797	0.1174877734	0.00903752103076923	0.0094125231	0.0465860139	0.0238840107	8	13	0.00109649122807	0.00877192982456	8	456
3144	train	VT+F+G4	VT	True	False	True	0.9848		-3648.1718	7362.3435	7500.6915	6.5202230749000005	0.5015556211461539	0.3293654142	2.696555727	1.9915324926000002	8	13	0.604038854806	0.108384458078	8	489
3145	train	LG+G4	LG	True	False	False	1.0715		-5976.2018	11988.4036	12059.3267	9.2280388642	0.5428258155411765	0.3820775348	3.5998264349999998	1.4355394390499998	10	17	0.227631578947	0.478947368421	10	380
3146	train	cpREV+F+G4	cpREV	True	False	True	0.933		-1166.1162	2386.2325	2469.4304	1.4968876472	0.21384109245714283	0.1732007018	0.8308791224	0.3026429507	5	7	0.0111801242236	0.124223602484	5	161
3147	train	cpREV+G4	cpREV	True	False	False	1.6161		-3742.4641	7524.9281	7600.7273	7.9245614091	0.41708217942631576	0.3289761228	2.9774569858	1.6328017423	11	19	0.483736447039	0.360856269113	11	327
3148	train	WAG+G4	WAG	True	False	False	2.3054		-902.1418	1844.2837	1884.7907	4.414223264	0.23232754021052635	0.2647385249	1.4853237061	0.8200093493	11	19	0.0584415584416	0.660714285714	11	56
3149	train	WAG+G4	WAG	True	False	False	0.6794		-3122.1635	6260.3269	6292.5532	1.4111517147	0.20159310209999998	0.221747903	0.4701245796	0.4042568597	5	7	0.0549397590361	0.149397590361	5	415
3150	train	LG+G4	LG	True	False	False	1.276		-726.3104	1468.6208	1487.5764	2.2893951098	0.32705644425714286	0.2552851248	1.7587426327	0.4683437775	5	7	0.0	0.189873417722	5	79
3154	train	LG+F+G4	LG	True	False	True	2.2287		-5070.3914	10218.7827	10376.8142	5.2290078033	0.27521093701578947	0.0486524809	1.7216664933999997	1.2305049037	11	19	0.0241711229947	0.734117647059	11	425
3155	train	WAG	WAG	False	False	False			-3463.4769	6964.9538	7025.193	8.7530942114	0.46068916902105267	0.2797751862	2.2067774504999997	1.7565446532	11	19	0.0470041322314	0.823863636364	11	176
3156	train	LG+G4	LG	True	False	False	1.4028		-1688.0389	3420.0777	3476.7214	4.9533023921	0.2358715424809524	0.2182561936	1.4624069248999998	1.1756608109	12	21	0.0154639175258	0.680412371134	12	97
3157	train	LG+G4	LG	True	False	False	1.8972		-2421.4645	4878.9289	4942.4587	2.6078677607	0.1534039859235294	0.0440205691	1.7161049105	1.4559076413	10	17	0.000396825396825	0.646825396825	10	252
3158	train	LG+G4	LG	True	False	False	0.6491		-1495.0287	3026.0573	3089.08	1.1810485148	0.06947344204705883	0.0044175232	0.6963364269	0.26068461829999995	10	17	0.0220408163265	0.248979591837	10	245
3161	train	WAG	WAG	False	False	False			-1434.3141	2898.6281	2945.4876	1.9513705532	0.11478650312941177	0.0009574444	0.9207188266000002	0.4454455786	10	17	0.0	0.660714285714	10	168
3162	train	LG+G4	LG	True	False	False	2.2379		-2336.7626	4709.5252	4761.2788	7.6376769063	0.44927511213529414	0.3206369072	2.0372498755	1.06618355575	10	17	0.0603053435115	0.641221374046	10	131
3163	train	LG+G4	LG	True	False	False	1.889		-6010.6711	12061.3422	12136.138	12.824666155600001	0.6749824292421053	0.5012159211	3.0840826321000003	2.2994859061	11	19	0.229465068693	0.588424437299	11	311
3165	train	JTT+F	JTT	False	False	True			-2549.362	5158.7241	5266.116	1.7720160915	0.16109237195454545	0.1527731686	0.7300347394000001	0.6334486164	7	11	0.0	0.369811320755	7	265
3166	train	LG+G4	LG	True	False	False	0.9867		-5541.36	11110.72	11168.1871	6.7536223013	0.5195094077923077	0.2669049325	3.4945090075	0.9714172989000001	8	13	0.155133928571	0.477678571429	8	448
3167	train	LG+G4	LG	True	False	False	1.5403		-6166.8688	12441.7375	12608.4677	19.0188771356	0.35884673840754716	0.2371623132	3.5504577287	2.5781493435	28	53	0.153880070547	0.845679012346	28	162
3168	train	LG+G4	LG	True	False	False	1.0563		-4810.278	9660.5561	9737.7718	6.0724256455	0.3196013497631579	0.161452771	3.4498515628999997	0.3596800192	11	19	0.0608650608651	0.330484330484	11	351
3169	train	WAG+G4	WAG	True	False	False	0.6456		-600.7358	1245.4717	1284.7239	2.6919631877	0.12818872322380953	0.0961094388	1.0252491398	0.41462544464999995	12	21	0.0094696969697	0.477272727273	12	44
317	train	LG	LG	False	False	False			-1237.7599	2525.5198	2575.7031	7.8706207872	0.314824831488	0.2233560428	3.7232253667000004	1.4937493678	14	25	0.0298701298701	0.945454545455	14	55
3170	train	LG+G4	LG	True	False	False	1.533		-3468.7852	6961.5705	7005.6504	5.316430534	0.4833118667272727	0.2290668844	2.8032366951	0.4960031652	7	11	0.110947471772	0.333333333333	7	291
3171	train	rtREV+G4	rtREV	True	False	False	1.0484		-9367.4497	18750.8995	18790.1455	2.7954971919	0.3993567417	0.2092016166	1.4873233294000001	0.334084143	5	7	0.0170340681363	0.156312625251	5	998
3172	train	WAG+F+G4	WAG	True	False	True	1.5015		-8912.7807	17911.5613	18088.9227	11.9685423459	0.5203714063434782	0.3814811398	2.3810843130999997	1.951902576	13	23	0.252482747012	0.606126914661	13	457
3175	train	LG+G4	LG	True	False	False	1.219		-8077.1393	16294.2787	16502.1656	27.005320919	0.39138146259420287	0.2557490011	4.776899274500001	2.4560637189000003	36	69	0.0927854938272	0.909722222222	36	144
3177	train	LG+G4	LG	True	False	False	0.7298		-3580.2792	7180.5584	7218.8772	4.4672791226	0.49636434695555554	0.3366430954	2.4985765185999997	1.98265177335	6	9	0.0190615835777	0.372434017595	6	341
3178	train	LG+F+G4	LG	True	False	True	1.578		-6644.9851	13351.9703	13488.6857	11.0931624543	1.0084693140272727	0.820876463	3.5901726699000003	2.8156206267	7	11	0.34609962406	0.269736842105	7	608
3179	train	LG+G4	LG	True	False	False	0.8991		-9864.7815	19789.563	19918.1987	15.9168926609	0.5488583676172414	0.3958590378	3.2379728107	1.75094190355	16	29	0.432039962825	0.438661710037	16	538
318	train	WAG+F+G4	WAG	True	False	True	1.1267		-70409.6106	141269.2212	142360.4996	106.068023866	0.5174049944682927	0.369210944	6.364915819199999	5.45850574235	104	205	0.620365466102	0.565677966102	104	944
3180	train	LG+G4	LG	True	False	False	1.18		-9894.3309	19860.6619	20000.9594	22.9293031647	0.655122947562857	0.4430099335	2.8346567949	2.1462155229	19	35	0.327935222672	0.648351648352	19	364
3184	train	LG+G4	LG	True	False	False	1.1653		-2051.376	4114.7521	4135.4066	4.906707444799999	0.9813414889599998	0.6598836354	3.2579732719	1.7202614343	4	5	0.0670995670996	0.103896103896	4	231
3185	train	LG+F+G4	LG	True	False	True	2.5578		-9112.0951	18422.1902	18724.7585	33.8560030649	0.428557000821519	0.2883053829	3.8269882159999997	2.6838724074	41	79	0.218424732018	0.808917197452	41	157
3186	train	WAG+G4	WAG	True	False	False	1.3597		-1216.4852	2464.9704	2504.4249	3.4965253889	0.23310169259333333	0.2106302109	1.2039705170000001	0.5645568951	9	15	0.0191570881226	0.540229885057	9	87
3187	train	WAG+G4	WAG	True	False	False	1.0279		-2484.2915	4992.583	5033.7351	5.0382657711	0.4580241610090909	0.200530717	3.2069863718	0.6109938579	7	11	0.0946115288221	0.232456140351	7	228
3188	train	WAG	WAG	False	False	False			-2019.97	4053.94	4077.3028	4.5723142549	0.6531877507	0.4737938328	2.0502411066	1.0746981477	5	7	0.133653846154	0.269230769231	5	208
319	train	LG+G4	LG	True	False	False	0.7792		-5207.3026	10642.6053	10912.7223	40.4794048807	0.35822482195309735	0.2035084623	6.576932482699999	2.7053394500499994	58	113	0.134657354867	0.79746835443	58	79
3191	train	LG+G4	LG	True	False	False	1.2584		-5579.3453	11186.6906	11243.4856	5.7984497053	0.44603459271538465	0.2141784066	3.3066062781	1.05860094795	8	13	0.0591334894614	0.426229508197	8	427
3192	train	JTT+F+G4	JTT	True	False	True	0.1932		-3181.312	6416.6239	6542.0414	0.28519801229999997	0.04074257318571428	0.0363597019	0.18352079359999998	0.0647303794	5	7	0.0481144343303	0.072821846554	5	769
3194	train	LG+G4	LG	True	False	False	0.7241		-6480.268	12980.5361	13024.3373	7.5075391442	0.8341710160222222	0.4484687658	4.2853202739	2.9316703731500002	6	9	0.0994350282486	0.25593220339	6	590
3195	train	LG+G4	LG	True	False	False	2.6302		-9240.004	18544.008	18666.8154	23.1031540825	0.7452630349193549	0.5341500637	4.343498106	2.2214354308999997	17	31	0.280054879094	0.667638483965	17	343
3198	train	LG+G4	LG	True	False	False	1.8144		-35466.4583	71148.9165	71606.8663	42.470722918	0.39692264409345795	0.2438728688	6.0028921339000005	4.4564260764	55	107	0.238277511962	0.896686159844	55	513
3199	train	WAG	WAG	False	False	False			-816.3536	1650.7072	1671.6838	3.5267551148	0.3918616794222222	0.2877082698	1.5999052835	0.51926514765	6	9	0.122807017544	0.328947368421	6	76
32	train	mtART+G4	mtART	True	False	False	0.8245		-2487.8441	5003.6883	5050.6805	11.780470557000001	0.9061900428461539	0.2059143366	5.1602179457	2.74434793435	8	13	0.0666273584906	0.61320754717	8	212
320	train	LG+G4	LG	True	False	False	1.0512		-8790.6655	17625.331	17719.3757	7.8198552156000005	0.3723740578857143	0.1975023616	4.1023013069	2.9184341587500002	12	21	0.128217200251	0.725047080979	12	531
3200	train	LG+G4	LG	True	False	False	1.3086		-3700.9206	7425.8411	7469.544	6.2622106493	0.5692918772090909	0.3878264929	1.6703356963	1.1541699771	7	11	0.0896656534954	0.347517730496	7	282
3202	train	LG+G4	LG	True	False	False	2.2401		-1231.5652	2511.1304	2558.866	13.640768919	0.5930769095217391	0.3666704215	7.865098768899999	4.5999344831	13	23	0.128205128205	0.888888888889	13	54
3204	train	LG+G4	LG	True	False	False	1.2741		-10692.1666	21480.3332	21658.1147	19.5561014486	0.4160872648638298	0.239938069	7.452172132700001	6.6142956279	25	47	0.129333333333	0.863333333333	25	300
3205	train	WAG+F	WAG	False	False	True			-2622.3302	5344.6604	5475.4164	9.5146302737	0.306923557216129	0.2968734215	2.4150792861	1.6797283681000001	17	31	0.131042516016	0.821782178218	17	101
3207	train	LG+G4	LG	True	False	False	1.0242		-1717.246	3450.4919	3475.9462	3.5394758512	0.5056394073142857	0.4779408728	1.5093298480000001	1.1262448428	5	7	0.023595505618	0.191011235955	5	178
3208	train	LG+G4	LG	True	False	False	1.1775		-3521.0426	7058.0852	7088.5503	5.0060947804	0.7151563972	0.6715287202	1.8994057468999999	1.2710462530000002	5	7	0.0414414414414	0.123123123123	5	333
3209	train	LG+G4	LG	True	False	False	0.9794		-39408.8878	79553.7756	80831.5712	102.1020189273	0.27820713604168934	0.1739511818	4.4567585439	2.2768447029000005	185	367	0.29868271633	0.752100840336	185	238
321	train	LG+F+G4	LG	True	False	True	0.8314		-23756.895	47767.7899	48305.8089	32.4602777146	0.3033670814448598	0.2142668303	3.4255596142000004	2.4934849297	55	107	0.373599003736	0.637964774951	55	511
3210	train	LG+G4	LG	True	False	False	1.1108		-6674.7345	13469.469	13647.2397	24.6424240418	0.4176682040983051	0.353606317	4.5617657812	3.1268499773	31	59	0.181141439206	0.825174825175	31	143
3211	train	LG+G4	LG	True	False	False	1.3029		-12632.3103	25464.6206	25755.1481	53.0250347271	0.5356064113848484	0.4060577731	5.7988302262	2.9463705844	51	99	0.0493827160494	0.940740740741	51	135
3214	train	LG+G4	LG	True	False	False	2.0589		-880.9635	1785.927	1814.2075	4.3247395981	0.3931581452818182	0.2919450794	1.5569621325999998	0.9294463125000001	7	11	0.025641025641	0.346153846154	7	78
3215	train	LG+G4	LG	True	False	False	0.6815		-5263.4077	10550.8155	10598.6227	9.1339696654	0.8303608786727273	0.5690719973	6.0978270701	1.4684137187000001	7	11	0.104354084203	0.423173803526	7	397
3216	train	LG+G4	LG	True	False	False	0.9069		-17393.5732	35015.1463	35398.3336	55.8455761043	0.49420863809115045	0.3437867384	3.7525275942	1.74971274375	58	113	0.225433058119	0.774647887324	58	213
3217	train	LG+G4	LG	True	False	False	1.2112		-6853.6443	13895.2885	14127.0839	52.987352524	0.5697564787526882	0.3798052047	8.0202085473	4.241405623499999	48	93	0.176005747126	0.885057471264	48	87
3218	train	LG+G4	LG	True	False	False	2.0117		-3199.0134	6482.0268	6586.5496	21.8960149001	0.534049143904878	0.3310211542	5.0583121393	2.91287100555	22	41	0.188457609806	0.85393258427	22	89
3219	train	WAG+G4	WAG	True	False	False	2.0312		-2853.3446	5766.6891	5854.0688	11.912513088699999	0.4107763134034482	0.3257546336	4.4410605918999995	2.8470748429499997	16	29	0.311580882353	0.602941176471	16	136
322	train	LG+F+G4	LG	True	False	True	1.2855		-7821.8904	15741.7809	15928.3799	13.5289774821	0.4665164649	0.2129671907	6.6168162778	1.08797488465	16	29	0.0771396396396	0.807807807808	16	333
3224	train	LG+G4	LG	True	False	False	1.1365		-5596.0552	11312.1104	11473.5913	20.8457058418	0.3533170481661017	0.2624812262	3.6423358133	2.7924797162000004	31	59	0.00384729209825	0.926605504587	31	109
3226	train	LG+G4	LG	True	False	False	2.7345		-6797.7671	13719.5341	13901.0239	19.4288210867	0.3185052637163935	0.2207075709	6.5657782601	1.46882706655	32	61	0.0434782608696	0.978260869565	32	138
3227	train	LG+G4	LG	True	False	False	1.9802		-7298.4498	14732.8995	14937.1679	22.9976887858	0.3432490863552239	0.2301482536	4.8769848797	2.6800518502000004	35	67	0.133269415149	0.93288590604	35	149
3228	train	LG+G4	LG	True	False	False	1.044		-8175.8343	16487.6686	16690.5538	40.088540727	0.5983364287611941	0.4314898644	6.8439765122	4.0220944727	35	67	0.194520547945	0.91095890411	35	146
323	train	LG+G4	LG	True	False	False	1.5718		-1282.9428	2613.8856	2667.1537	6.2688890942	0.27256039540000004	0.1605274914	2.2659997131	0.7759376076000001	13	23	0.0169683257919	0.75	13	68
3230	train	LG+G4	LG	True	False	False	1.3534		-2561.1429	5142.2859	5176.4023	8.7050826631	0.9672314070111112	0.7141101493	2.7489447622	1.40046269185	6	9	0.228422619048	0.191964285714	6	224
3231	train	LG+G4	LG	True	False	False	2.2635		-2041.714	4115.4279	4160.2923	7.3766381468	0.49177587645333337	0.2998016634	2.6879133121	0.88582948	9	15	0.0473588342441	0.66393442623	9	122
3232	train	LG+G4	LG	True	False	False	1.2675		-3098.7498	6241.4996	6308.737	12.138295988	0.5780140946666666	0.2734054704	4.575514032499999	3.8213769718499995	12	21	0.157643312102	0.656050955414	12	157
3233	train	WAG+G4	WAG	True	False	False	3.4844		-495.4504	1014.9008	1036.8445	2.714822957	0.246802087	0.1677950777	0.9188879574	0.4698104978	7	11	0.0807453416149	0.282608695652	7	46
3234	train	LG+G4	LG	True	False	False	1.4264		-11058.8945	22437.789	22881.0985	61.331987313	0.38573576926415093	0.2511931964	3.3509219988999996	1.9802557685000002	81	159	0.316907302783	0.703389830508	81	118
3235	train	LG+G4	LG	True	False	False	1.4108		-13018.8439	26213.6878	26488.5966	47.479888361	0.5457458432298851	0.3646071614	5.3827577884	3.0589962568	45	87	0.113756613757	0.910714285714	45	168
3236	train	LG+G4	LG	True	False	False	1.4932		-9320.6786	18769.3571	18986.8395	40.2989634772	0.6396660869396825	0.5047801826	6.761440955800001	4.1826493258	33	63	0.398738516386	0.660633484163	33	221
3239	train	LG+G4	LG	True	False	False	1.3071		-4990.5489	10061.0979	10187.6893	21.5097352552	0.5515316732102564	0.4495052551	3.9233876385	2.9872445252	21	39	0.310204081633	0.64	21	175
324	train	LG+G4	LG	True	False	False	0.7431		-2286.7644	4617.5288	4681.4448	6.0486904862	0.2880328802952381	0.2488871868	1.6982164971	0.7427635726499999	12	21	0.00123456790123	0.511111111111	12	135
3241	train	WAG+F+G4	WAG	True	False	True	1.0013		-10424.9766	21315.9531	21947.2736	82.8861721171	0.3891369582962441	0.2963447005	6.653405564200001	3.4608265006500005	108	213	0.517267267267	0.684684684685	108	111
3243	train	LG+F+G4	LG	True	False	True	1.851		-19502.4571	39178.9142	39508.3742	36.3653170485	0.542765926097015	0.3436250019	4.134823772	1.8295953591000003	35	67	0.121472392638	0.889570552147	35	326
3245	train	JTT+F	JTT	False	False	True			-1308.1559	2680.3118	2811.0886	0.056170705200000004	0.004320823476923077	0.0032387908	0.0301261682	0.0181493145	8	13	0.269318181818	0.0159090909091	8	440
3246	train	LG+G4	LG	True	False	False	1.3622		-25998.8177	52377.6354	53065.5115	71.9125731283	0.3804898049116402	0.2564013241	6.150101894	2.9994485839	96	189	0.376547403382	0.702898550725	96	276
3247	train	LG+G4	LG	True	False	False	1.06		-6543.0562	13318.1125	13620.3122	40.4043102251	0.3513418280443478	0.2283765061	3.2289397423999997	1.4425403688	59	115	0.297457627119	0.7	59	100
3248	train	LG+G4	LG	True	False	False	1.2581		-7930.9875	16077.975	16360.4081	40.1582284131	0.3753105459168224	0.2521537431	4.2520433658000005	1.9265164150999998	55	107	0.161116111611	0.861386138614	55	101
3249	train	LG+G4	LG	True	False	False	0.9631		-26350.4991	52892.9982	53286.8438	26.6996690127	0.28104914750210525	0.1933043931	4.943394732800001	3.0018452804	49	95	0.11181116742	0.872483221477	49	447
325	train	LG+G4	LG	True	False	False	1.184		-31417.061	63106.122	63635.3856	84.3831942507	0.6250606981533333	0.3586404632	6.3968645482	3.9809588160999994	69	135	0.383577548242	0.82044198895	69	362
3251	train	WAG+G4	WAG	True	False	False	1.1047		-972.7144	1985.4288	2024.0653	8.8809421815	0.4674180095526316	0.2586272427	3.6019132803	2.4673358842999997	11	19	0.0570409982175	0.588235294118	11	51
3255	train	LG+G4	LG	True	False	False	0.8412		-13296.5329	26685.0659	26875.0022	16.879385165	0.37509744811111106	0.3041852908	2.4223210684	1.4330827659	24	45	0.280682643428	0.640522875817	24	459
3256	train	JTT+G4	JTT	True	False	False	1.4432		-3856.757	7761.514	7836.0566	19.344757324	0.8410764053913043	0.6719346829	8.9947857864	6.222657322699999	13	23	0.194405594406	0.751515151515	13	165
3259	train	LG+G4	LG	True	False	False	1.1968		-2192.2297	4456.4594	4557.698	17.409049972	0.49740142777142854	0.1599097669	6.3005909888	2.1662670664	19	35	0.382541720154	0.772357723577	19	123
3260	train	LG+G4	LG	True	False	False	1.47		-1752.4843	3524.9686	3557.5955	5.7622284318000005	0.44324834090769233	2.1039e-06	2.0311687579	1.1020183110500001	8	13	0.0757772020725	0.580310880829	8	193
3261	train	VT+G4	VT	True	False	False	2.0753		-3491.4761	7018.9523	7075.7115	10.979756431	0.6458680253529412	0.5956811942	4.0601399479	2.52065243955	10	17	0.146820809249	0.618497109827	10	173
3263	train	LG+G4	LG	True	False	False	1.0393		-1852.3992	3748.7983	3805.891	7.7338259955	0.3682774283571429	0.2013072025	2.8496612169	1.03979609285	12	21	0.0286195286195	0.606060606061	12	99
3267	train	cpREV	cpREV	False	False	False			-1498.0788	3006.1576	3022.5989	2.6814770996	0.53629541992	0.0728830068	2.2789895364	0.19978576744999998	4	5	0.0176767676768	0.030303030303	4	198
3269	train	JTT+G4	JTT	True	False	False	0.8939		-1042.1727	2096.3454	2115.9833	0.7571061260999999	0.15142122521999998	0.0442352539	0.522652099	0.12149673345	4	5	0.0461538461538	0.025641025641	4	195
327	train	LG+G4	LG	True	False	False	1.4054		-23288.8135	46921.627	47543.7116	100.2648130661	0.5863439360590643	0.5183630477	5.109572977500001	3.0863604148999997	87	171	0.498432601881	0.607272727273	87	275
3271	train	JTT+G4	JTT	True	False	False	0.5411		-396.8105	805.6211	819.0257	1.2956590856999999	0.25913181714	0.0512072522	0.6856700225	0.5638896302999999	4	5	0.0326086956522	0.115942028986	4	69
3274	train	LG+G4	LG	True	False	False	0.7941		-3101.1504	6214.3009	6238.6836	1.8701675195	0.3740335039	0.2418532271	0.8801735126	0.4225545773	4	5	0.0156976744186	0.0279069767442	4	430
3276	train	LG+F+G4	LG	True	False	True	1.2893		-19789.0295	39756.059	40123.5445	31.0858082142	0.45051895962608696	0.3078373161	3.8950310665999996	2.72795390365	36	69	0.33024691358	0.660130718954	36	459
3277	train	WAG	WAG	False	False	False			-1679.6942	3369.3884	3386.5132	1.7869284448	0.35738568896	0.1540956379	1.1211039264	0.36537120675	4	5	0.0594713656388	0.0396475770925	4	227
3278	train	JTT+F	JTT	False	False	True			-411.8939	875.7878	927.9785	2.4863985854	0.3551997979142857	0.1691629225	1.2028874341	0.7866158645	5	7	0.0436363636364	0.363636363636	5	55
3286	train	LG+G4	LG	True	False	False	1.1113		-7287.0021	14630.0043	14747.5617	14.5447266236	0.5386935786518519	0.3625865103	2.0755429746000003	1.5356632208	15	27	0.517073170732	0.373983739837	15	492
3287	train	JTT+G4	JTT	True	False	False	1.2945		-2799.8436	5611.6872	5635.0038	4.2210877442	0.84421754884	0.2615809785	3.4676160437	0.4147172858	4	5	0.0861111111111	0.0333333333333	4	360
3291	train	VT+F	VT	False	False	True			-819.7121	1699.4242	1778.1734	2.0359647754	0.18508770685454545	0.1432376426	0.9776027319	0.8302251972	7	11	0.133053221289	0.460784313725	7	102
33	train	WAG+F+G4	WAG	True	False	True	2.3505		-8678.7362	17591.4724	17927.8705	37.3984818374	0.3855513591484536	0.3025732276	6.3572576750000005	4.33342573965	50	97	0.325190839695	0.81679389313	50	131
330	train	JTT+G4	JTT	True	False	False	2.8815		-3437.7205	6935.4411	7026.5497	10.9098068664	0.3762002367724138	0.148232381	4.9387773629	3.01030083735	16	29	0.126623376623	0.883116883117	16	154
3303	train	WAG	WAG	False	False	False			-5803.3747	11656.7495	11746.5241	11.1921115541	0.447684462164	0.2974446581	2.144356098	1.6945497018500002	14	25	0.232409381663	0.776119402985	14	268
3307	train	LG+F+G4	LG	True	False	True	0.8102		-24421.6501	48985.3001	49317.1043	68.6626762572	1.3463269854352942	1.1488750713	9.8209199552	6.1040964642	27	51	0.48171559676	0.582806573957	27	791
3308	train	LG+F+G4	LG	True	False	True	1.4785		-10387.4545	20968.909	21275.8932	33.7801497674	0.4387032437324675	0.2448354903	3.5291888965	2.4481110042	40	77	0.095	0.908571428571	40	175
3310	train	LG+F+G4	LG	True	False	True	2.7126		-7471.8588	15073.7175	15287.1258	20.7931231041	0.4620694023133334	0.3058807359	2.8566217306	1.6627940747499999	24	45	0.203257191201	0.776649746193	24	197
3314	train	JTT+G4	JTT	True	False	False	0.9436		-2767.9452	5595.8905	5668.092	21.23560204	0.7322621393103448	0.6902172858	6.9063618945	3.4868019002499997	16	29	0.0	0.914634146341	16	82
3316	train	LG+G4	LG	True	False	False	0.9807		-2368.1401	4772.2801	4827.0618	14.0444794601	0.8261458505941176	0.2452024019	7.9554596024	1.10950948775	10	17	0.223870967742	0.41935483871	10	155
3317	train	LG+G4	LG	True	False	False	1.0243		-12185.396	24398.7919	24465.631	5.1451949029	0.3957842233	0.2581949019	1.5313298205	0.9941498525000001	8	13	0.011	0.505142857143	8	875
3319	train	LG+G4	LG	True	False	False	0.8418		-3882.0573	7812.1146	7890.4192	12.9147019876	0.5615087820695652	0.4196806097	3.0164580237	1.6868843202	13	23	0.22200079713	0.523316062176	13	193
3320	train	LG+G4	LG	True	False	False	1.4087		-8199.8948	16495.7895	16665.2021	17.6791024481	0.3761511159170213	0.2349544387	3.0382794606	1.5428256644	25	47	0.222380952381	0.72619047619	25	252
3321	train	LG+G4	LG	True	False	False	0.9397		-2702.0674	5424.1349	5460.6948	2.5101470899	0.2789052322111111	0.1037382345	1.7745337858999999	0.6781030803999999	6	9	0.0011655011655	0.339160839161	6	286
3323	train	LG+F+G4	LG	True	False	True	1.4755		-5689.7251	11429.4502	11542.8312	5.0286647461	1.00573294922	0.8176423139	2.8175018399	1.95176089005	4	5	0.0761973875181	0.11320754717	4	689
3324	train	LG+G4	LG	True	False	False	0.7451		-5566.2428	11160.4856	11214.9686	12.6497638363	0.9730587566384615	0.4495878677	3.7820456468	1.93148377295	8	13	0.130179558011	0.378453038674	8	362
3325	train	LG+F+G4	LG	True	False	True	1.7092		-17820.171	35766.342	36037.0598	23.7883016049	0.5532163163930233	0.3606786131	6.6257416658	4.0515544486	23	43	0.276883657619	0.718232044199	23	543
3328	train	LG+F+G4	LG	True	False	True	0.9369		-36986.8928	74599.7857	75759.0696	112.1299781829	0.3826961712726963	0.2649104864	7.367367213600001	4.292733989	148	293	0.425112612613	0.786666666667	148	300
333	train	LG+G4	LG	True	False	False	0.6713		-10507.6981	21047.3962	21121.2533	5.5730969355	0.3715397957	0.294347193	1.3084102237	0.7703338624	9	15	0.0446229361892	0.433734939759	9	747
3332	train	WAG+G4	WAG	True	False	False	1.2507		-2961.5494	5935.0988	5958.596	4.4486650823	0.8897330164599999	0.5796163873	3.6036021125	1.56709839355	4	5	0.0788409703504	0.134770889488	4	371
3333	train	LG+G4	LG	True	False	False	1.4898		-14719.3807	29518.7614	29688.8376	15.948550001	0.4089371795128205	0.2658635455	3.6934481678999997	1.7683201629	21	39	0.22836957519	0.724470134875	21	519
3334	train	JTT+G4	JTT	True	False	False	32.2508		-346.5404	717.0807	734.2886	2.9819495622	0.27108632383636366	0.1709256729	1.6725468342	0.8368675446	7	11	0.0829493087558	0.387096774194	7	31
3336	train	LG+F+G4	LG	True	False	True	1.3267		-2789.4899	5652.9797	5766.9917	8.3166844832	0.4892167343058823	0.2789028908	3.8101568076	1.7242247930999999	10	17	0.0552795031056	0.776397515528	10	161
3338	train	JTT+G4	JTT	True	False	False	0.4515		-2817.2969	5654.5938	5689.7281	5.6526328461	0.6280703162333334	0.4887900383	1.8324536649	1.30196987355	6	9	0.0268817204301	0.193548387097	6	248
3339	train	LG+G4	LG	True	False	False	1.4705		-5898.764	11841.5281	11923.5903	8.1958485216	0.3902785010285714	0.2142486234	1.6298425412000002	0.9544111865	12	21	0.071158008658	0.633116883117	12	308
334	train	LG+F+G4	LG	True	False	True	0.8885		-10063.7605	20229.5211	20432.5732	17.6273670958	0.5686247450258065	0.3091013416	5.835704510699999	2.1063786231	17	31	0.125816993464	0.729797979798	17	396
3341	train	LG+F+G4	LG	True	False	True	0.9735		-7373.1671	14824.3341	14986.3736	5.58471677	0.29393246157894737	0.3119404478	2.2219191975999997	1.9122806283	11	19	0.0934182590234	0.579617834395	11	471
3343	train	LG+G4	LG	True	False	False	1.2941		-3710.6337	7465.2674	7535.996	9.842731938	0.46870152085714284	0.3751561009	2.8694506681	1.8657498287	12	21	0.10597826087	0.744565217391	12	184
3344	train	LG+G4	LG	True	False	False	0.9095		-3968.3688	7976.7377	8041.4665	15.6171148319	0.8219534122052632	0.5873392433	7.223399819899999	2.3348815004	11	19	0.0797872340426	0.56914893617	11	188
3345	train	WAG+G4	WAG	True	False	False	4.8148		-966.0932	1944.1864	1959.7571	5.1047431263	1.02094862526	0.8183860687	3.3315618515	2.1431772155999997	4	5	0.0505050505051	0.0909090909091	4	99
3346	train	LG+G4	LG	True	False	False	0.8408		-2675.2688	5374.5377	5416.6504	3.7203573762	0.3382143069272727	0.2245377089	1.3667528171999999	1.1126474120999998	7	11	0.0213996529786	0.307692307692	7	247
3347	train	LG+F+G4	LG	True	False	True	1.811		-5430.5303	10967.0607	11133.5689	16.7978938985	0.5090270878333333	0.408795402	3.4311503907	2.6289564028	18	33	0.0623781676413	0.865497076023	18	171
3349	train	LG+G4	LG	True	False	False	2.2389		-2673.5141	5379.0283	5428.4298	7.083717862	0.4722478574666667	0.2300973752	3.1508859074	0.8584773222	9	15	0.056927297668	0.413580246914	9	162
335	train	LG+G4	LG	True	False	False	1.4606		-4500.3134	9076.6269	9190.7768	14.9556800085	0.4042075677972973	0.3331715233	4.269736996400001	1.9379404770500002	20	37	0.160067114094	0.724832214765	20	149
3351	train	LG+F+G4	LG	True	False	True	1.4609		-25271.7664	50781.5327	51282.1152	40.9722975692	0.41386159160808084	0.3108501773	4.6688415052	3.1943455636999993	51	99	0.448766603416	0.625	51	496
3353	train	LG+G4	LG	True	False	False	0.8941		-947.7543	1939.5086	1982.0087	8.5803984705	0.40859040335714286	0.2660597763	4.9859920197	1.4800924399	12	21	0.0228758169935	0.627450980392	12	51
3354	train	LG+G4	LG	True	False	False	0.8012		-3801.5623	7619.1246	7651.4657	2.9562506558	0.42232152225714287	0.3101547605	1.2027707668	0.7152056947000001	5	7	0.0304038004751	0.152019002375	5	421
3357	train	LG+F+G4	LG	True	False	True	1.3221		-7672.201	15430.4019	15596.0466	14.0660610295	0.611567870847826	0.3582383795	2.9873432807	2.3731965881	13	23	0.116710875332	0.718390804598	13	348
3358	train	LG+G4	LG	True	False	False	0.9344		-8766.7243	17645.4487	17833.4175	20.4491437219	0.37180261312545454	0.2566483431	2.7376228779	1.7668456025000001	29	55	0.152081977879	0.783018867925	29	212
3359	train	rtREV+G4	rtREV	True	False	False	1.4216		-1050.654	2113.308	2129.6724	4.9436244205	0.9887248841	0.5950627979	2.7915973033	0.98427717455	4	5	0.0597345132743	0.0265486725664	4	113
3361	train	LG+F+G4	LG	True	False	True	0.8816		-6555.4285	13192.8569	13355.7831	7.3709065319	0.3509955491380953	0.240782112	2.6842653531	2.00319696445	12	21	0.0625530110263	0.669211195929	12	393
3362	train	LG+F+G4	LG	True	False	True	1.7228		-11711.73	23509.46	23694.7082	15.3594640849	0.6678027863	0.4302582597	7.3002076577000015	6.201917814000001	13	23	0.144738685722	0.786885245902	13	549
3363	train	LG+G4	LG	True	False	False	3.9581		-1940.4267	3936.8533	4000.2084	15.5062758291	0.5743065121888888	0.4208628996	4.0151105441	1.9364659867	15	27	0.140845070423	0.760563380282	15	71
3365	train	LG+F+G4	LG	True	False	True	1.7023		-6011.9143	12125.8286	12304.1842	11.3152016215	0.36500650391935485	0.2130894122	3.3051704286	1.3144398315	17	31	0.0318225650916	0.852459016393	17	244
3366	train	LG+G4	LG	True	False	False	2.1202		-7908.7529	15957.5057	16158.2331	31.322556739	0.45395009766666666	0.3289721971	4.2600441634	2.24353097415	36	69	0.107051282051	0.9	36	130
3367	train	LG+F	LG	False	False	True			-4276.0588	8616.1175	8738.074	4.7976506217	0.36905004782307693	0.218754306	2.2895590024	1.2706433980999998	8	13	0.0692365269461	0.679640718563	8	334
3368	train	WAG+G4	WAG	True	False	False	1.2276		-3824.7244	7693.4489	7764.8834	6.7669486679	0.322235650852381	0.2482272255	1.7751674884	0.8409489776000001	12	21	0.0486842105263	0.678947368421	12	190
3369	train	LG+F+G4	LG	True	False	True	1.0538		-7599.0481	15300.0962	15490.8257	12.6450849843	0.4079059672354839	0.2454495581	2.8104021787	0.9992432009999999	17	31	0.111594477019	0.704180064309	17	311
3371	train	WAG+G4	WAG	True	False	False	0.5528		-776.9451	1565.8901	1581.8708	1.718622307	0.3437244614	0.2402321451	0.8714915537	0.72623442415	4	5	0.0188679245283	0.103773584906	4	106
3373	train	LG+G4	LG	True	False	False	1.0939		-6290.1068	12628.2135	12716.2907	9.9885694285	0.43428562732608694	0.3421509627	3.5456105235000006	2.1828589509	13	23	0.0732095490716	0.751724137931	13	290
3374	train	LG+F+G4	LG	True	False	True	0.9546		-5610.8119	11295.6238	11435.3969	10.7346385363	0.6314493256647059	0.6227626909	2.8154612475	2.1843623796500005	10	17	0.133436532508	0.56346749226	10	323
3376	train	WAG+G4	WAG	True	False	False	1.2942		-1271.2952	2582.5904	2627.5603	6.0353590785	0.3176504778157895	0.2267059281	2.0543929401	0.8360537003	11	19	0.0415584415584	0.6	11	70
3379	train	LG+G4	LG	True	False	False	1.7117		-4303.1978	8666.3956	8751.245	23.8859056402	0.8236519186275862	0.7542479191	4.3387845506	2.9776346140000003	16	29	0.0325	0.952	16	125
3381	train	WAG	WAG	False	False	False			-1849.6656	3709.3313	3726.5434	1.5974941124000002	0.31949882248000006	0.2343651501	0.6737631448	0.44942485265000004	4	5	0.0227272727273	0.0562770562771	4	231
3383	train	LG+G4	LG	True	False	False	0.9622		-5972.6226	12045.2453	12209.151	31.8339368619	0.649672180855102	0.51152187	7.8933786802	5.99549681325	26	49	0.41385400314	0.612244897959	26	196
3385	train	LG+F+G4	LG	True	False	True	1.6763		-18533.2582	37248.5164	37579.2822	47.4147863961	0.6678138929028169	0.5859802479	5.747100468299999	3.2035228698	37	71	0.0895752895753	0.935714285714	37	280
3387	train	cpREV	cpREV	False	False	False			-2055.4919	4184.9839	4261.2203	17.983334566	0.48603606935135135	0.3091103801	3.6438814097000005	1.74508343675	20	37	0.0793103448276	0.896551724138	20	58
3392	train	JTT+G4	JTT	True	False	False	1.0667		-876.2408	1808.4816	1857.1364	7.1530103927	0.26492631084074075	0.1947080795	2.4252497544000002	1.8001273612	15	27	0.0222222222222	0.738095238095	15	42
3394	train	WAG+G4	WAG	True	False	False	0.9167		-1645.0613	3374.1227	3456.0749	13.5597113505	0.33072466708536585	0.2751294477	4.2422862384	2.9235057353	22	41	0.121503496503	0.807692307692	22	52
3397	train	LG+G4	LG	True	False	False	1.4819		-4673.0568	9378.1136	9442.4499	6.5546310352	0.43697540234666665	0.2252428339	2.6327347118	0.5827689631999999	9	15	0.310140237325	0.359223300971	9	412
3399	train	LG	LG	False	False	False			-2263.2135	4564.4269	4615.5626	7.9344905339	0.41760476494210524	0.3356634249	1.9899856147000001	1.1075338364	11	19	0.0717264386989	0.743119266055	11	109
3401	train	LG+F+G4	LG	True	False	True	1.144		-1808.1804	3690.3608	3788.2033	13.2964797815	0.7821458695	0.5017703361	6.041818769300001	3.3963918167500005	10	17	0.0423076923077	0.740384615385	10	104
3402	train	LG+G4	LG	True	False	False	1.3149		-3332.8395	6717.679	6793.2161	13.9021209065	0.55608483626	0.3713636637	2.7396948302	1.7840167663999997	14	25	0.120105820106	0.725925925926	14	135
3406	train	LG+G4	LG	True	False	False	0.8587		-3943.2506	7946.5012	8035.176	16.9066050306	0.5829863803655173	0.4855902086	3.7842172081000003	2.22498922855	16	29	0.0607394366197	0.753521126761	16	142
3409	train	LG+G4	LG	True	False	False	0.8784		-1627.0478	3266.0957	3285.1525	8.952749422	1.7905498844	2.1674392626	3.3029445022	2.6497982389	4	5	0.0847457627119	0.0225988700565	4	177
341	train	LG+G4	LG	True	False	False	0.7902		-2988.2763	5996.5526	6034.6039	1.9519192976	0.21687992195555555	0.2024877403	0.7869790311	0.6791093190999999	6	9	0.0	0.243975903614	6	332
3410	train	LG+G4	LG	True	False	False	1.6208		-1590.2199	3216.4399	3260.6181	7.7950679717	0.4585334101	0.2952639051	3.2804045187999997	1.2381457197499999	10	17	0.0209302325581	0.755813953488	10	86
3414	train	WAG	WAG	False	False	False			-5446.9003	10923.8006	10985.9633	4.3787126268	0.29191417511999995	0.260615556	1.5928235998	1.2046828007	9	15	0.331425846447	0.454935622318	9	466
3416	train	WAG	WAG	False	False	False			-2761.5225	5541.0449	5574.4089	3.150534356	0.3500593728888889	0.1582671527	1.5599037811	0.47210006314999997	6	9	0.137320044297	0.14950166113	6	301
342	train	LG+G4	LG	True	False	False	1.1557		-7255.6706	14731.3412	15024.3195	37.8357520154	0.34711699096697246	0.2296263053	5.9952952325	1.78239657645	56	109	0.181772237197	0.811320754717	56	106
3426	train	rtREV+G4	rtREV	True	False	False	1.6803		-2042.6057	4113.2115	4152.5821	10.3742204206	0.7980169554307692	0.6167768511	2.624046425	1.41276349455	8	13	0.118902439024	0.349593495935	8	123
3427	train	cpREV+G4	cpREV	True	False	False	1.3275		-706.8697	1425.7394	1440.935	2.0013640969	0.40027281938000003	0.2871021951	0.8181527473	0.5090534538	4	5	0.00806451612903	0.0430107526882	4	93
3428	train	WAG+G4	WAG	True	False	False	1.5637		-3706.8302	7425.6603	7449.801	3.4568908638	0.69137817276	0.4842571967	1.3958082164	0.89099242485	4	5	0.0496368038741	0.0290556900726	4	413
3430	train	LG+G4	LG	True	False	False	0.6665		-3801.485	7650.9701	7735.1954	4.6776402967	0.20337566507391305	0.1878057916	1.3615429216000001	1.0675663577999999	13	23	0.0597944565556	0.562753036437	13	247
3431	train	LG+G4	LG	True	False	False	1.0103		-1944.2836	3912.5671	3947.8668	14.53290957	1.3211735972727272	0.7237773461	6.029758146200001	1.8974738449	7	11	0.167346938776	0.321428571429	7	140
3435	train	LG+G4	LG	True	False	False	1.0321		-1951.0331	3926.0663	3962.1136	5.9386415814	0.5398765073999999	0.5474622969	3.4350797526	2.409914689	7	11	0.0402684563758	0.48322147651	7	149
3436	train	LG+G4	LG	True	False	False	0.9666		-1079.0491	2182.0983	2211.6892	4.5074942215	0.40977220195454545	0.2949297589	1.406522526	0.9122445517	7	11	0.00985221674877	0.35632183908	7	87
3437	train	LG+G4	LG	True	False	False	1.6511		-1677.1022	3374.2044	3403.2571	5.992559006	0.6658398895555555	0.4583352049	2.4490966142999997	1.2025759953500001	6	9	0.0469135802469	0.288888888889	6	135
3439	train	LG+G4	LG	True	False	False	1.1171		-3208.9818	6457.9636	6521.0294	11.6715253614	0.6142908084947368	0.4541897516	3.1191707893	2.6115384413	11	19	0.0667367314766	0.757225433526	11	173
344	train	JTT+G4	JTT	True	False	False	0.8431		-2690.7169	5413.4337	5466.9111	5.882670307	0.39217802046666667	0.1321047043	3.0343062309	1.161623947	9	15	0.0611376927166	0.464114832536	9	209
3440	train	LG	LG	False	False	False			-1818.0858	3674.1716	3722.0856	7.7345627347	0.40708224919473684	0.2787411114	1.6549980148999999	1.3313856515	11	19	0.0098814229249	0.913043478261	11	92
3441	train	LG+G4	LG	True	False	False	1.0015		-3714.9055	7449.8111	7488.1005	5.4411354418	0.6045706046444445	0.3523056251	4.068047491700001	3.2361909184	6	9	0.0852941176471	0.408823529412	6	340
3443	train	WAG+G4	WAG	True	False	False	0.8236		-5654.4833	11408.9667	11559.4984	50.8598727825	1.037956587397959	0.6769363655	12.264027249200002	4.47170310065	26	49	0.357179487179	0.693333333333	26	150
3444	train	LG+G4	LG	True	False	False	1.3676		-748.9662	1513.9323	1533.0879	2.6758741945	0.38226774207142855	0.2570732228	1.0520908282	0.4819121027	5	7	0.0123456790123	0.148148148148	5	81
3445	train	LG	LG	False	False	False			-1060.3372	2130.6744	2144.4853	2.8471394685	0.5694278937	0.4942423567	1.128177289	0.7201610914000001	4	5	0.0299145299145	0.042735042735	4	117
3446	train	WAG	WAG	False	False	False			-2346.4737	4710.9475	4740.2179	4.1530018797	0.46144465329999995	0.3437397556	1.2258816560999999	0.92492074625	6	9	0.0453752181501	0.298429319372	6	191
3450	train	cpREV+G4	cpREV	True	False	False	0.4066		-346.0634	704.1268	715.9486	1.4705330735	0.2941066147	0.1499768705	0.6517369952	0.36120213575	4	5	0.0235849056604	0.0188679245283	4	53
3453	train	LG+F+G4	LG	True	False	True	1.2933		-15515.9782	31333.9564	31802.0363	57.9716451527	0.4425316423870229	0.2361055833	4.790728176	1.5984133221	67	131	0.123771386968	0.884146341463	67	164
3456	train	LG+F+G4	LG	True	False	True	0.6152		-3002.4781	6162.9562	6348.1168	39.8031353154	0.6746294121254237	0.4421795634	6.856062177899999	2.2340759371	31	59	0.226644323419	0.727272727273	31	77
346	train	LG+G4	LG	True	False	False	0.617		-833.8346	1771.6693	1839.0528	16.755777999	0.32854466664705884	0.1630669425	5.0720632632	0.9239976543	27	51	0.00685871056241	0.814814814815	27	27
3460	train	LG+G4	LG	True	False	False	1.2189		-2164.8617	4361.7234	4408.5595	8.5577920784	0.5705194718933334	0.3026057363	3.6894280377	2.3980371923	9	15	0.0587761674718	0.594202898551	9	138
3462	train	LG+G4	LG	True	False	False	0.7307		-1314.1027	2672.2054	2717.1525	14.8267969877	0.7060379517952381	0.6234004311	3.3654612713	2.3610981925	12	21	0.0760233918129	0.719298245614	12	57
3466	train	rtREV+F+G4	rtREV	True	False	True	1.1882		-20246.5654	40767.1308	41294.0929	73.5558425577	0.628682415023077	0.4703605024	7.1685777538	5.288376991150001	60	117	0.489836223507	0.621387283237	60	346
3467	train	LG+F+G4	LG	True	False	True	1.3121		-5034.3391	10118.6783	10229.94	3.1615358734	0.63230717468	0.7443732829	1.8400156085	0.9727342865499999	4	5	0.0770142180095	0.0805687203791	4	633
3468	train	LG+G4	LG	True	False	False	1.3236		-1600.5968	3245.1937	3296.1784	9.1086565223	0.4337455486809524	0.2586068178	3.1399378440000003	1.82080195705	12	21	0.0122222222222	0.84	12	75
3469	train	LG+G4	LG	True	False	False	1.2615		-4833.5862	9763.1725	9900.4435	28.6042229665	0.6086004886489361	0.3260348981	6.2791247983	1.7052467224	25	47	0.21984496124	0.744186046512	25	129
3472	train	LG+G4	LG	True	False	False	0.994		-5996.0239	12044.0478	12137.2187	9.918958626	0.39675834504	0.381247389	3.6023213752	2.26325959345	14	25	0.0700859291085	0.744360902256	14	266
3473	train	WAG+G4	WAG	True	False	False	2.1256		-5949.6981	12007.3962	12165.8578	26.1498074826	0.49339259401132074	0.3832428842	3.4517471262	2.20138856025	28	53	0.274922918808	0.726618705036	28	139
3474	train	LG+G4	LG	True	False	False	0.99		-4122.7782	8369.5563	8529.8243	33.2427365433	0.544962894152459	0.4349064657	6.304902536399999	4.68477116635	32	61	0.302933673469	0.714285714286	32	98
3475	train	LG+G4	LG	True	False	False	1.1117		-2815.5767	5727.1534	5847.1442	18.8435513202	0.40092662383404254	0.1624028747	3.8966285855000002	1.6846031137	25	47	0.114222222222	0.822222222222	25	90
3476	train	LG+G4	LG	True	False	False	1.2063		-5871.6026	11799.2053	11899.5432	8.779506969	0.32516692477777775	0.2084666355	2.6629206957999996	1.8998251578999998	15	27	0.0887218045113	0.714285714286	15	266
3477	train	LG+G4	LG	True	False	False	1.4331		-4522.5574	9129.1147	9252.0594	19.177074007999998	0.46773351239024386	0.1829306871	11.099880742700002	4.9397066069	22	41	0.115283267457	0.86231884058	22	138
3479	train	LG+G4	LG	True	False	False	1.3823		-3327.7617	6735.5235	6843.1774	35.4038590034	0.907791256497436	0.1496588939	11.867163100399999	4.6495882967	21	39	0.141546526868	0.853211009174	21	109
348	train	LG+G4	LG	True	False	False	0.7783		-2998.6987	6049.3975	6124.5466	8.4260226522	0.337040906088	0.2953220402	2.1382878543999997	1.4188512239	14	25	0.000537056928034	0.691729323308	14	133
3480	train	LG+G4	LG	True	False	False	2.2785		-8302.3608	16668.7216	16785.7133	25.9468232829	0.8369942994483871	0.4336433856	4.4492325313	3.1988301147999993	17	31	0.218017276841	0.758741258741	17	286
3481	train	LG+G4	LG	True	False	False	1.2849		-11281.9778	22807.9556	23159.6574	66.1770878061	0.5469180810421488	0.3784415251	8.0866384596	5.9672138239	62	121	0.270527859238	0.818181818182	62	132
3482	train	LG+F+G4	LG	True	False	True	1.3825		-1423.2299	2936.4598	3036.3376	15.250370114599999	0.6100148045839999	0.4468934409	4.0765016962	2.9817984400500004	14	25	0.146008403361	0.691176470588	14	68
3485	train	WAG	WAG	False	False	False			-762.6068	1555.2136	1581.9764	5.2389720187	0.3492648012466667	0.2695361974	1.8828166547	1.3719007955999998	9	15	0.0479797979798	0.772727272727	9	44
3486	train	LG+G4	LG	True	False	False	1.9044		-3519.893	7079.786	7144.3009	10.201884955299999	0.536941313436842	0.4117867688	1.8605400037	1.6811914155999998	11	19	0.159335288368	0.666666666667	11	186
3487	train	LG+G4	LG	True	False	False	1.1602		-5994.2862	12012.5725	12061.8032	8.3606021111	0.7600547373727273	0.4708917682	4.4513657598	2.8738052486	7	11	0.118568232662	0.402684563758	7	447
3488	train	LG+F+G4	LG	True	False	True	2.3912		-29468.4929	59122.9858	59499.3914	55.3314512531	0.7579650856589041	0.5446748897	5.845638023699999	3.36104889705	38	73	0.161067562523	0.891252955083	38	423
3489	train	LG+G4	LG	True	False	False	0.6361		-3997.5496	8027.0991	8085.0255	9.0407230112	0.6027148674133334	0.3666179257	3.8200633758	1.2583353553999999	9	15	0.111513687601	0.442028985507	9	276
349	train	LG+G4	LG	True	False	False	1.719		-3887.088	7822.1761	7895.2183	12.9467372475	0.5629016194565217	0.4639183905	3.2689800408	2.3228444602000002	13	23	0.0799007444169	0.793548387097	13	155
3494	train	LG+G4	LG	True	False	False	1.5107		-2336.6812	4713.3624	4764.0144	17.3550227746	0.9134222512947368	0.87836207	4.3193145993	2.7015979589	11	19	0.030303030303	0.784946236559	11	93
3495	train	LG+G4	LG	True	False	False	0.8565		-6208.3929	12476.7857	12583.1411	10.4472865482	0.3602512602827586	0.3060578314	2.0171347164	0.8933459913999999	16	29	0.054931640625	0.6640625	16	256
3497	train	LG+G4	LG	True	False	False	2.3743		-7118.8181	14325.6361	14467.3318	27.3290152511	0.6355584942116279	0.4603625492	4.6513102949	3.0706083551	23	43	0.189189189189	0.843243243243	23	185
3498	train	LG+G4	LG	True	False	False	1.1257		-5192.4431	10432.8863	10515.5043	10.9753080864	0.47718730810434784	0.4276815439	1.9107309126	1.5790070163	13	23	0.0775890775891	0.640692640693	13	231
3499	train	LG+G4	LG	True	False	False	1.468		-1427.2204	2866.4409	2884.7014	6.3298678335	1.2659735667	1.152265693	3.0449777018999997	1.5925317475999998	4	5	0.101612903226	0.0516129032258	4	155
350	train	JTT+G4	JTT	True	False	False	0.85		-1828.2854	3688.5708	3739.8349	1.9295084769	0.12863389846	0.1005304611	0.5066247266	0.3606983513	9	15	0.010989010989	0.285714285714	9	182
3500	train	WAG+F+G4	WAG	True	False	True	1.1989		-2115.3984	4360.7968	4483.7652	22.8338470508	0.5074188233511111	0.3468016863	4.9453381059999995	2.2327221843	24	45	0.0561224489796	0.877551020408	24	49
3502	train	JTT+G4	JTT	True	False	False	1.9096		-2645.5055	5335.011	5400.9496	8.725916883	0.41551985157142857	0.2947719319	2.3488498533	1.1919897902	12	21	0.237612612613	0.594594594595	12	148
3503	train	LG+G4	LG	True	False	False	1.1459		-4428.1856	8908.3712	8988.8087	14.9868666542	0.599474666168	0.487320483	4.2828925511	2.1198701607499997	14	25	0.045574057844	0.828220858896	14	163
3504	train	cpREV+F+G4	cpREV	True	False	True	1.3267		-1481.2163	3032.4325	3118.3347	10.1898868681	0.6793257912066667	0.305023093	5.4523306029	1.9120065751	9	15	0.0490956072351	0.755813953488	9	86
3506	train	LG+G4	LG	True	False	False	1.4183		-4237.6938	8487.3876	8513.0361	3.1366776618	0.62733553236	0.5650116543	1.0628668959	0.89113009615	4	5	0.127118644068	0.0376647834275	4	531
3508	train	WAG+F+G4	WAG	True	False	True	1.2149		-5553.0281	11188.0562	11331.6078	18.7040488395	0.8906689923571429	0.8351449474	3.3264079293	2.1463308601	12	21	0.207142857143	0.6	12	245
3509	train	WAG+G4	WAG	True	False	False	1.3354		-4953.1931	9954.3861	10038.4163	14.1688433651	0.6160366680478261	0.3786677901	4.0754570656	2.2573537708	13	23	0.261852433281	0.571428571429	13	245
3510	train	LG+G4	LG	True	False	False	2.0424		-2722.7968	5497.5936	5570.2842	9.325897876199999	0.373035915048	0.2018614409	2.3716718829	1.2505763806	14	25	0.0749704840614	0.785123966942	14	121
3512	train	LG+G4	LG	True	False	False	2.178		-2229.003	4510.006	4579.981	17.1837360914	0.687349443656	0.4480876363	6.3130002775	3.77222653795	14	25	0.301441677588	0.614678899083	14	109
3514	train	WAG+G4	WAG	True	False	False	1.6759		-12272.0887	24668.1775	24909.9711	22.4273695181	0.36766179537868854	0.2320327347	4.4130105594	1.8103265913000002	32	61	0.376969178082	0.654794520548	32	365
3515	train	WAG	WAG	False	False	False			-1137.5592	2325.1183	2382.035	4.1642416547	0.16656966618799998	0.1005882606	2.1370887905000004	1.3147069679499999	14	25	0.078373015873	0.888888888889	14	72
3519	train	LG+F+G4	LG	True	False	True	0.8683		-16517.1726	33196.3451	33502.0838	45.8046551389	0.7508959858836066	0.5351119017	4.8857135049	3.4359885858	32	61	0.184976708075	0.844720496894	32	322
352	train	LG+G4	LG	True	False	False	0.9092		-8102.0913	16268.1826	16399.249	6.4606552468	0.20840823376774192	0.0820322226	2.5070833224999998	1.8728172755	17	31	0.0438526762056	0.709459459459	17	444
3520	train	LG+F+G4	LG	True	False	True	2.0043		-8205.8553	16493.7106	16653.3811	18.8732910402	0.8987281447714286	0.648094753	7.5474830713	4.1438762496	12	21	0.138888888889	0.771349862259	12	363
3522	train	LG+G4	LG	True	False	False	2.7147		-1549.2117	3134.4233	3179.2188	7.6037232011	0.44727783535882354	0.2803461198	1.8242529159	1.0675783218000001	10	17	0.0808988764045	0.651685393258	10	89
3526	train	LG+G4	LG	True	False	False	1.8637		-3356.4734	6772.9468	6854.5018	14.4504151521	0.49829017765862066	0.3445600032	4.1493524112	1.55432800515	16	29	0.0474330357143	0.901785714286	16	112
3527	train	WAG+F+G4	WAG	True	False	True	0.773		-12973.456	26076.9121	26337.6444	31.880888073399998	0.7084641794088888	0.4477009227	4.4792952546	2.2631344358999996	24	45	0.369383169935	0.637254901961	24	408
3528	train	VT+F+G4	VT	True	False	True	0.6408		-2601.6932	5269.3863	5379.2062	15.9936643035	1.2302818695	0.5560428923	8.5393656126	2.6687648497499996	8	13	0.261529126214	0.422330097087	8	206
3529	train	WAG+G4	WAG	True	False	False	1.7112		-4362.4345	8752.8689	8803.6052	10.1751600764	0.7827046212615384	0.7157029212	3.7344789754	1.85330300005	8	13	0.147111913357	0.458483754513	8	277
353	train	JTT+F+G4	JTT	True	False	True	4.713		-2310.6201	4715.2402	4836.2516	13.5998086798	0.5036966177703704	0.2871110444	7.4635029184	3.7887745055	15	27	0.167697594502	0.876288659794	15	97
3533	train	LG+F+G4	LG	True	False	True	1.7622		-2726.9023	5539.8047	5655.9253	13.9835324893	0.6079796734478261	0.5262493769	2.9625015422	1.4874387589999998	13	23	0.000699300699301	0.872727272727	13	110
3536	train	JTT+G4	JTT	True	False	False	0.5879		-1470.6615	3017.3229	3094.2863	13.3297376046	0.36026317850270273	0.2190667285	4.6209333600999996	1.27393567865	20	37	0.0607142857143	0.714285714286	20	56
3537	train	LG+G4	LG	True	False	False	1.048		-1510.559	3033.118	3053.2006	2.8808999363999996	0.57617998728	0.1963236274	2.4227221718	0.35227787644999997	4	5	0.0714285714286	0.0238095238095	4	210
3540	train	LG+G4	LG	True	False	False	0.7968		-11561.093	23294.1859	23593.1618	27.7155893147	0.32606575664352944	0.2094680153	2.9046255881	1.48133633685	44	85	0.15975656143	0.765690376569	44	239
3543	train	LG+F+G4	LG	True	False	True	2.1147		-14025.9916	28209.9832	28484.2926	34.1535777751	0.578874199577966	0.4797831276	3.7243620506	2.4535802047	31	59	0.0895906749797	0.941176470588	31	238
3544	train	LG+G4	LG	True	False	False	1.4939		-1333.1988	2678.3976	2696.8861	4.0728982293	0.81457964586	0.8102661759	2.1439217592	1.4757055106	4	5	0.0885093167702	0.111801242236	4	161
3545	train	LG+G4	LG	True	False	False	1.0253		-2136.3926	4284.7853	4305.4657	6.9565264075	1.3913052815	1.6262989135	3.5658136529	2.50850479145	4	5	0.0991379310345	0.0387931034483	4	232
3546	train	LG+G4	LG	True	False	False	1.2048		-2274.764	4569.5279	4601.2328	5.8580177549	0.6508908616555555	0.6748684778	2.6108852719	1.88895111345	6	9	0.0236742424242	0.318181818182	6	176
3550	train	LG+G4	LG	True	False	False	1.4977		-24352.5845	48945.1689	49404.9948	50.6085984604	0.42528234000336135	0.3247351248	5.5253049699	3.1125933118999995	61	119	0.372434017595	0.736070381232	61	341
3551	train	LG+G4	LG	True	False	False	1.7905		-6424.0282	12916.0564	13024.8053	19.4798804966	0.5902994089878788	0.3762519628	2.8050243670999997	1.58378333265	18	33	0.048496009822	0.900552486188	18	181
3552	train	LG+G4	LG	True	False	False	1.1318		-7556.3528	15320.7057	15595.7223	60.6070217423	0.5884176868184466	0.4652405336	4.9622858972	3.404897046	53	103	0.289368650218	0.798076923077	53	104
3555	train	LG+G4	LG	True	False	False	1.1805		-10255.3726	20522.7451	20552.7526	8.0953600508	1.61907201016	1.6392673314	3.4897752787000003	2.0939943445	4	5	0.107923497268	0.0346083788707	4	1098
3556	train	LG+F+G4	LG	True	False	True	1.0382		-13367.3701	26828.7402	27034.3664	9.634811127399999	0.35684485657037035	0.3166301471	1.9528174024	0.917911554	15	27	0.0532651902328	0.671209540034	15	587
356	train	LG+G4	LG	True	False	False	0.8528		-1559.9019	3175.8037	3239.1587	9.2319614739	0.34192449903333333	0.1905807623	4.5940896769999995	2.3075317622999996	15	27	0.0225352112676	0.760563380282	15	71
3561	train	LG+G4	LG	True	False	False	0.9645		-5456.3387	11128.6774	11407.8538	37.0735891806	0.3464821418747664	0.2642622402	6.6731164308	1.3787471287	55	107	0.243784786642	0.704081632653	55	98
3562	train	LG+G4	LG	True	False	False	0.891		-6830.3358	13704.6717	13788.9085	9.0043014551	0.42877625976666667	0.3213902495	2.6858812126	1.0540366565000001	12	21	0.0865196078431	0.614705882353	12	340
3563	train	JTT	JTT	False	False	False			-1826.9319	3663.8637	3681.1829	3.1433960999	0.62867921998	0.3770645711	2.5427637006	1.22478454065	4	5	0.0911016949153	0.220338983051	4	236
3564	train	LG+G4	LG	True	False	False	0.7638		-2206.3825	4504.7649	4604.0735	15.0430281266	0.33428951392444445	0.2785228451	2.6682264733	1.2975094515999999	24	45	0.05078125	0.78125	24	64
3566	train	LG+F+G4	LG	True	False	True	1.2607		-11533.6861	23189.3721	23424.3565	40.0366691452	0.976504125492683	0.5011529798	9.103461854999999	6.6360578422500005	22	41	0.227664576803	0.790229885057	22	348
3567	train	WAG+F	WAG	False	False	True			-3604.3028	7256.6056	7353.6288	2.8380983829999997	0.5676196765999999	0.4979832686	1.6658076923	0.7403376520499999	4	5	0.041567695962	0.0712589073634	4	421
357	train	VT+G4	VT	True	False	False	0.6335		-775.1282	1618.2563	1671.1382	9.153284641099999	0.27737226185151515	0.2338728614	1.8139359247	0.9363953615999999	18	33	0.0047619047619	0.571428571429	18	35
3572	train	LG+G4	LG	True	False	False	1.9229		-4663.5993	9391.1986	9489.4035	10.9364157389	0.3527876044806451	0.3058100706	2.4716278707000003	1.1089214528000002	17	31	0.0495745467999	0.830188679245	17	159
3573	train	LG+G4	LG	True	False	False	3.0136		-924.8572	1901.7143	1955.7303	4.4402962601	0.17761185040400002	0.1109159021	1.4153275103	0.8721029194	14	25	0.0677966101695	0.559322033898	14	59
3575	train	LG+F+G4	LG	True	False	True	0.7915		-9913.7209	19885.4418	20026.7936	4.0760665619	0.4528962846555556	0.4574845721	1.0164587881	0.8899293375	6	9	0.0920372285419	0.169596690796	6	967
3576	train	LG+G4	LG	True	False	False	1.1748		-937.4928	1898.9857	1926.9545	5.4460197841	0.49509270764545454	0.2197684067	1.6415220397	0.947126803	7	11	0.0902255639098	0.25	7	76
3578	train	LG+G4	LG	True	False	False	1.4408		-2911.8706	5855.7413	5903.9115	17.6286879773	1.1752458651533333	0.5918031377	6.1593962671	1.9580750773	9	15	0.0851851851852	0.6	9	150
3579	train	LG+G4	LG	True	False	False	2.3665		-9465.1998	19006.3996	19146.3757	28.9312941486	0.7819268688810811	0.5222918498	8.992483906099999	4.1494906596	20	37	0.288775510204	0.727891156463	20	294
358	train	LG+G4	LG	True	False	False	0.9607		-12439.928	24959.8561	25122.6856	16.838985469	0.4317688581794872	0.2182556924	8.8023867239	8.486616829	21	39	0.085670295832	0.836027713626	21	433
3581	train	LG+G4	LG	True	False	False	1.9489		-2893.2893	5806.5786	5841.1745	5.978968813	0.664329868111111	0.6084409843	2.0729864856	1.8096205460500001	6	9	0.0808510638298	0.268085106383	6	235
3582	train	LG+F+G4	LG	True	False	True	2.0773		-3451.6485	7061.2969	7248.4833	19.5946550099	0.33211279677796607	0.211157706	3.1870608558	1.6181074647000002	31	59	0.070641077991	0.949367088608	31	79
3583	train	LG+G4	LG	True	False	False	1.0168		-8454.3806	16956.7612	17051.5767	16.6547816553	0.7241209415347826	0.3062459211	9.484633268100001	1.086968977	13	23	0.0627003205128	0.791666666667	13	384
3585	train	rtREV+G4	rtREV	True	False	False	1.556		-2149.5109	4319.0217	4350.0812	6.5142403775	0.723804486388889	0.6176656517	2.9541440344	1.7439780420000002	6	9	0.0525252525253	0.315151515152	6	165
3588	train	LG	LG	False	False	False			-947.4269	1920.8539	1950.6299	3.9275526808	0.30211943698461535	0.17439303	1.4784908418	0.4905046314	8	13	0.0667808219178	0.465753424658	8	73
3589	train	WAG+G4	WAG	True	False	False	1.0559		-2169.423	4362.846	4401.9983	2.7671878093	0.25156252811818186	0.1754633699	0.6635753942	0.534110793	7	11	0.020725388601	0.243523316062	7	193
359	train	LG+G4	LG	True	False	False	1.8803		-6648.1028	13344.2055	13430.2995	12.6264153833	0.5489745818826087	0.4548670895	2.4013472736000003	2.0780830445	13	23	0.0774992797465	0.805243445693	13	267
3590	train	LG+G4	LG	True	False	False	1.0368		-3916.5629	7849.1257	7881.2939	4.3150843723	0.6164406246142857	0.6403370315	2.0729431869	1.1687926279	5	7	0.117475728155	0.140776699029	5	412
3594	train	LG+G4	LG	True	False	False	0.7924		-9608.159	19344.318	19555.0895	31.9700894251	0.5074617369063492	0.3629285919	5.443297809	1.7711740417	33	63	0.168265570276	0.78391959799	33	199
3598	train	cpREV	cpREV	False	False	False			-1419.1041	2852.2081	2872.7996	2.8066686302	0.40095266145714287	0.1702560107	1.3241943029	0.7250152867999999	5	7	0.0285714285714	0.192857142857	5	140
3600	train	VT+G4	VT	True	False	False	5.8872		-1206.0625	2500.1249	2557.1418	20.0330594134	0.4658851026372093	0.3969319699	3.8579605748	2.2829909708000002	23	43	0.151368760064	0.851851851852	23	27
3601	train	LG+G4	LG	True	False	False	1.309		-1807.2098	3682.4195	3751.2815	14.2191239716	0.4308825445939394	0.2476900233	3.2184314556	1.4484399598	18	33	0.00595238095238	0.892857142857	18	56
3603	train	LG+G4	LG	True	False	False	1.2965		-4926.7989	9873.5977	9916.1744	4.6965517053	0.5218390783666667	0.5424205832	2.5891652323999996	1.7857318543499998	6	9	0.229885057471	0.331417624521	6	522
3608	train	WAG	WAG	False	False	False			-677.1801	1372.3602	1391.7901	2.863895781	0.31821064233333335	0.1963998716	1.0159135531	0.8062318807	6	9	0.078125	0.390625	6	64
3610	train	LG+G4	LG	True	False	False	1.4333		-1769.2297	3562.4595	3598.7461	4.1163464536	0.3742133139636364	0.3499192819	1.0962602583	0.8205847285000001	7	11	0.107142857143	0.322368421053	7	152
3611	train	LG+G4	LG	True	False	False	2.9329		-1957.6914	3955.3828	4011.4632	6.9716132574	0.3669270135473684	0.2602768031	2.1032627984	1.2270408606999998	11	19	0.23174366617	0.614754098361	11	122
3612	train	LG+G4	LG	True	False	False	1.1812		-1280.373	2584.7459	2617.6851	6.2055946566	0.5641449687818182	0.3631520622	3.4906934693	1.7908000441	7	11	0.219875776398	0.391304347826	7	115
3614	train	LG	LG	False	False	False			-3474.1535	7002.3069	7088.5168	12.3065154131	0.45579686715185186	0.4041555439	2.2077292331	1.6829680683000001	15	27	0.361851851852	0.627777777778	15	180
3615	train	LG+G4	LG	True	False	False	1.6181		-3122.3382	6332.6764	6444.5814	15.5876607138	0.3625037375302326	0.2941188086	2.9995482153	2.1243702763999996	23	43	0.167900092507	0.755319148936	23	94
3616	train	LG+G4	LG	True	False	False	1.9857		-3796.4329	7616.8657	7660.4402	7.4698645834	0.679078598490909	0.4687135574	2.4114290308	1.6756846899000002	7	11	0.129544290835	0.362007168459	7	279
3618	train	WAG	WAG	False	False	False			-3152.6	6375.2001	6462.3023	13.7630362569	0.39322960734	0.2017237369	2.552202206	1.6803371597	19	35	0.0307510348906	0.966292134831	19	89
3619	train	rtREV+G4	rtREV	True	False	False	0.8224		-2653.2763	5318.5525	5340.5925	4.2829472758	0.85658945516	0.9168886346	1.8307446392	0.9359181493	4	5	0.0120274914089	0.0274914089347	4	291
3621	train	LG+G4	LG	True	False	False	1.1643		-3792.296	7612.592	7662.4953	8.6102822333	0.6623294025615384	0.2601332563	3.1096563765	0.71255222065	8	13	0.0316091954023	0.39846743295	8	261
3622	train	WAG+G4	WAG	True	False	False	1.0727		-917.1561	1862.3122	1892.7536	6.5720617057	0.5055432081307693	0.2064147415	4.0303504169	0.79053881345	8	13	0.0788461538462	0.415384615385	8	65
3624	train	WAG	WAG	False	False	False			-1846.7798	3703.5596	3719.5796	4.333240485799999	0.8666480971599999	1.0172183244	1.4643645987999998	1.13832605355	4	5	0.0343406593407	0.0549450549451	4	182
3625	train	LG+G4	LG	True	False	False	1.5152		-1913.3517	3842.7034	3868.7634	5.3441197913	0.7634456844714286	0.8013856138	2.0307691134	1.1472019235	5	7	0.116666666667	0.135416666667	5	192
3626	train	LG+G4	LG	True	False	False	1.2015		-4769.2347	9566.4693	9619.699	6.5844710212	0.5064977708615385	0.3503122869	3.2802119626999997	1.5840954357500001	8	13	0.0517371601208	0.622356495468	8	331
3627	train	rtREV+G4	rtREV	True	False	False	0.5944		-485.6339	987.2677	1002.5639	5.5107952578	0.7872564653999999	0.6196071919	2.8753869232	1.4161925647	5	7	0.004	0.16	5	50
3628	train	WAG+G4	WAG	True	False	False	2.7013		-1104.7237	2229.4473	2253.1418	8.0447692944	0.8938632549333333	0.5314997841	4.9027100241	1.77516003835	6	9	0.0464135021097	0.379746835443	6	79
3629	train	VT+G4	VT	True	False	False	0.7166		-1595.2728	3206.5456	3230.7891	5.4948587796	0.7849798256571429	0.4632755604	2.3288566877	1.5049835503	5	7	0.0483660130719	0.117647058824	5	153
363	train	LG+F+G4	LG	True	False	True	1.5414		-9037.8704	18157.7407	18328.2636	12.7978039111	0.6094192338619048	0.3696171376	4.9822496833	4.5308644533999995	12	21	0.130021141649	0.735729386892	12	473
3630	train	JTT	JTT	False	False	False			-1731.3695	3500.7391	3548.6531	13.9448201602	0.7339379031684211	0.4924486474	5.298846370200001	3.6150898629999997	11	19	0.203557312253	0.804347826087	11	92
3632	train	LG+F+G4	LG	True	False	True	4.266		-1644.1432	3370.2864	3469.4589	8.464340174	0.40306381780952383	0.4399624715	2.7568627307	1.6302545159	12	21	0.0592369477912	0.903614457831	12	83
3634	train	LG+G4	LG	True	False	False	0.8038		-2206.5745	4441.149	4485.694	5.3036664172	0.40797433978461534	0.2536335302	2.45428244	1.6122698219	8	13	0.101825842697	0.494382022472	8	178
3636	train	WAG+F+G4	WAG	True	False	True	1.5809		-1099.1429	2252.2858	2328.6503	3.2114283807	0.4587754829571429	0.2848989218	1.7786334233	1.2762763782	5	7	0.0208	0.32	5	125
3638	train	LG+F+G4	LG	True	False	True	1.2437		-16895.6847	33897.3694	34134.5673	28.3386040925	0.8587455785606061	0.8337103386	6.978579096000001	5.8336548892	18	33	0.355760999829	0.602465331279	18	649
3644	train	LG+G4	LG	True	False	False	0.7358		-6483.672	13183.344	13435.0632	54.9691806661	0.5137306604308411	0.4170843736	11.278352426900002	6.3620349801	55	107	0.115311004785	0.894736842105	55	76
3645	train	WAG+F+G4	WAG	True	False	True	0.9925		-5466.4377	10998.8755	11143.7534	4.9678399325	0.3821415332692308	0.2781561254	2.0471577706	0.9261384135500002	8	13	0.365562080537	0.290268456376	8	596
3646	train	LG+G4	LG	True	False	False	1.25		-995.7286	2039.4572	2083.3446	10.3807369168	0.45133638768695655	0.2043631294	5.0532712974	0.8470366882	13	23	0.0	0.804347826087	13	46
365	train	LG	LG	False	False	False			-1546.4869	3114.9738	3146.6846	3.8233861036000003	0.3475805548727273	0.2245100982	2.2452232439	1.9726951307	7	11	0.106060606061	0.621212121212	7	132
3651	train	LG+G4	LG	True	False	False	0.8934		-7305.504	14651.008	14739.9224	9.2883670005	0.4888614210789473	0.2344134023	2.3145827323	1.1592388028	11	19	0.399134199134	0.369841269841	11	630
3652	train	VT+G4	VT	True	False	False	1.6902		-2195.4064	4414.8127	4451.5639	4.8484382338	0.44076711216363634	0.4958512373	1.8967008369	1.0786199642	7	11	0.0569620253165	0.341772151899	7	158
3658	train	LG+G4	LG	True	False	False	1.9209		-6398.9764	12845.9529	12931.8664	19.7319671752	0.8579116163130436	0.8983244142	4.3611787385	3.0932954235	13	23	0.186937590711	0.728301886792	13	265
3660	train	LG+G4	LG	True	False	False	0.9865		-2693.7331	5419.4662	5468.161	9.3867355827	0.62578237218	0.4776427123	4.9540014154	3.8186510191	9	15	0.0501792114695	0.683870967742	9	155
3661	train	LG+G4	LG	True	False	False	1.4816		-1726.2222	3492.4443	3540.0848	9.8114750405	0.5163934231842106	0.4038363925	1.7750209507	1.3901076056	11	19	0.0159090909091	0.775	11	80
3662	train	LG+G4	LG	True	False	False	1.6535		-7971.8622	16087.7244	16306.385	24.5775187988	0.3461622366028169	0.3005073647	3.4112856645000003	1.6790090370000001	37	71	0.147946647947	0.857142857143	37	154
3665	train	LG+G4	LG	True	False	False	2.672		-2783.1592	5658.3183	5764.3053	18.776487564900002	0.41725527922000005	0.2117765201	3.7353278225	1.95228598525	24	45	0.139076576577	0.864864864865	24	74
3666	train	LG+G4	LG	True	False	False	1.0947		-3102.8514	6233.7027	6280.6288	5.6363008055999995	0.4335616004307692	0.4725583583	1.8344031644999998	1.002035439	8	13	0.0373222748815	0.502369668246	8	211
3667	train	LG+G4	LG	True	False	False	0.582		-1857.5747	3759.1495	3812.6274	22.334393634	1.063542554	0.4786668823	10.6522523129	3.1013789834	12	21	0.0684523809524	0.642857142857	12	84
3668	train	LG+F+G4	LG	True	False	True	1.9092		-4506.7268	9071.4535	9182.1497	9.3918375862	1.0435375095777777	0.745180139	3.4772910023000003	2.07641878885	6	9	0.0813492063492	0.1875	6	336
3669	train	WAG+F+G4	WAG	True	False	True	0.573		-5227.9383	10505.8766	10622.7407	1.5535945191	0.31071890382	0.290879864	0.7857097139	0.5226434248	4	5	0.0688131313131	0.0656565656566	4	792
3670	train	JTT+F+G4	JTT	True	False	True	3.0044		-35449.3109	71280.6219	72020.1964	46.1302959065	0.26976781231871344	0.1710371128	3.8972585174	2.7149415105	87	171	0.250542334467	0.814084507042	87	355
3671	train	LG+G4	LG	True	False	False	2.2594		-2394.981	4841.9621	4906.9571	14.0810092353	0.563240369412	0.3933753607	3.9932358515999997	1.6904220346	14	25	0.081746031746	0.844444444444	14	90
3675	train	LG+G4	LG	True	False	False	1.0035		-958.468	1944.936	1976.0091	8.745451041099999	0.6727270031615384	0.3991304095	3.33246733	1.524809486	8	13	0.134191176471	0.529411764706	8	68
3676	train	LG+G4	LG	True	False	False	1.3111		-6483.0322	13018.0644	13115.6313	17.9943126404	0.719772505616	0.4765316971	5.6777950898	3.5751119569	14	25	0.352154195011	0.555555555556	14	315
3677	train	LG+G4	LG	True	False	False	0.7241		-823.4831	1674.9662	1705.6214	5.7443925822	0.44187635247692303	0.1134320469	2.4420647183	0.7259185555500001	8	13	0.0435606060606	0.257575757576	8	66
3678	train	LG+F+G4	LG	True	False	True	0.8187		-8607.7359	17401.4718	17696.8537	39.052480262	0.5349654830410959	0.2208762821	8.4276017141	1.61127285385	38	73	0.21141837645	0.757062146893	38	177
368	train	LG+G4	LG	True	False	False	1.1905		-2156.6303	4349.2605	4401.6883	6.751273951	0.3971337618235294	0.2589716132	2.1867248068	1.5991682415000001	10	17	0.0735294117647	0.566176470588	10	136
3680	train	LG+G4	LG	True	False	False	1.6181		-1257.7405	2563.481	2614.1419	10.0720233331	0.4379140579608696	0.1833864541	5.1329554797000005	0.8194066176	13	23	0.0277427490542	0.83606557377	13	61
3681	train	LG+G4	LG	True	False	False	0.6806		-11073.8558	22391.7117	22754.0289	33.6095718652	0.2777650567371901	0.2014391967	3.9763226876999997	1.5599949831	62	121	0.0972222222222	0.8125	62	144
3682	train	rtREV+G4	rtREV	True	False	False	1.4778		-2036.1847	4120.3694	4180.63	10.4284838142	0.4534123397478261	0.3839351904	3.0844342567000003	1.5111556734	13	23	0.0532544378698	0.879120879121	13	91
3684	train	LG+F+G4	LG	True	False	True	1.2128		-9714.5117	19591.0234	19876.2617	27.0745711636	0.44384542891147544	0.3163682434	5.5694007464	3.11755594275	32	61	0.302625	0.748	32	250
3686	train	WAG+G4	WAG	True	False	False	0.5319		-1918.0138	3880.0277	3944.7438	3.4125225687	0.1625010747	0.1388452061	0.9714891421	0.47613394635	12	21	0.0494047619048	0.371428571429	12	140
3687	train	LG+G4	LG	True	False	False	1.0714		-18032.9065	36501.8129	37194.2135	48.395145623	0.22301910425345622	0.1320202903	13.1273427779	2.89624503635	110	217	0.23374422188	0.830508474576	110	177
3688	train	JTT	JTT	False	False	False			-1398.9714	2811.9429	2833.8106	2.2428143765	0.3204020537857143	0.2258149091	1.1572954132	0.7198349508	5	7	0.141666666667	0.238095238095	5	168
369	train	LG+G4	LG	True	False	False	1.2669		-1536.0857	3112.1715	3161.4896	5.6972911854	0.29985743081052635	0.2007825824	1.7632135938	0.7548605881	11	19	0.0292580982236	0.655172413793	11	87
3691	train	JTT+F+G4	JTT	True	False	True	1.4661		-3252.9692	6571.9383	6695.6683	5.3941055704	0.4149311977230769	0.2350425201	2.6169364331000002	1.29935968225	8	13	0.265923566879	0.356687898089	8	314
3694	train	LG+G4	LG	True	False	False	2.1302		-7541.2889	15238.5777	15458.5597	28.4978404217	0.3701018236584416	0.2488118841	4.3039679223	2.2009934878	40	77	0.102217741935	0.903225806452	40	124
3695	train	LG+G4	LG	True	False	False	1.4996		-5754.3382	11524.6764	11558.0165	8.5205010736	1.2172144390857143	1.1305651403	2.8458095017	1.6796414928	5	7	0.0385744234801	0.104821802935	5	477
3697	train	LG+F+G4	LG	True	False	True	0.979		-4742.4754	9574.9507	9722.2357	31.0345056665	1.24138022666	0.8149925877	8.8692929826	3.3482504788	14	25	0.247985347985	0.661538461538	14	195
3698	train	WAG+F	WAG	False	False	True			-1795.7291	3655.4583	3758.6822	5.6447799133	0.4342138394846154	0.2255931283	1.4898552607	0.8751149484	8	13	0.399193548387	0.290322580645	8	186
3699	train	LG+G4	LG	True	False	False	0.8886		-8177.0197	16550.0395	16828.7698	39.7405369579	0.4096962572979381	0.3260121504	4.817965826899999	2.8920583473	50	97	0.101732283465	0.850393700787	50	127
3700	train	LG+G4	LG	True	False	False	0.8912		-2591.0873	5250.1745	5347.4082	30.192024004	0.9149098183030303	0.3763627691	7.1986680667	4.30797503895	18	33	0.453057708872	0.441860465116	18	129
3702	train	LG+F+G4	LG	True	False	True	1.5299		-4159.2391	8404.4781	8540.8089	19.3203897351	0.8400169450043479	0.5855636267	8.0828081212	3.4035381221999996	13	23	0.141608391608	0.761363636364	13	176
3703	train	LG+F+G4	LG	True	False	True	1.1401		-6527.9967	13125.9933	13265.4311	9.762649092	0.6508432728	0.49151055	4.5079909694	3.8312051328	9	15	0.101875174923	0.584382871537	9	397
3705	train	WAG+G4	WAG	True	False	False	0.7463		-6743.6461	13507.2923	13553.3046	1.9101524103	0.21223915670000001	0.176360808	0.5616013506	0.31330671644999997	6	9	0.00271739130435	0.133152173913	6	736
3706	train	LG+G4	LG	True	False	False	1.2174		-13955.1685	27970.337	28096.655	17.8050855315	0.6139684666034483	0.3053956778	4.2177151141	2.65542290645	16	29	0.0990210843373	0.825301204819	16	498
3707	train	WAG	WAG	False	False	False			-1402.6574	2815.3148	2830.7836	2.8996650483	0.57993300966	0.6331785285	0.954763274	0.81570303375	4	5	0.124233128834	0.0490797546012	4	163
3709	train	LG+G4	LG	True	False	False	0.9779		-2253.4084	4542.8168	4594.4324	10.871744225	0.6395143661764706	0.4698574197	3.5283440141	1.6232278606	10	17	0.121538461538	0.530769230769	10	130
371	train	LG+G4	LG	True	False	False	0.8414		-11856.9335	23961.8669	24374.5236	63.5998542647	0.5170719858918699	0.3376236211	11.2867781123	4.1015662308	63	123	0.476729850516	0.645631067961	63	206
3710	train	LG+G4	LG	True	False	False	1.0921		-4362.3207	8764.6413	8833.4029	7.2756869286	0.38293089097894734	0.3259177534	2.4319037518999997	0.8290447061999999	11	19	0.00592885375494	0.639130434783	11	230
3712	train	LG+G4	LG	True	False	False	0.8351		-1164.9275	2341.855	2360.9119	2.3882661387999997	0.47765322775999997	0.157624522	1.9263679208	0.213156383	4	5	0.0776836158192	0.0282485875706	4	177
3713	train	LG+G4	LG	True	False	False	1.4956		-4442.2339	9012.4679	9182.3214	22.7942323488	0.3618132118857143	0.2487238846	2.8418514385	1.2067102128	33	63	0.238383838384	0.790476190476	33	105
3716	train	LG+G4	LG	True	False	False	1.1218		-5320.4314	10676.8628	10744.4661	7.6153164859	0.4479597932882353	0.3799690508	2.6184873163	2.01275567275	10	17	0.0822784810127	0.613924050633	10	316
3718	train	WAG	WAG	False	False	False			-652.0385	1326.077	1345.4502	5.8461906384999995	0.5314718762272727	0.3673165434	2.8496946278	0.8974033899	7	11	0.0697674418605	0.441860465116	7	43
3721	train	LG+G4	LG	True	False	False	0.9461		-1738.6233	3501.2465	3537.7676	9.0364546174	0.821495874309091	0.4751979917	4.9917880177	1.9516493767	7	11	0.200921658986	0.225806451613	7	155
3722	train	LG+F+G4	LG	True	False	True	0.8296		-875.5334	1817.0669	1886.1803	13.5272006093	1.0405538930230769	0.8165498494	5.8002113503	3.59490445665	8	13	0.0666666666667	0.65	8	60
3727	train	JTT+F	JTT	False	False	True			-650.5694	1349.1388	1406.9001	3.4642659066	0.6928531813200001	0.814006999	1.8957525720000001	1.30080847565	4	5	0.0884146341463	0.109756097561	4	82
3729	train	WAG+G4	WAG	True	False	False	1.2685		-1651.213	3326.426	3358.2736	13.7972649538	1.254296813981818	0.4545615227	6.1372624792	3.0117777096999996	7	11	0.0884353741497	0.342857142857	7	105
3730	train	WAG+G4	WAG	True	False	False	1.015		-2562.1181	5144.2362	5184.519	4.786826781	0.5318696423333333	0.3216745467	3.5010214807000004	2.6559422445500003	6	9	0.420883534137	0.334939759036	6	415
3733	train	LG+F+G4	LG	True	False	True	1.1743		-9120.6874	18299.3748	18432.4138	16.998984044	1.8887760048888889	1.1946022032	6.3038258661	3.31746768225	6	9	0.157024793388	0.19696969697	6	726
3734	train	LG+G4	LG	True	False	False	0.7724		-2910.4456	5832.8911	5856.7034	6.777946125600001	1.3555892251200001	0.0750884005	4.6128419323	2.04289715895	4	5	0.0786445012788	0.0511508951407	4	391
3736	train	LG+G4	LG	True	False	False	0.5467		-3633.0144	7346.0288	7459.1614	11.7402067158	0.3010309414307692	0.2439392203	2.7081722743000003	1.2533836326	21	39	0.00152380952381	0.728	21	125
3737	train	LG+G4	LG	True	False	False	2.5976		-4208.4927	8444.9854	8495.3114	9.5321009056	0.7332385312	0.574026153	2.3484210664000003	1.6738824946	8	13	0.171933085502	0.442379182156	8	269
3738	train	LG+G4	LG	True	False	False	1.1576		-4697.1852	9414.3704	9453.6929	9.3183492569	1.0353721396555555	0.9891072184	2.8956001836	2.2273709874	6	9	0.155172413793	0.167108753316	6	377
3739	train	LG	LG	False	False	False			-3490.3772	6994.7544	7021.3055	4.7460007864	0.6780001123428571	0.5326423395	1.4769513258	1.3920044154	5	7	0.135975609756	0.170731707317	5	328
3741	train	LG+G4	LG	True	False	False	2.132		-3263.7093	6539.4187	6562.7851	4.7153221097	0.94306442194	0.8610691006	2.3343394521	0.8889825920500001	4	5	0.0640495867769	0.0275482093664	4	363
3742	train	LG+G4	LG	True	False	False	1.3467		-1774.6563	3573.3126	3610.0637	3.1457831753	0.2859802886636364	0.2206556435	1.0488915401	0.7072234783	7	11	0.0171790235081	0.443037974684	7	158
3747	train	LG+G4	LG	True	False	False	1.3058		-2950.1619	5924.3239	5964.4892	8.6059980096	0.7823634554181819	0.4708020594	2.6036411971	1.2563504927	7	11	0.0619047619048	0.385714285714	7	210
3748	train	LG+G4	LG	True	False	False	1.0165		-4553.6524	9303.3049	9508.5506	64.9437170918	0.6695228566164948	0.4687233982	7.0476375530999995	3.6154458603	50	97	0.0913333333333	0.916666666667	50	60
3749	train	LG+G4	LG	True	False	False	1.2629		-2763.732	5539.4639	5561.9793	6.384011524	1.2768023048	0.9217759932	2.9294239804	1.4021349986	4	5	0.131746031746	0.0253968253968	4	315
375	train	LG+G4	LG	True	False	False	0.8393		-1803.9537	3635.9074	3675.8358	6.3904100675	0.4915700051923077	0.3895927986	3.0999553108	0.9311957291000001	8	13	0.0732421875	0.3984375	8	128
3750	train	cpREV	cpREV	False	False	False			-1983.8433	3977.6866	3995.4708	2.5137414409	0.5027482881800001	0.2639296886	1.6871091249	0.39370618645	4	5	0.0540540540541	0.0501930501931	4	259
3751	train	LG+G4	LG	True	False	False	1.8534		-1550.1832	3112.3665	3132.1564	3.0845504455	0.6169100891	0.7876028835	1.1711780286	1.0492572879000002	4	5	0.04875	0.11	4	200
3752	train	LG+F+G4	LG	True	False	True	1.2033		-8502.6593	17107.3186	17305.368	21.7545670492	0.7017602273935484	0.3717622952	3.3659992550999998	2.1677100335	17	31	0.238898902179	0.701949860724	17	359
3754	train	LG+F+G4	LG	True	False	True	1.4747		-1126.6061	2307.2122	2384.217	5.1129149127	0.7304164161	0.5894954142	3.4383155624999997	0.9641012741999999	5	7	0.05625	0.203125	5	128
3757	train	LG+G4	LG	True	False	False	1.104		-10342.976	21021.952	21456.2266	64.99048932390001	0.3891646067299402	0.2595130777	4.531868890300001	2.7391908522	85	167	0.248979591837	0.785714285714	85	98
3760	train	LG	LG	False	False	False			-762.5671	1539.1342	1556.6329	1.9561365494	0.2794480784857143	0.1444714508	0.6650003743	0.4606725506	5	7	0.0444444444444	0.266666666667	5	90
3762	train	LG+G4	LG	True	False	False	1.3183		-1136.1578	2296.3156	2325.9065	7.86652886	0.7151389872727273	0.4936168355	2.8489816413	1.5939533406999997	7	11	0.0870279146141	0.436781609195	7	87
3763	train	LG+G4	LG	True	False	False	0.8695		-4719.8037	9475.6074	9538.9937	14.2568338754	0.8386372867882352	0.8314484501	3.1629415428999996	2.1689423897	10	17	0.1112	0.596	10	250
3765	train	LG+G4	LG	True	False	False	0.9883		-1928.4353	3872.8707	3897.7666	15.2490767295	2.1784395327857142	1.2096920783	10.061721544800001	2.0781452868	5	7	0.103614457831	0.0963855421687	5	166
3767	train	LG	LG	False	False	False			-682.1826	1374.3652	1387.3911	1.2633908112	0.25267816224	0.19873171	0.4545809697	0.40350771135	4	5	0.025	0.1	4	100
3769	train	LG+G4	LG	True	False	False	1.1721		-1287.643	2615.286	2657.5035	9.4423062347	0.4969634860368421	0.5254734264	2.064134228	1.5043496133	11	19	0.0238450074516	0.688524590164	11	61
3772	train	LG+G4	LG	True	False	False	1.1589		-694.7456	1409.4912	1431.235	4.1855445917	0.46506051018888894	0.4647946325	2.2292905154	1.4503527621499999	6	9	0.0410256410256	0.323076923077	6	65
3774	train	LG+G4	LG	True	False	False	0.9692		-2681.0581	5378.1162	5406.3198	7.2367570449	1.0338224349857144	0.4697998113	4.1678467611	0.9728062664	5	7	0.0756972111554	0.111553784861	5	251
3775	train	LG+F+G4	LG	True	False	True	1.3385		-5267.5544	10601.1088	10730.2544	9.434778956199999	0.7257522273999999	0.4983711009	5.0122890349	1.5966428616	8	13	0.15777027027	0.454054054054	8	370
3776	train	LG+G4	LG	True	False	False	1.4689		-5204.0296	10440.0591	10505.2647	6.7760852861	0.4517390190733333	0.3611971843	2.1198013926000003	1.3232523648999999	9	15	0.330268199234	0.4	9	435
3778	train	LG+F+G4	LG	True	False	True	1.5849		-6427.9815	12909.9629	13026.2816	11.5784236987	1.6540605283857144	1.2191927468	3.7109968385	2.8688596442999996	5	7	0.101275045537	0.111111111111	5	549
3779	train	LG+G4	LG	True	False	False	1.5098		-2487.7134	4991.4267	5020.2141	3.5288843698	0.5041263385428572	0.2686197503	1.2334609171	0.6844642202	5	7	0.102962962963	0.155555555556	5	270
378	train	LG+G4	LG	True	False	False	0.658		-10771.3673	21762.7347	22124.9982	21.2796302913	0.19522596597522934	0.1179974174	5.676232304500001	4.03230611025	56	109	0.156586503948	0.814070351759	56	199
3780	train	LG+G4	LG	True	False	False	1.8796		-891.1749	1826.3498	1871.6795	6.6082083821	0.3146765896238095	0.220472	3.1325911063	1.0991697467500001	12	21	0.139367816092	0.637931034483	12	58
3782	train	LG	LG	False	False	False			-2346.2534	4710.5068	4738.7289	7.5657896023	0.8406432891444444	0.7855937279	3.0224104976	2.28016800455	6	9	0.103921568627	0.3	6	170
3783	train	LG+G4	LG	True	False	False	0.6071		-1342.3461	2696.6922	2715.8165	5.814023163	1.1628046325999999	1.0511216232	2.2899960383	1.6368271694	4	5	0.196927374302	0.0279329608939	4	179
3786	train	LG+G4	LG	True	False	False	1.1497		-4214.3632	8472.7264	8544.5056	19.5986152253	0.9332673916809524	0.3893014212	8.6067354889	4.2789302376	12	21	0.160621761658	0.694300518135	12	193
3787	train	LG	LG	False	False	False			-11151.3665	22352.7331	22457.0777	8.2333128069	0.329332512276	0.2288353221	3.0832241211	2.7055143539	14	25	0.0568452380952	0.910416666667	14	480
379	train	LG+G4	LG	True	False	False	0.9337		-9740.1432	19836.2864	20363.6727	48.4706715869	0.2738456021858757	0.159119758	6.4157810179	4.2119171373499995	90	177	0.366433566434	0.671328671329	90	143
3790	train	LG+G4	LG	True	False	False	1.0503		-3116.2467	6252.4933	6288.2528	4.8252683014999995	0.5361409223888889	0.5745524701	1.3905343422	0.9416736192999999	6	9	0.0441919191919	0.231060606061	6	264
3791	train	LG+G4	LG	True	False	False	2.0995		-2076.3148	4192.6295	4247.873	7.3020376517	0.38431777114210525	0.325379462	2.8094778899999997	2.3004849846999997	11	19	0.125874125874	0.65811965812	11	117
3792	train	LG+G4	LG	True	False	False	1.369		-15273.1341	30642.2682	30841.3947	38.0723693123	0.8100504109	0.5453880874	10.558949263999999	7.321161854199999	25	47	0.410256410256	0.587606837607	25	468
3793	train	LG+G4	LG	True	False	False	0.5822		-631.1414	1274.2828	1289.7311	1.4548198304	0.29096396607999997	0.1463815944	0.8504556933999999	0.3272717007	4	5	0.0	0.0721649484536	4	97
3795	train	LG+G4	LG	True	False	False	1.2064		-1695.5821	3411.1643	3440.9316	4.0496908592	0.44996565102222225	0.360193272	1.6829427205	1.1951687913	6	9	0.0183908045977	0.365517241379	6	145
3796	train	LG+G4	LG	True	False	False	0.9563		-2491.6359	5007.2718	5046.6092	6.1598648325	0.5599877120454546	0.5740035604	2.4389535750999998	1.2250331104999999	7	11	0.100583090379	0.301020408163	7	196
3798	train	LG	LG	False	False	False			-843.4601	1704.9203	1724.4898	5.6122088592	0.6235787621333333	0.4176455734	2.2810755136	1.0456801928000001	6	9	0.0794871794872	0.292307692308	6	65
3799	train	LG+G4	LG	True	False	False	1.276		-3213.9218	6451.8435	6495.1131	4.8204378814	0.4382216255818182	0.2614592261	1.4352962137	1.1258297597	7	11	0.108193277311	0.330882352941	7	272
380	train	LG+G4	LG	True	False	False	1.2599		-3215.542	6535.084	6647.3459	25.3872948633	0.4977900953588235	0.4413613081	3.0995329022	2.0123106085	27	51	0.00694444444444	0.953125	27	64
3800	train	LG+F+G4	LG	True	False	True	1.4921		-1635.9396	3369.8791	3468.2384	18.8085683741	0.6485713232448276	0.5072197659	3.8806452652	1.5203189279	16	29	0.0	0.872727272727	16	55
3801	train	WAG	WAG	False	False	False			-1241.7034	2565.4067	2629.176	11.4266584589	0.27869898680243904	0.2189873975	2.7134720457	1.6846616903	22	41	0.0545454545455	0.942857142857	22	35
3802	train	LG+F+G4	LG	True	False	True	2.8002		-21481.6338	43153.2676	43547.9791	38.3696918706	0.511595891608	0.3383675098	5.9516211531	2.3197816399	39	75	0.424247373292	0.624203821656	39	471
3803	train	cpREV	cpREV	False	False	False			-898.8461	1815.6923	1837.0173	3.9035904567	0.43373227296666667	0.3192664751	2.4392764334	0.67281424995	6	9	0.0696202531646	0.556962025316	6	79
3804	train	VT	VT	False	False	False			-929.6247	1869.2494	1881.9124	3.4508348722	0.6901669744400001	0.7801529039	1.0516678221	0.9283492417500001	4	5	0.0564516129032	0.0215053763441	4	93
3806	train	LG+G4	LG	True	False	False	1.7066		-6993.8285	14087.6571	14243.5567	23.6038162806	0.48171053633877553	0.33789135	3.2115568934	1.8390686614	26	49	0.165591893137	0.844311377246	26	167
3807	train	LG+G4	LG	True	False	False	1.0594		-4409.1746	8870.3491	8950.7867	17.0611758744	0.682447034976	0.5798962015	5.1350927209999995	2.77507904265	14	25	0.0771253286591	0.840490797546	14	163
3808	train	rtREV+F+G4	rtREV	True	False	True	2.3113		-2682.8344	5439.6688	5551.0623	9.7150533565	0.5714737268529412	0.4787753757	2.912004852	1.4605983226500001	10	17	0.143333333333	0.58	10	150
3809	train	LG+G4	LG	True	False	False	1.2512		-2048.1086	4124.2172	4165.1987	8.1016023222	0.6232001786307693	0.6142596849	3.1575778876	1.34164224975	8	13	0.132246376812	0.398550724638	8	138
381	train	LG+G4	LG	True	False	False	0.7193		-22115.3693	44462.7386	44903.4333	31.550112402	0.27434880349565216	0.1760592791	3.5675770199	1.6264365829	59	115	0.114637904468	0.763636363636	59	330
3810	train	LG+G4	LG	True	False	False	1.5276		-1472.3331	2968.6663	2999.6859	11.9615386591	1.0874126053727273	0.3984699055	4.833014538	2.2271860484	7	11	0.0830903790087	0.326530612245	7	98
3811	train	LG+G4	LG	True	False	False	1.1239		-2463.922	4943.844	4972.4818	3.2169195397	0.4595599342428572	0.2931781766	1.890693033	0.453214901	5	7	0.00754716981132	0.105660377358	5	265
3812	train	LG+G4	LG	True	False	False	1.5604		-7659.6037	15423.2074	15587.4783	21.3707846076	0.41903499230588237	0.3603531446	4.086986597499999	2.0029328083999998	27	51	0.0870583226905	0.902298850575	27	174
3815	train	LG+F+G4	LG	True	False	True	2.2695		-13888.2044	28090.4087	28528.0449	78.2242968009	0.5709802686197081	0.3483527071	7.1737172322	4.348384897550001	70	137	0.177976190476	0.95	70	120
3816	train	LG+G4	LG	True	False	False	0.7508		-1296.644	2641.288	2695.928	6.9008545558	0.30003715459999997	0.1685041114	2.5899260492	1.0961596796	13	23	0.0555555555556	0.597222222222	13	72
3817	train	LG+G4	LG	True	False	False	1.0675		-3718.7503	7453.5006	7484.3182	6.8738236568	0.9819748081142857	0.5959533617	4.1219113421	1.0297150406	5	7	0.0396551724138	0.14367816092	5	348
3818	train	LG+G4	LG	True	False	False	1.1849		-7224.676	14533.352	14680.916	26.1235306766	0.637159284795122	0.4256831154	5.127979444099999	2.54111953925	22	41	0.355938416422	0.564516129032	22	248
3819	train	WAG	WAG	False	False	False			-3808.5232	7635.0464	7668.7045	5.5218013109	0.6135334789888889	0.7180012735	1.4166451206	1.11458271505	6	9	0.17845659164	0.24115755627	6	311
3821	train	LG+G4	LG	True	False	False	0.9166		-2170.8295	4361.659	4392.839	9.8044640734	1.0893848970444444	0.8039497457	4.605461329100001	2.99949018505	6	9	0.0878243512974	0.239520958084	6	167
3822	train	LG+G4	LG	True	False	False	1.6866		-3077.559	6215.118	6295.8584	17.674811624	0.6094762628965518	0.4273279713	6.1410738938	3.49955089145	16	29	0.11869266055	0.917431192661	16	109
3825	train	WAG+G4	WAG	True	False	False	2.8828		-9048.7742	18225.5484	18432.6807	26.2277132691	0.41631290903333334	0.3261692521	3.2671276121	2.2690758362	33	63	0.300128949065	0.776595744681	33	188
3828	train	LG+G4	LG	True	False	False	1.0739		-8918.4959	17908.9917	18044.7636	23.017785779	0.6576510222571429	0.4851497351	11.942380935500001	11.083916605999999	19	35	0.231513362846	0.713395638629	19	321
3830	train	LG+G4	LG	True	False	False	2.1566		-4823.569	9675.138	9727.084	7.7351188752	0.5950091442461539	0.6709417309	3.2481585867	2.09970008255	8	13	0.0894039735099	0.55298013245	8	302
3835	train	LG+G4	LG	True	False	False	1.3662		-1149.0621	2326.1243	2357.4017	8.3010440286	0.6385418483538461	0.3744123008	3.0226247581	1.3728384305499999	8	13	0.0163043478261	0.434782608696	8	69
3836	train	JTT+F+G4	JTT	True	False	True	1.5889		-4183.6778	8465.3557	8620.987	12.2055912979	0.4208824585482759	0.2786649394	3.3350342513	2.31422153625	16	29	0.161370056497	0.802259887006	16	177
3837	train	LG+G4	LG	True	False	False	1.197		-12915.5848	25887.1695	26002.4762	34.1214993101	1.2637592337074073	0.7628990689	7.175008612	4.1466203868000004	15	27	0.188986784141	0.748898678414	15	454
3838	train	LG+G4	LG	True	False	False	1.5269		-2048.2531	4108.5062	4129.9391	4.8498793727	0.96997587454	0.7963895683	1.6573426758	1.42514833065	4	5	0.213878326996	0.0266159695817	4	263
3839	train	LG+F+G4	LG	True	False	True	1.9833		-7982.821	16047.642	16203.1555	16.1076303676	0.7670300175047619	0.5603056163	2.850284674	2.15421856215	12	21	0.104674796748	0.734756097561	12	328
384	train	WAG+G4	WAG	True	False	False	0.8722		-977.7622	2011.5244	2060.838	8.4931782836	0.3145621586518519	0.3162324688	3.1109620222000003	1.1344156999	15	27	0.0046511627907	0.697674418605	15	43
3842	train	LG	LG	False	False	False			-1278.1365	2574.2731	2598.3286	3.7199873872	0.4133319319111111	0.352246817	1.3380971512	0.85809453035	6	9	0.0996884735202	0.271028037383	6	107
3844	train	LG+G4	LG	True	False	False	0.8794		-1844.3712	3700.7424	3720.3186	8.0968182438	1.6193636487599998	1.4192453747	3.3279440896	2.3458223807	4	5	0.0582901554404	0.0466321243523	4	193
3845	train	LG+G4	LG	True	False	False	1.1206		-8051.7016	16123.4031	16168.0956	8.6220134905	0.9580014989444445	1.0068289239	2.8918134843	1.67867242815	6	9	0.129715762274	0.165891472868	6	645
3846	train	LG+F+G4	LG	True	False	True	0.982		-4878.8842	9807.7683	9914.9648	7.6253117303	1.52506234606	1.4491521007	3.7969059862000005	2.00550658945	4	5	0.0859665427509	0.0408921933086	4	538
3847	train	LG+G4	LG	True	False	False	0.7092		-2566.1574	5156.3148	5196.014	9.2418627352	0.8401693395636364	0.9084425493	3.4641063453000003	1.3276125300000001	7	11	0.159830268741	0.277227722772	7	202
3848	train	VT+F+G4	VT	True	False	True	1.1568		-2069.0628	4204.1257	4304.5587	5.0633824012	0.38949095393846156	0.2378312849	2.3985396756000004	0.8772349144	8	13	0.0620967741935	0.354838709677	8	155
3853	train	LG+G4	LG	True	False	False	1.5491		-9412.3343	18840.6685	18879.1673	8.895068808	1.2707241154285713	0.9806334101	3.5822949694	2.2930132202999998	5	7	0.193839383938	0.104510451045	5	909
3855	train	LG+F+G4	LG	True	False	True	1.0258		-5623.038	11308.0761	11430.8673	13.5352095174	1.2304735924909092	1.189717871	4.1917291326	2.6000698317	7	11	0.0806332842415	0.34793814433	7	388
3856	train	LG	LG	False	False	False			-6245.7797	12513.5595	12558.514	10.5722810472	0.9611164588363637	0.4852233316	2.9919336615	2.149507172	7	11	0.184090909091	0.311363636364	7	440
3858	train	LG+G4	LG	True	False	False	0.5928		-7479.9058	15031.8116	15171.6112	19.9990545486	0.5714015585314286	0.5049693468	4.3386780839	2.7272051677999998	19	35	0.396129599765	0.523676880223	19	359
3860	train	LG+G4	LG	True	False	False	1.9715		-7351.7669	14723.5338	14767.453	7.5822189428	0.8424687714222222	0.8270631656	2.4951414469	1.79754538075	6	9	0.134840871022	0.232830820771	6	597
3861	train	LG+F+G4	LG	True	False	True	1.5499		-21303.458	42696.916	42943.662	24.7514208212	0.990056832848	0.8037820031	4.2879153842	2.9692189406500002	14	25	0.659649686646	0.2575928009	14	1778
3862	train	LG+G4	LG	True	False	False	0.9349		-2309.5565	4643.113	4682.7527	3.7804136227	0.3436739657	0.3111335934	1.4112985226	1.1968420595	7	11	0.0312722103767	0.422885572139	7	201
3863	train	LG+G4	LG	True	False	False	0.9502		-2906.994	5829.9879	5859.3193	6.4867600559000005	0.9266800079857144	0.6419126748	3.8098004712	0.9098576849	5	7	0.083044982699	0.124567474048	5	289
3865	train	LG+G4	LG	True	False	False	1.4463		-2261.7126	4551.4252	4591.4626	12.2691594354	0.9437814950307692	0.8910802835	3.6572374712	1.50394644575	8	13	0.077519379845	0.449612403101	8	129
3874	train	LG+G4	LG	True	False	False	1.5129		-4012.7569	8081.5139	8171.8348	9.0207097759	0.33410036207037036	0.1859153985	4.0667260345	1.6257735863000002	15	27	0.0691756272401	0.774193548387	15	186
3875	train	LG+G4	LG	True	False	False	0.9122		-7915.0371	15918.0742	16080.0018	40.1959934825	0.9347905461046512	0.5647012678	10.0879256178	3.83935813	23	43	0.48018993916	0.525597269625	23	293
3876	train	LG+G4	LG	True	False	False	0.7861		-2188.2565	4436.513	4514.3666	9.0634183197	0.3125316661965517	0.1995377468	3.3998529578000003	0.6327239611000001	16	29	0.0757575757576	0.676767676768	16	99
3877	train	rtREV+F+G4	rtREV	True	False	True	1.3558		-7883.5536	15817.1072	15937.9061	5.3672333242	1.07344666484	1.177230673	1.6678290789999999	1.44157826265	4	5	0.131067961165	0.0463861920173	4	927
3879	train	JTT+G4	JTT	True	False	False	1.2065		-2076.4567	4240.9134	4345.7225	11.6694534329	0.2713826379744186	0.1764483068	4.0546006742000005	2.4389609369	23	43	0.271195652174	0.6375	23	80
3881	train	LG+G4	LG	True	False	False	0.9681		-4031.3723	8098.7446	8161.9136	8.9577281098	0.5269251829294117	0.3236356309	2.32916858	1.2576273179	10	17	0.12995951417	0.497975708502	10	247
3882	train	LG+G4	LG	True	False	False	0.7192		-4651.378	9358.756	9452.475	20.5247469209	0.7601758118851852	0.4110128633	3.9650696083	2.5422434719	15	27	0.285396825397	0.561904761905	15	210
3883	train	LG+G4	LG	True	False	False	1.1893		-5964.1898	12092.3796	12296.4477	30.5456870214	0.37710724717777777	0.2798464237	4.897722035499999	2.7679441120499995	42	81	0.120385232745	0.932584269663	42	89
3884	train	LG+F+G4	LG	True	False	True	3.0986		-15949.2782	32060.5563	32356.4079	62.2551828075	1.0205767673360655	0.752129882	5.6301497954999995	3.4285152132000003	32	61	0.275438596491	0.810526315789	32	285
3887	train	JTT+G4	JTT	True	False	False	1.8565		-687.7117	1463.4234	1578.0509	0.5928237158	0.013173860351111111	1e-06	0.1815163497	0.12099642520000001	24	45	0.00166666666667	0.21	24	100
389	train	rtREV+F+G4	rtREV	True	False	True	2.6876		-2057.3123	4228.6247	4338.7387	37.4434281243	1.0119845439	0.6107416559	10.4594322467	5.6906345647	20	37	0.0813725490196	0.941176470588	20	51
3892	train	LG	LG	False	False	False			-1014.1021	2038.2043	2051.3779	6.1328678823	1.22657357646	0.5978878347	3.1140162471	1.80836844335	4	5	0.0315533980583	0.0194174757282	4	103
3893	train	cpREV+F	cpREV	False	False	True			-3228.2275	6504.455	6600.3698	3.170866939	0.6341733878	0.7679885	1.3149691801	0.9317601429	4	5	0.0335820895522	0.116915422886	4	402
3894	train	LG+G4	LG	True	False	False	1.0329		-9235.1467	18530.2934	18650.7049	15.2720817515	0.5266235086724138	0.5112273824	3.9543645072	2.5592785881499998	16	29	0.272463325183	0.59413202934	16	409
3895	train	LG+G4	LG	True	False	False	1.6322		-3862.6124	7789.2247	7874.7553	25.0689243616	0.8086749794064516	0.5033335268	5.353501679599999	3.7283460585999997	17	31	0.0555250137438	0.897196261682	17	107
3897	train	LG+G4	LG	True	False	False	0.8652		-6083.1992	12206.3984	12281.3224	9.6820726309	0.5095827700473684	0.3721660962	2.3896698727	1.0245449036999998	11	19	0.0424048794656	0.632587859425	11	313
3899	train	LG+F+G4	LG	True	False	True	0.7428		-3731.52	7553.04	7691.9818	15.7998709424	0.631994837696	0.4224553773	3.0904866684999996	1.80327302225	14	25	0.0806878306878	0.685185185185	14	162
3900	train	LG+F+G4	LG	True	False	True	0.9063		-12892.8378	25975.6755	26301.0458	30.4542835578	0.406057114104	0.3205236321	3.0188609663999997	1.6652448675999998	39	75	0.0502654467412	0.872246696035	39	227
3901	train	WAG+F	WAG	False	False	True			-2095.2098	4250.4195	4345.704	4.3709117356	0.39735561232727273	0.2528041208	2.4910470969	2.1249008638	7	11	0.0653753026634	0.638418079096	7	177
3902	train	LG+G4	LG	True	False	False	1.2973		-3258.8428	6565.6856	6639.7879	10.4440484463	0.4540890628826087	0.2414003493	4.9142621564	2.2680994547999997	13	23	0.114434947768	0.679012345679	13	162
3903	train	WAG	WAG	False	False	False			-1102.3894	2222.7787	2245.7636	3.307693348	0.3675214831111111	0.206478158	1.6730293550000002	0.48702593105	6	9	0.0421052631579	0.263157894737	6	95
3904	train	LG+G4	LG	True	False	False	0.6319		-2093.5468	4203.0937	4230.0215	7.7237845447	1.1033977921	0.9062088338	3.9317178475	1.4160417676	5	7	0.140186915888	0.130841121495	5	214
3905	train	LG+G4	LG	True	False	False	1.6417		-6452.9772	12937.9544	13002.8629	10.9501638644	0.7300109242933334	0.5141255895	2.5232893504	2.0188326142	9	15	0.221701795472	0.496487119438	9	427
3906	train	LG+F+G4	LG	True	False	True	0.9244		-1200.4028	2462.8056	2543.8743	6.8587790743	0.623525370390909	0.7878219746	2.6550715726	1.3644401859	7	11	0.032531824611	0.39603960396	7	101
3907	train	LG+G4	LG	True	False	False	0.7618		-4722.2111	9456.4222	9482.2159	7.946143421	1.5892286842	1.2070154924	4.0955816968	1.66431714255	4	5	0.135110294118	0.0202205882353	4	544
3908	train	WAG+F+G4	WAG	True	False	True	1.2647		-5077.6273	10209.2546	10323.9518	7.1141669375	1.0163095625	0.6235938725	3.2041342842	2.2268191112999998	5	7	0.182205029014	0.15667311412	5	517
3909	train	LG+G4	LG	True	False	False	0.7915		-2000.2823	4012.5647	4033.0346	10.6313772492	2.12627544984	2.384715473	3.6856533755000003	2.8252665621	4	5	0.154017857143	0.0223214285714	4	224
3911	train	LG+F+G4	LG	True	False	True	1.3431		-18847.6	37809.2001	38049.5466	22.9692900394	0.6207916226864865	0.4915064558	3.4262103467000005	2.6765003509000005	20	37	0.119461077844	0.862275449102	20	501
3915	train	LG+G4	LG	True	False	False	1.5687		-3651.7352	7319.4704	7350.0073	7.6488475529	1.092692507557143	1.122288029	2.475465322	1.6549079129	5	7	0.144047619048	0.0922619047619	5	336
3917	train	LG+G4	LG	True	False	False	1.468		-4743.1309	9506.2619	9545.9489	9.3508180507	1.038979783411111	1.1464401295	3.0138919243	1.7976443930500001	6	9	0.187553282182	0.156010230179	6	391
3919	train	LG+G4	LG	True	False	False	1.104		-1511.0258	3034.0516	3053.8114	2.3822858541	0.47645717082	0.264575612	1.8899415937000001	0.7806274651	4	5	0.00628140703518	0.170854271357	4	199
3921	train	LG+F+G4	LG	True	False	True	0.9684		-3539.9546	7241.9092	7420.4893	35.2136687276	0.5772732578295082	0.4126231063	4.8314236188	2.4969609493	32	61	0.0625	0.970149253731	32	67
3926	train	LG+G4	LG	True	False	False	1.5787		-15765.6474	31651.2947	31869.596	29.112590698400002	0.4934337406508475	0.3774848874	3.9745780249	2.5933154382	31	59	0.0929858799219	0.900355871886	31	281
3927	train	LG+G4	LG	True	False	False	1.1972		-10781.0038	21662.0076	21847.859	33.1467621259	0.6764645331816326	0.443722408	5.5866835743	3.1399213770000003	26	49	0.316042510121	0.664473684211	26	304
3928	train	rtREV+F+G4	rtREV	True	False	True	1.419		-9878.0823	19978.1647	20304.687	62.6269784933	0.6882085548714286	0.4169113774	5.196401466	2.9399489637	47	91	0.264893617021	0.792857142857	47	140
3929	train	LG+G4	LG	True	False	False	1.6		-1879.1088	3774.2176	3801.2198	3.6857466692	0.5265352384571428	0.2620317516	1.3477104389999999	0.633076084	5	7	0.192592592593	0.115740740741	5	216
393	train	WAG+G4	WAG	True	False	False	0.9143		-4909.2392	9854.4785	9923.9213	4.2614106449	0.25067121440588236	0.1898230703	0.8892312647	0.6631576639500001	10	17	0.0731428571429	0.394285714286	10	350
3932	train	LG+G4	LG	True	False	False	0.7422		-12052.8278	24205.6556	24397.9775	22.2001570244	0.45306442906938776	0.3145252297	4.7060011068	1.26972597385	26	49	0.134948866163	0.71387283237	26	346
3934	train	LG+F+G4	LG	True	False	True	1.8316		-2371.303	4796.606	4895.1283	2.3643375669999998	0.33776250957142856	0.2898104322	0.7096289659999999	0.6158061573	5	7	0.0584507042254	0.140845070423	5	284
3935	train	cpREV+G4	cpREV	True	False	False	0.8312		-1514.8694	3041.7387	3062.5471	1.530580115	0.306116023	0.2770830695	0.5206109316	0.400215532	4	5	0.0696202531646	0.0295358649789	4	237
3936	train	LG+G4	LG	True	False	False	1.337		-2316.5821	4657.1642	4697.4997	5.9861572523	0.5441961138454545	0.3197216872	3.0548603304	0.9214193372	7	11	0.156941649899	0.201877934272	7	213
3937	train	LG+G4	LG	True	False	False	0.7654		-9249.4693	18550.9386	18659.8868	11.8143323545	0.47257329418	0.2562630361	4.0223237814	1.4404265867000001	14	25	0.143735362998	0.524590163934	14	488
3939	train	LG+F+G4	LG	True	False	True	1.2997		-2100.4715	4250.9431	4341.2713	3.3806814086	0.6761362817200001	0.6116317166	1.2385134449	1.06501568045	4	5	0.0401459854015	0.0693430656934	4	274
394	train	LG+G4	LG	True	False	False	1.0134		-4954.8516	9997.7033	10140.8033	11.5501749165	0.2686087189883721	0.2214600469	2.4418332517	0.9924712656999999	23	43	0.218529478716	0.623036649215	23	191
3946	train	LG+G4	LG	True	False	False	2.2923		-960.0819	1948.1637	1976.2664	8.7377201763	0.6721323212538461	0.4800238042	3.0161376155	1.1181663041	8	13	0.0272727272727	0.581818181818	8	55
3948	train	LG+G4	LG	True	False	False	1.3056		-1469.9106	2951.8212	2971.5811	3.0533585878	0.61067171756	0.4061068492	1.6686405953999999	0.83345032335	4	5	0.115577889447	0.035175879397	4	199
3954	train	LG+F+G4	LG	True	False	True	1.8507		-1615.9953	3345.9905	3462.4444	25.2375699818	0.6820964859945946	0.3559655844	8.1169455478	3.3325688612999995	20	37	0.147368421053	0.789473684211	20	57
3955	train	LG+G4	LG	True	False	False	0.9407		-4868.8281	9773.6562	9841.9852	5.6707739951	0.3335749408882353	0.3599254628	1.0291446016	0.5982428542	10	17	0.103039513678	0.425531914894	10	329
3956	train	LG+F+G4	LG	True	False	True	0.9805		-4480.0917	9026.1833	9150.0182	5.8885210573	0.45296315825384614	0.4811342257	1.2407996957	1.00757401	8	13	0.0761904761905	0.352380952381	8	315
3957	train	LG+G4	LG	True	False	False	0.9106		-4236.7284	8509.4568	8572.3319	18.7676957343	1.103982102017647	0.6665236239	7.618390889800001	3.47162813975	10	17	0.228395061728	0.526748971193	10	243
3958	train	LG+G4	LG	True	False	False	1.026		-18332.3556	36752.7112	36933.5181	48.4344977014	1.1263836674744185	0.9432531961	8.9233817933	4.6641431137	23	43	0.241352657005	0.793333333333	23	450
3959	train	WAG+G4	WAG	True	False	False	2.079		-4272.2978	8584.5955	8656.0386	6.924410744	0.3644426707368421	0.2056202257	3.5629550634	2.6344495215000006	11	19	0.175596266851	0.596958174905	11	263
396	train	LG+G4	LG	True	False	False	1.0122		-2843.3311	5746.6622	5828.7481	21.6586955195	0.7468515696379311	0.5659988494	6.315720638	3.5693005206	16	29	0.256578947368	0.684210526316	16	114
3964	train	WAG	WAG	False	False	False			-652.5936	1319.1873	1333.9634	3.3895115682	0.4842159383142857	0.3393923898	2.0448400123	0.7558510122	5	7	0.0491803278689	0.213114754098	5	61
3965	train	LG+G4	LG	True	False	False	1.1447		-2332.6753	4701.3507	4752.6872	14.0970896963	0.8292405703705882	0.6328815172	3.0823918916	2.2219719454	10	17	0.19921875	0.5234375	10	128
3967	train	LG+G4	LG	True	False	False	0.9875		-5097.5613	10283.1226	10408.9543	18.4910372735	0.43002412263953493	0.3893166304	2.7213254894	2.0887953852	23	43	0.0637007077856	0.852713178295	23	129
3968	train	rtREV+F+G4	rtREV	True	False	True	1.2812		-2041.2161	4132.4321	4218.9217	7.4700563157	1.49401126314	1.6191322068	2.4975615428	1.94329222075	4	5	0.0840425531915	0.0425531914894	4	235
3969	train	LG+F+G4	LG	True	False	True	1.0809		-2970.1358	6030.2716	6158.6129	17.0204848636	0.680819394544	0.4940420473	4.695641067	1.78514392745	14	25	0.130022321429	0.6953125	14	128
397	train	LG+G4	LG	True	False	False	1.2188		-4355.129	8786.2579	8905.8627	16.5755593474	0.4479880904702702	0.2989458335	4.286120721600001	1.6767834044	20	37	0.243023255814	0.697674418605	20	172
3970	train	LG+G4	LG	True	False	False	1.2578		-1253.254	2530.5079	2561.2801	6.3861513761	0.5805592160090909	0.2554964002	2.1110726744	0.9374795739	7	11	0.0178571428571	0.40625	7	96
3971	train	LG+G4	LG	True	False	False	1.2019		-2787.6964	5591.3929	5619.171	8.0577578753	1.1511082679	0.9218936272	3.2200049501	1.5641059767	5	7	0.0672268907563	0.13025210084	5	238
3972	train	LG+G4	LG	True	False	False	1.305		-2775.3897	5562.7794	5585.7176	3.1180550943	0.6236110188599999	0.5074720361	2.224986318	0.7640264881500001	4	5	0.0170118343195	0.0798816568047	4	338
3974	train	mtART+G4	mtART	True	False	False	0.975		-1381.3997	2778.7994	2801.5529	12.004145661999999	1.7148779517142856	0.7356954186	4.7406989692999995	3.4416497931	5	7	0.0377952755906	0.188976377953	5	127
3975	train	LG+G4	LG	True	False	False	0.9046		-2702.4188	5456.8375	5526.3311	13.522734442	0.54090937768	0.4518151892	3.0329921952999994	1.8702676125000002	14	25	0.0727636849132	0.738317757009	14	107
3979	train	LG+G4	LG	True	False	False	2.1539		-3631.574	7307.1481	7373.961	16.1160102447	0.7674290592714286	0.4822322412	5.470154644899999	2.7833475848500004	12	21	0.101731601732	0.850649350649	12	154
3981	train	LG+G4	LG	True	False	False	2.5169		-1722.6754	3493.3509	3543.6152	17.6365945919	0.7668084605173913	0.6415286408	5.8436630065	1.9427791669999999	13	23	0.0410256410256	0.883333333333	13	60
3982	train	LG+G4	LG	True	False	False	0.6203		-601.6561	1219.3122	1235.7957	4.9124488703	0.7017784100428572	0.6186493178	1.9267480393	1.7788450734999999	5	7	0.0	0.0689655172414	5	58
3987	train	WAG+G4	WAG	True	False	False	2.2305		-9363.7706	18783.5411	18893.7921	10.7549924262	0.3983330528222222	0.4028628253	3.3494143559	1.753852115	15	27	0.170624450308	0.746701846966	15	379
3988	train	LG+G4	LG	True	False	False	0.8647		-5054.7968	10133.5936	10181.1565	5.6496871877	0.5136079261545454	0.3503538137	2.4904013531	0.9739587942	7	11	0.0444362835108	0.334190231362	7	389
3989	train	LG+G4	LG	True	False	False	0.693		-3850.0612	7760.1224	7857.0557	16.3161143583	0.5626246330448276	0.5518115399	2.5709987396	1.9924982299	16	29	0.33121657754	0.486631016043	16	187
399	train	LG+G4	LG	True	False	False	0.7933		-4010.9736	8189.9472	8383.4887	28.3792391242	0.34191854366506025	0.2908872366	2.5321950755	1.6120947731	43	83	0.21024512885	0.675675675676	43	74
3990	train	LG+G4	LG	True	False	False	2.1436		-10380.9591	20877.9182	21074.4843	28.4635095926	0.4993598174140351	0.3377497776	3.6387051805999997	2.1586552774000003	30	57	0.222831050228	0.771689497717	30	219
3991	train	LG+G4	LG	True	False	False	1.3978		-1405.9473	2843.8946	2881.1863	13.3321792434	0.8888119495600001	0.598035043	6.0787441728	2.0671484773	9	15	0.100877192982	0.631578947368	9	76
3994	train	WAG	WAG	False	False	False			-2063.8068	4145.6136	4173.2901	4.6929919943	0.5214435549222222	0.5731077793	1.6053794524	1.07260997955	6	9	0.06875	0.29375	6	160
3997	train	LG+G4	LG	True	False	False	1.2582		-2629.9952	5327.9904	5408.9793	21.9483922842	0.6651027964909091	0.412721497	5.1572287913	2.5191072352	18	33	0.0951388888889	0.85	18	80
4	train	LG+G4	LG	True	False	False	0.8104		-23596.481	47448.9619	47936.4041	59.2882026675	0.466836241476378	0.4072910497	3.3359250232	1.5132984127	65	127	0.440887040887	0.645645645646	65	333
40	train	LG+G4	LG	True	False	False	1.5016		-18738.3544	37904.7088	38501.232	118.9953794127	0.5586637531112676	0.4278287699	4.9728496535	2.9589530633499996	108	213	0.295216049383	0.833333333333	108	120
4000	train	LG+G4	LG	True	False	False	1.3099		-3444.008	6912.016	6957.6052	4.7955780737	0.43596164306363633	0.1528156488	1.6151528868	1.4212959695	7	11	0.0571428571429	0.230303030303	7	330
4004	train	LG+F+G4	LG	True	False	True	1.409		-4262.6257	8611.2514	8753.507	10.7801147475	0.4687006411956522	0.3434862801	1.9942128301	1.6800196402	13	23	0.117669459254	0.688118811881	13	202
4005	train	LG+G4	LG	True	False	False	2.2505		-7250.7095	14605.419	14766.9282	21.030922464699998	0.4123710287196078	0.2852561541	4.3615535156	3.2155150496999996	27	51	0.109090909091	0.89696969697	27	165
4010	train	LG+G4	LG	True	False	False	1.3718		-6364.0247	12756.0494	12813.7949	8.9921080335	0.6917006179615384	0.4062686066	5.856465076699999	2.5360592524000003	8	13	0.100656455142	0.531728665208	8	457
4011	train	LG+G4	LG	True	False	False	1.0998		-9990.0448	20024.0897	20113.1838	19.3208793403	0.920041873347619	1.0405092835	4.6263291714	3.4721019699499998	12	21	0.129127358491	0.75	12	424
4012	train	LG+G4	LG	True	False	False	1.0388		-1168.7922	2353.5844	2374.7395	5.9369201462	0.8481314494571429	0.5950111339	2.3396936758	1.8164682388	5	7	0.0173076923077	0.125	5	104
4014	train	LG+G4	LG	True	False	False	1.0294		-2844.4159	5712.8318	5752.6492	13.6608566118	1.2418960556181817	0.9670599072	4.2947600651	2.6903036226999997	7	11	0.130952380952	0.357843137255	7	204
4015	train	LG+F+G4	LG	True	False	True	1.5008		-7935.8942	16013.7884	16244.3271	38.922778908	0.7631917432941177	0.5380832172	6.064587959400001	4.1283528896	27	51	0.267446393762	0.789473684211	27	190
4016	train	LG+G4	LG	True	False	False	1.0016		-1679.083	3398.166	3449.2435	8.5575737821	0.45039862011052634	0.3584331279	1.7771269590999998	1.028622085	11	19	0.117703349282	0.621052631579	11	95
4017	train	LG+G4	LG	True	False	False	1.0045		-4761.2824	9542.5649	9583.6128	4.6171534996	0.5130170555111111	0.360915153	2.6793860438	0.56561006545	6	9	0.0457589285714	0.225446428571	6	448
4018	train	LG+G4	LG	True	False	False	0.9701		-5276.3275	10632.6549	10751.4474	14.7377450785	0.37789089944871795	0.3173061738	2.8580144034	1.7167313378	21	39	0.0287698412698	0.833333333333	21	144
4019	train	LG+G4	LG	True	False	False	1.1356		-7364.632	14769.264	14849.7813	6.6817858418	0.3516729390421053	0.3264561015	2.3497914877999997	1.4984139532	11	19	0.0513833992095	0.685990338164	11	414
402	train	WAG+G4	WAG	True	False	False	2.6856		-864.9518	1753.9036	1780.5377	7.7265618579	0.7024147143545455	0.5696320559	3.1986937711000003	1.3146400038000001	7	11	0.226890756303	0.264705882353	7	68
4020	train	LG+G4	LG	True	False	False	1.2713		-2631.1891	5326.3783	5405.2874	17.1597006205	0.5535387296935484	0.5389623332	6.1922675583	3.7104777981999995	17	31	0.0764029749831	0.83908045977	17	87
4021	train	rtREV+F+G4	rtREV	True	False	True	0.6104		-1537.82	3145.64	3237.1692	8.860933782	0.5907289188	0.2473477534	3.6891005776999997	1.2313160784	9	15	0.013201320132	0.524752475248	9	101
4022	train	LG+G4	LG	True	False	False	0.6892		-2794.5309	5613.0618	5654.3187	4.7414604644	0.43104186040000003	0.3741387833	1.0776156319	1.0050220682	7	11	0.0298136645963	0.326086956522	7	230
4023	train	LG+G4	LG	True	False	False	0.8399		-3169.4942	6370.9884	6423.0247	11.324808619	0.7549872412666667	0.6444268678	3.7058300448	1.2978202228	9	15	0.132053519488	0.471204188482	9	191
4024	train	WAG+G4	WAG	True	False	False	1.2844		-2179.2958	4378.5916	4412.4366	3.909769791	0.43441886566666665	0.2903713865	2.2024499323	1.7504103598	6	9	0.128440366972	0.362385321101	6	218
4026	train	LG+F+G4	LG	True	False	True	1.1463		-2513.3464	5080.6929	5176.7272	3.6586330116	0.5226618588	0.44816944	1.5436426977000002	1.2584227117	5	7	0.015444015444	0.200772200772	5	259
4029	train	LG+G4	LG	True	False	False	1.2303		-2407.4542	4826.9085	4849.01	3.8582025739	0.77164051478	0.8589741473	1.4655252134	1.01825963745	4	5	0.108843537415	0.0272108843537	4	294
403	train	LG+G4	LG	True	False	False	0.96		-2974.1108	6004.2217	6084.9401	11.5942824245	0.4294178675740741	0.3085305392	2.4939879753	1.7503900548	15	27	0.127272727273	0.69696969697	15	132
4031	train	LG+F+G4	LG	True	False	True	0.5598		-4998.1533	10122.3066	10329.4674	52.5067972687	1.2210883085744186	0.7920083355	11.658121337	4.9028600961999995	23	43	0.491875274484	0.439393939394	23	198
4032	train	WAG	WAG	False	False	False			-1487.8559	2985.7118	3001.2111	3.2477965904	0.64955931808	0.6343088102	0.9990699583	0.87522970825	4	5	0.0899390243902	0.0670731707317	4	164
4033	train	LG+G4	LG	True	False	False	1.7628		-2950.7416	5929.4831	5975.0881	6.78449488	0.5218842215384615	0.4660226063	2.0314865296	1.2228062285499999	8	13	0.0813802083333	0.494791666667	8	192
4039	train	LG+G4	LG	True	False	False	0.6401		-1251.2224	2514.4448	2533.5017	1.8181080799	0.36362161598	0.3638206733	1.1491956481	0.6016703212	4	5	0.00564971751412	0.0734463276836	4	177
4040	train	LG+F+G4	LG	True	False	True	1.476		-2078.2505	4238.5011	4343.6394	14.2528298696	0.6787061842666666	0.5296687977	3.5696039745	3.0873164185500004	12	21	0.125868055556	0.697916666667	12	96
4041	train	LG+G4	LG	True	False	False	0.9486		-4473.9721	8963.9442	8997.6129	3.3045443966	0.47207777094285713	0.3888361318	1.5766106688	0.5441230507	5	7	0.0595573440644	0.140845070423	5	497
4043	train	LG+G4	LG	True	False	False	1.4439		-1105.9476	2243.8952	2281.3961	4.5231157025	0.3015410468333333	0.2514887799	1.5013719379	0.9069322874999999	9	15	0.023088023088	0.597402597403	9	77
4045	train	LG+F+G4	LG	True	False	True	0.8426		-17597.9126	35381.8252	35742.4547	28.1580608984	0.38572686162191777	0.2821350352	3.7603565541	2.0985241872	38	73	0.192540173964	0.731092436975	38	357
4047	train	LG	LG	False	False	False			-1211.0421	2436.0842	2454.9876	6.2168314268	0.8881187752571428	0.8155013257	2.5410681798	1.5963265614	5	7	0.0963636363636	0.227272727273	5	110
4049	train	LG+G4	LG	True	False	False	1.2749		-1684.4349	3428.8698	3494.1014	15.1327528553	0.5218190639758621	0.3169736792	4.360587347	1.8956369189500002	16	29	0.211538461538	0.661538461538	16	65
405	train	LG+G4	LG	True	False	False	1.927		-482.9511	1009.9022	1044.1199	3.2448361563	0.15451600744285715	0.1329019917	1.5133369486000001	0.7959229267000001	12	21	0.097619047619	0.628571428571	12	35
4052	train	WAG	WAG	False	False	False			-677.2242	1368.4484	1383.9849	2.8176409442	0.40252013488571425	0.2292101166	1.5978331002	0.2292101166	5	7	0.0352941176471	0.176470588235	5	68
4053	train	WAG	WAG	False	False	False			-3793.0336	7628.0671	7691.8431	9.4818281071	0.45151562414761903	0.3724108008	2.6632286052	1.68134867915	12	21	0.0600649350649	0.850649350649	12	154
4054	train	LG+G4	LG	True	False	False	2.3982		-1961.2635	3970.527	4029.983	12.5629301761	0.5462143554826087	0.4943316353	3.6179697569	2.9506954229	13	23	0.168706293706	0.715909090909	13	88
4055	train	LG+G4	LG	True	False	False	2.4495		-2552.3133	5148.6265	5206.8031	14.2424841563	0.6782135312523809	0.4532499172	7.0213351596999996	2.71848030895	12	21	0.0552884615385	0.817307692308	12	104
4057	train	LG+G4	LG	True	False	False	1.1783		-4718.8771	9481.7543	9555.7027	10.8407016358	0.5162238874190477	0.4197123793	2.6432618662	1.9661627612500001	12	21	0.052034428795	0.652582159624	12	213
4060	train	LG+G4	LG	True	False	False	2.2749		-1305.4134	2622.8268	2641.6768	1.7981253421	0.35962506842	0.355723593	0.6517185885000001	0.49151065960000007	4	5	0.0233918128655	0.0584795321637	4	171
4061	train	LG	LG	False	False	False			-3067.2693	6148.5386	6173.957	5.7388189782	0.8198312826	0.990017075	1.4103426511	1.2301624869	5	7	0.153405017921	0.100358422939	5	279
4064	train	LG	LG	False	False	False			-2042.4776	4114.9553	4155.4625	7.7409805759	0.5160653717266667	0.4582293093	2.9350505926999997	1.0910417001000001	9	15	0.0666666666667	0.709090909091	9	110
4065	train	LG+G4	LG	True	False	False	1.0705		-635.3513	1282.7027	1298.7954	1.0015523103	0.20031046205999997	0.1116965217	0.6170331711	0.18441648985	4	5	0.00231481481481	0.037037037037	4	108
4070	train	WAG	WAG	False	False	False			-1418.2568	2862.5137	2897.1384	4.527671134	0.34828239492307694	0.2374054233	1.8066987936	0.9852036260499999	8	13	0.165094339623	0.537735849057	8	106
4072	train	LG+G4	LG	True	False	False	0.965		-3943.9529	7899.9058	7925.1331	3.0539254728	0.61078509456	0.7476064088	1.1738613839	0.95792127775	4	5	0.0227272727273	0.0747474747475	4	495
4073	train	LG	LG	False	False	False			-1408.2408	2826.4817	2841.5681	3.2710068657	0.65420137314	0.7296904615	1.212230235	0.9291685062500001	4	5	0.0215231788079	0.046357615894	4	151
4074	train	LG	LG	False	False	False			-1382.0249	2774.0497	2789.0358	3.4890814301999997	0.6978162860399999	0.4953281145	1.5433352649	0.9819829242	4	5	0.0219594594595	0.0608108108108	4	148
4075	train	WAG+F	WAG	False	False	True			-1259.2966	2566.5931	2642.4105	2.8752591516	0.57505183032	0.3576322787	2.2754338661	0.44088029009999996	4	5	0.104885057471	0.0229885057471	4	174
4078	train	LG+G4	LG	True	False	False	1.4206		-3308.0169	6684.0339	6777.9478	19.5744554675	0.5931653171969697	0.4658398756	5.7746018241	4.26831286595	18	33	0.235042735043	0.74358974359	18	117
4079	train	LG+G4	LG	True	False	False	1.287		-2996.263	6016.526	6056.5764	6.4394614405	0.5854055855	0.2874716926	1.9747115027	0.9546832399	7	11	0.0212912087912	0.389423076923	7	208
408	train	cpREV+F+G4	cpREV	True	False	True	1.2246		-8080.9058	16271.8116	16506.2985	6.2053077918	0.17729450833714286	0.0705007782	3.7721995077	0.8600072977	19	35	0.125814536341	0.693333333333	19	525
4080	train	LG+F+G4	LG	True	False	True	2.2101		-11037.4518	22164.9036	22353.3755	19.7022385301	0.788089541204	0.5063433944	5.1278340694	2.9570938163500005	14	25	0.272073921971	0.655030800821	14	487
4085	train	WAG	WAG	False	False	False			-825.9635	1665.927	1683.2683	1.9548920422	0.27927029174285717	0.2408000571	0.9113898573999999	0.5928047314	5	7	0.00227272727273	0.284090909091	5	88
4087	train	LG+G4	LG	True	False	False	1.7196		-3145.0971	6326.1942	6381.3209	11.7607075345	0.6918063255588235	0.5848185442	5.4873033688	2.01914295915	10	17	0.0886075949367	0.708860759494	10	158
409	train	WAG+F	WAG	False	False	True			-14842.9151	29769.8303	29956.417	9.4433463524	0.4105802761913044	0.3070160817	3.7657215819000003	3.5524176427	13	23	0.0799853013229	0.90127388535	13	628
4093	train	LG+G4	LG	True	False	False	0.9614		-13215.3554	26522.7108	26705.8559	17.7579327105	0.3946207269	0.2806451291	4.0034256046	2.0956181009	24	45	0.141624579125	0.742424242424	24	396
4094	train	LG+G4	LG	True	False	False	1.0655		-2664.8061	5341.6122	5364.2222	4.4743701592	0.89487403184	1.0894698312	1.9655025966000002	1.5681176188500001	4	5	0.0375	0.134375	4	320
4096	train	LG+G4	LG	True	False	False	0.9629		-2053.1461	4146.2922	4201.364	12.7349620811	0.6702611621631579	0.4247453663	6.177482127299999	2.4802914469	11	19	0.211598746082	0.629310344828	11	116
4097	train	LG+G4	LG	True	False	False	1.2306		-3755.4149	7558.8298	7634.3697	11.6776083844	0.5077221036695652	0.422285468	2.7020025818	1.1575543576	13	23	0.145348837209	0.651162790698	13	172
4098	train	LG+G4	LG	True	False	False	0.9124		-4215.6983	8463.3966	8520.8524	8.4048101492	0.5603206766133333	0.4022329156	1.9238746862	0.9763247098000001	9	15	0.0841625207297	0.432835820896	9	268
4099	train	LG+G4	LG	True	False	False	0.9153		-2297.9138	4639.8276	4704.2271	7.7785555284	0.37040740611428574	0.2603802934	3.4976064999	1.841345539	12	21	0.109299516908	0.492753623188	12	138
410	train	JTT+G4	JTT	True	False	False	2.0724		-2271.2759	4590.5517	4660.2783	6.5423832812	0.2844514470086957	0.1729567731	2.3932448735	1.3269648548000001	13	23	0.224501424501	0.637037037037	13	135
4100	train	LG+G4	LG	True	False	False	1.0975		-1071.7927	2163.5854	2189.2288	6.96675792	0.7740842133333333	0.3579700925	3.3427100933	1.16462190875	6	9	0.0885416666667	0.21875	6	96
4102	train	JTT	JTT	False	False	False			-696.3461	1410.6921	1431.1821	2.7239268966	0.3026585440666667	0.2778609202	1.5574420625999998	1.2581189443	6	9	0.0625	0.597222222222	6	72
4104	train	LG+G4	LG	True	False	False	0.9466		-535.6419	1091.2838	1113.0277	1.6090652492000002	0.1787850276888889	0.1635899835	0.9454478335000001	0.34662439065	6	9	0.0128205128205	0.230769230769	6	65
4105	train	WAG+F+G4	WAG	True	False	True	4.3637		-9356.6248	19019.2496	19445.7358	53.1680276081	0.39975960607593986	0.2865430733	5.3099614691	3.0801625057499997	68	133	0.364828431373	0.666666666667	68	120
4106	train	LG+G4	LG	True	False	False	0.9081		-2252.6978	4533.3956	4576.7081	7.7789760735	0.5983827748846153	0.4782461161	3.9395346098	1.8613040508	8	13	0.11963190184	0.447852760736	8	163
4107	train	LG+G4	LG	True	False	False	1.1707		-4689.1448	9434.2896	9523.2218	14.8206059932	0.5489113330814814	0.3880014866	3.5942905493999997	2.0133477263	15	27	0.113370998117	0.779661016949	15	177
4108	train	JTT+G4	JTT	True	False	False	1.5818		-6317.5768	12655.1537	12701.1931	6.8865425675	0.7651713963888889	0.0185343649	5.3472389455	1.4170019616	6	9	0.0433604336043	0.678861788618	6	738
4109	train	LG+G4	LG	True	False	False	0.9706		-23262.7607	46829.5215	47418.9373	53.5622550084	0.3547169205854305	0.2583124431	4.8205505823	3.3970652278	77	151	0.479719160391	0.621848739496	77	357
4110	train	LG+G4	LG	True	False	False	1.8826		-2250.4293	4524.8585	4561.9836	6.6546796282	0.6049708752909091	0.3794767726	1.9707577848000002	1.3830260923	7	11	0.0990359333918	0.429447852761	7	163
4111	train	LG+G4	LG	True	False	False	1.7066		-2499.918	5019.836	5053.2594	5.8380787863	0.6486754207	0.5411863041	1.8405125397	1.63698969685	6	9	0.0741626794258	0.258373205742	6	209
4112	train	LG+G4	LG	True	False	False	2.1536		-5615.2935	11262.5871	11322.0068	10.3069385808	0.6871292387200001	0.356305403	3.2526326592	1.7970563493	9	15	0.041070773744	0.722772277228	9	303
4113	train	LG+G4	LG	True	False	False	1.2984		-6703.5043	13447.0087	13521.0843	13.4335327749	0.7070280407842106	0.4950605947	2.9269108186999997	1.9758881072	11	19	0.0675757575758	0.723333333333	11	300
4114	train	JTT+F+G4	JTT	True	False	True	0.9856		-1695.4701	3608.9402	3849.2517	19.8553607189	0.2046944404010309	0.0313314193	6.227098085500001	3.0206856024000004	50	97	0.314925373134	0.746268656716	50	67
4115	train	LG+F+G4	LG	True	False	True	0.9269		-15554.0734	31170.1469	31332.1368	10.1508487725	0.9228044338636363	1.0978481613	3.0279536265	2.1726343379	7	11	0.304845082138	0.197234352256	7	1374
4118	train	WAG	WAG	False	False	False			-3675.4906	7392.9813	7459.3214	8.7855897659	0.4183614174238095	0.3646680067	2.516994932	1.6478077166	12	21	0.168582375479	0.775862068966	12	174
4121	train	LG+F+G4	LG	True	False	True	2.872		-4972.1947	10022.3895	10157.4789	19.8112846747	1.0426991934052632	0.9751395355	6.6213456409	2.300458642	11	19	0.140600924499	0.707627118644	11	236
4122	train	WAG+F	WAG	False	False	True			-9756.783	19629.5661	19840.1764	20.3229877067	0.5211022488897437	0.443555443	3.5407534707000003	2.1475343198	21	39	0.258576548899	0.752688172043	21	279
4123	train	LG+G4	LG	True	False	False	1.3061		-6101.8453	12259.6907	12354.4565	14.7752030862	0.5472297439333333	0.4077770493	4.9250115393	2.610839026	15	27	0.0645259938838	0.839449541284	15	218
4126	train	LG+G4	LG	True	False	False	1.2881		-2395.4611	4858.9221	4944.2913	13.9645637122	0.42316859733939394	0.2797476414	3.2941117001	2.0147614967500003	18	33	0.208180708181	0.714285714286	18	91
4128	train	LG+G4	LG	True	False	False	1.348		-24911.4289	50410.8579	51446.1674	114.7841305124	0.3917547116464164	0.2281265271	5.9925276826000005	2.0934885194499997	148	293	0.61027027027	0.624	148	250
413	train	LG+G4	LG	True	False	False	0.9465		-4466.6898	9025.3796	9163.8689	12.3769660137	0.27504368919333333	0.2113114583	3.3518710799	2.1270945285500003	24	45	0.0838888888889	0.813333333333	24	150
4132	train	LG+G4	LG	True	False	False	1.1203		-5586.1825	11196.3649	11244.8194	5.7804822998	0.5254983908909091	0.5358750357	1.8270569168	0.8453088690999999	7	11	0.0617115581316	0.377088305489	7	419
4133	train	LG+G4	LG	True	False	False	1.1617		-6589.7251	13251.4502	13370.7256	17.6047919746	0.5029940564171429	0.3532062908	2.7799723417	1.6816340954	19	35	0.0684469795178	0.822660098522	19	203
4134	train	LG+G4	LG	True	False	False	1.0277		-3972.9969	7973.9939	8024.4751	10.0261751379	0.771244241376923	0.6081656961	2.2529376251	1.8692166143499997	8	13	0.170496323529	0.415441176471	8	272
4136	train	LG+G4	LG	True	False	False	1.3107		-1576.6749	3169.3498	3193.901	6.1851723834	0.8835960547714287	0.7314645326	3.2375520662	2.6295498683	5	7	0.122012578616	0.150943396226	5	159
4137	train	LG+G4	LG	True	False	False	1.5097		-1229.8559	2471.7118	2489.9335	4.315004365	0.8630008730000001	0.5682957857	2.1039998257	1.8138290602999998	4	5	0.137987012987	0.0779220779221	4	154
4138	train	WAG	WAG	False	False	False			-830.0637	1674.1273	1690.8885	3.8408196566000004	0.5486885223714286	0.5812540654	1.2404687123	0.9156645763	5	7	0.128395061728	0.0864197530864	5	81
4139	train	VT	VT	False	False	False			-923.7272	1869.4544	1897.4307	3.2484609734	0.29531463394545454	0.2027287461	1.015251957	0.695767025	7	11	0.33282674772	0.297872340426	7	94
414	train	LG+F+G4	LG	True	False	True	1.7411		-3841.0353	7812.0707	7992.7137	20.9589970732	0.46575549051555554	0.3443659406	3.1663053603	1.5219359613	24	45	0.250350140056	0.747899159664	24	119
4140	train	LG	LG	False	False	False			-1474.8948	2959.7897	2976.1031	4.9040310138	0.98080620276	0.8225373135	2.9363950779000003	1.3870300614	4	5	0.147668393782	0.0673575129534	4	193
4142	train	LG+G4	LG	True	False	False	1.9584		-3072.7701	6229.5402	6332.1316	15.3319360181	0.37394965897804877	0.2729793203	2.7408740083	1.5139383893000002	22	41	0.0657754010695	0.882352941176	22	85
4143	train	WAG+F	WAG	False	False	True			-2064.2161	4228.4323	4331.4544	18.1026956275	0.583957923467742	0.5186075433	6.3655715712	2.3792033952	17	31	0.0476673427992	0.879310344828	17	58
4144	train	LG+G4	LG	True	False	False	1.0196		-2087.107	4202.2141	4244.5484	11.7963414473	0.9074108805615384	0.6911588651	6.9963380897	4.46757522175	8	13	0.184210526316	0.513157894737	8	152
4148	train	LG	LG	False	False	False			-1043.4857	2120.9715	2156.2896	9.4303211769	0.5547247751117647	0.5683363134	3.0092590135	1.10020808225	10	17	0.228813559322	0.559322033898	10	59
4149	train	LG	LG	False	False	False			-1491.1488	3000.2976	3025.7524	6.0377067852	0.6708563094666666	0.4812522845	2.8546210409	1.2946836613000001	6	9	0.0626666666667	0.456	6	125
415	train	WAG+F+G4	WAG	True	False	True	1.1928		-17467.8025	35041.6051	35288.6155	14.7170669851	0.44597172682121217	0.2541087218	6.8171202412	4.5573331777499995	18	33	0.237018068004	0.725992317542	18	781
4150	train	LG+G4	LG	True	False	False	1.9842		-1062.4828	2152.9655	2186.3139	7.1294328715	0.5484179131923077	0.3875847346	3.3424834385999995	1.70662046875	8	13	0.24375	0.4375	8	80
4152	train	LG+G4	LG	True	False	False	2.0307		-4695.7495	9491.4991	9622.2551	31.9683258726	0.6524148137265307	0.4619221506	9.2248345964	4.06978156485	26	49	0.11424219345	0.90099009901	26	101
4155	train	LG+G4	LG	True	False	False	1.3028		-6275.1263	12566.2526	12600.4053	12.4327435823	1.7761062260428573	1.3672290395	4.1104321513	2.6490387496	5	7	0.0962121212121	0.0890151515152	5	528
4156	train	WAG+G4	WAG	True	False	False	1.4669		-943.1839	1954.3677	2005.249	14.1419651306	0.4285443978969697	0.3273962264	5.006513694200001	3.3040290939000005	18	33	0.0690235690236	0.757575757576	18	33
4157	train	LG+G4	LG	True	False	False	1.3067		-3572.3187	7164.6374	7201.4732	5.3136643317	0.5904071479666667	0.280339958	1.5801460611	0.99342634325	6	9	0.0442176870748	0.268707482993	6	294
4159	train	LG+F+G4	LG	True	False	True	1.0417		-8362.703	16787.4061	16931.6048	5.1555003147	0.46868184679090913	0.2277334569	3.442612532	0.5875599582	7	11	0.0747508305648	0.441860465116	7	774
416	train	LG+F+G4	LG	True	False	True	2.2137		-6900.6965	13943.3931	14148.072	26.6286929907	0.5221312351117647	0.5005353608	6.0877551315	3.4435021794999994	27	51	0.0	0.984848484848	27	132
4162	train	LG+G4	LG	True	False	False	1.5983		-2093.3919	4258.7838	4345.8621	9.5664588756	0.2733273964457143	0.1851651719	2.9800998671000003	1.7599548483	19	35	0.112872542803	0.759036144578	19	83
4163	train	LG+G4	LG	True	False	False	0.7395		-2832.1443	5688.2886	5730.4497	5.0941988029	0.4631089820818182	0.2287042113	2.599779859	0.6575629907	7	11	0.0472350230415	0.298387096774	7	248
4164	train	LG+G4	LG	True	False	False	0.814		-2623.0231	5262.0463	5290.7143	6.5551696026	0.9364528003714286	0.4001845333	4.960394172000001	0.6443804167	5	7	0.0639097744361	0.12030075188	5	266
4167	train	LG+F+G4	LG	True	False	True	0.919		-1718.363	3498.726	3592.0557	4.9034977442	0.4457725222	0.391120352	1.9584606084999998	1.6960485536999999	7	11	0.0380952380952	0.5	7	150
4168	train	WAG+G4	WAG	True	False	False	1.1345		-2377.1268	4774.2537	4808.8069	2.6430076218	0.2936675135333333	0.2444008962	1.5020326788	0.66046154415	6	9	0.0327635327635	0.303418803419	6	234
4169	train	LG+F+G4	LG	True	False	True	1.9184		-11574.4376	23230.8753	23418.8517	12.8900994279	0.6138142584714286	0.4253729429	3.9895619772	2.3863041113500003	12	21	0.363835174954	0.53591160221	12	724
4170	train	LG+G4	LG	True	False	False	0.7429		-36426.1249	73284.2499	74060.7075	93.9318152808	0.43689216409674414	0.2651444306	5.2910797983	2.8415306056000005	109	215	0.177824767232	0.832713754647	109	269
4171	train	LG+F+G4	LG	True	False	True	1.783		-14734.6036	29563.2071	29765.9439	37.1858989534	1.3772555167925926	0.8855449624	13.6212137262	6.870365267999999	15	27	0.258333333333	0.684782608696	15	552
4172	train	LG	LG	False	False	False			-3057.8232	6129.6464	6155.0649	4.779710736	0.6828158194285715	0.603295267	1.7132377782	1.2785007355	5	7	0.0724014336918	0.186379928315	5	279
4173	train	LG+G4	LG	True	False	False	1.3202		-1234.2026	2488.4052	2515.3186	4.9251934977000005	0.5472437219666667	0.4445405301	2.9999512361	1.1901242006000001	6	9	0.0412844036697	0.45871559633	6	109
4174	train	LG	LG	False	False	False			-1662.0711	3354.1422	3391.969	6.5438620128	0.43625746752	0.2860354116	1.3868545639	1.1977914934	9	15	0.0	0.880434782609	9	92
4175	train	cpREV	cpREV	False	False	False			-861.8529	1737.7059	1753.9283	4.0721731960000005	0.5817390280000001	0.4383442925	1.2615995546	0.919471506	5	7	0.0533333333333	0.186666666667	5	75
4177	train	LG+G4	LG	True	False	False	1.4655		-3140.4627	6300.9253	6336.1399	11.3431885651	1.2603542850111111	0.9711793354	5.3264249441	2.22937809865	6	9	0.134666666667	0.28	6	250
4178	train	LG+G4	LG	True	False	False	1.9038		-2471.1063	4974.2127	5023.7127	4.4690217027	0.29793478018	0.2511012657	1.6280486196	1.2144727145	9	15	0.0163599182004	0.61963190184	9	163
4180	train	LG+G4	LG	True	False	False	0.9582		-3424.8864	6897.7729	6970.346	13.1487357313	0.5716841622304348	0.4039415057	4.0208988731	3.0241008495	13	23	0.0915991902834	0.651315789474	13	152
4182	train	LG+F+G4	LG	True	False	True	0.9421		-9363.6349	18777.2698	18902.0952	10.204773634299999	2.04095472686	0.555078834	8.1703865225	0.8695714090000001	4	5	0.0509641873278	0.0330578512397	4	1089
4183	train	WAG+F+G4	WAG	True	False	True	1.857		-8852.4721	17782.9441	17947.3138	11.206829992	0.5898331574736841	0.5039432248	3.2432759788	2.2150699265	11	19	0.267818181818	0.574	11	500
4185	train	LG+G4	LG	True	False	False	0.9341		-2085.3486	4218.6972	4286.1896	11.1039437459	0.4827801628652174	0.2264990088	3.1586032487000004	1.0861357927	13	23	0.262664165103	0.552845528455	13	123
4186	train	LG+G4	LG	True	False	False	1.4457		-5220.5825	10533.165	10669.7764	32.0826005194	0.7129466782088889	0.3967681035	6.1566106177	3.0899848817000004	24	45	0.288194444444	0.701388888889	24	144
4187	train	LG+G4	LG	True	False	False	1.6605		-1631.7709	3307.5418	3361.0198	7.7480869144	0.3689565197333333	0.3119902626	2.4585013543	1.89512782095	12	21	0.0486111111111	0.797619047619	12	84
4188	train	WAG+F+G4	WAG	True	False	True	1.3841		-4364.239	8782.4779	8887.3276	18.3428906433	2.620412949042857	2.0850440684	8.4990120833	7.0675741895	5	7	0.0969359331476	0.0807799442897	5	359
4189	train	LG+F+G4	LG	True	False	True	1.8557		-3668.9732	7403.9464	7521.4489	7.6177587544000005	0.5859814426461539	0.437659059	2.6071201984	1.4382467799	8	13	0.110576923077	0.511538461538	8	260
4190	train	LG+G4	LG	True	False	False	0.993		-1045.9941	2111.9883	2138.3356	2.8665571891	0.3185063543444444	0.2469481698	1.2017426403	0.65066276925	6	9	0.00323624595469	0.242718446602	6	103
4192	train	LG+G4	LG	True	False	False	0.6689		-4792.6612	9601.3225	9635.3223	3.8468263259	0.5495466179857142	0.5885410009	1.2493754281	0.9529720747999999	5	7	0.065250965251	0.104247104247	5	518
4196	train	LG+G4	LG	True	False	False	1.3297		-2753.3556	5522.7113	5551.1349	4.3065642099999994	0.6152234585714285	0.7096221528	1.147933277	0.9637616079	5	7	0.046511627907	0.151162790698	5	258
4198	train	mtART+G4	mtART	True	False	False	0.8653		-1195.1893	2430.3786	2474.7688	13.5598524311	0.7136764437421053	0.4365101419	3.8365627543	1.7748870582	11	19	0.144385026738	0.573529411765	11	68
420	train	cpREV+G4	cpREV	True	False	False	0.3859		-3246.6847	6521.3694	6574.5142	2.2857291271999998	0.17582531747692307	0.1846666484	0.8509842832	0.350250777	8	13	0.00683890577508	0.279635258359	8	329
4202	train	JTT+F+G4	JTT	True	False	True	0.9285		-2168.8754	4399.7508	4509.0399	5.5166866136	0.5015169648727272	0.2152605738	2.4803397935	1.8581558214	7	11	0.223676721685	0.390438247012	7	251
4203	train	LG+G4	LG	True	False	False	1.1402		-4327.6042	8775.2085	8930.9157	25.1660073299	0.4265424971169492	0.2694390712	10.5405755578	6.290841147	31	59	0.151515151515	0.888888888889	31	99
4204	train	LG+G4	LG	True	False	False	1.9538		-4122.964	8257.9281	8282.7024	4.5437763149	0.90875526298	0.7515221	2.471972332	1.2186999099	4	5	0.0773420479303	0.0588235294118	4	459
4207	train	LG+G4	LG	True	False	False	1.6883		-4591.7766	9207.5532	9254.286	8.5680120983	0.7789101907545455	0.4937117932	4.5756822869	1.8626619236000002	7	11	0.22471467926	0.250688705234	7	363
4208	train	LG+G4	LG	True	False	False	1.1488		-5650.6602	11353.3205	11444.6696	14.2075454789	0.568301819156	0.4004522993	4.579839424599999	3.8315562752	14	25	0.184043778802	0.693548387097	14	248
421	train	JTT+F+G4	JTT	True	False	True	3.2064		-17423.8628	35249.7255	35803.1971	82.1215994774	0.4537104943502762	0.3103382088	7.8338109394	3.9088054634	92	181	0.0899550224888	0.965517241379	92	116
4210	train	WAG+F+G4	WAG	True	False	True	0.8379		-4377.0097	8812.0194	8926.4366	9.4491262589	1.0499029176555554	0.6676188465	3.5193007695	1.4859548668	6	9	0.162303664921	0.143979057592	6	382
4211	train	LG+G4	LG	True	False	False	0.6886		-1611.979	3255.958	3298.4214	7.1547885143	0.4769859009533333	0.327610204	1.8905056591	1.5042644463	9	15	0.0306878306878	0.533333333333	9	105
4212	train	LG+F+G4	LG	True	False	True	1.46		-8251.2809	16556.5618	16681.5546	6.133238809	0.8761769727142857	0.6723059106	2.1581310907	1.3872970204	5	7	0.0496697490092	0.13606340819	5	757
4213	train	LG	LG	False	False	False			-2007.9991	4029.9983	4053.911	2.0254589237	0.28935127481428574	0.2697877735	0.7993432316	0.5229456254	5	7	0.0275555555556	0.182222222222	5	225
4214	train	LG+F+G4	LG	True	False	True	1.471		-13176.733	26443.466	26652.1426	17.3996294316	0.695985177264	0.5514180357	3.355965132	2.6135431709	14	25	0.425856581165	0.508519003932	14	763
4215	train	LG+G4	LG	True	False	False	0.6194		-1252.9273	2537.8545	2574.5019	13.1516820714	0.87677880476	0.9069118052	5.4785490644	3.158741904	9	15	0.138508371385	0.424657534247	9	73
4217	train	WAG+G4	WAG	True	False	False	0.8785		-7871.0955	15786.191	15873.1623	12.9392831599	0.6161563409476191	0.3688154342	5.6458143289	3.3957990415000006	12	21	0.175757575758	0.657142857143	12	385
422	train	LG+F+G4	LG	True	False	True	1.4007		-11907.1881	24148.3763	24627.2545	51.1228294464	0.3477743499755102	0.207944775	5.540217606800001	3.3732277859999997	75	147	0.20758974359	0.838461538462	75	130
4224	train	LG+G4	LG	True	False	False	0.7496		-1671.0349	3470.0698	3576.5377	17.9237057372	0.28450326566984124	0.2179704457	2.4233963134999996	1.4449974662	33	63	0.030303030303	0.717948717949	33	39
4225	train	JTT+G4	JTT	True	False	False	1.9907		-2121.5832	4275.1664	4326.0749	2.9156216934	0.19437477956	0.1409782911	0.9758706659	0.3933108879	9	15	0.0823970037453	0.308988764045	9	178
4226	train	LG+F+G4	LG	True	False	True	1.59		-5648.3316	11386.6632	11553.3334	19.8188859943	0.792755439772	0.344754337	4.6167307236	1.94895363235	14	25	0.339523809524	0.6	14	300
423	train	LG+G4	LG	True	False	False	0.7963		-10825.3975	21738.795	21908.6696	21.582495965	0.5019185108139534	0.2990365747	6.2248135233	5.048498678700001	23	43	0.180354267311	0.7150997151	23	351
4231	train	JTT+G4	JTT	True	False	False	0.7397		-3163.9711	6355.9422	6404.7873	5.902307791	0.4540236762307692	0.2059555221	2.7870792527	1.7412788740000003	8	13	0.0645661157025	0.590909090909	8	242
4233	train	LG+F+G4	LG	True	False	True	0.9507		-9459.7481	19005.4963	19179.8372	16.4408152008	0.7148180522086957	0.5884957386	6.2202467108	5.4913693364	13	23	0.0812567713976	0.880281690141	13	426
4234	train	LG+G4	LG	True	False	False	1.5163		-4311.1531	8690.3062	8785.643	18.6717366524	0.5658102015878788	0.5738109529	2.5980069636	1.67255892255	18	33	0.0728597449909	0.83606557377	18	122
4235	train	rtREV+F+G4	rtREV	True	False	True	0.6496		-4928.2981	9950.5962	10113.7929	29.1959743189	1.0813323821814815	0.5470558661	6.9799985821	3.3854790974	15	27	0.380952380952	0.483193277311	15	238
4236	train	WAG+G4	WAG	True	False	False	1.4069		-2173.9777	4383.9554	4435.8458	7.7548836265	0.4561696250882353	0.3751406687	2.1313509839	1.76670949265	10	17	0.116666666667	0.636363636364	10	132
4238	train	LG+G4	LG	True	False	False	1.7162		-9178.0098	18368.0196	18397.3937	4.4649729527	0.8929945905400001	0.963640115	2.3483601873	1.3811577233	4	5	0.0417510121457	0.0657894736842	4	988
4239	train	LG+G4	LG	True	False	False	0.4631		-1242.692	2525.384	2575.8198	9.5775928235	0.5040838328157895	0.1536763117	3.8587075247000002	0.9161835357000001	11	19	0.136363636364	0.402173913043	11	92
424	train	LG+G4	LG	True	False	False	0.3804		-1258.8589	2561.7178	2619.2505	3.4667631849	0.16508396118571428	0.1147701452	1.2751865389	0.9803762404	12	21	0.0	0.49504950495	12	101
4240	train	WAG	WAG	False	False	False			-6295.8375	12653.6749	12756.9892	13.1031763806	0.42268310905161294	0.3524477133	2.2722673748	1.1734162843	17	31	0.170218812163	0.884057971014	17	207
4241	train	JTT+G4	JTT	True	False	False	1.6551		-2549.3855	5138.7709	5199.51	5.6188106149	0.29572687446842105	0.2487660839	1.2369023332	0.874733558	11	19	0.167650531287	0.636363636364	11	154
4242	train	rtREV+F+G4	rtREV	True	False	True	1.1623		-978.3124	2026.6248	2115.2658	7.6881584153	0.5125438943533334	0.4208540735	2.9862251737	0.9829355553000001	9	15	0.307048984468	0.354838709677	9	93
4244	train	LG+G4	LG	True	False	False	1.3173		-3776.5452	7565.0904	7589.8253	5.2428152131	1.04856304262	1.0814748664	2.3263073102	1.5197349755	4	5	0.171052631579	0.0482456140351	4	456
4246	train	cpREV+G4	cpREV	True	False	False	1.2105		-1046.3993	2120.7986	2154.9957	3.7279103325	0.2867623332692308	0.2381739806	1.2280967841	0.5560570699	8	13	0.0720588235294	0.411764705882	8	85
4248	train	JTT	JTT	False	False	False			-2323.7986	4657.5973	4676.2963	2.5366041218	0.50732082436	0.5888797845	1.4304646143	0.74328300655	4	5	0.210610932476	0.0578778135048	4	311
425	train	LG+G4	LG	True	False	False	1.0378		-9225.9614	18715.9227	19051.6377	44.8316825112	0.3422265840549618	0.2633437506	3.9834522985	1.9290270924	67	131	0.0471578278819	0.925531914894	67	94
4250	train	LG+F+G4	LG	True	False	True	1.6027		-9131.5672	18433.1344	18697.6534	32.70789568	0.5031983950769231	0.3364605035	4.9089255497	2.9266693019000005	34	65	0.14351523742	0.951807228916	34	166
4251	train	LG+F+G4	LG	True	False	True	2.281		-12859.9284	25949.8567	26352.9698	46.7460062096	0.49206322325894736	0.3757753419	4.5539924458	3.1522760306000004	49	95	0.458271113323	0.60162601626	49	246
4253	train	JTT	JTT	False	False	False			-1065.5569	2145.1137	2164.4489	2.2068891689	0.3152698812714286	0.2819183168	1.2415447239000001	0.5873658079	5	7	0.0581196581197	0.350427350427	5	117
4255	train	WAG+F+G4	WAG	True	False	True	0.6847		-4715.4074	9504.8147	9633.5984	17.6891002332	1.0405353078352941	0.5537066004	8.4857602712	2.2519012177999995	10	17	0.0291666666667	0.625	10	240
4259	train	JTT+F+G4	JTT	True	False	True	2.0467		-4273.7661	8625.5322	8754.5547	11.769633834	0.6194544123157895	0.3769917868	2.3730479108	1.7405990379	11	19	0.0742574257426	0.767326732673	11	202
4261	train	LG+F+G4	LG	True	False	True	1.0111		-8996.9669	18139.9337	18393.7156	17.0083212407	0.32091172152264147	0.1873030315	2.4798170648999998	1.7107270920000002	28	53	0.105499103407	0.832635983264	28	239
4262	train	LG+G4	LG	True	False	False	1.0846		-7295.6664	14643.3328	14742.1092	20.280526437	0.81122105748	0.5651629438	6.2296713419000005	3.41682965815	14	25	0.28961038961	0.6	14	330
4263	train	JTT+G4	JTT	True	False	False	0.9533		-9497.1096	19118.2193	19338.7426	15.7066057268	0.25748533978360655	0.2197268987	2.2101545964	1.8063208219	32	61	0.18569015444	0.722007722008	32	259
4264	train	JTT+F+G4	JTT	True	False	True	1.8454		-4099.5685	8265.137	8387.2516	7.8762341898	0.6058641684461539	0.2653511588	3.8667785636	1.70426545915	8	13	0.0806856187291	0.665551839465	8	299
4266	train	LG+G4	LG	True	False	False	0.7221		-6351.9461	12747.8923	12835.7045	6.5498617244	0.31189817735238096	0.2459796487	1.4606638268	0.651865408	12	21	0.1125	0.5	12	400
4268	train	JTT	JTT	False	False	False			-896.6338	1803.2677	1817.2051	2.1762659975	0.43525319949999997	0.3344426711	1.5587094956	0.8487117251999999	4	5	0.129166666667	0.166666666667	4	120
4269	train	LG+F+G4	LG	True	False	True	0.9191		-2940.6957	5943.3915	6072.5194	3.4866346617	0.31696678742727274	0.1874400325	1.1543076144	0.6697025901	7	11	0.372148859544	0.13025210084	7	476
427	train	rtREV+F+G4	rtREV	True	False	True	1.2184		-18824.7846	37931.5692	38380.9906	66.661127324	0.5509184076363637	0.5350321731	4.0783802133	2.2387434804999997	62	121	0.154532348171	0.860335195531	62	179
4271	train	LG+F+G4	LG	True	False	True	0.8988		-4442.675	8951.3499	9074.6568	7.8494546639000005	0.6038042049153847	0.5654493736	2.2120507154	1.7330906883	8	13	0.0814516129032	0.532258064516	8	310
4272	train	WAG	WAG	False	False	False			-1243.9064	2505.8127	2529.3488	6.1379609223000005	0.6819956580333334	0.3100995088	4.4991947972	2.1037869575	6	9	0.128712871287	0.336633663366	6	101
4273	train	LG+G4	LG	True	False	False	1.1778		-2443.9956	4911.9913	4949.9687	7.2339810391	0.6576346399181818	0.7402022761	2.4085591483	1.2470759919	7	11	0.0669387755102	0.382857142857	7	175
4274	train	LG+F+G4	LG	True	False	True	1.1088		-28404.0792	56938.1584	57241.8405	35.2511152413	0.7833581164733333	0.6058034871	7.1021928618	4.5579923127	24	45	0.30279535865	0.80253164557	24	790
4276	train	LG+G4	LG	True	False	False	1.9764		-7919.2925	15922.585	16067.1665	22.1961914095	0.5413705221829268	0.2905458438	7.1792807846	5.1570280168	22	41	0.191066509248	0.835497835498	22	231
4277	train	VT+F	VT	False	False	True			-1208.3745	2464.749	2533.1977	3.9915178763	0.7983035752600001	0.95255599	1.4487403625	1.0141477773	4	5	0.072265625	0.015625	4	128
4278	train	LG+G4	LG	True	False	False	1.2509		-8117.6098	16319.2196	16495.0404	18.3284037479	0.4470342377536586	0.2841919169	4.5198671406	3.2349164145	22	41	0.591844369622	0.395061728395	22	486
428	train	WAG+F+G4	WAG	True	False	True	0.7899		-39106.2207	78494.4415	79266.6241	73.1979227975	0.6049415107231405	0.3950656631	10.6553705781	6.1713712292	62	121	0.829677054031	0.231596828992	62	1766
4283	train	LG	LG	False	False	False			-1196.1694	2430.3389	2472.5095	6.0564289272	0.3187594172210526	0.2943259336	2.3925780274	1.3434090562	11	19	0.0614973262032	0.823529411765	11	68
4284	train	JTT+F+G4	JTT	True	False	True	2.2496		-2538.126	5194.2519	5353.0415	11.584311902	0.2970336385128205	0.1527738708	4.245444658099999	0.8781432275000001	21	39	0.199213630406	0.761467889908	21	109
4285	train	JTT+G4	JTT	True	False	False	0.4644		-1013.6382	2071.2764	2116.9822	7.7178602386	0.3675171542190476	0.314810545	2.1656712852	1.3244328499	12	21	0.0197740112994	0.542372881356	12	59
4286	train	LG+G4	LG	True	False	False	1.0739		-1863.6974	3763.3948	3812.9595	6.3367630789	0.3727507693470588	0.283160989	1.683613962	0.8530928151999999	10	17	0.048275862069	0.551724137931	10	116
429	train	cpREV+G4	cpREV	True	False	False	0.3694		-384.9171	801.8342	828.0356	2.2950056314	0.15300037542666667	0.1087763981	0.8490699440999999	0.39149396459999997	9	15	0.0233918128655	0.342105263158	9	38
4290	train	LG	LG	False	False	False			-795.1694	1616.3389	1640.9326	5.0227922420999995	0.3863686340076923	0.2132202663	2.3803621479999997	1.2207601147	8	13	0.0127551020408	0.755102040816	8	49
4291	train	JTT+F+G4	JTT	True	False	True	1.0679		-2161.8061	4421.6122	4546.2337	9.4097063219	0.3244726317896552	0.2096816052	3.6500025839	1.3763932444	16	29	0.00265957446809	0.81914893617	16	94
4294	train	WAG+F	WAG	False	False	True			-483.9189	1015.8378	1077.877	0.5253084718	0.10506169435999999	0.1194659297	0.1987507599	0.18208287725	4	5	0.0102040816327	0.0612244897959	4	98
4296	train	cpREV+F+G4	cpREV	True	False	True	1.1721		-2251.5738	4553.1477	4647.8201	1.5759800378	0.31519600756	0.2760257919	1.0116793644	0.49132552495	4	5	0.0	0.122699386503	4	326
4297	train	LG+G4	LG	True	False	False	1.4799		-3922.5631	7877.1262	7934.2197	5.622019942	0.37480132946666667	0.142903466	1.8679882265	0.4582961255	9	15	0.0458015267176	0.465648854962	9	262
4298	train	LG+G4	LG	True	False	False	1.2008		-2121.9715	4271.9429	4313.9039	5.9120493227	0.4547730248230769	0.3434122821	3.3137078561999997	0.83753735625	8	13	0.0498310810811	0.540540540541	8	148
4299	train	LG	LG	False	False	False			-3234.7738	6495.5477	6540.0146	4.3146793387999995	0.33189841067692305	0.2029882099	1.6187205705999999	1.1075495217999998	8	13	0.0276548672566	0.756637168142	8	226
43	train	LG+G4	LG	True	False	False	0.8739		-21765.4557	43982.9114	44739.3577	60.7582331026	0.27003659156711113	0.2085622086	6.5484227594	1.4632853954	114	225	0.280827067669	0.761904761905	114	210
4300	train	LG+G4	LG	True	False	False	1.0905		-11956.6822	24065.3644	24320.4649	40.0929008324	0.5345720110986666	0.3461339964	5.4444674185999995	2.6989057525	39	75	0.241896468312	0.830188679245	39	212
4301	train	LG+G4	LG	True	False	False	1.2723		-7155.742	14343.484	14410.9497	8.2030186403	0.5468679093533333	0.303400568	4.6760389024	1.9834926119	9	15	0.123974273675	0.614770459082	9	501
4302	train	LG+G4	LG	True	False	False	2.1815		-1602.2307	3248.4615	3298.8516	8.3922286831	0.39962993729047624	0.2900065956	2.3736441042000003	1.2122468665500001	12	21	0.0148401826484	0.739726027397	12	73
4304	train	LG+G4	LG	True	False	False	0.9442		-6962.3418	13984.6837	14093.9409	12.2330603455	0.4218296670862069	0.2880041408	3.0317701999	0.7658695715	16	29	0.159796099291	0.648936170213	16	282
4305	train	LG+G4	LG	True	False	False	1.5389		-1131.0163	2298.0326	2341.7873	4.5476855804	0.2675109164941176	0.165606166	1.3533954461	0.6259859288	10	17	0.144047619048	0.392857142857	10	84
4307	train	JTT+G4	JTT	True	False	False	0.6506		-1106.3618	2228.7236	2252.5374	3.9593707355000003	0.5656243907857144	0.1719551896	3.6020057217000003	0.361844903	5	7	0.088275862069	0.0827586206897	5	145
4308	train	JTT+F	JTT	False	False	True			-5974.9225	12021.845	12161.3425	6.532518347	0.38426578511764703	0.2624309529	3.141905712	2.5477585423499995	10	17	0.098595505618	0.755617977528	10	356
4310	train	LG+F+G4	LG	True	False	True	1.7579		-7325.536	14717.0721	14854.2524	8.0469708985	0.6189977614230769	0.5044422461	3.0129186196	1.35530252805	8	13	0.0826271186441	0.444915254237	8	472
4313	train	LG+F	LG	False	False	True			-8180.6889	16429.3779	16574.2686	9.1507973537	0.6100531569133333	0.3317477575	2.2421151630000002	1.9417846869999997	9	15	0.111959287532	0.778625954198	9	524
4314	train	LG+G4	LG	True	False	False	0.6605		-1483.294	2990.5879	3026.7155	2.715078992	0.2468253629090909	0.1748645275	0.8470098893	0.4015180566	7	11	0.0495238095238	0.18	7	150
4315	train	LG+F+G4	LG	True	False	True	1.1097		-11745.8638	23553.7276	23709.8482	3.1964671883999998	0.2905879262181818	0.1984323369	1.6048507585	1.3654326534	7	11	0.0492524186456	0.506596306069	7	1137
4317	train	LG+G4	LG	True	False	False	0.7577		-780.327	1592.654	1622.9232	6.9065192608	0.46043461738666663	0.3141490634	2.2378523032	1.0068612864	9	15	0.047619047619	0.489795918367	9	49
4318	train	WAG+G4	WAG	True	False	False	1.4803		-770.5933	1585.1866	1622.342	5.9463352387	0.28315882089047617	0.2239112833	2.5114414087999997	1.9339315191499997	12	21	0.025	0.775	12	40
4320	train	LG+G4	LG	True	False	False	0.7465		-16650.6927	33733.3855	34431.3049	83.1232745929	0.3866198818274419	0.2589143769	9.204415832	7.222694145099998	109	215	0.379384781436	0.679144385027	109	187
4321	train	LG+F+G4	LG	True	False	True	0.774		-2742.7094	5559.4188	5678.7714	10.3226465919	0.6072145054058824	0.5969320469	3.451437204	2.85156804735	10	17	0.195161290323	0.478494623656	10	186
4322	train	LG+G4	LG	True	False	False	1.4362		-1513.3465	3046.6931	3078.9505	1.5522457925	0.1724717547222222	0.1252935167	0.5961832672	0.22736943365	6	9	0.0277777777778	0.215053763441	6	186
4324	train	JTT+G4	JTT	True	False	False	0.8014		-1391.6337	2799.2675	2823.299	2.6626373189	0.3803767598428571	0.4156880346	0.8724964115	0.6521923874	5	7	0.0134228187919	0.0872483221477	5	149
4325	train	LG+F	LG	False	False	True			-4534.6208	9153.2416	9286.6399	13.2443260326	0.5758402622869565	0.477163135	2.665432002	1.576717829	13	23	0.102564102564	0.813559322034	13	177
4328	train	LG+F+G4	LG	True	False	True	1.0317		-11274.8181	22611.6362	22757.6246	13.5421190379	1.2311017307181817	0.8846202626	4.0057796813	3.4263470949999997	7	11	0.128571428571	0.410975609756	7	820
433	train	LG+G4	LG	True	False	False	0.8675		-15407.5861	31043.1722	31431.0774	29.3059274573	0.2593444907725664	0.171774116	3.6177454096000004	1.8864632019499998	58	113	0.10523454489	0.851351351351	58	222
4330	train	JTT+F+G4	JTT	True	False	True	1.8239		-5404.9362	10911.8724	11098.1494	11.03481177	0.35596166999999995	0.2084016216	2.5800013486999998	1.7113367044	17	31	0.358513931889	0.540350877193	17	285
4331	train	JTT+G4	JTT	True	False	False	0.5597		-2502.922	5045.8441	5108.6773	11.7147249185	0.6165644693947369	0.4782478676	4.6350562897	2.3753915212	11	19	0.344497607656	0.374269005848	11	171
4332	train	WAG	WAG	False	False	False			-1734.8774	3487.7547	3514.6072	3.5772793792	0.3974754865777778	0.3160775702	1.8149419967	1.06195479735	6	9	0.0422374429224	0.404109589041	6	146
4334	train	JTT+F+G4	JTT	True	False	True	0.9964		-3724.8436	7503.6871	7612.1891	4.0757484398	0.5822497771142857	0.5103531281	1.5710997034	1.1330243804	5	7	0.14598540146	0.107055961071	5	411
4335	train	LG+G4	LG	True	False	False	1.3498		-3061.6708	6147.3416	6188.5986	7.930142824	0.7209220749090909	0.5052464378	3.1232476947	1.985951261	7	11	0.0695652173913	0.326086956522	7	230
4336	train	JTT	JTT	False	False	False			-738.951	1491.9019	1507.9351	3.4195221278	0.4885031611142857	0.4481285999	1.1326320126	0.5970928288	5	7	0.106849315068	0.0547945205479	5	73
4337	train	mtART+F	mtART	False	False	True			-231.1121	518.2242	558.3758	3.1401061132	0.34890067924444446	0.1750275107	1.5383356862	0.86261453525	6	9	0.10752688172	0.354838709677	6	31
434	train	LG+G4	LG	True	False	False	0.7389		-1680.2482	3400.4965	3457.2221	3.4743212913	0.18285901533157894	0.1441642742	0.6408552002	0.44523902719999997	11	19	0.04329004329	0.444444444444	11	126
4344	train	LG+F+G4	LG	True	False	True	2.6667		-2973.2957	6028.5915	6143.2189	13.9591588554	0.6647218502571428	0.4761688518	2.9052524622	1.4235779192	12	21	0.0179063360882	0.785123966942	12	121
4345	train	LG+F+G4	LG	True	False	True	1.3287		-6986.569	14043.1381	14178.5635	13.1428637225	0.8761909148333333	0.82621794	3.9128988566	2.950934705	9	15	0.0166352793471	0.646892655367	9	354
4347	train	LG+G4	LG	True	False	False	1.17		-3312.4608	6676.9217	6750.665	14.3801257518	0.575205030072	0.4324641113	3.4143493874	2.09638770275	14	25	0.0821995464853	0.785714285714	14	126
4348	train	LG+G4	LG	True	False	False	0.9082		-4812.6138	9641.2275	9675.6631	4.6281901143	0.6611700163285714	0.3904251828	2.9706294808	0.5000283211	5	7	0.151736745887	0.0840950639854	5	547
4349	train	LG+F	LG	False	False	True			-8150.0531	16360.1062	16488.9642	8.2300094064	0.7481826733090909	0.707511104	2.6928940808	1.8673378861999999	7	11	0.118344754876	0.479704797048	7	542
435	train	WAG+G4	WAG	True	False	False	0.9846		-56616.7554	113573.5109	114343.2637	52.435120441	0.3102669848579882	0.1848596619	7.242279196799999	2.69784093315	86	169	0.38239494084	0.735380116959	86	684
4350	train	LG+F+G4	LG	True	False	True	1.3029		-8063.1148	16180.2297	16306.9494	6.508685522	0.9298122174285715	0.8349920179	2.1042808091	1.5395275403	5	7	0.148698884758	0.0842627013631	5	807
4351	train	LG+F+G4	LG	True	False	True	1.1136		-4668.9294	9407.8587	9539.8591	6.666745945000001	0.4444497296666667	0.2471386114	3.1875895951000004	0.6647169516	9	15	0.0415368639668	0.498442367601	9	321
4352	train	JTT+G4	JTT	True	False	False	0.6192		-3688.0272	7408.0544	7464.2693	11.1583866951	0.7438924463400001	0.4980645812	4.267686915900001	1.6281692670000003	9	15	0.165322580645	0.415322580645	9	248
4353	train	WAG	WAG	False	False	False			-3159.834	6333.668	6359.6872	3.4716459182	0.4959494168857143	0.4746419345	1.0011381286	0.7893714588999999	5	7	0.110526315789	0.101973684211	5	304
4354	train	JTT	JTT	False	False	False			-2260.068	4534.1359	4560.4703	1.2683993197	0.18119990281428572	0.2159615845	0.4638041936	0.3994715032	5	7	0.108176100629	0.210691823899	5	318
4355	train	JTT	JTT	False	False	False			-970.9174	1975.8349	2012.5359	4.6821262168999995	0.2754191892294117	0.1025190564	2.4566601045	1.9393460224999999	10	17	0.0234375	0.796875	10	64
4356	train	JTT	JTT	False	False	False			-260.6009	539.2017	551.5074	2.3397899893000003	0.2599766654777778	0.1251447291	1.7321303171	0.26573708585	6	9	0.0402298850575	0.620689655172	6	29
4359	train	LG+F+G4	LG	True	False	True	2.2965		-4979.9646	10045.9291	10189.8548	16.9459296628	0.7367795505565218	0.3939403754	3.9183226215999998	2.33818753	13	23	0.127106227106	0.771428571429	13	210
4363	train	JTT+G4	JTT	True	False	False	0.8517		-1878.2968	3772.5935	3799.4838	3.8601739293	0.5514534184714286	0.4158465257	1.532687739	0.7766781798	5	7	0.184037558685	0.0892018779343	5	213
4365	train	LG+G4	LG	True	False	False	1.27		-2817.5244	5663.0488	5707.9816	8.5380675892	0.6567744299384616	0.5319905715	2.8491238663	1.9018068819999998	8	13	0.108606557377	0.475409836066	8	183
4369	train	rtREV+F+G4	rtREV	True	False	True	1.2559		-2915.1539	5904.3079	6014.447	16.5205723493	0.9717983734882353	0.8018337955	3.4099316380999998	1.9932352559500002	10	17	0.0303448275862	0.662068965517	10	145
4371	train	LG+G4	LG	True	False	False	0.9243		-2181.9756	4407.9512	4467.9537	9.324758246	0.44403610695238094	0.2220934555	4.1524825729	1.09572745895	12	21	0.033185840708	0.672566371681	12	113
4373	train	LG+G4	LG	True	False	False	1.5237		-3157.7943	6335.5885	6372.3561	3.669559938	0.407728882	0.3581905385	1.5905723254000002	0.6682453733	6	9	0.0896118721461	0.287671232877	6	292
4374	train	WAG+F	WAG	False	False	True			-4060.6796	8185.3593	8295.9295	8.2882391842	0.6375568603230769	0.5613951974	2.8924936293999997	2.16498944105	8	13	0.107371794872	0.508547008547	8	234
4375	train	WAG	WAG	False	False	False			-857.7317	1737.4634	1761.715	3.1862878236	0.2896625294181818	0.2346195357	1.4168490744	0.7504769668	7	11	0.00852878464819	0.373134328358	7	67
4378	train	LG+G4	LG	True	False	False	0.8978		-4199.0749	8422.1498	8467.1807	6.9580877689	0.6325534335363636	0.3399250207	2.2115457395	1.5759810656	7	11	0.0471655328798	0.371428571429	7	315
4379	train	WAG+G4	WAG	True	False	False	1.1004		-1153.7929	2327.5859	2355.7077	4.0199461494	0.44666068326666664	0.265711446	2.1380190458	1.2020410508500001	6	9	0.233062330623	0.20325203252	6	123
4381	train	LG+G4	LG	True	False	False	0.9312		-3480.2466	6988.4931	7038.2887	5.0620906586	0.3893915891230769	0.344446975	1.8323548358	0.9566217343	8	13	0.0593629343629	0.405405405405	8	259
4382	train	LG+G4	LG	True	False	False	0.8478		-4408.8954	8857.7908	8927.4867	12.1658974616	0.6403103927157895	0.4642501692	5.9725107124	2.1147426132	11	19	0.130139569974	0.680497925311	11	241
4385	train	LG+G4	LG	True	False	False	0.7831		-1391.7623	2815.5247	2857.2074	4.9279666026	0.32853110684	0.301991056	2.5019391253	1.7638142284	9	15	0.0288888888889	0.58	9	100
4386	train	WAG+G4	WAG	True	False	False	1.4798		-4128.3864	8284.7727	8337.8322	5.1411958741	0.3954766057	0.1444572243	2.6892725477	1.7540776593	8	13	0.153669724771	0.382262996942	8	327
4387	train	LG+G4	LG	True	False	False	1.2084		-7614.2994	15320.5988	15475.2183	19.9210693335	0.4426904296333333	0.350808441	3.7375677712999997	2.7759623186500004	24	45	0.173513302034	0.779342723005	24	213
4388	train	LG+G4	LG	True	False	False	2.1106		-1967.9323	3967.8647	4011.9221	10.4321192296	0.6954746153066667	0.6923581657	4.3654106178	2.0566571502	9	15	0.185823754789	0.508620689655	9	116
4389	train	LG+G4	LG	True	False	False	1.6344		-2736.1613	5508.3227	5561.9039	9.7747839217	0.5749872895117647	0.5515514773	2.3200095635	1.3331243225499998	10	17	0.132413793103	0.579310344828	10	145
439	train	LG+G4	LG	True	False	False	1.5549		-6707.3364	13470.6729	13567.5413	12.5619496896	0.46525739591111115	0.3664976146	1.8138810436	1.2175107319	15	27	0.034609929078	0.825531914894	15	235
4390	train	LG+G4	LG	True	False	False	1.0442		-3659.6764	7355.3529	7417.9292	10.003711799	0.588453635235294	0.2966387862	6.026784919200001	1.44714082525	10	17	0.187447698745	0.589958158996	10	239
4391	train	WAG+G4	WAG	True	False	False	3.2691		-6554.6049	13305.2098	13567.147	41.6406865755	0.429285428613402	0.2641791128	5.4761825346999995	2.22805476015	50	97	0.364859813084	0.691588785047	50	107
4393	train	LG+G4	LG	True	False	False	0.8983		-4898.1988	9828.3976	9886.5542	10.1826803135	0.6788453542333334	0.5332068802	2.4789172204999996	1.7950426304	9	15	0.0900793650794	0.528571428571	9	280
4394	train	rtREV+F+G4	rtREV	True	False	True	1.8995		-4659.4344	9376.8689	9493.4081	6.8836748959000005	0.7648527662111112	0.7635365462	1.7971658288999999	1.41869252305	6	9	0.212084347121	0.167883211679	6	411
4397	train	LG+F+G4	LG	True	False	True	1.1274		-1549.7244	3165.4489	3254.5647	7.2724847297	0.5594219022846154	0.3645608778	1.9705916619	1.0755458065	8	13	0.0829545454545	0.463636363636	8	110
440	train	LG+G4	LG	True	False	False	0.9646		-6203.8335	12451.667	12536.0971	7.4592307832	0.3552014658666667	0.2423206804	3.2547507593000002	1.14485030675	12	21	0.0398445092323	0.591836734694	12	343
4401	train	JTT+G4	JTT	True	False	False	0.4723		-2683.9957	5395.9915	5443.31	15.101496584500001	1.161653583423077	0.5612427503	6.402886022800001	2.9536621624000006	8	13	0.268433179724	0.216589861751	8	217
4402	train	JTT	JTT	False	False	False			-373.6766	757.3532	767.9076	0.7432479602000001	0.14864959204	0.1158060679	0.2932759248	0.21463836135	4	5	0.016393442623	0.0327868852459	4	61
4403	train	JTT+G4	JTT	True	False	False	1.0319		-867.5046	1759.0092	1787.8898	3.5351494661	0.3213772241909091	0.2040946554	1.7704111304	0.4263848972	7	11	0.0783972125436	0.426829268293	7	82
4405	train	LG+G4	LG	True	False	False	0.7381		-2316.2177	4668.4353	4722.9832	15.2835187027	0.8990305119235295	0.511213046	3.8037037649	1.6452912035499998	10	17	0.266013071895	0.450980392157	10	153
4409	train	LG+G4	LG	True	False	False	1.7009		-2926.0382	5888.0765	5942.8581	8.8154201257	0.5185541250411765	0.3657564721	2.8955319472	1.2476161019	10	17	0.061935483871	0.593548387097	10	155
4410	train	LG+G4	LG	True	False	False	2.1798		-2952.1388	5928.2776	5971.2796	2.8756416615	0.26142196922727273	0.1773531209	1.8856558911	0.4768172893	7	11	0.0569280343716	0.413533834586	7	266
4411	train	LG	LG	False	False	False			-1601.7573	3217.5146	3239.0408	3.6245047389	0.5177863912714286	0.4750180309	1.2833573323	0.9907284619	5	7	0.12875	0.18125	5	160
4412	train	VT+F+G4	VT	True	False	True	3.547		-1092.3671	2234.7342	2315.1076	3.4852125457	0.69704250914	0.4570091559	2.3558384864	0.6717799922000001	4	5	0.222826086957	0.0434782608696	4	184
4414	train	JTT+F+G4	JTT	True	False	True	1.4614		-2469.4851	4988.9702	5086.1922	1.9589634233	0.39179268466	0.325143044	1.0281500984	0.52369258955	4	5	0.0872576177285	0.0526315789474	4	361
4418	train	LG	LG	False	False	False			-2141.7961	4293.5923	4310.8044	2.8193876546	0.5638775309199999	0.5951244153	0.9335448552000001	0.6861021726000001	4	5	0.0519480519481	0.0562770562771	4	231
4421	train	JTT	JTT	False	False	False			-508.8463	1027.6925	1039.4115	0.9276436571	0.18552873141999998	0.1690194325	0.5388107945	0.2902007836	4	5	0.00324675324675	0.0909090909091	4	77
4425	train	LG+G4	LG	True	False	False	1.1248		-18582.5116	37429.0231	37902.0446	70.1859934984	0.5357709427358778	0.4487757068	4.075233900300001	2.354200088	67	131	0.472618112445	0.612781954887	67	266
4428	train	rtREV	rtREV	False	False	False			-1536.2202	3094.4404	3125.1028	6.9733380364	0.6339398214909091	0.2103759557	2.3936629288	1.2381377812	7	11	0.136904761905	0.483333333333	7	120
4429	train	LG+G4	LG	True	False	False	1.3916		-1579.3297	3194.6594	3241.5525	7.561094215	0.4447702479411765	0.284073089	2.4370161824	1.0329467996000001	10	17	0.102	0.61	10	100
443	train	LG+G4	LG	True	False	False	1.0722		-33605.2018	67466.4036	68014.7728	68.04434205609999	0.5357822209141732	0.3829482838	5.500752696599999	2.5591024476	65	127	0.488576349024	0.59328358209	65	536
4431	train	JTT+G4	JTT	True	False	False	0.9523		-2353.4965	4778.993	4862.8994	14.2669837201	0.40762810628857143	0.3212312239	2.8297383695	2.1034553559	19	35	0.0782548476454	0.789473684211	19	76
4432	train	LG+G4	LG	True	False	False	1.1785		-2197.5954	4415.1908	4448.3228	3.1020065658	0.3446673962	0.3798398231	1.1226166013999999	0.6797465197	6	9	0.0492610837438	0.305418719212	6	203
4435	train	WAG+G4	WAG	True	False	False	1.2752		-708.9907	1429.9814	1446.3457	1.7201427882	0.34402855764	0.136880584	1.3024203720999998	0.2060895198	4	5	0.0973451327434	0.00884955752212	4	113
4439	train	LG+G4	LG	True	False	False	0.7492		-1714.1183	3452.2366	3489.2877	3.7815756464	0.3437796042181818	0.2299569843	1.9264278589000001	0.7295707477	7	11	0.0361552028219	0.438271604938	7	162
444	train	LG+G4	LG	True	False	False	0.5099		-694.5472	1449.0943	1493.0664	10.5767070246	0.36471403533103447	0.2012310635	4.0948646757	0.7844917784000001	16	29	0.02734375	0.53125	16	32
4443	train	LG+G4	LG	True	False	False	2.013		-4032.4197	8088.8394	8133.0423	6.0762192157	0.5523835650636364	0.2052477329	2.0814776885	1.2132078743	7	11	0.025267249757	0.401360544218	7	294
4444	train	LG+G4	LG	True	False	False	0.8726		-8285.5417	16591.0834	16637.5862	5.2766019818	0.5862891090888889	0.4194481257	2.386224682	1.31933330725	6	9	0.125916343251	0.195342820181	6	773
4445	train	LG+F+G4	LG	True	False	True	1.1878		-17152.6303	34367.2607	34528.2649	6.2445080624000004	0.5676825511272727	0.5746872921	2.5802257392000003	1.0634226359	7	11	0.101427498122	0.401202103681	7	1331
4447	train	LG+G4	LG	True	False	False	1.9201		-3225.109	6482.218	6532.9457	9.7714390013	0.6514292667533332	0.6304515149	2.2799164757	1.7285379817000002	9	15	0.107954545455	0.551136363636	9	176
4449	train	LG+G4	LG	True	False	False	0.751		-2421.8015	4895.603	4971.1401	16.5339470999	0.661357883996	0.2708658077	8.407098367300001	3.7562121454	14	25	0.266137566138	0.614814814815	14	135
445	train	LG+G4	LG	True	False	False	1.8846		-5646.797	11437.5941	11645.1558	31.3344258542	0.4413299416084507	0.2518859819	5.9153046775	4.4758176177	37	71	0.347665847666	0.69696969697	37	132
4452	train	LG+F+G4	LG	True	False	True	1.2769		-13365.6802	26793.3605	26941.1838	10.5072873979	0.9552079452636364	1.2674697913	2.1305526434	1.7679747588999999	7	11	0.0950738916256	0.302298850575	7	870
4453	train	LG+G4	LG	True	False	False	1.0285		-2199.5246	4431.0492	4480.4507	3.8210988501000003	0.25473992334	0.2534494592	0.8254998723	0.6227920891000001	9	15	0.0185185185185	0.444444444444	9	162
4454	train	LG+G4	LG	True	False	False	1.3803		-3612.5831	7241.1662	7272.8542	2.9334791878	0.41906845540000004	0.426778181	1.6241082394	1.2931633401	5	7	0.0164948453608	0.237113402062	5	388
4456	train	LG+G4	LG	True	False	False	1.1544		-1098.2247	2216.4495	2242.6007	3.0430308566	0.33811453962222227	0.3636197009	1.2449072141	0.8146751614	6	9	0.00825082508251	0.257425742574	6	101
446	train	LG+G4	LG	True	False	False	0.7565		-6488.0317	13004.0634	13064.1453	4.8575019323	0.3736539947923077	0.2072751053	2.8527185171	0.5253349052499999	8	13	0.0717592592593	0.396296296296	8	540
4460	train	cpREV+G4	cpREV	True	False	False	2.7243		-3070.614	6169.2281	6214.833	7.7439074709	0.5956851900692308	0.4883362833	2.0903429932	1.2515022436	8	13	0.0735677083333	0.572916666667	8	192
4461	train	LG+G4	LG	True	False	False	0.9848		-1974.5861	3969.1722	4001.2123	5.160433575	0.5733815083333333	0.437265582	2.2306026807999997	0.6607050024000001	6	9	0.0430402930403	0.208791208791	6	182
4462	train	LG+G4	LG	True	False	False	0.8249		-5186.2225	10428.4449	10528.7828	13.5879061541	0.5032557834851852	0.539864749	4.3429795955	3.3444872194000004	15	27	0.33007518797	0.541353383459	15	266
4464	train	LG+G4	LG	True	False	False	1.0678		-4338.4151	8712.8301	8779.3173	4.1317816975	0.24304598220588236	0.1871335227	1.1335468853	0.7289382471499999	10	17	0.0535353535354	0.464646464646	10	297
4465	train	LG+F+G4	LG	True	False	True	1.7987		-4583.0282	9252.0563	9406.9474	12.8849150008	0.5602136956869564	0.2711531345	3.0380623732000003	2.0460273216	13	23	0.283281294351	0.616236162362	13	271
4467	train	LG+G4	LG	True	False	False	2.0007		-10128.258	20328.516	20464.0629	31.4299517493	0.8979986214085715	0.8014271631	9.9466588398	6.382650225300001	19	35	0.295660782049	0.733542319749	19	319
4468	train	JTT+G4	JTT	True	False	False	0.3912		-390.9514	797.9029	814.6576	1.1549829441	0.16499756344285713	0.0986982148	0.5811965653	0.221657164	5	7	0.0133333333333	0.0833333333333	5	60
447	train	LG+G4	LG	True	False	False	0.8729		-5971.8884	11987.7769	12075.6988	3.7218682457	0.17723182122380954	0.143056575	1.0788198305	0.65440687675	12	21	0.0327529021559	0.52736318408	12	402
4470	train	LG+G4	LG	True	False	False	3.0429		-5550.3063	11340.6126	11601.5391	39.4235730024	0.33129052943193277	0.2151809118	6.5143562874	3.9237879459999996	61	119	0.192433795712	0.815384615385	61	65
4472	train	LG+F+G4	LG	True	False	True	1.1071		-13520.3982	27098.7963	27243.7531	10.3980826961	1.1553425217888889	0.8112566327	3.2733553389	2.14409682415	6	9	0.155859969559	0.186301369863	6	1095
4473	train	LG+G4	LG	True	False	False	0.6587		-1979.9925	3979.9849	4010.3545	10.6321556895	1.1813506321666667	0.8997484344	4.6576022931	2.42626262005	6	9	0.047619047619	0.246753246753	6	154
4474	train	JTT+F+G4	JTT	True	False	True	0.6765		-2338.54	4747.08	4851.9825	16.1364710699	1.0757647379933333	0.8183814109	5.3264829279	2.1196366503	9	15	0.147147147147	0.527027027027	9	148
4477	train	WAG	WAG	False	False	False			-937.2162	1888.4325	1906.8756	1.9536417131000001	0.2790916733	0.2078933449	0.6620451602	0.6039005407	5	7	0.0621359223301	0.145631067961	5	103
4478	train	WAG	WAG	False	False	False			-3236.8875	6499.7751	6544.3566	5.7337020374	0.44105400287692303	0.3778530554	2.3542287627	1.2542886871999999	8	13	0.225328947368	0.486842105263	8	228
4479	train	JTT+G4	JTT	True	False	False	1.6815		-5150.18	10348.3601	10429.6978	17.7572160349	0.7720528710826088	0.3487687932	7.3978758937	1.9642530590999998	13	23	0.0867579908676	0.840182648402	13	219
4480	train	JTT+G4	JTT	True	False	False	0.4388		-1661.2378	3390.4756	3463.3422	12.8370085461	0.3890002589727273	0.2749365518	4.8203972585	1.6708268203999999	18	33	0.0502645502646	0.603174603175	18	63
4481	train	JTT	JTT	False	False	False			-489.2437	1000.4874	1031.2411	0.1661666455	0.01510605868181818	0.0077153016	0.0720535446	0.0314329838	7	11	0.00118063754427	0.0413223140496	7	121
4483	train	LG+F+G4	LG	True	False	True	1.4672		-14860.5241	30131.0482	30764.0054	76.615433029	0.41413747583243243	0.3268919836	5.0851277844	2.0986586517	94	185	0.407013396375	0.648148148148	94	162
4484	train	JTT+G4	JTT	True	False	False	1.2606		-3751.0477	7578.0954	7690.4169	14.3948547792	0.38905012916756754	0.2503912948	3.4109681171	2.31939147835	20	37	0.240492957746	0.683098591549	20	142
4485	train	LG+G4	LG	True	False	False	1.158		-2404.2227	4840.4455	4889.3454	8.4401167726	0.5626744515066666	0.4068399684	3.7998179017	1.5254452523	9	15	0.0537862703468	0.636942675159	9	157
4487	train	LG+G4	LG	True	False	False	1.0939		-2149.4686	4338.9372	4390.8396	14.0940595338	0.7417926070421053	0.4931415276	5.5919977713	1.5960990817000003	11	19	0.0716253443526	0.616161616162	11	99
4489	train	JTT+F+G4	JTT	True	False	True	1.4689		-7907.9508	15901.9016	16081.9086	4.8801037304	0.21217842306086956	0.1415245008	1.8152679510999998	0.4002601192	13	23	0.056821779044	0.633744855967	13	486
4490	train	JTT+G4	JTT	True	False	False	1.3107		-3304.1485	6664.297	6745.0154	12.1255953386	0.44909612365185186	0.2701051391	3.3950254716	1.6213197543	15	27	0.0914141414141	0.734848484848	15	132
4491	train	JTT+F+G4	JTT	True	False	True	1.4427		-9496.2872	19082.5745	19263.5205	13.7264707902	0.5490588316080001	0.4538043665	3.4458530813	2.3400475380000003	14	25	0.190533980583	0.677184466019	14	412
4492	train	LG+G4	LG	True	False	False	0.8734		-1276.3295	2596.6589	2643.0982	8.0540746541	0.3835273644809524	0.3273478888	2.7909793905000004	1.1183162023	12	21	0.0177595628415	0.704918032787	12	61
4493	train	LG+G4	LG	True	False	False	1.1485		-3977.2491	8014.4983	8107.1261	13.0911318177	0.4514183385413793	0.2536353334	3.0508965077	1.06781588115	16	29	0.152777777778	0.728395061728	16	162
4495	train	LG+G4	LG	True	False	False	3.0379		-5646.3806	11328.7612	11393.6656	11.0551300487	0.6503017675705882	0.6473594085	2.143636064	1.43835147525	10	17	0.0977941176471	0.669117647059	10	272
4496	train	LG+G4	LG	True	False	False	1.6644		-1569.8574	3155.7148	3179.853	3.9515497493000002	0.5645071070428572	0.3638528159	1.678646268	0.7020498356	5	7	0.041059602649	0.145695364238	5	151
4497	train	JTT+G4	JTT	True	False	False	1.0806		-3577.2635	7186.5271	7244.1018	3.9701119688	0.26467413125333333	0.2258824961	1.099399144	0.7132306704	9	15	0.0670781893004	0.42962962963	9	270
4498	train	WAG	WAG	False	False	False			-3658.0834	7334.1668	7367.1958	4.8084353356	0.5342705928444444	0.5441471485	2.5443920585999997	0.5926663178	6	9	0.0954022988506	0.21724137931	6	290
4503	train	LG+G4	LG	True	False	False	1.3205		-907.2394	1830.4787	1850.9935	4.4560452562	0.6365778937428572	0.3666620256	2.8317648814	0.6204484283	5	7	0.06875	0.177083333333	5	96
4504	train	LG+G4	LG	True	False	False	1.6974		-3860.6904	7757.3808	7817.3698	12.8670160294	0.7568832958470588	0.7176322226	2.8065576534	2.02095276035	10	17	0.206280193237	0.565217391304	10	207
4506	train	LG+G4	LG	True	False	False	1.3924		-1947.9193	3923.8385	3966.2646	4.2464998851	0.32665383731538467	0.3076880099	1.7008745481	1.05918150805	8	13	0.0596405228758	0.549019607843	8	153
4507	train	LG	LG	False	False	False			-1906.2876	3826.5752	3848.5668	3.7466577195	0.5352368170714286	0.3136247531	1.6782435426	0.6014589198	5	7	0.0105263157895	0.111111111111	5	171
4508	train	LG+G4	LG	True	False	False	1.8237		-1354.4161	2728.8322	2756.1942	5.1647879119999995	0.5738653235555555	0.4037798078	1.3663396233	1.2013310659999998	6	9	0.105263157895	0.228070175439	6	114
4509	train	LG	LG	False	False	False			-5080.3301	10174.6602	10203.8913	4.7552146828	0.6793163832571428	0.597423045	2.0539382462	1.1339995137	5	7	0.143035343035	0.112266112266	5	481
4517	train	LG+G4	LG	True	False	False	1.0386		-2114.1278	4264.2557	4314.875	8.5568300009	0.5033429412294117	0.2696231172	2.8086887416	0.81000371145	10	17	0.0243902439024	0.609756097561	10	123
4518	train	LG+G4	LG	True	False	False	0.8123		-1682.0957	3460.1913	3543.5995	21.7066236077	0.4618430554829787	0.217477966	4.3043511617	1.9612849986999998	25	47	0.0438095238095	0.857142857143	25	42
4519	train	LG+F+G4	LG	True	False	True	1.8776		-10265.2472	20656.4944	20888.7738	16.8363227665	0.3915423899186047	0.254238387	5.4673439619	1.9494872354	23	43	0.13647752395	0.840677966102	23	295
452	train	JTT+G4	JTT	True	False	False	0.8469		-5279.2037	10634.4074	10768.3746	8.1399143258	0.21999768448108106	0.1489634082	2.4925452630000002	1.9445529425	20	37	0.121314741036	0.661354581673	20	251
4520	train	JTT+F+G4	JTT	True	False	True	1.0537		-3218.9726	6547.9453	6748.0548	3.5766458402	0.10218988114857143	0.0302345404	1.8855445564	0.6227178738	19	35	0.147218580258	0.601423487544	19	281
4523	train	LG	LG	False	False	False			-4706.8744	9507.7488	9634.2421	16.1404397124	0.34341361090212763	0.232523352	2.9825628699999998	1.6140191471	25	47	0.0557798165138	0.954128440367	25	109
4525	train	JTT	JTT	False	False	False			-1994.4229	3998.8457	4016.0794	2.2859233997	0.45718467994	0.4383510357	1.5587489571000002	0.61405566305	4	5	0.00431034482759	0.150862068966	4	232
4527	train	JTT	JTT	False	False	False			-3326.6503	6691.3006	6750.4283	7.6366680263	0.4019298961210526	0.2960742255	2.8458129315000003	1.9121590608000003	11	19	0.0952902519168	0.831325301205	11	166
4528	train	LG+F+G4	LG	True	False	True	0.9949		-17522.7089	35171.4177	35441.6698	19.3231188358	0.4493748566465116	0.3009967427	4.3111978711	0.9919772899	23	43	0.162458659353	0.742115027829	23	539
4529	train	LG+G4	LG	True	False	False	2.1042		-5460.6069	10973.2137	11076.2668	9.3785847029	0.375143388116	0.1015964223	3.4943160429	1.6531725538000002	14	25	0.285897906721	0.624678663239	14	389
453	train	JTT+G4	JTT	True	False	False	0.8874		-901.6207	1843.2414	1884.4503	5.069485246	0.2668150129473684	0.1907208977	1.7274636784999997	1.2048962159999999	11	19	0.100313479624	0.51724137931	11	58
4530	train	JTT+F	JTT	False	False	True			-1257.2181	2574.4363	2650.0899	5.6035432485	0.5094130225909091	0.4019370855	2.3874792392	1.4358011458	7	11	0.0807453416149	0.586956521739	7	92
4531	train	LG+G4	LG	True	False	False	1.1021		-1327.3175	2682.635	2718.5359	5.4761489441	0.42124222646923076	0.1682446226	2.4134932233999997	0.96327112015	8	13	0.00651041666667	0.46875	8	96
4532	train	LG+G4	LG	True	False	False	0.8553		-1577.1359	3214.2717	3276.5978	15.6703266073	0.5403560899068965	0.323486837	3.4787121869	1.25586954255	16	29	0.0720338983051	0.627118644068	16	59
4534	train	JTT+G4	JTT	True	False	False	2.3485		-3397.4209	6818.8417	6861.7531	4.0310835288	0.3664621389818182	0.3263122887	1.2977128523	1.0468737098	7	11	0.0135281385281	0.431818181818	7	264
4536	train	WAG+G4	WAG	True	False	False	0.6497		-9104.2639	18424.5278	18718.1257	45.038984702	0.4209250906728972	0.2570225002	6.395106734399999	3.0179674568000006	55	107	0.164772727273	0.803571428571	55	112
4537	train	WAG+G4	WAG	True	False	False	0.816		-601.5647	1227.1295	1250.773	2.7855242093	0.2532294735727273	0.2237614847	0.8891974703000001	0.6069023292	7	11	0.00269541778976	0.358490566038	7	53
4538	train	WAG+G4	WAG	True	False	False	1.8517		-1788.0307	3596.0614	3628.8935	3.1144065602	0.34604517335555557	0.2186426295	1.0922319401	0.8518694815	6	9	0.169204737733	0.238578680203	6	197
454	train	LG+G4	LG	True	False	False	0.7831		-6666.1456	13480.2912	13697.9728	22.8297026398	0.3127356526	0.1779502381	4.5537222677	0.7612437539499999	38	73	0.171992481203	0.778571428571	38	140
4540	train	LG+G4	LG	True	False	False	1.2458		-5263.3802	10578.7604	10669.0395	13.00828195	0.520331278	0.4533411475	3.8079270903999998	1.5032298153	14	25	0.217587034814	0.609243697479	14	238
4542	train	JTT	JTT	False	False	False			-1309.1083	2636.2166	2660.9989	3.8694952889	0.4299439209888889	0.4131574547	1.7064542987	0.8254946035499999	6	9	0.135057471264	0.310344827586	6	116
4543	train	cpREV	cpREV	False	False	False			-487.6893	989.3786	1003.3015	2.0343386622	0.2906198088857143	0.2523458331	0.7735098196	0.6399358995	5	7	0.0	0.185185185185	5	54
4544	train	LG+G4	LG	True	False	False	1.3911		-679.2485	1378.497	1399.7683	5.0301762644	0.5589084738222222	0.3574648719	2.6781612312	0.7845664476	6	9	0.131720430108	0.274193548387	6	62
4546	train	LG+G4	LG	True	False	False	0.6988		-3969.8564	7971.7127	8029.8694	8.4353106482	0.5623540432133333	0.4585503116	4.6967189142	1.2278851104000001	9	15	0.155952380952	0.425	9	280
4547	train	LG+G4	LG	True	False	False	0.4926		-829.209	1702.418	1744.038	5.1527576081	0.2453694099095238	0.1680317303	1.4572256234	0.67989327545	12	21	0.0	0.530612244898	12	49
4548	train	LG+G4	LG	True	False	False	1.62		-3904.1573	7824.3146	7854.8515	7.2101077785	1.0300153969285715	0.7173108169	3.1937653474	1.5340584559	5	7	0.0541666666667	0.113095238095	5	336
4552	train	LG+G4	LG	True	False	False	0.7778		-1393.1685	2842.3369	2904.8919	7.58402729	0.2808898996296296	0.1931266993	2.2927682719	1.8547119718	15	27	0.107246376812	0.68115942029	15	69
4553	train	LG+G4	LG	True	False	False	1.3992		-2937.1649	5898.3298	5943.4366	5.1945913727	0.4722355793363636	0.4471458726	2.0620866171	0.8122318686000001	7	11	0.279855790897	0.299684542587	7	317
4554	train	JTT	JTT	False	False	False			-671.0239	1356.0478	1371.0498	2.9055019704	0.4150717100571429	0.2877135525	1.6055438874	0.7954517074	5	7	0.0	0.206349206349	5	63
4555	train	LG+G4	LG	True	False	False	0.8331		-3735.851	7503.702	7561.5703	19.690601555	1.3127067703333333	0.6191059277	9.5365396572	1.5802649484	9	15	0.332121212121	0.327272727273	9	275
4557	train	LG+G4	LG	True	False	False	2.439		-3458.9731	6933.9461	6964.5068	5.0332288846	0.7190326978	0.4483605648	2.3480088426	1.1236730564	5	7	0.0919881305638	0.115727002967	5	337
4559	train	LG+G4	LG	True	False	False	0.6054		-16567.7445	33359.489	33788.001	54.9181134267	0.49475777861891895	0.3192126451	5.0010088087	3.4440921340000004	57	111	0.483724059411	0.622418879056	57	339
4560	train	JTT+G4	JTT	True	False	False	0.3949		-1413.4348	2858.8696	2905.3539	2.6001450275	0.17334300183333334	0.1556774548	1.1685716309	0.8265190072999999	9	15	0.0131687242798	0.318518518519	9	135
4561	train	LG+G4	LG	True	False	False	1.1845		-4236.0008	8488.0017	8521.7982	2.7797372514000003	0.3971053216285715	0.1801910822	1.6192294082	0.4295418274	5	7	0.0625742574257	0.114851485149	5	505
4563	train	LG+G4	LG	True	False	False	1.332		-4163.6726	8355.3451	8408.1888	8.1992894341	0.6307145718538462	0.4203887656	2.466715606	1.9520115295	8	13	0.259316770186	0.366459627329	8	322
4564	train	JTT	JTT	False	False	False			-1317.4471	2644.8942	2661.1556	1.6357632797000001	0.32715265594000004	0.140915262	1.1427147976	0.2465231819	4	5	0.0196335078534	0.0523560209424	4	191
4565	train	LG+G4	LG	True	False	False	0.9463		-18565.9223	37247.8447	37522.382	40.5156313262	0.7108005495824562	0.447197516	11.993202363100002	3.7364690230999997	30	57	0.649841269841	0.378571428571	30	840
4567	train	LG+G4	LG	True	False	False	1.2326		-2183.2108	4394.4215	4435.9013	8.1837913556	0.6295224119692308	0.2378040126	3.3740426882000003	1.676289619	8	13	0.0410839160839	0.559440559441	8	143
4568	train	LG+G4	LG	True	False	False	2.1767		-19575.2304	39250.4608	39457.1307	33.6708738351	0.6871606905122448	0.5166941159	3.9753672055000004	3.28464488105	26	49	0.268313031871	0.776572668113	26	461
4569	train	JTT	JTT	False	False	False			-739.4945	1516.9891	1581.1194	0.0548773842	0.0026132087714285713	1e-06	0.032052388200000004	0.0160296803	12	21	0.0	0.0277777777778	12	216
457	train	LG+G4	LG	True	False	False	0.9098		-2437.4339	4914.8677	4975.0804	4.7078425948	0.2477811892	0.2274944891	1.3802016036999998	1.2176404533	11	19	0.0327272727273	0.533333333333	11	150
4570	train	WAG+G4	WAG	True	False	False	0.6416		-4243.5551	8515.1102	8568.8384	5.5178547303	0.42445036386923074	0.2850506953	3.0400227691	0.51255746005	8	13	0.0572157434402	0.34110787172	8	343
4571	train	WAG+G4	WAG	True	False	False	0.5276		-502.9071	1025.8142	1046.4187	2.2574409838	0.2508267759777778	0.2183618352	1.0164044523	0.5759065148	6	9	0.0287356321839	0.155172413793	6	58
4573	train	LG+F+G4	LG	True	False	True	1.5873		-14246.8323	28651.6646	28964.9902	30.2647849565	0.5129624568898306	0.2473839596	7.185739083400001	2.4520611987999996	31	59	0.365756823821	0.697435897436	31	390
4577	train	LG	LG	False	False	False			-4374.8975	8767.795	8803.1133	5.8616193847	0.6512910427444445	0.7152879679	2.0305767472	1.39297667575	6	9	0.188948306595	0.270053475936	6	374
4578	train	LG+F+G4	LG	True	False	True	1.2737		-5343.5	10753.0	10881.9668	10.348723016100001	0.796055616623077	0.6503883922	3.9473707389	1.32725264855	8	13	0.143342391304	0.41847826087	8	368
4579	train	rtREV+F	rtREV	False	False	True			-1708.3179	3472.6359	3557.4881	6.9570470825	0.7730052313888889	0.6489454333	3.3948923829	1.7094237588	6	9	0.148148148148	0.339869281046	6	153
458	train	LG+G4	LG	True	False	False	1.0771		-9324.1232	18692.2465	18784.2524	16.1021145447	0.7667673592714286	0.3931140359	4.4153709049	2.38389787765	12	21	0.195247933884	0.634297520661	12	484
4581	train	JTT+G4	JTT	True	False	False	0.5752		-5568.3923	11168.7846	11234.1366	5.7988003657	0.38658669104666665	0.1596057767	2.0684852661	1.2937735854	9	15	0.118957226019	0.439635535308	9	439
4582	train	LG+G4	LG	True	False	False	1.1816		-4314.2211	8664.4422	8731.3487	6.8686085308	0.40403579592941175	0.2245201883	2.0271151118	0.7074454835	10	17	0.229605263158	0.414473684211	10	304
4586	train	LG+G4	LG	True	False	False	1.2566		-4789.5443	9603.0885	9651.2824	3.6710322571	0.33373020519090907	0.278532531	1.8306075183	0.8548314962	7	11	0.0777003484321	0.412195121951	7	410
4591	train	WAG	WAG	False	False	False			-1559.431	3132.8621	3154.9351	2.1861587797	0.31230839709999997	0.3204010455	0.9206936121	0.5478906052	5	7	0.11676300578	0.242774566474	5	173
4592	train	LG+G4	LG	True	False	False	1.5272		-8274.6056	16577.2112	16639.9103	13.4013873485	1.0308759498846154	0.7729478285	3.3356901624	2.1855239882	8	13	0.357142857143	0.276497695853	8	651
4594	train	WAG+G4	WAG	True	False	False	3.0808		-917.5858	1891.1717	1935.5102	7.6204469452	0.28223877574814815	0.1414108987	2.5930909536	1.3455642791	15	27	0.0037037037037	0.833333333333	15	36
4597	train	LG+G4	LG	True	False	False	1.069		-2381.9549	4779.9099	4809.4327	3.0061500266	0.4294500038	0.3307773515	1.4287158865	0.4901835004	5	7	0.180405405405	0.101351351351	5	296
4598	train	JTT+G4	JTT	True	False	False	0.6773		-3325.1685	6662.337	6685.9305	10.0780234772	2.01560469544	1.3362488116	5.573945617	2.7690026952	4	5	0.0848806366048	0.0424403183024	4	377
460	train	LG+G4	LG	True	False	False	0.8867		-25829.2865	51998.5729	52731.259	25.5441332183	0.15114871726804735	0.0986957519	2.8493191332	1.8183487938499998	86	169	0.367293868922	0.616363636364	86	550
4601	train	LG+F+G4	LG	True	False	True	1.499		-6499.3846	13116.7691	13314.2484	21.9555188184	0.5629620209846155	0.4344794159	5.342222632	3.8240834285000003	21	39	0.255328798186	0.728571428571	21	210
4602	train	LG+G4	LG	True	False	False	1.0114		-5772.4756	11584.9513	11658.2798	9.8190757462	0.5167934603263158	0.4419730333	2.0385863335	1.5413571158	11	19	0.0644856873231	0.629757785467	11	289
4603	train	LG+G4	LG	True	False	False	1.293		-2216.0625	4472.1249	4526.8489	7.9100909662	0.4163205771684211	0.4142110102	1.6931084637000002	1.3093361545	11	19	0.048644338118	0.719298245614	11	114
4607	train	rtREV+G4	rtREV	True	False	False	0.9842		-1577.6294	3191.2588	3238.6839	5.7116007972	0.33597651748235297	0.1599565739	2.5588881680999997	0.27889856339999997	10	17	0.0611650485437	0.436893203883	10	103
461	train	LG+G4	LG	True	False	False	0.6379		-24692.0186	49860.0371	50648.5802	74.8772875662	0.31593792222025313	0.2044075753	4.6066431785	1.9603016866000003	120	237	0.116379310345	0.827586206897	120	203
4613	train	WAG	WAG	False	False	False			-4180.2511	8370.5023	8390.8675	3.8857090425	0.7771418084999999	0.6242146788	1.3422715902	1.0140136848	4	5	0.0483870967742	0.036866359447	4	434
4614	train	LG+G4	LG	True	False	False	1.0003		-1140.1863	2300.3726	2326.8165	5.1791960281	0.5754662253444445	0.4607480326	2.3983761649	1.118874601	6	9	0.0576923076923	0.259615384615	6	104
4615	train	WAG+F+G4	WAG	True	False	True	1.5409		-77628.2052	155850.4104	157214.5446	106.2544914425	0.3835902218140794	0.2770965302	5.6872832119000005	3.9997067254500003	140	277	0.613590998043	0.552054794521	140	730
4619	train	LG+G4	LG	True	False	False	0.9939		-5743.8452	11511.6904	11561.9002	4.5627103743	0.4147918522090909	0.3415343319	2.0426395488	0.8711367787	7	11	0.0618556701031	0.350515463918	7	485
462	train	LG+G4	LG	True	False	False	1.4368		-5564.0945	11180.1889	11267.4602	14.8415452525	0.5936618101	0.5023371377	2.890229224	1.9169474673	14	25	0.13409703504	0.778301886792	14	212
4620	train	WAG+G4	WAG	True	False	False	1.6418		-2136.1255	4304.2511	4350.2542	5.0365942238	0.3357729482533333	0.2385882717	2.2211752363	2.022268197	9	15	0.00932994062765	0.603053435115	9	131
4621	train	LG+G4	LG	True	False	False	0.8032		-953.7979	1939.5958	1974.386	6.1777945244	0.41185296829333334	0.4296337734	3.2091205610999998	1.4002994335999999	9	15	0.0444444444444	0.584615384615	9	65
4622	train	LG+G4	LG	True	False	False	0.995		-9166.6769	18357.3539	18412.6661	8.6708021906	0.7882547446	0.7508818713	2.400939385	1.1645988766	7	11	0.224489795918	0.204851752022	7	742
4624	train	LG+G4	LG	True	False	False	1.3787		-3129.9527	6291.9055	6342.5421	8.9001369887	0.5933424659133333	0.5850101481	2.6448974412000004	1.8356597618000001	9	15	0.0609523809524	0.622857142857	9	175
4625	train	LG+G4	LG	True	False	False	1.0082		-2908.6574	5845.3149	5896.1016	5.906311781	0.45433167546153846	0.4307066576	1.4959661377	1.0360232900500002	8	13	0.315197841727	0.305755395683	8	278
4627	train	LG+G4	LG	True	False	False	1.0895		-2776.4042	5572.8083	5608.9396	5.0428835077	0.5603203897444444	0.3968571754	2.9931383561000002	0.76785938065	6	9	0.158759124088	0.197080291971	6	274
4628	train	LG+F+G4	LG	True	False	True	0.9079		-4599.2934	9252.5868	9365.2227	7.2930420004	1.0418631429142857	1.1041964844	2.2538059433999997	1.6456742517	5	7	0.183716075157	0.104384133612	5	479
463	train	LG+G4	LG	True	False	False	1.048		-19015.8047	38171.6094	38447.9719	45.0008162719	0.6521857430710145	0.3723324193	4.814755460799999	2.5259201111999996	36	69	0.324049898462	0.686684073107	36	383
4630	train	LG+G4	LG	True	False	False	1.4218		-3429.0687	6874.1373	6905.4885	2.4345773667	0.3477967666714286	0.3459424619	1.0400552113	0.3774641836	5	7	0.00322580645161	0.185483870968	5	372
4633	train	WAG+G4	WAG	True	False	False	0.931		-1340.9379	2741.8757	2807.1074	6.6457727839	0.2291645787551724	0.1186016123	2.5799253409	1.26386580455	16	29	0.0442307692308	0.676923076923	16	65
4634	train	LG+G4	LG	True	False	False	0.7288		-4872.5482	9821.0964	9971.1217	11.7636833042	0.31793738660000004	0.1146517353	3.0999275289	1.4641315529999996	20	37	0.488381201044	0.378590078329	20	383
4635	train	LG+F+G4	LG	True	False	True	1.2188		-7898.4159	15866.8319	16011.0423	10.9745816301	0.73163877534	0.6031355745	2.4010452152	1.642418969	9	15	0.138217338217	0.538461538462	9	455
4636	train	LG+G4	LG	True	False	False	1.4546		-2350.6674	4737.3347	4789.2252	17.1692587927	1.0099563995705882	0.9730267382	6.2225574131000005	2.9872371525	10	17	0.256060606061	0.583333333333	10	132
4637	train	rtREV+F+G4	rtREV	True	False	True	1.1145		-10367.7002	20789.4004	20916.5845	18.806041593499998	2.6865773705	2.7932710086	5.68366102	4.178447348200001	5	7	0.063580998782	0.0840438489647	5	821
4639	train	LG+G4	LG	True	False	False	1.311		-1409.2794	2838.5588	2867.6116	6.1535351352	0.6837261261333334	0.6548885279	3.3161767203999997	1.0601864223500002	6	9	0.201234567901	0.222222222222	6	135
4640	train	rtREV+F+G4	rtREV	True	False	True	0.7861		-3943.7829	7961.5658	8088.7747	19.264387895	1.1331992879411763	0.7133975628	7.6183877435	2.6493640581999998	10	17	0.0952173913043	0.626086956522	10	230
4642	train	WAG	WAG	False	False	False			-2880.2623	5798.5245	5856.2266	5.3730037772	0.28278967248421055	0.1988312482	1.3884604165	0.7521449803	11	19	0.0312868949233	0.850649350649	11	154
4644	train	LG+G4	LG	True	False	False	1.5634		-2275.9346	4571.8692	4604.7518	5.1065473092	0.5673941454666667	0.454307778	1.9498012298	1.2848812777999998	6	9	0.108585858586	0.257575757576	6	198
4646	train	LG+F+G4	LG	True	False	True	0.4318		-9504.528	19071.056	19221.5083	3.8340282456	0.3485480223272727	0.3124555249	1.2626527337	0.5626153517	7	11	0.0712022929552	0.208025343189	7	947
4647	train	WAG+G4	WAG	True	False	False	3.208		-1144.4001	2364.8001	2427.0284	9.9200547663	0.2681095882783784	0.1985955835	1.54384523	0.9887699891999999	20	37	0.0855263157895	0.894736842105	20	38
4648	train	LG	LG	False	False	False			-4235.4898	8480.9796	8501.5369	5.5740125263	1.11480250526	1.0831652682	2.5754399683	1.40261684895	4	5	0.131374722838	0.0288248337029	4	451
4649	train	WAG	WAG	False	False	False			-1157.5116	2325.0231	2339.6231	2.9435205464	0.5887041092799999	0.4856644349	1.3020021929	0.8521522836	4	5	0.140510948905	0.043795620438	4	137
465	train	LG+G4	LG	True	False	False	0.8844		-24025.3729	48306.7458	48797.6016	48.3286563101	0.38054060086692915	0.1972217622	10.985902102099999	6.5000301297	65	127	0.235807467386	0.880116959064	65	342
4650	train	WAG+G4	WAG	True	False	False	1.6487		-1858.5502	3817.1004	3907.4335	14.7632087507	0.3012899745040816	0.2513925428	3.8096233271999997	2.4071821892	26	49	0.0529914529915	0.955555555556	26	45
4651	train	LG+G4	LG	True	False	False	1.2269		-2358.9902	4749.9804	4797.3859	9.4094818875	0.6272987925	0.634217596	3.1219133162	1.9103581173000002	9	15	0.132867132867	0.545454545455	9	143
4652	train	JTT+F+G4	JTT	True	False	True	1.1277		-1943.6797	3941.3594	4033.3531	5.3669810273000005	0.7667115753285715	0.2205659148	4.818069381700001	0.22056861130000002	5	7	0.0358744394619	0.313901345291	5	223
4654	train	LG+G4	LG	True	False	False	1.1059		-1615.6516	3247.3032	3272.9353	3.9405182846	0.5629311835142857	0.2957934091	2.3702290334	0.5769112227	5	7	0.0857142857143	0.137362637363	5	182
4655	train	LG+G4	LG	True	False	False	1.8077		-6799.721	13639.4421	13718.4549	10.341359904199999	0.5442821002210526	0.3696867257	5.290826967799999	1.2452329548	11	19	0.22040719697	0.606770833333	11	384
4657	train	LG+G4	LG	True	False	False	1.4536		-16962.9135	34053.827	34302.0021	31.3604573642	0.4977850375269841	0.3007676169	6.4334008723	3.8642361186	33	63	0.205415499533	0.817927170868	33	357
4658	train	LG+G4	LG	True	False	False	0.6257		-1379.8753	2787.7507	2823.7966	5.9476696554	0.45751305041538465	0.4336077304	2.4981175264	1.1617640519	8	13	0.0090206185567	0.453608247423	8	97
4660	train	rtREV+F+G4	rtREV	True	False	True	1.0638		-1875.9454	3805.8908	3892.8404	6.181190526	0.883027218	0.8508896859	2.5352384136	1.0021942116	5	7	0.0324324324324	0.124324324324	5	185
4661	train	cpREV	cpREV	False	False	False			-822.625	1659.25	1675.9242	3.5068300638	0.5009757234	0.3710902763	1.5752955441999998	0.6411577548	5	7	0.0075	0.175	5	80
4663	train	LG+G4	LG	True	False	False	1.1324		-4655.98	9335.96	9382.1519	5.9035361435	0.5366851039545455	0.4648106715	1.754257182	0.8060263213	7	11	0.028818443804	0.363112391931	7	347
4665	train	LG+G4	LG	True	False	False	0.9911		-8641.6566	17351.3132	17477.3549	13.652523404	0.41371283042424245	0.2725082155	2.4852476516	1.3596056707500002	18	33	0.0492801771872	0.790697674419	18	301
4666	train	LG+G4	LG	True	False	False	1.1286		-2288.4888	4592.9776	4620.0901	5.5507017747	0.7929573963857143	0.6725462304	2.2901558164	1.3467782362	5	7	0.0529680365297	0.168949771689	5	219
4668	train	LG+G4	LG	True	False	False	1.2491		-6476.971	13037.942	13177.7128	12.4252140877	0.3030540021390244	0.2115750925	3.6258090942	2.2719801108	22	41	0.0461165048544	0.849514563107	22	206
4669	train	LG+G4	LG	True	False	False	0.679		-1799.5302	3699.0605	3796.6227	28.718473603299998	0.5860912980265306	0.2950067595	6.4742093718	2.6379569039	26	49	0.0798816568047	0.826923076923	26	52
467	train	LG+G4	LG	True	False	False	1.9401		-3925.6735	7895.347	7970.2059	8.2328757446	0.3920417021238095	0.2142179097	4.2487242817999995	2.76694415485	12	21	0.0990990990991	0.806306306306	12	222
4670	train	LG+G4	LG	True	False	False	1.0231		-3772.6281	7629.2562	7741.1207	19.5691164119	0.47729552224146343	0.3828428547	4.7482837186	1.57764045105	22	41	0.0934819897084	0.839622641509	22	106
4671	train	LG+F	LG	False	False	True			-7808.9748	15685.9496	15823.156	11.0581509661	0.7372100644066666	0.438385057	2.3883399252	1.5231491392	9	15	0.152046783626	0.576555023923	9	418
4672	train	LG+G4	LG	True	False	False	1.0412		-2795.2712	5706.5423	5820.8193	24.6405211548	0.4322898448210526	0.3018329533	3.3191523602	1.6837269575500002	30	57	0.0	0.924528301887	30	53
4674	train	LG+G4	LG	True	False	False	1.7025		-2372.8535	4797.7069	4872.062	11.245669277800001	0.44982677111200003	0.3296530704	3.3054899450999997	1.4104278857499999	14	25	0.312292358804	0.62015503876	14	129
4675	train	WAG+G4	WAG	True	False	False	0.8118		-1451.9332	2935.8664	2974.7595	11.5349965059	0.7689997670600001	0.4098470137	6.8834022805	1.8706136139000002	9	15	0.0462962962963	0.571428571429	9	84
4678	train	JTT+F	JTT	False	False	True			-2696.4138	5448.8276	5544.3537	8.182613408	0.9091792675555556	1.1144978854	2.2530740639999998	1.8151523123	6	9	0.209821428571	0.200892857143	6	224
4679	train	WAG+G4	WAG	True	False	False	2.3052		-1600.8082	3217.6164	3242.7497	4.1196334332	0.5885190618857142	0.7249066714	1.9199188952	1.7750206755	5	7	0.173099415205	0.134502923977	5	171
4680	train	WAG	WAG	False	False	False			-1519.2374	3048.4748	3064.0347	2.9734568436	0.5946913687200001	0.4503102618	1.3993024276	0.6146702024	4	5	0.0707831325301	0.0421686746988	4	166
4684	train	JTT+G4	JTT	True	False	False	1.4372		-1588.0928	3196.1857	3225.3122	4.4816798086	0.4979644231777778	0.3044158388	1.5451920926999998	1.09517547065	6	9	0.0575980392157	0.294117647059	6	136
4685	train	LG+G4	LG	True	False	False	1.4224		-7800.1663	15664.3326	15781.2122	16.5766248446	0.5347298336967742	0.3315346322	4.56588656	3.8553760030999995	17	31	0.179979360165	0.764912280702	17	285
4686	train	LG+F+G4	LG	True	False	True	1.6155		-2331.6635	4729.327	4828.235	12.6597118785	0.9738239906538462	0.6348050602	4.9271665427	2.1366171764499997	8	13	0.0929054054054	0.5	8	148
4687	train	LG+F+G4	LG	True	False	True	1.1031		-35147.1463	70784.2926	71739.7675	114.1195462789	0.5071979834617778	0.333084214	13.563516357200001	9.157417531250001	114	225	0.536481614996	0.668493150685	114	365
4689	train	LG+G4	LG	True	False	False	2.3135		-1931.7154	3883.4308	3914.9057	3.4420199373	0.3824466597	0.3152161213	1.4055286122	1.02597483705	6	9	0.0145348837209	0.360465116279	6	172
4690	train	WAG+G4	WAG	True	False	False	2.3497		-4078.6027	8197.2054	8271.2143	6.8397257741	0.3599855670578947	0.3455904665	2.7082116735	1.5847437652	11	19	0.358771663119	0.505016722408	11	299
4691	train	LG+F+G4	LG	True	False	True	1.4835		-7061.1382	14184.2764	14313.7927	12.3768365836	1.1251669621454545	1.0929427857	3.7783571571000003	2.7733591126999997	7	11	0.123592175459	0.383817427386	7	482
4693	train	LG	LG	False	False	False			-2089.7666	4189.5332	4207.4129	3.2916797506	0.65833595012	0.5604548019	1.9158400514	0.9123538936	4	5	0.109848484848	0.0681818181818	4	264
4696	train	LG+G4	LG	True	False	False	1.2078		-9844.8696	19961.7391	20413.6685	18.4178041328	0.12701933884689656	0.0414334899	2.3739432284999995	1.6573827975500006	74	145	0.0705998681608	0.882926829268	74	205
4697	train	LG+G4	LG	True	False	False	2.7517		-2147.4284	4326.8567	4369.622	12.8917840005	0.8594522667	0.8456760242	3.9798553090999995	2.5536888802999997	9	15	0.079958463136	0.635514018692	9	107
4698	train	LG+G4	LG	True	False	False	3.8508		-1035.8602	2091.7204	2115.7876	4.865131022	0.5405701135555555	0.4317947129	2.1617838617	0.9375944231	6	9	0.00813008130081	0.268292682927	6	82
4699	train	LG	LG	False	False	False			-1359.0083	2772.0165	2821.3898	12.7680540117	0.47289088932222223	0.3685524594	3.7519514315999998	1.9384758993	15	27	0.00289855072464	0.913043478261	15	46
4700	train	LG+F+G4	LG	True	False	True	0.8024		-3529.8669	7109.7339	7212.7962	2.431445391	0.4862890782	0.4413545791	0.7990570448	0.63801102275	4	5	0.03125	0.0438596491228	4	456
4702	train	LG+G4	LG	True	False	False	0.6252		-11747.2627	23598.5253	23841.6681	29.094411592	0.5704786586666667	0.3070596889	9.7502062349	7.4266385831	27	51	0.651627668021	0.292559899117	27	793
4703	train	LG+G4	LG	True	False	False	1.2247		-1288.6995	2601.3991	2632.2956	6.407899792499999	0.5825363447727272	0.2717488496	2.7390482138	1.1710602754	7	11	0.00294550810015	0.525773195876	7	97
4704	train	LG+G4	LG	True	False	False	0.843		-16047.5046	32535.0092	33198.8107	96.220822151	0.4393644847077625	0.2149183529	21.133736135800003	17.790871948499998	111	219	0.325338583617	0.801324503311	111	151
4707	train	JTT	JTT	False	False	False			-1103.3784	2228.7568	2256.6154	3.0837947651	0.28034497864545455	0.1761672093	1.5047054289000001	1.0671525736	7	11	0.0506912442396	0.47311827957	7	93
4708	train	LG+G4	LG	True	False	False	1.3895		-4771.9299	9567.8598	9614.493	8.4147498293	0.7649772572090909	0.548310828	2.7342634167	1.0123269525	7	11	0.163492063492	0.291666666667	7	360
4709	train	LG+G4	LG	True	False	False	1.3393		-1528.0532	3080.1064	3113.0456	5.5017660564	0.5001605505818182	0.4683242051	1.8269657481000001	1.0405140724	7	11	0.0509316770186	0.408695652174	7	115
471	train	JTT	JTT	False	False	False			-2533.0738	5100.1476	5152.2117	4.981200116	0.29301177152941177	0.1529170995	2.0162086509	1.6367798652499999	10	17	0.0367088607595	0.79746835443	10	158
4710	train	VT+G4	VT	True	False	False	0.9044		-2227.3693	4486.7385	4535.6385	3.7870646071	0.25247097380666667	0.2199770135	1.1909195886	0.865497259	9	15	0.0283085633404	0.414012738854	9	157
4711	train	LG+F+G4	LG	True	False	True	0.754		-3888.4885	7838.977	7956.0843	8.0310835545	0.7300985049545455	0.6655396033	1.8028675371	1.3014309425	7	11	0.165413533835	0.241486068111	7	323
4714	train	JTT+F+G4	JTT	True	False	True	0.9416		-2083.9309	4249.8617	4389.5558	3.8623937122000003	0.15449574848800002	0.0065354694	2.6692305089	0.9895991211499999	14	25	0.0685458039718	0.668161434978	14	223
4716	train	LG+G4	LG	True	False	False	1.2886		-1457.7176	2931.4352	2953.8016	8.1444377268	1.1634911038285713	0.8416192069	3.002382578	1.7015356144	5	7	0.0264462809917	0.0661157024793	5	121
472	train	LG+G4	LG	True	False	False	0.8119		-5974.2463	11984.4927	12053.0392	7.5587194071	0.4446305533588235	0.4078569426	2.2758260827	1.7333288507	10	17	0.0315315315315	0.576576576577	10	333
4722	train	LG+G4	LG	True	False	False	1.3763		-1757.3288	3538.6576	3577.995	3.5012761332999998	0.3182978303	0.0588787091	2.7020743679	0.18391739110000002	7	11	0.0269679300292	0.15306122449	7	196
4723	train	LG+G4	LG	True	False	False	1.6363		-2470.3852	4956.7705	4983.9195	4.5029458673	0.6432779810428572	0.6299900285	1.5627661052000001	1.1527763818999999	5	7	0.00727272727273	0.145454545455	5	220
4725	train	LG+G4	LG	True	False	False	1.2925		-3798.4543	7616.9087	7655.1687	6.3036895977	0.7004099553	0.6203251981	4.7413540378	2.9151701654	6	9	0.143067846608	0.330383480826	6	339
4726	train	WAG+G4	WAG	True	False	False	0.6831		-1183.5101	2387.0202	2412.9714	7.5006381608999995	0.8334042400999999	1.010808322	2.7123492418	1.8805606406	6	9	0.0420875420875	0.232323232323	6	99
4728	train	LG+F+G4	LG	True	False	True	0.9646		-3001.5449	6065.0899	6167.0262	12.485113119700001	1.135010283609091	0.9243483525	3.8453655806	1.8223338582	7	11	0.0440115440115	0.40404040404	7	198
4729	train	LG+G4	LG	True	False	False	1.6849		-4107.3435	8274.6869	8365.6001	13.3149022339	0.45913455978965517	0.3622445432	3.3363678016	1.2550260097500001	16	29	0.117238562092	0.797385620915	16	153
473	train	LG+G4	LG	True	False	False	1.2694		-6914.2025	13868.4049	13945.3337	12.2057086588	0.6424057188842106	0.5344272087	3.6438385094	2.5738787316	11	19	0.146085128744	0.656069364162	11	346
4730	train	LG+G4	LG	True	False	False	0.6189		-879.1861	1774.3722	1794.0994	5.8290134286	0.8327162040857142	0.5410616493	1.9459607217	1.6723934317999998	5	7	0.0505747126437	0.126436781609	5	87
4731	train	LG+G4	LG	True	False	False	1.2152		-4570.9171	9161.8342	9202.5646	5.8826734812	0.6536303868000001	0.4104832207	3.3061005079	1.8002637680499998	6	9	0.179339477727	0.357142857143	6	434
4732	train	rtREV+F	rtREV	False	False	True			-5905.9271	11863.8542	11982.7699	5.8734551689	0.8390650241285714	1.0705883748	2.206490327	1.6664936959999999	5	7	0.293296089385	0.0768156424581	5	716
4733	train	rtREV+G4	rtREV	True	False	False	0.9274		-592.1817	1196.3635	1210.5038	2.4382604914	0.48765209828	0.3676081583	0.9868331119	0.6461343207	4	5	0.115384615385	0.025641025641	4	78
4740	train	LG	LG	False	False	False			-1784.6192	3587.2385	3614.1524	4.3161374911	0.4795708323444445	0.4412370691	1.2451111344	1.03878000585	6	9	0.0657596371882	0.319727891156	6	147
4741	train	JTT+G4	JTT	True	False	False	0.193		-829.1819	1670.3639	1689.971	0.3223231137	0.06446462274	0.060379006	0.1688978596	0.10690066584999999	4	5	0.0128865979381	0.0257731958763	4	194
4743	train	LG+G4	LG	True	False	False	1.0092		-3461.4891	6934.9783	6959.2198	5.413550058	1.0827100116000001	1.2316849951	1.9064668300999998	1.60751604415	4	5	0.151785714286	0.05	4	420
4745	train	JTT+G4	JTT	True	False	False	0.9818		-2286.1263	4604.2526	4654.7974	3.2180929265	0.21453952843333332	0.1882870833	1.1922173728	0.4176850591	9	15	0.00574712643678	0.48275862069	9	174
4749	train	LG+G4	LG	True	False	False	1.7066		-780.3094	1576.6189	1595.4726	4.8218882097	0.6888411728142857	0.6982788992	2.0607956488	1.1798176355	5	7	0.141025641026	0.179487179487	5	78
4750	train	LG+G4	LG	True	False	False	2.9289		-3109.0303	6294.0606	6394.9111	16.945034801	0.4579739135405405	0.3510328069	4.9003943411	3.1485045086500003	20	37	0.261904761905	0.704761904762	20	105
4751	train	cpREV+G4	cpREV	True	False	False	0.6676		-4244.2361	8524.4722	8593.0188	4.6312206589	0.2724247446411765	0.1678535173	2.2518253867	1.1868237757999998	10	17	0.0738738738739	0.591591591592	10	333
4752	train	LG+G4	LG	True	False	False	1.0066		-4642.8654	9305.7308	9345.2372	5.2052390477	0.5783598941888889	0.5010910745	2.374062901	1.35656278465	6	9	0.0438368055556	0.296875	6	384
4753	train	LG+G4	LG	True	False	False	1.087		-3856.4434	7744.8868	7802.4616	5.9282927777	0.39521951851333337	0.3851348766	1.8647180264999998	0.9981455824	9	15	0.124691358025	0.540740740741	9	270
4754	train	WAG+G4	WAG	True	False	False	0.7275		-780.1652	1584.3304	1611.1397	4.4075262477	0.40068420433636365	0.2528940137	1.7785252796000002	0.6934584061	7	11	0.0786749482402	0.289855072464	7	69
4755	train	JTT	JTT	False	False	False			-661.2508	1340.5017	1362.2713	1.756002738	0.19511141533333334	0.1167160646	0.8443832628	0.2903086052	6	9	0.0883534136546	0.120481927711	6	83
4758	train	JTT+F	JTT	False	False	True			-4595.2744	9250.5488	9368.2765	4.3718163164	0.3974378469454546	0.3026839957	1.8942150108	0.6711174001	7	11	0.0966386554622	0.42513368984	7	374
4759	train	JTT+G4	JTT	True	False	False	1.194		-6529.9861	13087.9722	13146.9486	4.5686736545	0.3514364349615385	0.2942767864	1.0419872621000001	0.6763881702500001	8	13	0.10621242485	0.350701402806	8	499
4760	train	LG+G4	LG	True	False	False	1.1164		-6244.9484	12541.8969	12638.368	16.7886260872	0.671545043488	0.5650911337	5.2589027982	2.6696583026500003	14	25	0.305345316935	0.605960264901	14	302
4761	train	JTT+F+G4	JTT	True	False	True	1.0449		-5020.3058	10098.6117	10243.1416	2.9118086238	0.3235342915333333	0.0225782834	2.8300761426	0.05438798035	6	9	0.298270003089	0.355885078777	6	1079
4763	train	LG+G4	LG	True	False	False	0.9373		-3711.9368	7435.8737	7461.221	4.7492164474	0.9498432894800001	0.5843081042	2.7636570572	0.7964502276500001	4	5	0.231683168317	0.0138613861386	4	505
4764	train	LG+G4	LG	True	False	False	0.7678		-2475.162	4962.3241	4985.0822	2.4958790848	0.49917581695999996	0.5029039949	1.0569845982000001	0.8620627043	4	5	0.077743902439	0.0518292682927	4	328
4765	train	WAG+F	WAG	False	False	True			-2834.0838	5804.1677	5977.1117	9.2612247963	0.18900458767959186	0.176559103	2.9013920304	0.94129683625	26	49	0.140752864157	0.851063829787	26	94
4766	train	LG+G4	LG	True	False	False	1.4576		-3806.3453	7652.6906	7718.456	11.3131217659	0.5954274613631579	0.4415872036	4.2753320176	1.8001481829	11	19	0.131313131313	0.666666666667	11	198
4767	train	JTT+G4	JTT	True	False	False	1.2784		-1693.527	3415.0541	3454.4246	5.4261654891	0.4173973453153846	0.2727653137	2.4019401313	0.545242346	8	13	0.00609756097561	0.422764227642	8	123
4768	train	WAG	WAG	False	False	False			-13469.3231	27032.6463	27210.3412	17.3439805636	0.3690208630553191	0.2722602875	3.4619322997	1.9556063238	25	47	0.163209876543	0.876543209877	25	324
4769	train	LG+F+G4	LG	True	False	True	0.9241		-2192.1302	4442.2604	4537.4733	12.7014695297	1.411274392188889	0.8227213975	4.3881961265	2.1934031749	6	9	0.141285956007	0.228426395939	6	197
477	train	LG+F+G4	LG	True	False	True	1.7638		-31508.8765	63375.7531	64036.9311	56.1653386761	0.3532411237490566	0.2529054191	3.3820371049	2.0333453199	81	159	0.245791245791	0.855218855219	81	297
4770	train	LG+G4	LG	True	False	False	1.2091		-3817.3418	7658.6835	7703.6762	8.8228121961	0.8020738360090909	0.7874398483	4.2604134897	2.0950830480000002	7	11	0.197452229299	0.254777070064	7	314
4771	train	LG+G4	LG	True	False	False	1.0315		-1619.9498	3251.8996	3271.5376	4.7670266741	0.95340533482	0.3547895436	3.152822524	0.810262567	4	5	0.0833333333333	0.025641025641	4	195
4773	train	rtREV+G4	rtREV	True	False	False	0.7849		-1992.468	4020.9361	4071.4084	16.3262633908	0.9603684347529412	0.4213661648	7.2780760529	2.97561376465	10	17	0.161475409836	0.508196721311	10	122
4775	train	LG	LG	False	False	False			-2221.0913	4460.1827	4490.9276	3.0639415316	0.34043794795555554	0.1960067706	1.6043961773	0.6570078235	6	9	0.139259259259	0.288888888889	6	225
4776	train	LG+G4	LG	True	False	False	2.1828		-4875.6328	9767.2655	9800.9984	7.893035875	1.1275765535714286	1.0222906237	3.6218327645	2.250159418	5	7	0.259481037924	0.117764471058	5	501
4778	train	WAG	WAG	False	False	False			-748.0441	1510.0882	1527.5869	2.2667606498	0.3238229499714286	0.2091537665	0.98090861	0.6194152432	5	7	0.153333333333	0.155555555556	5	90
4779	train	LG+G4	LG	True	False	False	1.363		-2165.0918	4354.1836	4392.4323	4.3304900334	0.39368091212727274	0.2864955065	1.5260152176	1.2256824512	7	11	0.0654429369513	0.340782122905	7	179
4782	train	LG+G4	LG	True	False	False	1.9204		-1559.152	3138.304	3168.8665	3.0385704504	0.33761893893333333	0.239473892	1.9245375463999999	0.6522591624	6	9	0.031847133758	0.267515923567	6	157
4783	train	LG+G4	LG	True	False	False	2.1864		-1191.4452	2422.8903	2466.9842	5.7623360951	0.30328084711052633	0.2676069812	2.4767679954000004	1.0233642042	11	19	0.0149253731343	0.731343283582	11	67
4787	train	LG+F+G4	LG	True	False	True	1.1064		-10042.0011	20138.0023	20270.0762	6.469572383	0.9242246261428572	0.6565945899	3.2065722045999996	1.0075494575	5	7	0.0853658536585	0.122967479675	5	984
479	train	JTT+F+G4	JTT	True	False	True	1.2997		-4098.4077	8290.8154	8440.6225	13.2429380594	0.4904791873851852	0.3075021627	6.700657851700001	1.4100364031	15	27	0.0722532588454	0.882681564246	15	179
4792	train	LG+G4	LG	True	False	False	0.9052		-6283.228	12586.456	12630.5742	3.9591611189	0.4399067909888889	0.3095622066	1.4306199332	0.92607583655	6	9	0.0955117679256	0.192118226601	6	609
4793	train	WAG+F+G4	WAG	True	False	True	1.293		-7265.1254	14592.2509	14727.4513	4.704712602	0.42770114563636363	0.4307687186	1.8153777431	1.1139464103	7	11	0.0944979027881	0.333333333333	7	579
4795	train	LG+G4	LG	True	False	False	0.6962		-5184.3658	10392.7315	10443.2346	2.6024886386	0.23658987623636366	0.1931910738	1.038529865	0.4593844172	7	11	0.0163840183961	0.356136820926	7	497
4796	train	WAG+F	WAG	False	False	True			-6289.5786	12631.1573	12746.8284	4.0937718769	0.5848245538428571	0.4073649615	1.8213022820999998	1.1610169711	5	7	0.132594936709	0.248417721519	5	632
48	train	JTT+G4	JTT	True	False	False	1.3808		-3747.5637	7603.1274	7774.3336	16.2091213529	0.30583247835660377	0.1736797924	5.1670380754	3.35220071875	28	53	0.537743506494	0.460227272727	28	176
480	train	LG+F+G4	LG	True	False	True	0.766		-13300.5262	26711.0524	26946.6798	8.854552317	0.25298720905714284	0.2385233922	1.7703120269000001	1.5893656208000002	19	35	0.0637274155538	0.641791044776	19	536
4801	train	LG+G4	LG	True	False	False	1.1026		-3007.2336	6042.4673	6091.1378	5.0801085178	0.3907775782923077	0.4252149551	2.4455893113999996	1.93961812505	8	13	0.129184100418	0.510460251046	8	239
4802	train	WAG+F	WAG	False	False	True			-2216.7278	4509.4557	4604.8683	11.4358775755	0.6018882934473684	0.4882475888	3.4695741943	2.1249318963	11	19	0.043956043956	0.835164835165	11	91
4806	train	LG+F+G4	LG	True	False	True	1.2908		-3054.3032	6194.6065	6322.9015	23.6628955276	1.028821544678261	0.5424559093	9.6582242259	7.063107243999999	13	23	0.175974710221	0.780821917808	13	146
4807	train	cpREV+G4	cpREV	True	False	False	1.8285		-1199.1294	2414.2588	2435.5663	5.380392268	0.7686274668571428	0.6526889007	2.7194836707	0.8933345518	5	7	0.0679245283019	0.0943396226415	5	106
4809	train	LG+F+G4	LG	True	False	True	1.7644		-6028.5769	12119.1538	12251.2601	4.2994525254000004	0.39085932049090916	0.2182733208	1.5098359324	1.3047422227999999	7	11	0.0804252998909	0.440839694656	7	524
4811	train	JTT+F+G4	JTT	True	False	True	1.4012		-13992.2402	28050.4804	28224.2396	4.0126882398	0.30866832613846157	0.1187958179	2.4181437886	1.79146405525	8	13	0.153583916084	0.625174825175	8	1430
4812	train	JTT+F+G4	JTT	True	False	True	1.1689		-2405.8024	4861.6048	4964.5572	0.7334972508	0.14669945016	0.0834074873	0.4357902425	0.15546936935	4	5	0.0820484581498	0.0418502202643	4	454
4815	train	LG+F+G4	LG	True	False	True	1.0253		-3811.2009	7684.4017	7800.3353	5.9635760568	0.5421432778909091	0.5311824839	2.0709085081	0.9309544216000001	7	11	0.106568672485	0.302250803859	7	311
4816	train	cpREV	cpREV	False	False	False			-264.1799	546.3597	559.5514	1.7262533359	0.19180592621111112	0.1856385022	0.8541483810000001	0.28198093609999997	6	9	0.0260416666667	0.375	6	32
4817	train	JTT+G4	JTT	True	False	False	0.739		-3269.6313	6555.2627	6587.4309	1.8759545118	0.2679935016857143	0.2413405569	0.8093472146	0.37730066900000003	5	7	0.018932038835	0.135922330097	5	412
4819	train	LG+G4	LG	True	False	False	1.2832		-4364.9199	8781.8398	8866.5346	15.649674058	0.6259869623200001	0.3786889284	4.8919255435	3.0223877659499996	14	25	0.168526785714	0.739583333333	14	192
482	train	LG+F+G4	LG	True	False	True	2.857		-5557.4496	11236.8992	11433.3409	10.9637199946	0.26740780474634146	0.2702946012	2.7895406971000005	2.30499471005	22	41	0.126044226044	0.821621621622	22	185
4822	train	LG+G4	LG	True	False	False	1.1931		-999.1845	2022.369	2052.3667	4.5085249725	0.4098659065909091	0.2266832847	2.2125689335999996	1.1893054410000001	7	11	0.0111111111111	0.566666666667	7	90
4824	train	WAG+F+G4	WAG	True	False	True	0.985		-2439.2895	4928.5789	5023.0975	5.0012131373	1.00024262746	0.6324154694	3.9603612047	2.01690582865	4	5	0.0925925925926	0.154320987654	4	324
4826	train	WAG	WAG	False	False	False			-3335.5957	6685.1914	6712.0963	2.6142653593	0.3734664799	0.236375885	1.3168492522	0.6578498251999999	5	7	0.0347826086957	0.179710144928	5	345
4827	train	LG+G4	LG	True	False	False	1.5061		-4192.9341	8397.8683	8423.0835	2.8459374952	0.56918749904	0.4790478174	1.3777757659999998	0.61572737635	4	5	0.0328947368421	0.0364372469636	4	494
4828	train	LG+G4	LG	True	False	False	0.8721		-5782.9368	11633.8737	11749.7175	18.681291859799998	0.5660997533272727	0.5209279168	3.8489116328	2.3501620833	18	33	0.18086696562	0.645739910314	18	223
4829	train	LG	LG	False	False	False			-2624.5505	5259.1011	5277.6033	3.1610961784000002	0.63221923568	0.2896880924	1.8001990464	0.5470171441	4	5	0.0175585284281	0.0434782608696	4	299
483	train	LG+G4	LG	True	False	False	0.7065		-14967.712	30031.4239	30223.2536	19.8980338011	0.42336242129999996	0.2832759657	2.0384065559	1.2187641887	25	47	0.122686567164	0.716417910448	25	402
4830	train	WAG	WAG	False	False	False			-862.479	1742.9581	1762.388	5.1104222743	0.5678246971444445	0.3541361269	2.3177698731	0.7411287827999999	6	9	0.0364583333333	0.375	6	64
4834	train	LG+G4	LG	True	False	False	1.3077		-5478.0007	10972.0013	11005.491	7.5998870373	1.0856981481857144	0.9385608064	3.4020044419	2.8417591786	5	7	0.0831275720165	0.152263374486	5	486
4836	train	LG	LG	False	False	False			-1970.3629	3970.7259	4010.6775	10.2948770585	0.6863251372333333	0.4452046523	2.3819918485	1.4099764313999998	9	15	0.0974842767296	0.641509433962	9	106
4837	train	LG+G4	LG	True	False	False	1.794		-3517.2592	7046.5185	7070.2223	6.5653060124	1.31306120248	1.7185394996	3.9142524083000003	2.1494768510499997	4	5	0.0618489583333	0.0755208333333	4	384
4838	train	LG+F	LG	False	False	True			-3828.9493	7733.8986	7854.5923	12.0222948274	0.632752359336842	0.4169953531	2.6807327165	1.7642403615999998	11	19	0.0924499229584	0.734463276836	11	177
484	train	LG+F+G4	LG	True	False	True	0.9275		-12690.9558	25611.9117	26024.4453	33.7271508509	0.3550226405357895	0.2014187181	5.1569162192	2.3803948888	49	95	0.388825192999	0.666666666667	49	267
4840	train	LG+F+G4	LG	True	False	True	1.6208		-8321.0054	16716.0107	16866.1117	16.4587896309	0.9681640959352942	0.8736280941	2.9868471005	2.59651963065	10	17	0.212412177986	0.52224824356	10	427
4843	train	JTT+G4	JTT	True	False	False	0.7528		-2305.0846	4638.1691	4682.6352	5.35655551	0.4120427315384615	0.3032659246	1.5752460444	0.92090551405	8	13	0.124293785311	0.378531073446	8	177
4844	train	LG+G4	LG	True	False	False	1.5681		-3811.1581	7646.3163	7691.1164	6.7908164345	0.6173469485909091	0.4505820307	4.1487078969	3.1641076371000003	7	11	0.171983356449	0.411003236246	7	309
4845	train	LG+F+G4	LG	True	False	True	1.5764		-5760.6325	11587.2651	11713.6203	13.4469657613	1.0343819816384614	0.7308608626	3.1088722788000003	2.5304209913	8	13	0.0650735294118	0.576470588235	8	340
4846	train	LG+G4	LG	True	False	False	1.1231		-4644.1152	9312.2305	9360.4828	4.4425047302	0.40386406638181815	0.3070214761	1.5898420364	0.8712647553999999	7	11	0.104715672677	0.376213592233	7	412
485	train	LG+G4	LG	True	False	False	1.9991		-3818.1245	7752.2489	7883.4843	27.0458690716	0.4744889310807017	0.2945494378	4.9616057315	2.55399122195	30	57	0.0272300469484	0.943661971831	30	71
4851	train	LG+G4	LG	True	False	False	0.8691		-4549.413	9126.826	9180.1819	5.3912817144	0.4147139780307692	0.4213075004	1.8825678376	1.0765732106500001	8	13	0.0920658682635	0.428143712575	8	334
4852	train	WAG+G4	WAG	True	False	False	0.8868		-2890.5065	5805.0129	5847.9697	3.0057563369	0.2732505760818182	0.2557096471	1.1729833182	0.9543426705	7	11	0.0366576819407	0.324528301887	7	265
4854	train	WAG	WAG	False	False	False			-2101.0191	4236.0382	4280.6628	8.443972297	0.49670425276470587	0.3649835373	2.8176137852	1.75605662175	10	17	0.102941176471	0.725490196078	10	102
4856	train	LG+G4	LG	True	False	False	2.7247		-6147.9213	12395.8425	12549.9128	28.5478642363	0.5826094742102041	0.3907853172	3.5272601326	2.2725599754	26	49	0.309364548495	0.708074534161	26	161
4857	train	LG+G4	LG	True	False	False	1.021		-3485.3534	6986.7067	7017.4551	5.6237206611	0.8033886658714285	0.6935414909	2.3805555685	1.9253297266	5	7	0.120579710145	0.127536231884	5	345
486	train	JTT+G4	JTT	True	False	False	0.1865		-2092.4541	4204.9081	4247.0141	0.2082536439	0.023139293766666666	0.0201000129	0.0886370303	0.0555118816	6	9	0.0	0.0441767068273	6	498
4860	train	LG+G4	LG	True	False	False	0.7146		-2545.2837	5142.5673	5215.6841	11.0298645449	0.441194581796	0.290658261	2.9636423104	2.17820546425	14	25	0.120789779326	0.658536585366	14	123
4862	train	LG+G4	LG	True	False	False	0.975		-5823.6034	11699.2068	11785.8575	27.8083991646	1.112335966584	0.9261688515	5.5379470444	3.3370095281500003	14	25	0.180124223602	0.724637681159	14	207
4863	train	LG+G4	LG	True	False	False	2.4529		-3367.289	6794.5781	6882.3957	20.4141683478	0.7039368395793104	0.4705487838	7.6884370444	2.8322650663	16	29	0.309782608696	0.63768115942	16	138
4864	train	WAG+G4	WAG	True	False	False	1.145		-2183.2726	4378.5452	4399.9323	3.3920932981	0.6784186596199999	0.4695019769	1.4912188207	0.8000304194	4	5	0.0622605363985	0.0383141762452	4	261
4865	train	LG+G4	LG	True	False	False	0.9275		-837.3938	1690.7876	1710.0413	3.728351244	0.5326216062857143	0.4746070512	1.5726290747	0.7001504808	5	7	0.00243902439024	0.0975609756098	5	82
4866	train	WAG	WAG	False	False	False			-3418.4355	6846.8709	6867.6133	2.4488857468000003	0.48977714936000005	0.2087934107	1.7295908603	0.3055548639	4	5	0.0817307692308	0.042735042735	4	468
4871	train	LG+G4	LG	True	False	False	1.632		-1678.1559	3380.3118	3415.8659	8.0394428989	0.7308584453545456	0.703073947	3.0187761324	1.3253015059	7	11	0.28971028971	0.300699300699	7	143
4872	train	LG+G4	LG	True	False	False	0.6853		-7103.711	14347.4219	14559.5526	24.3016084266	0.3521972235739131	0.2149889418	3.5111872482	1.50657904395	36	69	0.118917937545	0.830065359477	36	153
4873	train	JTT+G4	JTT	True	False	False	0.0695		-411.9032	839.8064	857.2015	3.3746342541	0.48209060772857143	0.7022808184	1.4791355123	0.8989202607	5	7	0.16	0.0307692307692	5	65
4874	train	LG+G4	LG	True	False	False	0.9973		-10313.914	20763.8281	20988.1136	25.7049048573	0.383655296377612	0.3503585523	3.6897891254000004	2.349685579	35	67	0.149285714286	0.805	35	200
4877	train	rtREV+F+G4	rtREV	True	False	True	0.7861		-2756.9965	5571.9929	5672.5667	13.2286483817	1.4698498201888888	0.8075494201	5.6316511423	2.97320462425	6	9	0.113924050633	0.244725738397	6	237
4878	train	LG+G4	LG	True	False	False	1.2138		-5066.6274	10161.2548	10214.142	11.015904334	0.8473772564615385	0.6746607862	3.4693747665999997	1.8210958795	8	13	0.140479876161	0.448916408669	8	323
4879	train	WAG+G4	WAG	True	False	False	1.485		-965.6462	1959.2923	1990.5698	4.1428125273	0.31867788671538466	0.3739215075	1.6930921805999999	0.85820239845	8	13	0.0344202898551	0.521739130435	8	69
488	train	LG+F+G4	LG	True	False	True	1.0544		-7463.865	15057.7299	15274.0419	12.4963178345	0.27769595187777774	0.2610908473	2.0562899771	1.7229544591500001	24	45	0.0200242718447	0.830097087379	24	206
4880	train	rtREV	rtREV	False	False	False			-407.3033	828.6066	842.3987	1.6851194101	0.2407313443	0.0993236304	1.1767558438	0.21149354310000001	5	7	0.00377358490566	0.150943396226	5	53
4881	train	VT+G4	VT	True	False	False	0.8666		-1011.967	2051.934	2082.1584	6.7946934109	0.5226687239153847	0.4155203851	2.8700641895	1.4648890248	8	13	0.037109375	0.4375	8	64
4884	train	LG+G4	LG	True	False	False	0.7834		-8233.1216	16494.2432	16557.0708	10.1323866814	0.7794143601076923	0.5574587916	3.8735385142	1.4581744601000002	8	13	0.274923896499	0.263318112633	8	657
4885	train	LG+G4	LG	True	False	False	1.3957		-1240.5293	2541.0586	2593.8946	16.0664128113	0.5540142348724139	0.3135646599	5.0869140629	2.3237762982500003	16	29	0.0218023255814	0.813953488372	16	43
4887	train	LG+G4	LG	True	False	False	1.5657		-13458.4755	27100.951	27410.6208	57.4635611161	0.6314677045725275	0.3601680434	4.4435946507	3.5782696556999998	47	91	0.372141578843	0.714953271028	47	214
4888	train	LG+G4	LG	True	False	False	1.6558		-4384.3587	8844.7175	8952.7966	23.9258388735	0.6466442938783783	0.5070182899	4.357520322	2.86648971825	20	37	0.197637795276	0.779527559055	20	127
4889	train	rtREV+F+G4	rtREV	True	False	True	4.243		-9204.6658	18651.3317	18988.6182	42.6094460984	0.4218757039445544	0.2984316027	4.270849885900001	2.9854716524	52	101	0.220192307692	0.825	52	120
489	train	LG+G4	LG	True	False	False	0.8208		-12056.315	24168.6299	24290.6495	8.6464022442	0.3202371201555556	0.2140739189	2.864522419	0.8816996121999999	15	27	0.0546504910456	0.653379549393	15	577
4890	train	WAG+G4	WAG	True	False	False	0.5922		-1519.5408	3179.0816	3293.7126	16.5041569769	0.23919068082463768	0.1504619658	3.3985536159	1.4714284135	36	69	0.0504385964912	0.789473684211	36	38
4891	train	LG+G4	LG	True	False	False	1.1573		-13874.5446	27881.0892	28134.7631	29.2715802422	0.45033200372615384	0.3535202247	2.9937516848000003	1.4432973443	34	65	0.377834612106	0.623188405797	34	345
4893	train	LG+G4	LG	True	False	False	0.7201		-3212.7802	6509.5604	6632.1996	29.0601338404	0.708783752204878	0.4722886512	6.0796528604	4.9883387336	22	41	0.410086264101	0.547445255474	22	137
4894	train	LG+G4	LG	True	False	False	1.3306		-5177.7337	10419.4673	10519.6241	22.2086180861	0.7164070350354839	0.4468399257	5.0259897831	2.3961323367	17	31	0.185868430212	0.775147928994	17	169
4895	train	WAG+G4	WAG	True	False	False	0.841		-533.5857	1087.1715	1108.4428	1.7314415244	0.1923823916	0.1788418684	0.7116463742	0.47791952995	6	9	0.0779569892473	0.177419354839	6	62
4897	train	LG+G4	LG	True	False	False	0.9542		-3945.2977	8042.5955	8219.7312	24.6955499423	0.3292739992306667	0.2298471681	5.415259129000001	2.0033039613000003	39	75	0.00202429149798	0.934210526316	39	76
4899	train	LG+G4	LG	True	False	False	0.7904		-7851.4715	15858.9429	16101.678	27.1331121372	0.3523780797038961	0.2434341343	3.4985860266	1.3807827919500002	40	77	0.121084337349	0.819277108434	40	166
49	train	WAG+G4	WAG	True	False	False	0.7733		-3518.6176	7241.2352	7464.58	28.7816110257	0.28496644579900987	0.2136469386	4.8406010622	3.1318604238	52	101	0.243006993007	0.863636363636	52	66
4905	train	LG+F+G4	LG	True	False	True	0.7067		-5775.578	11617.1561	11753.5582	7.7494116149	0.5961085857615385	0.4439364037	2.7343100372999998	1.1292229497	8	13	0.171095444685	0.321041214751	8	461
4906	train	LG	LG	False	False	False			-2014.9536	4055.9072	4091.9261	9.558516645000001	0.7352705111538462	0.6240456	3.2510040580000004	1.68525383705	8	13	0.133474576271	0.525423728814	8	118
4907	train	JTT+G4	JTT	True	False	False	1.6884		-3880.6645	7781.3291	7820.0784	6.0953878425	0.6772653158333334	0.494008047	2.0931406158	1.2335212098500001	6	9	0.224719101124	0.157303370787	6	356
491	train	LG+G4	LG	True	False	False	1.0116		-3178.4263	6448.8525	6558.9972	13.452522604	0.29894494675555555	0.2298395862	2.3795765007	0.80875124395	24	45	0.0272633744856	0.814814814815	24	81
4911	train	LG+G4	LG	True	False	False	1.0432		-2740.372	5500.744	5536.3509	3.029020957	0.33655788411111115	0.2138329812	1.6946664093	0.4698518029	6	9	0.0339743589744	0.307692307692	6	260
4912	train	WAG+F+G4	WAG	True	False	True	0.8325		-1362.6363	2775.2726	2862.1842	0.9819001825	0.1963800365	0.2633348236	0.5333125884000001	0.3101712755	4	5	0.00836820083682	0.0836820083682	4	239
4915	train	LG+G4	LG	True	False	False	1.5944		-3004.2135	6032.4271	6071.703	7.3675874825	0.6697806802272728	0.7543088764	1.6833169260999998	1.4003483340999998	7	11	0.0446886446886	0.415384615385	7	195
4916	train	LG+G4	LG	True	False	False	1.1835		-2366.9974	4745.9948	4768.1369	3.3061616149999997	0.6612323229999999	0.831993095	1.23651008	0.9264157971	4	5	0.103885135135	0.0405405405405	4	296
4918	train	WAG+G4	WAG	True	False	False	0.5329		-3909.6267	7851.2534	7918.751	3.5973609147	0.23982406098	0.1908211574	0.818942174	0.5226186304	9	15	0.427401505091	0.173306772908	9	502
4919	train	LG+G4	LG	True	False	False	1.067		-8226.5538	16629.1076	16890.4511	27.0582287109	0.3110141231137931	0.2141875284	4.0245401242	1.7817943183	45	87	0.0723765432099	0.902777777778	45	144
4921	train	LG+G4	LG	True	False	False	0.7597		-7016.6702	14101.3404	14226.2334	26.8970105251	0.8150609250030303	0.5027562147	8.328847806799999	6.8146141694	18	33	0.345360824742	0.621993127148	18	291
4922	train	LG+G4	LG	True	False	False	0.8485		-2308.262	4740.5241	4861.5012	28.1909629323	0.46214693331639345	0.4461716551	4.8064510136	2.8138799224	32	61	0.133413461538	0.769230769231	32	52
4923	train	LG+F+G4	LG	True	False	True	1.4668		-12411.1497	24940.2993	25178.2514	26.4805634363	0.6789888060589744	0.5029946686	5.0784695177	1.8638487737	21	39	0.317917094896	0.671462829736	21	417
4925	train	LG+G4	LG	True	False	False	3.2891		-5883.0643	11826.1285	11922.9009	20.2613305205	0.6986665696724138	0.5485404918	6.1462782462	4.191487030249999	16	29	0.113911290323	0.865591397849	16	186
4926	train	LG+F+G4	LG	True	False	True	1.7966		-4854.857	9919.714	10169.8268	41.8729474705	0.4926229114176471	0.3650878298	7.592793529	4.36428991445	44	85	0.23125	0.8625	44	80
4928	train	LG+F+G4	LG	True	False	True	2.5458		-20291.2592	40748.5183	41073.5631	53.1527812561	0.8436949405730159	0.5397452454	6.3312529862	4.0181277207	33	63	0.241117373193	0.830188679245	33	371
4929	train	LG+G4	LG	True	False	False	1.9157		-2108.0113	4276.0227	4342.6079	14.193586913899999	0.48943403151379306	0.356981244	5.916636021799999	3.9851268452	16	29	0.0	0.911764705882	16	68
493	train	LG+F+G4	LG	True	False	True	0.9202		-19382.3629	38914.7259	39242.9804	17.9544189879	0.3264439815981818	0.2410014291	4.7558869614	1.8374461643999997	29	55	0.195812807882	0.734693877551	29	588
4930	train	LG+G4	LG	True	False	False	1.027		-1163.4463	2406.8927	2475.4356	8.4773954975	0.2173691153205128	0.0862745867	3.5427616812	1.8825600215	21	39	0.00696864111498	0.829268292683	21	41
4932	train	rtREV+F+G4	rtREV	True	False	True	1.0119		-11281.0937	22672.1873	22885.6166	35.0714287517	1.0020408214771428	0.7499921915	8.325987415899998	5.7028510541	19	35	0.249632461041	0.768156424581	19	358
4933	train	LG+G4	LG	True	False	False	1.0578		-5756.9514	11549.9027	11617.8447	17.5070910204	1.0298288835529412	0.430478273	5.4969779619	3.35347284225	10	17	0.218944099379	0.537267080745	10	322
4934	train	LG+G4	LG	True	False	False	1.0259		-9257.5571	18747.1142	19061.4197	58.9836640656	0.5129014266573914	0.3858305292	4.1259456693	2.5205036767	59	115	0.185982592762	0.873873873874	59	111
4937	train	JTT+G4	JTT	True	False	False	1.2379		-1559.3312	3178.6625	3246.1173	9.4465005767	0.3257413991965517	0.2079636317	3.7892879875000003	1.31137223185	16	29	0.1	0.757142857143	16	70
4939	train	JTT	JTT	False	False	False			-1011.0462	2032.0925	2046.8716	1.3279023369	0.26558046738	0.1952388871	0.8521091515	0.47844640915000003	4	5	0.0616197183099	0.204225352113	4	142
4941	train	JTT+G4	JTT	True	False	False	0.102		-978.9759	1969.9517	1990.8355	0.42642165649999997	0.08528433129999999	0.018430329	0.3175562259	0.06364684005	4	5	0.0520833333333	0.00416666666667	4	240
4942	train	LG+G4	LG	True	False	False	0.3765		-607.5779	1227.1558	1242.5419	2.1324827559	0.42649655117999996	0.2128639517	1.9196140003	0.7334122409	4	5	0.0520833333333	0.0625	4	96
4944	train	LG+G4	LG	True	False	False	1.1893		-900.6281	1817.2562	1838.7869	2.1775734472	0.3110819210285714	0.3970526953	1.2072321025000001	0.3970526953	5	7	0.0366972477064	0.128440366972	5	109
4945	train	JTT+G4	JTT	True	False	False	1.5308		-1198.2173	2416.4346	2443.8839	3.8909432337000003	0.4323270259666667	0.2116215542	2.7152628269	0.45127987169999995	6	9	0.0782608695652	0.217391304348	6	115
4946	train	LG+G4	LG	True	False	False	1.8967		-4173.2536	8366.5072	8404.3146	6.3889690477	0.7098854497444445	0.7603912547	2.1093916361	1.5941847705	6	9	0.0663580246914	0.299382716049	6	324
4949	train	LG+F+G4	LG	True	False	True	0.9146		-3915.8816	7909.7632	8041.0363	10.0862541648	0.5308554823578947	0.3262560021	2.9597706779	1.9467868545999996	11	19	0.0692438402719	0.644859813084	11	214
4952	train	cpREV+G4	cpREV	True	False	False	1.3603		-1451.4038	2914.8075	2933.9319	5.616467982800001	1.1232935965600002	0.5003149714	4.6014875227	2.35164019455	4	5	0.0796089385475	0.284916201117	4	179
4953	train	LG+G4	LG	True	False	False	0.8692		-1155.5379	2335.0758	2364.9394	4.4844294254	0.40767540230909094	0.354842716	1.7759560284	1.1287639541	7	11	0.00963081861958	0.348314606742	7	89
4954	train	WAG+F+G4	WAG	True	False	True	0.9824		-10880.3302	22142.6605	22755.6724	40.7530329301	0.21115561103678757	0.0240525376	5.3757938386	4.01312660465	98	193	0.31643805063	0.830601092896	98	183
4955	train	cpREV+F+G4	cpREV	True	False	True	1.8558		-2053.9498	4165.8995	4272.5254	4.4643166316	0.4960351812888889	0.3029677256	1.8776279456	1.7215480639499998	6	9	0.392123287671	0.154109589041	6	292
4956	train	LG+G4	LG	True	False	False	1.1538		-2181.0091	4402.0182	4458.4239	10.7066793059	0.5635094371526316	0.2808557447	3.9179226791	2.8775512942	11	19	0.160557184751	0.66935483871	11	124
4958	train	LG	LG	False	False	False			-3685.5466	7381.0933	7403.5165	2.4121787914	0.48243575828	0.0515264417	2.2160979253	0.0903250137	4	5	0.1	0.0152671755725	4	655
4960	train	WAG	WAG	False	False	False			-774.3396	1558.6792	1573.3515	0.6255589149	0.12511178298	0.106766197	0.2805369148	0.1380153688	4	5	0.118705035971	0.0287769784173	4	139
4961	train	WAG	WAG	False	False	False			-816.7198	1663.4395	1695.5865	3.6955825455999998	0.24637216970666664	0.1852827529	1.7659491725999998	0.9777147345	9	15	0.0335097001764	0.793650793651	9	63
4962	train	JTT+G4	JTT	True	False	False	2.16		-2256.3235	4536.647	4576.926	2.5064803682	0.22786185165454545	0.1914707633	0.8586089897	0.6050119595	7	11	0.0768194070081	0.358490566038	7	212
4964	train	WAG+F+G4	WAG	True	False	True	0.9668		-2273.7681	4605.5362	4710.7372	1.9854603527999999	0.22060670586666664	0.1131291821	0.9979711810999999	0.44482902665	6	9	0.0611510791367	0.223021582734	6	278
4966	train	WAG+G4	WAG	True	False	False	1.1734		-2566.5859	5173.1718	5235.0468	6.1692495537	0.324697344931579	0.1932425905	1.8478928597	1.1834232565	11	19	0.124930284439	0.503067484663	11	163
4967	train	VT+G4	VT	True	False	False	1.5038		-887.0326	1786.0652	1802.6893	1.5160241177	0.30320482354	0.2750631824	0.9007756995	0.5706297057999999	4	5	0.00423728813559	0.161016949153	4	118
4969	train	LG+G4	LG	True	False	False	1.3028		-1514.7535	3045.507	3071.3558	1.766104547	0.25230064957142856	0.1924017857	0.7257615511	0.368724858	5	7	0.0128342245989	0.139037433155	5	187
497	train	JTT+F+G4	JTT	True	False	True	1.6801		-4769.0945	9608.1891	9744.4932	3.8664556096	0.25776370730666665	0.2047546659	1.5599589793999997	1.1975881595	9	15	0.0667278849097	0.600550964187	9	363
4970	train	LG+G4	LG	True	False	False	1.3293		-3382.4094	6800.8188	6863.694	3.9799096001	0.23411232941764706	0.1966517972	1.2525224991000001	0.6570951459000001	10	17	0.0995884773663	0.534979423868	10	243
4971	train	LG+F+G4	LG	True	False	True	1.7309		-3913.0617	7896.1234	8020.8816	5.4224809488	0.36149872992	0.1822817185	1.7725905133	0.7810847559	9	15	0.0536398467433	0.528735632184	9	261
4972	train	LG+G4	LG	True	False	False	0.8573		-2289.1887	4590.3774	4611.3357	5.8133681193	1.16267362386	0.9395993122	2.4942369583	2.177067815	4	5	0.0185185185185	0.0658436213992	4	243
4973	train	LG+G4	LG	True	False	False	1.5147		-7086.3899	14208.7797	14281.0266	10.2539536569	0.6031737445235295	0.3174369513	3.0534822806	1.2867213079000002	10	17	0.170660146699	0.545232273839	10	409
4976	train	JTT+G4	JTT	True	False	False	0.5981		-1356.4811	2724.9622	2744.3489	2.141360911	0.4282721822	0.3093833384	1.5314149672	0.7159174790499999	4	5	0.00935828877005	0.117647058824	4	187
4977	train	WAG+G4	WAG	True	False	False	1.0435		-2276.4796	4564.9592	4586.4376	5.9502914249	1.1900582849799999	1.0055461812	2.58649258	1.7314554312000001	4	5	0.181132075472	0.0264150943396	4	265
4978	train	LG	LG	False	False	False			-4336.3975	8686.795	8714.576	5.2956750335	0.7565250047857143	0.6212892606	2.2270509249	1.0861397275	5	7	0.127877237852	0.0946291560102	5	391
4979	train	WAG+F+G4	WAG	True	False	True	1.1513		-1672.9452	3395.8904	3480.1563	5.6238986735	1.1247797347000001	0.9541650903	2.8070499166	1.4991611897500001	4	5	0.16511627907	0.0232558139535	4	215
498	train	WAG+F+G4	WAG	True	False	True	0.782		-4700.1892	9538.3784	9725.9548	18.1477653429	0.37036255801836737	0.2131437436	3.6802241408999996	1.0047214765499999	26	49	0.0175137362637	0.830357142857	26	112
4980	train	LG+G4	LG	True	False	False	1.5738		-2080.3785	4200.757	4256.1707	7.9483221020000006	0.41833274221052635	0.2888232859	2.2889340650000003	1.0233654958	11	19	0.130970724191	0.584745762712	11	118
4981	train	rtREV+F+G4	rtREV	True	False	True	1.0593		-3618.5508	7295.1017	7411.2859	4.7768503707	0.5307611523	0.559986394	2.014796338	1.37772190015	6	9	0.233169129721	0.231527093596	6	406
4983	train	JTT+F	JTT	False	False	True			-1925.2162	3902.4324	3991.251	3.9208269882	0.5601181411714286	0.437392543	1.8575328792	0.6992498243	5	7	0.209777777778	0.115555555556	5	225
4987	train	LG+G4	LG	True	False	False	1.4631		-3497.263	7014.526	7052.9324	3.2561018035	0.36178908927777775	0.4514246925	0.8161716604	0.61968772365	6	9	0.102228682171	0.18023255814	6	344
499	train	LG+G4	LG	True	False	False	0.8571		-14150.0801	28404.1601	28616.4355	9.6504754313	0.18922500845686274	0.1518998172	1.6977560514	0.5005755864	27	51	0.0171655673939	0.739726027397	27	438
4990	train	WAG+G4	WAG	True	False	False	2.4717		-311.0212	642.0423	657.3059	2.0489993184	0.22766659093333333	0.1796080717	0.7518269227	0.44251866115	6	9	0.0441176470588	0.176470588235	6	34
4992	train	JTT+F+G4	JTT	True	False	True	1.2291		-10589.3303	21292.6607	21504.905	16.1561240027	0.436652000072973	0.3887782332	3.5444536953	2.86871774885	20	37	0.0259803921569	0.888888888889	20	306
4995	train	LG+G4	LG	True	False	False	0.9125		-2663.9752	5371.9504	5433.9966	13.2015737743	0.6286463702047619	0.3122376272	5.8261837182	1.9953075662000002	12	21	0.0221774193548	0.798387096774	12	124
4997	train	LG+G4	LG	True	False	False	1.2269		-1266.072	2548.1439	2570.6414	3.869988427	0.5528554895714286	0.4391347009	1.8181927014	1.0675283026	5	7	0.0260162601626	0.19512195122	5	123
4998	train	rtREV+F+G4	rtREV	True	False	True	0.754		-1733.5357	3525.0714	3614.9676	11.875913089700001	1.3195458988555557	0.229631875	11.272181400400001	4.581553446	6	9	0.0355691056911	0.628048780488	6	164
4999	train	LG+G4	LG	True	False	False	1.0256		-1567.226	3154.4521	3183.2801	6.528762325	0.7254180361111111	0.5322638225	2.1759576118	1.2903536340000001	6	9	0.0984848484848	0.219696969697	6	132
5	train	LG+G4	LG	True	False	False	0.9294		-41733.1392	84090.2784	85619.6204	75.0876562473	0.24143940915530548	0.1891139549	4.909799771099999	3.5366118657000003	157	311	0.78838636917	0.227364185111	157	994
5001	train	WAG+G4	WAG	True	False	False	2.1701		-2381.5753	4803.1505	4860.0343	9.3878650049	0.4940981581526316	0.4169499358	3.178389205	2.6962098429	11	19	0.191839656407	0.669291338583	11	127
5002	train	LG+G4	LG	True	False	False	1.0549		-1829.3808	3690.7615	3737.127	8.9843220605	0.5989548040333333	0.4182580354	2.6198862414999997	1.5498454276000002	9	15	0.289386401327	0.39552238806	9	134
5004	train	JTT+G4	JTT	True	False	False	0.9027		-2724.1532	5468.3065	5504.3277	6.0091852923	0.6676872547	0.3860522801	3.8026936099000004	1.48293722175	6	9	0.179581795818	0.210332103321	6	271
5007	train	LG+F+G4	LG	True	False	True	0.9225		-5129.3016	10328.6033	10465.0037	9.8751736165	0.6583449077666667	0.6239891176	3.2469020574	2.0195152792999997	9	15	0.236568986569	0.456043956044	9	364
5010	train	JTT+F+G4	JTT	True	False	True	1.1917		-5467.8607	11013.7214	11159.8233	7.7050373682	0.4055282825368421	0.2974994978	3.0579896122999997	2.3680275416	11	19	0.0978797560267	0.683706070288	11	313
5012	train	rtREV+F+G4	rtREV	True	False	True	1.3992		-3101.6759	6257.3518	6366.1153	3.3767184299	0.4823883471285714	0.3426728019	1.8464046016	0.7381716568	5	7	0.157590361446	0.195180722892	5	415
5015	train	LG+G4	LG	True	False	False	0.6947		-4380.0799	8808.1599	8894.0734	9.6331627414	0.4188331626695652	0.2921194085	4.0624492273	1.5117937252	13	23	0.233671988389	0.483018867925	13	265
5016	train	LG+G4	LG	True	False	False	1.1227		-1776.856	3573.7121	3605.4736	2.7873397355000002	0.30970441505555557	0.2831268784	1.0266093984	0.4705712546	6	9	0.0659133709981	0.231638418079	6	177
5022	train	WAG	WAG	False	False	False			-1322.2993	2658.5987	2679.0385	2.5133215024999997	0.3590459289285714	0.3320939049	1.1708030021	0.6124690668	5	7	0.0846715328467	0.240875912409	5	137
5025	train	JTT	JTT	False	False	False			-573.1484	1168.2968	1199.3199	0.2928760411	0.026625094645454542	0.0260666066	0.10771495510000001	0.0720554491	7	11	0.0230414746544	0.0725806451613	7	124
5026	train	LG+F+G4	LG	True	False	True	0.6511		-2743.0206	5576.0411	5707.7675	14.5414206555	0.58165682622	0.40077342	3.5946415112	1.65603808335	14	25	0.166149068323	0.557971014493	14	138
5028	train	JTT+F+G4	JTT	True	False	True	1.8619		-3409.7609	6893.5219	7011.8663	12.0446308996	0.7085076999764706	0.5521473675	4.1841129369	1.4807171876000003	10	17	0.0922651933702	0.635359116022	10	181
5032	train	WAG+F	WAG	False	False	True			-3322.4582	6704.9164	6818.9799	3.1343440696	0.28494036996363636	0.229401046	1.5518668978	0.4662463827	7	11	0.200690548123	0.26586102719	7	331
5035	train	JTT+G4	JTT	True	False	False	1.4838		-5829.5515	11675.103	11712.3053	2.7742000704	0.39631429577142857	0.3579897764	1.4056136342	1.3426123497	5	7	0.269081500647	0.143596377749	5	773
5038	train	LG+G4	LG	True	False	False	1.0055		-23853.1262	47982.2525	48523.0598	33.2510155373	0.2427081426080292	0.1260048846	2.6122938857999998	1.4191177134	70	137	0.219700460829	0.771505376344	70	372
504	train	WAG+G4	WAG	True	False	False	1.5365		-5515.6397	11131.2795	11287.1792	13.3601742079	0.2726566164877551	0.2071781583	3.2762272379999997	2.3611279958999996	26	49	0.199907876555	0.77245508982	26	167
5041	train	LG+F+G4	LG	True	False	True	1.0479		-5645.2312	11360.4625	11513.9443	8.3735069142	0.55823379428	0.3996442945	2.6852163569000003	1.5900311352	9	15	0.446692898632	0.330522765599	9	593
5042	train	LG+G4	LG	True	False	False	1.4346		-3343.2239	6786.4477	6902.9844	18.7693760114	0.3830484900285714	0.3326282491	3.4900915429	1.93758194205	26	49	0.12044534413	0.868421052632	26	76
5043	train	LG+G4	LG	True	False	False	1.3181		-2051.8314	4127.6628	4162.4368	9.4450455509	0.8586405046272727	0.7021277407	3.9771650535000003	3.2896703867	7	11	0.0341151385928	0.455223880597	7	134
5044	train	JTT+F	JTT	False	False	True			-1789.0976	3634.1952	3724.0608	2.5144969875000003	0.2793885541666667	0.2767461258	0.7616528732000001	0.66105197375	6	9	0.0482695810565	0.295081967213	6	183
5045	train	JTT+G4	JTT	True	False	False	1.684		-1602.1428	3216.2856	3237.4859	2.4861654745	0.4972330949	0.4826900782	1.1547688841000001	0.8185398027	4	5	0.25395256917	0.0276679841897	4	253
5046	train	LG+G4	LG	True	False	False	1.7639		-1662.1118	3344.2237	3375.0997	4.1960964642	0.4662329404666667	0.1676895141	3.1791428322	0.43188725154999996	6	9	0.0812757201646	0.407407407407	6	162
5049	train	JTT+G4	JTT	True	False	False	3.4886		-705.9199	1431.8398	1455.4069	1.5010827381	0.1667869709	0.144723089	0.6080039223	0.35188167054999997	6	9	0.00854700854701	0.179487179487	6	78
5053	train	LG+F	LG	False	False	True			-2617.3522	5294.7043	5387.7003	8.384092191	0.7621901991818182	0.5886371164	2.6545461262	2.0632024843	7	11	0.0400696864111	0.353658536585	7	164
5054	train	LG+F+G4	LG	True	False	True	2.5963		-1867.5774	3849.1547	3962.5268	19.6003298571	0.5297386447864865	0.3833838169	9.2466607423	3.0894145657999994	20	37	0.0259259259259	0.962962962963	20	54
5055	train	JTT	JTT	False	False	False			-628.9333	1267.8666	1282.8187	0.2771795139	0.055435902780000004	0.0284577672	0.21821522929999998	0.07482327405	4	5	0.0	0.0612244897959	4	147
5062	train	LG+G4	LG	True	False	False	1.6856		-10970.6553	22041.3107	22236.0308	17.1331170512	0.3496554500244898	0.1997518926	5.3083258535	2.1436624846	26	49	0.264568764569	0.735537190083	26	363
5065	train	JTT	JTT	False	False	False			-347.2026	716.4053	737.869	1.1375920272	0.10341745701818182	0.0212560174	0.9005609287000002	0.7313075426000001	7	11	0.0247252747253	0.461538461538	7	52
5067	train	LG+G4	LG	True	False	False	0.7535		-859.139	1730.2779	1746.0863	4.3893984463999995	0.8778796892799999	0.6728267451	3.3479001439	1.69681506705	4	5	0.0145631067961	0.184466019417	4	103
5069	train	LG	LG	False	False	False			-1402.4717	2826.9433	2858.2294	3.3010387593	0.30009443266363633	0.2958400063	1.5648200465	1.0644405336	7	11	0.0967379077615	0.637795275591	7	127
507	train	WAG+F+G4	WAG	True	False	True	1.1785		-4133.1491	8396.2983	8592.8505	21.4851332794	0.47744740620888887	0.3027258014	7.1571124277	1.0621853262999998	24	45	0.359375	0.565789473684	24	152
5070	train	LG+G4	LG	True	False	False	0.9133		-17823.4086	35910.8172	36381.8387	51.8249320933	0.395610168651145	0.319943709	4.797318875099999	3.2315070353000004	67	131	0.325395921158	0.75572519084	67	262
5072	train	LG+G4	LG	True	False	False	0.9507		-2743.993	5519.986	5570.4387	6.9707569289	0.46471712859333336	0.4164804782	2.0364394902000003	1.1847855789000001	9	15	0.072575465639	0.50289017341	9	173
5073	train	rtREV+G4	rtREV	True	False	False	0.8299		-2186.5529	4421.1058	4486.7746	7.8864834027	0.34289058272608697	0.3511266376	2.6292325258	1.1932010748000001	13	23	0.0715249662618	0.649122807018	13	114
5075	train	LG+G4	LG	True	False	False	1.1735		-3192.9308	6525.8615	6685.2282	20.5323265522	0.2975699500318841	0.2081589261	3.7700725681	1.9342851588999999	36	69	0.169367283951	0.805555555556	36	72
5077	train	LG+G4	LG	True	False	False	1.1856		-1096.7452	2209.4903	2231.3799	3.0537739885	0.43625342692857144	0.4475505487	1.3197482404	0.9563512546	5	7	0.00175438596491	0.140350877193	5	114
508	train	LG+F+G4	LG	True	False	True	2.6543		-40960.103	82322.206	83090.6382	116.1620507308	0.6417792858055249	0.5026016222	7.1123482458	5.383478548199999	92	181	0.375578852586	0.837278106509	92	338
5080	train	VT+G4	VT	True	False	False	0.7908		-952.3265	1916.653	1933.4278	4.6185129119	0.92370258238	0.5992735473	2.8322901186	1.1614771863	4	5	0.0764462809917	0.0413223140496	4	121
5082	train	WAG+G4	WAG	True	False	False	1.5966		-2677.5182	5371.0364	5400.2843	2.383426115	0.34048944499999995	0.3528429861	0.8866843303999999	0.5572396370999999	5	7	0.0636363636364	0.132867132867	5	286
5083	train	WAG+G4	WAG	True	False	False	1.475		-344.7877	717.5754	732.85	6.0569651484	0.46592039603076923	0.2855048537	2.6133216754	1.9684758156	8	13	0.00568181818182	0.590909090909	8	22
5084	train	JTT+G4	JTT	True	False	False	1.728		-542.89	1097.7799	1112.1466	1.0050584281	0.20101168562	0.1547351822	0.4520809266	0.30123893155000003	4	5	0.00925925925926	0.0987654320988	4	81
509	train	WAG+F+G4	WAG	True	False	True	4.2781		-28795.2266	57820.4531	58267.6741	49.543865262	0.5215143711789474	0.3289533868	6.1417485851	4.323186793	49	95	0.1699926508	0.891966759003	49	361
5093	train	LG+G4	LG	True	False	False	1.4299		-1279.9782	2587.9565	2621.6506	6.5379441848	0.5029187834461538	0.3597087555	3.9382115532	1.4323102353500001	8	13	0.0	0.682926829268	8	82
5096	train	LG	LG	False	False	False			-2549.598	5117.1961	5147.5318	4.7081501638	0.5231277959777778	0.4177101768	2.1827470569	1.7674412666500001	6	9	0.0387596899225	0.576744186047	6	215
5099	train	WAG	WAG	False	False	False			-1967.6489	3945.2979	3963.0432	2.981852733	0.5963705466	0.3894099442	2.0184932791000003	0.7369590357	4	5	0.206225680934	0.0622568093385	4	257
51	train	WAG	WAG	False	False	False			-2140.9033	4311.8066	4356.9662	4.8103349659	0.32068899772666665	0.3475098799	2.5258219252	1.7142385719	9	15	0.0918518518519	0.813333333333	9	150
5100	train	LG+G4	LG	True	False	False	0.915		-2865.7085	5747.417	5777.1795	3.1992406670999998	0.4570343810142857	0.3812808118	1.5340164806	0.5127478521	5	7	0.0413114754098	0.114754098361	5	305
5102	train	WAG+G4	WAG	True	False	False	0.778		-1206.5395	2425.0789	2442.9806	5.7154590007	1.1430918001400001	0.4086447569	3.1552454258	1.24400362035	4	5	0.11301369863	0.0205479452055	4	146
5103	train	WAG	WAG	False	False	False			-833.4178	1676.8357	1690.3381	1.7397971952	0.34795943904	0.1600594328	1.0285008150000001	0.71550560005	4	5	0.0272727272727	0.245454545455	4	110
5108	train	LG+G4	LG	True	False	False	0.4212		-979.1873	1970.3747	1988.8631	0.8880977905	0.17761955810000002	0.2037300712	0.3194308182	0.26864148275	4	5	0.0	0.0496894409938	4	161
511	train	LG+G4	LG	True	False	False	1.5814		-12924.1781	26212.3562	26682.8202	58.4651836002	0.3230120640895028	0.2253739849	4.4512367571	2.7132627947500003	92	181	0.172582076309	0.908163265306	92	98
5110	train	LG+G4	LG	True	False	False	1.2458		-2774.4863	5584.9727	5642.0414	8.1994891013	0.4823228883117647	0.3478463713	2.5441595183	1.5442594758	10	17	0.222727272727	0.517045454545	10	176
5111	train	LG+F+G4	LG	True	False	True	1.8431		-5322.278	10706.5561	10831.656	7.7759407942	0.7069037085636364	0.5831417823	2.8532047912	1.8383945867	7	11	0.158236500342	0.358851674641	7	418
5113	train	LG	LG	False	False	False			-5202.0044	10414.0089	10436.4549	4.8377402767	0.96754805534	0.9213053934	2.103533342	1.2282585954	4	5	0.255699088146	0.0243161094225	4	658
5115	train	JTT+F+G4	JTT	True	False	True	1.3747		-7534.729	15119.458	15246.0128	1.2602979118	0.25205958236	0.2021836437	0.7377221665	0.43296107385	4	5	0.0700514138817	0.119965724079	4	1167
5116	train	LG+F+G4	LG	True	False	True	1.4754		-7431.5503	14949.1005	15114.2481	12.9408943416	0.5626475800695652	0.4448584341	2.8294830960999997	2.2377132346	13	23	0.156305903399	0.68023255814	13	344
5117	train	WAG+G4	WAG	True	False	False	1.3275		-3826.9593	7669.9186	7703.3587	3.8542414663	0.5506059237571429	0.2644612098	2.631991851	0.5771822648	5	7	0.201242236025	0.101449275362	5	483
512	train	LG	LG	False	False	False			-6854.9582	13739.9163	13798.4148	17.4592154877	1.16394769918	1.0013041896	3.6200214122	2.3174402251	9	15	0.22404870624	0.476712328767	9	365
5120	train	WAG+G4	WAG	True	False	False	1.6795		-1765.7432	3547.4865	3573.0301	4.3345016104	0.6192145157714286	0.4257166058	3.1199785066000003	1.0496385225	5	7	0.107777777778	0.15	5	180
5121	train	LG+G4	LG	True	False	False	1.0657		-7237.3268	14538.6537	14650.6939	16.9991495798	0.5483596638645162	0.4763992479	4.457606999699999	3.0167609722999997	17	31	0.0811524609844	0.85306122449	17	245
5122	train	WAG	WAG	False	False	False			-2601.1511	5220.3021	5250.3831	4.0341073864	0.4482341540444444	0.4386832689	1.5033954683	1.01763326805	6	9	0.0446570972887	0.373205741627	6	209
5125	train	JTT	JTT	False	False	False			-1488.0473	2990.0947	3012.288	2.2177918814	0.3168274116285715	0.2809583284	1.2040992563000001	0.48678266010000004	5	7	0.160227272727	0.204545454545	5	176
5127	train	LG+G4	LG	True	False	False	0.7481		-664.6958	1341.3915	1356.187	3.0055015637	0.6011003127400001	0.3885234254	1.7813740999	0.4351700182	4	5	0.0258620689655	0.0229885057471	4	87
5128	train	mtART+G4	mtART	True	False	False	0.501		-1386.0934	2796.1868	2828.2608	13.8589580532	1.2599052775636363	0.4685614451	5.8435109156	2.9733510823	7	11	0.018691588785	0.327102803738	7	107
513	train	LG+G4	LG	True	False	False	2.064		-21577.224	43614.4479	44303.8067	159.9408716549	0.6984317539515285	0.4131641083	11.218572550900001	4.40176926675	116	229	0.446877912395	0.790540540541	116	148
5130	train	JTT	JTT	False	False	False			-971.9628	1953.9257	1967.8632	2.2155648464	0.44311296928	0.642427397	0.8361594197	0.68970168585	4	5	0.0395833333333	0.166666666667	4	120
5134	train	WAG+G4	WAG	True	False	False	0.8975		-3198.3569	6460.7139	6560.1041	6.0432223141	0.1949426552935484	0.157558035	1.2483989932	0.8215814690000001	17	31	0.134046345811	0.509090909091	17	165
5136	train	LG+F+G4	LG	True	False	True	0.8926		-6349.6942	12769.3884	12915.8336	7.0551868915	0.47034579276666666	0.2138738198	3.7162528727	0.8244038498000001	9	15	0.098510882016	0.474226804124	9	485
5137	train	LG+G4	LG	True	False	False	1.2388		-6268.857	12577.714	12653.6959	7.4215579825999995	0.3906083148736842	0.298674765	2.5438831756	1.2683178086	11	19	0.0347107438017	0.763636363636	11	330
514	train	LG+G4	LG	True	False	False	0.8691		-25969.0886	52246.1773	52779.6074	76.8521583379	0.5023016884830065	0.3316039608	3.6180265407	2.1807517313	78	153	0.269176445024	0.779661016949	78	236
5142	train	VT+F	VT	False	False	True			-178.6765	405.353	438.9817	2.1731558272	0.43463116544	0.2764279667	1.0668078969	0.806235481	4	5	0.05	0.133333333333	4	30
5144	train	LG+F+G4	LG	True	False	True	1.1766		-1423.1851	2900.3703	2987.3199	3.5267744606	0.5038249229428572	0.4111208597	2.6576025262	1.2052960315	5	7	0.0789189189189	0.221621621622	5	185
5148	train	LG+G4	LG	True	False	False	1.9915		-8814.7953	17705.5905	17844.9147	17.8150755211	0.48148852759729727	0.3155188252	4.6854504969	3.29059754795	20	37	0.223010380623	0.78892733564	20	289
5149	train	LG+G4	LG	True	False	False	1.643		-5761.5251	11555.0503	11622.3555	12.3778754597	0.8251916973133333	0.4045011226	4.4587296262	2.4539729216	9	15	0.427867383513	0.326612903226	9	496
5150	train	JTT+G4	JTT	True	False	False	2.3279		-4912.4584	9852.9167	9908.8322	4.6776325092	0.35981788532307696	0.2985744594	1.1918830282000001	0.8883011002	8	13	0.213528678304	0.386533665835	8	401
5151	train	JTT+F+G4	JTT	True	False	True	0.5252		-3481.9471	7017.8941	7129.7291	2.4741168926	0.3534452703714286	0.3922550081	0.8346310903999999	0.4577434246	5	7	0.156129032258	0.0645161290323	5	465
5154	train	JTT+F	JTT	False	False	True			-3469.6397	6987.2794	7089.4174	3.2958862642	0.65917725284	0.4627112347	1.7664257665	0.7066343979999999	4	5	0.253358925144	0.042226487524	4	521
5155	train	JTT+F	JTT	False	False	True			-1222.2626	2492.5252	2576.3587	0.9321195334	0.18642390668	0.1260168455	0.3584544716	0.25419821455	4	5	0.059670781893	0.0452674897119	4	243
5156	train	LG	LG	False	False	False			-1735.8278	3489.6556	3516.3212	4.7425852354	0.5269539150444444	0.4181755031	1.9816682482999999	1.68287382235	6	9	0.100233100233	0.363636363636	6	143
5160	train	LG+G4	LG	True	False	False	1.5818		-3333.9972	6687.9945	6725.4245	4.510906515199999	0.5012118350222221	0.1499066933	2.8422897364999997	0.60833716735	6	9	0.0448717948718	0.36858974359	6	312
5162	train	JTT+F	JTT	False	False	True			-3553.6901	7155.3803	7264.811	0.691781632	0.1383563264	0.1096509803	0.352881181	0.14410441045	4	5	0.162535410765	0.0226628895184	4	706
5164	train	LG	LG	False	False	False			-2196.5898	4403.1796	4421.3535	2.3308067158	0.46616134316	0.4861404316	1.5837580858	0.85277891425	4	5	0.0580357142857	0.153571428571	4	280
5165	train	JTT+G4	JTT	True	False	False	1.0741		-1926.6023	3865.2046	3886.6603	2.7413059264	0.54826118528	0.4842066636	1.3314534007	0.74531596195	4	5	0.107954545455	0.0340909090909	4	264
517	train	WAG+G4	WAG	True	False	False	1.0409		-2941.4608	6018.9216	6177.4115	22.358478342199998	0.3337086319731343	0.2199679356	11.197846093999999	4.960038330299999	35	67	0.280827067669	0.684210526316	35	76
5170	train	JTT+G4	JTT	True	False	False	0.8962		-5220.3414	10456.6827	10491.9904	3.6193655405999996	0.5170522200857143	0.2028557663	2.413377265	0.4572411462	5	7	0.103278688525	0.1	5	610
5171	train	JTT	JTT	False	False	False			-511.8697	1033.7395	1044.0417	2.4248018915	0.4849603783	0.5548002695	1.4860053501000001	0.8905373778500001	4	5	0.0344827586207	0.172413793103	4	58
5172	train	LG+G4	LG	True	False	False	0.5832		-6138.7793	12477.5587	12749.4086	65.2711685435	0.6593047327626262	0.3453986114	6.295487283099999	3.3119613038000004	51	99	0.264705882353	0.642857142857	51	112
5173	train	LG	LG	False	False	False			-878.1929	1770.3858	1786.7924	3.8348910047	0.5478415721000001	0.5877812474	1.7959984171999999	0.9664998057	5	7	0.00779220779221	0.233766233766	5	77
5175	train	rtREV	rtREV	False	False	False			-1233.4679	2552.9358	2646.4345	5.9151534562	0.09696972879016393	1e-06	1.3988427777	0.19165055509999998	32	61	0.0817307692308	0.692307692308	32	65
5176	train	LG+G4	LG	True	False	False	0.6254		-4191.8168	8527.6337	8698.2339	27.4484493095	0.38659787759859154	0.2740504454	5.623891695899999	2.5686352517	37	71	0.00205268559699	0.860759493671	37	79
5177	train	LG+G4	LG	True	False	False	1.3317		-1889.4463	3794.8927	3820.2565	5.195681727	0.7422402467142858	0.6896068769	2.3763351964	1.1135043010999999	5	7	0.0465909090909	0.147727272727	5	176
5179	train	LG+F	LG	False	False	True			-6051.6367	12203.2735	12366.6664	14.584207439	0.470458304483871	0.2707539737	3.2037523347	2.2842559722	17	31	0.0736810187993	0.932989690722	17	194
5180	train	WAG+G4	WAG	True	False	False	2.3348		-3193.9833	6471.9666	6579.6692	14.219296065	0.3468120991463415	0.2567634041	3.6049649087000004	2.4842483407500002	22	41	0.200284090909	0.760416666667	22	96
5181	train	LG+G4	LG	True	False	False	0.4752		-2319.6863	4775.3726	4910.6236	30.774709990199998	0.4593240297044776	0.2781990547	6.497075422	3.8476393607999997	35	67	0.0354497354497	0.703703703704	35	54
5182	train	WAG	WAG	False	False	False			-2521.2771	5076.5542	5127.848	6.0829721227	0.35782188957058825	0.3049512072	2.1691205948	1.4962086560999999	10	17	0.207947019868	0.602649006623	10	151
5183	train	WAG+G4	WAG	True	False	False	2.0403		-2282.8748	4649.7496	4750.3165	11.152166663200001	0.2720040649560976	0.1343369822	1.7804394232	0.98032424585	22	41	0.189674523008	0.740740740741	22	81
5185	train	cpREV+F+G4	cpREV	True	False	True	1.2958		-8773.8741	17621.7483	17773.4601	14.257350212599999	0.8386676595647058	0.5781950718	4.973855889	3.1733231155499997	10	17	0.0809417040359	0.726457399103	10	446
5186	train	JTT+F+G4	JTT	True	False	True	1.3331		-1450.0373	2962.0746	3046.8968	5.7312237523	0.5210203411181819	0.5039463665	1.6760115769	1.1053820468	7	11	0.0563909774436	0.350877192982	7	114
5187	train	JTT+G4	JTT	True	False	False	0.9943		-4612.1708	9236.3415	9262.3198	8.6593497765	1.7318699552999999	1.2595057435	4.6243865636	1.7066201738	4	5	0.209001782531	0.00891265597148	4	561
5188	train	LG+G4	LG	True	False	False	1.0023		-4203.9546	8427.9092	8468.0951	3.7180269498	0.41311410553333333	0.419750142	1.1998455074	1.0292381175	6	9	0.107461476075	0.177615571776	6	411
5189	train	LG+F+G4	LG	True	False	True	2.1572		-8617.7685	17361.537	17566.4302	28.5302842678	0.663494982972093	0.5856940883	3.9126593697	2.5127406128	23	43	0.106988390621	0.884816753927	23	191
5190	train	WAG+F+G4	WAG	True	False	True	0.5176		-5254.5451	10559.0902	10673.7099	3.6057647894	0.72115295788	0.2226972699	3.0896092703	0.2839892531	4	5	0.0193370165746	0.0290055248619	4	724
5191	train	WAG+F+G4	WAG	True	False	True	1.7732		-3468.4215	7054.843	7216.2787	17.9497428084	0.4602498156	0.3996458644	3.9647829817	2.2814872040000003	21	39	0.231829573935	0.736842105263	21	114
5192	train	JTT+G4	JTT	True	False	False	1.0013		-994.3368	2000.6737	2018.8169	2.6648613071000002	0.5329722614200001	0.1278685108	2.3304850494	0.14488682715	4	5	0.0953947368421	0.0197368421053	4	152
5194	train	JTT+G4	JTT	True	False	False	0.6645		-818.8429	1653.6858	1676.1833	5.8844730633	0.8406390090428572	0.3245870391	4.8584680254	0.6375532986	5	7	0.360975609756	0.0406504065041	5	123
5195	train	WAG	WAG	False	False	False			-4093.9085	8197.8171	8218.4949	3.5717755701	0.71435511402	0.6539514741	1.1842748401	1.0185668333	4	5	0.145562770563	0.04329004329	4	462
5196	train	LG	LG	False	False	False			-746.2814	1502.5628	1515.4364	2.3904755759	0.47809511518000003	0.2200424271	1.9775618631	0.66919214385	4	5	0.0309278350515	0.113402061856	4	97
520	train	LG+G4	LG	True	False	False	1.5394		-1163.6281	2339.2562	2357.0333	2.5104032618	0.50208065236	0.4630134001	1.0659912422	0.73250799475	4	5	0.0454545454545	0.0979020979021	4	143
5200	train	LG+G4	LG	True	False	False	1.5961		-1407.1629	2830.3257	2853.9723	3.0585599433	0.43693713475714285	0.4113245059	1.2043525822999999	0.8915250377999999	5	7	0.0183098591549	0.147887323944	5	142
5202	train	LG+F+G4	LG	True	False	True	1.4897		-11856.9825	23775.9649	23922.3664	9.028118921499999	0.8207380837727272	0.5606268842	4.3598999815	1.4765112765000001	7	11	0.0991920233797	0.388688327316	7	831
5204	train	WAG	WAG	False	False	False			-961.3682	1932.7363	1946.3732	2.2835184085	0.4567036817	0.3400656884	1.7223390571000001	0.7172080926	4	5	0.0154867256637	0.176991150442	4	113
5205	train	VT+F	VT	False	False	True			-641.8919	1343.7837	1412.4975	3.0739203099	0.27944730090000003	0.1356509966	2.0600145479000003	0.3734288117	7	11	0.0802348336595	0.58904109589	7	73
5206	train	LG+G4	LG	True	False	False	1.0513		-2131.4382	4290.8764	4331.5503	6.5877216354	0.5067478181076923	0.4855505282	1.4367616422	1.116347072	8	13	0.0259259259259	0.503703703704	8	135
5207	train	LG+G4	LG	True	False	False	1.1473		-8509.237	17198.474	17455.1567	28.8763510117	0.32445338215393255	0.2220264921	3.7899690268	2.5982933970500004	46	89	0.0337975543478	0.9375	46	128
5209	train	WAG+G4	WAG	True	False	False	2.0827		-2852.3047	5732.6094	5778.8557	5.5871573875	0.42978133749999997	0.4236309163	1.7551802086	1.4208550928	8	13	0.122512437811	0.378109452736	8	201
521	train	LG+G4	LG	True	False	False	0.9613		-3601.9642	7235.9284	7292.5886	11.5639274491	0.7709284966066666	0.4861180841	3.4156478577	1.8109280519	9	15	0.277124183007	0.470588235294	9	255
5210	train	LG	LG	False	False	False			-1491.9011	2993.8022	3009.931	1.8015393643	0.36030787286	0.2888539982	0.70056534	0.5784180292	4	5	0.00268817204301	0.0645161290323	4	186
5216	train	LG+G4	LG	True	False	False	0.6863		-1811.6109	3715.2219	3805.8553	15.4311524955	0.3429144999	0.2740596567	3.7424921882	1.61644027875	24	45	0.0369496855346	0.792452830189	24	53
5217	train	JTT+F+G4	JTT	True	False	True	1.8736		-1291.1705	2636.341	2721.944	2.6424666533	0.3774952361857143	0.3256614732	1.2183735487	0.453945956	5	7	0.217045454545	0.0795454545455	5	176
522	train	VT+G4	VT	True	False	False	1.0303		-970.7357	1977.4714	2017.9443	3.3150104541	0.1950006149470588	0.189578071	0.6880531131	0.38499076435	10	17	0.0242857142857	0.385714285714	10	70
5222	train	cpREV+G4	cpREV	True	False	False	0.8333		-2947.1485	5906.2971	5930.4232	2.2873702753	0.45747405505999994	0.4010814779	1.3397971003	0.4192876358	4	5	0.0788834951456	0.0169902912621	4	412
5224	train	JTT+G4	JTT	True	False	False	2.1118		-3708.5746	7433.1492	7465.6035	2.8144100663	0.40205858089999996	0.2495383557	1.7988355676999999	1.4015470402999999	5	7	0.110538641686	0.252927400468	5	427
5226	train	LG+G4	LG	True	False	False	1.2812		-8076.532	16205.0641	16305.4445	9.4088744756	0.37635497902399995	0.3231846647	1.8367977276	1.35711734185	14	25	0.0765160765161	0.737891737892	14	351
5229	train	WAG+G4	WAG	True	False	False	1.5391		-6796.8873	13609.7746	13646.2515	3.4508979462	0.4929854208857143	0.4168725439	1.4241084245	0.6623534952	5	7	0.071671388102	0.14164305949	5	706
523	train	LG+G4	LG	True	False	False	1.2038		-12867.3807	26110.7613	26655.5552	50.5758359929	0.2704590160048128	0.1938091097	4.1623652522	1.9909242497	95	187	0.234171249018	0.798507462687	95	134
5231	train	JTT+F+G4	JTT	True	False	True	0.9141		-4960.8807	9983.7615	10106.0695	5.5344702322	0.5031336574727273	0.4563516904	2.2498136015	1.9678948893	7	11	0.0482423335826	0.384816753927	7	382
5232	train	LG+G4	LG	True	False	False	0.5465		-1212.3432	2440.6864	2465.6782	1.3679938754	0.1954276964857143	0.1989496587	0.6014551043	0.2280094632	5	7	0.00238095238095	0.113095238095	5	168
5238	train	JTT+G4	JTT	True	False	False	1.6119		-2385.3606	4782.7211	4805.1599	3.848710909	0.7697421818	0.3031971351	1.8033487105	1.56474027905	4	5	0.150321543408	0.0771704180064	4	311
5239	train	JTT+F	JTT	False	False	True			-9744.4996	19544.9993	19675.9223	6.4364389381	0.7151598820111111	0.4284395529	2.8222197306	2.14911345595	6	9	0.10508617066	0.353089533417	6	793
524	train	WAG+G4	WAG	True	False	False	1.158		-3761.0556	7558.1112	7621.2802	8.3239743618	0.48964555069411764	0.2584562594	4.2999328001	3.39333945575	10	17	0.182186234818	0.68016194332	10	247
5240	train	JTT+F	JTT	False	False	True			-2049.4522	4154.9044	4253.6171	3.0995378183	0.3443930909222222	0.2259792342	1.0487557924	0.5531545971	6	9	0.182602921647	0.191235059761	6	251
5241	train	LG+G4	LG	True	False	False	0.8776		-7297.7874	14643.5748	14736.7745	11.2876025409	0.49076532786521737	0.267303244	2.3074452906000005	1.4741279147	13	23	0.090207842297	0.735376044568	13	359
5246	train	JTT+G4	JTT	True	False	False	1.1133		-2209.4774	4462.9548	4526.8708	8.639702891	0.4114144233809524	0.1599090797	3.8926748528	2.1861707703499995	12	21	0.155555555556	0.674074074074	12	135
5247	train	LG+G4	LG	True	False	False	1.8027		-3285.7583	6607.5166	6664.4828	9.1998363062	0.5411668415411764	0.3835875152	2.2558949416000003	1.2140370473500002	10	17	0.0868571428571	0.651428571429	10	175
5249	train	WAG+F+G4	WAG	True	False	True	0.5761		-7026.7744	14107.5487	14242.2608	0.997583533	0.1425119332857143	0.1355917559	0.4246914931	0.24401779899999998	5	7	0.0420276497696	0.0995391705069	5	1085
5251	train	LG+G4	LG	True	False	False	1.2914		-2128.1779	4300.3558	4356.9994	9.35976756	0.44570321714285716	0.325480913	2.458856671	1.6426815612	12	21	0.0120274914089	0.762886597938	12	97
5255	train	WAG+G4	WAG	True	False	False	1.0519		-2829.8083	5699.6166	5760.6137	6.987540623	0.36776529594736845	0.245637614	2.652431533	1.2059901801000001	11	19	0.0320512820513	0.679487179487	11	156
5259	train	WAG+F+G4	WAG	True	False	True	1.3912		-11034.7363	22155.4726	22336.6147	10.490330711	0.4561013352608696	0.3861571982	3.1226724556999996	2.4045088860000003	13	23	0.135655927239	0.717434869739	13	499
526	train	LG+G4	LG	True	False	False	1.1153		-859.3234	1734.6468	1755.4882	1.7712973153	0.2530424736142857	0.2505408782	0.7922352673999999	0.4042940001	5	7	0.006	0.17	5	100
5260	train	JTT	JTT	False	False	False			-947.6515	1905.303	1922.0623	0.25828626320000003	0.051657252640000005	0.0517841329	0.104418869	0.08332812585	4	5	0.0	0.0284360189573	4	211
5261	train	LG+F+G4	LG	True	False	True	1.2323		-4742.9601	9543.9202	9663.7888	4.1310867217	0.4590096357444444	0.3746442035	2.2641029355	1.0104638234499999	6	9	0.0795372378886	0.321041214751	6	461
5262	train	cpREV+F+G4	cpREV	True	False	True	1.1866		-2344.8701	4747.7401	4846.6779	3.9180785515000003	0.4353420612777778	0.3427481069	2.107954469	0.9749685516500001	6	9	0.0238095238095	0.232142857143	6	224
5266	train	LG+G4	LG	True	False	False	1.2817		-842.5332	1705.0665	1727.9711	4.6290071883	0.5143341320333333	0.2837072137	2.0009415249	1.2958197407	6	9	0.013698630137	0.342465753425	6	73
527	train	LG+G4	LG	True	False	False	1.1116		-6148.4688	12376.9376	12510.8219	16.0299038703	0.41102317616153844	0.2488817187	3.8036076811	2.7293860773	21	39	0.18820861678	0.719047619048	21	210
5271	train	WAG	WAG	False	False	False			-806.09	1634.18	1658.0983	3.0023515141	0.2729410467363636	0.2984927861	1.4160765723000002	0.9014974533	7	11	0.0131868131868	0.523076923077	7	65
5273	train	LG+G4	LG	True	False	False	1.2797		-3723.0372	7498.0743	7579.1422	8.4046240449	0.336184961796	0.3047945936	2.7505548788	1.8669112610499998	14	25	0.043627031651	0.748502994012	14	167
5274	train	LG+F+G4	LG	True	False	True	1.6978		-10276.9191	20607.8382	20740.3206	5.0212604018	0.7173229145428571	0.7887608386	1.8828566136	1.1291905493	5	7	0.122322322322	0.103103103103	5	999
5277	train	LG	LG	False	False	False			-1115.2425	2244.4849	2263.6383	4.2895945537	0.6127992219571429	0.4836066277	1.4311084412000001	1.109238162	5	7	0.129824561404	0.219298245614	5	114
5283	train	LG+G4	LG	True	False	False	0.9477		-8597.8634	17223.7267	17285.237	6.4660026818	0.4973848216769231	0.3894582142	2.355531326	2.0314486475999995	8	13	0.0831939799331	0.471571906355	8	598
5286	train	JTT+G4	JTT	True	False	False	1.2958		-3101.2708	6230.5415	6278.916	6.6838953398	0.5141457953692308	0.3052292495	4.012350533999999	0.9460723903999999	8	13	0.160256410256	0.405982905983	8	234
5288	train	LG+G4	LG	True	False	False	1.2184		-2111.5488	4243.0976	4275.3012	4.1292434909999995	0.4588048323333333	0.4862673909	1.8235592613	1.1548819557	6	9	0.0702702702703	0.345945945946	6	185
529	train	LG+G4	LG	True	False	False	1.0424		-7909.4641	16102.9282	16430.1054	41.3649004152	0.2933680880510638	0.2442745077	3.3838073742	1.6230049712999999	72	141	0.0968468468468	0.905405405405	72	74
5290	train	VT+G4	VT	True	False	False	0.6645		-1257.6449	2547.2899	2592.1542	2.5468142158	0.16978761438666667	0.1431947257	0.7710612289000001	0.5341851764000001	9	15	0.114754098361	0.254098360656	9	122
5295	train	LG	LG	False	False	False			-1940.3655	3890.7311	3907.4666	3.5383433722	0.70766867444	0.5547123157	1.3912837939	0.92462556585	4	5	0.0357142857143	0.0428571428571	4	210
5297	train	JTT	JTT	False	False	False			-1167.2645	2344.5289	2359.2727	2.7704602242	0.55409204484	0.4076790747	1.9127474920999998	0.5839676561999999	4	5	0.0815602836879	0.0709219858156	4	141
5298	train	LG+G4	LG	True	False	False	1.0638		-2816.6449	5673.2897	5734.7932	14.9899942412	0.7889470653263158	0.5120298958	8.686655332600001	2.5291398857000003	11	19	0.198863636364	0.625	11	160
530	train	LG+G4	LG	True	False	False	1.9813		-5909.1861	11874.3722	11969.6472	18.2670682281	0.6765580825222223	0.5418328599	4.5924200994	1.9653812509	15	27	0.180780780781	0.725225225225	15	222
5300	train	LG	LG	False	False	False			-3184.9932	6395.9865	6438.5355	8.3720479575	0.6440036890384615	0.3798706796	2.075075001	1.8078474772500002	8	13	0.120512820513	0.533333333333	8	195
5302	train	JTT+F	JTT	False	False	True			-5935.4719	11918.9438	12029.6972	2.1832218657	0.43664437314000004	0.317329727	1.1220551722	0.45586197085	4	5	0.0502680965147	0.0522788203753	4	746
5303	train	JTT+G4	JTT	True	False	False	0.8483		-5524.8885	11085.777	11154.645	8.6150793677	0.5067693745705882	0.3028229969	3.7839171087	2.01734009805	10	17	0.126843657817	0.545722713864	10	339
5305	train	LG+G4	LG	True	False	False	1.5902		-6086.847	12197.694	12249.0363	8.6449617639	0.7859056149	0.4584777696	2.8572284684	1.3822771536	7	11	0.264540337711	0.279549718574	7	533
5306	train	LG+F+G4	LG	True	False	True	1.5367		-9577.7012	19241.4025	19427.0405	11.6144691895	0.5049769212826086	0.3963707894	3.0666241227	2.3138493061	13	23	0.296306581505	0.584837545126	13	554
5307	train	JTT+G4	JTT	True	False	False	1.2892		-898.0625	1820.125	1849.9887	3.1535123311	0.2866829391909091	0.2079289196	0.8262857931	0.515169996	7	11	0.158908507223	0.224719101124	7	89
5308	train	cpREV+G4	cpREV	True	False	False	1.0761		-1440.1959	2892.3919	2912.3006	2.8297064647	0.5659412929400001	0.3290435831	1.7248411039	0.58742124885	4	5	0.149509803922	0.0441176470588	4	204
5311	train	LG+G4	LG	True	False	False	1.0749		-2686.3709	5384.7418	5408.5233	2.4263874044	0.48527748087999995	0.2813283987	1.5560525242999999	0.5274335534	4	5	0.107969151671	0.0411311053985	4	389
5313	train	JTT	JTT	False	False	False			-4580.916	9183.832	9228.9355	2.3545903082	0.2140536643818182	0.1923165684	1.075552472	0.6079992162	7	11	0.127162075593	0.419282511211	7	446
5314	train	LG+G4	LG	True	False	False	1.4547		-3636.0313	7288.0626	7320.3464	3.9447731988	0.5635390284	0.4336873387	1.8367286169	0.7391337383	5	7	0.077990430622	0.188995215311	5	418
5315	train	LG+G4	LG	True	False	False	1.0375		-1739.6968	3515.3936	3565.266	5.6188518767	0.33052069862941175	0.1720376741	2.0774806872	1.46455914465	10	17	0.0576271186441	0.584745762712	10	118
5316	train	LG+F+G4	LG	True	False	True	0.8336		-7386.0533	14846.1067	14997.9013	9.5583901732	0.5622582454823529	0.4629844321	2.3575143085	1.8527092382	10	17	0.136017897092	0.503355704698	10	447
5317	train	LG+G4	LG	True	False	False	1.424		-7176.085	14404.1699	14502.9463	14.7128164599	0.5885126583960001	0.3668061962	5.3701944063	4.2085577226	14	25	0.241558441558	0.657575757576	14	330
5318	train	LG+G4	LG	True	False	False	2.0823		-6018.1655	12124.331	12260.456	16.1575229821	0.37575634842093025	0.2631302855	3.7062608055	1.9567860836	23	43	0.137369965324	0.834355828221	23	163
5319	train	JTT+G4	JTT	True	False	False	1.2851		-579.4182	1174.8364	1193.0498	2.1195709828	0.3027958546857143	0.294361267	1.098364184	0.8857854341	5	7	0.0916666666667	0.222222222222	5	72
532	train	WAG+F	WAG	False	False	True			-3084.2669	6268.5338	6402.6404	10.648547967899999	0.34350154735161287	0.2460885065	2.2947455576999998	1.0954632829	17	31	0.0925925925926	0.833333333333	17	108
5321	train	JTT+G4	JTT	True	False	False	1.6561		-4900.5677	9937.1354	10111.5111	34.7498148005	0.5186539522462686	0.3675711098	4.0797686933	2.0037084788999997	35	67	0.267857142857	0.78125	35	96
5322	train	JTT+F+G4	JTT	True	False	True	1.2999		-5561.4857	11172.9714	11296.1603	1.5428889564000001	0.30857779128	0.1870598018	1.0073068978	0.59172117705	4	5	0.242892156863	0.121568627451	4	1020
5325	train	LG	LG	False	False	False			-8507.4803	17032.9606	17073.7647	7.3305578946	0.8145064327333333	0.6181236342	2.8787429903	1.6881221423000001	6	9	0.191375968992	0.219476744186	6	688
5326	train	cpREV+G4	cpREV	True	False	False	1.319		-932.5764	1877.1527	1893.3556	3.4233197441	0.68466394882	0.5413109036	1.452034804	1.27490521255	4	5	0.0	0.0727272727273	4	110
5328	train	LG+G4	LG	True	False	False	2.9823		-6514.0994	13076.1988	13162.3825	14.2702016588	0.6204435503826087	0.5664278637	2.9780455778	2.1386794894000003	13	23	0.144087256028	0.798507462687	13	268
5331	train	LG+G4	LG	True	False	False	1.1292		-5649.7272	11331.4544	11391.2396	10.1360022583	0.6757334838866667	0.4916906279	3.7376303216	2.9112611514999998	9	15	0.0516129032258	0.596774193548	9	310
5333	train	LG+G4	LG	True	False	False	1.3288		-4913.9412	9863.8824	9931.2565	5.9097194398	0.3476305552823529	0.2628071273	2.6507662313	0.8092040817499999	10	17	0.0592948717949	0.637820512821	10	312
5335	train	LG+F+G4	LG	True	False	True	1.0425		-7901.3379	15956.6757	16214.403	49.2476912959	0.8639945841385964	0.6122965956	8.2941977997	4.15281890415	30	57	0.415555555556	0.633333333333	30	210
534	train	WAG+F+G4	WAG	True	False	True	1.0153		-15228.0537	30642.1075	30974.3178	56.9470229865	0.7800962052945206	0.4159389552	13.4357793876	3.7371775022000007	38	73	0.228036822093	0.84030418251	38	263
5340	train	LG+F+G4	LG	True	False	True	0.5921		-5754.634	11599.268	11769.9536	8.400954066	0.33603816264	0.2785583493	2.1518217952	1.5423257330500002	14	25	0.0851480836237	0.615853658537	14	328
5343	train	JTT	JTT	False	False	False			-13510.0071	27042.0143	27096.7849	4.4447211486	0.4040655589636364	0.3217818284	1.6832811905999998	1.0679897542999999	7	11	0.150837988827	0.506517690875	7	1074
5345	train	WAG+G4	WAG	True	False	False	2.3035		-460.1302	932.2604	944.4125	3.4235785791	0.68471571582	0.4837825773	2.1171074798	1.34614398895	4	5	0.107142857143	0.178571428571	4	56
5346	train	JTT+F+G4	JTT	True	False	True	1.7814		-4616.6473	9283.2946	9395.4105	4.0255391449	0.80510782898	0.9265287771	2.9806794107	0.9856931619000001	4	5	0.119465648855	0.0488549618321	4	655
5347	train	LG+G4	LG	True	False	False	0.98		-1726.1282	3480.2564	3517.2779	8.514739244	0.6549799418461538	0.5530757402	2.4964221524	1.94782718885	8	13	0.0192307692308	0.490384615385	8	104
5348	train	LG+G4	LG	True	False	False	0.4689		-4868.602	9893.2039	10103.1291	27.6673973335	0.35931684848701295	0.2421149873	5.847693418	3.8904723399000005	40	77	0.144266055046	0.752293577982	40	109
535	train	LG+G4	LG	True	False	False	2.0022		-1928.9191	3973.8382	4078.6246	21.2728647802	0.3732081540385965	0.2402171491	8.0634462279	3.11000428385	30	57	0.0948148148148	0.955555555556	30	45
5352	train	LG+G4	LG	True	False	False	1.3306		-1837.4318	3698.8637	3736.6336	2.3162619213	0.2105692655727273	0.1355039755	1.1217931528	0.8087915272	7	11	0.00581395348837	0.395348837209	7	172
5353	train	LG+F+G4	LG	True	False	True	0.7306		-2777.2053	5616.4107	5724.4394	4.9316360441	0.4483305494636364	0.3511027236	1.6025692944	0.8811579888	7	11	0.0450503852993	0.344398340249	7	241
5357	train	WAG+F	WAG	False	False	True			-8914.7843	17889.5687	18025.4074	6.4077527708	0.5825229791636364	0.4367633448	1.7374282521	1.1928131033	7	11	0.233082706767	0.345029239766	7	684
5359	train	LG+G4	LG	True	False	False	1.1521		-11153.0538	22406.1075	22594.2101	16.5426040292	0.3376041638612245	0.2348635445	2.9609054875	1.2557722099	26	49	0.137155297533	0.779874213836	26	318
5360	train	LG+G4	LG	True	False	False	0.9421		-17971.8928	35971.7856	36045.725	6.6825610968	0.5140431612923076	0.4579384835	2.8325211471	1.493357911	8	13	0.202167928424	0.353062629043	8	1453
5361	train	LG+G4	LG	True	False	False	0.8258		-4299.0825	8650.1649	8738.6345	8.900828991	0.35603315964	0.1792280283	4.1906598849	3.3585845696999996	14	25	0.0633848133848	0.761261261261	14	222
5362	train	LG+F	LG	False	False	True			-5052.1794	10160.3588	10272.1198	6.1860391481	0.6873376831222222	0.7034929314	3.2525626646	1.99491877045	6	9	0.055	0.385	6	400
5363	train	LG+F+G4	LG	True	False	True	1.159		-26472.3656	53702.7312	54919.1264	108.865949665	0.3032477706545961	0.2025998278	7.3733333304999995	3.2989616165999998	181	359	0.393201098934	0.792349726776	181	183
5364	train	LG+G4	LG	True	False	False	0.6783		-3971.3082	7958.6164	7991.2924	3.5280289842	0.5040041406	0.5900302459	0.9602203434	0.7986402051	5	7	0.0697038724374	0.0637813211845	5	439
5365	train	JTT+G4	JTT	True	False	False	0.6123		-2314.0599	4660.1199	4710.1033	7.7337658210999995	0.5155843880733333	0.221291729	4.3476443847	0.7576963835999999	9	15	0.10582010582	0.416666666667	9	168
5366	train	VT	VT	False	False	False			-475.3572	964.7145	977.6655	2.4922080733	0.35602972475714284	0.270658617	0.7743740698	0.6349998314	5	7	0.00425531914894	0.234042553191	5	47
5369	train	LG+G4	LG	True	False	False	0.8695		-13050.7001	26141.4002	26237.2022	5.4895149314000005	0.28892183849473685	0.2386265182	1.9600054853	1.3248066145	11	19	0.137846405563	0.553430821147	11	889
537	train	JTT+G4	JTT	True	False	False	0.9841		-1649.3967	3366.7934	3450.6343	6.7660247969	0.20503105445151515	0.0956576246	1.5788210927	1.24726625745	18	33	0.0766283524904	0.563218390805	18	87
5372	train	LG+G4	LG	True	False	False	0.977		-5427.5063	10883.0126	10941.6483	3.2821603296	0.2524738715076923	0.1362285534	1.7232703665	1.3840874193	8	13	0.0487679671458	0.414784394251	8	487
5379	train	JTT+F+G4	JTT	True	False	True	2.0306		-11644.6299	23391.2598	23613.4213	15.2457739303	0.4917991590419355	0.2989306581	4.4512437791	2.2167623844	17	31	0.339358660131	0.715277777778	17	576
5383	train	LG+G4	LG	True	False	False	1.3712		-6867.8787	13775.7574	13849.5646	24.6287448529	1.2962497291	0.7016408656	12.8544092664	2.6568944585	11	19	0.131142506143	0.760135135135	11	296
5385	train	LG+G4	LG	True	False	False	1.2724		-8012.2529	16096.5058	16232.3897	25.6022923382	0.7314940668057144	0.6250478693	5.539744833	2.9015665737000003	19	35	0.395063746322	0.562111801242	19	322
5386	train	LG+G4	LG	True	False	False	1.096		-2292.0848	4608.1696	4646.4182	5.1915067727	0.4719551611545455	0.4405652647	1.8714993665000001	1.6278341733000001	7	11	0.0550678371907	0.351955307263	7	179
5389	train	WAG+G4	WAG	True	False	False	0.7837		-3350.5044	6729.0088	6779.6944	3.6358561753	0.27968124425384616	0.2714165428	1.1111339614	0.50252106195	8	13	0.0788043478261	0.304347826087	8	276
5390	train	LG+G4	LG	True	False	False	1.4398		-7506.4095	15048.8189	15128.3495	12.446389355	0.7321405502941177	0.6882349917	2.6642884548	1.7593407213	10	17	0.463132137031	0.298531810767	10	613
5391	train	LG+G4	LG	True	False	False	0.5833		-2383.9389	4871.8779	4981.6433	50.1765855625	0.9838546188725491	0.4827657207	9.325610922100001	2.2788631098999996	27	51	0.22525804493	0.704918032787	27	61
5392	train	JTT+F+G4	JTT	True	False	True	1.4925		-2519.3901	5096.7801	5194.5286	5.5215470644	0.6135052293777777	0.5268876483	2.1854319205	0.79985689865	6	9	0.0457364341085	0.241860465116	6	215
5393	train	JTT+G4	JTT	True	False	False	0.4078		-538.7993	1117.5985	1160.1412	1.9081766962	0.09086555696190476	0.0180981122	0.9851473701000001	0.49877825045	12	21	0.0120967741935	0.483870967742	12	62
5394	train	JTT+G4	JTT	True	False	False	1.3938		-7080.8038	14177.6075	14216.773	1.8478603519	0.26398005027142857	0.1498447662	1.2745417149	0.20059128310000002	5	7	0.141497975709	0.247975708502	5	988
5396	train	LG+F+G4	LG	True	False	True	0.4051		-3628.542	7315.084	7430.0278	3.4259097598	0.38065663997777777	0.3674240205	1.628608914	0.57819573785	6	9	0.0171379605827	0.182519280206	6	389
5397	train	LG+G4	LG	True	False	False	1.3847		-2049.4371	4114.8743	4144.6368	1.7227367303999999	0.2461052472	0.1422708499	1.0905809703	0.2394840791	5	7	0.154098360656	0.0622950819672	5	305
5399	train	WAG+F+G4	WAG	True	False	True	1.0693		-17759.7689	35709.5379	36066.0323	45.8024859954	0.610699813272	0.4936738818	4.7149877304	2.6175270756	39	75	0.305494505495	0.739682539683	39	315
540	train	LG+F+G4	LG	True	False	True	1.1688		-29549.9283	59329.8566	59807.6653	93.2482935589	0.9815609848305263	0.9692400511	6.5174378413	3.4005506677999997	49	95	0.484379739157	0.564755838641	49	471
5401	train	WAG+G4	WAG	True	False	False	1.6566		-4870.2745	9784.5491	9860.7534	9.8202378353	0.4676303731095238	0.2571980013	3.7606506659	2.6343717373	12	21	0.120056497175	0.783898305085	12	236
5402	train	LG+F+G4	LG	True	False	True	1.3112		-2972.4893	6118.9786	6325.1205	39.6967373764	0.592488617558209	0.3486259493	4.4353255862	2.0994472602	35	67	0.438336347197	0.53164556962	35	79
5403	train	LG+G4	LG	True	False	False	1.0697		-6742.4779	13640.9557	13869.8447	21.570898517	0.28014153918181817	0.2196294916	2.4854790325	1.9881965811499998	40	77	0.244064748201	0.697841726619	40	139
5404	train	JTT+G4	JTT	True	False	False	1.7139		-2045.3839	4122.7679	4169.9481	4.3179086279	0.2878605751933333	0.2207217661	1.6436248902000001	0.7303088086	9	15	0.0882584712372	0.581560283688	9	141
5405	train	LG+G4	LG	True	False	False	1.5061		-3614.1373	7268.2747	7335.1214	9.3331450795	0.49121816207894736	0.216270625	2.4318392479999997	1.9006122727	11	19	0.124836885602	0.703349282297	11	209
5407	train	VT	VT	False	False	False			-1283.1162	2592.2324	2623.3602	7.5198349756	0.5784488442769231	0.5205120472	1.9389397639000001	1.2349117775499998	8	13	0.175925925926	0.456790123457	8	81
5408	train	LG	LG	False	False	False			-7799.8393	15629.6786	15694.7044	9.3731172141	0.6248744809400001	0.5932954303	2.8748688373000006	2.3506750695000003	9	15	0.310874704492	0.517730496454	9	564
5409	train	LG+G4	LG	True	False	False	1.1498		-1574.4161	3160.8321	3180.592	4.9649668534	0.99299337068	0.7622734302	3.4942778525000002	1.9350458004000002	4	5	0.154522613065	0.0904522613065	4	199
5410	train	WAG	WAG	False	False	False			-2745.6342	5501.2685	5520.2029	2.8989280677	0.57978561354	0.2742186638	2.0291213215	0.43424927474999997	4	5	0.0391104294479	0.0398773006135	4	326
5411	train	LG+G4	LG	True	False	False	1.5842		-6254.1581	12552.3162	12630.0508	14.4699222559	0.689043916947619	0.6838199774	3.7866538825	1.91131256685	12	21	0.0513833992095	0.826086956522	12	253
5413	train	WAG	WAG	False	False	False			-1308.3579	2626.7159	2642.9772	1.1657118558	0.23314237115999997	0.19649571	0.48894320539999997	0.41252522064999997	4	5	0.032722513089	0.115183246073	4	191
5414	train	WAG+F+G4	WAG	True	False	True	1.1628		-4410.6628	8915.3256	9059.5641	21.2974054619	0.7887927948851852	0.6248962453	4.6111923612	2.5672233494	15	27	0.150104821803	0.798742138365	15	159
5418	train	LG+G4	LG	True	False	False	1.0246		-6629.8553	13307.7106	13399.3926	14.1515633257	0.6152853619869565	0.4918479867	4.0362858773	2.8726863303	13	23	0.223236703949	0.629080118694	13	337
5419	train	WAG	WAG	False	False	False			-4832.1923	9682.3847	9719.2268	4.1908415133	0.4656490570333333	0.4361241088	1.8864111371	1.1426960207999999	6	9	0.177577125658	0.395033860045	6	443
5421	train	LG	LG	False	False	False			-1285.8524	2585.7047	2607.2745	2.2120296945	0.3160042420714286	0.2779423117	0.8662804101999999	0.5395531839	5	7	0.139130434783	0.254658385093	5	161
5425	train	JTT+F	JTT	False	False	True			-853.4322	1754.8645	1843.7552	0.0437119694	0.008742393880000001	0.0084468487	0.0266542637	0.00852835285	4	5	0.0	0.00333333333333	4	300
5426	train	WAG+F+G4	WAG	True	False	True	1.9503		-3290.9931	6659.9863	6779.918	7.9065216231	0.41613271700526316	0.3519156155	2.3204987422	1.6719088035	11	19	0.0352272727273	0.775	11	160
5427	train	LG+G4	LG	True	False	False	1.2845		-2054.8462	4133.6924	4171.5319	4.4575256601	0.40522960546363634	0.2289119974	2.5529647314	1.0657446493	7	11	0.047068538398	0.381502890173	7	173
5428	train	LG	LG	False	False	False			-2493.3906	5004.7812	5033.7156	5.9619990861	0.6624443429	0.4345921071	3.5490819867	2.4138022278499998	6	9	0.0298913043478	0.467391304348	6	184
5429	train	JTT+F+G4	JTT	True	False	True	1.8746		-2359.5193	4837.0386	4971.3619	14.5476682282	0.37301713405641024	0.2755826397	3.2543833981	2.1340466674	21	39	0.0568783068783	0.902777777778	21	72
543	train	LG+G4	LG	True	False	False	1.3722		-10109.0707	20470.1415	20812.6723	76.625176238	0.613001409904	0.4186794311	5.975859906399999	4.13692407215	64	125	0.242466517857	0.866071428571	64	112
5430	train	LG+G4	LG	True	False	False	1.4364		-2479.9426	4979.8852	5013.912	3.8726004419	0.4302889379888889	0.2615137815	1.4651208507	0.60792331605	6	9	0.0503003003003	0.157657657658	6	222
5431	train	VT+F+G4	VT	True	False	True	0.9162		-3091.5679	6233.1358	6345.0601	3.7658390433999998	0.75316780868	0.64299043	1.3333993748	1.0959319491500001	4	5	0.456923076923	0.0153846153846	4	650
5432	train	JTT+G4	JTT	True	False	False	2.5362		-3822.3578	7680.7156	7742.6791	8.7607590053	0.5153387650176471	0.2430498819	3.3857360124	1.7341217538	10	17	0.129437229437	0.675324675325	10	231
5436	train	LG+G4	LG	True	False	False	1.1894		-7930.7088	15897.4176	15972.0129	11.0968086684	0.6527534510823529	0.41854703	2.6209760713	1.6343059168	10	17	0.194206008584	0.527896995708	10	466
5437	train	LG+F+G4	LG	True	False	True	1.4383		-9096.2139	18294.4279	18484.8283	19.988019536	0.6447748237419355	0.3940587046	5.3624692037	3.8664750241999997	17	31	0.12887873596	0.825242718447	17	309
5438	train	LG+F+G4	LG	True	False	True	0.9883		-5700.4257	11518.8515	11702.8131	25.3262847288	0.6493919161230769	0.4725701063	4.5201167479999995	3.6960267708999996	21	39	0.11747932706	0.844311377246	21	167
5441	train	WAG	WAG	False	False	False			-1855.9578	3721.9157	3738.9962	2.172844211	0.4345688422	0.5081185348	0.6895921083000001	0.6499280392	4	5	0.0966666666667	0.0444444444444	4	225
5442	train	JTT	JTT	False	False	False			-878.901	1771.8019	1789.6791	2.2156014151	0.3165144878714286	0.2989730966	1.1685861543	0.5439159558	5	7	0.0336842105263	0.136842105263	5	95
5444	train	JTT	JTT	False	False	False			-2258.4569	4534.9138	4566.2396	3.2988619237	0.36654021374444445	0.1862162485	1.3493331741	0.5178407489000001	6	9	0.205555555556	0.241666666667	6	240
5445	train	LG+G4	LG	True	False	False	1.0334		-3556.4756	7132.9512	7171.9227	4.407519694	0.4897244104444445	0.3423645533	2.2014510262	0.7774910335	6	9	0.14010989011	0.225274725275	6	364
5448	train	LG+G4	LG	True	False	False	1.0299		-14441.7612	29115.5225	29510.2331	66.7172225492	0.5801497612973914	0.3816380625	5.910900277	3.7753232602999995	59	115	0.47465261872	0.630630630631	59	222
5449	train	rtREV	rtREV	False	False	False			-2349.509	4717.0179	4746.4749	4.8238485516	0.5359831724	0.4902895536	1.9697228023	1.4678779021	6	9	0.162393162393	0.317948717949	6	195
5450	train	JTT	JTT	False	False	False			-2320.9981	4667.9961	4707.1344	5.2262909098999994	0.40202237768461535	0.3726693137	2.0927817699999998	0.7591094294	8	13	0.0625	0.486666666667	8	150
5454	train	WAG+G4	WAG	True	False	False	0.9256		-2465.6282	4971.2564	5031.3354	5.0084050783	0.26360026727894736	0.2326612779	1.3183968789	0.952474558	11	19	0.0335570469799	0.523489932886	11	149
5458	train	JTT+G4	JTT	True	False	False	1.1644		-3980.1626	7972.3252	7997.9284	2.7198716322	0.54397432644	0.2590914529	1.3645946875	0.5694612438	4	5	0.0972485768501	0.0455407969639	4	527
5459	train	LG+F+G4	LG	True	False	True	2.6699		-12639.9622	25385.9245	25598.6514	16.9307296399	0.513052413330303	0.351185551	3.1143352717	1.69274477045	18	33	0.157837544146	0.814180929095	18	409
546	train	LG+F+G4	LG	True	False	True	1.3126		-13720.8213	27683.6427	28047.1202	55.4569242025	0.549078457450495	0.3661197038	3.8731682966999994	2.6388724427499994	52	101	0.181208053691	0.852348993289	52	149
5462	train	LG+F+G4	LG	True	False	True	0.9914		-17296.051	34690.102	34924.8719	16.6243843913	0.5732546341827587	0.3972895341	5.1009268451	2.7828749031	16	29	0.385393258427	0.511235955056	16	890
5463	train	LG+G4	LG	True	False	False	0.8581		-10541.7267	21095.4535	21126.7228	2.7025168748999997	0.5405033749799999	0.3104622616	1.6704254509999998	0.47828168945	4	5	0.0369003690037	0.0324723247232	4	1355
5468	train	LG+F+G4	LG	True	False	True	1.4354		-6327.3518	12712.7036	12839.1814	8.2839435531	0.9204381725666667	0.2981488649	5.881908302500001	4.801731780000001	6	9	0.106793321819	0.433506044905	6	579
5469	train	LG+G4	LG	True	False	False	2.229		-10762.6102	21565.2204	21655.7503	10.8190910978	0.5694258472526316	0.4642967973	3.0366784215	1.0982230325	11	19	0.332756555304	0.487554904832	11	683
5470	train	JTT+F+G4	JTT	True	False	True	1.2507		-9165.9522	18409.9044	18573.4862	19.8370546335	1.0440555070263158	0.7742448457	7.462599325399999	3.208673063	11	19	0.290723562152	0.520408163265	11	490
5472	train	LG+G4	LG	True	False	False	1.3946		-4832.6858	9685.3715	9724.6141	9.769316172	1.0854795746666666	0.6744227108	2.8704242614999997	1.69614934795	6	9	0.122103386809	0.195187165775	6	374
5475	train	LG+G4	LG	True	False	False	0.6723		-1094.1849	2204.3697	2225.6014	5.9094639099	0.8442091299857143	0.7944686312	3.2981924273	2.1276235767	5	7	0.0209523809524	0.171428571429	5	105
5478	train	mtART+G4	mtART	True	False	False	1.1089		-1025.852	2071.704	2096.3631	7.2412616845999995	0.8045846316222222	0.7306798469	2.6959069791	1.63559592325	6	9	0.0	0.413793103448	6	87
5479	train	LG+G4	LG	True	False	False	1.7904		-5862.0842	11736.1684	11764.7725	2.2366577655	0.4473315531	0.1620942769	1.3243586729999999	0.44121572445	4	5	0.155350978136	0.0414269275029	4	869
548	train	WAG+G4	WAG	True	False	False	1.9766		-786.3834	1604.7668	1634.0251	8.1569394511	0.47981996771176466	0.2688695707	2.2940446099000003	1.8567572459	10	17	0.0282608695652	0.652173913043	10	46
5480	train	JTT	JTT	False	False	False			-3155.7041	6341.4083	6393.1738	5.119551384	0.3413034256	0.2291125084	2.2295309231	0.7857680633999999	9	15	0.13924654268	0.592274678112	9	233
5481	train	JTT+G4	JTT	True	False	False	0.8907		-2547.3483	5114.6966	5151.1157	5.4866610276	0.6096290030666667	0.2145120561	4.4747665861999995	0.4829043156	6	9	0.209810874704	0.145390070922	6	282
5483	train	JTT	JTT	False	False	False			-1159.7686	2329.5372	2345.4742	1.0709081713	0.21418163425999998	0.1696955442	0.5305343244	0.37023390289999997	4	5	0.0656424581006	0.106145251397	4	179
5484	train	LG+G4	LG	True	False	False	0.7355		-1275.4842	2562.9685	2582.2906	1.7596363413	0.35192726826	0.2245975466	1.1317501499	0.2371759046	4	5	0.0175675675676	0.027027027027	4	185
5486	train	LG	LG	False	False	False			-1722.8833	3463.7667	3490.177	3.8501447194	0.4277938577111111	0.3027990505	1.7730476076000001	0.96286599425	6	9	0.0563549160671	0.467625899281	6	139
5487	train	LG+G4	LG	True	False	False	1.9755		-2705.7103	5455.4206	5519.8202	7.4358259707	0.3540869509857143	0.3793139309	2.6890343603	1.3792831688499998	12	21	0.117149758454	0.710144927536	12	138
5490	train	LG+G4	LG	True	False	False	1.6493		-7258.2642	14556.5284	14637.0457	6.7434929568	0.3549206819368421	0.2216321445	2.6181883118	0.7983633831	11	19	0.111769872639	0.690821256039	11	414
5491	train	LG+F+G4	LG	True	False	True	1.6454		-9595.0112	19280.0224	19453.6294	16.336522637	0.65346090548	0.5702907984	5.2941439575	3.21606656435	14	25	0.0514285714286	0.842857142857	14	350
5492	train	WAG+F	WAG	False	False	True			-5973.2296	11994.4592	12104.093	2.8777711864	0.57555423728	0.4622991846	1.2962226788	1.03859420135	4	5	0.0832162921348	0.0912921348315	4	712
5494	train	WAG+F+G4	WAG	True	False	True	1.8018		-5235.6956	10525.3911	10649.2178	1.9166801708	0.27381145297142856	0.1831729547	0.9051378914	0.8733587731	5	7	0.222344827586	0.146206896552	5	725
5495	train	LG+G4	LG	True	False	False	0.5462		-2931.1162	5902.2325	5967.6925	4.8817305318	0.2569331858842105	0.2433403352	1.4899293830000002	0.5982658622	11	19	0.0391608391608	0.482051282051	11	195
5497	train	LG+G4	LG	True	False	False	1.4501		-2169.6823	4351.3646	4372.565	2.8585178173	0.5717035634600001	0.3721549288	1.1169059328	0.6914605993	4	5	0.0207509881423	0.0434782608696	4	253
5498	train	LG+G4	LG	True	False	False	1.718		-2608.9534	5249.9069	5298.7046	6.633010839	0.4422007226	0.4030560894	2.5484821652	1.2487414985	9	15	0.0178062678063	0.647435897436	9	156
55	train	LG+G4	LG	True	False	False	1.5503		-6584.827	13285.6539	13469.2115	15.9796850416	0.28034535160701757	0.1914829131	4.0547158091	2.93811966025	30	57	0.165142857143	0.777142857143	30	175
5501	train	WAG+G4	WAG	True	False	False	0.8416		-1689.6966	3411.3932	3453.5488	5.6980831092	0.37987220728	0.3715104056	2.1693161545	1.7922696389000001	9	15	0.0269687162891	0.485436893204	9	103
5502	train	WAG+G4	WAG	True	False	False	1.5948		-4971.2635	9958.5269	9991.9172	7.0859603005	1.0122800429285714	0.385953693	3.3933829215	0.9146483720999999	5	7	0.104583333333	0.0916666666667	5	480
5507	train	LG+F+G4	LG	True	False	True	1.2483		-16685.1289	33488.2577	33738.6636	22.0371909297	0.5650561776846154	0.3255748435	4.4353890909	2.1503565036000003	21	39	0.155709662506	0.803883495146	21	515
5508	train	LG+F+G4	LG	True	False	True	1.0275		-11159.0242	22432.0485	22665.2531	13.0853755031	0.3536587973810811	0.2099451633	3.8733900592	3.3855793924500004	20	37	0.129751131222	0.787330316742	20	442
5509	train	VT+F+G4	VT	True	False	True	0.7789		-1048.9632	2147.9265	2222.1718	2.9305698843	0.58611397686	0.5389048516	1.5455343423999999	0.5987773643500001	4	5	0.078125	0.0347222222222	4	144
5510	train	WAG+G4	WAG	True	False	False	1.9094		-1179.171	2382.342	2419.0169	1.8314717078	0.16649742798181819	0.087290456	1.5996581882000003	1.0621366174000002	7	11	0.104640582348	0.503184713376	7	157
5514	train	LG+G4	LG	True	False	False	1.0938		-7330.8041	14689.6081	14748.0993	8.7339132297	0.6718394792076924	0.5936143499	2.4037560729	1.61462118755	8	13	0.123443983402	0.387966804979	8	482
5517	train	LG+G4	LG	True	False	False	1.345		-3646.5008	7313.0015	7350.8705	5.5508279005	0.6167586556111111	0.5803501577	2.4763745517	1.0675194465	6	9	0.14263803681	0.226993865031	6	326
5519	train	LG+G4	LG	True	False	False	0.7882		-3950.4929	7940.9857	8008.8583	10.7374711851	0.5651300623736842	0.4410409159	3.3209923462	1.6545352829	11	19	0.117355371901	0.536363636364	11	220
5520	train	cpREV	cpREV	False	False	False			-1125.2539	2268.5078	2291.8638	3.333295953	0.370366217	0.3392272703	1.0938449764	0.581331875	6	9	0.0791245791246	0.232323232323	6	99
5521	train	LG+F+G4	LG	True	False	True	2.2439		-6342.8798	12755.7596	12896.3251	7.3554571291999995	0.4903638086133333	0.3959274474	2.2657798401	1.702727724	9	15	0.126558265583	0.629268292683	9	410
5522	train	LG+G4	LG	True	False	False	0.8612		-2844.5246	5729.0492	5790.0463	6.8697323544	0.36156486075789473	0.3629617176	2.0629484886	1.1644969738	11	19	0.0384615384615	0.660256410256	11	156
5524	train	rtREV+G4	rtREV	True	False	False	1.9433		-2000.0337	4012.0674	4033.244	2.1037074225	0.4207414845	0.2598816653	1.1745697453	0.39855767200000003	4	5	0.0128968253968	0.0555555555556	4	252
5525	train	LG+G4	LG	True	False	False	1.0823		-2931.9956	5899.9912	5954.5391	10.4010482619	0.6118263683470588	0.7282416452	2.6864712407	1.4333478793000003	10	17	0.0398692810458	0.660130718954	10	153
5526	train	LG+G4	LG	True	False	False	1.34		-5509.8653	11063.7306	11147.1769	6.9377379639	0.3303684744714286	0.1720259356	2.1567266806	1.02274257085	12	21	0.115599593496	0.603658536585	12	328
5527	train	WAG+G4	WAG	True	False	False	0.5851		-786.2363	1588.4726	1609.1523	2.2902736579000003	0.32718195112857146	0.2509460257	1.4669511848	1.2450137273	5	7	0.0591836734694	0.214285714286	5	98
5529	train	LG+G4	LG	True	False	False	0.7797		-1466.8921	2953.7842	2985.0832	1.7757348741	0.1973038749	0.1697938461	0.4204446108	0.33981976345	6	9	0.00493096646943	0.165680473373	6	169
553	train	LG+G4	LG	True	False	False	1.1898		-21944.9914	44237.9829	44819.549	46.8536421767	0.27083030159942195	0.16269311	5.4561415360000005	3.15803305805	88	173	0.133210091344	0.856459330144	88	209
5530	train	LG+F+G4	LG	True	False	True	1.0795		-1381.3532	2820.7064	2907.231	4.4726371397	0.49695968218888886	0.4172305516	2.0155360376	1.72779259585	6	9	0.151826484018	0.349315068493	6	146
5531	train	LG	LG	False	False	False			-1539.9559	3089.9117	3104.9981	6.3945837946	1.27891675892	0.7740044152	3.1645572352999998	1.6060199427000001	4	5	0.0496688741722	0.046357615894	4	151
5532	train	WAG+F+G4	WAG	True	False	True	0.9925		-11682.0507	23658.1015	24111.0679	35.4933507602	0.2794752028362205	0.1610259135	7.240407918500002	2.4868077447	65	127	0.215097945533	0.801242236025	65	161
5533	train	LG+F+G4	LG	True	False	True	0.7576		-4580.1236	9230.2472	9369.5967	3.7239027157	0.24826018104666667	0.1488308016	1.4467547746	0.4529322258	9	15	0.091189674523	0.368686868687	9	396
554	train	LG+G4	LG	True	False	False	2.014		-7970.9143	16157.8287	16429.0015	57.1381002711	0.5340009371130842	0.3960324125	7.136689378800001	4.2521787824	55	107	0.181618381618	0.901098901099	55	91
5541	train	LG+G4	LG	True	False	False	1.1719		-2170.2541	4356.5082	4383.2469	7.5096688876	1.0728098410857143	0.8846352136	3.7263804285999997	1.3727097141	5	7	0.167464114833	0.0861244019139	5	209
5542	train	WAG	WAG	False	False	False			-1179.337	2368.674	2384.081	1.2858341095	0.2571668219	0.1474059972	0.881386192	0.2375222399	4	5	0.00310559006211	0.0869565217391	4	161
5543	train	LG+G4	LG	True	False	False	1.9363		-3266.4432	6560.8864	6608.2693	8.8360920534	0.6796993887230769	0.5394394038	2.4406776253	1.23330513525	8	13	0.18119266055	0.362385321101	8	218
5544	train	LG+F+G4	LG	True	False	True	0.6486		-8728.1145	17534.2289	17701.7443	6.6427576956	0.3496188260842105	0.230259111	1.8506120459	0.9412630571999999	11	19	0.0716202616572	0.461254612546	11	542
5545	train	LG	LG	False	False	False			-1751.8269	3517.6538	3540.0045	3.8534197095000002	0.5504885299285714	0.2682097055	1.6083658526	0.8088065348	5	7	0.0866666666667	0.211111111111	5	180
5548	train	LG+F+G4	LG	True	False	True	1.3545		-11371.5939	22821.1878	22996.9716	8.793464475	0.4628139197368421	0.195587985	2.8426537958999996	2.1874563265000004	11	19	0.131886024423	0.705970149254	11	670
555	train	LG+G4	LG	True	False	False	0.7694		-4893.9836	9895.9673	10057.082	18.6274907273	0.35146208919433963	0.2592835252	4.407922686999999	3.3019289018499993	28	53	0.224315068493	0.684931506849	28	146
5551	train	LG+G4	LG	True	False	False	0.888		-11121.542	22271.084	22336.9458	7.4970573269	0.5766967174538462	0.3632595753	3.8889030240999993	3.4952262647	8	13	0.0922181372549	0.567401960784	8	816
5553	train	LG+G4	LG	True	False	False	1.4719		-3436.8352	6889.6704	6922.0494	3.0627039860000003	0.4375291408571429	0.164249799	2.0294457816	0.3164324222	5	7	0.0468085106383	0.111111111111	5	423
5554	train	rtREV+G4	rtREV	True	False	False	1.2453		-1043.7091	2103.4181	2124.6498	3.9640451998999997	0.5662921714142857	0.6142564166	1.4148253228	0.9918296025	5	7	0.0933333333333	0.12380952381	5	105
5555	train	LG+G4	LG	True	False	False	0.9775		-2676.5894	5393.1787	5454.6822	8.371140931	0.44058636478947366	0.3034810452	3.2139481977999993	2.5636772790999998	11	19	0.158522727273	0.6125	11	160
556	train	LG+F+G4	LG	True	False	True	1.286		-48294.6319	96763.2639	97183.0789	27.810376694	0.41508024916417907	0.2915407361	2.7497256763	1.5015730735	35	67	0.144315185358	0.846905537459	35	921
5560	train	LG+F+G4	LG	True	False	True	0.7461		-4408.9676	8879.9353	8999.0851	12.1652476061	1.1059316005545454	1.4486344109	3.9348079729	2.0070598238	7	11	0.144513457557	0.289855072464	7	345
5561	train	LG+G4	LG	True	False	False	0.9979		-3608.2994	7248.5989	7305.0698	6.1779087929	0.4118605861933334	0.4686392279	1.1418833521	0.946130209	9	15	0.126102292769	0.488095238095	9	252
5563	train	LG+G4	LG	True	False	False	0.7854		-3397.3679	6806.7357	6831.7909	1.4258313809	0.28516627618	0.2928011553	0.5640002854	0.38966347445000005	4	5	0.00519750519751	0.047817047817	4	481
5567	train	LG+F+G4	LG	True	False	True	1.2531		-11748.115	23598.2299	23800.8942	17.8218025905	0.5748968577580645	0.5736806593	2.5889366413	1.6316153008	17	31	0.14668462805	0.748091603053	17	393
5569	train	JTT+G4	JTT	True	False	False	0.7883		-3385.9612	6799.9224	6847.5598	5.8775673879	0.4521205683	0.4275748839	1.4834766207999999	1.1231153294	8	13	0.00563063063063	0.369369369369	8	222
557	train	WAG+G4	WAG	True	False	False	2.8405		-7530.8436	15165.6873	15334.2581	18.8970076349	0.3705295614686274	0.3068828115	4.0529549204999995	1.9414884868	27	51	0.205565353714	0.78835978836	27	189
5570	train	WAG+G4	WAG	True	False	False	1.4077		-751.8344	1539.6688	1569.1454	8.6060317376	0.5062371610352941	0.3089839133	3.9078818828000004	1.7965881399000003	10	17	0.0447368421053	0.763157894737	10	38
5571	train	rtREV+G4	rtREV	True	False	False	2.1343		-933.151	1886.3019	1913.8379	2.0592714421	0.2288079380111111	0.15416861	1.1312734428	0.36576756320000003	6	9	0.149425287356	0.275862068966	6	116
5572	train	LG+G4	LG	True	False	False	0.7806		-3413.927	6883.8541	6969.25	14.1465702643	0.5239470468259259	0.2605069591	3.7791631902000002	1.3242302069999998	15	27	0.188034188034	0.608974358974	15	156
5573	train	JTT+F+G4	JTT	True	False	True	1.0792		-10604.5517	21267.1034	21408.2444	14.5866172794	1.6207352532666668	1.8460422165	5.618655432700001	3.0897113546000003	6	9	0.253472222222	0.130208333333	6	960
5574	train	LG+G4	LG	True	False	False	1.5192		-2580.1433	5172.2867	5195.1894	5.392414577	1.0784829154	1.0833442536	1.6655618012	1.4966422745499999	4	5	0.246279761905	0.0267857142857	4	336
5577	train	LG+G4	LG	True	False	False	0.8656		-2793.7511	5611.5022	5651.6675	7.4693467101	0.6790315191	0.4695854816	2.6064186425	1.2985705537999999	7	11	0.0761904761905	0.242857142857	7	210
5578	train	LG+G4	LG	True	False	False	1.3419		-3428.1014	6876.2028	6912.7627	5.881461771300001	0.6534957523666667	0.6216492714	2.5940988092	2.0030318087000003	6	9	0.0909090909091	0.29020979021	6	286
5580	train	JTT+F+G4	JTT	True	False	True	1.025		-12438.6305	24947.2611	25116.5302	8.4203691763	0.5613579450866666	0.4400187316	2.1754040232	1.4690494571000001	9	15	0.261845088913	0.385606874329	9	931
5581	train	WAG+G4	WAG	True	False	False	0.8523		-1839.104	3698.2079	3730.3028	5.8522991508	0.6502554612	0.6464011079	2.3170842079	1.6706253495	6	9	0.265027322404	0.147540983607	6	183
5583	train	JTT+F+G4	JTT	True	False	True	0.8207		-3184.8139	6419.6278	6518.2634	4.500877794	0.9001755588	0.4349252871	2.5430030746	1.23024437995	4	5	0.00719895287958	0.0549738219895	4	382
5584	train	cpREV	cpREV	False	False	False			-1240.3074	2490.6147	2505.6008	3.7709166324	0.75418332648	0.9315491042	1.9064440582	1.2173969655499999	4	5	0.16722972973	0.0337837837838	4	148
5585	train	LG+G4	LG	True	False	False	1.3694		-2957.3499	5930.6999	5961.2368	7.8701403074	1.1243057582	1.4303379945	3.9337657974999996	2.3774436740000002	5	7	0.316071428571	0.0684523809524	5	336
5587	train	LG+F+G4	LG	True	False	True	0.6973		-9239.8002	18537.6004	18671.5826	15.650997426	1.738999714	1.4467455381	5.1314570284	4.112238628	6	9	0.154888888889	0.188	6	750
559	train	LG+F+G4	LG	True	False	True	0.6616		-42333.4553	84864.9105	85335.2696	64.6640605398	0.8185324118962026	0.5345221106	7.6025822815	3.5095447513	41	79	0.385765226073	0.625730994152	41	855
5591	train	JTT	JTT	False	False	False			-235.8211	489.6423	499.4617	2.563652277	0.284850253	0.1771896437	1.1284836102	0.4408622017	6	9	0.0454545454545	0.227272727273	6	22
5593	train	LG+G4	LG	True	False	False	2.1249		-2453.486	4938.972	4986.1522	6.8459159028	0.45639439352	0.3173682171	2.5836566534000003	1.1416655728	9	15	0.00788022064618	0.652482269504	9	141
5596	train	LG+G4	LG	True	False	False	1.9336		-2791.8379	5599.6758	5629.0623	2.8848632913	0.41212332732857143	0.4751848302	0.7615447694	0.6831601427	5	7	0.0611683848797	0.13058419244	5	291
5597	train	LG+G4	LG	True	False	False	1.4962		-2083.0905	4258.181	4352.9614	18.660645607	0.41468101348888886	0.2412983862	3.0328223621	1.4726012605	24	45	0.112787356322	0.793103448276	24	58
5598	train	VT+G4	VT	True	False	False	1.4018		-1322.2065	2716.4131	2781.4529	8.0416154715	0.22976044204285714	0.2029750817	2.3190045124	1.4459395583999999	19	35	0.0	0.844444444444	19	45
5599	train	LG+G4	LG	True	False	False	2.6312		-8928.8997	17997.7994	18200.1238	40.8756336513	0.5924004877	0.3444470326	3.7844670817000003	2.94029536855	36	69	0.102339181287	0.932330827068	36	133
56	train	WAG+G4	WAG	True	False	False	0.7959		-3098.6457	6405.2915	6626.5134	46.3155838543	0.4496658626631068	0.2205905821	6.9552707424	3.3878648838	53	103	0.344796104687	0.596774193548	53	62
560	train	LG+G4	LG	True	False	False	1.0261		-11065.9623	22323.9246	22618.5394	54.6187943832	0.5749346777178947	0.3650266896	4.4883365789	2.9673198612	49	95	0.307149274804	0.823899371069	49	159
5600	train	mtART+G4	mtART	True	False	False	0.8681		-1181.3935	2430.787	2494.4078	14.3342960614	0.43437260792121213	0.1925274832	5.4635074942	0.96391547565	18	33	0.00115740740741	0.8125	18	48
5602	train	LG+G4	LG	True	False	False	1.0162		-8828.6794	17685.3588	17748.0149	7.4206741776000005	0.5708210905846154	0.3742639569	3.8162715106	0.90419742035	8	13	0.125	0.516178736518	8	649
5605	train	WAG+F+G4	WAG	True	False	True	0.9736		-5268.6401	10667.2801	10854.1679	21.726564908	0.48281255351111113	0.3398782583	3.7988254149999996	1.7946101908999998	24	45	0.16762086514	0.786259541985	24	131
5606	train	LG+G4	LG	True	False	False	1.0938		-3215.9274	6491.8548	6574.2028	15.897653435	0.5481949460344828	0.2532887832	3.5519757439	1.826373032	16	29	0.05	0.834782608696	16	115
5607	train	LG+F+G4	LG	True	False	True	1.1568		-9742.927	19575.854	19755.1311	15.6128961472	0.624515845888	0.3736553724	5.0193449459	2.58992167985	14	25	0.0491183879093	0.793450881612	14	397
5608	train	LG+G4	LG	True	False	False	1.6578		-4213.7476	8447.4952	8485.8433	5.1075502345	0.5675055816111111	0.4687120886	1.5892104852	1.1001912966000003	6	9	0.0233918128655	0.277777777778	6	342
5609	train	rtREV+F+G4	rtREV	True	False	True	1.2774		-6107.0358	12348.0717	12554.1083	16.0074607382	0.3405842710255319	0.2627365145	3.5219390942000004	2.7758232081000003	25	47	0.06325	0.875	25	160
5610	train	LG+G4	LG	True	False	False	1.3677		-10720.8054	21497.6108	21616.1194	7.3574370019	0.27249766673703707	0.2175135065	2.1138674519	1.4995798757999999	15	27	0.0712508185986	0.654223968566	15	509
5612	train	WAG+G4	WAG	True	False	False	1.0194		-1470.7979	2965.5958	3000.1894	4.4408410768	0.4037128251636364	0.1839584787	3.0811347124	0.47038703319999997	7	11	0.038961038961	0.469696969697	7	132
5613	train	LG+F+G4	LG	True	False	True	1.6259		-17579.9793	35249.9586	35454.24	13.692537709	0.54770150836	0.4068511527	2.9482382991	2.10801519825	14	25	0.120561519405	0.732658959538	14	692
5617	train	cpREV	cpREV	False	False	False			-858.9971	1743.9941	1769.8509	4.8826852885	0.37559117603846154	0.3274826286	1.7388430111000002	1.3126053247	8	13	0.0625	0.611111111111	8	54
5619	train	LG+G4	LG	True	False	False	1.9223		-8154.4861	16352.9723	16440.171	10.8113484715	0.5148261176904763	0.3218782131	2.7718353781000005	1.55892791355	12	21	0.136032562125	0.696658097686	12	389
5624	train	LG+G4	LG	True	False	False	1.3646		-4557.8471	9155.6943	9223.3842	11.1552547322	0.5871186701157894	0.4446995049	3.3755326696	1.1636660471	11	19	0.107589658048	0.692660550459	11	218
5625	train	LG+F+G4	LG	True	False	True	1.3905		-12551.4956	25184.9912	25365.2653	9.7955679419	0.4664556162809524	0.3251733266	3.0733948572000003	1.6948381018000003	12	21	0.09625	0.686666666667	12	600
5626	train	cpREV+G4	cpREV	True	False	False	0.9493		-602.4086	1216.8172	1230.3082	3.8578480430999997	0.7715696086199999	0.4394506196	2.2959618548	0.73020321255	4	5	0.025	0.0428571428571	4	70
5627	train	WAG+G4	WAG	True	False	False	0.8105		-5709.5296	11471.0592	11564.5217	17.9658743128	0.718634972512	0.4975821572	4.8747745371999995	1.8208383295	14	25	0.271640998407	0.561338289963	14	269
5630	train	LG+G4	LG	True	False	False	1.6841		-3100.0079	6268.0158	6356.5916	17.6553740548	0.5350113349939394	0.4437576263	3.6431205263999997	2.8672406481	18	33	0.129444444444	0.89	18	100
5634	train	cpREV+G4	cpREV	True	False	False	0.8874		-695.5961	1455.1922	1504.9634	6.977549868900001	0.2250822538354839	0.130381429	2.2971518822	1.3594371170000001	17	31	0.0672268907563	0.685714285714	17	35
5635	train	LG+G4	LG	True	False	False	1.0232		-4515.6007	9071.2015	9142.8714	6.4924101999	0.3417057999947368	0.3078470821	2.5197063325	2.1136394835	11	19	0.0727956254272	0.706766917293	11	266
5639	train	LG+G4	LG	True	False	False	1.3906		-3270.4432	6584.8863	6652.9488	8.0973380957	0.38558752836666665	0.2139667746	2.3485198180999998	0.6503108861	12	21	0.0322085889571	0.662576687117	12	163
564	train	LG+G4	LG	True	False	False	1.2815		-2517.8746	5095.7492	5172.0481	14.122203807	0.48697254506896553	0.3405945719	6.5693016196	3.84667178375	16	29	0.0339095744681	0.882978723404	16	94
5640	train	LG+F+G4	LG	True	False	True	1.1976		-8461.6314	17001.2627	17157.7976	13.7244490082	0.7223394214842106	0.4784108034	4.4367615873999995	2.7669038844	11	19	0.0851300288953	0.718826405868	11	409
5643	train	LG+F+G4	LG	True	False	True	1.2376		-3173.8362	6425.6725	6545.3597	8.9697295973	0.4720910314368421	0.4108265405	2.9447343605	1.5720320220000001	11	19	0.0171526586621	0.786163522013	11	159
5645	train	WAG+G4	WAG	True	False	False	1.2735		-2326.8089	4689.6178	4744.5152	4.0788228732	0.2399307572470588	0.2114020025	1.1150308957	0.9784983677500001	10	17	0.0647435897436	0.570512820513	10	156
5646	train	LG+F+G4	LG	True	False	True	2.0109		-4659.9256	9381.8512	9506.4276	6.4261912543	0.5841992049363637	0.5816215326	2.0609549802	1.0579815903	7	11	0.17587765033	0.43795620438	7	411
5647	train	LG	LG	False	False	False			-1467.1237	2944.2474	2959.9848	2.6475454118	0.5295090823599999	0.2585785824	1.2519642343	0.71902598495	4	5	0.030523255814	0.104651162791	4	172
5649	train	LG+G4	LG	True	False	False	0.9365		-3821.211	7678.4219	7741.5179	5.6603846888	0.3329638052235294	0.2464030404	2.4747295078000002	1.4284834274	10	17	0.0373983739837	0.609756097561	10	246
565	train	LG+G4	LG	True	False	False	1.2471		-13944.0516	28104.1033	28469.6287	42.2635820997	0.3949867485953271	0.220089975	7.192210336400001	4.553620595400001	55	107	0.271059216013	0.779816513761	55	218
5651	train	LG+F+G4	LG	True	False	True	1.2408		-5845.3833	11752.7665	11877.7178	9.6539896421	0.877635422009091	0.823404119	3.3199887203	1.873571724	7	11	0.104395604396	0.401442307692	7	416
5652	train	LG+G4	LG	True	False	False	1.2429		-4916.1723	9876.3446	9960.4516	7.0617931327	0.33627586346190474	0.311985744	2.3272497883	0.73156797655	12	21	0.29758382643	0.443786982249	12	338
5653	train	LG+G4	LG	True	False	False	0.9705		-2230.7764	4481.5527	4513.6476	5.5263774947	0.6140419438555555	0.5660369694	2.2728283347	0.79859535255	6	9	0.0391621129326	0.218579234973	6	183
5654	train	LG+G4	LG	True	False	False	1.1212		-6133.5809	12315.1619	12406.701	15.078619380400001	0.6555921469739131	0.2894556414	3.8329486267000004	1.5570694521	13	23	0.296670493685	0.540298507463	13	335
5655	train	LG+G4	LG	True	False	False	0.8133		-4022.4331	8092.8662	8169.6301	13.0325137184	0.5666310312347826	0.2675973048	5.0080021025	1.380001081	13	23	0.0654483637909	0.71270718232	13	181
5656	train	VT+G4	VT	True	False	False	1.22		-1262.0455	2540.091	2563.3922	2.2663379789	0.32376256841428575	0.2561977114	0.8336530558999999	0.5635493389	5	7	0.025	0.132352941176	5	136
5659	train	LG+G4	LG	True	False	False	0.7229		-3503.684	7039.3679	7094.3075	16.6842747497	1.1122849833133333	0.7936265096	6.8121112652	5.6740445574	9	15	0.248908296943	0.449781659389	9	229
5660	train	LG+G4	LG	True	False	False	1.2075		-6208.5655	12469.1309	12559.9505	14.1268447301	0.565073789204	0.4082728077	3.5196103576	2.75591595555	14	25	0.0676072898295	0.847736625514	14	243
5661	train	LG+G4	LG	True	False	False	1.8853		-3870.6699	7777.3399	7839.5357	7.5630598188	0.44488587169411764	0.2583031459	3.5743804184	1.34624226105	10	17	0.0931623931624	0.645299145299	10	234
5663	train	WAG+F	WAG	False	False	True			-9339.6853	18767.3706	18960.8355	8.2778988125	0.33111595250000003	0.2458001268	3.4004148835	3.0957659722999997	14	25	0.28	0.71	14	600
5664	train	WAG	WAG	False	False	False			-1737.8691	3485.7382	3502.9068	2.2362199339999997	0.44724398679999994	0.2327404577	1.3964280553	0.370320333	4	5	0.0622270742358	0.0742358078603	4	229
5665	train	JTT	JTT	False	False	False			-796.5226	1615.0451	1638.2648	6.009893346	0.5463539405454546	0.2119072298	3.7913339321999997	1.6992833451	7	11	0.0444964871194	0.770491803279	7	61
5669	train	JTT+F+G4	JTT	True	False	True	2.3017		-1235.4848	2544.9695	2636.631	7.7193961091	0.4540821240647059	0.1907694803	4.793661973400001	1.1828230781	10	17	0.113636363636	0.647727272727	10	88
567	train	LG+G4	LG	True	False	False	0.6866		-27901.6036	56371.2073	57327.1445	95.0735707835	0.335949013369258	0.285356895	3.9433439439000004	2.2633489006000005	143	283	0.327070126136	0.700934579439	143	214
5670	train	JTT+G4	JTT	True	False	False	1.9223		-1274.9552	2585.9104	2628.3312	5.0766557562	0.2986268091882353	0.1940129662	1.2279236994	0.7812771200499999	10	17	0.0717948717949	0.628205128205	10	78
5671	train	LG+G4	LG	True	False	False	0.4656		-2384.8796	4793.7592	4837.3767	2.0247820891	0.1840710990090909	0.133423298	0.9674491956	0.3411329526	7	11	0.0030612244898	0.185714285714	7	280
5673	train	LG+F+G4	LG	True	False	True	2.0014		-2974.0121	6022.0242	6131.9073	17.8526959646	1.050158586152941	0.8038671849	5.145541640499999	3.0794875175	10	17	0.0701388888889	0.777777777778	10	144
5674	train	LG+G4	LG	True	False	False	0.8106		-2855.2942	5734.5885	5777.8139	3.7489798461	0.34081634964545454	0.1984781496	1.7016537753999998	1.5074017657999998	7	11	0.0769636267791	0.354243542435	7	271
5675	train	LG+F+G4	LG	True	False	True	1.5543		-9301.2242	18664.4484	18804.5419	8.2133875635	0.7466715966818182	0.4604065964	3.2956459122000004	1.1155911089000001	7	11	0.0693215339233	0.399705014749	7	678
5676	train	LG+G4	LG	True	False	False	1.229		-6125.6892	12279.3784	12336.5933	15.8850350499	1.2219257730692308	0.8850094923	5.83549262	2.98410176405	8	13	0.300284090909	0.327272727273	8	440
5678	train	LG+G4	LG	True	False	False	1.2111		-1030.1371	2092.2743	2126.8164	6.7977569222000005	0.4531837948133334	0.3353405018	3.4112578597000005	1.1388440575	9	15	0.03125	0.65625	9	64
5679	train	LG+G4	LG	True	False	False	1.3664		-668.5063	1353.0126	1371.9682	2.260471285	0.3229244692857143	0.2490507415	1.1647481999	0.41942919069999995	5	7	0.0708860759494	0.0886075949367	5	79
568	train	LG+G4	LG	True	False	False	1.1221		-14146.3395	28436.679	28694.1474	57.4430326561	0.8090567979732395	0.4989603648	7.348928580100001	3.9485080169	37	71	0.316339066339	0.757575757576	37	264
5680	train	LG+F+G4	LG	True	False	True	1.6928		-12309.0416	24668.0832	24797.7746	4.6540929424	0.93081858848	0.9777229417	2.2429135491	1.40305190125	4	5	0.0230536659108	0.0702947845805	4	1323
5681	train	LG+G4	LG	True	False	False	1.4843		-10987.8593	22087.7186	22286.2486	26.8058736819	0.4873795214890909	0.4016930544	4.2535051922	3.0028021087	29	55	0.225484913793	0.79296875	29	256
5685	train	JTT+G4	JTT	True	False	False	0.7815		-3091.4187	6202.8374	6239.9747	2.9212473882	0.3245830431333333	0.2591589769	1.3404661795	0.3956221848	6	9	0.0225522552255	0.234323432343	6	303
5687	train	LG+G4	LG	True	False	False	1.0038		-4858.5042	9745.0085	9797.6331	9.5226599749	0.7325123057615385	0.501435779	2.7747955329	1.7300687691999999	8	13	0.107649842271	0.457413249211	8	317
5689	train	WAG	WAG	False	False	False			-7365.4474	14760.8948	14828.9669	6.2836911068	0.4189127404533333	0.3118964758	2.4405199528	1.6070938943	9	15	0.402797877472	0.419681620839	9	691
5690	train	LG+G4	LG	True	False	False	0.6901		-11895.8653	24023.7306	24408.6325	34.7752940925	0.302393861673913	0.2046139555	3.3747954374	2.0465944207	59	115	0.145480225989	0.740196078431	59	204
5691	train	LG+G4	LG	True	False	False	0.9894		-4441.4597	8906.9193	8954.7568	5.5054476426	0.5004952402363636	0.4483491421	2.0581914097	1.2729827375	7	11	0.145728643216	0.386934673367	7	398
5693	train	LG+F+G4	LG	True	False	True	1.3265		-2375.6711	4829.3422	4946.2334	8.1189300111	0.4273121058473684	0.3396707008	2.6091220961999997	1.8622119701	11	19	0.199017199017	0.587837837838	11	148
57	train	LG+G4	LG	True	False	False	1.1963		-1821.6126	3751.2253	3861.5501	21.7842977785	0.41102448638679245	0.1578537321	5.6603731462999995	3.5766450366000004	28	53	0.229323308271	0.736842105263	28	57
570	train	LG+G4	LG	True	False	False	1.2339		-11842.2105	23780.4209	23955.4024	26.1186050009	0.555715000019149	0.2968471331	7.140145217500001	1.2263216615	25	47	0.100777385159	0.855123674912	25	283
5701	train	LG+G4	LG	True	False	False	0.7599		-10979.1021	22022.2042	22156.6854	7.2765497232	0.23472741042580644	0.1686776864	1.2304891863	0.9278380346	17	31	0.00904977375566	0.655870445344	17	494
5702	train	JTT	JTT	False	False	False			-742.1775	1498.3551	1519.2881	0.599772782	0.08568182599999999	0.0303752936	0.4382697353	0.3794309722	5	7	0.047619047619	0.224489795918	5	147
5703	train	LG+F+G4	LG	True	False	True	0.7162		-3647.2492	7380.4984	7522.9662	7.5099436734	0.32651929014782605	0.2186346102	1.5797750033	0.6054625519000001	13	23	0.120121258052	0.541871921182	13	203
5704	train	LG+G4	LG	True	False	False	1.3638		-4163.0365	8370.073	8443.7094	11.3648603488	0.5411838261333334	0.4588950596	3.3775585487	2.5345940107000002	12	21	0.206746031746	0.671428571429	12	210
5707	train	LG+G4	LG	True	False	False	1.1299		-3432.8672	6893.7345	6944.6715	8.7362284915	0.6720175762692308	0.3668192198	4.3946277596	1.1343511319	8	13	0.248220640569	0.334519572954	8	281
5708	train	LG	LG	False	False	False			-18749.9785	37537.957	37628.2057	13.2965313443	0.6998174391736842	0.6576960928	3.6784244990999997	2.1221644255	11	19	0.170215030871	0.736533957845	11	854
5710	train	cpREV+G4	cpREV	True	False	False	0.5982		-2525.6033	5071.2067	5108.344	1.669082427	0.185453603	0.1271182922	0.650288314	0.43072150335000003	6	9	0.00770077007701	0.174917491749	6	303
5712	train	LG+F+G4	LG	True	False	True	2.0908		-11400.7589	22895.5178	23093.037	13.9424820163	0.5163882228259259	0.3233225896	4.8681606124	4.3361183233	15	27	0.227530364372	0.708502024291	15	494
5714	train	LG+G4	LG	True	False	False	0.9109		-1527.1631	3070.3261	3094.725	3.391947654	0.4845639505714286	0.3811744921	1.0638606816	0.834050728	5	7	0.0294871794872	0.153846153846	5	156
5715	train	VT+F+G4	VT	True	False	True	2.1726		-4913.5824	9897.1647	10029.4908	7.6063017083	0.5070867805533333	0.4024752109	1.8521041215	1.2493678666	9	15	0.198559670782	0.567901234568	9	324
5717	train	LG+F+G4	LG	True	False	True	1.4622		-4011.7838	8105.5676	8240.5931	14.5605748096	0.6933607052190476	0.4878861768	2.7839432191	2.18229438065	12	21	0.115577889447	0.658291457286	12	199
5719	train	LG+G4	LG	True	False	False	1.2866		-3985.8542	8015.7084	8087.6012	7.0740520815	0.3368596229285714	0.2759524014	1.7881484751999999	1.1834211367	12	21	0.0115979381443	0.690721649485	12	194
572	train	LG+G4	LG	True	False	False	0.6956		-1415.4065	2942.8129	3040.1224	29.0251928414	0.5277307789345455	0.1888216359	17.186271087899996	15.222952245999998	29	55	0.0	0.904761904762	29	42
5720	train	LG+G4	LG	True	False	False	1.4145		-2244.7261	4521.4522	4567.4554	8.6921282258	0.5794752150533333	0.3911296499	2.7479034918	1.5917492709999999	9	15	0.0559796437659	0.587786259542	9	131
5721	train	WAG	WAG	False	False	False			-2040.2416	4110.4831	4151.2606	5.6640518821	0.3776034588066667	0.3552652855	2.5915612121	1.885685167	9	15	0.0575396825397	0.696428571429	9	112
5722	train	JTT	JTT	False	False	False			-3402.3279	6814.6559	6836.9082	0.734876765	0.146975353	0.0628503565	0.5671174484	0.3215381939	4	5	0.0134281200632	0.314375987362	4	633
5724	train	LG+G4	LG	True	False	False	0.9393		-1757.4843	3542.9686	3582.4525	5.3350253683	0.4103865667923077	0.349041915	1.3884935027999998	1.0888064065499998	8	13	0.0372983870968	0.540322580645	8	124
5725	train	LG+F+G4	LG	True	False	True	1.747		-2554.7794	5195.5587	5312.8364	16.1443544578	0.7019284546869564	0.5199706587	3.9430977203999995	2.7768524591	13	23	0.0939414567733	0.752212389381	13	113
5727	train	JTT+G4	JTT	True	False	False	0.8044		-649.5832	1311.1663	1326.7973	1.1463963708	0.22927927416	0.2652076883	0.34426154059999997	0.30287542455000005	4	5	0.0075	0.02	4	100
5728	train	LG+G4	LG	True	False	False	0.7691		-2805.9471	5635.8942	5679.4688	2.4724191053999998	0.2247653732181818	0.2189450045	1.1504601779999999	0.9919974563999999	7	11	0.0174091141833	0.347670250896	7	279
5729	train	LG+G4	LG	True	False	False	0.9811		-7801.9124	15667.8249	15789.2013	8.805161943	0.28403748203225804	0.185553478	2.2097056096000003	1.6088501374000002	17	31	0.0356886657102	0.716463414634	17	328
573	train	LG+G4	LG	True	False	False	1.9402		-7846.9714	15933.9428	16262.2866	49.4885449979	0.4158701260327731	0.2364403808	7.857126474099999	3.4980440207	61	119	0.269916594766	0.815789473684	61	114
5731	train	LG+F+G4	LG	True	False	True	1.6053		-14494.9846	29051.9693	29208.8174	14.583330658	1.3257573325454546	1.3212490221	6.576211814600001	5.4581192746	7	11	0.283996072656	0.246563573883	7	1164
5732	train	LG+G4	LG	True	False	False	0.715		-3749.8377	7675.6755	7893.6811	13.1015535695	0.15059256976436783	0.1156780885	1.3571198432	0.4924197281	45	87	0.0444444444444	0.772727272727	45	88
5733	train	LG+G4	LG	True	False	False	0.6192		-871.3007	1774.6014	1807.842	7.826833152	0.5217888768	0.2407192796	4.6650068999	1.6125023404999999	9	15	0.0	0.474576271186	9	59
5735	train	LG+F+G4	LG	True	False	True	1.3765		-8431.5149	16929.0297	17071.197	7.9755131124	0.6135010086461539	0.4246205361	3.4151893356	1.2884606807	8	13	0.0630692167577	0.433515482696	8	549
5736	train	JTT+F+G4	JTT	True	False	True	1.1524		-8626.0021	17310.0042	17445.4932	8.3289876595	0.9254430732777776	0.6539819946	3.290079878	1.8550576732000001	6	9	0.231856540084	0.144303797468	6	790
5738	train	JTT+G4	JTT	True	False	False	2.5221		-1892.8018	3797.6037	3818.2321	2.4697841277	0.49395682554000003	0.3882809765	1.6818959584	0.8740371231999999	4	5	0.0413043478261	0.178260869565	4	230
574	train	LG+G4	LG	True	False	False	1.3555		-19052.2468	38324.4937	38721.5356	39.4024220093	0.3614901101770642	0.253779503	5.2481053544	2.9499237785000005	56	109	0.261250654108	0.794871794872	56	273
5740	train	LG+G4	LG	True	False	False	1.0001		-4150.2036	8324.4072	8369.8868	5.0507292252000004	0.4591572022909091	0.3302307561	2.3067777253	1.4360057213000001	7	11	0.0292704237658	0.37003058104	7	327
5741	train	LG+G4	LG	True	False	False	0.8087		-2511.6325	5043.265	5077.1099	5.1756553113	0.5750728123666666	0.6372801024	1.4354350083999998	1.2406251149999998	6	9	0.0680428134557	0.215596330275	6	218
5743	train	LG+F+G4	LG	True	False	True	1.2111		-8297.7405	16653.481	16790.1919	4.1320831239	0.45912034710000005	0.3027343266	1.8550370737	0.8290295384499999	6	9	0.127224919094	0.234223300971	6	824
5745	train	JTT+G4	JTT	True	False	False	0.5739		-994.0445	2004.0891	2029.765	1.2187897884	0.17411282691428573	0.0302294804	1.1168258188	0.0416516934	5	7	0.0688524590164	0.0382513661202	5	183
5746	train	JTT+G4	JTT	True	False	False	2.0074		-711.6274	1447.2548	1472.7804	3.4887704758	0.31716095234545455	0.1918957198	1.2972552769	0.6435535428	7	11	0.0299539170507	0.403225806452	7	62
5749	train	JTT+F+G4	JTT	True	False	True	1.5313		-3909.2529	7896.5058	8034.4618	10.0963749422	0.5313881548526316	0.4876915629	2.8490952361	1.8252970371	11	19	0.300644237652	0.527559055118	11	254
575	train	WAG+F	WAG	False	False	True			-4763.094	9614.188	9755.4054	13.4182658616	0.536730634464	0.3760160459	3.9035938776000005	2.34903825485	14	25	0.129976580796	0.841530054645	14	183
5750	train	LG+G4	LG	True	False	False	0.9971		-5773.3991	11586.7981	11663.7269	7.2949692055	0.38394574765789474	0.2517784016	1.7593865111	1.3487097000000001	11	19	0.0725170782974	0.693641618497	11	346
5754	train	LG+G4	LG	True	False	False	0.9293		-1460.3793	2952.7585	2995.0688	4.7072884755	0.31381923170000003	0.2201017904	1.3713948540999998	0.8777821719	9	15	0.0245726495726	0.538461538462	9	104
5759	train	LG+G4	LG	True	False	False	0.8929		-965.3952	1958.7903	1988.1112	9.1997619356	0.7076739950461538	0.5947592264	3.6550553939999997	1.707398974	8	13	0.00833333333333	0.583333333333	8	60
5760	train	LG+G4	LG	True	False	False	1.0144		-6649.0026	13326.0053	13385.2595	4.3003185556	0.33079373504615384	0.1910854432	1.8033088116	0.5894575149	8	13	0.0203831041257	0.34184675835	8	509
5761	train	JTT+G4	JTT	True	False	False	1.0359		-7630.9464	15293.8928	15363.8932	3.833920054	0.25559467026666666	0.2335457479	1.6787170378999998	1.6093853149	9	15	0.0810145750521	0.504258943782	9	587
5764	train	LG+G4	LG	True	False	False	0.5148		-2137.3622	4298.7243	4338.364	3.2858685451	0.2987153222818182	0.222658805	1.5562198655	0.7408610478	7	11	0.0127931769723	0.313432835821	7	201
5765	train	LG+G4	LG	True	False	False	1.4124		-2900.0484	5820.0967	5856.6216	4.3084277725	0.47871419694444445	0.3820349803	1.8719083836	0.56690158625	6	9	0.128070175439	0.20701754386	6	285
5768	train	WAG+G4	WAG	True	False	False	1.3642		-2186.1843	4408.3685	4460.5296	9.0382111313	0.5316594783117647	0.3465850713	2.5487932388	1.5623742295	10	17	0.172388059701	0.485074626866	10	134
577	train	JTT	JTT	False	False	False			-506.7701	1031.5402	1054.7126	0.4021919723	0.04468799692222222	0.0402384736	0.1479734592	0.07985147299999999	6	9	0.0	0.0721649484536	6	97
5773	train	LG+G4	LG	True	False	False	1.2161		-19201.837	38715.674	39233.3007	111.0822284635	0.7166595384741936	0.5199348523	6.8819632448	4.349621873	79	155	0.401216182676	0.700980392157	79	204
5777	train	LG+G4	LG	True	False	False	1.0696		-2447.9092	4955.8185	5035.7216	11.5340164527	0.39772470526551723	0.2466541445	3.0139007727	1.6980513189500002	16	29	0.0683962264151	0.735849056604	16	106
5778	train	cpREV+G4	cpREV	True	False	False	1.3485		-2882.1811	5832.3623	5924.4863	17.8738047279	0.5416304463	0.343786622	4.7739815787	2.9292390581	18	33	0.237737737738	0.657657657658	18	111
5781	train	LG+F+G4	LG	True	False	True	1.3065		-9968.7419	20011.4838	20168.3018	12.9261537373	0.7603619845470588	0.5849223207	2.4898531251	1.56658364455	10	17	0.122265625	0.59765625	10	512
5782	train	LG+G4	LG	True	False	False	1.0813		-8652.495	17340.9899	17416.6356	9.465335038600001	0.5567844140352942	0.4326426698	2.2484182710000002	1.17606315	10	17	0.113765182186	0.564777327935	10	494
5784	train	LG+G4	LG	True	False	False	4.6155		-996.8714	2009.7428	2031.2736	3.4481067098000002	0.49258667282857144	0.2726047488	2.9495764259999997	1.7566509220000002	5	7	0.0422018348624	0.504587155963	5	109
5786	train	LG+F+G4	LG	True	False	True	0.7677		-3399.7019	6885.4037	7020.746	10.7312533628	0.4665762331652174	0.5028312794	3.1330484100000007	2.5747287372	13	23	0.106440071556	0.68023255814	13	172
5788	train	cpREV+G4	cpREV	True	False	False	1.3816		-1495.7519	3015.5037	3047.9095	6.1058742205000005	0.5550794745909091	0.3894330757	2.7899609222	0.6829049645	7	11	0.0168831168831	0.354545454545	7	110
5789	train	LG+G4	LG	True	False	False	0.7065		-2546.1106	5116.2211	5156.0386	5.2546556544000005	0.47769596858181823	0.4353640023	1.6216219600000001	1.1061765755	7	11	0.0168067226891	0.323529411765	7	204
5791	train	LG+G4	LG	True	False	False	0.4628		-807.9866	1631.9732	1653.7212	1.7338759111	0.2476965587285714	0.1743122677	0.7232567886	0.3955410656	5	7	0.00714285714286	0.0803571428571	5	112
5792	train	LG+G4	LG	True	False	False	2.1203		-1860.3353	3756.6705	3804.9489	5.7233482159	0.3366675421117647	0.2350969616	1.6815443789000002	1.2317082625	10	17	0.0037037037037	0.722222222222	10	108
5793	train	LG+G4	LG	True	False	False	0.7566		-3198.2635	6412.527	6444.7917	1.6192193384	0.23131704834285713	0.1805357608	0.772925174	0.2018913591	5	7	0.000959232613909	0.117505995204	5	417
5794	train	LG+G4	LG	True	False	False	0.7317		-822.8405	1673.6809	1707.0293	2.4798565018	0.19075819244615386	0.1471838528	0.6062451193999999	0.44561296055	8	13	0.009375	0.325	8	80
5795	train	JTT+G4	JTT	True	False	False	0.9198		-5262.4851	10548.9702	10598.854	7.2837438416	0.6621585310545455	0.4234870753	2.6319482218	1.1608061718	7	11	0.25181598063	0.220338983051	7	472
5796	train	JTT+G4	JTT	True	False	False	1.4053		-2364.0958	4760.1916	4811.9746	6.1213046037	0.40808697357999996	0.2682828678	2.1371150091	1.3524036893	9	15	0.295508274232	0.441489361702	9	188
5797	train	LG	LG	False	False	False			-1359.349	2732.6981	2752.8244	2.9786364122999998	0.42551948747142854	0.3648620394	0.8922658666	0.6687925833999999	5	7	0.0198473282443	0.251908396947	5	131
5798	train	WAG+F+G4	WAG	True	False	True	1.1059		-1552.285	3162.5701	3250.6417	4.1008486215	0.4556498468333333	0.4445923263	1.4098458106999998	1.0719633251	6	9	0.0887445887446	0.207792207792	6	154
5799	train	WAG+F+G4	WAG	True	False	True	1.1483		-867.6823	1805.3645	1890.8573	3.3112188954	0.22074792636	0.1711834192	0.8616360182	0.37980279359999997	9	15	0.0483660130719	0.435294117647	9	85
580	train	LG+G4	LG	True	False	False	1.3316		-6878.8337	13773.6674	13810.7445	3.7019544238	0.5288506319714286	0.3409183988	1.7252123014	0.5957841139	5	7	0.0331143232589	0.156373193167	5	761
5800	train	LG+G4	LG	True	False	False	1.0154		-1494.5687	3013.1373	3047.8215	2.7301398533	0.2481945321181818	0.2157568834	1.0449489564999999	0.8909888053	7	11	0.00429645542427	0.353383458647	7	133
5801	train	LG+G4	LG	True	False	False	1.3732		-1528.4167	3088.8335	3131.8951	5.4675358648	0.3645023909866667	0.292111818	2.3260434324	1.1235998841	9	15	0.134556574924	0.559633027523	9	109
5802	train	LG+F+G4	LG	True	False	True	2.9008		-15537.9376	31209.8752	31470.8001	24.9916855775	0.5317379910106383	0.373228597	3.7571182422000002	2.4647846948	25	47	0.136418732782	0.878787878788	25	363
5804	train	LG+G4	LG	True	False	False	1.3781		-2389.3254	4806.6507	4850.7157	8.701896572	0.6693766593846154	0.6293023601	3.2429649741999995	1.44568522135	8	13	0.18386627907	0.441860465116	8	172
5805	train	LG+G4	LG	True	False	False	1.6236		-2895.3179	5810.6359	5846.2041	5.8107142966000005	0.6456349218444445	0.6685801688	2.7789768315	1.4181110614	6	9	0.13963963964	0.289575289575	6	259
5806	train	LG+G4	LG	True	False	False	1.3477		-7368.0663	14748.1325	14776.285	6.793477908	1.3586955816	1.3201835277	2.8824428229	1.45736224825	4	5	0.105148883375	0.0248138957816	4	806
5808	train	LG+G4	LG	True	False	False	1.461		-1699.9995	3463.9989	3532.0672	12.1983898365	0.39349644633870967	0.2207155268	4.5605450618	2.223102985	17	31	0.073055028463	0.887096774194	17	62
5809	train	LG+G4	LG	True	False	False	1.3209		-7236.697	14501.3939	14559.1701	7.1203743272	0.5477211020923077	0.6235824553	2.1795721303	1.3516554575500002	8	13	0.0884279475983	0.508733624454	8	458
581	train	LG+G4	LG	True	False	False	1.3782		-5870.0392	11760.0784	11805.9676	3.6241549274	0.4026838808222222	0.0481145126	2.0858873059	0.6922318571999999	6	9	0.0426409903714	0.108665749656	6	727
5810	train	LG+G4	LG	True	False	False	1.2879		-4227.1815	8470.3631	8502.1332	6.8147589496	0.9735369928	0.8889434392	3.9977206768	1.8632151720999999	5	7	0.0933673469388	0.117346938776	5	392
5811	train	LG+G4	LG	True	False	False	1.2783		-1849.0777	3738.1555	3791.9824	6.4073226072	0.3372275056421053	0.1733079309	2.1652134606	1.1154612445	11	19	0.00917431192661	0.54128440367	11	109
5812	train	JTT	JTT	False	False	False			-850.6728	1711.3455	1724.6153	1.6229829464	0.32459658928	0.3111101843	0.7270130827	0.35390374675	4	5	0.0	0.047619047619	4	105
5813	train	rtREV+G4	rtREV	True	False	False	0.8215		-964.4585	1956.9171	1991.4398	2.3000292472	0.1769253267076923	0.1789442005	1.0038713092	0.5861553471000001	8	13	0.00862068965517	0.425287356322	8	87
5814	train	LG+G4	LG	True	False	False	1.2212		-1950.1556	3936.3112	3987.6477	6.6359274704	0.3903486747294118	0.2183521034	3.0281764414000003	1.7777797531500001	10	17	0.11953125	0.5703125	10	128
5815	train	LG+F+G4	LG	True	False	True	1.1703		-4766.0684	9598.1368	9726.0095	11.5600605786	0.889235429123077	0.5503396511	3.1479883105999997	2.10805206195	8	13	0.179073033708	0.463483146067	8	356
5816	train	WAG	WAG	False	False	False			-1317.7801	2661.5602	2693.7655	4.2500505269	0.3269269636076923	0.2641307415	1.5256601756000001	0.6841866682	8	13	0.0227272727273	0.602272727273	8	88
5817	train	LG+G4	LG	True	False	False	1.2576		-2212.3541	4440.7082	4468.7834	2.8054042045	0.4007720292142857	0.3042895643	1.6627391233000002	1.4348669417000002	5	7	0.0558704453441	0.238866396761	5	247
5818	train	LG+F+G4	LG	True	False	True	1.657		-11002.1103	22078.2207	22238.6177	10.6123219885	0.6242542346176471	0.3987528576	3.0583000197	2.6813778289999997	10	17	0.00443262411348	0.762411347518	10	564
582	train	LG+G4	LG	True	False	False	1.2724		-6584.3744	13188.7488	13235.3673	4.0908571505	0.45453968338888884	0.0447751271	2.3040324385	0.84617186975	6	9	0.0266410912191	0.12915601023	6	782
5820	train	JTT+G4	JTT	True	False	False	2.0507		-1787.8855	3595.771	3628.3979	4.0032487882000005	0.4448054209111112	0.1518229804	3.2249803595000004	0.6305927164	6	9	0.144214162349	0.279792746114	6	193
5824	train	LG+F+G4	LG	True	False	True	1.3245		-4555.5449	9177.0898	9302.5597	6.5429327541	0.5033025195461538	0.4610615461	1.9278074732999997	1.4057249569999999	8	13	0.0679758308157	0.498489425982	8	331
5825	train	LG+F+G4	LG	True	False	True	1.0537		-4801.9827	9673.9654	9805.0825	7.8751494448	0.5250099629866667	0.5287900543	3.115006836	2.5151436133000002	9	15	0.140220092297	0.539936102236	9	313
5826	train	LG+F+G4	LG	True	False	True	1.9095		-3366.2777	6802.5554	6921.963	8.0885585704	0.5392372380266667	0.5502205982	2.2696642691999998	1.6709287926000003	9	15	0.130456349206	0.629464285714	9	224
5827	train	LG+G4	LG	True	False	False	0.7354		-3311.9496	6715.8993	6825.4725	22.5011595319	0.5000257673755556	0.3935903472	3.1968702072	1.6448169511500002	24	45	0.0354166666667	0.825	24	80
5828	train	LG+G4	LG	True	False	False	1.9417		-1898.4706	3844.9413	3904.1231	7.8871664956	0.3429202824173913	0.242904427	2.4377049157	1.7566627525	13	23	0.00176834659593	0.747126436782	13	87
5829	train	LG+G4	LG	True	False	False	1.0151		-3295.9282	6643.8564	6720.1527	14.7111687484	0.588446749936	0.3841281276	5.1364725834	2.3864547351	14	25	0.112024665982	0.769784172662	14	139
583	train	LG	LG	False	False	False			-822.5423	1655.0846	1668.6322	1.5430646709	0.30861293418	0.1994989047	0.9046448932	0.65295479355	4	5	0.0225225225225	0.234234234234	4	111
5830	train	WAG+G4	WAG	True	False	False	0.8198		-4688.6083	9453.2165	9574.9688	14.2338263182	0.38469800860000003	0.2644865776	3.5001089234	2.04257434275	20	37	0.237637362637	0.598901098901	20	182
5831	train	LG	LG	False	False	False			-1279.2272	2568.4544	2583.5408	2.7633752818	0.55267505636	0.3216231524	1.1346355346	0.69242962595	4	5	0.0115894039735	0.046357615894	4	151
5834	train	LG+F+G4	LG	True	False	True	1.2017		-3359.0238	6800.0477	6929.3326	11.3860534384	0.5421930208761905	0.3603571094	3.9042787356	1.5553177528000002	12	21	0.0736994219653	0.71676300578	12	173
5835	train	LG+F	LG	False	False	True			-4191.3814	8454.7628	8579.4608	6.795588349	0.39974049111764703	0.3056364308	2.5074001445	1.45810255345	10	17	0.0737288135593	0.834745762712	10	236
5836	train	LG	LG	False	False	False			-1172.8167	2355.6333	2370.3771	2.3051871914	0.46103743828	0.2576169403	1.1811161096	0.5675682859	4	5	0.0425531914894	0.0780141843972	4	141
5838	train	LG+G4	LG	True	False	False	0.8988		-4843.7544	9715.5087	9772.2709	3.4091826788	0.26224482144615385	0.1393207009	1.6392515611	0.32837216195	8	13	0.0554577464789	0.361502347418	8	426
5839	train	LG+F+G4	LG	True	False	True	1.8117		-6020.711	12123.422	12268.4527	17.4113690937	0.8291128139857142	0.7505667244	4.2697571577	3.68410550505	12	21	0.0826771653543	0.822834645669	12	254
584	train	LG+G4	LG	True	False	False	0.9497		-18685.915	37427.83	37559.1039	10.4496594014	0.3870244222740741	0.3718724895	2.389722623	1.0426516271	15	27	0.102615193026	0.699875466999	15	803
5840	train	LG+G4	LG	True	False	False	1.9278		-1425.4572	2894.9144	2944.0647	8.819840814600001	0.41999241974285717	0.3159873375	2.9202675494	1.5386143214499999	12	21	0.0797101449275	0.826086956522	12	69
5843	train	WAG+G4	WAG	True	False	False	1.0834		-2298.3134	4624.6268	4666.9612	5.2187632961	0.40144333046923075	0.3466459365	1.3692992755000002	0.8657447540500001	8	13	0.00986842105263	0.447368421053	8	152
5845	train	LG+F	LG	False	False	True			-2239.7502	4535.5004	4626.7103	4.0960220951	0.45511356612222226	0.4149048647	1.8834011321	1.2954691715499997	6	9	0.0173611111111	0.526041666667	6	192
5846	train	LG+G4	LG	True	False	False	0.951		-3896.2979	7824.5958	7883.2032	4.5524985079	0.3034999005266667	0.2453787462	1.6257308883000001	1.1998379050999999	9	15	0.0694444444444	0.548611111111	9	288
5847	train	LG+G4	LG	True	False	False	0.7882		-697.8613	1411.7225	1431.169	2.1998539442	0.31426484917142855	0.2922355994	0.8646336087	0.7232896524	5	7	0.00714285714286	0.142857142857	5	84
5848	train	WAG+G4	WAG	True	False	False	1.1755		-2217.5431	4459.0861	4495.2935	6.1964843758	0.5633167614363637	0.4842355167	1.8424285901	1.4372544813	7	11	0.0160832544939	0.311258278146	7	151
585	train	rtREV+G4	rtREV	True	False	False	1.633		-7098.1841	14256.3682	14360.2832	17.0612673842	0.5883195649724138	0.5521468138	4.8951438478	3.6281030860000003	16	29	0.111228813559	0.826271186441	16	236
5852	train	LG+F+G4	LG	True	False	True	1.0496		-2534.7203	5135.4406	5238.5314	12.8451912662	0.9880916358615385	0.3694225941	3.0487451669	1.88151066885	8	13	0.0446428571429	0.535714285714	8	168
5853	train	VT+G4	VT	True	False	False	1.7316		-927.3792	1874.7584	1898.5787	3.7307234837	0.4145248315222222	0.3949396234	1.9091183831000003	1.50910925265	6	9	0.0416666666667	0.45	6	80
5856	train	WAG+G4	WAG	True	False	False	1.2166		-2473.5319	4971.0638	5009.643	6.3369805063	0.5760891369363637	0.4973580938	2.3332130017	0.8096124875999999	7	11	0.11102484472	0.369565217391	7	184
5857	train	JTT+G4	JTT	True	False	False	1.0483		-1226.4089	2544.8179	2617.6597	9.9150939881	0.2203354219577778	0.1806119145	1.9346824670999998	0.9305849969	24	45	0.00231481481481	0.833333333333	24	36
5858	train	LG+G4	LG	True	False	False	1.9737		-3945.0238	7938.0475	8015.3361	10.8125228562	0.4701096894	0.3836897035	2.2661535893	1.9425680745	13	23	0.188773388773	0.664864864865	13	185
5861	train	LG+G4	LG	True	False	False	1.7374		-2073.3648	4210.7297	4284.0244	13.1937556401	0.42560502064838707	0.3227548442	3.391984023	2.605062663	17	31	0.112812248187	0.849315068493	17	73
5862	train	LG+G4	LG	True	False	False	3.3427		-3529.6274	7135.2549	7231.0829	16.6100288304	0.44891969811891896	0.3546690032	3.9128518246999997	1.9352418371	20	37	0.020652173913	0.95652173913	20	92
5864	train	LG+F+G4	LG	True	False	True	1.3033		-5191.1552	10468.3104	10620.5847	10.4203030496	0.45305665433043474	0.3493966965	2.9656267055	1.4564026551	13	23	0.110407239819	0.737254901961	13	255
587	train	LG+G4	LG	True	False	False	0.7379		-3016.3152	6076.6304	6149.8437	13.7312212624	0.6538676791619048	0.2021195833	6.987615119	1.8582108094999998	12	21	0.156957928803	0.466019417476	12	206
5870	train	LG+F+G4	LG	True	False	True	0.9357		-7757.1825	15588.365	15761.6957	5.8408374759	0.34357867505294115	0.0901486961	3.9196608757	0.54925643725	10	17	0.204	0.5725	10	800
5873	train	JTT+G4	JTT	True	False	False	0.639		-1119.5143	2263.0287	2296.7749	2.2041527465	0.20037752240909093	0.1461709366	0.9091826513	0.5250081412000001	7	11	0.0627177700348	0.325203252033	7	123
5874	train	LG+G4	LG	True	False	False	2.3416		-3864.3215	7740.6429	7764.8987	4.1776236115	0.8355247223	0.5801537492	1.9357394744	1.07828487505	4	5	0.0783847980998	0.0451306413302	4	421
5879	train	WAG+G4	WAG	True	False	False	1.3237		-898.7039	1813.4078	1834.4856	2.2301766582	0.3185966654571429	0.1835231727	1.2263715726	0.3544653827	5	7	0.0116504854369	0.0776699029126	5	103
5880	train	LG+F+G4	LG	True	False	True	1.287		-6733.6613	13537.3227	13677.4587	7.7542249791	0.51694833194	0.4276061991	2.8547305366	2.2781495825	9	15	0.040329218107	0.683950617284	9	405
5881	train	LG+F+G4	LG	True	False	True	1.4203		-4828.9399	9763.8799	9931.6135	22.138389812899998	0.670860297360606	0.5536701713	5.8612244105	3.3526481873000002	18	33	0.217142857143	0.771428571429	18	175
5882	train	WAG	WAG	False	False	False			-4020.3261	8070.6521	8122.3532	6.0005508045000004	0.40003672030000004	0.3337880016	2.5398031178	1.8285081383	9	15	0.0905172413793	0.715517241379	9	232
5888	train	WAG+G4	WAG	True	False	False	1.2481		-1262.2134	2540.4267	2563.9599	2.4644089184	0.35205841691428574	0.2558136074	1.0471593006000002	0.7208501378	5	7	0.0628571428571	0.128571428571	5	140
5889	train	LG+G4	LG	True	False	False	0.5802		-811.7872	1643.5744	1667.6416	2.565834218	0.2850926908888889	0.3148550506	1.1441180118	0.9099804308500001	6	9	0.0	0.219512195122	6	82
589	train	LG+G4	LG	True	False	False	2.1518		-6714.6401	13557.2802	13733.51	38.5558312989	0.611997322204762	0.4501236211	5.8656234472	3.8172571673	33	63	0.179467084639	0.862068965517	33	116
5892	train	cpREV+F+G4	cpREV	True	False	True	0.445		-1462.0872	2986.1743	3082.2702	9.3417169656	0.8492469968727273	0.2799855745	6.447684238	1.2173215515	7	11	0.18118466899	0.134146341463	7	164
5893	train	JTT	JTT	False	False	False			-1078.7393	2175.4787	2199.6179	2.6788203057	0.2976467006333333	0.1521283161	1.2057745579	0.5343661069000001	6	9	0.087962962963	0.203703703704	6	108
5895	train	JTT	JTT	False	False	False			-2002.8771	4015.7541	4033.2194	2.1597348396	0.43194696792	0.4845015465	1.2734089588000002	0.6255295380500001	4	5	0.0462962962963	0.102880658436	4	243
5896	train	LG	LG	False	False	False			-4409.8497	8873.6993	8954.441	14.0918735341	0.5219212420037037	0.4239436258	3.0955124814	2.0929924021	15	27	0.0507936507937	0.925170068027	15	147
5898	train	LG+G4	LG	True	False	False	1.6925		-1299.0479	2610.0958	2628.7315	1.9624354648	0.39248709296	0.4119231811	0.7006661189	0.47918764579999995	4	5	0.019696969697	0.00606060606061	4	165
5899	train	LG+G4	LG	True	False	False	0.8496		-994.7594	2013.5189	2043.5166	2.8695782468	0.2608707497090909	0.2177496718	1.0875105793	0.6613934083999999	7	11	0.0	0.288888888889	7	90
5901	train	LG+G4	LG	True	False	False	1.4134		-8419.9665	16875.933	16949.9394	11.6774719555	0.6869101150294118	0.4632460035	4.756867064000001	2.273919737	10	17	0.105986696231	0.694013303769	10	451
5903	train	JTT+G4	JTT	True	False	False	0.9717		-1861.3288	3738.6576	3766.197	2.3546028732	0.33637183902857143	0.198931359	1.4983994076	0.2689833994	5	7	0.0606060606061	0.116883116883	5	231
5904	train	LG	LG	False	False	False			-7116.4943	14246.9885	14278.6945	5.7526352544999995	0.8218050363571427	0.5777270816	1.6541133718	1.5502074381	5	7	0.134598540146	0.113868613139	5	685
5908	train	LG+G4	LG	True	False	False	1.7737		-2509.2126	5046.4251	5089.4776	7.1297915603	0.5484455046384615	0.5774058973	2.7020691861	2.3025310745	8	13	0.1109375	0.46875	8	160
5909	train	LG+F+G4	LG	True	False	True	1.9276		-7890.6076	15847.2153	15987.4007	5.6610839156	0.4354679935076923	0.3406853947	2.1585088291	0.9581372939	8	13	0.0261121856867	0.487427466151	8	517
5910	train	LG+G4	LG	True	False	False	0.7407		-1691.4961	3398.9922	3424.8411	10.0873369013	1.4410481287571428	0.9048464909	4.2009132201	2.5763089725	5	7	0.211764705882	0.096256684492	5	187
5912	train	LG+G4	LG	True	False	False	1.0596		-1989.1449	3994.2899	4020.7955	5.1990174576	0.7427167796571429	0.6678617242	3.5385028089	0.8548727191000001	5	7	0.128078817734	0.187192118227	5	203
5913	train	LG+G4	LG	True	False	False	1.005		-1222.8095	2485.619	2533.2596	5.6914762064	0.29955137928421055	0.1982751747	2.8834899029	0.6574393617	11	19	0.0693181818182	0.6125	11	80
5914	train	LG+G4	LG	True	False	False	1.4943		-4125.9209	8271.8419	8311.93	5.335460101	0.5928289001111111	0.4305422315	2.8914788813	1.4105446175999998	6	9	0.183865683866	0.31941031941	6	407
5915	train	LG+F+G4	LG	True	False	True	0.9461		-2236.5222	4531.0445	4626.2574	6.4897891096	0.7210876788444445	0.6042019406	3.410023928	2.0902254287	6	9	0.103214890017	0.304568527919	6	197
5918	train	LG+G4	LG	True	False	False	1.9835		-1728.8113	3489.6226	3534.4869	5.326864029	0.3551242686	0.2178866007	1.8275286371000001	1.0730717053	9	15	0.0500910746812	0.639344262295	9	122
5921	train	LG+G4	LG	True	False	False	0.6636		-1278.3162	2592.6325	2637.0188	5.1871544188	0.30512673051764705	0.2624274385	1.4353477235	0.9845665527	10	17	0.00344827586207	0.505747126437	10	87
5923	train	LG+G4	LG	True	False	False	0.9287		-3142.1643	6304.3285	6341.0961	5.0709538305	0.5634393145	0.4833710641	1.9146813523000001	1.0719291114999998	6	9	0.108447488584	0.188356164384	6	292
5924	train	LG	LG	False	False	False			-4947.6507	9985.3013	10116.0387	17.4119139432	0.38693142095999994	0.2095525475	4.1630341784	2.2177793476	24	45	0.173765432099	0.844444444444	24	135
5925	train	mtART+G4	mtART	True	False	False	0.5852		-370.1841	756.3682	772.1305	2.7996379811	0.3999482830142857	0.2308221954	2.0131398722	0.3422936586	5	7	0.0	0.0943396226415	5	53
5927	train	LG+F+G4	LG	True	False	True	1.0145		-13727.4463	27672.8927	28056.7319	76.83259269	0.8632875583146067	0.608292825	7.9035968384	5.3339484955	46	89	0.425826086957	0.64	46	250
593	train	LG+G4	LG	True	False	False	1.844		-5174.3475	10428.695	10573.2201	17.1553019873	0.4398795381358974	0.3175812835	5.076079146900001	3.3586365622	21	39	0.530587417449	0.42700729927	21	274
5930	train	LG+F+G4	LG	True	False	True	1.7377		-8143.1687	16356.3375	16504.8153	5.8742870404	0.39161913602666665	0.3746465799	1.8733976972000002	1.6349141463	9	15	0.0533938607869	0.61673151751	9	514
5932	train	LG+G4	LG	True	False	False	1.0685		-3653.4478	7326.8956	7364.703	10.1404356903	1.1267150767	1.2617382225	4.9644223891	3.57256236855	6	9	0.204732510288	0.16049382716	6	324
5933	train	LG+G4	LG	True	False	False	1.2551		-4025.4309	8062.8619	8087.8921	3.3113537848	0.66227075696	0.4337080395	1.966300195	0.6345940634	4	5	0.0146137787056	0.0668058455115	4	479
5934	train	LG+G4	LG	True	False	False	1.0506		-1592.7665	3209.5329	3243.0824	5.4752276076	0.4977479643272727	0.3118065095	3.1269505181	0.6435311687	7	11	0.0106257378985	0.380165289256	7	121
5937	train	VT+G4	VT	True	False	False	0.5192		-1672.5165	3369.0329	3403.807	7.7670537139	0.7060957921727273	0.2117702226	3.4973645572	0.4452859247	7	11	0.0245202558635	0.365671641791	7	134
5939	train	JTT+G4	JTT	True	False	False	0.8786		-3658.7322	7329.4645	7356.2333	1.2037195018	0.24074390035999998	0.1541405101	0.8085474155999999	0.38248612964999995	4	5	0.187109375	0.0953125	4	640
5943	train	LG	LG	False	False	False			-543.493	1096.986	1109.3727	0.8252079849	0.16504159698	0.1688841664	0.3425331816	0.22717583554999998	4	5	0.0	0.0454545454545	4	88
5944	train	LG+G4	LG	True	False	False	0.6197		-764.1852	1564.3704	1602.0687	3.6203093083	0.2129593710764706	0.1596036872	1.1528101697	0.9078614297	10	17	0.0	0.45	10	60
5947	train	LG+F+G4	LG	True	False	True	2.1612		-5610.4574	11310.9147	11464.8388	12.3758293987	0.495033175948	0.3262885349	5.402258421400001	1.9136942134000001	14	25	0.0869152970923	0.867256637168	14	226
5948	train	LG+G4	LG	True	False	False	1.9458		-2393.3622	4810.7245	4848.1404	7.9163063320000004	0.7196642120000001	0.8108882613	3.501828332	2.0195915508	7	11	0.0829769033362	0.479041916168	7	167
5949	train	LG+G4	LG	True	False	False	2.4842		-1602.2541	3228.5082	3263.1923	3.7968253267	0.3451659387909091	0.2503476392	1.8619093218	0.9702261920999999	7	11	0.0494092373792	0.503759398496	7	133
595	train	LG+G4	LG	True	False	False	1.581		-4961.5822	9967.1645	10044.4599	14.8181844765	0.7056278322142857	0.379370036	5.139766978300001	1.6007343769000002	12	21	0.222446236559	0.596774193548	12	248
5950	train	LG+G4	LG	True	False	False	0.9857		-1571.9437	3167.8873	3201.9227	5.128353947	0.46621399518181816	0.5325905879	1.7415856215999999	1.0399872921	7	11	0.0612244897959	0.404761904762	7	126
5951	train	LG+G4	LG	True	False	False	1.3249		-2606.1538	5264.3076	5334.9886	13.3384207395	0.53353682958	0.2820842468	2.9688004666	1.67814467005	14	25	0.0688775510204	0.723214285714	14	112
5956	train	LG+G4	LG	True	False	False	1.3189		-1098.8539	2209.7078	2227.7315	1.7554261067999999	0.35108522136	0.2074634032	0.6495659065	0.49461539895	4	5	0.00167785234899	0.0939597315436	4	149
5957	train	LG+G4	LG	True	False	False	1.9385		-1303.2032	2626.4064	2652.946	4.9935735799	0.5548415088777777	0.6108548138	1.3145123518	1.1011649335	6	9	0.0301587301587	0.219047619048	6	105
596	train	LG+G4	LG	True	False	False	1.5647		-1446.712	2937.424	2985.5964	12.7116343802	0.6053159228666667	0.4134759588	4.8751375136	1.9786666928	12	21	0.133838383838	0.666666666667	12	66
5963	train	JTT+G4	JTT	True	False	False	1.1264		-1368.887	2753.7741	2778.6216	4.7056311411000005	0.6722330201571429	0.169028411	3.1662659291	0.4448944168	5	7	0.133333333333	0.0787878787879	5	165
5967	train	LG+G4	LG	True	False	False	0.9017		-5596.8356	11209.6712	11244.5339	4.1932985382000005	0.5990426483142858	0.5075423295	1.639945419	0.8121487002000001	5	7	0.021143847487	0.133448873484	5	577
5969	train	LG+F+G4	LG	True	False	True	0.8449		-19834.8395	39719.6791	39863.163	4.1332255927	0.8266451185399999	0.8396407693	1.7029205615	1.29735021465	4	5	0.0401610796691	0.0644318676535	4	2297
597	train	LG+G4	LG	True	False	False	1.7484		-8801.1723	17842.3447	18157.3414	41.9122392572	0.35220369123697476	0.2376749365	4.5419454929	1.7904807824	61	119	0.154130504661	0.872549019608	61	102
5970	train	JTT+G4	JTT	True	False	False	0.9558		-1634.2369	3292.4738	3329.225	2.9607153977	0.26915594524545455	0.1833373524	1.9888025516	0.4954773275	7	11	0.00542495479204	0.316455696203	7	158
5972	train	WAG+G4	WAG	True	False	False	1.6198		-2723.7082	5459.4164	5482.9458	1.5582498853	0.31164997705999997	0.3169154101	0.7204318537	0.49032140165	4	5	0.058981233244	0.11528150134	4	373
5973	train	cpREV+G4	cpREV	True	False	False	1.0539		-496.8617	1005.7234	1018.6767	1.8661926685999999	0.37323853372	0.2824169128	0.9326544912	0.37698619419999996	4	5	0.0078125	0.03125	4	64
5976	train	LG+G4	LG	True	False	False	0.7381		-14043.7736	28207.5472	28459.5778	19.2569817945	0.32638952194067794	0.2673779244	3.7702627469000003	2.1861390677	31	59	0.390237518812	0.52738336714	31	493
5977	train	LG+G4	LG	True	False	False	1.2894		-2413.168	4842.336	4869.9786	4.8508216948000005	0.6929745278285715	0.5556111985	2.6622094974	1.8978053675000002	5	7	0.0589743589744	0.24358974359	5	234
5978	train	LG+G4	LG	True	False	False	1.9875		-2329.9495	4691.8991	4737.4061	12.5525284037	0.8368352269133333	0.7822513301	5.1618152528	2.4977054792	9	15	0.144356955381	0.582677165354	9	127
598	train	LG+G4	LG	True	False	False	0.9312		-29448.2319	59272.4638	59925.2507	100.8008736754	0.5390421052160428	0.4262308633	4.999013274099999	3.1351820364999994	95	187	0.348474126493	0.705882352941	95	238
5982	train	LG	LG	False	False	False			-890.8798	1799.7596	1820.2496	3.853220065	0.42813556277777776	0.403244887	1.3285679124	1.0499390722	6	9	0.0486111111111	0.291666666667	6	72
5983	train	LG+F	LG	False	False	True			-5476.6103	11001.2206	11109.7508	3.4850671367	0.69701342734	0.4246753121	1.8545653622	0.7394433814	4	5	0.147794117647	0.0323529411765	4	680
5985	train	LG+G4	LG	True	False	False	0.7707		-1946.3731	3908.7462	3935.2911	3.5942802428	0.5134686061142857	0.4073230497	1.6796247748000002	1.324464053	5	7	0.00588235294118	0.240196078431	5	204
5987	train	LG+G4	LG	True	False	False	0.993		-1925.9971	3879.9942	3921.8603	5.2049102039	0.4003777079923077	0.3587819022	2.1397594001	1.3433940880000002	8	13	0.0348639455782	0.557823129252	8	147
5988	train	LG+G4	LG	True	False	False	1.5684		-1984.139	3984.278	4010.2542	4.8495036312	0.6927862330285715	0.499463018	2.5108109914	1.4790323938	5	7	0.0221052631579	0.415789473684	5	190
5989	train	LG+G4	LG	True	False	False	1.1626		-1461.1875	2946.375	2980.7855	3.0579097769	0.2779917979	0.2192528184	0.9301988118	0.5136366992	7	11	0.0153846153846	0.261538461538	7	130
599	train	LG+G4	LG	True	False	False	1.1458		-5244.9751	10537.9503	10618.5084	19.8664945107	0.8637606309	0.5887373452	3.9376479512	2.2684097591	13	23	0.14404934688	0.721698113208	13	212
5990	train	LG+F+G4	LG	True	False	True	0.906		-3201.4332	6456.8663	6561.6407	5.9142871518	0.8448981645428572	0.3160271586	3.0222609244	0.3168808578	5	7	0.0703910614525	0.0893854748603	5	358
5992	train	LG+G4	LG	True	False	False	1.3632		-3390.2878	6800.5757	6838.1014	3.8015335137	0.42239261263333333	0.2788475125	2.3888966141	0.59283228085	6	9	0.0428571428571	0.387301587302	6	315
5995	train	rtREV+F	rtREV	False	False	True			-814.9232	1677.8464	1754.6103	1.3584933106	0.27169866212	0.286155488	0.5752794789	0.390450143	4	5	0.10773480663	0.0220994475138	4	181
5996	train	LG+G4	LG	True	False	False	1.6564		-1574.6337	3169.2673	3198.8256	3.8507837631	0.42786486256666667	0.2913143693	1.2252277437	1.02675107395	6	9	0.0199530516432	0.302816901408	6	142
5999	train	WAG+G4	WAG	True	False	False	0.8649		-1829.6769	3683.3538	3722.1271	2.0935783729	0.19032530662727273	0.1775645866	0.6896078001	0.5943236169	7	11	0.0305576776165	0.262032085561	7	187
60	train	WAG+F+G4	WAG	True	False	True	4.7359		-33765.6809	68193.3618	69261.084	90.1073652333	0.2897342933546624	0.1923504777	5.7354081705999995	3.4760142032	157	311	0.266557085131	0.930107526882	157	186
600	train	WAG+F+G4	WAG	True	False	True	2.4772		-19618.0081	39578.0161	40173.2054	67.8444069973	0.4493007085913907	0.3184292747	6.765455793599999	2.7343473724000007	77	151	0.460281385281	0.666666666667	77	240
6007	train	VT+G4	VT	True	False	False	0.6649		-439.7993	899.5986	916.2342	6.4646058455	0.718289538388889	0.5220520737	5.0275999869	1.6258187562000002	6	9	0.0940170940171	0.384615384615	6	39
6010	train	LG+G4	LG	True	False	False	1.2015		-749.9983	1511.9966	1527.7464	3.1696734823	0.63393469646	0.272806226	2.8203033345	1.4484325131	4	5	0.0147058823529	0.401960784314	4	102
6012	train	JTT+G4	JTT	True	False	False	0.8602		-2583.2757	5178.5514	5202.4398	1.0705264875	0.2141052975	0.1991331195	0.3761116638	0.28954289710000003	4	5	0.0290404040404	0.0454545454545	4	396
6013	train	JTT	JTT	False	False	False			-1262.3325	2538.665	2558.8974	2.7403577822	0.39147968317142856	0.3333587466	1.263385857	0.5435390337	5	7	0.015037593985	0.338345864662	5	133
6014	train	LG+G4	LG	True	False	False	1.8842		-9706.3099	19504.6198	19668.9389	25.4714735955	0.5660327465666667	0.3526053904	3.6322263284	2.1413523371	24	45	0.229562737643	0.809885931559	24	263
6018	train	LG+F+G4	LG	True	False	True	1.1786		-8787.9101	17677.8202	17880.6141	32.4437400167	1.0465722586032258	0.7544701583	7.799796114099999	4.2317669047	17	31	0.432218572708	0.515228426396	17	394
6025	train	JTT+G4	JTT	True	False	False	0.4115		-266.5104	545.0207	555.154	2.2307735486	0.44615470972000004	0.2891500655	1.1410523679	0.67034516645	4	5	0.01875	0.025	4	40
6029	train	LG+G4	LG	True	False	False	0.6175		-2001.0696	4046.1393	4103.453	10.168096306	0.4841950621904762	0.433509572	3.1283110374000005	1.55509007385	12	21	0.0483333333333	0.69	12	100
6030	train	LG+F+G4	LG	True	False	True	1.904		-5515.3832	11112.7664	11266.098	11.6210278378	0.5533822779904762	0.2827933852	3.2158825089	2.7533832705499997	12	21	0.234994640943	0.700964630225	12	311
6035	train	LG+G4	LG	True	False	False	0.979		-2764.1558	5552.3117	5592.3043	7.0104843104	0.637316755490909	0.4609534336	2.7250707401	1.6078571960999999	7	11	0.0345065562457	0.400966183575	7	207
6036	train	JTT+F	JTT	False	False	True			-105.3501	270.7002	304.7651	1.2200667	0.09385128461538463	1e-06	0.680095291	0.36264076929999994	8	13	0.125	0.478260869565	8	23
6038	train	WAG+G4	WAG	True	False	False	1.9284		-1654.7846	3349.5692	3396.4453	8.5665367694	0.45087035628421057	0.3741522621	3.4818618600999995	1.598998277	11	19	0.0200708382527	0.701298701299	11	77
604	train	LG+G4	LG	True	False	False	2.2803		-8920.202	18064.4039	18358.4009	59.324069114000004	0.5344510730990991	0.3381447545	10.2298806103	6.0121399708	57	111	0.216030271758	0.93137254902	57	102
6042	train	LG	LG	False	False	False			-7394.5984	14815.1968	14871.5755	9.5164869319	0.7320374563	0.6395225948	3.8504278026999996	1.8455002012	8	13	0.342699115044	0.371681415929	8	565
6044	train	JTT	JTT	False	False	False			-928.8055	1867.611	1882.1002	1.7909369186	0.35818738372	0.273117576	1.0015556765	0.42455025525	4	5	0.0746268656716	0.0746268656716	4	134
6045	train	LG+G4	LG	True	False	False	1.2469		-1918.37	3852.7401	3880.8475	2.8083207899	0.40118868427142856	0.1432825523	1.0507334753	0.8542100185	5	7	0.133064516129	0.104838709677	5	248
6047	train	JTT+G4	JTT	True	False	False	0.799		-1921.1466	3886.2931	3944.6803	14.464691568100001	0.6887948365761906	0.43582923	3.472844283	1.7184788823	12	21	0.292857142857	0.485714285714	12	105
6049	train	LG+G4	LG	True	False	False	1.0869		-4310.3049	8644.6098	8690.3075	4.9802837265	0.4527530660454545	0.3044568866	1.8396037545	1.2303764537	7	11	0.042042042042	0.351351351351	7	333
6051	train	LG+G4	LG	True	False	False	1.0995		-5166.1448	10356.2896	10406.5734	3.7717357399	0.3428850672636364	0.1241766303	2.1814693872	0.2347482208	7	11	0.036299765808	0.217213114754	7	488
6054	train	LG+G4	LG	True	False	False	0.82		-592.5006	1201.0013	1219.2146	3.1630456849	0.45186366927142857	0.3029370753	1.5305939494	0.8299293813	5	7	0.075	0.236111111111	5	72
6056	train	LG+G4	LG	True	False	False	1.7186		-4253.335	8538.67	8593.6793	9.8186834319	0.65457889546	0.6197325117	2.8241111861	2.0394508895000003	9	15	0.0458937198068	0.639130434783	9	230
6057	train	LG+G4	LG	True	False	False	0.7964		-16641.9826	33419.9652	33690.5294	17.8290565753	0.266105322019403	0.1899310531	3.0650256841	1.9328126059	35	67	0.0940325497288	0.751898734177	35	395
6058	train	JTT+G4	JTT	True	False	False	1.8418		-3043.678	6115.3561	6162.2156	5.7592973672	0.44302287440000004	0.3534517218	1.4923017628	1.0952927518	8	13	0.105357142857	0.504761904762	8	210
6059	train	LG+G4	LG	True	False	False	1.0265		-2799.9445	5627.889	5672.8981	9.7229775057	0.7479213465923077	0.7071212943	3.2134359119	2.32593863645	8	13	0.15285326087	0.375	8	184
6060	train	LG+G4	LG	True	False	False	0.6131		-20785.5499	41823.0997	42290.1956	43.1892419233	0.3455139353864	0.2437310409	2.6711813801999997	1.3509273130500001	64	125	0.0769310631229	0.744186046512	64	301
6063	train	LG+G4	LG	True	False	False	1.0497		-6234.115	12648.23	12895.2739	21.2860383583	0.23916897031797754	0.164782977	2.1793282918	0.9104789797499999	46	89	0.0557655954631	0.84347826087	46	115
6064	train	WAG+G4	WAG	True	False	False	1.1902		-9665.2843	19466.5685	19680.2017	26.3541897035	0.39334611497761196	0.3274463678	3.8723461202000005	2.0065392334000003	35	67	0.125480367586	0.853801169591	35	171
6066	train	LG+G4	LG	True	False	False	1.2007		-2308.4918	4648.9837	4699.3436	7.427764538	0.49518430253333334	0.2547100227	4.5465962065	1.3058647521999998	9	15	0.153100775194	0.523255813953	9	172
6067	train	LG+G4	LG	True	False	False	2.2749		-2815.5957	5655.1913	5694.0286	10.2088056588	0.9280732417090909	0.6730438508	3.3068776227	1.3432506959	7	11	0.123860182371	0.308510638298	7	188
6069	train	LG+G4	LG	True	False	False	1.2453		-3756.0034	7540.0068	7588.5004	9.2649316398	0.7126870492153846	0.4319805242	2.6092765002	1.5174040148499999	8	13	0.104872881356	0.385593220339	8	236
607	train	WAG+F+G4	WAG	True	False	True	1.2543		-14385.4392	28988.8784	29365.0416	42.768489953	0.48054483093258427	0.3321320448	3.8070316698999997	1.97748089415	46	89	0.304347826087	0.742489270386	46	233
6074	train	LG+F+G4	LG	True	False	True	0.6978		-4065.6819	8197.3638	8314.3546	21.0490913121	1.6191608701615385	1.169151677	5.464464597199999	2.8818047645	8	13	0.15966796875	0.40234375	8	256
6075	train	WAG	WAG	False	False	False			-2971.7914	5957.5827	5984.4468	1.4939959537	0.2134279933857143	0.1715427983	0.7409302063	0.6282400534	5	7	0.00408163265306	0.285714285714	5	343
608	train	WAG+G4	WAG	True	False	False	3.2437		-4693.8794	9483.7588	9612.5011	19.4964452281	0.4148179835765958	0.3929141753	2.329241488	1.5951587740000002	25	47	0.148888888889	0.805555555556	25	108
6089	train	LG+F+G4	LG	True	False	True	1.3479		-7591.6708	15249.3416	15386.8696	11.0849550421	0.8526888493923077	0.7742960891	3.1688708544	2.05743543945	8	13	0.14177148847	0.46750524109	8	477
609	train	LG+G4	LG	True	False	False	1.8185		-1756.0768	3588.1537	3666.4505	12.5905382554	0.34028481771351354	0.2241066049	3.2092855835	1.1034052013499998	20	37	0.0534482758621	0.844827586207	20	58
6090	train	WAG	WAG	False	False	False			-3050.7746	6139.5493	6198.4468	9.071787196199999	0.47746248401052627	0.3299256992	2.9047436745999997	1.8864506545	11	19	0.230598669623	0.621951219512	11	164
6091	train	cpREV	cpREV	False	False	False			-419.2979	848.5958	859.5441	0.8376975546	0.16753951092	0.1254373704	0.3345140586	0.2360487421	4	5	0.0113636363636	0.0151515151515	4	66
6092	train	LG+G4	LG	True	False	False	0.2575		-3267.0641	6550.1283	6584.1896	1.2257855644	0.17511222348571429	0.1934086974	0.35417874940000005	0.3172650912	5	7	0.0134099616858	0.0613026819923	5	522
6093	train	WAG+G4	WAG	True	False	False	1.1188		-3424.7307	6889.4614	6955.6267	5.407988344	0.2846309654736842	0.3203275596	1.9320529959	0.9668118306	11	19	0.0945094509451	0.608910891089	11	202
6099	train	JTT+F+G4	JTT	True	False	True	1.1047		-5985.625	12049.2501	12201.3461	13.3123901413	0.7006521126999999	0.4535549418	3.8664136871999997	3.2703382528	11	19	0.249564134496	0.539726027397	11	365
61	train	WAG+G4	WAG	True	False	False	1.2194		-3536.5403	7153.0807	7267.1619	9.8263261239	0.2519570801	0.1757199654	2.2357078954	0.8232601311000001	21	39	0.0301339285714	0.75	21	128
610	train	LG+G4	LG	True	False	False	1.2566		-39394.4671	79084.9341	79729.638	61.7600558343	0.42013643424693875	0.2684244469	5.5718813914	3.5739781654	75	147	0.451851851852	0.628472222222	75	576
6100	train	LG+G4	LG	True	False	False	0.6533		-3650.3985	7328.797	7381.3774	6.6098026976	0.5084463613538461	0.2006903676	4.537517936	0.75004421295	8	13	0.0925632911392	0.348101265823	8	316
6104	train	JTT+G4	JTT	True	False	False	1.7284		-3043.5858	6143.1715	6221.4537	14.921180507799999	0.5526363151037037	0.3174637925	4.9872212597	3.5699882732000003	15	27	0.159228650138	0.785123966942	15	121
6105	train	JTT+G4	JTT	True	False	False	0.7579		-1279.3739	2594.7478	2645.072	10.6872925791	0.6286642693588235	0.303854897	4.8585568103000005	1.8609504763	10	17	0.414049586777	0.371900826446	10	121
6106	train	JTT	JTT	False	False	False			-2276.3584	4562.7169	4580.837	2.8053684718	0.56107369436	0.3070339281	1.7228551675	0.5929816264500001	4	5	0.0785198555957	0.072202166065	4	277
6107	train	JTT+G4	JTT	True	False	False	0.8668		-2767.0008	5698.0016	5846.148	32.7475794616	0.40429110446419747	0.2763382862	8.5228926146	5.193060241449999	42	81	0.156084656085	0.866666666667	42	45
6108	train	LG+G4	LG	True	False	False	1.2024		-5078.4772	10196.9545	10271.4914	8.0169478512	0.4219446237473684	0.3433761071	3.0054769317	1.1944831478	11	19	0.198697068404	0.550488599349	11	307
6110	train	LG+G4	LG	True	False	False	1.1317		-20264.725	40917.4499	41510.3616	66.1886446993	0.342946345592228	0.2129923744	5.070684995100001	3.1081517320500005	98	193	0.26049655531	0.808917197452	98	157
6111	train	LG+G4	LG	True	False	False	0.6057		-5787.3235	11594.647	11638.7487	2.6830597443	0.2981177493666667	0.2667175404	1.0675419697	0.66838615635	6	9	0.0230263157895	0.217105263158	6	608
6112	train	LG+F+G4	LG	True	False	True	1.4183		-13755.7396	27649.4792	27912.241	23.8160604046	0.48604204907346943	0.3685635865	5.8954608928	4.817142593250001	26	49	0.138484638485	0.816816816817	26	333
6114	train	WAG+G4	WAG	True	False	False	1.1216		-2851.5964	5755.1928	5826.1049	16.5611888119	0.662447552476	0.3685692088	7.125728153499999	2.01983915935	14	25	0.14412136536	0.734513274336	14	113
6115	train	LG+F+G4	LG	True	False	True	1.2854		-2420.355	4898.71	4995.2184	6.4291370424	0.7143485602666666	0.6564305306	2.0465134279	0.97318408295	6	9	0.0954692556634	0.203883495146	6	206
612	train	JTT+G4	JTT	True	False	False	2.1999		-1326.3046	2748.6091	2823.2658	12.733679419	0.2709293493404255	0.1818805432	3.4278682535000002	2.6678864473	25	47	0.00114285714286	0.971428571429	25	35
6120	train	LG+F+G4	LG	True	False	True	0.8804		-22021.4492	44512.8984	45361.9835	65.7957575185	0.30602677915581394	0.1935333663	3.4598313014	1.5963839483	109	215	0.47113774861	0.624087591241	109	274
6121	train	WAG+G4	WAG	True	False	False	2.161		-2357.0416	4826.0832	4950.3756	15.4534972946	0.28097267808363635	0.2322874832	3.7647228394	2.8150546336999995	29	55	0.299188640974	0.661764705882	29	68
6122	train	JTT+G4	JTT	True	False	False	0.9655		-4657.2867	9342.5734	9397.3625	5.7244004856999995	0.4403384989	0.3485867416	1.5013741029	1.27122924095	8	13	0.196283783784	0.313513513514	8	370
6124	train	JTT	JTT	False	False	False			-3228.7186	6471.4371	6499.6182	1.6065682526	0.22950975037142857	0.1983496811	0.7631971719999999	0.43828162039999996	5	7	0.142028985507	0.125603864734	5	414
6125	train	LG+G4	LG	True	False	False	1.3154		-4562.0878	9152.1757	9204.3971	7.1742272845	0.5518636372692307	0.5039865032	2.3611943678	1.03456103355	8	13	0.0876623376623	0.480519480519	8	308
6127	train	LG+G4	LG	True	False	False	1.4292		-1243.5749	2503.1499	2525.9034	4.0913285543999995	0.5844755077714285	0.3905532075	2.1947096375	0.9842088793999999	5	7	0.0393700787402	0.141732283465	5	127
613	train	LG+F+G4	LG	True	False	True	1.4617		-12790.4803	25882.9606	26315.9583	54.2763365496	0.414323179767939	0.2682827053	4.2573458494	2.7686711421999997	67	131	0.191618828932	0.861538461538	67	130
6130	train	LG+G4	LG	True	False	False	2.2131		-1640.3586	3304.7173	3338.8475	5.8418174361	0.5310743123727273	0.3579796387	2.6908343307999996	1.5007887225999998	7	11	0.11361079865	0.472440944882	7	127
6131	train	LG+G4	LG	True	False	False	0.6253		-1567.0725	3162.1449	3203.7223	2.737709035	0.21059300269230768	0.1692032554	1.1632138935	0.8109207074	8	13	0.0199652777778	0.423611111111	8	144
6134	train	LG+F+G4	LG	True	False	True	1.0792		-1984.3011	4030.6022	4126.5084	5.9024910659	0.5365900968999999	0.3609756843	3.4166708201000002	1.2173840769000002	7	11	0.0648553900088	0.355828220859	7	163
6135	train	LG+G4	LG	True	False	False	3.5709		-2152.5886	4341.1773	4389.7859	8.0551765818	0.47383391657647056	0.4149670919	2.3300175947	1.0854794851	10	17	0.0963636363636	0.690909090909	10	110
6136	train	LG	LG	False	False	False			-1233.0556	2488.1113	2516.986	3.4194465402	0.3108587763818182	0.2919750989	1.8201450259	0.9675624698	7	11	0.015406162465	0.578431372549	7	102
614	train	LG+G4	LG	True	False	False	0.7701		-29368.2221	59432.4442	60618.14	117.4495982957	0.3384714648291066	0.2426514897	5.773770679299999	2.7778861472000003	175	347	0.546623959001	0.717488789238	175	223
6142	train	LG+G4	LG	True	False	False	0.8826		-2751.8736	5563.7473	5643.9321	12.4659337246	0.42985978360689653	0.3397048052	2.3328290506	1.1293830968	16	29	0.035046728972	0.710280373832	16	107
6143	train	LG+G4	LG	True	False	False	1.5338		-3210.6834	6453.3667	6504.2753	9.7815929719	0.6521061981266667	0.5917673417	4.0040784036999995	2.7529106543	9	15	0.0255930087391	0.724719101124	9	178
6144	train	JTT+G4	JTT	True	False	False	1.6232		-2168.3334	4408.6669	4496.6023	7.4531564552	0.21294732729142857	0.1482780839	2.6741818411	0.5823441345	19	35	0.0340557275542	0.788235294118	19	85
6147	train	WAG	WAG	False	False	False			-2525.2631	5072.5262	5112.1088	3.5061170182	0.31873791074545454	0.2017148998	1.9647594139	0.9728053271999999	7	11	0.293121693122	0.377777777778	7	270
6149	train	WAG+G4	WAG	True	False	False	0.9553		-7670.0553	15412.1106	15551.4053	13.1852716566	0.37672204733142856	0.2903777751	3.1472655988000002	2.3902841667000003	19	35	0.360838537021	0.562146892655	19	354
615	train	LG+G4	LG	True	False	False	3.2772		-10480.0079	21184.0159	21542.8646	34.2300330493	0.2782929516203252	0.100219438	8.070292841699999	6.0217890947	63	123	0.203732775161	0.818681318681	63	182
6150	train	JTT	JTT	False	False	False			-314.6186	651.2372	668.0272	1.8466317071	0.16787560973636365	0.1918345634	0.7661492129	0.4789124231	7	11	0.109243697479	0.411764705882	7	34
6153	train	LG+G4	LG	True	False	False	1.2993		-3841.5764	7703.1527	7741.2342	4.6556702788	0.5172966976444444	0.4366359787	1.3629985698	0.69449465985	6	9	0.0535535535536	0.186186186186	6	333
6158	train	JTT+G4	JTT	True	False	False	0.9699		-1724.5561	3465.1121	3491.337	2.7038719316	0.38626741880000004	0.3945480723	1.2150586298000001	0.6452478158	5	7	0.0683673469388	0.137755102041	5	196
6159	train	LG	LG	False	False	False			-696.3991	1406.7983	1424.1396	1.3626839135	0.19466913049999998	0.116281456	0.5880037529000001	0.3094651606	5	7	0.00909090909091	0.102272727273	5	88
616	train	LG+G4	LG	True	False	False	1.5882		-1747.2085	3522.417	3562.2356	4.8478052474	0.37290809595384616	0.2708850171	1.5104966365999999	1.1605403775	8	13	0.0344488188976	0.488188976378	8	127
6162	train	WAG+F+G4	WAG	True	False	True	1.9655		-1815.0159	3684.0318	3777.2098	2.3997676491	0.3428239498714286	0.2944215053	0.6487178728	0.5949997856	5	7	0.138197424893	0.141630901288	5	233
6165	train	JTT+G4	JTT	True	False	False	1.3974		-367.5548	751.1096	764.6207	2.7051968597	0.38645669424285717	0.211265827	1.8879225202999999	0.3324718996	5	7	0.03	0.075	5	40
6167	train	LG+G4	LG	True	False	False	1.3631		-1545.657	3111.314	3140.5865	4.541026946	0.5045585495555556	0.3258020091	1.8232344083999998	0.8572672938	6	9	0.0760869565217	0.231884057971	6	138
6168	train	cpREV+G4	cpREV	True	False	False	0.6661		-613.1567	1238.3134	1253.0395	2.0328891444	0.40657782888	0.2391418511	1.5252942981	0.67530558615	4	5	0.0	0.162790697674	4	86
6169	train	LG+F+G4	LG	True	False	True	1.1855		-3379.6239	6825.2478	6936.1704	7.7773010886	0.5982539298923076	0.4981356542	2.3208458675	1.4749482341	8	13	0.00645539906103	0.572769953052	8	213
617	train	LG+G4	LG	True	False	False	1.9031		-2487.561	5027.1219	5097.5697	13.2914714645	0.5316588585800001	0.5104069298	3.8220685946	2.4510518049999996	14	25	0.171171171171	0.783783783784	14	111
6171	train	JTT+G4	JTT	True	False	False	0.9276		-1560.5038	3133.0076	3153.3966	1.7912701184000002	0.35825402368000003	0.3653792785	0.733287306	0.5037865638000001	4	5	0.0441176470588	0.0497737556561	4	221
6173	train	WAG+G4	WAG	True	False	False	2.0009		-944.358	1904.7159	1925.3957	2.721956589	0.3888509412857143	0.2932878469	1.870573412	0.4313687816	5	7	0.0510204081633	0.224489795918	5	98
6178	train	JTT+F+G4	JTT	True	False	True	1.2496		-4902.2237	9858.4473	9970.7999	7.0588259932	1.0084037133142858	1.2434813007	3.3731969052	2.5742432791	5	7	0.151054852321	0.113924050633	5	474
6179	train	WAG	WAG	False	False	False			-383.7711	777.5423	787.7575	1.4605610458	0.29211220916	0.2959070685	0.782321867	0.4673389110999999	4	5	0.105263157895	0.122807017544	4	57
618	train	LG+G4	LG	True	False	False	1.7879		-6846.6311	13793.2622	13954.8176	23.0111028938	0.4696143447714286	0.300813915	3.7938951421000002	2.07547777225	26	49	0.261826408885	0.780748663102	26	187
6180	train	LG+G4	LG	True	False	False	0.7922		-1492.2787	2996.5574	3014.7791	9.1924133169	1.83848266338	0.978835254	6.0136992059	1.7194930190000002	4	5	0.0422077922078	0.012987012987	4	154
6181	train	LG+G4	LG	True	False	False	0.8673		-3273.4226	6558.8453	6583.0005	2.2805601805	0.45611203610000006	0.395882568	0.8490221934000001	0.5635787638	4	5	0.0048309178744	0.0386473429952	4	414
6182	train	LG+F+G4	LG	True	False	True	0.9618		-3020.3465	6098.693	6211.3093	5.9600474673	0.6622274963666667	0.5488556305	2.496994087	0.9387807109499999	6	9	0.298978644383	0.136490250696	6	359
6183	train	cpREV+F+G4	cpREV	True	False	True	1.0976		-1159.8897	2369.7795	2446.9694	4.7491300398	0.9498260079599999	1.1012656139	1.8067278184000002	1.4711998329	4	5	0.16975308642	0.0555555555556	4	162
6184	train	JTT+G4	JTT	True	False	False	1.3749		-8550.9785	17125.957	17180.3799	4.7484861613	0.4316805601181818	0.330937047	2.0678477329	1.6465315851	7	11	0.119013062409	0.429608127721	7	689
6186	train	LG+F+G4	LG	True	False	True	1.4653		-2258.8246	4571.6492	4671.4708	3.6500202845	0.5214314692142857	0.2372860792	2.4748582748	1.3465402444	5	7	0.0597315436242	0.463087248322	5	298
6187	train	rtREV+F+G4	rtREV	True	False	True	1.5804		-2745.2265	5544.4531	5640.5915	6.9985738889	0.9997962698428572	1.090383271	2.2815395298	1.4764950323	5	7	0.11	0.0884615384615	5	260
6188	train	JTT+G4	JTT	True	False	False	1.6895		-1776.8726	3569.7453	3596.2509	2.1103971321	0.3014853045857143	0.3439676701	0.7065477161	0.643834617	5	7	0.0610837438424	0.167487684729	5	203
619	train	JTT+G4	JTT	True	False	False	0.4235		-1001.3284	2090.6568	2156.5031	14.3700686778	0.33418764366976744	0.1412251229	4.2494320606	2.6939303269999995	23	43	0.0803689064559	0.727272727273	23	33
6191	train	LG+G4	LG	True	False	False	1.6442		-3420.4325	6872.865	6927.017	5.6070596387	0.3738039759133333	0.3105557952	2.4899511039	0.7809613509	9	15	0.0361875637105	0.688073394495	9	218
6193	train	LG+G4	LG	True	False	False	0.5944		-1564.4246	3140.8491	3160.0732	8.0746942953	1.61493885906	1.2525803321	5.1982514405	2.8404339123	4	5	0.0686813186813	0.10989010989	4	182
6195	train	LG+G4	LG	True	False	False	1.0958		-2341.2101	4702.4202	4734.8905	8.1906318717	0.9100702079666667	0.5083401759	5.376866597499999	2.5256292285999997	6	9	0.0868421052632	0.305263157895	6	190
6196	train	LG+G4	LG	True	False	False	1.1127		-1865.399	3750.7981	3780.4265	8.3670442975	0.9296715886111111	0.6176807807	2.9917773675	1.4130639072	6	9	0.0501165501166	0.258741258741	6	143
6197	train	LG+G4	LG	True	False	False	1.4663		-2882.3005	5796.6009	5850.3816	4.1239079191	0.27492719460666665	0.1407481065	1.7614012357	0.5720216008	9	15	0.00730307772561	0.50234741784	9	213
6199	train	LG+G4	LG	True	False	False	0.4401		-806.8704	1677.7409	1730.1436	7.235195033	0.23339338816129032	0.1841161141	2.4352999748	1.7260488508	17	31	0.0433436532508	0.631578947368	17	38
62	train	LG+G4	LG	True	False	False	0.8202		-27553.7935	55199.5869	55423.2738	21.4334961787	0.47629991508222225	0.2500778668	7.5755117386999995	6.8620810922999995	24	45	0.282906206416	0.652719665272	24	956
6202	train	LG+G4	LG	True	False	False	2.0203		-847.3218	1754.6437	1805.31	5.4567678583	0.18816440890689656	0.1158827164	1.3374127686	0.7497628903	16	29	0.0078125	0.75	16	40
6203	train	LG+G4	LG	True	False	False	2.0877		-846.8803	1713.7606	1736.3874	3.9692550825	0.4410283425	0.3625575013	1.0428417677000001	0.8694308923499999	6	9	0.018779342723	0.281690140845	6	71
6204	train	LG+G4	LG	True	False	False	2.6451		-3043.5578	6111.1157	6152.0017	5.2838877797	0.4803534345181818	0.4504338344	1.6621982537	0.7239010002999999	7	11	0.0506085842409	0.363228699552	7	223
6205	train	LG+G4	LG	True	False	False	0.8984		-3227.3418	6494.6836	6555.4227	12.4376387386	0.6546125651894737	0.6679682661	3.8757907358	1.4667204938000002	11	19	0.0755608028335	0.597402597403	11	154
6211	train	LG+G4	LG	True	False	False	1.2693		-1228.7407	2473.4815	2498.1327	1.6705915557000002	0.23865593652857145	0.144441272	0.7438971491	0.3730238334	5	7	0.0	0.124223602484	5	161
6214	train	LG+G4	LG	True	False	False	0.6429		-8003.56	16271.1201	16598.1285	52.8730315042	0.4036109275129771	0.289473258	4.6198731436	2.0525369132	67	131	0.047829036635	0.886363636364	67	88
6216	train	LG+G4	LG	True	False	False	1.2665		-650.4133	1348.8265	1381.6416	8.6626375754	0.3766364163217391	0.3243849761	2.4136467041	1.6663993811	13	23	0.0344827586207	0.827586206897	13	29
6217	train	LG+F+G4	LG	True	False	True	1.3835		-3007.1965	6064.393	6164.117	3.6500361715	0.7300072343	0.3055407257	2.0256448822	0.7277891909	4	5	0.124686716792	0.015037593985	4	399
6219	train	LG+G4	LG	True	False	False	1.3393		-2030.2828	4072.5656	4093.6219	2.4867559814	0.49735119628	0.4131710438	0.9964481389	0.60223248075	4	5	0.0161943319838	0.0404858299595	4	247
6225	train	LG	LG	False	False	False			-465.2066	940.4132	951.8655	0.819007631	0.1638015262	0.1502607001	0.39616591349999997	0.19220033785	4	5	0.0	0.027397260274	4	73
6227	train	LG+G4	LG	True	False	False	1.4712		-1834.5572	3765.1143	3859.6883	17.956487491	0.38205292534042556	0.2431040512	5.0202940203	3.717187569	25	47	0.138867924528	0.792452830189	25	53
6229	train	cpREV+G4	cpREV	True	False	False	0.834		-381.0794	782.1588	798.7944	3.0879175065999998	0.34310194517777776	0.2722526172	1.1321054579	0.49955573915	6	9	0.00854700854701	0.230769230769	6	39
623	train	LG+G4	LG	True	False	False	1.177		-1711.7789	3475.5578	3541.6834	6.9982390037	0.279929560148	0.1351183306	3.2368877162	2.2805268001999996	14	25	0.0737082066869	0.734042553191	14	94
6231	train	LG+F+G4	LG	True	False	True	0.5195		-1747.1521	3676.3041	3827.6882	32.9871142222	0.4646072425661972	0.2734530201	3.9565235328000004	1.7610198502	37	71	0.130977130977	0.820512820513	37	39
6235	train	LG+G4	LG	True	False	False	0.813		-6342.9305	12877.861	13184.3848	32.639433643	0.32316270933663366	0.1149183242	6.4386776109	3.17168293605	52	101	0.328418803419	0.75	52	180
6237	train	WAG+F	WAG	False	False	True			-1395.1045	2838.209	2916.2635	1.7282794588000001	0.34565589176	0.278684131	1.1277143608	0.5925249623	4	5	0.0641361256545	0.167539267016	4	191
6238	train	LG	LG	False	False	False			-4370.0992	8754.1983	8783.7563	3.7147442253	0.5306777464714286	0.3340938978	1.7453346243	1.0919000735000002	5	7	0.255555555556	0.150793650794	5	504
6239	train	LG+G4	LG	True	False	False	1.4318		-2482.5574	4981.1148	5009.2865	3.3001112141	0.4714444591571429	0.386103786	1.4046845262	0.7714919267	5	7	0.02	0.168	5	250
6244	train	VT	VT	False	False	False			-1471.0673	2972.1346	3008.2354	5.4201723616	0.36134482410666663	0.3596318155	2.2599249741	1.4126795392	9	15	0.0189701897019	0.780487804878	9	82
6245	train	LG	LG	False	False	False			-670.777	1351.554	1363.273	2.3633194544	0.47266389088	0.6148015045	0.7897813526	0.69347904295	4	5	0.00324675324675	0.0519480519481	4	77
6246	train	WAG	WAG	False	False	False			-1780.3964	3570.7929	3588.3801	1.9525281694	0.39050563388000004	0.3047435535	1.1972642952	0.7306798078500001	4	5	0.109437751004	0.172690763052	4	249
6250	train	JTT+G4	JTT	True	False	False	1.4129		-3802.6242	7633.2485	7685.3787	5.9198764796	0.45537511381538465	0.3027085904	1.9578733194999998	1.1843751585	8	13	0.21568627451	0.480392156863	8	306
6254	train	JTT+F	JTT	False	False	True			-2721.2565	5490.5131	5582.1951	3.2521704813000003	0.65043409626	0.4915204373	2.1072601383	1.2157697356500001	4	5	0.105341246291	0.124629080119	4	337
6256	train	JTT+G4	JTT	True	False	False	5.5553		-440.9091	933.8181	969.3678	2.800595306	0.11202381223999999	0.1054131335	0.7452154864	0.3642170537	14	25	0.0246305418719	0.724137931034	14	29
6257	train	WAG	WAG	False	False	False			-744.5765	1507.1531	1526.86	2.6300517697	0.29222797441111115	0.2092830315	1.0126492236	0.41843502174999997	6	9	0.0277777777778	0.363636363636	6	66
6259	train	LG+G4	LG	True	False	False	1.0305		-3720.1752	7460.3505	7497.6839	6.2539317662	0.6948813073555555	0.5564932979	1.5291814318	1.2044340729	6	9	0.0388349514563	0.271844660194	6	309
626	train	LG+G4	LG	True	False	False	0.6773		-3879.0238	7790.0476	7852.7068	5.245398374	0.3496932249333333	0.1335883355	2.3539064119999997	0.8313729513	9	15	0.162923030848	0.361185983827	9	371
6261	train	LG+G4	LG	True	False	False	0.9983		-1688.479	3468.9579	3561.2953	10.7551877954	0.2390041732311111	0.2001879485	2.3956685233000004	1.37004046235	24	45	0.0181818181818	0.781818181818	24	55
6267	train	LG+G4	LG	True	False	False	1.548		-1270.3235	2564.647	2597.0528	7.9331024496	0.7211911317818182	0.5194216309	2.1277239074	1.6015900204	7	11	0.22987012987	0.227272727273	7	110
6269	train	LG+F+G4	LG	True	False	True	1.2285		-3907.7774	7869.5547	7977.2567	6.030004927	0.8614292752857143	0.9322110257	2.0554002768	1.0398654001	5	7	0.0761904761905	0.152882205514	5	399
627	train	LG+G4	LG	True	False	False	0.4245		-584.2751	1200.5501	1227.9673	4.0634269884	0.27089513256	0.1944870443	1.2145436942	0.6894738186	9	15	0.0243902439024	0.390243902439	9	41
6271	train	LG+G4	LG	True	False	False	1.7617		-4801.0283	9618.0566	9652.6658	3.0624045369	0.4374863624142857	0.2294174726	2.0462415922	0.24375496810000002	5	7	0.0869409660107	0.12343470483	5	559
6272	train	JTT	JTT	False	False	False			-617.2404	1244.4809	1256.1345	2.0340744639	0.40681489278000005	0.3374196279	0.7980385394	0.59306029165	4	5	0.00986842105263	0.0789473684211	4	76
6273	train	LG+F+G4	LG	True	False	True	1.902		-1590.9393	3231.8787	3319.4101	1.8272215724999998	0.3654443145	0.2700525068	0.9504327489	0.43839329419999995	4	5	0.109183673469	0.0285714285714	4	245
6276	train	LG	LG	False	False	False			-3136.1704	6286.3408	6311.7843	4.8812467059	0.6973209579857143	0.581796709	1.6821023672	1.1971020754000001	5	7	0.112142857143	0.114285714286	5	280
6277	train	LG	LG	False	False	False			-1135.5286	2289.0572	2310.6073	5.5908693533	0.6212077059222222	0.4816294042	2.1433556483	1.6541761169	6	9	0.0329218106996	0.320987654321	6	81
6279	train	LG+G4	LG	True	False	False	1.3379		-1944.9316	3909.8631	3941.2798	5.6499953748	0.6277772638666667	0.3812830211	2.3014686238	1.4578615672000002	6	9	0.0448343079922	0.315789473684	6	171
628	train	LG+G4	LG	True	False	False	1.9475		-5354.6586	10765.3173	10856.5271	18.5252812556	0.6861215279851852	0.4684462936	5.9544419363	3.5287882278	15	27	0.0465277777778	0.859375	15	192
6280	train	LG	LG	False	False	False			-1002.4598	2014.9195	2029.1797	1.3064794707	0.26129589414	0.2699625977	0.4274747996	0.3562781083	4	5	0.00390625	0.1015625	4	128
6281	train	LG+G4	LG	True	False	False	0.9061		-883.0486	1794.0972	1827.6195	2.5377801304	0.19521385618461537	0.1611109375	1.2249187067	0.53237435025	8	13	0.0632716049383	0.481481481481	8	81
6282	train	LG+G4	LG	True	False	False	1.569		-7361.5318	14763.0636	14840.8412	16.1229544671	0.8485765509000001	0.6255716509	3.4250986432	2.0438329037000003	11	19	0.223117602619	0.576177285319	11	361
6283	train	JTT	JTT	False	False	False			-760.3143	1538.6285	1558.9927	2.4129662949	0.26810736609999997	0.261728978	0.8224766547	0.3996800668	6	9	0.0281690140845	0.30985915493	6	71
6286	train	JTT	JTT	False	False	False			-1316.2344	2658.4688	2695.9452	1.9828985996000001	0.15253066150769232	0.1213795031	0.7403380706	0.2261452069	8	13	0.0359848484848	0.219696969697	8	132
6289	train	LG+G4	LG	True	False	False	1.6217		-1313.1462	2638.2925	2656.7435	3.1029073322	0.62058146644	0.4495018787	1.2991215819	1.0105502546	4	5	0.075	0.05	4	160
6291	train	LG+G4	LG	True	False	False	1.1147		-2448.0469	4916.0938	4949.3726	7.4056201745	0.8228466860555556	0.4197608141	3.2397867536	1.5377678335	6	9	0.0898058252427	0.179611650485	6	206
6295	train	LG+G4	LG	True	False	False	1.5315		-5131.8164	10283.6327	10323.9396	7.1526198250999995	0.7947355361222221	0.6836874785	3.7803343749	1.7477645435499998	6	9	0.0657051282051	0.348557692308	6	416
6296	train	LG+G4	LG	True	False	False	0.9779		-735.9773	1491.9546	1515.1295	2.7526074579	0.3058452731	0.2557356833	1.2181183049	0.5572034402	6	9	0.00222222222222	0.293333333333	6	75
63	train	WAG+F+G4	WAG	True	False	True	1.0639		-6329.6801	12721.3602	12851.1327	5.5204737301	0.501861248190909	0.2806805289	2.3199995868	1.114071075	7	11	0.0411522633745	0.37037037037	7	486
630	train	WAG+G4	WAG	True	False	False	1.5066		-24535.5286	49463.0572	50109.5274	74.4282112333	0.3816831345297436	0.2998721931	3.7297034607999993	2.3855507108999996	99	195	0.373686868687	0.73	99	200
6303	train	WAG+G4	WAG	True	False	False	1.4912		-3699.3439	7414.6879	7445.9089	6.1696598964	0.8813799851999999	1.0490200557	3.4960351657	2.5533821418000002	5	7	0.0945355191257	0.213114754098	5	366
6304	train	LG+G4	LG	True	False	False	1.0699		-2486.2461	4988.4923	5018.4874	2.9053082565	0.41504403664285716	0.1435085249	2.3911733198	0.1746014201	5	7	0.0420382165605	0.308917197452	5	314
6305	train	LG+G4	LG	True	False	False	1.235		-1771.3309	3562.6618	3593.5378	4.14924649	0.4610273877777778	0.3158326498	1.818823908	0.7556833948	6	9	0.0977366255144	0.166666666667	6	162
631	train	LG+G4	LG	True	False	False	0.6092		-4660.269	9484.5379	9708.1837	22.5948070592	0.27894823529876545	0.1700385668	3.1404360066000008	1.3734334545500002	42	81	0.39612305099	0.53982300885	42	113
6316	train	WAG	WAG	False	False	False			-2608.3528	5226.7056	5245.4526	2.4324301641	0.48648603281999997	0.4218359669	1.2328480377	0.83677936125	4	5	0.107484076433	0.0955414012739	4	314
6318	train	LG+G4	LG	True	False	False	0.6239		-1307.6911	2731.3823	2832.1671	17.0430180592	0.2990003168280702	0.135920226	3.683365026	1.0531075410500002	30	57	0.047619047619	0.642857142857	30	42
632	train	LG+F+G4	LG	True	False	True	1.2288		-19253.0579	38648.1159	38946.7828	30.015026672	0.5885299347450981	0.4367460195	6.158665048	4.763679337399999	27	51	0.209901433692	0.816532258065	27	496
6320	train	cpREV	cpREV	False	False	False			-2591.5055	5193.011	5210.8336	4.0953572921	0.8190714584200001	0.5507502848	1.5740324531	1.15500300555	4	5	0.0383141762452	0.0268199233716	4	261
6324	train	LG+G4	LG	True	False	False	1.1412		-2437.1188	4910.2376	4962.5325	10.1948675612	0.5996980918352941	0.4494641832	2.8968588228	2.19945277725	10	17	0.0777777777778	0.681481481481	10	135
6328	train	rtREV+F+G4	rtREV	True	False	True	1.0315		-2056.0242	4162.0483	4246.4303	10.0071019406	2.00142038812	1.89682747	3.3929049932	2.6308638598	4	5	0.0625	0.0231481481481	4	216
633	train	LG+G4	LG	True	False	False	0.6789		-56946.4072	114372.8144	115454.919	141.8708136404	0.5936017307129707	0.3392526153	11.2640501568	8.7907940653	121	239	0.623431168479	0.552906110283	121	671
6330	train	LG+G4	LG	True	False	False	0.7102		-2666.1908	5352.3816	5387.3122	4.62947565	0.5143861833333333	0.4496381129	1.9310955365	0.97113442695	6	9	0.0507544581619	0.168724279835	6	243
6335	train	LG+G4	LG	True	False	False	0.8873		-2816.3105	5652.6209	5687.9152	5.5913418708	0.6212602078666667	0.3344956671	2.3894508187	0.7728859071	6	9	0.0621693121693	0.222222222222	6	252
6338	train	LG+G4	LG	True	False	False	0.5508		-1035.7416	2103.4832	2144.0048	5.4077440696	0.36051627130666664	0.1782086992	2.9664910020999997	0.8594775670999999	9	15	0.135005973716	0.354838709677	9	93
634	train	WAG+F+G4	WAG	True	False	True	1.4019		-32369.5934	65049.1867	65705.2162	65.2637432166	0.48343513493777784	0.3456827223	4.9217763006999995	3.6792248866	69	135	0.526323282367	0.722986247544	69	509
6341	train	cpREV+G4	cpREV	True	False	False	0.9501		-1739.8461	3507.6923	3545.9991	9.5156628559	0.7319740658384616	0.5313468265	2.7492090798	2.0614764055	8	13	0.105263157895	0.394736842105	8	114
6346	train	WAG	WAG	False	False	False			-1367.2893	2744.5786	2760.0473	2.3016478401000002	0.46032956802	0.2581247843	1.1513578652	0.50957189135	4	5	0.0475460122699	0.0858895705521	4	163
6347	train	LG+G4	LG	True	False	False	1.3713		-6495.5925	13083.185	13224.3546	18.6090024308	0.4135333873511111	0.3644828914	3.7479964872999996	3.14267004955	24	45	0.0243710691824	0.899371069182	24	159
6351	train	LG+G4	LG	True	False	False	0.7142		-13814.4787	27752.9574	27990.5341	21.1383104677	0.34652967979836063	0.2317974058	3.4817315985999997	1.0291946107999999	32	61	0.0356488269795	0.821114369501	32	341
6352	train	LG+F+G4	LG	True	False	True	2.4289		-2280.7444	4655.4888	4769.1743	17.5108733298	0.6485508640666666	0.5066417872	3.8137698361999997	2.6068602147999997	15	27	0.118875502008	0.831325301205	15	83
6353	train	WAG+G4	WAG	True	False	False	0.8539		-3616.6112	7405.2223	7612.2002	18.7467036194	0.22054945434588238	0.1637319471	3.4324980996	1.99459565925	44	85	0.148835920177	0.829268292683	44	82
6356	train	mtART+G4	mtART	True	False	False	0.8924		-2421.7341	4863.4682	4895.286	17.894627196400002	1.9882919107111112	1.3665865173	5.392299916500001	4.11291321865	6	9	0.0140449438202	0.23595505618	6	178
6359	train	LG+G4	LG	True	False	False	0.7399		-4736.6977	9505.3954	9564.5489	9.0717356929	0.6047823795266667	0.2552070531	3.5849919875	0.8875048186	9	15	0.0492170022371	0.486577181208	9	298
636	train	LG	LG	False	False	False			-1671.3376	3388.6752	3442.5827	8.8493454953	0.3847541519695652	0.4335217682	3.485936482	1.9750709309	13	23	0.120879120879	0.857142857143	13	77
6361	train	LG+G4	LG	True	False	False	1.0441		-2974.9618	5977.9236	6023.1591	7.8539332021999995	0.6041487078615384	0.4217259847	4.045960580399999	3.4082972503999995	8	13	0.0167112299465	0.657754010695	8	187
6362	train	WAG+F+G4	WAG	True	False	True	0.8284		-3496.8891	7071.7781	7212.8322	6.8217303591	0.35903843995263157	0.2319189132	3.0713996304	0.6801391286	11	19	0.312396694215	0.432727272727	11	275
6363	train	LG+G4	LG	True	False	False	1.4655		-3556.0263	7188.0526	7287.8016	19.2357154201	0.5198842005432432	0.4329938162	2.4903911165	1.33326527175	20	37	0.116176470588	0.774509803922	20	102
6364	train	WAG+G4	WAG	True	False	False	1.0119		-2306.9184	4697.8368	4798.4037	10.1400827019	0.24731909029024393	0.2007059437	3.736274985	2.7566273036	22	41	0.0852974186308	0.777777777778	22	81
6365	train	LG+G4	LG	True	False	False	1.9811		-13597.6328	27331.2655	27558.5443	37.1769272453	0.5548795111238806	0.3492043603	7.143137403299999	3.8348016196	35	67	0.0805194805195	0.947368421053	35	209
6367	train	JTT+G4	JTT	True	False	False	0.6057		-804.257	1692.514	1761.2926	11.6448257476	0.28402014018536587	0.1427211845	1.2496959326	0.81070877205	22	41	0.254784688995	0.578947368421	22	38
6368	train	LG+G4	LG	True	False	False	0.7607		-2210.8159	4457.6318	4510.8366	8.879083122399999	0.5222990072	0.3353733362	3.4545028824	1.2960573525	10	17	0.143661971831	0.535211267606	10	142
6369	train	WAG+G4	WAG	True	False	False	1.1742		-6436.3081	12992.6163	13174.0491	20.9354544781	0.3548382114932203	0.2837708032	2.3826836634000004	1.6380924808	31	59	0.219227504244	0.723684210526	31	152
637	train	WAG	WAG	False	False	False			-1112.8928	2243.7857	2268.49	2.5922604378000003	0.28802893753333336	0.1353173499	1.6821371437000001	0.79493246585	6	9	0.107246376812	0.434782608696	6	115
6372	train	LG+G4	LG	True	False	False	1.8881		-6258.7334	12641.4667	12817.3162	26.5423980998	0.4351212803245902	0.3118600607	3.188662396	2.19622181525	32	61	0.134424603175	0.920634920635	32	126
6373	train	JTT+F	JTT	False	False	True			-3469.478	7026.956	7160.2953	8.9273972873	0.357095891492	0.3278343698	2.6456214086	2.0922984497	14	25	0.165732959851	0.862745098039	14	153
6376	train	cpREV+G4	cpREV	True	False	False	1.7365		-3138.6215	6329.2431	6402.5704	13.6909429741	0.547637718964	0.3235170889	4.3860999287	3.0753368049	14	25	0.0777649769585	0.870967741935	14	124
6377	train	LG+G4	LG	True	False	False	0.7212		-8440.684	17089.368	17387.5915	50.4613138634	0.48991566857669905	0.3136589152	5.151369458	2.357257658	53	103	0.257764876633	0.753846153846	53	130
6378	train	LG+G4	LG	True	False	False	0.7549		-6410.2472	12864.4944	12955.044	3.7109016322	0.17670960153333334	0.1672830165	1.4367628420000003	0.8569625245000001	12	21	0.0206033848418	0.507726269316	12	453
638	train	LG+G4	LG	True	False	False	1.4611		-8260.2577	16568.5154	16661.5137	10.6394097846	0.46258303411304347	0.3460232229	4.532363092799999	3.0564474198	13	23	0.028522039758	0.85393258427	13	356
6381	train	LG+G4	LG	True	False	False	0.8824		-2932.3381	5904.6761	5966.795	8.1216244	0.42745391578947367	0.409066552	1.8887911151	1.5929910336000002	11	19	0.10303030303	0.593939393939	11	165
6383	train	JTT+G4	JTT	True	False	False	0.8437		-627.5234	1275.0467	1298.7412	2.1532698065	0.23925220072222222	0.1461859226	1.4560100984999997	0.48159849935	6	9	0.0632911392405	0.443037974684	6	79
6384	train	LG	LG	False	False	False			-1741.5263	3537.0526	3600.3354	7.7749412886	0.2879607884666667	0.209950553	3.1036802627999998	1.1935427916	15	27	0.0285714285714	0.896103896104	15	77
6385	train	JTT+G4	JTT	True	False	False	1.85		-1088.9688	2217.9377	2263.1913	4.7788690781	0.2515194251631579	0.1648984746	2.2499657336	1.7951980943999999	11	19	0.0691421254802	0.676056338028	11	71
6390	train	WAG+G4	WAG	True	False	False	1.3474		-4406.0382	8844.0763	8901.352	9.2022064624	0.6134804308266666	0.4982050792	2.1820983609	1.6932004032	9	15	0.157232704403	0.441509433962	9	265
6391	train	JTT+G4	JTT	True	False	False	0.5442		-2454.9861	4921.9722	4944.9105	2.1856391073	0.43712782146	0.2819883936	1.3566589388	0.3123632159	4	5	0.0110946745562	0.0147928994083	4	338
6392	train	WAG+G4	WAG	True	False	False	2.1367		-1421.5312	2899.0623	2961.2085	5.8511942741	0.21671089904074073	0.2007489212	1.4730116127000001	0.6229919373999999	15	27	0.0333333333333	0.735294117647	15	68
6393	train	JTT+G4	JTT	True	False	False	1.3729		-2094.8619	4201.7239	4224.6444	0.8196619453	0.16393238906000002	0.1409469165	0.248755756	0.23299354935	4	5	0.00222551928783	0.0563798219585	4	337
6394	train	LG+G4	LG	True	False	False	0.5642		-1514.1739	3076.3478	3134.9714	8.5071731486	0.3698770934173913	0.2962735306	2.4000270928000003	0.7322467573	13	23	0.0542986425339	0.541176470588	13	85
6395	train	LG+F+G4	LG	True	False	True	2.2729		-3560.9857	7187.9714	7298.5828	9.827020935	0.7559246873076924	0.7336667693	4.209270173199999	1.92442450525	8	13	0.071682464455	0.630331753555	8	211
6396	train	LG+G4	LG	True	False	False	0.8465		-1590.0447	3220.0895	3270.7414	8.2845692088	0.43602995835789476	0.2593692739	5.6324954505	2.7236539345	11	19	0.0830889540567	0.677419354839	11	93
64	train	WAG+G4	WAG	True	False	False	0.4633		-702.9359	1441.8719	1473.1499	10.1031121284	0.5943007134352941	0.3228054617	5.524200594599999	3.8265794745	10	17	0.1	0.619047619048	10	42
640	train	LG+F+G4	LG	True	False	True	1.9367		-41118.8646	82559.7291	83193.2471	88.3940624835	0.6269082445638298	0.3701912772	6.5512558034	4.60317026695	72	141	0.260986184597	0.791005291005	72	378
6401	train	WAG	WAG	False	False	False			-4947.7507	9961.5014	10060.1857	14.0099016481	0.4245424741848485	0.2464825934	3.4396754967999996	2.1560605212499997	18	33	0.0861678004535	0.891156462585	18	147
6402	train	LG+G4	LG	True	False	False	1.0711		-2622.2978	5280.5957	5335.7224	5.954896029	0.35028800170588237	0.2504652057	1.6847497675	0.92052433485	10	17	0.0113924050633	0.569620253165	10	158
6405	train	JTT+F+G4	JTT	True	False	True	1.6149		-2217.9016	4513.8032	4633.2444	5.9191257189	0.3115329325736842	0.2132978804	3.4249219737	0.3806046795	11	19	0.11334867664	0.613924050633	11	158
6412	train	cpREV+G4	cpREV	True	False	False	0.633		-1281.3964	2574.7927	2593.4646	3.1248660504	0.6249732100800001	0.5834419651	2.0368238707	0.75052575595	4	5	0.0376506024096	0.078313253012	4	166
6413	train	LG+F+G4	LG	True	False	True	1.2407		-2907.1262	5872.2525	5975.1757	6.4113053928	0.7123672658666667	0.5747547047	2.6601718932000002	2.0553642076500003	6	9	0.0311284046693	0.443579766537	6	257
6414	train	LG+F+G4	LG	True	False	True	2.0846		-4704.5149	9487.0298	9624.5224	14.4237210388	0.7591432125684211	0.3119288954	4.460364369700001	1.7230112484	11	19	0.149945671858	0.709163346614	11	251
6415	train	LG+G4	LG	True	False	False	1.0806		-3670.5038	7357.0076	7389.1563	3.0537993717000003	0.4362570531	0.2330309454	1.8736667562	0.40305246370000003	5	7	0.0267639902676	0.143552311436	5	411
6419	train	VT+G4	VT	True	False	False	0.8893		-893.7847	1823.5693	1861.2675	4.8822889276	0.2871934663294118	0.2525513556	1.9014534594999999	1.162214172	10	17	0.05	0.483333333333	10	60
642	train	JTT+G4	JTT	True	False	False	1.2924		-744.1471	1516.2942	1547.3674	2.8870936656	0.22208412812307693	0.0880024883	1.3030452473999998	0.2281993027	8	13	0.0165441176471	0.161764705882	8	68
6421	train	LG+G4	LG	True	False	False	1.4421		-7146.4223	14316.8445	14370.3634	3.7646878464	0.34224434967272727	0.1828792735	2.1729658627	0.3775323063	7	11	0.0420299575229	0.48200312989	7	639
6423	train	LG+F+G4	LG	True	False	True	0.9581		-7054.9793	14211.9586	14398.2356	11.9677177653	0.386055411783871	0.3019913293	2.660894647	2.2083432012	17	31	0.0627450980392	0.778947368421	17	285
6426	train	LG+F+G4	LG	True	False	True	1.8885		-2102.63	4335.2599	4469.1887	13.7216539251	0.30492564278	0.2785837089	3.2073481443999996	1.9613840966499998	24	45	0.0	0.879310344828	24	58
6427	train	WAG	WAG	False	False	False			-3910.938	7839.8759	7874.3892	3.337686763	0.37085408477777776	0.1978609388	1.8143860932	0.76057938735	6	9	0.0292397660819	0.476608187135	6	342
6428	train	LG+F+G4	LG	True	False	True	1.2434		-4097.7367	8285.4733	8435.8784	7.9863444374	0.319453777496	0.2234065439	2.6327735930999996	1.5318596977999999	14	25	0.105946684894	0.645933014354	14	209
643	train	LG+G4	LG	True	False	False	1.8432		-6438.1063	12932.2126	13029.9028	13.418842482	0.496994166	0.3656931065	2.1059565179	1.5223415949999999	15	27	0.0917355371901	0.830578512397	15	242
6430	train	LG+G4	LG	True	False	False	1.2755		-3065.7849	6151.5698	6187.8819	3.5380913316	0.3931212590666667	0.3309135044	1.6591578498999997	0.7665543387	6	9	0.0221027479092	0.318996415771	6	279
6431	train	LG+F+G4	LG	True	False	True	1.2149		-7227.1986	14784.3973	15179.4814	43.2026372949	0.29794922272344826	0.2095702433	4.5527266047	1.82620827915	74	145	0.101601601602	0.938271604938	74	81
6433	train	LG+F	LG	False	False	True			-1721.9445	3495.8891	3576.1666	4.605319428900001	0.6579027755571429	0.6309922096	1.4372724547	1.0897846442	5	7	0.0432098765432	0.179012345679	5	162
6434	train	LG+F+G4	LG	True	False	True	1.7726		-3104.8126	6351.6252	6502.6517	21.3654492263	0.4189303769862745	0.3121442325	3.9885488705	3.1523904806000003	27	51	0.00418160095579	0.951612903226	27	62
6435	train	LG+F+G4	LG	True	False	True	1.2777		-6165.557	12425.1139	12592.2848	10.342225179	0.38304537699999996	0.3884817428	3.2997226691000003	1.9490111277000002	15	27	0.0481338481338	0.826254826255	15	259
6436	train	LG+F+G4	LG	True	False	True	1.9473		-8487.4661	17072.9322	17256.4962	15.049938498	0.5189633964827586	0.3688275869	4.3768992914	3.1030831224	16	29	0.073482428115	0.897763578275	16	313
6439	train	rtREV+G4	rtREV	True	False	False	1.3089		-3752.0283	7668.0565	7859.1767	21.7660785822	0.2687170195333333	0.1521179291	6.0926157911	1.4987880133	42	81	0.0839598997494	0.855263157895	42	76
6440	train	JTT+F+G4	JTT	True	False	True	0.7858		-1874.138	3806.276	3904.8228	3.1812271277	0.3534696808555556	0.3188135979	0.8678992803000001	0.72216088075	6	9	0.128205128205	0.239819004525	6	221
6441	train	LG	LG	False	False	False			-1315.5306	2649.0613	2673.7657	4.9307127083	0.5478569675888889	0.380538706	1.7702624601000003	1.24062338605	6	9	0.0579710144928	0.408695652174	6	115
6442	train	LG+G4	LG	True	False	False	1.067		-6932.3466	13956.6931	14109.7754	19.3764646113	0.43058810247333335	0.307006136	3.0132482988	1.5568588108499999	24	45	0.164441747573	0.699029126214	24	206
6443	train	LG+F+G4	LG	True	False	True	1.1925		-2667.6318	5389.2635	5486.1193	4.7299654632	0.6757093518857143	0.5350107456	1.9422022148	0.7515383230999999	5	7	0.0262172284644	0.123595505618	5	267
6444	train	LG+F+G4	LG	True	False	True	1.7393		-2021.8144	4149.6287	4274.5343	16.3627602106	0.4958412185030303	0.3153546063	4.0289988229	1.8111423988	18	33	0.169515669516	0.807692307692	18	78
6445	train	LG+G4	LG	True	False	False	0.7546		-8847.505	17747.01	17852.303	8.13330224	0.32533208960000004	0.2677988137	1.4821394756	0.78333123215	14	25	0.0554245283019	0.587264150943	14	424
6447	train	LG+F+G4	LG	True	False	True	1.5626		-9378.0551	18926.1102	19201.6587	28.6965253341	0.44148500514	0.3622681815	6.2756861176	3.9237107835	34	65	0.104108309991	0.931216931217	34	189
6449	train	WAG	WAG	False	False	False			-772.3671	1578.7341	1610.8951	6.9711727185	0.4100689834411765	0.1799058423	3.5809938717	1.2978809445000001	10	17	0.126530612245	0.632653061224	10	49
6450	train	WAG+G4	WAG	True	False	False	0.625		-3881.8247	7791.6494	7844.9634	3.1561845271	0.24278342516153847	0.1916034607	1.0759777608	0.92126831345	8	13	0.0191441441441	0.366366366366	8	333
6451	train	WAG+G4	WAG	True	False	False	0.8756		-837.6839	1715.3679	1756.2289	3.9100308871	0.20579109932105263	0.1985293391	1.63865587	0.8169431828	11	19	0.0	0.59649122807	11	57
6452	train	LG+G4	LG	True	False	False	1.1083		-3129.6782	6331.3563	6431.101	16.4444971067	0.4698427744771428	0.3613080187	3.4641477705	1.4057383171	19	35	0.206066012489	0.635593220339	19	118
6454	train	rtREV+F+G4	rtREV	True	False	True	1.163		-3957.5166	7985.0332	8109.3867	7.6540110115	0.5102674007666667	0.3566545048	4.039933285999999	3.7560209109	9	15	0.0654608096469	0.639534883721	9	258
6455	train	LG+G4	LG	True	False	False	1.3413		-4402.4417	8828.8833	8874.1406	5.1731246519	0.47028405926363637	0.4687364583	1.4479673872999999	1.2099593905	7	11	0.0360480640854	0.442367601246	7	321
6456	train	LG+G4	LG	True	False	False	1.888		-5980.9733	12025.9465	12130.0193	18.2679450711	0.5892885506806452	0.342583932	4.830150913200001	3.426915664	17	31	0.0794579611949	0.884816753927	17	191
6457	train	JTT+F+G4	JTT	True	False	True	0.9129		-1438.3722	2938.7444	3027.8756	4.894600882	0.4449637165454545	0.1607678673	2.1671822594999997	1.6754497445	7	11	0.00763358778626	0.603053435115	7	131
646	train	LG+G4	LG	True	False	False	0.6237		-3040.1433	6140.2865	6233.2825	6.0919263552	0.21006642604137932	0.2059356865	1.5227580043000002	0.73686693155	16	29	0.0118140243902	0.542682926829	16	164
6464	train	LG+F	LG	False	False	True			-4942.639	9973.278	10117.0637	10.5694089276	0.42277635710399997	0.3017320434	4.0397954511	2.05652109495	14	25	0.029823269514	0.927835051546	14	194
6465	train	WAG+G4	WAG	True	False	False	0.5889		-1356.2141	2748.4281	2793.8203	3.6490675114	0.21465103008235295	0.1529117133	1.1815763902	0.5438116049	10	17	0.0130434782609	0.423913043478	10	92
6466	train	LG+G4	LG	True	False	False	0.7025		-5269.2382	10590.4764	10683.8421	8.9940739424	0.359762957696	0.1888219953	3.5636801927	1.2966433531	14	25	0.079157782516	0.619402985075	14	268
6467	train	JTT+G4	JTT	True	False	False	2.2842		-1054.7981	2141.5962	2180.2976	4.3202913566	0.28801942377333334	0.215002872	1.9092020358	0.4919111733	9	15	0.0722891566265	0.433734939759	9	83
6469	train	cpREV+G4	cpREV	True	False	False	0.7207		-3011.3613	6078.7227	6169.0436	3.8765571813	0.1435761919	0.1265834711	0.7841988532999999	0.31299344830000003	15	27	0.0258064516129	0.440860215054	15	186
6470	train	LG+G4	LG	True	False	False	1.0471		-3193.1607	6450.3215	6544.9079	8.9125590299	0.2875019041903226	0.2550595266	2.3616229503	1.2264137613	17	31	0.125517812759	0.704225352113	17	142
6471	train	LG+G4	LG	True	False	False	0.6776		-3689.6007	7423.2013	7496.0919	7.1020781968	0.33819419984761906	0.2362827164	1.9262805916	1.0804092299999999	12	21	0.0	0.625615763547	12	203
6472	train	JTT+G4	JTT	True	False	False	1.2171		-1806.351	3636.7021	3672.9886	3.7302634442	0.3391148585636363	0.2824146409	1.9461566752000001	1.5939829699999999	7	11	0.0216165413534	0.532894736842	7	152
6473	train	LG+G4	LG	True	False	False	1.3965		-2892.527	5813.054	5858.804	6.3389013473	0.4876077959461539	0.3361702363	1.7305377366999999	1.38502170855	8	13	0.0644329896907	0.556701030928	8	194
6474	train	LG+G4	LG	True	False	False	1.0018		-2223.0302	4478.0605	4525.9074	8.4633745823	0.5642249721533333	0.308753569	4.5997433235	2.0789465163000003	9	15	0.0551776266062	0.727891156463	9	147
6476	train	LG+G4	LG	True	False	False	0.9807		-2077.789	4231.5779	4315.3562	15.6638591624	0.4233475449297297	0.2490196372	5.208320041299999	3.7988459203	20	37	0.0268656716418	0.910447761194	20	67
6478	train	LG+G4	LG	True	False	False	0.8918		-1540.3857	3112.7714	3154.6134	5.7006282116	0.38004188077333334	0.2932971958	2.4794192274	1.1584127254	9	15	0.020902090209	0.544554455446	9	101
6479	train	LG+G4	LG	True	False	False	0.7104		-2287.0064	4670.0129	4771.3348	14.9180003282	0.31740426230212765	0.2664688328	2.6673225447	1.313221617	25	47	0.055737704918	0.737704918033	25	61
648	train	LG+G4	LG	True	False	False	2.2644		-3111.3674	6306.7349	6421.2852	9.9619552249	0.2429745176804878	0.189749754	2.5176979116	1.2847199334	22	41	0.127916331456	0.849557522124	22	113
6480	train	LG+G4	LG	True	False	False	1.2979		-1200.1104	2416.2207	2437.9687	4.8034483348000006	0.6862069049714287	0.5034282998	2.0393206397	1.3217632126	5	7	0.0178571428571	0.160714285714	5	112
6484	train	LG+F+G4	LG	True	False	True	1.2694		-7944.3294	16066.6588	16330.352	38.0614139402	0.5516146947855072	0.3943581326	4.2670990871	2.63209314465	36	69	0.17365967366	0.825174825175	36	143
6486	train	WAG+G4	WAG	True	False	False	1.7156		-1563.6604	3167.3209	3218.1868	4.5223609748	0.2380189986736842	0.1397366298	2.1208772692	0.6850242153	11	19	0.00580270793037	0.627659574468	11	94
6488	train	rtREV+G4	rtREV	True	False	False	1.0295		-2326.7405	4693.481	4752.026	7.0797314898	0.372617446831579	0.3366717051	2.2096376391	0.9804797117	11	19	0.111330698287	0.507246376812	11	138
649	train	JTT+G4	JTT	True	False	False	1.2264		-3924.5064	7925.0127	8028.3157	18.2228364749	0.4925090939162162	0.3276122218	5.133501535799999	3.7207347766499996	20	37	0.0379464285714	0.901785714286	20	112
6490	train	LG	LG	False	False	False			-6354.066	12730.132	12775.6944	8.0535381582	0.7321398325636364	0.6756641752	2.233934933	1.7814501326999999	7	11	0.176958525346	0.430107526882	7	465
6491	train	WAG+G4	WAG	True	False	False	0.9557		-1370.1085	2752.2171	2772.2711	1.2325412393	0.24650824785999997	0.2174753057	0.6755112114999999	0.4317344083	4	5	0.0287081339713	0.11961722488	4	209
6494	train	LG+G4	LG	True	False	False	0.7531		-10742.616	21525.232	21614.8635	5.2624921637	0.2769732717736842	0.2116191564	1.2639957379	0.9032156915999999	11	19	0.0187943756091	0.525267993874	11	653
6496	train	JTT+G4	JTT	True	False	False	1.8893		-2634.5491	5337.0982	5418.5094	16.405355241	0.49713197699999995	0.4043660293	3.1530824713000003	1.98777280105	18	33	0.139231824417	0.802469135802	18	81
6497	train	LG+G4	LG	True	False	False	0.8783		-993.1224	2006.2448	2033.2496	2.3243335979	0.25825928865555553	0.1681992962	1.0478628952	0.60651114695	6	9	0.0	0.3	6	110
6498	train	LG+G4	LG	True	False	False	2.2381		-2918.2655	5868.5311	5919.5293	7.3417014994	0.4894467666266667	0.4635346944	2.3439922735	1.6685889303	9	15	0.104903786468	0.675977653631	9	179
6499	train	WAG	WAG	False	False	False			-3502.9093	7043.8186	7100.8936	10.1857125262	0.5360901329578948	0.5481342604	1.6522366711	1.2737110719	11	19	0.123856009762	0.724832214765	11	149
65	train	LG+F+G4	LG	True	False	True	1.3863		-38923.0185	78084.037	78598.8488	39.9655370379	0.4036922933121212	0.2766201076	3.8230390578000004	2.6570758244999997	51	99	0.178680416711	0.869409660107	51	559
650	train	LG+G4	LG	True	False	False	1.9866		-7486.9733	15073.9466	15229.8463	24.0577565339	0.49097462314081636	0.4027706049	5.311029992899999	2.7187032081	26	49	0.127130354675	0.862275449102	26	167
6501	train	JTT	JTT	False	False	False			-1189.4028	2392.8056	2412.7698	2.6849469563	0.3835638509	0.3341722261	1.025784092	0.7928079265000001	5	7	0.05625	0.2421875	5	128
6505	train	LG+G4	LG	True	False	False	2.4112		-1053.7911	2147.5823	2189.4692	6.5297665417	0.3436719232473684	0.209823874	2.2419994898	0.7442135045999999	11	19	0.0515151515152	0.75	11	60
651	train	LG+G4	LG	True	False	False	1.7368		-9261.9527	18583.9054	18697.7871	14.1842044433	0.4891104980448276	0.3067456557	3.4732427581	2.610368493	16	29	0.0862462006079	0.802431610942	16	329
6511	train	LG	LG	False	False	False			-1437.4212	2884.8425	2900.4024	2.5437178891	0.50874357782	0.4481677093	1.4213436742	0.8757869887999999	4	5	0.0271084337349	0.174698795181	4	166
6512	train	LG+G4	LG	True	False	False	1.9118		-6975.7827	13987.5655	14057.8129	8.7937862745	0.5172815455588236	0.492017382	2.9896021808999995	2.16017223085	10	17	0.0633879781421	0.658469945355	10	366
6513	train	WAG+G4	WAG	True	False	False	1.1283		-1865.9686	3755.9372	3792.1445	4.2371309337	0.38519372124545453	0.3232191425	2.2269582209000003	1.4349096426	7	11	0.0974456007569	0.430463576159	7	151
6516	train	LG+G4	LG	True	False	False	1.124		-2795.6735	5635.347	5704.4636	5.6465781354999995	0.2688846731190476	0.1989870843	2.3077573294000002	1.1574868055	12	21	0.0448343079922	0.707602339181	12	171
652	train	LG+G4	LG	True	False	False	1.0403		-2888.9251	5853.8502	5951.6893	15.7752345156	0.4263576896108108	0.3506986289	3.8344063708000005	2.2718962878999998	20	37	0.118556701031	0.824742268041	20	97
6521	train	VT+G4	VT	True	False	False	1.9239		-814.2517	1648.5034	1670.2473	4.1705811621	0.46339790690000005	0.3450950808	1.6383626322	0.8318159201499999	6	9	0.0128205128205	0.261538461538	6	65
6522	train	LG+G4	LG	True	False	False	1.2442		-2119.8262	4267.6524	4308.8354	6.6897599189	0.5145969168384615	0.3393446128	1.8917119615	1.2177267455499998	8	13	0.0151785714286	0.471428571429	8	140
6523	train	WAG+G4	WAG	True	False	False	1.2641		-2533.0435	5114.087	5181.7738	6.8937819142	0.29972964844347827	0.2084926697	1.9918130615999998	1.3216424593	13	23	0.0446650124069	0.693548387097	13	124
6526	train	WAG	WAG	False	False	False			-1919.6237	3849.2473	3866.4159	2.1397320039	0.42794640077999996	0.2370037601	0.8387320035	0.596946096	4	5	0.0305676855895	0.0524017467249	4	229
6528	train	LG+G4	LG	True	False	False	2.0773		-1614.8594	3245.7189	3270.7106	3.2902584979	0.47003692827142857	0.5100928008	1.6952974182	1.4186513799000002	5	7	0.0869047619048	0.232142857143	5	168
6530	train	LG+G4	LG	True	False	False	1.1961		-4339.1597	8702.3193	8750.4545	3.9207985653	0.3564362332090909	0.2791543477	1.9073078686	0.5680124006	7	11	0.130952380952	0.372549019608	7	408
6531	train	LG+F+G4	LG	True	False	True	1.3444		-12371.5224	24909.0448	25194.7654	37.5578732391	0.5961567180809524	0.4959692559	4.8892565785999995	3.8501021561999997	33	63	0.114521841795	0.896103896104	33	231
6533	train	JTT	JTT	False	False	False			-1171.6139	2353.2279	2368.2139	2.1740657985	0.4348131597	0.4270646429	1.4247499729	0.7050358244999999	4	5	0.0793918918919	0.0945945945946	4	148
6534	train	LG+G4	LG	True	False	False	3.1291		-1642.7023	3309.4047	3342.4478	6.0828568081	0.5529869825545455	0.3438474842	3.2268438927	1.8616678516	7	11	0.0369458128079	0.448275862069	7	116
6536	train	WAG	WAG	False	False	False			-2819.4893	5672.9786	5731.1277	3.8636119124	0.2272712889647059	0.073670174	2.2055229736000004	1.2424952912	10	17	0.0703539823009	0.836283185841	10	226
6538	train	LG+G4	LG	True	False	False	1.0604		-3184.3637	6404.7274	6463.6414	6.7193583813	0.3952563753705882	0.305366342	1.8358563074	1.0030797022	10	17	0.0917948717949	0.569230769231	10	195
654	train	LG+G4	LG	True	False	False	0.9569		-33810.5768	67773.1536	68119.2526	44.870820815900004	0.5982776108786667	0.3217324314	9.436005416	6.169420636799999	39	75	0.292205420411	0.769230769231	39	702
6541	train	LG	LG	False	False	False			-1858.8597	3739.7194	3771.9986	5.4704891825	0.4973171984090909	0.4692340163	1.516209217	1.4428844423	7	11	0.132579650565	0.41726618705	7	139
6543	train	LG+G4	LG	True	False	False	1.4062		-4419.4494	8882.8987	8954.9047	17.517071913	0.8341462815714286	0.3285062325	3.7399121645999998	2.1429477406000004	12	21	0.155555555556	0.682051282051	12	195
6550	train	LG+G4	LG	True	False	False	0.829		-6719.1967	13458.3934	13504.6473	2.6916492374	0.2990721374888889	0.1707071105	1.8322485161	1.73455781855	6	9	0.0245358090186	0.371352785146	6	754
6553	train	WAG+G4	WAG	True	False	False	1.0251		-1802.2982	3628.5963	3666.3663	2.438425477	0.22167504336363636	0.2320067704	0.9573062455000001	0.7828246437	7	11	0.0207641196013	0.337209302326	7	172
6554	train	mtART+G4	mtART	True	False	False	0.8487		-858.839	1737.678	1766.0408	3.3525361827999998	0.3725040203111111	0.0847936532	1.8593375728	1.26885051575	6	9	0.0806878306878	0.436507936508	6	126
6555	train	WAG+G4	WAG	True	False	False	0.5804		-1469.8439	2955.6879	2981.4074	2.285417462	0.32648820885714286	0.2877251981	1.0776129674	0.38444288419999995	5	7	0.0630434782609	0.0869565217391	5	184
6557	train	LG+G4	LG	True	False	False	1.4647		-957.3016	1930.6032	1951.9859	2.3074077131	0.3296296733	0.3086756003	1.0577603917	0.6304929553	5	7	0.0	0.130841121495	5	107
6559	train	LG	LG	False	False	False			-1567.3339	3152.6678	3179.078	4.7547610355	0.5283067817222222	0.3670511374	2.0009905226	1.75383295225	6	9	0.0923261390887	0.446043165468	6	139
6562	train	LG+G4	LG	True	False	False	0.7974		-1461.1927	2958.3855	3006.8297	4.3855694789	0.25797467522941175	0.1558775289	2.4552510197000004	1.5318747375000004	10	17	0.0110091743119	0.642201834862	10	109
6563	train	LG+G4	LG	True	False	False	1.9803		-1765.1115	3558.223	3596.5298	6.3711357033	0.4900873617923077	0.4305672231	2.6483957280999997	1.7524618292999996	8	13	0.0285087719298	0.675438596491	8	114
6564	train	LG+F+G4	LG	True	False	True	2.1898		-1464.2814	3002.5628	3095.0558	7.7365539748000005	0.45509141028235295	0.4157159399	2.0594953269	1.4112845723499998	10	17	0.0555555555556	0.722222222222	10	90
6569	train	JTT	JTT	False	False	False			-1406.1932	2838.3863	2873.6102	2.6644281819	0.2049560139923077	0.1631699384	1.2757079811	0.7059690758499999	8	13	0.0202702702703	0.648648648649	8	111
657	train	WAG+G4	WAG	True	False	False	2.1091		-1726.658	3585.316	3715.3553	11.8709947776	0.18263068888615386	0.0607645548	3.053219928	1.56808238965	34	65	0.185349611543	0.735849056604	34	53
6570	train	WAG+G4	WAG	True	False	False	0.5951		-3780.3798	7800.7595	8067.1004	19.9660690174	0.16778209258319327	0.1273321556	1.9539700596000003	0.8556066556000002	61	119	0.257232401157	0.720588235294	61	68
6572	train	LG+G4	LG	True	False	False	1.2605		-4116.4646	8248.9292	8281.6958	2.9969162935	0.4281308990714286	0.3270916805	1.1423761947	0.8199963811	5	7	0.0581081081081	0.218468468468	5	444
6573	train	WAG+G4	WAG	True	False	False	3.8891		-3408.3062	6852.6123	6910.3831	7.5235887857	0.44256404621764706	0.4185828096	1.8205760612000002	1.42525340105	10	17	0.130054644809	0.551912568306	10	183
6576	train	LG+G4	LG	True	False	False	0.7786		-3893.7962	7859.5925	7967.4921	11.0108352494	0.31459529284	0.2827373056	2.8656578355	2.6088650809	19	35	0.0590327169275	0.75	19	148
6578	train	LG+G4	LG	True	False	False	1.2131		-8572.5266	17241.0532	17406.9086	17.0991685808	0.3638120974638298	0.3346350593	3.998509597	2.8457688368	25	47	0.167521367521	0.782051282051	25	234
6579	train	LG+F+G4	LG	True	False	True	0.7628		-12373.1493	24868.2986	25115.1883	14.2557163022	0.3477003976146341	0.2872755554	2.1596248044	1.4971123613999997	22	41	0.0964968837309	0.747044917258	22	423
658	train	WAG+G4	WAG	True	False	False	1.3296		-3108.0652	6300.1305	6404.6532	13.7424239594	0.3351810721804878	0.3092570575	2.7042527374	1.8305768312000001	22	41	0.0633299284985	0.76404494382	22	89
6580	train	LG+F+G4	LG	True	False	True	1.3858		-5730.7974	11543.5948	11692.1795	13.0955141466	0.6235959117428571	0.5222782062	3.1594766679	2.44807678375	12	21	0.156137184116	0.667870036101	12	277
6581	train	LG+G4	LG	True	False	False	0.8851		-1347.8051	2743.6101	2801.9497	4.1675521295	0.18119791867391302	0.1118567849	1.1152895111999999	0.5109989677	13	23	0.003663003663	0.416666666667	13	84
6582	train	LG+G4	LG	True	False	False	0.8977		-8993.1539	18230.3079	18575.3622	51.9586994933	0.42941073961404963	0.2841189667	8.4604459526	3.8762212371499998	62	121	0.226322580645	0.864	62	125
6583	train	LG+G4	LG	True	False	False	0.9708		-20565.769	41531.538	42164.4952	69.7731335538	0.3506187615768844	0.2401174998	5.6258950625	3.305330550400001	101	199	0.334653465347	0.72	101	175
6584	train	LG+G4	LG	True	False	False	1.5316		-2941.1645	5974.329	6082.7376	15.7119258361	0.3491539074688889	0.2759482867	3.7709732394000004	1.5445782083000001	24	45	0.0373931623932	0.858974358974	24	78
6587	train	LG+G4	LG	True	False	False	1.1791		-4734.5048	9529.0097	9629.8484	9.1469404192	0.31541173859310345	0.2519131403	2.4036643511999998	1.4215029384000002	16	29	0.120011737089	0.68544600939	16	213
659	train	LG+G4	LG	True	False	False	1.322		-25379.6249	50983.2498	51442.2342	43.4035506105	0.39102297847297296	0.244040165	7.079748265199999	3.9450821276000005	57	111	0.403035679085	0.784269662921	57	445
6590	train	cpREV+G4	cpREV	True	False	False	2.5242		-3125.9017	6335.8034	6434.2432	18.9367570554	0.46187212330243904	0.4179372794	3.2190311853000004	2.0554102848499998	22	41	0.0873671782763	0.896103896104	22	77
6592	train	LG+G4	LG	True	False	False	0.8377		-1766.9709	3549.9418	3575.0751	7.4271270365	1.0610181480714285	0.8951084888	2.5995850219	1.9506105956	5	7	0.147368421053	0.0760233918129	5	171
6593	train	LG	LG	False	False	False			-1279.7816	2569.5632	2585.032	2.4511712379999997	0.49023424759999995	0.4104676948	1.0389627461	0.82995371815	4	5	0.0782208588957	0.0981595092025	4	163
6595	train	LG+F+G4	LG	True	False	True	1.4699		-5156.4342	10434.8683	10628.2678	21.7288433731	0.5299717895878049	0.2417575335	3.7143707543	1.9902381109	22	41	0.245609504132	0.704545454545	22	176
6597	train	LG+G4	LG	True	False	False	0.7952		-1575.4526	3182.9052	3224.7471	9.4606473836	0.6307098255733333	0.4478758775	3.7886568214	1.4062337802	9	15	0.123212321232	0.465346534653	9	101
6598	train	WAG+G4	WAG	True	False	False	0.5404		-5829.4115	11730.8229	11852.1659	31.7629235553	0.90751210158	0.6889402776	12.3182257008	6.3325502597	19	35	0.291309669523	0.641860465116	19	215
6599	train	WAG+G4	WAG	True	False	False	1.5519		-770.4553	1576.9106	1606.3872	10.627426632	0.6251427430588236	0.4939560649	4.0156362041	2.5652401563	10	17	0.0578947368421	0.657894736842	10	38
66	train	WAG+G4	WAG	True	False	False	0.8231		-6454.267	13052.534	13263.2963	18.3218653251	0.25805444119859156	0.2031882726	3.544414117500001	1.7675211085	37	71	0.130630630631	0.753623188406	37	138
660	train	LG+F+G4	LG	True	False	True	1.4132		-2771.0197	5656.0395	5809.9668	11.3476559818	0.3066934049135135	0.2007199496	4.420889420700001	2.66678601065	20	37	0.123181818182	0.745454545455	20	110
6601	train	LG+G4	LG	True	False	False	1.1566		-1057.2996	2154.5992	2198.9894	6.0822089916	0.32011626271578947	0.240370556	2.9619108615000003	0.9317213676	11	19	0.0534759358289	0.661764705882	11	68
6604	train	LG+G4	LG	True	False	False	0.9995		-2896.7529	5809.5059	5839.3467	4.917615431	0.7025164901428571	0.3364260266	2.7757152178	0.9145236467	5	7	0.105194805195	0.100649350649	5	308
6606	train	VT+G4	VT	True	False	False	1.7678		-2611.5142	5271.0284	5338.7152	7.029113384	0.3056136253913044	0.2652368696	1.8341188869	0.8808376545000001	13	23	0.060794044665	0.717741935484	13	124
6609	train	LG+F+G4	LG	True	False	True	2.4244		-12220.5653	24551.1307	24766.0752	17.6719452412	0.5049127211771428	0.4807731975	3.0333955512	2.2077533689999997	19	35	0.166332951945	0.8125	19	368
661	train	LG+G4	LG	True	False	False	1.3832		-5473.6983	11007.3966	11109.2054	10.4077222721	0.3588869749	0.1957425426	3.3529275879	0.8181279070499999	16	29	0.0613636363636	0.822727272727	16	220
6610	train	LG+G4	LG	True	False	False	1.6657		-3601.7766	7223.5532	7259.0828	7.4609861279	0.8289984586555555	0.6658106366	3.1805956958	1.63552812145	6	9	0.0213178294574	0.259689922481	6	258
6611	train	LG	LG	False	False	False			-2059.4331	4148.8662	4191.9941	4.7733336365	0.31822224243333336	0.26036455	1.2156109775	0.8745582787999999	9	15	0.0568278201866	0.717557251908	9	131
6612	train	WAG	WAG	False	False	False			-3347.3422	6728.6843	6795.5775	1.9263606025	0.11331532955882352	0.015297491	1.1465342366	0.9650672674999998	10	17	0.128571428571	0.600529100529	10	378
6614	train	JTT+F+G4	JTT	True	False	True	0.8321		-1398.4552	2846.9104	2928.9904	3.3973369406	0.67946738812	0.427624368	2.1736430834	0.82565805775	4	5	0.0913705583756	0.0253807106599	4	197
6615	train	LG+G4	LG	True	False	False	0.7382		-5278.2442	10648.4885	10794.3308	16.8843932989	0.3752087399755556	0.1999915445	4.0200913895	2.3876570127	24	45	0.164299242424	0.738636363636	24	176
6616	train	LG+F+G4	LG	True	False	True	1.1635		-4227.9717	8521.9434	8640.3226	8.888092200700001	0.6836994000538462	0.495424104	2.1040482185	1.8052167388	8	13	0.0159176029963	0.494382022472	8	267
6617	train	rtREV+G4	rtREV	True	False	False	3.0233		-815.9979	1699.9958	1747.6365	14.4375589141	0.43750178527575756	0.314311201	4.0045131712	1.5222943029000002	18	33	0.183333333333	0.766666666667	18	30
6618	train	LG+F+G4	LG	True	False	True	1.0854		-3732.9582	7539.9163	7667.2858	7.2145639648	0.4243861155764706	0.3494945713	1.7899818304	1.4919385414499997	10	17	0.0519480519481	0.601731601732	10	231
662	train	JTT+F+G4	JTT	True	False	True	1.8492		-14647.5204	29453.0407	29756.2214	38.2001362811	0.6474599369677966	0.3610759658	6.2970848209	2.9272483746000004	31	59	0.322298504655	0.711370262391	31	343
6620	train	WAG+F+G4	WAG	True	False	True	1.1156		-3268.4567	6634.9135	6769.8394	16.3573758693	0.5640474437689655	0.4697569405	5.8609323336	2.27941205605	16	29	0.141163793103	0.706896551724	16	116
6621	train	LG+F+G4	LG	True	False	True	2.1319		-2461.7483	4997.4966	5103.8789	11.6439891396	0.6849405376235295	0.620303313	2.9912763685	2.1966138940999995	10	17	0.129770992366	0.603053435115	10	131
6624	train	LG+G4	LG	True	False	False	0.675		-1473.7394	3031.4788	3104.4609	17.4735698685	0.4261846309390244	0.3637092899	3.4157887312	2.4051014179	22	41	0.172077922078	0.785714285714	22	42
6625	train	JTT+G4	JTT	True	False	False	3.2101		-2264.5007	4545.0014	4570.9776	5.3169698614	0.7595671230571428	0.5830262338	2.5712834813	1.4490105124	5	7	0.0505263157895	0.157894736842	5	190
6626	train	JTT+G4	JTT	True	False	False	1.1192		-2293.0176	4602.0353	4630.9111	2.0557616289	0.2936802327	0.1982476154	0.7087079658	0.4083577659	5	7	0.0358974358974	0.10989010989	5	273
6630	train	LG+G4	LG	True	False	False	1.6903		-1111.4154	2238.8308	2260.7204	3.4828279528	0.4975468504	0.2248228131	1.5947998246	0.7408830999	5	7	0.00350877192982	0.19298245614	5	114
6632	train	LG+G4	LG	True	False	False	0.6914		-2493.2834	5010.5668	5049.8428	5.0259974268	0.4569088569818182	0.4496189758	1.8091790936	1.1901929807	7	11	0.0168498168498	0.34358974359	7	195
6635	train	rtREV+F	rtREV	False	False	True			-4045.5991	8151.1983	8258.0187	5.900172491	0.5363793173636364	0.6195115558	2.3685203443000002	1.1515528265000001	7	11	0.0208791208791	0.557692307692	7	260
6636	train	LG+F+G4	LG	True	False	True	0.9617		-6256.6831	12639.3663	12828.1907	36.0098162539	0.8374375873	0.545869481	8.4062166935	3.6970496402	23	43	0.0919506462985	0.905405405405	23	148
6638	train	WAG+G4	WAG	True	False	False	1.8703		-1278.9572	2585.9144	2621.8153	3.9582229031	0.30447868485384616	0.2318609735	1.1640586253	0.5934583698	8	13	0.0221354166667	0.416666666667	8	96
6641	train	LG+G4	LG	True	False	False	1.1853		-2337.393	4702.786	4744.3633	8.4351981389	0.6488613953000001	0.573776692	3.3934910609999998	1.324783692	8	13	0.0546875	0.458333333333	8	144
6642	train	WAG+G4	WAG	True	False	False	1.3489		-2009.3189	4038.6377	4071.0552	5.2833367259	0.5870374139888889	0.2951438135	3.1557915888	0.7937078686500001	6	9	0.125220458554	0.227513227513	6	189
6645	train	JTT	JTT	False	False	False			-3916.3713	7850.7426	7885.8417	3.5026054051999997	0.3891783783555555	0.3314263673	1.8191998453	0.9086358614500001	6	9	0.120091324201	0.358904109589	6	365
6646	train	LG+G4	LG	True	False	False	2.1062		-1883.829	3783.6581	3808.602	4.9462542777	0.7066077539571428	0.4589681859	2.2684834861	1.3182989254000002	5	7	0.0359281437126	0.287425149701	5	167
6648	train	JTT+G4	JTT	True	False	False	1.1682		-876.3743	1764.7486	1781.5727	2.2054442197	0.44108884394	0.2578005553	1.8472121476	0.8998019390499999	4	5	0.0348360655738	0.311475409836	4	122
6650	train	LG	LG	False	False	False			-2595.1885	5200.377	5218.8624	3.9137038391	0.78274076782	0.4820436947	1.9628915701	0.9332488925	4	5	0.0964765100671	0.0436241610738	4	298
6651	train	WAG	WAG	False	False	False			-3114.8676	6251.7352	6288.7609	5.3450879683000005	0.4859170880272728	0.5255024443	1.8359765634	0.9748910191	7	11	0.0707610146862	0.485981308411	7	214
6654	train	LG+F	LG	False	False	True			-726.2706	1532.5412	1607.3892	5.5678024534	0.26513345016190476	0.2617644285	1.6088381351	0.6839470544999999	12	21	0.00347222222222	0.770833333333	12	48
6656	train	LG+G4	LG	True	False	False	1.1146		-2623.892	5307.7839	5384.7144	10.8666693237	0.3747127353	0.2290425973	1.9065228869	1.2762043872	16	29	0.0358072916667	0.770833333333	16	96
6658	train	LG+G4	LG	True	False	False	1.0856		-1710.3178	3444.6356	3479.6754	5.6722417786	0.5156583435090909	0.3436612798	2.4324367324000002	1.4293960597	7	11	0.0250260688217	0.547445255474	7	137
666	train	LG+G4	LG	True	False	False	1.7742		-6958.1093	14028.2186	14193.7449	33.3668781939	0.6066705126163636	0.3446888695	6.5433019770000005	3.5142168717	29	55	0.0954346770277	0.922535211268	29	142
6661	train	LG+G4	LG	True	False	False	1.5874		-1918.4039	3860.8078	3896.7744	4.9693653877	0.4517604897909091	0.188999865	2.1686238188999996	0.6956121002	7	11	0.027027027027	0.445945945946	7	148
6663	train	LG+G4	LG	True	False	False	1.2463		-1078.4442	2172.8885	2194.9859	4.4371567064	0.6338795294857142	0.5681499636	2.1296064199	1.375542077	5	7	0.148717948718	0.136752136752	5	117
6666	train	LG+G4	LG	True	False	False	0.7715		-5745.9889	11531.9778	11611.9069	4.7449642078	0.24973495830526315	0.1533946924	1.9191757705	1.1144688169	11	19	0.033921302578	0.52736318408	11	402
6667	train	WAG	WAG	False	False	False			-1467.9068	2949.8137	2969.9401	3.3241866495	0.4748838070714286	0.4515395686	1.3158067541	0.7173724065	5	7	0.0274809160305	0.229007633588	5	131
667	train	LG+F+G4	LG	True	False	True	1.0293		-6881.1079	13856.2158	14031.0705	11.8172730929	0.43767678121851855	0.2580003499	2.4389292526	1.3713707573999998	15	27	0.0813114754098	0.718032786885	15	305
6672	train	LG+G4	LG	True	False	False	1.2497		-1207.9922	2435.9844	2461.6279	9.7429413085	1.082549034277778	1.4100097851	3.4886363388	2.3083273501	6	9	0.100694444444	0.260416666667	6	96
6674	train	WAG+G4	WAG	True	False	False	0.7179		-1749.6808	3531.3616	3576.6146	6.6659824492999995	0.4443988299533333	0.2473566397	2.8531641490999995	1.1814825585	9	15	0.126222222222	0.36	9	125
6675	train	LG+G4	LG	True	False	False	1.5105		-2578.0077	5168.0153	5190.6626	3.345763619	0.6691527238	0.502436282	1.5850682322	0.74330640605	4	5	0.122670807453	0.0217391304348	4	322
6676	train	LG+F+G4	LG	True	False	True	0.8894		-6172.4367	12410.8734	12550.4793	15.6320659534	1.2024666118	0.7074094758	5.6506236098	1.7052338415000001	8	13	0.356545275591	0.265748031496	8	508
668	train	LG+G4	LG	True	False	False	0.9497		-3505.8159	7083.6318	7189.0129	14.7414440513	0.42118411575142856	0.1943884236	3.8415941185	3.1975288765	19	35	0.0652173913043	0.811594202899	19	138
6681	train	LG+G4	LG	True	False	False	1.3694		-3421.9275	6875.855	6931.4113	6.2666996945	0.4177799796333333	0.2954415778	3.5442819806	1.8886964046	9	15	0.0690943043884	0.659663865546	9	238
6682	train	WAG+G4	WAG	True	False	False	1.2236		-2202.6619	4421.3238	4448.5812	3.4589317683	0.4941331097571428	0.3514698032	1.4343239129	0.5921923329000001	5	7	0.0439461883408	0.0717488789238	5	223
6683	train	LG+G4	LG	True	False	False	1.0921		-2761.9088	5543.8175	5579.0721	4.6840034326	0.5204448258444444	0.2417575327	2.30265335	1.4972689199499998	6	9	0.0245683930943	0.390438247012	6	251
6684	train	LG+G4	LG	True	False	False	0.9851		-1198.372	2424.7441	2459.1049	7.138197974	0.5490921518461538	0.5373558064	3.9637588999999998	3.0152943157	8	13	0.0828488372093	0.523255813953	8	86
6687	train	WAG	WAG	False	False	False			-988.2522	1994.5045	2016.0545	3.4097197586	0.37885775095555557	0.3261423538	1.0077755404	0.8083602357499999	6	9	0.0246913580247	0.456790123457	6	81
6688	train	LG+F+G4	LG	True	False	True	1.1661		-3558.7225	7187.445	7307.9297	8.3089110198	0.55392740132	0.4193125629	2.1976444186000004	1.7209424601	9	15	0.0827320827321	0.601731601732	9	231
669	train	JTT+G4	JTT	True	False	False	2.2853		-3141.4532	6294.9064	6318.8251	3.9741804185	0.7948360837	0.4983324792	2.6680891556	1.5939782397500002	4	5	0.125628140704	0.163316582915	4	398
6690	train	LG+G4	LG	True	False	False	0.6767		-1406.0155	2836.031	2871.6687	2.2330032583	0.2030002962090909	0.1776819053	0.685964864	0.4462856002	7	11	0.00793650793651	0.277777777778	7	144
6693	train	LG	LG	False	False	False			-2651.0411	5316.0822	5340.1183	5.0124569408	0.7160652772571429	0.5986870778	1.722985134	1.0284949650000001	5	7	0.0436681222707	0.183406113537	5	229
6694	train	JTT+G4	JTT	True	False	False	0.764		-1458.5259	2929.0517	2948.4062	3.9788266569	0.7957653313799999	0.4585099105	1.8598918623	1.110593053	4	5	0.130376344086	0.0215053763441	4	186
6696	train	WAG+G4	WAG	True	False	False	0.7977		-1861.8849	3739.7697	3766.3147	3.9452490195000003	0.5636070027857143	0.3725437949	1.442576984	1.192460365	5	7	0.0843137254902	0.112745098039	5	204
6697	train	LG+G4	LG	True	False	False	0.696		-1773.8525	3579.705	3620.9003	11.2579548936	0.7505303262399999	0.5633696295	4.3383777775	1.3989692752	9	15	0.0515463917526	0.525773195876	9	97
6699	train	LG+F	LG	False	False	True			-6982.471	14020.942	14144.3808	4.7122565602	0.5235840622444444	0.4754609844	2.5868845234	1.5140324060500001	6	9	0.0628775398133	0.490939044481	6	607
67	train	LG+F+G4	LG	True	False	True	0.7212		-28882.4928	58014.9856	58534.8726	67.35873975	0.6415118071428572	0.6091183968	3.1586276965	1.9822310222500001	54	105	0.423107039386	0.610993657505	54	473
670	train	LG+G4	LG	True	False	False	1.2813		-44109.2874	88646.5747	89499.1371	99.843581391	0.4687492084084507	0.3171309025	8.4014651762	5.817694074449999	108	213	0.383897751656	0.858942065491	108	397
6700	train	rtREV+G4	rtREV	True	False	False	1.1374		-1948.636	3909.272	3930.496	1.8803402807	0.37606805614	0.328667948	0.9998035553	0.5711556823499999	4	5	0.0226377952756	0.0984251968504	4	254
6701	train	LG+G4	LG	True	False	False	1.1266		-3191.7903	6403.5806	6438.954	6.3984941071	0.7109437896777778	0.5448093052	2.0754995157	1.3067509975	6	9	0.0288713910761	0.200787401575	6	254
6702	train	JTT+G4	JTT	True	False	False	1.1937		-1985.0835	3982.167	4003.1746	2.150683081	0.4301366162	0.3688017733	1.2864419395	0.6889689840000001	4	5	0.0224489795918	0.0857142857143	4	245
6703	train	LG+G4	LG	True	False	False	1.7239		-8409.7149	16839.4298	16885.319	9.412811294299999	1.0458679215888889	0.5917765301	4.4942750863	1.2859309024499999	6	9	0.183172856488	0.191196698762	6	727
6708	train	cpREV	cpREV	False	False	False			-1027.0348	2064.0696	2077.8376	2.941411259	0.5882822518	0.5070674136	1.2593367953999999	0.78597404745	4	5	0.0258620689655	0.0431034482759	4	116
6709	train	LG+F+G4	LG	True	False	True	1.0106		-3632.9867	7339.9734	7462.0111	15.8803518003	0.9341383411941176	0.7410835588	4.0398204493000005	2.58694789565	10	17	0.1315	0.655	10	200
6710	train	LG	LG	False	False	False			-1169.1614	2352.3228	2372.0648	2.5323827915	0.3617689702142857	0.1578584407	1.1560594912	0.5163428587	5	7	0.0451612903226	0.217741935484	5	124
6712	train	WAG+G4	WAG	True	False	False	0.7374		-679.998	1371.9961	1387.3822	1.4599185847	0.29198371694	0.2598347534	0.871938566	0.359526701	4	5	0.015625	0.0833333333333	4	96
6713	train	LG+G4	LG	True	False	False	1.3264		-4788.8979	9613.7958	9679.2862	8.1202225532	0.47766015018823527	0.3809223034	1.5406900475	1.2191411676000001	10	17	0.128113879004	0.544483985765	10	281
6716	train	LG+G4	LG	True	False	False	2.2382		-1465.4241	2942.8482	2962.7863	1.9584921599	0.39169843198	0.2478495686	1.5302358038	0.76780769205	4	5	0.0231707317073	0.253658536585	4	205
6717	train	JTT+G4	JTT	True	False	False	0.7161		-910.6265	1833.2531	1850.1262	2.6900331866	0.53800663732	0.30399899	1.5130368551	0.48277055875	4	5	0.109756097561	0.00813008130081	4	123
6719	train	LG+G4	LG	True	False	False	1.1257		-2695.4722	5446.9443	5520.1677	12.505984249599999	0.463184601837037	0.3219882146	4.3138099078000005	3.0891329547	15	27	0.0349834983498	0.881188118812	15	101
672	train	LG+G4	LG	True	False	False	1.7741		-9319.727	18691.4539	18795.6191	15.9912026278	0.639648105112	0.4070466291	5.7752848625999995	1.9451803893	14	25	0.186312456017	0.758620689655	14	406
6722	train	LG+G4	LG	True	False	False	1.5205		-1423.5268	2871.0536	2902.0732	7.1304706321	0.6482246029181818	0.5815029259	3.3097613557	1.4292058922000002	7	11	0.036443148688	0.510204081633	7	98
6723	train	JTT	JTT	False	False	False			-1541.811	3093.622	3109.7775	2.1739723849	0.43479447697999996	0.211862412	1.5799388864000001	0.8420365672000001	4	5	0.00534759358289	0.256684491979	4	187
6727	train	cpREV	cpREV	False	False	False			-1058.9452	2131.8904	2149.9134	3.5494982884999997	0.5070711840714285	0.3500800352	1.2683261082	0.892794811	5	7	0.0494845360825	0.226804123711	5	97
6728	train	LG+G4	LG	True	False	False	2.0307		-1132.6723	2289.3445	2318.6564	7.6955838416999995	0.6995985310636363	0.6257586418	2.1792290705	1.8135242833	7	11	0.154621848739	0.364705882353	7	85
6729	train	LG	LG	False	False	False			-1058.9281	2135.8561	2158.4539	3.9350608513000003	0.43722898347777783	0.4589133953	2.3029534306999997	1.64251069135	6	9	0.043956043956	0.494505494505	6	91
673	train	LG+G4	LG	True	False	False	0.6121		-1764.5373	3577.0746	3640.9972	5.0682504434	0.2203587149304348	0.1666357211	1.4910994443	0.7248340073	13	23	0.0377358490566	0.509433962264	13	106
6730	train	JTT	JTT	False	False	False			-218.1195	446.2389	453.2449	1.3432816726	0.26865633452000004	0.1856697989	0.9627628219	0.38231577865	4	5	0.00833333333333	0.233333333333	4	30
6734	train	LG+G4	LG	True	False	False	1.0575		-2151.4476	4322.8952	4355.1527	5.2195279554	0.5799475506	0.4420113262	2.539205207	2.1032767967	6	9	0.0322580645161	0.344086021505	6	186
6738	train	LG+G4	LG	True	False	False	0.759		-738.0294	1496.0589	1519.2338	2.9374356833	0.32638174258888886	0.3427193148	1.2855562891	0.68937289935	6	9	0.00888888888889	0.293333333333	6	75
6740	train	JTT+F+G4	JTT	True	False	True	0.9539		-2709.9332	5469.8664	5570.6936	2.1097620124	0.42195240248	0.2189283597	1.0977901384	0.51755096255	4	5	0.106714628297	0.0479616306954	4	417
6741	train	mtMAM+F+G4	mtMAM	True	False	True	0.9224		-3070.492	6190.984	6289.2901	13.069143143	2.6138286286	2.8456587061	5.9640196624	3.6360044251000003	4	5	0.157161803714	0.0318302387268	4	377
6742	train	LG+G4	LG	True	False	False	1.8685		-5509.4748	11042.9495	11091.3177	6.5525983723	0.5956907611181819	0.3984178838	3.566494269	2.2767541513	7	11	0.119162087912	0.495192307692	7	416
6744	train	LG+G4	LG	True	False	False	0.8856		-3659.2674	7350.5347	7407.6282	5.8374310734	0.38916207156000004	0.2525925601	2.4132581092000005	1.2402590824000002	9	15	0.058524173028	0.580152671756	9	262
675	train	LG+G4	LG	True	False	False	1.5692		-7022.6023	14093.2046	14182.2549	11.588528543999999	0.5038490671304348	0.431482649	3.1230509973	1.9245271214	13	23	0.047376464595	0.774834437086	13	302
6750	train	JTT+F+G4	JTT	True	False	True	1.3325		-446.0896	986.1793	1050.4422	4.7897193816	0.17739701413333334	0.1413750251	1.2207792793999999	0.7327518340999999	15	27	0.0183908045977	0.586206896552	15	29
6751	train	LG+F+G4	LG	True	False	True	1.0523		-3845.5427	7753.0855	7866.7447	6.4941115159	0.5903737741727273	0.3718015331	3.4434310727	1.3505921687	7	11	0.0469599604548	0.307958477509	7	289
6756	train	WAG+G4	WAG	True	False	False	1.5691		-3301.4124	6618.8249	6648.4284	4.9233196073	0.7033313724714285	0.5563523926	1.6425469674	1.4260593122	5	7	0.0588628762542	0.167224080268	5	299
6757	train	LG	LG	False	False	False			-4108.0072	8230.0145	8258.2962	3.721242012	0.5316060017142857	0.3748077818	1.9201386676	1.0939704995	5	7	0.11619047619	0.178571428571	5	420
6758	train	JTT+G4	JTT	True	False	False	0.6467		-1674.861	3361.722	3382.7783	1.510854077	0.3021708154	0.1814764314	0.8759023119	0.35486630825	4	5	0.0101214574899	0.0607287449393	4	247
6759	train	LG+G4	LG	True	False	False	0.9773		-2801.8487	5635.6974	5686.8733	5.4561512333	0.36374341555333334	0.3407716916	1.5650771633	0.8185588859999999	9	15	0.0049109883364	0.613259668508	9	181
6761	train	JTT	JTT	False	False	False			-1897.4568	3812.9137	3840.8125	3.3921999233999998	0.3769111026	0.3139049389	1.5025558643999999	0.79438572295	6	9	0.0670731707317	0.408536585366	6	164
6762	train	LG+F+G4	LG	True	False	True	1.0478		-2350.5597	4767.1194	4872.8516	5.711486818	0.43934513984615386	0.3928083814	1.8592943134	0.79729029485	8	13	0.0116758241758	0.412087912088	8	182
6763	train	LG+G4	LG	True	False	False	1.5836		-3856.7235	7729.4471	7761.0938	4.9992544477	0.7141792068142857	0.5227080015	2.6276638637	1.3664636299	5	7	0.0642487046632	0.163212435233	5	386
6764	train	LG+G4	LG	True	False	False	1.7666		-1833.8524	3703.7047	3750.0495	7.6030375691000005	0.4472375040647059	0.3775224684	3.8307573804	2.8775727118	10	17	0.0350515463918	0.701030927835	10	97
6766	train	LG+G4	LG	True	False	False	1.3257		-2802.575	5621.15	5651.1196	2.8631670192	0.40902385988571427	0.2265417447	1.2540162266	0.5582183474	5	7	0.038338658147	0.137380191693	5	313
6772	train	LG+G4	LG	True	False	False	1.2344		-2362.7961	4741.5921	4769.0967	4.1359959017	0.5908565573857143	0.5581245504	2.3766907736	1.0234549025000002	5	7	0.0504347826087	0.247826086957	5	230
6773	train	LG	LG	False	False	False			-904.3421	1818.6843	1832.8259	1.5279345878000001	0.30558691756	0.171963171	0.6930204074	0.5902752252	4	5	0.0	0.168	4	125
6774	train	LG+G4	LG	True	False	False	0.9442		-8448.3451	17048.6902	17290.5058	17.8627545773	0.23817006103066665	0.1690187763	3.0831916237	1.7731907524	39	75	0.0355805243446	0.85393258427	39	178
6775	train	cpREV+G4	cpREV	True	False	False	0.5813		-2524.3706	5064.7412	5095.3962	1.6931460356	0.2418780050857143	0.2992683887	0.4927650432	0.4529180477	5	7	0.0551319648094	0.058651026393	5	341
6777	train	LG+G4	LG	True	False	False	1.5851		-2277.5869	4575.1738	4607.4312	4.4120189911	0.49022433234444446	0.3193761209	1.966993728	1.1272091975	6	9	0.0206093189964	0.317204301075	6	186
6778	train	LG+G4	LG	True	False	False	1.4876		-4959.8644	9975.7289	10066.9387	14.144194154300001	0.5238590427518519	0.2903044236	2.7640486777	1.8081208416999999	15	27	0.1	0.765625	15	192
678	train	WAG+F+G4	WAG	True	False	True	1.6842		-94445.0977	189608.1955	191239.976	116.1493206626	0.3426233647864307	0.2169308735	4.8984590495	2.6113940475	171	339	0.530600927606	0.708333333333	171	696
6780	train	LG+G4	LG	True	False	False	0.878		-1636.1771	3292.3543	3322.3264	6.8285275758	0.7587252862	0.3380439836	4.6526149288	0.84694585055	6	9	0.0405405405405	0.304054054054	6	148
6783	train	LG+G4	LG	True	False	False	1.8549		-2580.5035	5197.007	5249.302	7.7636814711	0.45668714535882354	0.3904078527	1.5911416669	1.08927414325	10	17	0.0622222222222	0.607407407407	10	135
6784	train	LG+G4	LG	True	False	False	1.9461		-890.3059	1800.6117	1823.2385	4.5289461519	0.5032162390999999	0.5288105901	1.6805259826999999	1.1209859196999998	6	9	0.0328638497653	0.30985915493	6	71
6788	train	JTT+G4	JTT	True	False	False	0.6701		-1415.527	2847.054	2873.677	1.1429881477000001	0.1632840211	0.1189250886	0.4284314099	0.2866758226	5	7	0.0194174757282	0.116504854369	5	206
6789	train	WAG+G4	WAG	True	False	False	0.6957		-2732.6393	5485.2785	5522.5795	1.717524313	0.19083603477777777	0.2235829704	0.6115874848	0.5007380259	6	9	0.00811688311688	0.207792207792	6	308
6790	train	LG+F+G4	LG	True	False	True	1.1353		-3172.837	6403.674	6514.3702	4.1228857303	0.45809841447777777	0.4136484675	2.3837838671	1.17775707745	6	9	0.0659722222222	0.401785714286	6	336
6792	train	VT+F	VT	False	False	True			-2162.7751	4381.5501	4470.6401	4.1615011088	0.46238901208888883	0.4336701875	1.2604733182999999	0.83076267615	6	9	0.0365168539326	0.286516853933	6	178
6793	train	cpREV+F+G4	cpREV	True	False	True	0.6544		-2541.2366	5132.4731	5232.1344	1.5168338959	0.30336677918	0.2995170124	0.8153429567999999	0.41443818875	4	5	0.0175879396985	0.0628140703518	4	398
6794	train	cpREV+G4	cpREV	True	False	False	0.8145		-2121.3168	4262.6335	4294.6185	5.0819386268	0.5646598474222223	0.5185174813	1.8466362718	0.9817762436999999	6	9	0.00920810313076	0.265193370166	6	181
6797	train	JTT	JTT	False	False	False			-740.7944	1491.5889	1507.6363	0.1908337267	0.03816674534	0.0226864924	0.1460412342	0.031107146000000002	4	5	0.00409836065574	0.0382513661202	4	183
6801	train	LG+G4	LG	True	False	False	2.3321		-4007.9072	8107.8145	8225.7745	23.2228516273	0.5160633694955555	0.3481005884	3.4077372575	2.5231117964500003	24	45	0.115885416667	0.875	24	96
6806	train	LG+G4	LG	True	False	False	1.9598		-1055.687	2131.374	2161.5468	2.2472728771	0.24969698634444443	0.0367998311	2.0414017094	1.0424743245	6	9	0.00662251655629	0.688741721854	6	151
6807	train	JTT+F+G4	JTT	True	False	True	2.07		-2646.1028	5366.2055	5477.8449	8.9011646309	0.5235979194647059	0.4333858013	2.2704022297999997	1.3353281777500001	10	17	0.115231788079	0.701986754967	10	151
6808	train	LG+F	LG	False	False	True			-2888.1438	5844.2877	5955.7436	5.7088512517000005	0.3805900834466667	0.24614907	1.4403129117	1.1555691889	9	15	0.133219954649	0.612244897959	9	196
6809	train	WAG	WAG	False	False	False			-1402.594	2815.1879	2831.3967	1.4097532033	0.28195064066	0.1932088839	0.5864283397	0.42642868925	4	5	0.0661375661376	0.0687830687831	4	189
6810	train	cpREV	cpREV	False	False	False			-575.6882	1161.3763	1172.9638	1.7227987432	0.34455974864	0.2794115782	0.9750567887	0.29226376845	4	5	0.0266666666667	0.0266666666667	4	75
6812	train	WAG	WAG	False	False	False			-767.4203	1544.8406	1557.7654	1.4516240794000002	0.29032481588000003	0.3171239225	0.8765068806	0.41378919734999997	4	5	0.0127551020408	0.0816326530612	4	98
6814	train	JTT+G4	JTT	True	False	False	0.6241		-1352.8224	2721.6448	2745.178	4.2492418828	0.6070345546857142	0.6333047969	1.5247404516	0.8754197903	5	7	0.0542857142857	0.0571428571429	5	140
6816	train	LG+G4	LG	True	False	False	0.6954		-1971.4129	3966.8258	4004.7345	3.8166957249999998	0.3469723386363636	0.2020542912	1.6028019409999998	1.140582572	7	11	0.00246305418719	0.390804597701	7	174
682	train	LG+G4	LG	True	False	False	0.9479		-7117.1991	14274.3982	14356.3146	5.5058676808	0.2897825095157895	0.2286453807	1.8138489684999999	1.3394755616	11	19	0.0460687960688	0.596846846847	11	444
6823	train	LG+G4	LG	True	False	False	1.4382		-786.5931	1585.1862	1600.9946	2.1849392082	0.43698784164	0.4659376726	0.8829781822	0.62643236065	4	5	0.0752427184466	0.0291262135922	4	103
6828	train	LG+F+G4	LG	True	False	True	1.7264		-13032.1449	26178.2898	26414.9955	16.2433850221	0.4390104060027027	0.2997811097	4.1555685963	2.9825982033500003	20	37	0.271170212766	0.717021276596	20	470
6836	train	JTT+G4	JTT	True	False	False	0.9334		-3786.1992	7584.3984	7610.366	1.5132850728	0.30265701456	0.1698989884	1.0143529509	0.26548024065000003	4	5	0.0357142857143	0.0321428571429	4	560
6838	train	JTT+G4	JTT	True	False	False	2.2329		-1668.2678	3352.5356	3379.1974	2.2480020069	0.3211431438428572	0.2686562915	1.202879281	0.7680617874	5	7	0.130434782609	0.164251207729	5	207
6840	train	WAG	WAG	False	False	False			-1552.594	3123.1879	3148.5704	4.1091137385	0.45656819316666664	0.5149258602	1.4977866154	1.1333283541499999	6	9	0.0161290322581	0.443548387097	6	124
6842	train	rtREV+G4	rtREV	True	False	False	0.658		-1054.0455	2132.0911	2163.7078	3.2802241672	0.29820219701818185	0.2512355099	1.1019727847	0.7516765539	7	11	0.0638002773925	0.291262135922	7	103
6844	train	WAG+G4	WAG	True	False	False	1.3746		-1480.3845	2988.7691	3027.6768	3.1587975007	0.24298442313076923	0.1831188005	1.1103123513	0.7912241452500001	8	13	0.0252100840336	0.453781512605	8	119
6845	train	LG+G4	LG	True	False	False	1.2048		-1106.8054	2229.6107	2251.5702	3.5187868887000002	0.5026838412428571	0.2711974632	2.1308877276000002	0.5292249277000001	5	7	0.00869565217391	0.113043478261	5	115
6847	train	LG+G4	LG	True	False	False	2.3613		-1734.8341	3489.6681	3518.7947	6.456468404	0.7173853782222221	0.6849531859	2.5154622732	1.3039938926999999	6	9	0.104166666667	0.294117647059	6	136
6848	train	LG+G4	LG	True	False	False	1.1046		-1231.0058	2486.0116	2515.8752	6.5891179263	0.5990107205727273	0.2747047782	2.3086577105	1.4115275136	7	11	0.0192616372392	0.393258426966	7	89
6849	train	JTT+F+G4	JTT	True	False	True	1.3648		-2906.7357	5903.4713	6028.1521	24.1992863679	0.967971454716	0.7687100831	5.0941083029000005	2.48327781315	14	25	0.164648910412	0.813559322034	14	118
6855	train	VT+F+G4	VT	True	False	True	0.7825		-3344.896	6767.7921	6887.2333	13.890859771999999	0.7310978827368421	0.6106174115	2.6520538129	1.8122220689999997	11	19	0.0949367088608	0.556962025316	11	158
6857	train	LG+G4	LG	True	False	False	0.8517		-3460.2236	6948.4472	6999.6311	5.9439604556	0.45722772735384615	0.253353878	2.313924069	0.6314400617	8	13	0.151223776224	0.307692307692	8	286
6858	train	LG+G4	LG	True	False	False	0.7519		-2041.2512	4094.5025	4117.1498	1.2187379206	0.24374758412	0.1655937279	0.522737232	0.3101143627	4	5	0.0108695652174	0.0341614906832	4	322
6859	train	LG+G4	LG	True	False	False	0.5978		-865.7616	1751.5232	1778.1576	2.9477551337	0.3275283481888889	0.0925818347	2.1655078036999997	0.18299522410000002	6	9	0.0157232704403	0.103773584906	6	106
6868	train	LG	LG	False	False	False			-1584.8522	3179.7044	3195.1424	4.0472975863	0.80945951726	0.843456064	2.4355465754	1.3218233975999998	4	5	0.0200617283951	0.0802469135802	4	162
688	train	LG+F+G4	LG	True	False	True	0.917		-7872.184	15822.368	15980.0307	17.1724877458	0.9038151445157896	0.848314131	6.8475637463000005	5.2103768786	11	19	0.219391060246	0.600950118765	11	421
6880	train	LG+F+G4	LG	True	False	True	1.2804		-3725.0153	7528.0307	7663.4492	10.129498140199999	0.5331314810631579	0.393763451	3.7985233979000004	2.675408153	11	19	0.273873185638	0.533613445378	11	238
6882	train	LG	LG	False	False	False			-3812.6152	7647.2305	7687.4464	6.5932737427	0.5993885220636364	0.4915657685	2.3262567108	1.4763191925999999	7	11	0.205794205794	0.426573426573	7	286
6883	train	LG+G4	LG	True	False	False	0.8512		-1314.6989	2645.3977	2669.9991	2.3551980002	0.3364568571714286	0.2137103235	1.5813910891	0.6543859466	5	7	0.0225	0.11875	5	160
6885	train	LG+G4	LG	True	False	False	0.9441		-850.184	1748.3681	1793.7718	6.2454985194	0.2715434138869565	0.1872412075	2.1823788223	0.8671838295000001	13	23	0.010989010989	0.755102040816	13	49
6886	train	cpREV+G4	cpREV	True	False	False	1.0676		-1297.8051	2611.6103	2637.7118	2.4680052495	0.3525721785	0.0701860352	2.0813507275	0.24859050989999998	5	7	0.0414507772021	0.113989637306	5	193
6887	train	LG+G4	LG	True	False	False	0.6567		-7170.6785	14625.3569	14972.2134	42.9127189032	0.3043455241361702	0.2253304216	3.0957982126999997	1.6078247601999998	72	141	0.184803921569	0.776470588235	72	85
6888	train	WAG+G4	WAG	True	False	False	4.4481		-1209.0471	2430.0942	2448.6934	1.4691453607	0.29382907214	0.2538949774	0.8690682257	0.38283082479999997	4	5	0.0350609756098	0.0670731707317	4	164
6889	train	LG+G4	LG	True	False	False	0.7645		-1777.7035	3583.4069	3624.8867	4.5700214848	0.3515401142153846	0.2414542186	2.4618824232999996	1.00526287025	8	13	0.0122377622378	0.433566433566	8	143
6892	train	WAG+G4	WAG	True	False	False	1.3823		-2902.6443	5817.2887	5841.0392	3.0307872463	0.60615744926	0.4895403134	2.1549477544	0.66495241235	4	5	0.0988372093023	0.062015503876	4	387
6893	train	LG+G4	LG	True	False	False	1.2433		-1082.2984	2200.5968	2242.55	4.1671402297	0.2451258958647059	0.2580667366	1.2232745936	0.6581597995499999	10	17	0.0631578947368	0.539473684211	10	76
6894	train	LG+G4	LG	True	False	False	1.0628		-4093.535	8207.07	8246.3393	4.0859495997	0.4539943999666667	0.4059200217	1.6830825244	1.3984588291	6	9	0.0697777777778	0.285333333333	6	375
6896	train	LG+F+G4	LG	True	False	True	0.7749		-1697.5871	3449.1742	3536.1238	3.8924620971	0.5560660138714286	0.4129711785	2.6893161367	1.9535531506	5	7	0.00540540540541	0.243243243243	5	185
6897	train	LG	LG	False	False	False			-606.8853	1223.7707	1236.3796	1.3856914848	0.27713829696	0.2374819821	1.0151398782	0.52484273005	4	5	0.0326086956522	0.260869565217	4	92
6898	train	LG+G4	LG	True	False	False	0.9783		-652.8649	1321.7297	1340.8853	2.0277204762	0.2896743537428571	0.3448608196	0.8916754347	0.6396926172999999	5	7	0.0320987654321	0.185185185185	5	81
6899	train	LG+G4	LG	True	False	False	0.8665		-1740.0079	3492.0159	3512.3776	2.1720465735	0.4344093147	0.4198874902	0.6422913043	0.6236740775	4	5	0.0113636363636	0.0454545454545	4	220
6900	train	WAG	WAG	False	False	False			-1498.2985	3010.597	3031.6714	2.7708263724	0.39583233891428576	0.2487555344	1.1381314943	0.6301995499	5	7	0.0133333333333	0.353333333333	5	150
6903	train	LG+F+G4	LG	True	False	True	1.8655		-2652.7753	5367.5505	5473.3116	5.7300778783	0.5209161707545454	0.4156581527	2.8030606783	2.3671290737	7	11	0.0988520408163	0.455357142857	7	224
6904	train	LG+G4	LG	True	False	False	1.7054		-2444.1699	4904.3398	4931.5251	5.0001857422	0.7143122488857143	0.5278388089	2.729755162	0.9272558388	5	7	0.0343891402715	0.235294117647	5	221
6905	train	LG+G4	LG	True	False	False	1.1597		-1563.0527	3154.1054	3192.7758	4.6068984688	0.3543768052923077	0.2635900591	2.5436032669	0.92126058815	8	13	0.0245726495726	0.504273504274	8	117
6906	train	LG+G4	LG	True	False	False	1.0312		-1416.9617	2849.9234	2874.0616	2.4976291552000003	0.3568041650285715	0.3699740761	0.8487742959	0.5998338014	5	7	0.0	0.12582781457	5	151
6908	train	LG+G4	LG	True	False	False	1.0514		-1625.7825	3287.565	3336.9738	5.0115080885	0.2947945934411765	0.2767354761	1.1849449718999998	1.00235086275	10	17	0.114782608696	0.539130434783	10	115
6912	train	LG+G4	LG	True	False	False	1.1781		-2236.3312	4484.6624	4505.3944	7.0205493577	1.40410987154	1.4669040512	3.1666356211	1.6805099443	4	5	0.0630341880342	0.0213675213675	4	234
6913	train	LG+G4	LG	True	False	False	1.2781		-1943.5039	3955.0079	4037.6557	9.7976310948	0.29689791196363635	0.2633826493	2.666263037	1.48323263935	18	33	0.179894179894	0.714285714286	18	84
6914	train	LG+G4	LG	True	False	False	1.766		-1577.1703	3178.3405	3211.5887	6.4799008238	0.5890818930727273	0.3478080314	3.2452461783	0.8312116227999999	7	11	0.0496368038741	0.398305084746	7	118
6918	train	LG+G4	LG	True	False	False	1.0933		-3020.4718	6064.9437	6107.2968	5.7850552002999995	0.5259141091181818	0.4195304897	1.9837009316	1.0712869882	7	11	0.149092970522	0.337301587302	7	252
692	train	WAG+G4	WAG	True	False	False	0.7383		-1318.6023	2677.2047	2728.904	3.3896323807	0.17840170424736843	0.1155722055	0.9301065358	0.5355534846000001	11	19	0.0269016697588	0.418367346939	11	98
6920	train	LG+G4	LG	True	False	False	1.0473		-1109.5417	2239.0835	2264.6222	4.3601690844	0.4844632316	0.4141077996	1.3182306771	1.0764722847	6	9	0.0157894736842	0.305263157895	6	95
6925	train	LG+F+G4	LG	True	False	True	1.8101		-15858.4401	31990.8802	32481.3032	51.3795800233	0.4391417096008547	0.2722891047	4.0213924237	1.86437352085	60	117	0.471446540881	0.539622641509	60	265
6928	train	LG+G4	LG	True	False	False	0.5499		-1580.2893	3176.5786	3201.665	3.6213981333	0.5173425904714286	0.4929768179	1.1771399621	0.9660256596000001	5	7	0.0294117647059	0.0588235294118	5	170
693	train	LG+F+G4	LG	True	False	True	2.8469		-7153.3676	14452.7351	14687.0276	23.8216765721	0.4494655957	0.337839036	5.1764061005999995	3.2282747128000002	28	53	0.187158469945	0.852459016393	28	183
6934	train	cpREV+G4	cpREV	True	False	False	0.8081		-1111.385	2242.77	2267.7681	6.9740541919000005	0.7748949102111111	0.6209616374	3.4852377701000004	1.3961390176	6	9	0.0351851851852	0.322222222222	6	90
6938	train	JTT	JTT	False	False	False			-661.4036	1332.8072	1345.1939	2.5067596005	0.5013519201000001	0.4891253104	1.5617281296	0.8641659678	4	5	0.164772727273	0.125	4	88
6939	train	WAG+G4	WAG	True	False	False	1.5593		-2075.1288	4166.2576	4194.6813	2.0263337619	0.2894762517	0.1624535553	1.1854209123	0.4376267497	5	7	0.0697674418605	0.15503875969	5	258
6940	train	WAG+F+G4	WAG	True	False	True	1.373		-5089.9089	10265.8178	10409.7435	15.9411379264	0.6930929533217391	0.6895874282	3.0721270311	1.7149186594999999	13	23	0.153846153846	0.738095238095	13	210
6941	train	WAG	WAG	False	False	False			-696.8672	1447.7345	1494.6515	5.7509906419	0.2129996534037037	0.1566053469	1.7833758957999999	0.9401417084	15	27	0.260317460317	0.619047619048	15	42
6948	train	WAG	WAG	False	False	False			-1595.9664	3201.9328	3218.0883	3.609184071	0.7218368142	0.5793401701	1.8515364694	0.8966900134	4	5	0.156417112299	0.0374331550802	4	187
6949	train	LG+G4	LG	True	False	False	1.7724		-1080.8113	2181.6227	2208.0666	2.5496896629	0.28329885143333333	0.2872688458	0.7785486000999999	0.48892837465	6	9	0.0176282051282	0.269230769231	6	104
695	train	LG+G4	LG	True	False	False	1.0755		-18930.9697	37961.9395	38177.2533	23.9221152103	0.4882064328632653	0.3730511761	4.0777576761	3.30328556635	26	49	0.273792813026	0.771897810219	26	548
6952	train	LG+G4	LG	True	False	False	0.5434		-1802.5224	3625.0448	3656.8626	4.2433824953	0.4714869439222222	0.3211639324	1.8184324555	0.8907574596000001	6	9	0.0196629213483	0.179775280899	6	178
6957	train	JTT	JTT	False	False	False			-747.6904	1505.3809	1521.4826	0.219989175	0.043997835	0.049972771	0.08638772689999999	0.06680022405	4	5	0.00405405405405	0.0216216216216	4	185
6958	train	JTT+G4	JTT	True	False	False	1.2672		-2520.01	5056.0201	5084.9542	2.7368315978999997	0.3909759425571428	0.2816521735	1.6721702455999998	1.5570912189	5	7	0.0210909090909	0.32	5	275
6959	train	LG+G4	LG	True	False	False	1.8851		-2629.5166	5271.0332	5294.1979	1.7353162961	0.34706325922	0.2910429417	0.9641112235	0.42361238689999997	4	5	0.00641025641026	0.0655270655271	4	351
6962	train	JTT	JTT	False	False	False			-511.3999	1032.7998	1043.3541	2.2884613991	0.45769227982	0.3139282302	1.4536542552	0.5111153908	4	5	0.0368852459016	0.0491803278689	4	61
6965	train	WAG	WAG	False	False	False			-1706.5467	3439.0935	3473.9612	4.881274239	0.37548263376923074	0.2707860713	2.0731765227	1.2183862750499999	8	13	0.0532407407407	0.611111111111	8	108
6967	train	JTT	JTT	False	False	False			-891.4085	1792.8171	1806.4096	1.6165821505	0.3233164301	0.2722136542	0.9718320104	0.3767090209	4	5	0.015625	0.0982142857143	4	112
697	train	WAG+G4	WAG	True	False	False	0.9961		-11816.0808	23944.1617	24362.5741	41.5428333905	0.2680182799387097	0.193351908	2.7825437446	1.5996602498999999	79	155	0.107243319269	0.925925925926	79	108
6970	train	LG+G4	LG	True	False	False	0.6108		-1044.5174	2105.0348	2127.467	2.1688050903000002	0.30982929861428576	0.2455907715	0.6251646075999999	0.4536332481	5	7	0.0	0.0819672131148	5	122
6972	train	LG+G4	LG	True	False	False	1.7709		-3354.2575	6732.515	6773.7719	6.5365948778	0.5942358979818182	0.5724093387	1.7674398083	0.8447342497	7	11	0.0527950310559	0.334782608696	7	230
6973	train	LG+G4	LG	True	False	False	0.7826		-816.7453	1649.4906	1669.6649	3.5811821426	0.5115974489428571	0.4261467855	2.7709457616999997	1.8325457990999998	5	7	0.054347826087	0.347826086957	5	92
6974	train	WAG+G4	WAG	True	False	False	1.1712		-1527.5273	3075.0546	3104.8907	2.9583494372000003	0.32870549302222224	0.2846265915	1.2062003318	0.6402165211499999	6	9	0.0228310502283	0.239726027397	6	146
6975	train	JTT+G4	JTT	True	False	False	1.2577		-655.5946	1323.1892	1338.4489	1.6069292365999999	0.32138584732	0.2437509843	0.5572313481	0.4640437406	4	5	0.0345744680851	0.0531914893617	4	94
6976	train	VT+G4	VT	True	False	False	1.3319		-1345.3947	2710.7893	2738.4111	3.8348467375	0.4260940819444444	0.4648985084	1.3579810532	0.8025536477499999	6	9	0.0541310541311	0.307692307692	6	117
6981	train	LG+G4	LG	True	False	False	1.1205		-902.4653	1816.9305	1833.4001	3.713350919	0.7426701837999999	0.9900393565	1.3531844716	1.2057309299999999	4	5	0.0695652173913	0.0434782608696	4	115
6982	train	LG+G4	LG	True	False	False	1.1117		-1497.962	3015.9239	3044.3658	5.4159486024	0.6017720669333334	0.4279851595	3.1852435133	0.69160242855	6	9	0.0157480314961	0.267716535433	6	127
6989	train	LG+G4	LG	True	False	False	0.6838		-2416.7628	4853.5257	4887.9065	3.8569353745	0.4285483749444444	0.4041049093	1.8750278661	1.31437468285	6	9	0.0195652173913	0.326086956522	6	230
699	train	JTT+G4	JTT	True	False	False	1.4749		-1840.1312	3708.2624	3750.5043	3.5530966932	0.27331513024615384	0.2710028698	1.6057831819	1.1970463101000002	8	13	0.100993377483	0.437086092715	8	151
6990	train	LG+G4	LG	True	False	False	0.7812		-1395.4512	2810.9023	2839.2652	4.744868865	0.5272076516666666	0.4567483634	3.0685639475	1.49890807325	6	9	0.0224867724868	0.373015873016	6	126
6998	train	LG+F+G4	LG	True	False	True	1.3385		-35009.6051	70257.2102	70771.8089	40.5146280871	0.40923866754646465	0.2954897816	7.5818213081	1.4943999932999998	51	99	0.271909480638	0.797491039427	51	558
6999	train	LG+G4	LG	True	False	False	1.8091		-2374.7656	4765.5311	4794.4653	2.9690685384	0.42415264834285715	0.23704364	2.2011854697	0.274373485	5	7	0.0690909090909	0.294545454545	5	275
70	train	LG+G4	LG	True	False	False	1.2851		-12893.0948	25998.1895	26322.8246	53.5746207469	0.5102344833038095	0.3916465507	4.6442929049999995	1.66453976645	54	105	0.230309423347	0.772151898734	54	158
700	train	LG+F+G4	LG	True	False	True	1.2503		-40203.6978	80685.3957	81298.6384	54.8213284813	0.4606834326159664	0.3354831885	4.0865811762	2.412551402	61	119	0.427575439447	0.67816091954	61	609
7000	train	LG+F+G4	LG	True	False	True	1.7463		-10635.3764	21360.7528	21552.6913	16.4066060334	0.6562642413359999	0.3591031293	3.0674196855	2.0998011202999995	14	25	0.299701249321	0.638783269962	14	526
7002	train	LG+F+G4	LG	True	False	True	1.6216		-2865.3302	5784.6603	5882.2148	5.6248510702	0.8035501528857143	0.7093256286	2.1022019353	1.6013340766000002	5	7	0.0788321167883	0.13503649635	5	274
7005	train	WAG+G4	WAG	True	False	False	0.9761		-1155.2444	2322.4888	2339.0103	5.8750186521	1.1750037304199998	1.2695049904	2.8798810082	1.513415589	4	5	0.0215517241379	0.0431034482759	4	116
7010	train	LG+G4	LG	True	False	False	0.8818		-724.3016	1464.6032	1484.6901	1.7958744836	0.25655349765714286	0.2535788375	0.5750334625	0.3886131506	5	7	0.0043956043956	0.0989010989011	5	91
7013	train	WAG+G4	WAG	True	False	False	2.0453		-1665.4188	3406.8376	3479.4945	9.33505699	0.25229883756756755	0.2314767622	2.0408557977	1.36830645795	20	37	0.022	0.82	20	50
7014	train	JTT+G4	JTT	True	False	False	0.869		-1604.8815	3221.7631	3242.152	5.8461204606	1.16922409212	0.1301574886	4.8352834655	0.48148597154999995	4	5	0.131221719457	0.00904977375566	4	221
7015	train	WAG	WAG	False	False	False			-4181.7643	8381.5286	8415.2731	5.4573151412000005	0.6063683490222223	0.5008394818	2.4693973997	1.9477572585	6	9	0.111995753715	0.366242038217	6	314
702	train	LG+G4	LG	True	False	False	1.5865		-14789.8966	29871.7932	30376.8927	74.3434646031	0.5127135489868966	0.3314449805	5.729145691	3.0934594957500003	74	145	0.552328924669	0.51914893617	74	235
7020	train	WAG	WAG	False	False	False			-1320.646	2651.2919	2666.0711	3.0389103825	0.6077820765	0.6346363456	1.2993790092	0.9571648994000002	4	5	0.0457746478873	0.0845070422535	4	142
7023	train	VT+F+G4	VT	True	False	True	1.4612		-8445.1384	17060.2769	17336.7201	33.8705582243	0.5210855111430769	0.4728743097	5.3473376523	4.2540356758	34	65	0.373575608254	0.706806282723	34	191
7027	train	cpREV	cpREV	False	False	False			-1554.9683	3127.9366	3153.7444	3.7081788404	0.41201987115555555	0.2268827088	1.2490325167	0.9271694025	6	9	0.0448717948718	0.346153846154	6	130
7031	train	LG+G4	LG	True	False	False	1.3339		-4490.0685	9000.137	9039.3528	5.8854988011	0.6539443112333333	0.5550369921	1.8458568621	1.33141210185	6	9	0.0402144772118	0.257372654155	6	373
7033	train	LG+G4	LG	True	False	False	1.2098		-5368.449	10768.898	10831.514	5.4698845157	0.3646589677133333	0.1890338938	2.9445359409	2.6222107694	9	15	0.0393393393393	0.718918918919	9	370
7034	train	WAG+G4	WAG	True	False	False	1.2356		-3969.267	7954.534	7986.3448	4.0525636113	0.5789376587571429	0.4222067267	1.4160220415	1.194646787	5	7	0.0842639593909	0.152284263959	5	394
7039	train	JTT	JTT	False	False	False			-802.8989	1615.7977	1629.8991	1.6404360293	0.32808720586	0.0656051538	1.5108739082	0.67863858725	4	5	0.0504032258065	0.451612903226	4	124
704	train	LG+G4	LG	True	False	False	1.1955		-10560.9642	21201.9285	21357.9244	18.627419045499998	0.4776261293717948	0.3160989453	5.0128073238	1.8586614498	21	39	0.275146771037	0.687671232877	21	365
7040	train	LG+F+G4	LG	True	False	True	1.3923		-870.7502	1799.5004	1868.2143	7.3735823968	0.8192869329777778	0.7907366342	4.1406640654	1.7743908764	6	9	0.0126582278481	0.53164556962	6	79
7041	train	WAG	WAG	False	False	False			-426.3231	862.6461	872.6828	1.3297358143	0.26594716286	0.2139285538	0.8283660965	0.2200585959	4	5	0.0	0.0545454545455	4	55
7042	train	mtART+G4	mtART	True	False	False	1.1343		-725.4294	1470.8588	1495.167	3.5860285929	0.39844762143333334	0.2871517196	2.318690297	1.1411550848	6	9	0.0	0.369047619048	6	84
7043	train	LG+F+G4	LG	True	False	True	1.1102		-1851.5278	3761.0556	3853.3273	4.5275168561	0.5030574284555556	0.283171756	2.6096852066	1.3813812034000001	6	9	0.0271535580524	0.460674157303	6	178
7046	train	JTT	JTT	False	False	False			-1065.3644	2140.7287	2155.4011	1.5227197602	0.30454395204	0.1989806735	0.7040528068	0.3525854922	4	5	0.0413669064748	0.0287769784173	4	139
7049	train	LG+G4	LG	True	False	False	1.1615		-4119.4468	8266.8936	8320.1233	3.0164437497	0.2320341345923077	0.2139973876	1.157745047	0.7133140976999999	8	13	0.00679758308157	0.459214501511	8	331
705	train	LG+F+G4	LG	True	False	True	0.8453		-49803.6743	100061.3485	101013.4786	102.7117516095	0.49619203676086954	0.2641179757	9.1350820317	3.9879292006	105	207	0.430826044704	0.732653061224	105	490
7050	train	WAG	WAG	False	False	False			-6285.7797	12673.5595	12827.1019	19.1417614043	0.3753286549862745	0.2583571473	3.8635286668	2.1810313351	27	51	0.218271604938	0.846666666667	27	150
7054	train	mtART+G4	mtART	True	False	False	1.5003		-2755.9232	5547.8465	5604.0778	11.147267998	0.6557216469411765	0.4267644775	2.9890249901	2.2306671563	10	17	0.120833333333	0.630952380952	10	168
706	train	WAG+G4	WAG	True	False	False	0.8354		-653.7137	1375.4273	1425.2623	6.7582871731	0.2047965810030303	0.1208087963	1.9876578426	1.1797802004499998	18	33	0.0885416666667	0.625	18	32
7060	train	JTT+F	JTT	False	False	True			-4378.9837	8805.9674	8910.7627	2.0175910740000003	0.40351821480000005	0.3969769758	1.2901621207	0.67174350825	4	5	0.0567010309278	0.139175257732	4	582
7064	train	LG+F+G4	LG	True	False	True	1.4747		-3037.9023	6129.8046	6231.6336	4.3713755588000005	0.6244822226857144	0.4003666168	2.3513419111	0.6255010626	5	7	0.0722741433022	0.13707165109	5	321
7067	train	JTT+F	JTT	False	False	True			-983.3441	2062.6881	2161.5894	5.1938653124	0.16754404233548387	0.0834851398	2.6716820386	0.9259474584999999	17	31	0.0283975659229	0.913793103448	17	58
7070	train	WAG	WAG	False	False	False			-934.5883	1883.1767	1902.0161	1.7582732278	0.25118188968571425	0.2017859675	1.0702144041000001	0.9452041902	5	7	0.0201834862385	0.339449541284	5	109
7072	train	WAG	WAG	False	False	False			-3195.9642	6413.9283	6450.8508	5.6926669291	0.5175151753727273	0.4845372188	1.5876009143	1.1867280524	7	11	0.0950134770889	0.490566037736	7	212
7073	train	cpREV	cpREV	False	False	False			-1387.7671	2785.5342	2801.6089	1.5805951546	0.31611903092000004	0.2505236073	0.7778764325	0.56079656995	4	5	0.0122282608696	0.179347826087	4	184
7074	train	LG+G4	LG	True	False	False	0.6788		-2144.3381	4300.6763	4321.9003	3.4196215595	0.6839243119	0.7754870931	1.1291603716	0.9446511699	4	5	0.0137795275591	0.011811023622	4	254
7075	train	WAG+G4	WAG	True	False	False	0.8794		-4678.4779	9404.9559	9488.2903	6.8708488025	0.2987325566304348	0.2416131257	2.5734478676	1.1674600067	13	23	0.0407239819005	0.672268907563	13	238
7078	train	WAG	WAG	False	False	False			-1057.6483	2145.2967	2175.9424	5.3746525481	0.35831016987333336	0.2784166158	2.2142316973000002	0.8722942666	9	15	0.00389863547758	0.684210526316	9	57
7081	train	cpREV+G4	cpREV	True	False	False	1.4737		-1546.071	3124.142	3167.2036	5.1240327718	0.34160218478666665	0.1924949845	1.8088342196	0.9100685134	9	15	0.0530071355759	0.54128440367	9	109
7082	train	LG+G4	LG	True	False	False	3.212		-3417.1524	6990.3048	7195.8136	19.8355015256	0.25760391591688314	0.1934293198	2.8114540571999997	1.7638370904	40	77	0.458252427184	0.553398058252	40	103
7086	train	LG+G4	LG	True	False	False	0.6194		-5423.2761	10890.5521	10975.3006	5.4075212138	0.2575010101809524	0.1966116511	1.9285516892999999	1.2893966042499998	12	21	0.0557950191571	0.520114942529	12	348
7089	train	LG+G4	LG	True	False	False	1.047		-985.0692	2006.1384	2044.9982	6.588278679	0.38754580464705884	0.3130845347	2.5805752221000002	1.6357271040499999	10	17	0.1359375	0.5625	10	64
7094	train	WAG+G4	WAG	True	False	False	0.5002		-1687.8798	3463.7595	3555.9107	22.8392219283	0.5311446960069767	0.3084056865	10.4182799358	4.1551343047	23	43	0.181884057971	0.766666666667	23	60
7096	train	LG+G4	LG	True	False	False	1.8332		-3093.8569	6371.7138	6549.4418	23.5706856835	0.2590185239945055	0.1875017071	2.0379831423	1.2009717303	47	91	0.156445556946	0.78431372549	47	51
7097	train	LG+G4	LG	True	False	False	0.6414		-2811.7629	5799.5258	5971.2353	34.7195612438	0.3990754165954023	0.2824081562	6.799463604899999	3.4346071038999995	45	87	0.100427350427	0.807692307692	45	52
7098	train	LG+G4	LG	True	False	False	1.4634		-5667.299	11442.598	11599.0813	20.7336231212	0.3912004362490566	0.2240590092	3.2865300185	1.8586749475	28	53	0.134861407249	0.828358208955	28	134
7099	train	WAG+F+G4	WAG	True	False	True	3.4055		-6177.5199	12557.0399	12821.167	37.8639942447	0.4674567190703704	0.3086080364	3.9224588764999995	2.2643821962499997	42	81	0.197784064121	0.80198019802	42	101
71	train	LG+F+G4	LG	True	False	True	1.3243		-16446.0114	33134.0227	33587.3133	44.2475154826	0.4380942126990099	0.2417929561	11.072201884900002	8.105270776449998	52	101	0.365138854755	0.79552715655	52	313
710	train	LG+G4	LG	True	False	False	0.5999		-2606.232	5276.4639	5387.1707	2.4034203404	0.07752968839999999	0.043008017	1.3523940474	0.1467805742	17	31	0.000500625782228	0.476595744681	17	235
7100	train	WAG	WAG	False	False	False			-1403.8672	2829.7343	2859.4396	4.9005028711000005	0.44550026100909096	0.3464826963	1.6324881814999999	0.9832516929	7	11	0.133766233766	0.509090909091	7	110
7103	train	WAG+G4	WAG	True	False	False	0.9482		-5446.3778	10928.7557	10999.2473	8.5924807496	0.5054400440941177	0.3681165155	2.9081345897	1.6780602728	10	17	0.266307277628	0.339622641509	10	371
7104	train	WAG	WAG	False	False	False			-5995.3374	12044.6749	12135.3027	14.0759948354	0.5213331420518519	0.3479888175	4.0028325699	2.645386629	15	27	0.171383647799	0.844339622642	15	212
7105	train	LG+G4	LG	True	False	False	1.0766		-3148.9632	6309.9264	6333.1252	6.0595845238	1.21191690476	1.3119956637	2.1196749516	1.56000335985	4	5	0.116147308782	0.028328611898	4	353
7107	train	LG+G4	LG	True	False	False	0.9114		-1435.9838	2883.9675	2903.0582	3.0309810705	0.6061962141	0.4138797362	1.5201014283	0.9297278606999999	4	5	0.0266853932584	0.0955056179775	4	178
7109	train	LG+G4	LG	True	False	False	0.8036		-1165.2216	2346.4433	2368.6763	4.3262600287	0.6180371469571428	0.5155066135	2.4189944893	1.011874038	5	7	0.018487394958	0.18487394958	5	119
7110	train	LG+G4	LG	True	False	False	1.0051		-2503.3428	5026.6856	5060.5306	8.4155642248	0.9350626916444446	0.6915122505	2.7350455836	1.83120010235	6	9	0.196483180428	0.151376146789	6	218
7111	train	WAG+G4	WAG	True	False	False	0.9942		-2347.1081	4710.2162	4740.3377	1.381693626	0.1973848037142857	0.1476325406	0.5831778404	0.3092820255	5	7	0.0376175548589	0.0815047021944	5	319
7113	train	LG+G4	LG	True	False	False	0.6522		-1550.2728	3124.5457	3160.0998	8.275561164900001	0.7523237422636364	0.2060205698	5.5285570153000005	0.2672515333	7	11	0.124875124875	0.216783216783	7	143
7115	train	LG+G4	LG	True	False	False	0.5218		-18114.2781	36504.5562	37077.0449	30.5957419645	0.22332658368248176	0.1595838878	3.1094150581	1.6520272301499999	70	137	0.429334554335	0.440170940171	70	468
7116	train	WAG+G4	WAG	True	False	False	1.6605		-9349.1543	18726.3086	18788.097	10.1397599732	0.7799815364	0.914301809	2.1421371441	1.344410281	8	13	0.217008196721	0.344262295082	8	610
7119	train	LG+G4	LG	True	False	False	0.774		-3849.4549	7762.9098	7858.1653	38.454606714200004	1.2404711843290324	0.590048719	7.6916232442000005	4.400743458	17	31	0.292494929006	0.593103448276	17	145
712	train	LG+F+G4	LG	True	False	True	1.1968		-13550.7483	27191.4967	27391.3393	14.3907059627	0.575628238508	0.2900131155	4.4223318296	3.8539960201000003	14	25	0.161084529506	0.759170653907	14	627
7120	train	WAG+G4	WAG	True	False	False	1.3892		-5260.7492	10705.4984	10935.4809	26.3135292338	0.2891596619098901	0.1816465146	4.4167421939	0.8327729415	47	91	0.224586288416	0.811111111111	47	90
7121	train	LG	LG	False	False	False			-2514.0902	5082.1804	5147.1619	13.6523191205	0.5056414489074074	0.3397177164	2.3486194968999996	1.5218088169	15	27	0.0634146341463	0.890243902439	15	82
7123	train	JTT+G4	JTT	True	False	False	0.9207		-6898.4572	13900.9145	14071.6411	22.0857784236	0.4330544788941177	0.2382352732	4.1958370910000005	1.733702128	27	51	0.31415679639	0.659898477157	27	197
7125	train	LG+G4	LG	True	False	False	2.0815		-3117.8994	6255.7987	6291.4822	5.7072056049999995	0.634133956111111	0.4599230679	3.1710866077000004	2.212221136	6	9	0.0776081424936	0.435114503817	6	262
7128	train	JTT	JTT	False	False	False			-1259.0642	2536.1284	2559.4844	3.9843313816	0.44270348684444444	0.3122928158	1.6475229419000001	0.6832011848999999	6	9	0.016835016835	0.393939393939	6	99
7129	train	WAG+F+G4	WAG	True	False	True	3.1358		-3932.5428	8059.0857	8303.6991	24.7583937184	0.3215375807584416	0.2551227202	2.466143741	1.6068418931	40	77	0.347826086957	0.652173913043	40	92
7131	train	LG+G4	LG	True	False	False	2.4923		-6209.0266	12502.0533	12639.9479	19.1633764575	0.46739942579268295	0.3560349544	3.918233679	2.4711429925	22	41	0.28703276419	0.715736040609	22	197
7132	train	LG+G4	LG	True	False	False	1.0512		-1052.9044	2145.8088	2183.6452	10.2926126015	0.5417164527105264	0.283740951	4.5052399156	1.7965721131999999	11	19	0.00371057513915	0.795918367347	11	49
7133	train	LG+F+G4	LG	True	False	True	0.5543		-5523.6871	11261.3743	11530.0363	29.0341704457	0.3337260970770115	0.2352350915	2.3827165039000002	1.4661864583000002	45	87	0.0979242979243	0.758241758242	45	91
7136	train	LG	LG	False	False	False			-2222.3758	4466.7516	4499.9417	6.4038029752	0.5821639068363637	0.6831966668	1.4786397155	0.8910352167	7	11	0.0860927152318	0.370860927152	7	151
7137	train	LG+G4	LG	True	False	False	1.2769		-1773.4688	3578.9376	3621.4009	8.3505179734	0.5567011982266667	0.4533213398	1.7499337645	0.9398391766	9	15	0.0888888888889	0.504761904762	9	105
7138	train	LG+G4	LG	True	False	False	1.2392		-4356.5966	8793.1931	8923.7007	17.4566932918	0.4476075203025641	0.2903659598	3.7971366007999996	1.1146256517	21	39	0.384900074019	0.528497409326	21	193
7139	train	LG+G4	LG	True	False	False	2.013		-3247.6558	6535.3115	6598.9472	10.1118353805	0.5322018621315789	0.4387828392	2.8537092614999997	1.5507309398999998	11	19	0.209397344229	0.573033707865	11	178
714	train	LG+G4	LG	True	False	False	1.0832		-4391.3574	8834.7147	8921.113	9.7190740917	0.388762963668	0.2496253922	5.1923994763	1.5851855764999998	14	25	0.0885017421603	0.765853658537	14	205
7141	train	LG	LG	False	False	False			-1356.6661	2735.3321	2763.0718	6.989242219199999	0.635385656290909	0.640554041	3.1717474888999995	2.5376388242999997	7	11	0.104037267081	0.54347826087	7	92
7149	train	LG+G4	LG	True	False	False	1.3679		-1430.3408	2904.6816	2952.177	9.5828255366	0.4563250255523809	0.3533602995	2.302410916	1.6887765518499998	12	21	0.0598958333333	0.765625	12	64
715	train	LG+G4	LG	True	False	False	1.1636		-6314.3308	12648.6615	12691.5029	6.433226984	0.7148029982222223	0.4139107439	3.9838042579	0.6055533737500001	6	9	0.0214552238806	0.194029850746	6	536
7150	train	LG+G4	LG	True	False	False	0.6162		-1509.871	3095.7421	3172.0207	16.5663961242	0.4477404357891892	0.2959898127	3.6044223461	1.4268575666	20	37	0.119090909091	0.636363636364	20	55
7152	train	LG+G4	LG	True	False	False	0.9665		-8616.086	17288.1721	17397.6744	14.0857308447	0.5216937349888889	0.369918272	5.8269722222	2.2586366254	15	27	0.166395663957	0.672086720867	15	369
7153	train	LG+F+G4	LG	True	False	True	1.185		-2941.1466	5944.2933	6052.7055	7.5565966692	0.6869633335636364	0.5288792661	2.3147308635	1.5149137365	7	11	0.0948477751756	0.409836065574	7	244
7154	train	LG+G4	LG	True	False	False	1.0359		-439.5064	927.0127	958.9856	6.9189955639	0.25625909495925925	2.6884e-06	2.1996911372	1.5804893213999998	15	27	0.0714285714286	0.607142857143	15	28
7155	train	rtREV	rtREV	False	False	False			-630.4387	1274.8774	1289.1788	4.210566501	0.6015095001428571	0.5323659617	1.9586008763	1.1304576816999998	5	7	0.0385964912281	0.175438596491	5	57
7156	train	WAG+F+G4	WAG	True	False	True	2.0387		-12993.4718	26228.9436	26645.4761	49.7509569359	0.49258373203861383	0.3477870186	3.5939228269	2.4183216666	52	101	0.456043956044	0.658008658009	52	231
7157	train	LG	LG	False	False	False			-1655.0051	3324.0103	3344.799	5.7291778633	0.8184539804714286	0.7878606804	2.0904775055	1.3494500953	5	7	0.113888888889	0.194444444444	5	144
7158	train	WAG+G4	WAG	True	False	False	1.4962		-1042.6064	2121.2128	2160.3518	9.416051369	0.5538853746470588	0.4196217013	3.0620898975	1.6876794098499999	10	17	0.312307692308	0.507692307692	10	65
7159	train	WAG+G4	WAG	True	False	False	0.7406		-1533.3171	3214.6341	3335.8155	13.6878927922	0.18750538071506848	0.1275027064	3.4013305824	1.59100175295	38	73	0.0470914127424	0.710526315789	38	38
716	train	LG+G4	LG	True	False	False	1.6065		-7466.7824	15089.5647	15300.9081	33.1538885522	0.43056998119740264	0.3182872991	4.390096574599999	2.9943145757000007	40	77	0.0801801801802	0.936936936937	40	111
7160	train	WAG+G4	WAG	True	False	False	1.2517		-739.3094	1506.6188	1534.4646	3.4580067776	0.26600052135384616	0.2189392579	1.0355987243	0.6940840131	8	13	0.00694444444444	0.333333333333	8	54
7162	train	LG+G4	LG	True	False	False	1.1254		-4279.57	8591.14	8649.8028	7.2285005678	0.48190003785333335	0.4414305045	3.6288062028	1.6456430621999998	9	15	0.114186851211	0.536332179931	9	289
7163	train	LG+G4	LG	True	False	False	1.1883		-846.3868	1724.7736	1755.9935	6.4427092465	0.4295139497666666	0.2899131684	2.4988383815999997	1.2481530042	9	15	0.0	0.692307692308	9	52
7165	train	LG+G4	LG	True	False	False	0.6814		-9525.2957	19418.5914	19901.5864	64.9451363614	0.354891455526776	0.2026280782	8.621517602399999	2.9118302258	93	183	0.153594771242	0.803921568627	93	102
7166	train	LG	LG	False	False	False			-5103.3921	10240.7843	10302.7569	9.6223583791	0.5660210811235293	0.3999348503	1.8186047304000001	1.3599035849	10	17	0.23038869258	0.56183745583	10	283
7168	train	LG	LG	False	False	False			-2330.1874	4702.3748	4759.6499	8.3607956348	0.3981331254666667	0.2297331696	1.8105153857	1.2949839129	12	21	0.128318584071	0.690265486726	12	113
7169	train	LG+G4	LG	True	False	False	2.6858		-1099.3297	2222.6594	2252.2503	4.9843269648	0.4531206331636364	0.5281678352	1.5127657323	0.7249209952000001	7	11	0.0952380952381	0.35632183908	7	87
7170	train	JTT	JTT	False	False	False			-644.6365	1299.273	1312.2486	1.1795559188	0.23591118376	0.2041252475	0.5636097122	0.26269374945	4	5	0.108585858586	0.0505050505051	4	99
7171	train	LG	LG	False	False	False			-4964.4623	9966.9245	10034.5043	11.8031182244	0.6212167486526315	0.6856803198	2.4210254319	1.3255860007	11	19	0.276588276588	0.598455598456	11	259
7172	train	WAG+F	WAG	False	False	True			-13812.4626	27720.9251	27942.2386	10.0589748346	0.3468612011931035	0.2046544659	2.7094266335	1.7334744073499997	16	29	0.245962314939	0.7133243607	16	743
7173	train	LG+G4	LG	True	False	False	1.2015		-2053.8752	4135.7505	4173.8095	11.0310653553	0.8485434888692308	0.5216996139	4.927738622	2.4987158329	8	13	0.0212053571429	0.544642857143	8	112
7174	train	rtREV+G4	rtREV	True	False	False	1.0645		-1163.7863	2363.5726	2402.4325	9.4881138694	0.5581243452588235	0.36899221	5.0625486162	2.7658322565999995	10	17	0.0484375	0.734375	10	64
7175	train	cpREV+G4	cpREV	True	False	False	1.4042		-1266.9442	2573.8885	2619.9698	7.7350676462	0.4071088234842105	0.2199253374	5.2473445126	2.5167983241	11	19	0.0282555282555	0.837837837838	11	74
7177	train	LG+F+G4	LG	True	False	True	1.4539		-10090.4709	20242.9418	20388.6644	5.4226195351	0.49296541228181817	0.4312751547	2.5682291299	1.1512170078000001	7	11	0.0829379722369	0.424354243542	7	813
7179	train	LG	LG	False	False	False			-668.0782	1366.1564	1396.2664	5.1231587008	0.3415439133866667	0.0292682985	4.6209511811	0.3096387719	9	15	0.0	0.945454545455	9	55
718	train	LG+F+G4	LG	True	False	True	1.8256		-22723.8728	45525.7456	45725.8818	8.2678068693	0.43514772996315787	0.2938726005	3.9796376002	3.2326764179000005	11	19	0.0991207034373	0.756994404476	11	1251
7180	train	LG+F+G4	LG	True	False	True	0.7678		-14694.5194	29583.0388	29930.2726	35.980724739	0.4672821394675325	0.3225807689	3.3385196065000007	2.54646742145	40	77	0.189339622642	0.754716981132	40	265
7182	train	LG+F+G4	LG	True	False	True	2.5145		-4723.9255	9505.8509	9620.9434	5.9437787652	0.6604198628	0.5896909811	1.4172848073	1.1482318594	6	9	0.107843137255	0.248081841432	6	391
7183	train	LG+G4	LG	True	False	False	1.1148		-9263.8905	18575.7809	18672.0514	14.7230131881	0.6401310081782609	0.4978791275	2.6152758272	1.5617079291000002	13	23	0.156485671192	0.622549019608	13	408
7184	train	LG+F+G4	LG	True	False	True	0.9869		-19727.7196	39653.4393	40054.5961	36.691099286	0.4644442947594936	0.4078199259	2.9184115354999998	1.5090515693	41	79	0.392711621234	0.611764705882	41	425
7185	train	VT+F+G4	VT	True	False	True	1.5785		-2199.1433	4460.2867	4558.395	6.6457756158	0.6041614196181818	0.4154297039	2.5014405115000002	1.0919436552	7	11	0.14612244898	0.325714285714	7	175
7186	train	VT+G4	VT	True	False	False	1.2646		-1253.5556	2575.1111	2635.7736	13.359141518	0.40482247024242424	0.2742854608	2.6938465453999996	1.5966886487499998	18	33	0.160353535354	0.681818181818	18	44
7189	train	LG	LG	False	False	False			-2963.0469	5936.0937	5954.9974	3.2923919002	0.65847838004	0.5222204138	1.9473494712	0.7812039956499999	4	5	0.0555555555556	0.0555555555556	4	324
7190	train	LG+F+G4	LG	True	False	True	1.3648		-3272.4435	6670.8871	6837.4837	24.9549744697	0.5803482434813954	0.4406116549	4.3179817498	2.0516805921000003	23	43	0.313127090301	0.653846153846	23	104
7193	train	LG+F+G4	LG	True	False	True	0.5262		-37917.9403	76165.8806	76892.7433	84.4701102831	0.5825524847110345	0.3946357002	6.4846135452	3.3664781487499997	74	145	0.513982577619	0.601652892562	74	605
7196	train	LG+G4	LG	True	False	False	2.5387		-2771.7978	5575.5957	5625.4836	8.3703705524	0.5580247034933333	0.3121668536	3.2524280872	2.3609374558000003	9	15	0.0299401197605	0.562874251497	9	167
7197	train	JTT	JTT	False	False	False			-1042.9114	2183.8229	2250.8204	9.8850011507	0.2017347173612245	0.1128641976	1.6051947695	0.7564093667	26	49	0.0331564986737	0.862068965517	26	29
7199	train	WAG+G4	WAG	True	False	False	0.8139		-2742.2717	5576.5434	5711.5292	14.7957589632	0.32879464362666666	0.1887868716	3.1312488435	1.8857992896999998	24	45	0.486510791367	0.438848920863	24	139
720	train	LG+G4	LG	True	False	False	1.1844		-9316.9871	18701.9742	18832.457	13.0624644749	0.39583225681515155	0.2403112457	5.2873030886	1.61081932995	18	33	0.0902170391966	0.825072886297	18	343
7201	train	LG+G4	LG	True	False	False	1.2902		-2439.7922	4951.5844	5049.7703	20.3530164247	0.5815147549914286	0.4702506593	2.8394366533	1.9097001009999999	19	35	0.473684210526	0.513274336283	19	113
7202	train	LG+G4	LG	True	False	False	1.9396		-1369.7365	2751.4731	2769.7722	3.8326379038	0.7665275807599999	0.5781870211	2.4339711082999997	0.88825663655	4	5	0.0320512820513	0.0384615384615	4	156
7203	train	VT	VT	False	False	False			-1312.8973	2635.7945	2650.3945	3.4260906946	0.68521813892	0.9714427289	1.1259816231000002	0.9756114098499999	4	5	0.0711678832117	0.029197080292	4	137
7206	train	WAG	WAG	False	False	False			-848.2927	1726.5854	1754.0151	5.9691476852	0.39794317901333337	0.3373837764	3.0501837388	1.926994144	9	15	0.00966183574879	0.760869565217	9	46
7208	train	rtREV+F+G4	rtREV	True	False	True	1.6527		-2120.702	4299.4039	4394.9098	5.4401497806000005	0.6044610867333334	0.520846629	2.7250350417	1.39862752175	6	9	0.0829145728643	0.35175879397	6	199
7209	train	LG+F+G4	LG	True	False	True	0.9525		-4208.9431	8471.8863	8579.6558	12.2029232589	1.7432747512714286	0.9055698274	6.0298547625	2.3036236262	5	7	0.1075	0.105	5	400
7210	train	LG+G4	LG	True	False	False	1.5803		-1010.3131	2040.6261	2064.8146	5.0208426244	0.5578714027111111	0.4244468141	2.3902333371999998	1.6580573609	6	9	0.0261044176707	0.433734939759	6	83
7211	train	WAG	WAG	False	False	False			-1557.0166	3132.0331	3157.2693	3.8152769636	0.42391966262222225	0.3383279407	1.7891517018999998	0.6366339921499999	6	9	0.0204918032787	0.254098360656	6	122
7212	train	WAG	WAG	False	False	False			-594.1912	1202.3825	1216.6838	4.1389132105	0.5912733157857143	0.2604694764	2.2519229688	0.6604873054	5	7	0.0315789473684	0.105263157895	5	57
7213	train	LG+G4	LG	True	False	False	1.2785		-1263.7969	2551.5937	2581.724	7.812703879	0.7102458071818182	0.56334566	2.3512178432	2.1001467862	7	11	0.0722135007849	0.516483516484	7	91
7216	train	WAG+G4	WAG	True	False	False	1.3095		-5554.3162	11128.6324	11168.8427	7.2038207019	0.8004245224333333	0.9994257426	2.189554707	1.7187954648	6	9	0.0428802588997	0.28640776699	6	412
722	train	JTT+G4	JTT	True	False	False	1.1062		-739.8812	1507.7624	1534.2479	5.5455705292	0.4265823484	0.2836894352	2.4127012004	1.72570559405	8	13	0.0357142857143	0.489795918367	8	49
7222	train	JTT	JTT	False	False	False			-372.1563	766.3126	786.4277	1.915954395	0.17417767227272726	0.048850607	0.8482924628999999	0.0979988345	7	11	0.136645962733	0.152173913043	7	46
7224	train	LG+G4	LG	True	False	False	1.3289		-2974.1739	5996.3479	6065.5351	8.9753020523	0.3902305240130435	0.4138766779	1.5759321521	1.2463030348	13	23	0.0262237762238	0.704545454545	13	132
7225	train	LG+G4	LG	True	False	False	1.2007		-3662.619	7349.238	7393.5223	6.0842400579	0.5531127325363636	0.4462453453	3.0794096165	2.1351595713	7	11	0.114382239382	0.405405405405	7	296
7227	train	WAG+G4	WAG	True	False	False	0.9734		-4125.8313	8451.6626	8665.9761	23.296839904	0.2353216151919192	0.2230444146	5.0430853157	1.9913069159	51	99	0.123560535325	0.873015873016	51	63
7229	train	LG+G4	LG	True	False	False	1.1361		-1810.7521	3673.5043	3730.4353	15.397941138	0.6159176455200001	0.5374718025	3.2234653705	1.8429258335	14	25	0.0292207792208	0.757575757576	14	66
723	train	LG+G4	LG	True	False	False	1.0095		-1981.3786	3998.7572	4047.5287	15.090845848999999	0.8876968146470587	0.3276916671	6.703084410299999	2.4123746982	10	17	0.0801801801802	0.657657657658	10	111
7230	train	LG+G4	LG	True	False	False	1.4748		-2868.0252	5760.0505	5800.3295	7.9290784912	0.7208253173818182	0.550576834	3.7217861423	2.9719291944	7	11	0.109838274933	0.372641509434	7	212
7236	train	VT+G4	VT	True	False	False	1.2992		-282.8877	577.7755	587.1076	2.1066251604	0.42132503208000005	0.293657257	1.7004716903000001	0.7223730748	4	5	0.0142857142857	0.114285714286	4	35
7237	train	WAG+G4	WAG	True	False	False	0.3902		-1041.395	2154.79	2228.3398	10.5081252493	0.30023214998000003	0.1953579115	1.7610783320999999	1.3161014766	19	35	0.242843951985	0.438596491228	19	57
7238	train	WAG+G4	WAG	True	False	False	3.0736		-5766.1807	11716.3613	11923.2229	76.2261639645	0.837650153456044	0.5906906876	9.529491956700001	3.7130511362	47	91	0.296656534954	0.8	47	70
7240	train	WAG+G4	WAG	True	False	False	1.6577		-6867.1479	14014.2958	14371.8386	62.1104259682	0.44683759689352515	0.3251169739	7.8931698506	4.4600073415	71	139	0.481393624907	0.642105263158	71	95
7245	train	LG+G4	LG	True	False	False	2.7658		-5377.8733	10907.7466	11138.0599	52.314418988999996	0.69752558652	0.5612115563	5.5065072645	3.2508724159000004	39	75	0.595776772247	0.43137254902	39	153
7247	train	WAG+F	WAG	False	False	True			-2438.0643	4964.1285	5082.5478	11.4214358192	0.45685743276799995	0.3513600782	4.3070029113	2.2645713708999997	14	25	0.187418086501	0.788990825688	14	109
7249	train	JTT+G4	JTT	True	False	False	1.0977		-2799.2602	5690.5204	5805.5116	13.8684016039	0.3081867023088889	0.2211492755	3.0767758937	1.6374155904	24	45	0.151388888889	0.755555555556	24	90
7253	train	LG+F+G4	LG	True	False	True	1.0992		-16991.9402	34229.8804	34684.6229	41.4700120623	0.4026214763330097	0.2951851283	4.69443677	2.8277176652	53	103	0.289793592503	0.711409395973	53	298
7256	train	WAG+G4	WAG	True	False	False	1.6175		-1457.4461	2974.8922	3045.9757	6.4966815105	0.22402350036206897	0.2253520083	2.3583122638	1.6873170761499998	16	29	0.271360759494	0.620253164557	16	79
7257	train	JTT+F	JTT	False	False	True			-2934.3119	5944.6238	6055.8594	15.611851562	0.821676398	0.4977210383	5.6444368496	2.4435807416	11	19	0.096837944664	0.81884057971	11	138
7258	train	VT+F	VT	False	False	True			-1604.5443	3265.0885	3346.228	7.4618202512	0.8290911390222222	0.6188448643	4.0981742702	2.0660010828499997	6	9	0.140547263682	0.328358208955	6	134
726	train	LG+G4	LG	True	False	False	1.2788		-24651.1227	49386.2453	49586.377	18.8834450121	0.46057182956341464	0.3414353419	4.078377758	2.5430308096	22	41	0.307539058404	0.650519031142	22	867
7260	train	WAG	WAG	False	False	False			-1481.6544	2989.3088	3024.0556	3.2741668973999998	0.2518589921076923	0.2418896005	1.3758767744000002	0.87234658155	8	13	0.0478971962617	0.644859813084	8	107
7261	train	LG+F+G4	LG	True	False	True	2.1042		-47124.5922	95271.1843	97195.197	192.7682935452	0.3926034491755601	0.2541282419	9.6733453467	6.684972199800001	247	491	0.6449430787	0.626959247649	247	319
7262	train	JTT+G4	JTT	True	False	False	1.9779		-994.7929	2061.5858	2127.4169	6.1960834777	0.1770309565057143	0.1171451092	2.9680306432	1.9183869247	19	35	0.112128146453	0.760869565217	19	46
7263	train	LG+F+G4	LG	True	False	True	1.5799		-4047.3533	8156.7066	8272.7397	8.6101722083	0.7827429280272727	0.6413156071	2.6256362426999997	1.8206833666	7	11	0.135073260073	0.403846153846	7	312
7264	train	WAG+F+G4	WAG	True	False	True	0.9476		-1505.1671	3128.3342	3226.4843	31.8419764767	0.8164609353000001	0.371319204	7.558745813000001	2.0242896815	21	39	0.0	0.923076923077	21	39
7265	train	LG+G4	LG	True	False	False	1.7816		-1976.2396	4000.4791	4057.9459	11.1606323959	0.4852448867782609	0.4135346492	3.1576085978999995	1.7548573711	13	23	0.108262108262	0.728395061728	13	81
7269	train	LG+G4	LG	True	False	False	1.1471		-23430.4836	47088.9672	47528.1183	42.9691944389	0.38025835786637163	0.2842212175	4.292729312700001	2.6875943421499997	58	113	0.301179151803	0.73275862069	58	348
727	train	WAG+G4	WAG	True	False	False	2.1591		-11029.197	22138.394	22291.1974	20.6077852438	0.5284047498410256	0.3676669604	4.4212856243	3.3210390633000006	21	39	0.25533418115	0.762611275964	21	337
7270	train	LG+G4	LG	True	False	False	0.8485		-9490.0694	19208.1388	19520.0655	48.5174108372	0.4293576180283186	0.3599882945	3.2629945628000003	1.7155748156	58	113	0.198729582577	0.80701754386	58	114
7271	train	rtREV	rtREV	False	False	False			-1661.3578	3340.7156	3367.5681	4.678051791400001	0.5197835323777779	0.2575615765	2.5616516327	2.0039930779	6	9	0.0547945205479	0.452054794521	6	146
7272	train	LG+F+G4	LG	True	False	True	1.9266		-19755.2419	39976.4838	40723.0173	85.676167037	0.40223552599530515	0.2817081217	5.5610813193999995	3.18421107995	108	213	0.370624745625	0.769230769231	108	182
7275	train	WAG+G4	WAG	True	False	False	0.9222		-2306.7094	4689.4188	4773.1971	22.4548207432	0.6068870471135135	0.3399948493	7.028298619	4.73100607375	20	37	0.0679104477612	0.850746268657	20	67
7276	train	LG+G4	LG	True	False	False	0.9444		-21356.4021	43068.8043	43654.1158	63.6588423626	0.3596544766248587	0.2646131216	7.061543374200001	2.00956906375	90	177	0.210157126824	0.858585858586	90	198
7277	train	WAG+F+G4	WAG	True	False	True	1.6227		-25725.2637	51968.5273	52822.7915	89.2300923496	0.373347666734728	0.2839477774	5.258076731199999	3.1254019714999997	121	239	0.418595041322	0.81	121	200
7282	train	WAG+G4	WAG	True	False	False	2.5519		-11651.6512	23435.3024	23652.9913	48.7040717272	0.7492934111876923	0.5078939181	6.6418804404	4.08409996235	34	65	0.270882352941	0.83	34	200
7284	train	LG+G4	LG	True	False	False	1.1222		-18777.9597	37643.9194	37856.2874	39.8170465218	0.9259778260883721	0.7168937103	6.867535223299999	4.6714362911	23	43	0.608318400453	0.403470715835	23	922
7285	train	LG+F+G4	LG	True	False	True	1.9922		-4464.4184	9070.8367	9261.268	35.1333764038	0.6888897334078431	0.4184643097	9.308785111999999	5.119315089500001	27	51	0.135459533608	0.898148148148	27	108
7288	train	LG+F+G4	LG	True	False	True	2.109		-11642.3731	23406.7462	23654.067	31.3592316534	0.7648593086195121	0.461755791	6.861236481300001	2.9152249325	22	41	0.435232607768	0.579812206573	22	426
7289	train	LG+F+G4	LG	True	False	True	3.4391		-10305.7753	20745.5507	20975.902	43.2654729491	0.9205419776404256	0.5010398459	10.5653630514	4.2624505252	25	47	0.163130434783	0.85652173913	25	230
7290	train	WAG+G4	WAG	True	False	False	0.7002		-3484.0976	7168.1951	7401.2685	36.5632020286	0.36932527301616164	0.2312351811	3.3683068419	1.9999591086	51	99	0.359907120743	0.539473684211	51	76
7291	train	LG+G4	LG	True	False	False	1.9421		-5219.036	10498.0721	10593.1866	14.1074895107	0.4864651555413793	0.344245182	5.4645984271	2.4844323259000003	16	29	0.0358664772727	0.914772727273	16	176
7292	train	LG+G4	LG	True	False	False	0.9748		-7604.8241	15285.6482	15422.9471	17.0757801793	0.46150757241351353	0.3855026914	4.3541848935	3.5121647496	20	37	0.231934306569	0.689781021898	20	274
7294	train	LG+F+G4	LG	True	False	True	1.2976		-19087.0212	38504.0424	39078.3478	55.0505843659	0.37965920252344826	0.2607869013	8.0930123042	3.09106860755	74	145	0.366328828829	0.7	74	240
7297	train	JTT	JTT	False	False	False			-465.57	953.1399	975.2206	2.3762850117	0.21602591015454545	0.1040995848	0.8873463092	0.4810037291	7	11	0.241558441558	0.363636363636	7	55
7298	train	LG+G4	LG	True	False	False	0.9522		-14295.3112	28938.6224	29405.3133	56.2226027559	0.32498614309768786	0.2165276584	3.9656993461999996	1.50523701775	88	173	0.0516624579125	0.935185185185	88	108
73	train	rtREV+G4	rtREV	True	False	False	0.9833		-15642.5701	31549.1402	32011.844	58.2068793733	0.44432732346030535	0.2730426898	4.3664623412	2.3207732588999996	67	131	0.448185899769	0.626016260163	67	246
730	train	LG+F+G4	LG	True	False	True	1.0472		-26071.1054	52336.2109	52758.2468	23.4190122702	0.30414301649610387	0.2049561036	5.7075388463	1.35315198115	40	77	0.210907504363	0.792321116928	40	573
7301	train	LG	LG	False	False	False			-683.7755	1397.551	1424.9806	4.5053382471	0.30035588314	0.3314239539	0.9946848814	0.8376467082000001	9	15	0.0507246376812	0.54347826087	9	46
7304	train	WAG+G4	WAG	True	False	False	0.6763		-997.2878	2018.5756	2049.0951	2.8936267305	0.2630569755	0.2092950042	1.2859787998	0.5114515323	7	11	0.0531914893617	0.287234042553	7	94
7309	train	LG+F+G4	LG	True	False	True	1.1447		-7907.643	15909.286	16092.1933	19.4282029702	0.7195630729703704	0.2669487491	7.7565716429	1.1830025191	15	27	0.221546961326	0.682320441989	15	362
731	train	JTT+G4	JTT	True	False	False	1.6495		-1341.911	2695.8221	2715.9047	0.9607641382000001	0.19215282764000002	0.19574257	0.4448649935	0.340105252	4	5	0.0119047619048	0.138095238095	4	210
7311	train	LG+G4	LG	True	False	False	2.1662		-1188.0051	2444.0103	2500.5714	17.2369228276	0.5223309947757576	0.3815529439	4.9985316833	2.2741489408	18	33	0.128205128205	0.846153846154	18	39
7313	train	LG+G4	LG	True	False	False	0.8327		-15482.8325	31145.6649	31466.4718	30.4651165688	0.3423046805483146	0.2496464909	3.9629348315	1.88405946745	46	89	0.176578377478	0.812260536398	46	261
7315	train	LG+G4	LG	True	False	False	0.6889		-28009.0451	56598.0901	57627.3222	71.1589666132	0.24622479796955016	0.1626046674	11.845201426000004	1.39553809185	146	289	0.335909599702	0.774319066148	146	257
7317	train	LG+G4	LG	True	False	False	0.5959		-8585.0539	17386.1077	17702.2511	19.3792429673	0.1811144202551402	0.1663998118	1.3166326098	1.0485802697	55	107	0.0450592885375	0.768115942029	55	138
7318	train	LG+G4	LG	True	False	False	0.6955		-33393.7972	67199.5944	67946.142	55.6675613125	0.2715490795731707	0.2085087081	3.5936524971	2.3801438964500004	104	205	0.0718897528464	0.87725631769	104	277
7319	train	LG+G4	LG	True	False	False	1.6999		-21819.9002	43799.8003	44115.2243	55.1633593033	0.698270370927848	0.4315777908	8.3069086778	3.7119424806	41	79	0.345176365149	0.769028871391	41	381
7320	train	LG+F+G4	LG	True	False	True	0.734		-21398.0653	43258.1306	43944.1575	80.2488029956	0.3803260805478673	0.2890564622	2.6977540153	1.7340048304	107	211	0.1252596054	0.881944444444	107	144
7322	train	WAG+F+G4	WAG	True	False	True	1.0408		-30203.6777	60985.3554	61972.6084	104.2283074321	0.3874658268851301	0.256113302	10.137290787499998	6.690249532249999	136	269	0.395359477124	0.808888888889	136	225
7325	train	JTT+F+G4	JTT	True	False	True	0.8725		-30851.3525	62188.7049	63084.6399	72.0708441603	0.32318764197443944	0.2557780288	6.3170397178	1.8220788332	113	223	0.435398230088	0.732203389831	113	295
7329	train	LG+G4	LG	True	False	False	0.9893		-6748.4281	13604.8561	13770.577	24.975441308	0.4712347416603774	0.3060214035	4.591472466	2.0758627256499995	28	53	0.170260557053	0.798742138365	28	159
733	train	LG+G4	LG	True	False	False	1.1286		-12417.1185	24914.2371	25069.2343	19.4129304983	0.49776744867435896	0.3179033558	4.093931467	2.9353071957	21	39	0.11784376672	0.825842696629	21	356
7330	train	LG+F+G4	LG	True	False	True	2.1515		-6567.1482	13268.2963	13470.8963	23.3340629355	0.49646942415957446	0.3486364555	3.6268674218	1.7141586578999997	25	47	0.135526315789	0.888157894737	25	152
7332	train	LG+G4	LG	True	False	False	1.6623		-3125.2938	6310.5876	6401.8904	11.6348517336	0.4012017839172414	0.2828273124	2.2242588878	1.6537258327	16	29	0.311693548387	0.574193548387	16	155
7333	train	LG+G4	LG	True	False	False	1.2768		-2308.7949	4669.5899	4742.2804	6.1010879885	0.24404351954	0.1589045678	2.9835440133	1.04768452215	14	25	0.0342384887839	0.677685950413	14	121
7334	train	LG+G4	LG	True	False	False	1.0503		-3809.9574	7727.9147	7858.5321	23.7136089527	0.44742658401320756	0.3591041885	5.6850629132999995	1.7424136787999998	28	53	0.0649741824441	0.879518072289	28	83
7337	train	LG	LG	False	False	False			-1417.5046	2857.0093	2885.2171	5.7693535681	0.5244866880090909	0.453175285	2.6696407219	1.7038869393	7	11	0.0208333333333	0.510416666667	7	96
7338	train	WAG	WAG	False	False	False			-857.2862	1732.5723	1754.1223	3.5085652474	0.38984058304444447	0.2406403043	1.8687719212	0.96381281695	6	9	0.0761316872428	0.506172839506	6	81
7339	train	LG+F+G4	LG	True	False	True	1.5096		-45767.0679	91756.1359	92292.243	63.8523131683	0.7016737710802198	0.501953889	6.2172928391	3.7674061846	47	91	0.507372052904	0.672432432432	47	925
734	train	LG+G4	LG	True	False	False	0.85		-5384.5331	10873.0661	11018.4472	27.1231209458	0.5318259008980393	0.3146432518	5.3550526685	1.4235527542000002	27	51	0.0284664830119	0.834710743802	27	121
7340	train	LG	LG	False	False	False			-2220.4309	4486.8619	4546.3161	8.4420104713	0.3670439335347826	0.2249345255	3.0571161163	1.8317135865	13	23	0.041601255887	0.795918367347	13	98
7341	train	JTT+G4	JTT	True	False	False	0.8254		-2466.319	4960.6381	5006.3881	7.0253983111	0.5404152547	0.3548249117	3.9676251079	1.03909474595	8	13	0.156572164948	0.345360824742	8	194
7342	train	LG+F+G4	LG	True	False	True	1.2851		-7632.4103	15370.8207	15559.9429	21.0237115955	0.6006774741571429	0.5434722654	5.669398284100001	2.5195965216999996	19	35	0.168943350743	0.80534351145	19	262
7344	train	JTT+F+G4	JTT	True	False	True	1.3024		-2816.6077	5703.2155	5824.0018	3.0376322232	0.20250881488	0.1558471807	1.133476603	0.4690847665	9	15	0.0233667143538	0.476394849785	9	233
7345	train	WAG+G4	WAG	True	False	False	0.8468		-655.5131	1391.0262	1438.1483	11.820180708	0.3030815566153846	0.2131453909	3.8469481097999996	1.5602247609	21	39	0.138888888889	0.791666666667	21	24
7347	train	LG+F+G4	LG	True	False	True	0.782		-4086.0663	8234.1326	8355.3673	3.9621423046	0.36019475496363634	0.3307262402	1.3072807196	1.0191452929	7	11	0.054587688734	0.327913279133	7	369
7348	train	LG+G4	LG	True	False	False	0.7732		-2752.2358	5524.4716	5560.3066	5.0928208879	0.5658689875444445	0.4372443364	1.8541403961	1.04112075695	6	9	0.155388471178	0.225563909774	6	266
7349	train	cpREV+G4	cpREV	True	False	False	1.1224		-3043.7404	6119.4809	6171.5172	7.5965372273	0.5064358151533334	0.4659864339	2.3035128046999995	1.3793545133999998	9	15	0.0791157649796	0.560209424084	9	191
735	train	LG+G4	LG	True	False	False	1.0246		-7979.8898	16007.7797	16104.5161	8.4801106351	0.3687004623956522	0.2013488601	4.168346185300001	1.4045494778	13	23	0.0608357988166	0.663461538462	13	416
7350	train	WAG+G4	WAG	True	False	False	0.5921		-3433.8055	6895.6111	6948.4112	2.612755858	0.20098121984615383	0.1064013629	0.8815922852	0.46362137969999995	8	13	0.0101246105919	0.389408099688	8	321
7353	train	JTT+G4	JTT	True	False	False	1.3944		-4084.2077	8228.4155	8320.8576	14.570351563900001	0.5024259159965517	0.3577479028	2.6243462189	1.7779981695	16	29	0.190605590062	0.714285714286	16	161
7356	train	JTT+G4	JTT	True	False	False	1.9722		-1340.0423	2728.0845	2784.9513	4.2703226454	0.18566620197391306	0.1426837245	1.3266360416	0.9115138917000001	13	23	0.0564751703992	0.607594936709	13	79
7358	train	rtREV+F+G4	rtREV	True	False	True	0.9586		-5346.2929	10750.5857	10870.265	9.8357918991	1.0928657665666668	1.2397526465	2.6926432823999997	2.2812327680999998	6	9	0.140465793304	0.220524017467	6	458
736	train	LG+G4	LG	True	False	False	1.0158		-3612.3823	7272.7647	7350.4393	9.2333092312	0.40144822744347824	0.2067118053	4.2735580603	0.8670804134	13	23	0.0323240589198	0.755319148936	13	188
7360	train	WAG+G4	WAG	True	False	False	1.0092		-288.7979	621.5958	655.8135	1.1670146229	0.046680584916	1e-06	0.6076039934999999	0.42057255869999993	14	25	0.0122448979592	0.485714285714	14	35
7363	train	WAG	WAG	False	False	False			-2708.3807	5462.7615	5527.0647	8.9568836364	0.38942972332173914	0.339818015	2.256238351	1.7343739666	13	23	0.165289256198	0.801652892562	13	121
7365	train	LG+G4	LG	True	False	False	1.6054		-6878.1541	13804.3082	13894.2936	10.789837729	0.46912337952173916	0.2659433952	2.6929724285	1.9008029906000001	13	23	0.108280254777	0.786624203822	13	314
7366	train	JTT+F+G4	JTT	True	False	True	0.5983		-5014.2815	10098.563	10248.3769	1.8478876722	0.12319251148	0.1541516724	0.3174041107	0.24458490710000003	9	15	0.0314190595089	0.200374531835	9	534
7369	train	JTT	JTT	False	False	False			-5284.0087	10582.0174	10611.9275	3.8601539973	0.5514505710428571	0.3542813444	1.5537699264000002	1.4849847568000003	5	7	0.0845283018868	0.175471698113	5	530
737	train	LG+G4	LG	True	False	False	0.9545		-4016.7566	8185.5132	8385.0111	20.4252134214	0.27233617895199996	0.2079511929	3.2516586471	1.8796446406	39	75	0.151583710407	0.705882352941	39	102
7370	train	LG+G4	LG	True	False	False	1.2689		-2735.1767	5490.3534	5525.6873	4.5703017434	0.5078113048222223	0.2794092173	3.0397720193000004	1.66545922735	6	9	0.0691699604743	0.470355731225	6	253
7371	train	LG+G4	LG	True	False	False	2.0538		-5252.2377	10552.4753	10634.9892	12.2649999846	0.5332608688956522	0.4550686647	2.8271212879	1.4421357176	13	23	0.123411371237	0.813043478261	13	230
7372	train	LG+G4	LG	True	False	False	1.7987		-5918.618	11849.2361	11877.2302	3.7288315825	0.7457663164999999	0.2047540136	2.9356335894	1.7151328078499999	4	5	0.0675159235669	0.258598726115	4	785
7373	train	LG+G4	LG	True	False	False	1.1205		-4398.1343	8836.2685	8904.05	16.7592532573	0.8820659609105262	0.702626315	4.6286490869	2.8991452178	11	19	0.154420921544	0.721461187215	11	219
7375	train	LG+G4	LG	True	False	False	1.0766		-2085.2111	4222.4222	4285.3121	13.123606196899999	0.5249442478759999	0.538219216	4.0234610158	2.0345135116499997	14	25	0.0464716006885	0.843373493976	14	83
7378	train	WAG	WAG	False	False	False			-2403.5008	4817.0015	4834.9002	2.8383343927	0.5676668785400001	0.4446871364	1.024884005	0.74361142645	4	5	0.0509433962264	0.0641509433962	4	265
7379	train	LG	LG	False	False	False			-1402.151	2826.302	2857.5011	2.9635159833	0.26941054393636366	0.2198273438	0.881427983	0.4914191011	7	11	0.0328798185941	0.468253968254	7	126
738	train	LG+G4	LG	True	False	False	0.7257		-9863.2203	19858.4406	20090.5925	19.7048965991	0.30315225537076923	0.1691388445	7.103191772300001	0.6418940383	34	65	0.0463028584928	0.730923694779	34	249
7381	train	WAG	WAG	False	False	False			-2874.4761	5786.9523	5845.2614	5.6368378445	0.2966756760263158	0.2578156535	2.1217476161	1.1249810747	11	19	0.131503716409	0.735849056604	11	159
7382	train	WAG+G4	WAG	True	False	False	1.4995		-1530.3022	3092.6044	3137.8574	2.7558053223	0.18372035482000001	0.144448143	0.7150977468	0.6092789212	9	15	0.00266666666667	0.384	9	125
7383	train	LG+G4	LG	True	False	False	1.3514		-6913.8338	13847.6675	13892.7104	4.758621739600001	0.5287357488444445	0.2315147386	2.0177360641	0.70352939895	6	9	0.131986027944	0.190119760479	6	668
7384	train	LG+F+G4	LG	True	False	True	1.4763		-12018.6592	24103.3185	24260.8301	6.9964155083	0.5381858083307692	0.4867087449	3.3357340957	2.5444544439000003	8	13	0.129290617849	0.586956521739	8	874
7386	train	rtREV	rtREV	False	False	False			-2144.0997	4302.1993	4327.2838	2.0309274759	0.29013249655714285	0.2568897014	0.9039122789	0.6576992677	5	7	0.184210526316	0.184210526316	5	266
7387	train	LG+G4	LG	True	False	False	1.2399		-5219.0443	10478.0886	10552.5603	6.9495923175	0.3657680167105263	0.3455957086	2.1229833850000004	1.4309305668	11	19	0.112002376708	0.614379084967	11	306
7388	train	LG+G4	LG	True	False	False	1.5081		-1083.671	2215.342	2262.1718	8.329839700600001	0.36216694350434786	0.2648129605	2.3137297208	1.0999275479000001	13	23	0.0340236686391	0.75	13	52
7389	train	LG	LG	False	False	False			-3525.1545	7080.309	7132.3299	6.0759922604	0.4050661506933333	0.2252627775	1.6194864227	0.991686059	9	15	0.150492264416	0.68776371308	9	237
739	train	WAG+G4	WAG	True	False	False	1.3615		-5850.0625	11748.125	11835.3599	8.8129572835	0.3831720558043478	0.3116073373	2.9177781206	1.6025731251	13	23	0.128021978022	0.717857142857	13	280
7391	train	JTT+G4	JTT	True	False	False	0.7239		-2024.8797	4077.7593	4121.3271	4.6356494625	0.3565884201923077	0.2374551143	2.1015151680999997	0.63309763075	8	13	0.0956325301205	0.277108433735	8	166
7392	train	LG+G4	LG	True	False	False	0.9482		-3000.7271	6045.4543	6112.8314	6.5269613191	0.31080768186190477	0.2863656305	1.8769173561999999	1.3587580520499998	12	21	0.0168776371308	0.632911392405	12	158
7393	train	WAG	WAG	False	False	False			-1035.7916	2097.5832	2128.2204	3.9609688999999997	0.3046899153846154	0.1994606331	1.7557538991	0.9403394538	8	13	0.0416666666667	0.423076923077	8	78
7395	train	LG+G4	LG	True	False	False	0.8059		-5277.0816	10726.1632	10951.0636	25.4641086645	0.29269090418965515	0.197552502	3.1421122573	1.6497024217999998	45	87	0.179317931793	0.792079207921	45	101
7396	train	LG+G4	LG	True	False	False	0.5642		-3606.5772	7289.1545	7397.5316	31.9440049101	0.8633514840567568	0.6928105786	5.9987462993	2.83966898125	20	37	0.351953125	0.59375	20	128
7397	train	JTT	JTT	False	False	False			-444.51	923.02	951.3006	2.5247874226	0.14851690721176472	0.0904892174	0.8606601904	0.28830641635	10	17	0.0512820512821	0.384615384615	10	39
7399	train	LG+G4	LG	True	False	False	0.8837		-3736.7828	7501.5655	7553.1832	9.7838518122	0.7526039855538461	0.3267893347	4.2007142388	1.54247922375	8	13	0.209322033898	0.427118644068	8	295
74	train	LG+G4	LG	True	False	False	2.3235		-10668.938	21649.876	22021.4721	76.8921865536	0.4960786229264516	0.3840238947	3.5492494656	1.9888944922	79	155	0.120094936709	0.9	79	80
740	train	LG+F+G4	LG	True	False	True	0.8588		-6781.1946	13640.3892	13798.4207	9.0674047782	0.47723183043157896	0.3807988082	3.098530976	1.9354887241	11	19	0.140106951872	0.628235294118	11	425
7400	train	JTT	JTT	False	False	False			-1351.6253	2721.2506	2746.6332	2.8980858415	0.3220095379444444	0.2410563393	1.684030605	1.2851271552	6	9	0.0510752688172	0.475806451613	6	124
7403	train	LG+G4	LG	True	False	False	0.5938		-1674.159	3376.318	3415.3428	6.3128245865	0.48560189126923076	0.4401050517	1.3221068548	0.9202902025999999	8	13	0.009375	0.416666666667	8	120
7405	train	LG	LG	False	False	False			-3346.6093	6703.2187	6723.0108	2.6714611729	0.53429223458	0.39445569	1.0817200422	0.7490183484	4	5	0.0678294573643	0.062015503876	4	387
7406	train	rtREV+G4	rtREV	True	False	False	0.6777		-846.5023	1713.0046	1736.9491	5.0762002474	0.5640222497111111	0.3277166388	3.3961101116	1.2607690835	6	9	0.0308641975309	0.296296296296	6	81
7407	train	JTT+F+G4	JTT	True	False	True	1.7778		-3169.1602	6412.3204	6546.4091	8.5762947874	0.4513839361789474	0.3002013946	4.372166932600001	3.3301935702	11	19	0.257302264522	0.570397111913	11	277
7408	train	LG	LG	False	False	False			-5874.5865	11783.1729	11845.8515	9.487789169	0.558105245235294	0.519523859	3.5513958596	2.3023548955499997	10	17	0.138305084746	0.742372881356	10	295
741	train	LG+G4	LG	True	False	False	0.7405		-3504.8746	7057.7492	7134.7769	6.2599950383	0.27217369731739127	0.2000623819	2.0432568753	0.6442620320000001	13	23	0.00672551492224	0.666666666667	13	183
7410	train	LG+G4	LG	True	False	False	1.3198		-13839.7855	27699.571	27749.95	8.3172720622	0.9241413402444445	0.796040884	3.0278802091	1.57066683365	6	9	0.160959906351	0.215100965759	6	1139
7419	train	LG+G4	LG	True	False	False	1.2766		-909.014	1838.028	1862.3362	3.7248045699	0.4138671744333333	0.3713469662	1.1885353174	0.9357302726	6	9	0.0515873015873	0.321428571429	6	84
742	train	LG+G4	LG	True	False	False	0.8516		-26646.1164	53388.2329	53608.0369	18.2932849626	0.3892188289914894	0.3145695273	4.2040431849	1.7169290611	25	47	0.100666666667	0.805555555556	25	720
7420	train	LG+G4	LG	True	False	False	0.8213		-5267.6186	10747.2372	10992.8909	39.7414867773	0.37849035026	0.256270736	5.6254090863999995	3.1431384256499997	54	105	0.0232098765432	0.92	54	75
7421	train	LG+G4	LG	True	False	False	2.7173		-2822.3097	5692.6194	5755.3823	18.8671927615	0.8203127287608696	0.603775397	3.3392104717	2.0980847609	13	23	0.0799695354151	0.792079207921	13	101
7423	train	VT	VT	False	False	False			-722.8338	1467.6676	1488.2508	4.181793348699999	0.38016303169999993	0.3284794201	1.6244517237	0.9181167834999999	7	11	0.0327380952381	0.520833333333	7	48
7424	train	LG+G4	LG	True	False	False	1.7994		-1133.8527	2311.7053	2360.8557	5.4180671274	0.25800319654285714	0.1361204417	1.5034295252999998	0.6644871963000001	12	21	0.0664251207729	0.550724637681	12	69
7425	train	LG+G4	LG	True	False	False	0.8123		-4195.2261	8454.4521	8560.3167	8.0759529651	0.26051461177741936	0.1663488399	3.0782590484	1.1556045120999998	17	31	0.109493302271	0.613861386139	17	202
7426	train	JTT+G4	JTT	True	False	False	1.1511		-3742.5985	7549.1969	7639.9579	14.1066945434	0.4550546626903226	0.2860826572	3.2050631333000004	1.5779883791	17	31	0.0980392156863	0.793650793651	17	126
7428	train	LG+G4	LG	True	False	False	0.552		-2768.4336	5596.8672	5679.7325	20.8521897109	0.719041024513793	0.5256252382	5.1783976255	2.19487246115	16	29	0.268696581197	0.589743589744	16	117
7429	train	LG+G4	LG	True	False	False	2.1228		-7318.1387	14660.2775	14712.1267	5.8606134139	0.5327830376272727	0.5421269643	2.1680192163	2.041173002	7	11	0.100462487153	0.446043165468	7	556
743	train	LG+G4	LG	True	False	False	1.0632		-7532.4793	15244.9585	15495.8328	38.1947317274	0.42915428907191006	0.2634807342	4.802253731	1.92372314345	46	89	0.140036231884	0.825	46	120
7430	train	LG+G4	LG	True	False	False	1.3301		-2782.6203	5617.2406	5689.2784	13.1737934185	0.5269517367400001	0.4157455327	2.4573284467	1.67755234005	14	25	0.124697336562	0.78813559322	14	118
7431	train	JTT+G4	JTT	True	False	False	0.6485		-607.4462	1226.8924	1242.6422	1.3392691895	0.2678538379	0.2855508328	0.5674482262	0.30247233495000003	4	5	0.156862745098	0.00980392156863	4	102
7432	train	WAG+G4	WAG	True	False	False	2.2103		-2175.6251	4383.2502	4428.7571	6.2371260838	0.41580840558666665	0.3580343198	1.4103831664	1.1507583457	9	15	0.076990376203	0.55905511811	9	127
7434	train	WAG+G4	WAG	True	False	False	0.9392		-6142.6577	12337.3153	12432.9109	13.3559057317	0.534236229268	0.3847269487	3.7988528159	2.7815503546	14	25	0.1978962818	0.63698630137	14	292
7435	train	LG+F+G4	LG	True	False	True	1.4834		-6475.2058	13036.4117	13191.4611	12.2420952938	0.532265012773913	0.4155307185	2.8886432093	1.9117238745000003	13	23	0.0681561085973	0.808823529412	13	272
7436	train	LG	LG	False	False	False			-2091.1123	4288.2246	4380.3211	17.4727113506	0.32967379906792454	0.2985604863	4.6665986217	3.1594500020500003	28	53	0.0	1.0	28	42
7437	train	VT	VT	False	False	False			-963.3871	1940.7742	1959.8037	1.8860989474	0.26944270677142856	0.3136641769	0.5752123223	0.46695159239999995	5	7	0.116071428571	0.205357142857	5	112
7438	train	LG+G4	LG	True	False	False	0.6465		-2423.198	4858.396	4881.2268	2.0190878182	0.40381756364	0.2680230318	1.3033622899	0.77154154115	4	5	0.0112951807229	0.138554216867	4	332
7439	train	WAG+F+G4	WAG	True	False	True	1.3449		-7494.9149	15143.8299	15393.0359	22.5406234116	0.3954495335368421	0.3034065749	5.9976820183	2.9431840897	30	57	0.303723404255	0.728723404255	30	188
744	train	LG+G4	LG	True	False	False	1.2588		-18473.2013	37038.4025	37233.0951	30.1781522581	0.6706256057355555	0.4592631127	4.4338554589	2.31432233085	24	45	0.269482645711	0.711198428291	24	509
7440	train	LG+F+G4	LG	True	False	True	3.4408		-2702.4563	5558.9126	5714.8647	27.1986394158	0.47716911255789474	0.3912270019	3.1539471019	2.0242315859	30	57	0.164285714286	0.875	30	56
7441	train	LG+F+G4	LG	True	False	True	0.8124		-3686.9175	7431.835	7545.6384	4.9362789263	0.5484754362555555	0.4598204389	1.7474031846	1.14184459865	6	9	0.0695187165775	0.267379679144	6	374
7442	train	LG	LG	False	False	False			-2248.5589	4515.1179	4545.1989	5.1025826657	0.5669536295222222	0.357979322	1.3035900397	1.1993218902499998	6	9	0.220893141946	0.248803827751	6	209
7443	train	LG+G4	LG	True	False	False	0.7251		-2132.0138	4280.0276	4308.9326	3.4124663633	0.48749519475714287	0.2238210223	1.5679108768	0.5399603695999999	5	7	0.183941605839	0.0839416058394	5	274
7444	train	LG+G4	LG	True	False	False	1.3683		-3331.3604	6682.7208	6718.961	5.3845803506	0.5982867056222223	0.4458508857	2.0644952881	1.0831295058500001	6	9	0.0776173285199	0.252707581227	6	277
7445	train	LG+G4	LG	True	False	False	1.4496		-1692.7583	3409.5165	3443.6468	6.652463571	0.6047694155454546	0.3636071902	2.4486077832	1.3551526532999998	7	11	0.0269966254218	0.543307086614	7	127
7446	train	LG+F+G4	LG	True	False	True	0.9582		-39395.7732	79361.5465	80465.1001	92.2429120106	0.34808646041735847	0.2452621277	4.5857250615	2.7636023556	134	265	0.401324364095	0.70985915493	134	355
745	train	JTT+G4	JTT	True	False	False	0.3725		-1273.6864	2563.3727	2590.9466	0.658119247	0.09401703528571428	0.0916963888	0.3643343239	0.1332694726	5	7	0.0353448275862	0.0689655172414	5	232
7450	train	LG+G4	LG	True	False	False	1.873		-758.2924	1540.5849	1568.7105	2.9992133677	0.27265576069999997	0.1464502785	0.7738892581	0.6766062344999999	7	11	0.168831168831	0.272727272727	7	77
7454	train	LG	LG	False	False	False			-932.8347	1883.6694	1905.2194	4.1629323723	0.4625480413666667	0.1868874087	1.7737954585	0.6815551917	6	9	0.0349794238683	0.259259259259	6	81
7456	train	LG+F+G4	LG	True	False	True	1.383		-2220.6101	4559.2203	4689.2972	20.4544989262	0.5244743314410256	0.3583090269	6.2342580236	2.8820608403000003	21	39	0.0625444207534	0.865671641791	21	67
7457	train	LG	LG	False	False	False			-847.09	1720.18	1745.0363	5.6752652967	0.4365588689769231	0.4092969217	2.082791515	1.113776061	8	13	0.0	0.7	8	50
746	train	LG+G4	LG	True	False	False	1.1585		-6430.2622	12940.5244	13077.8733	15.1890180402	0.3894620010307692	0.2491547298	3.6745336553000003	2.6591533743	21	39	0.201913079642	0.729257641921	21	229
7460	train	LG+G4	LG	True	False	False	1.0288		-889.1796	1802.3591	1831.0925	3.2346560648	0.29405964225454545	0.2229480558	1.7212661252999997	0.296289695	7	11	0.00881834215168	0.41975308642	7	81
7461	train	WAG+G4	WAG	True	False	False	0.4594		-719.8835	1459.7669	1483.7114	4.2525632748	0.4725070305333333	0.3888195669	2.4175034579999997	0.9111688099499999	6	9	0.218106995885	0.123456790123	6	81
7465	train	LG	LG	False	False	False			-1523.0544	3084.1088	3127.3655	8.0852559177	0.4255397851421052	0.2436746499	3.6839158764	2.8427891364	11	19	0.0277777777778	0.944444444444	11	72
7466	train	LG+G4	LG	True	False	False	0.9792		-1113.1418	2270.2836	2318.7869	5.3476966133	0.25465221968095236	0.1785992307	1.3143062271	0.6068489116	12	21	0.0348258706468	0.582089552239	12	67
7467	train	WAG	WAG	False	False	False			-6214.1902	12466.3805	12540.3217	6.7841784064	0.3570620213894737	0.3181598981	1.9427109556	0.8133880762	11	19	0.22250125565	0.674033149171	11	362
7468	train	LG+G4	LG	True	False	False	1.1069		-1810.6343	3645.2686	3683.1081	5.0167356802	0.4560668800181818	0.1254555424	3.5605032019	0.5202152784	7	11	0.0222956234517	0.248554913295	7	173
7469	train	LG+G4	LG	True	False	False	0.7257		-2137.3918	4298.7836	4337.6845	5.7614336017	0.5237666910636364	0.1862514849	3.825667308	0.5549012437999999	7	11	0.0551776266062	0.142857142857	7	189
747	train	JTT+G4	JTT	True	False	False	0.6918		-3479.2863	6974.5726	7004.9167	19.9607874365	2.8515410623571427	2.3319951709	10.0849477183	7.3750801824	5	7	0.0993902439024	0.109756097561	5	328
7471	train	WAG+F+G4	WAG	True	False	True	1.1222		-9708.9019	19615.8037	19930.2425	30.3840290601	0.38460796278607595	0.2093246793	3.7758527417999996	2.1506420274999996	41	79	0.208901750034	0.813559322034	41	177
7474	train	LG+G4	LG	True	False	False	0.9016		-5084.3774	10200.7548	10263.1531	8.099666365100001	0.5399777576733334	0.2741825894	3.7603914838	1.0871110263000001	9	15	0.160121765601	0.430136986301	9	365
7476	train	LG+G4	LG	True	False	False	1.8645		-1748.9906	3525.9811	3565.6891	4.6058152073	0.35429347748461537	0.4065582026	1.1920964799	1.01869041365	8	13	0.078373015873	0.555555555556	8	126
7477	train	LG+F+G4	LG	True	False	True	1.0629		-2790.6349	5655.2698	5774.2225	13.5883117515	0.7993124559705882	0.6439782837	3.1660412701	2.56159898975	10	17	0.247282608696	0.538043478261	10	184
7478	train	LG+G4	LG	True	False	False	1.427		-3622.618	7273.236	7324.901	4.4257148061	0.3404396004692308	0.3280297995	1.529130511	0.96974777105	8	13	0.158361486486	0.5	8	296
7479	train	LG+G4	LG	True	False	False	1.6746		-2011.2119	4062.4238	4118.3396	5.5626430754	0.29277068817894736	0.2033936614	1.1013372653	0.5880863504	11	19	0.0713749060856	0.603305785124	11	121
748	train	LG+G4	LG	True	False	False	0.9091		-1074.5314	2177.0628	2211.7455	5.8294291482	0.4484176267846154	0.1447213653	3.2386940421	1.0061360565	8	13	0.0525568181818	0.340909090909	8	88
7480	train	JTT+F+G4	JTT	True	False	True	1.5219		-18171.7891	36477.5782	36762.4558	26.511611973	0.5640768504893617	0.3839924701	3.8792369497	2.4718764331	25	47	0.319691714836	0.695568400771	25	519
7482	train	JTT+F+G4	JTT	True	False	True	2.1346		-5418.502	10923.004	11077.2557	14.2621379726	0.6200929553304347	0.3315245328	3.9198132756	1.7621075424000001	13	23	0.197637568424	0.707865168539	13	267
7484	train	WAG+F+G4	WAG	True	False	True	0.8638		-3926.918	7915.8359	8031.9682	9.3644358601	0.8513123509181818	0.6958657882	2.4694256685	1.6370600741	7	11	0.20903696942	0.17571884984	7	313
7485	train	LG+G4	LG	True	False	False	2.3602		-8608.2785	17336.557	17533.2439	40.0252239923	0.6783936269881355	0.5400444677	4.2816528268	2.2963952687	31	59	0.339861751152	0.760204081633	31	196
7486	train	WAG	WAG	False	False	False			-7342.165	14726.33	14805.0673	8.5530817081	0.4072896051476191	0.2867168879	2.1049218516	1.19853570575	12	21	0.0586518046709	0.863057324841	12	314
7487	train	LG+G4	LG	True	False	False	1.2558		-2837.7335	5695.467	5729.4033	6.0511936475	0.6723548497222223	0.5903231839	1.7046188562000002	1.16749368415	6	9	0.0227272727273	0.263636363636	6	220
749	train	WAG+G4	WAG	True	False	False	1.2933		-588.6425	1209.2851	1235.0598	4.791568659	0.3194379106	0.2268867452	2.7320337820000002	0.8888635202	9	15	0.0	0.648648648649	9	37
7490	train	WAG	WAG	False	False	False			-1183.2917	2384.5834	2410.0382	1.9264186911	0.21404652123333334	0.2485034244	1.5070854568	0.6847245513	6	9	0.0373333333333	0.584	6	125
7492	train	LG+G4	LG	True	False	False	2.3569		-6703.5588	13511.1177	13666.6202	23.7530854164	0.46574677287058824	0.3892830298	3.4962476501000004	2.4303394774	27	51	0.129755605946	0.843537414966	27	147
7493	train	rtREV+F+G4	rtREV	True	False	True	1.347		-5132.5644	10331.1288	10453.682	10.143915386	0.7803011835384616	0.805132987	2.633821451	2.1410005414500004	8	13	0.095297029703	0.452145214521	8	303
7494	train	LG+F+G4	LG	True	False	True	1.5261		-10706.9294	21547.8589	21784.596	25.19427354	0.5360483731914893	0.4401296657	4.4368362921	2.4032537744	25	47	0.0414229249012	0.932806324111	25	253
7495	train	WAG+G4	WAG	True	False	False	1.3308		-1899.9505	3887.9011	3972.0301	16.2675666308	0.3783155030418605	0.3315711315	3.4979747652000004	1.6217781967000002	23	43	0.0330434782609	0.86	23	50
7498	train	WAG+F+G4	WAG	True	False	True	1.0033		-3615.8073	7329.6146	7481.8059	11.6745546991	0.4025708516931034	0.4042597025	2.0453834379	1.24536475745	16	29	0.266666666667	0.563636363636	16	165
75	train	rtREV+G4	rtREV	True	False	False	0.7934		-8534.4745	17268.949	17553.3677	45.2732022341	0.45730507307171714	0.2401337265	8.956429544999999	4.0014604538	51	99	0.2121352478	0.826771653543	51	127
7500	train	LG+F+G4	LG	True	False	True	1.0638		-1751.4988	3552.9977	3641.0342	3.4109751044	0.68219502088	0.4832588329	2.3743854229	1.2737968038	4	5	0.136	0.156	4	250
7502	train	WAG+G4	WAG	True	False	False	1.449		-3399.1335	6898.267	7024.3564	20.6244029151	0.4209061819408163	0.2320477553	4.3433304715	2.6220491199000002	26	49	0.269230769231	0.739130434783	26	92
7505	train	LG	LG	False	False	False			-1716.8355	3447.6711	3469.7036	4.2870134555	0.6124304936428572	0.8010423139	1.9997283184	1.7365612727	5	7	0.102325581395	0.226744186047	5	172
7509	train	LG	LG	False	False	False			-6508.497	13046.9941	13106.563	10.1475086967	0.67650057978	0.453727034	4.176359253699999	2.7805792641	9	15	0.222222222222	0.589285714286	9	392
7511	train	LG+F+G4	LG	True	False	True	1.3941		-5004.7606	10079.5211	10206.2351	16.9786791896	1.1319119459733333	0.7958136327	4.7749020273	2.832341499	9	15	0.12037037037	0.576086956522	9	276
7514	train	LG+G4	LG	True	False	False	0.889		-6443.4628	12954.9256	13071.3739	19.8953627927	0.6028897815969696	0.4563936221	2.9558844396999997	1.40166380115	18	33	0.20680372002	0.656387665198	18	227
7516	train	LG+F+G4	LG	True	False	True	1.2477		-2677.7276	5417.4553	5522.9383	7.6958680216	0.6996243656	0.6530331565	2.9703800908	2.239275103	7	11	0.200772200772	0.31981981982	7	222
7518	train	LG+G4	LG	True	False	False	0.9293		-3895.8856	7839.7712	7922.8013	7.8688499339	0.3421239101695652	0.1989924687	2.268430371	1.2571432085	13	23	0.192471358429	0.523404255319	13	235
7520	train	JTT+G4	JTT	True	False	False	1.7704		-1648.2386	3352.4772	3420.2047	8.3780648285	0.31029869735185184	0.1768984107	2.6850492822999996	1.3948713075999999	15	27	0.155020080321	0.698795180723	15	83
7521	train	JTT+F	JTT	False	False	True			-3232.9381	6529.8763	6642.563	4.6793965799	0.35995358306923075	0.3060132656	1.7994048537	0.7639151474	8	13	0.154	0.496	8	250
7528	train	LG+G4	LG	True	False	False	1.3786		-21843.8846	43763.7693	43940.2333	20.788599926699998	0.5618540520729729	0.4875519239	5.155517837	2.98086205775	20	37	0.302408854167	0.63671875	20	768
753	train	LG+G4	LG	True	False	False	0.6856		-2512.6122	5065.2245	5120.9743	19.072461099599998	1.0038137420842104	0.4775664815	3.675495271	2.6374906386999997	11	19	0.0772727272727	0.675	11	120
7530	train	LG+F+G4	LG	True	False	True	1.0403		-8348.1458	16826.2915	17048.9133	30.1237751011	0.669417224468889	0.4678128494	4.2720276336000005	2.6913820555	24	45	0.192914831131	0.770925110132	24	227
7534	train	VT+F+G4	VT	True	False	True	1.6729		-4295.9674	8665.9349	8793.9396	9.4640003202	0.5567059011882353	0.4491662049	3.1394257076	2.0240766666	10	17	0.136170212766	0.659574468085	10	235
7537	train	LG	LG	False	False	False			-2720.9327	5463.8654	5500.8911	6.6471384125999995	0.6042853102363636	0.3406695391	2.9410639953999995	0.7552320399	7	11	0.208277703605	0.345794392523	7	214
7538	train	LG+G4	LG	True	False	False	1.3172		-2816.3184	5664.6368	5717.3297	13.5071373772	0.9004758251466666	0.6784592744	5.5589185063999995	4.2780329206	9	15	0.304857621441	0.447236180905	9	199
7539	train	LG+G4	LG	True	False	False	1.8885		-2370.5003	4769.0007	4812.1403	7.3003152233	0.5615627094846154	0.5053953697	3.1478517956	0.96868398215	8	13	0.129658385093	0.403726708075	8	161
754	train	WAG+G4	WAG	True	False	False	1.0142		-4456.7667	9117.5335	9365.4768	30.4535951019	0.3015207435831683	0.1531629914	8.987970784	6.552052562499998	52	101	0.320512820513	0.714285714286	52	84
7542	train	WAG	WAG	False	False	False			-5452.1905	10922.381	10960.0569	5.1775557373	0.575283970811111	0.2694013627	2.7228924444000002	2.0914978073	6	9	0.160836762689	0.417695473251	6	486
7543	train	LG+G4	LG	True	False	False	1.1089		-1711.8017	3447.6035	3482.6433	7.2555578894999995	0.6595961717727272	0.3318364347	2.5554444514999997	1.9126293637999998	7	11	0.0636079249218	0.357664233577	7	137
7544	train	LG+G4	LG	True	False	False	1.749		-3428.8064	6881.6128	6923.9659	6.8687745807	0.6244340527909091	0.3099078113	3.2758099721000002	0.4371228148	7	11	0.0634920634921	0.31746031746	7	252
7547	train	LG+F+G4	LG	True	False	True	1.5915		-8733.5369	17525.0739	17662.5489	9.2743742861	1.0304860317888889	0.8150253627	4.8133486884	1.4147896997	6	9	0.1731678487	0.264775413712	6	846
7548	train	WAG+G4	WAG	True	False	False	2.1978		-5154.3439	10444.6878	10623.186	21.7615925529	0.32479988884925376	0.2097752384	2.4422048865	1.4393043884	35	67	0.181792717087	0.823529411765	35	102
755	train	LG+G4	LG	True	False	False	0.951		-18247.5848	36795.1695	37358.0554	99.1805377399	0.6656411928852349	0.4476829244	5.2144588785	3.01224172815	76	149	0.613116123642	0.479365079365	76	315
7550	train	JTT	JTT	False	False	False			-1286.5496	2587.0993	2606.7274	3.5528211889	0.5075458841285714	0.2471902648	2.2177500348	0.8971047611	5	7	0.00819672131148	0.459016393443	5	122
7551	train	WAG+F+G4	WAG	True	False	True	2.3766		-8119.1308	16348.2616	16551.9696	12.5750844437	0.3592881269628571	0.2129662917	4.0115677091999995	1.4020072172	19	35	0.155087719298	0.83	19	300
7553	train	LG+G4	LG	True	False	False	1.0765		-10134.6827	20373.3654	20555.4308	21.9516810193	0.4304251180254902	0.3061161093	3.0836181757	2.2827827383	27	51	0.140136054422	0.85306122449	27	245
7555	train	LG+G4	LG	True	False	False	0.6995		-6381.8345	12911.6691	13129.3506	27.2730226235	0.3736030496369863	0.2587128846	4.641766253399999	1.480113061	38	73	0.132518796992	0.8	38	140
7558	train	WAG+G4	WAG	True	False	False	0.6664		-1245.2253	2550.4506	2614.7446	9.6688474032	0.33340853114482755	0.2541816617	3.3126858244	1.49906571985	16	29	0.204365079365	0.52380952381	16	63
7559	train	LG+G4	LG	True	False	False	2.2733		-5022.2715	10092.5429	10174.4224	14.9997204925	0.6521617605434783	0.6489698871	2.5341171349	1.8911537541	13	23	0.241414835165	0.647321428571	13	224
756	train	LG+G4	LG	True	False	False	1.7384		-11991.7903	24215.5806	24552.5924	70.5381797872	0.6133754764104348	0.5688832093	5.4845868319	3.5375822227	59	115	0.32102950408	0.733333333333	59	135
7561	train	LG+G4	LG	True	False	False	2.528		-4988.1499	10088.2998	10237.9782	22.4728649249	0.40859754408909094	0.279547696	5.305104329600001	2.4402511795999997	29	55	0.0721882049629	0.915887850467	29	107
7565	train	JTT+G4	JTT	True	False	False	0.2036		-3635.0427	7366.0855	7565.0064	1.4922890039	0.031750829870212764	0.0026523903	0.503748428	0.2638621043	25	47	0.0282403433476	0.309012875536	25	466
7568	train	LG+G4	LG	True	False	False	0.9736		-1450.6227	2949.2453	2997.8537	14.5221408782	0.6313974294869565	0.453472628	6.2096570064000005	3.0097919827000004	13	23	0.010989010989	0.839285714286	13	56
7569	train	LG+G4	LG	True	False	False	2.8013		-2421.5819	4879.1639	4929.3387	7.7706207732	0.4570953396	0.3260094766	1.8607842588	1.3245200553999998	10	17	0.0133333333333	0.791666666667	10	120
757	train	LG+G4	LG	True	False	False	1.9125		-4499.5176	9091.0352	9230.4354	28.9548385572	0.6434408568266666	0.5352269427	4.9267052781	2.0815384323500004	24	45	0.440359477124	0.542483660131	24	153
7570	train	WAG+G4	WAG	True	False	False	2.8817		-1986.0941	4024.1882	4085.7938	8.2874006613	0.331496026452	0.22789762	2.4877805202000003	0.85720737465	14	25	0.0316455696203	0.810126582278	14	79
7572	train	LG+G4	LG	True	False	False	1.2312		-709.7174	1443.4349	1469.1525	3.388409273	0.30803720663636364	0.230266885	1.7912157121	1.1412218	7	11	0.0	0.52380952381	7	63
7575	train	LG+G4	LG	True	False	False	1.3751		-52856.7248	106317.4497	107622.3217	130.7460129093	0.43437213591129564	0.3601055148	5.2984098291	3.4780458866	152	301	0.644961662249	0.480215827338	152	556
7577	train	LG+G4	LG	True	False	False	1.1467		-17211.5851	34571.1701	34893.1357	23.446991583	0.32119166552054795	0.2152984311	4.5552700175	1.8628446573000002	38	73	0.487737668779	0.539267015707	38	573
7578	train	LG+G4	LG	True	False	False	1.3289		-2591.0028	5242.0056	5322.746	7.9875967637	0.275434371162069	0.2210408348	1.9570781445	1.638669615	16	29	0.016628440367	0.752293577982	16	109
7579	train	LG+G4	LG	True	False	False	0.8786		-2206.5369	4429.0739	4457.0183	2.5715725292	0.36736750417142855	0.2301656027	1.4417114463	0.43655222019999995	5	7	0.0172839506173	0.139917695473	5	243
758	train	LG+G4	LG	True	False	False	1.4953		-4769.9238	9599.8475	9691.5349	18.6163581637	0.6419433849551723	0.4615328601	4.5987505878	2.92802239445	16	29	0.0927547770701	0.847133757962	16	157
7580	train	LG+G4	LG	True	False	False	1.1507		-3877.1919	7814.3838	7900.6397	13.2507058755	0.45692089225862065	0.3927877376	3.720664662	2.7245332116	16	29	0.0658396946565	0.824427480916	16	131
7581	train	LG+G4	LG	True	False	False	1.0647		-1672.9686	3361.9372	3388.2836	4.3710885326	0.6244412189428571	0.1558272139	3.1530982532	0.1730454506	5	7	0.0693467336683	0.150753768844	5	199
7583	train	LG+G4	LG	True	False	False	0.9634		-2393.2396	4846.4792	4930.8447	7.2989954841	0.25168949945172414	0.1863020129	2.7588273524	2.4098518728499996	16	29	0.00914634146341	0.772357723577	16	123
7584	train	WAG	WAG	False	False	False			-2287.938	4585.8759	4603.2373	4.5084265924	0.90168531848	0.6526712548	3.1058483628	1.6926558842500001	4	5	0.0567226890756	0.138655462185	4	238
7585	train	LG+G4	LG	True	False	False	0.825		-4373.8996	8815.7993	8915.3259	17.7514179065	0.5379217547424242	0.4428930471	2.4685068153	1.8440653391	18	33	0.0161030595813	0.847826086957	18	138
7586	train	rtREV+G4	rtREV	True	False	False	0.7247		-4865.8888	9771.7776	9847.5155	4.9622300671	0.26117000353157893	0.1566160771	2.3499345583	0.5172042333	11	19	0.0153374233129	0.457055214724	11	326
7587	train	LG+G4	LG	True	False	False	0.8127		-1259.0411	2538.0822	2566.8342	2.8320112173	0.3146679130333333	0.1381580941	1.2651500948999999	0.37469768444999996	6	9	0.0	0.213740458015	6	131
7589	train	LG	LG	False	False	False			-1934.3108	3882.6216	3905.0497	3.2677139631	0.4668162804428571	0.5402851246	1.5387922368	1.2838170535	5	7	0.00659340659341	0.21978021978	5	182
7592	train	mtART+G4	mtART	True	False	False	0.3898		-364.6747	745.3494	758.6579	17.8354897557	2.547927107957143	0.2024070209	9.9999988788	2.3121131146	5	7	0.0205128205128	0.0769230769231	5	39
7593	train	LG+G4	LG	True	False	False	3.3061		-1324.7758	2717.5516	2820.3635	2.0387899019	0.058251140054285715	2.6133e-06	1.2988277205999998	0.0337670206	19	35	0.00554016620499	0.473684210526	19	152
7596	train	WAG+F+G4	WAG	True	False	True	0.581		-6768.0572	13614.1143	13772.5111	5.1386762867	0.27045664666842106	0.2204579913	1.6749019180999998	0.6756859802999999	11	19	0.0120788302606	0.501165501166	11	429
7597	train	LG+G4	LG	True	False	False	1.2746		-7678.3534	15396.7068	15475.8236	10.3241681522	0.543377271168421	0.4869326584	4.4873310589	2.7170612894	11	19	0.0805463966086	0.743523316062	11	386
7599	train	WAG+F	WAG	False	False	True			-11431.1057	22946.2114	23119.9051	10.2633235414	0.44623145832173916	0.3200852108	2.7001324546	1.8184552730999999	13	23	0.0947385947386	0.880952380952	13	462
76	train	rtREV+F+G4	rtREV	True	False	True	0.9607		-59913.1966	120516.3932	121890.8512	118.0000802894	0.36307717012123075	0.2345639767	5.839255738800001	3.7233901725000007	164	325	0.449806475395	0.823677581864	164	397
760	train	LG+G4	LG	True	False	False	1.9241		-8087.2361	16270.4723	16427.5763	32.6267985051	0.6941872022361701	0.4831300691	4.0029759973	2.4980223971999997	25	47	0.271794871795	0.774358974359	25	195
7601	train	LG+G4	LG	True	False	False	0.8965		-452.4815	960.9631	993.9486	5.5116545067	0.2041353521	0.1567273726	2.5475980322	1.1129082062	15	27	0.0361111111111	0.708333333333	15	24
7605	train	LG+G4	LG	True	False	False	1.8436		-4327.5031	8731.0062	8850.611	21.834747018	0.5901282977837838	0.3386503762	4.7208446932	2.5711925421000004	20	37	0.343895348837	0.627906976744	20	172
7607	train	JTT	JTT	False	False	False			-895.7891	1801.5782	1815.7596	1.2343519619	0.24687039238000003	0.2286146846	0.4817591825	0.35030449490000004	4	5	0.047619047619	0.0555555555556	4	126
7608	train	LG+F+G4	LG	True	False	True	2.0108		-8441.7053	17069.4106	17348.1514	26.0976169502	0.35750160205753423	0.2532614444	3.0923888787999996	1.74846702485	38	73	0.10793029872	0.871621621622	38	148
761	train	LG+G4	LG	True	False	False	0.9351		-12363.9496	24839.8992	25055.1377	21.8290888885	0.39689252524545454	0.2117920382	9.498888896399999	3.2807412423999995	29	55	0.183708145927	0.8	29	345
7610	train	LG+F+G4	LG	True	False	True	1.1003		-7011.5186	14133.0373	14340.6376	34.6743474592	0.9906956416914285	0.7822741857	8.2647427932	4.9212938952	19	35	0.466001961425	0.484472049689	19	322
7613	train	LG+F+G4	LG	True	False	True	1.5048		-7657.4892	15580.9784	15943.7209	28.6917073856	0.25390891491681417	0.1632607574	4.8329060297	2.51441145205	58	113	0.180500457736	0.893805309735	58	113
7614	train	WAG	WAG	False	False	False			-923.5905	1869.181	1893.4326	4.2884347562	0.3898577051090909	0.3370014797	2.2193277667	0.9266682767	7	11	0.0106609808102	0.507462686567	7	67
7618	train	cpREV+G4	cpREV	True	False	False	2.1683		-909.347	1870.694	1923.3532	7.9428239594	0.317712958376	0.250117508	1.8859484141	0.93499301075	14	25	0.369897959184	0.5	14	56
7619	train	LG+G4	LG	True	False	False	0.9504		-309.9363	659.8726	688.5523	5.4620724752	0.2874774986947369	0.1180521474	4.0390516003	0.3277879627	11	19	0.33137829912	0.387096774194	11	31
762	train	LG+G4	LG	True	False	False	1.5493		-3222.8779	6489.7558	6552.6717	23.7519041903	1.1310430566809524	0.7203542638	6.1775169751	2.8795496297499996	12	21	0.15503875969	0.697674418605	12	129
7621	train	LG+G4	LG	True	False	False	0.7959		-1673.1106	3414.2213	3481.2112	15.9292875565	0.482705683530303	0.2299494114	5.387558973699999	1.5330328277	18	33	0.0	0.77358490566	18	53
7622	train	LG+G4	LG	True	False	False	1.5041		-2855.7035	5727.407	5757.4782	5.2583030099	0.7511861442714285	0.5582819133	2.173433039	1.2593392248000002	5	7	0.204416403785	0.1261829653	5	317
7624	train	cpREV	cpREV	False	False	False			-72.7252	155.4503	159.3133	0.2221490837	0.04442981674	0.0671656412	0.1549814425	0.0712140295	4	5	0.015625	0.0625	4	16
7630	train	cpREV+G4	cpREV	True	False	False	0.4272		-206.145	424.2901	432.2833	6.9895003205	1.3979000641000001	0.5767510649	4.8666988678	1.0579385627	4	5	0.0625	0.0357142857143	4	28
7634	train	LG+G4	LG	True	False	False	2.0511		-2635.7138	5299.4275	5342.6539	9.5974225409	0.7382632723769231	0.6511698108	2.602955918	1.54086225705	8	13	0.141975308642	0.382716049383	8	162
7635	train	LG+G4	LG	True	False	False	1.5391		-2150.1692	4368.3384	4447.5833	11.1962160923	0.3392792755242424	0.2340201081	3.2736322232	1.5405532715499999	18	33	0.0292397660819	0.789473684211	18	76
7636	train	LG+G4	LG	True	False	False	1.2692		-3922.6918	8037.3835	8228.326	26.6675238143	0.2807107769926316	0.1794797437	4.080618073	1.5396035925	49	95	0.0196523053666	0.962962962963	49	54
7637	train	JTT	JTT	False	False	False			-379.7682	781.5364	798.6452	3.1844030419	0.2894911856272727	0.1935336054	2.1755376222	1.7235417897	7	11	0.0857142857143	0.714285714286	7	35
7638	train	rtREV+G4	rtREV	True	False	False	30.5141		-247.0918	514.1836	525.5386	3.1425656358	0.34917395953333336	0.3661435521	2.0444135087	0.8879114543000001	6	9	0.0434782608696	0.521739130435	6	23
7639	train	LG+G4	LG	True	False	False	0.8455		-1357.0835	2758.167	2803.1141	14.606278137	0.6955370541428572	0.6540969576	4.7242926869	2.5625651094	12	21	0.0423976608187	0.719298245614	12	57
7642	train	LG	LG	False	False	False			-2624.7812	5299.5624	5363.6711	11.2421236366	0.449684945464	0.4076843793	2.9469761224	1.90219181775	14	25	0.0580357142857	0.895833333333	14	96
7644	train	LG+G4	LG	True	False	False	0.7097		-1327.346	2722.692	2794.4617	9.8414838453	0.2982267831909091	0.2407858848	2.0043028438	1.3840203934499997	18	33	0.0546448087432	0.655737704918	18	61
765	train	JTT+G4	JTT	True	False	False	1.2755		-3992.9449	8021.8898	8086.1885	5.4553038255	0.32090022502941173	0.1761393375	2.4933089406	0.94230722765	10	17	0.0163498098859	0.48288973384	10	263
7651	train	LG+G4	LG	True	False	False	1.399		-577.4668	1182.9337	1210.5178	2.6549687612	0.20422836624615387	0.1265296156	1.1930025387	0.6032832232500001	8	13	0.0117924528302	0.358490566038	8	53
7658	train	LG+G4	LG	True	False	False	1.0129		-3115.3863	6290.7725	6382.2682	9.6186567901	0.33167782034827586	0.1565681156	4.1198057158	0.6277090461500001	16	29	0.0348557692308	0.519230769231	16	156
7659	train	LG+G4	LG	True	False	False	0.7243		-6822.2051	13688.4102	13778.6664	7.9764882824	0.37983277535238097	0.1313684662	3.2778292771	0.5813361316	12	21	0.0906040268456	0.404921700224	12	447
766	train	LG+G4	LG	True	False	False	1.1088		-6159.2712	12342.5425	12393.7717	3.523693011	0.32033572827272727	0.2519981006	1.7165804982000001	1.0386775577	7	11	0.0749458874459	0.441287878788	7	528
7661	train	LG+G4	LG	True	False	False	0.8821		-1179.4739	2430.9478	2494.351	11.9814881681	0.3423282333742857	0.3089847508	3.1871794684	1.4052984083	19	35	0.0452876376989	0.813953488372	19	43
7664	train	WAG	WAG	False	False	False			-427.5633	869.1266	881.6159	3.0704390059	0.4386341437	0.4291711721	1.797913316	0.4291711721	5	7	0.104545454545	0.227272727273	5	44
7666	train	LG+G4	LG	True	False	False	3.073		-2264.501	4645.0019	4772.0019	11.6706131613	0.20474759932105263	0.1549212349	3.5448933689	1.2285973893	30	57	0.140404040404	0.848484848485	30	66
767	train	LG+G4	LG	True	False	False	1.1994		-5521.9934	11091.9867	11180.3926	8.2053184754	0.3567529771913044	0.2121683005	3.0469648479000004	2.7435600780000002	13	23	0.0685504971219	0.738095238095	13	294
7674	train	VT+G4	VT	True	False	False	1.8188		-716.9109	1457.8218	1483.5394	4.1542483984	0.3776589453090909	0.204803499	2.4580096762999997	0.8103241033999999	7	11	0.092970521542	0.412698412698	7	63
7677	train	LG+G4	LG	True	False	False	0.951		-7000.9655	14061.9311	14169.0957	15.7246096308	0.5422279183034483	0.3422874714	3.7595070060000007	2.8166116604500004	16	29	0.0983840304183	0.74144486692	16	263
768	train	LG+G4	LG	True	False	False	1.0901		-4187.2226	8414.4452	8479.8023	10.8072076158	0.5688004008315789	0.5016235078	2.0479377746	1.6601629262	11	19	0.0604498594189	0.742268041237	11	194
7683	train	LG	LG	False	False	False			-305.9566	641.9132	671.748	0.5105565927	0.03403710618	0.0185379175	0.1534829563	0.0595087796	9	15	0.0349794238683	0.037037037037	9	54
7689	train	rtREV+G4	rtREV	True	False	False	0.5176		-491.5789	999.1579	1016.3029	4.5924685837000006	0.6560669405285715	0.4125560883	3.2839407987	1.0949608701	5	7	0.193650793651	0.0634920634921	5	63
769	train	WAG+G4	WAG	True	False	False	2.2		-14487.2703	29382.5406	29993.9719	76.0634112177	0.3746966069837438	0.2568318221	7.2049654954	4.1551979786	103	203	0.480582524272	0.655405405405	103	148
7691	train	LG+G4	LG	True	False	False	1.385		-734.9606	1493.9213	1518.8517	3.6077281024	0.3279752820363636	0.2090127135	1.2275738292	0.5825878695	7	11	0.0145278450363	0.338983050847	7	59
7692	train	LG+G4	LG	True	False	False	3.2555		-3897.0676	7906.1351	8047.9607	17.214316621	0.3129875749272727	0.2258419062	3.9236816965	2.4908966163999997	29	55	0.110493140527	0.89247311828	29	93
7694	train	LG	LG	False	False	False			-1330.8563	2671.7125	2687.0884	3.1011390607	0.62022781214	0.409167135	1.7307177607000002	0.82005659705	4	5	0.0875	0.04375	4	160
7695	train	LG+G4	LG	True	False	False	1.3698		-5439.9194	10927.8387	11014.1118	7.8710719616	0.3422205200695652	0.2045725285	2.3175831232000004	1.1122699715000002	13	23	0.0388904775522	0.758364312268	13	269
7696	train	LG+G4	LG	True	False	False	1.7427		-4087.7534	8227.5068	8310.2332	12.2115863128	0.48846345251199996	0.3657618589	2.1784966349	1.7408085948999998	14	25	0.156902086677	0.741573033708	14	178
7697	train	LG+G4	LG	True	False	False	1.2581		-1174.7277	2393.4554	2442.9223	5.5172206317	0.2627247919857143	0.2296000247	2.4690710989	0.84191396075	12	21	0.105952380952	0.642857142857	12	70
7698	train	LG+G4	LG	True	False	False	1.2117		-10150.7634	20445.5268	20684.4315	21.4060962154	0.30149431289295775	0.1615499776	3.7813240286000003	1.4167959217	37	71	0.077106518283	0.911764705882	37	204
7699	train	LG+G4	LG	True	False	False	1.1046		-1986.0083	4036.0165	4112.6389	9.0531123609	0.29203588260967744	0.2075817178	1.5838993066	1.0637482058999999	17	31	0.0145243282498	0.728395061728	17	81
77	train	LG+G4	LG	True	False	False	1.1395		-24962.1869	50088.3738	50420.2583	31.1163155924	0.3841520443506173	0.2213940441	3.1853564761	1.83962877825	42	81	0.113700326466	0.860520094563	42	423
770	train	JTT+F+G4	JTT	True	False	True	1.11		-2065.2327	4180.4655	4269.5785	4.0788640108	0.81577280216	0.4784508978	2.9284061649	1.6814296927	4	5	0.0373563218391	0.210727969349	4	261
7700	train	LG+G4	LG	True	False	False	3.4366		-833.5889	1691.1778	1719.6112	2.457554272	0.2234140247272727	0.1411830675	0.9944727127	0.6772459382999999	7	11	0.0325497287523	0.430379746835	7	79
7701	train	LG+G4	LG	True	False	False	1.1739		-604.0222	1224.0443	1242.2577	2.2275249558	0.3182178508285714	0.266268046	1.2984853623000001	0.9906986517999999	5	7	0.00277777777778	0.25	5	72
7702	train	LG+G4	LG	True	False	False	1.5399		-1691.2004	3418.4009	3466.1722	6.6560808333	0.39153416666470586	0.2511318264	2.9949581276	1.3920469104999997	10	17	0.0666666666667	0.733333333333	10	105
7703	train	LG+G4	LG	True	False	False	1.1386		-3667.8691	7407.7383	7513.3793	9.454303991	0.2701229711714286	0.1661488318	1.6772400145	1.1194981033	19	35	0.0628549791746	0.726618705036	19	139
7704	train	LG+G4	LG	True	False	False	3.3471		-2838.7893	5765.5786	5865.7519	20.4054018671	0.47454422946744185	0.3110553752	6.5942516441	2.0387357068	23	43	0.0911835748792	0.930555555556	23	72
7705	train	LG+G4	LG	True	False	False	1.154		-862.6203	1769.2407	1813.402	4.3137996228999995	0.20541902966190473	0.1521856764	1.128344015	0.8083013056	12	21	0.0106060606061	0.636363636364	12	55
7706	train	LG+G4	LG	True	False	False	1.2067		-3031.7136	6191.4272	6333.4757	22.375196886	0.35516185533333333	0.2214027973	6.3084996274	3.7807407377	33	63	0.0254010695187	0.955882352941	33	68
7708	train	LG+G4	LG	True	False	False	1.5385		-1069.1588	2186.3176	2233.6046	6.902232573	0.30009706839130434	0.2431653761	2.2355261653	1.4071503895	13	23	0.0174165457184	0.716981132075	13	53
7710	train	LG	LG	False	False	False			-1444.7345	2903.4689	2924.2088	4.2771747066	0.6110249580857143	0.5077539254	1.6823566736000002	0.9599194159	5	7	0.0909090909091	0.202797202797	5	143
7711	train	LG+G4	LG	True	False	False	1.8853		-5971.0339	12006.0679	12112.5599	12.0375648306	0.3883085429225806	0.3127248427	2.7418424825	1.6305424426	17	31	0.03912050257	0.873786407767	17	206
7713	train	JTT	JTT	False	False	False			-3168.0718	6346.1437	6366.2245	2.404814702	0.4809629404	0.1765319688	1.8755475527	0.21984135575	4	5	0.034756097561	0.0341463414634	4	410
7715	train	LG	LG	False	False	False			-792.8791	1623.7582	1665.6473	6.8168503478	0.3246119213238095	2.4566e-06	5.2775524445	1.36530621085	12	21	0.0161691542289	0.940298507463	12	67
772	train	LG+G4	LG	True	False	False	3.4351		-12015.8308	24271.6617	24604.1438	63.5679445641	0.5341844081016807	0.2682447773	9.6094608922	4.304941911099999	61	119	0.125868296749	0.932203389831	61	118
7721	train	JTT	JTT	False	False	False			-775.9147	1561.8293	1574.2725	2.5920812143	0.51841624286	0.4868608166	1.307777239	0.6270604188	4	5	0.0421348314607	0.0786516853933	4	89
7722	train	LG+G4	LG	True	False	False	1.7259		-4562.3515	9164.7029	9236.0698	7.6234787328	0.40123572277894737	0.2812522108	2.3149612215	2.0362366766999997	11	19	0.121790423317	0.713740458015	11	262
7723	train	LG+G4	LG	True	False	False	1.4665		-568.9439	1181.8878	1211.1963	8.5344583663	0.4064027793476191	0.2115109294	2.9807542681	0.8573250025000001	12	21	0.0	0.714285714286	12	28
7724	train	LG+G4	LG	True	False	False	1.6774		-3884.9603	7797.9206	7846.881	9.1553847764	0.7042603674153847	0.5605570141	2.9662468320000004	2.0070804503	8	13	0.117827868852	0.504098360656	8	244
7728	train	LG+G4	LG	True	False	False	0.6306		-405.2469	822.4937	834.752	3.2312620833000003	0.6462524166600001	0.1542032653	2.4339524352	0.3285142901	4	5	0.0394736842105	0.0175438596491	4	57
7729	train	WAG	WAG	False	False	False			-334.3807	678.7613	688.0121	0.9983817307	0.19967634614000002	0.1686084173	0.3988972021	0.33596171315	4	5	0.0744680851064	0.106382978723	4	47
7735	train	LG+G4	LG	True	False	False	2.2882		-7034.7931	14129.5861	14244.8054	10.9294672951	0.37687818258965516	0.1869121084	4.2662840579	3.05180375055	16	29	0.165879360465	0.845930232558	16	344
776	train	LG+G4	LG	True	False	False	2.225		-2567.2368	5242.4735	5363.1153	14.8219905492	0.27966019904150946	0.1726291861	4.614701611299999	2.48899967805	28	53	0.0548654244306	0.927536231884	28	69
777	train	LG+G4	LG	True	False	False	1.0401		-15490.8911	31149.7822	31458.6295	34.9236770592	0.4207671934843374	0.3162699076	5.2948266814	2.0885901726	43	83	0.28384835935	0.75	43	292
778	train	LG+G4	LG	True	False	False	0.6912		-2449.9384	4927.8768	4974.8029	3.4805410849	0.2677339296076923	0.1983471155	1.2316978135999999	0.65972735045	8	13	0.0313981042654	0.407582938389	8	211
78	train	WAG+G4	WAG	True	False	False	0.7787		-5816.9419	11741.8839	11920.797	12.822741981	0.24193852794339624	0.161415716	2.9419203777	0.96164180235	28	53	0.251583391977	0.571428571429	28	203
780	train	LG+G4	LG	True	False	False	0.9714		-3588.1631	7228.3262	7310.7587	11.0682612845	0.44273045138	0.308727238	2.6395066877	1.6132103134500002	14	25	0.19237012987	0.613636363636	14	176
783	train	LG+G4	LG	True	False	False	0.8638		-11209.6754	22487.3509	22626.1463	10.4693722852	0.31725370561212124	0.2097380563	2.0256106707	1.0116734231	18	33	0.0599949264333	0.7100456621	18	438
784	train	LG+F+G4	LG	True	False	True	1.3677		-4966.7981	10067.5963	10265.1632	25.9274857354	0.5516486326680852	0.3228818445	8.5527978163	5.318502908499999	25	47	0.222127659574	0.765957446809	25	141
785	train	LG+G4	LG	True	False	False	1.3761		-18958.582	38017.164	38231.6497	28.705580525	0.5858281739795919	0.4565040269	4.2973870873	2.7608007596000004	26	49	0.330669330669	0.660482374768	26	539
790	train	JTT+F+G4	JTT	True	False	True	0.8816		-2581.9644	5229.9289	5333.2155	8.9335050108	0.6871926931384615	0.5207882341	4.3424518763	3.2138129622499996	8	13	0.0554733727811	0.502958579882	8	169
791	train	LG+G4	LG	True	False	False	1.2704		-3585.8967	7231.7935	7318.7287	17.5742090903	0.6060072100103447	0.4857397216	3.7003442807000004	2.42165083805	16	29	0.172574626866	0.761194029851	16	134
792	train	LG+G4	LG	True	False	False	0.8313		-1960.6967	3945.3935	3983.4393	3.5147934103000003	0.3195266736636364	0.1653481948	1.9197360066	0.3514428872	7	11	0.00568181818182	0.375	7	176
793	train	LG+G4	LG	True	False	False	1.2313		-2133.9421	4291.8843	4331.0365	3.1629399367	0.28753999424545457	0.2046925894	1.0627317405	0.7415822669000001	7	11	0.0118430792006	0.378238341969	7	193
794	train	LG	LG	False	False	False			-1847.7189	3713.4378	3742.421	2.2604380986	0.25115978873333333	0.1893780165	0.8212104209	0.4449307467	6	9	0.0495495495495	0.281081081081	6	185
795	train	LG+G4	LG	True	False	False	1.0957		-8643.6024	17559.2048	17916.2011	32.2040075509	0.23854820408074076	0.154257706	3.1103195966	1.5777308692999996	69	135	0.0643648763853	0.862745098039	69	102
798	train	LG+G4	LG	True	False	False	0.533		-615.8599	1267.7198	1299.4214	5.3364173575	0.31390690338235294	0.145498928	1.8539194597	0.6183376275	10	17	0.0	0.46511627907	10	43
799	train	LG+G4	LG	True	False	False	0.6595		-1027.1134	2070.2268	2093.1053	2.2097146328	0.31567351897142854	0.2951277823	1.2504484623	0.7727720492	5	7	0.0558139534884	0.124031007752	5	129
80	train	WAG+G4	WAG	True	False	False	0.9027		-23818.3647	47812.7293	48220.9233	36.8074110738	0.42307369050344823	0.2561346754	5.3260854893000005	2.4504958963999997	45	87	0.610849331006	0.40445026178	45	764
800	train	LG+G4	LG	True	False	False	0.7053		-4684.0859	9420.1719	9507.8085	11.2678999718	0.45071599887200003	0.2599731807	3.794985811	1.2908086035	14	25	0.0677740863787	0.627906976744	14	215
801	train	JTT+G4	JTT	True	False	False	3.2369		-1480.0321	3008.0642	3063.684	11.677475547	0.5077163281304348	0.2997241822	5.7585116238	2.3785078007	13	23	0.253333333333	0.653333333333	13	75
803	train	LG+G4	LG	True	False	False	1.0213		-2298.799	4609.5979	4631.4706	3.7172210831	0.74344421662	0.5056030343	1.6904379499000002	0.9864912993999999	4	5	0.11925795053	0.0282685512367	4	283
804	train	LG	LG	False	False	False			-2599.75	5229.5	5277.6423	3.9643885781	0.2642925718733333	0.2110772164	1.1089405131999999	0.8021316465	9	15	0.08014571949	0.622950819672	9	183
807	train	JTT+F+G4	JTT	True	False	True	0.7326		-719.8866	1497.7732	1572.4398	2.2755851088	0.2528427898666667	0.2429250693	1.4621628924999999	1.0793447046	6	9	0.0395189003436	0.278350515464	6	97
808	train	LG+G4	LG	True	False	False	0.9197		-8824.2625	17828.525	18092.6276	33.4217349313	0.37552511158764046	0.2405581233	2.388382509	1.6104470229499999	46	89	0.0941507663434	0.863309352518	46	139
81	train	LG+F+G4	LG	True	False	True	1.5716		-39080.7697	78391.5394	78900.3993	56.30275747	0.5926606049473685	0.2729881908	8.5114069081	3.3908275376	49	95	0.266794562233	0.80226904376	49	617
810	train	LG+F+G4	LG	True	False	True	1.4783		-4268.8337	8615.6674	8747.1222	13.633623613500001	0.7175591375526317	0.420116408	6.888688469400001	5.949203461500001	11	19	0.0807610993658	0.739534883721	11	215
814	train	LG+G4	LG	True	False	False	1.3419		-5402.5782	10849.1563	10930.5661	10.1808943434	0.4848044925428572	0.1651226836	4.7459358872	0.5253208119499999	12	21	0.0916945373467	0.71237458194	12	299
815	train	LG+G4	LG	True	False	False	0.7412		-12255.3655	24702.731	25016.939	68.12083029040001	0.7170613714778948	0.4552291582	10.07528478	7.7037190188	49	95	0.226582940869	0.753846153846	49	195
816	train	LG+G4	LG	True	False	False	0.7914		-13196.9414	26473.8828	26636.8046	27.0705310074	0.6941161796769231	0.4505406535	4.355581260999999	3.2096825551999997	21	39	0.262014483213	0.626728110599	21	434
817	train	LG+G4	LG	True	False	False	0.629		-13840.9168	27753.8336	27902.7918	16.8369010433	0.4810543155228571	0.3189747209	4.8220913748	1.0698888425	19	35	0.0119358872343	0.684665226782	19	463
818	train	JTT+G4	JTT	True	False	False	1.1241		-4346.7253	8709.4507	8742.3068	5.8403652079	0.8343378868428571	0.7162671429	2.745876651	0.8735287369	5	7	0.193318485523	0.0846325167038	5	449
819	train	LG+G4	LG	True	False	False	0.5385		-1408.7159	2845.4317	2886.4133	3.0739443034	0.2364572541076923	0.1222203424	1.2509387232	0.43569391595000007	8	13	0.0190217391304	0.239130434783	8	138
82	train	WAG+G4	WAG	True	False	False	0.8327		-8768.8323	17853.6646	18252.1072	115.5990844405	0.7362999008949044	0.6118716838	8.6518528785	4.5178150741500005	80	157	0.37839673913	0.673913043478	80	92
823	train	LG+G4	LG	True	False	False	1.0052		-5613.5896	11279.1792	11367.4135	23.1797481674	0.927189926696	0.5654678058	6.070992480499999	4.474134361299999	14	25	0.16461038961	0.709090909091	14	220
824	train	LG+G4	LG	True	False	False	0.9452		-32270.6005	64661.201	64945.703	40.0010748806	0.6779843200101695	0.3871747578	7.395243038400001	4.8437845502	31	59	0.398560383898	0.639905548996	31	847
826	train	LG+F+G4	LG	True	False	True	2.1366		-15361.1938	30840.3877	31082.702	25.7060316627	0.6591290169923076	0.4042114815	6.3483890179	2.5719850229	21	39	0.135857461024	0.873051224944	21	449
827	train	LG+G4	LG	True	False	False	1.4852		-5596.8403	11325.6807	11524.3826	14.9135314558	0.22943894547384613	0.136976675	4.272987485900001	3.30343296145	34	65	0.180588235294	0.8	34	150
829	train	LG+G4	LG	True	False	False	0.8511		-14109.3679	28370.7358	28641.6393	27.9581896374	0.372775861832	0.2271509897	6.580637691600001	5.9819159021	39	75	0.115630219078	0.819923371648	39	261
83	train	LG+G4	LG	True	False	False	1.3512		-8501.9117	17203.8234	17484.2255	31.6096567612	0.31928946223434346	0.21987251	3.8890597811	2.5380973315999995	51	99	0.117004178721	0.918032786885	51	122
830	train	LG+G4	LG	True	False	False	0.7178		-3904.9625	7829.9249	7869.3791	3.6370015742	0.40411128602222224	0.2461664933	1.3507699989000002	0.9110890912	6	9	0.0366492146597	0.198952879581	6	382
831	train	JTT+G4	JTT	True	False	False	1.1437		-3205.61	6435.2201	6481.6855	2.7936374236	0.2539670385090909	0.1329059703	1.4592271446	0.3197358893	7	11	0.164185110664	0.230985915493	7	355
833	train	LG+G4	LG	True	False	False	1.475		-2781.495	5622.9901	5706.6149	13.2434765037	0.45667160357586206	0.2942156006	3.9595333399999997	2.5815609625499993	16	29	0.219270833333	0.691666666667	16	120
834	train	LG+G4	LG	True	False	False	1.0542		-3996.961	8057.9221	8151.8252	17.7443027833	0.5723968639774194	0.467858443	3.5914775191	2.6557019044	17	31	0.121455776555	0.784172661871	17	139
835	train	WAG+G4	WAG	True	False	False	1.1541		-4859.2001	9762.4002	9844.8166	4.0546135864	0.19307683744761905	0.1445091058	1.4608812894	0.9307242051	12	21	0.0484558040469	0.619808306709	12	313
836	train	JTT+G4	JTT	True	False	False	0.5372		-1903.889	3831.7779	3871.2371	2.7262743169	0.24784311971818182	0.1396759485	1.4340781161	0.3263758143	7	11	0.0151515151515	0.136363636364	7	198
838	train	LG+F+G4	LG	True	False	True	1.3141		-10475.2974	21040.5947	21221.7587	13.7437862959	0.5497514518359999	0.4029340643	2.6690259716	1.686324157	14	25	0.0790200138026	0.780193236715	14	414
839	train	LG+F+G4	LG	True	False	True	1.3488		-43980.3968	88090.7936	88419.6688	19.2651369906	0.42811415534666664	0.3349438397	4.5870841008	2.4050972663500003	24	45	0.117411225659	0.822164948454	24	1164
84	train	WAG+G4	WAG	True	False	False	0.7663		-2114.3958	4304.7916	4397.1627	14.0654893043	0.38014835957567567	0.3060592788	3.7594053771	1.7974884794000001	20	37	0.207142857143	0.642857142857	20	84
841	train	LG+G4	LG	True	False	False	1.5805		-8064.1254	16224.2508	16386.0414	25.3153760498	0.5386250223361703	0.3197095223	7.5810613254	6.109681805999999	25	47	0.186976744186	0.804651162791	25	215
842	train	LG+G4	LG	True	False	False	1.0862		-9814.9502	19677.9003	19775.598	14.084767026	0.6123811750434782	0.5084112987	3.9801823893000003	3.2793277358	13	23	0.165038195061	0.635103926097	13	433
843	train	WAG+G4	WAG	True	False	False	1.9479		-6612.1772	13344.3545	13532.8543	23.4197649385	0.3969451684491525	0.2577161352	5.1770044068	1.8593427899999997	31	59	0.353895491417	0.643274853801	31	171
844	train	WAG+G4	WAG	True	False	False	0.9396		-2530.9305	5105.8611	5173.9236	6.9314569388	0.3300693780380953	0.1561270072	2.6873001583000002	1.5659453549500002	12	21	0.100715746421	0.644171779141	12	163
845	train	JTT	JTT	False	False	False			-1028.8445	2103.689	2151.8589	4.2653815559	0.18545137199565218	0.1513386172	0.9507291627000001	0.6679709648	13	23	0.133333333333	0.716666666667	13	60
848	train	WAG+G4	WAG	True	False	False	1.6513		-3116.9325	6253.8649	6291.2306	4.4390348204	0.49322609115555555	0.3074814107	3.0052013967	1.4491367047	6	9	0.094623655914	0.522580645161	6	310
849	train	LG+G4	LG	True	False	False	0.8515		-8479.3393	17022.6787	17144.5392	12.1217639097	0.3910246422483871	0.2113793647	2.0925197248	1.5723104556	17	31	0.0680091856562	0.702702702703	17	333
85	train	WAG+G4	WAG	True	False	False	1.1004		-3415.6072	7019.2144	7244.2926	16.7094034176	0.17967100449032258	0.1136139515	3.3063858782	2.18902074975	48	93	0.224537037037	0.740740740741	48	81
854	train	LG+F+G4	LG	True	False	True	1.2071		-54847.9297	109933.8594	110544.6266	78.9296496415	0.7972691882979799	0.4215818558	8.2583220749	2.9102433967	51	99	0.572934285535	0.554313099042	51	1252
857	train	LG+G4	LG	True	False	False	1.281		-13098.2105	26312.4209	26524.2653	24.7694850609	0.4345523694894737	0.3353099304	3.7468611015	2.0199455229000005	30	57	0.136257309942	0.856140350877	30	285
859	train	LG+F+G4	LG	True	False	True	1.4537		-2930.235	5962.4699	6098.7842	19.9686220767	0.6441490992483871	0.3974072332	4.802527479	2.5542135272	17	31	0.125343595382	0.794392523364	17	107
860	train	LG+G4	LG	True	False	False	1.1456		-2385.8192	4819.6384	4890.2378	4.2626508658999995	0.18533264634347824	0.1169547996	1.8093953191	0.4873398788	13	23	0.0131868131868	0.621428571429	13	140
862	train	LG+G4	LG	True	False	False	1.1031		-6748.4464	13544.8927	13632.8038	12.742244062600001	0.5540106114173914	0.3793677148	4.9666151888000005	1.7877165072	13	23	0.101495726496	0.78125	13	288
863	train	LG+F+G4	LG	True	False	True	1.8187		-3618.2124	7290.4248	7394.7428	4.772591406	0.6817987722857143	0.2952518038	3.2270133826	0.7902412574	5	7	0.00852272727273	0.176136363636	5	352
864	train	LG+G4	LG	True	False	False	1.2112		-19734.1892	39564.3784	39799.1764	16.5566556777	0.35226926973829786	0.0160106512	8.9090002635	1.7928178490999997	25	47	0.0434959349593	0.748983739837	25	984
865	train	LG+G4	LG	True	False	False	0.8213		-21868.8023	44113.6047	44752.4593	73.3313092594	0.39214603882032084	0.3289273642	3.3124421059	1.9310040499999999	95	187	0.377423195999	0.656108597285	95	221
866	train	WAG	WAG	False	False	False			-1918.0729	3882.1458	3938.3268	7.9433606069	0.34536350464782606	0.2284008237	2.0933013702	1.0866731652000001	13	23	0.0823529411765	0.823529411765	13	85
867	train	LG+G4	LG	True	False	False	0.8665		-4055.1519	8126.3038	8160.1791	2.0110273211000003	0.2872896173	0.1691908933	1.1694036086000001	0.3720033463	5	7	0.0113725490196	0.3	5	510
868	train	LG+F+G4	LG	True	False	True	1.1291		-26047.9018	52429.8035	53028.2474	86.0333182831	0.585260668592517	0.3370202414	8.245120352599999	3.657877258199999	75	147	0.23037593985	0.778195488722	75	266
87	train	WAG+G4	WAG	True	False	False	0.9175		-29578.0361	59456.0722	60036.8899	73.617160801	0.49407490470469795	0.3679809208	6.9098134639	4.520159151750001	76	149	0.39766493699	0.69014084507	76	355
871	train	LG+F+G4	LG	True	False	True	0.9845		-22785.9371	45773.8742	46183.1352	41.527426597099996	0.5126842789765431	0.4497561409	6.0867664588	4.96356228825	42	81	0.328907563025	0.748235294118	42	425
872	train	LG+G4	LG	True	False	False	1.4281		-1270.2868	2560.5737	2591.1996	3.7302176699	0.4144686299888889	0.1038495587	3.2195641146000002	0.1252835889	6	9	0.0348101265823	0.455696202532	6	158
873	train	LG+G4	LG	True	False	False	0.6429		-5398.7333	10881.4665	11020.6212	12.3510252714	0.30124451881463415	0.223344304	3.2234932505000002	2.5439633555	22	41	0.0904612628751	0.64039408867	22	203
877	train	LG+G4	LG	True	False	False	0.6179		-25128.7244	50789.4487	51698.1314	68.9165161239	0.260062324995849	0.1900905321	3.1822897514	2.1041329492499994	134	265	0.24600331675	0.711111111111	134	225
878	train	WAG+F	WAG	False	False	True			-16220.7928	32537.5856	32735.4652	26.5820240228	0.9166215180275862	0.801224462	4.8015041086	2.49836150725	16	29	0.105263157895	0.899122807018	16	456
879	train	rtREV+F+G4	rtREV	True	False	True	1.3594		-5086.658	10251.3159	10397.5423	7.3393700241	0.3862826328473684	0.1995455784	3.2143615889	0.8800151832	11	19	0.0674580196873	0.700636942675	11	314
880	train	LG+F+G4	LG	True	False	True	1.6206		-20344.9984	40871.9967	41223.8453	33.7587328126	0.47547511003661974	0.2955618386	5.316971268800001	2.7469914032	37	71	0.131230380522	0.881019830028	37	353
882	train	JTT+G4	JTT	True	False	False	1.1726		-2550.4246	5140.8492	5198.9547	14.8738373642	0.7828335454842105	0.510985785	4.2378367673	2.7108442216	11	19	0.173737373737	0.659259259259	11	135
884	train	LG+G4	LG	True	False	False	0.79		-36916.0806	74032.1611	74478.931	29.5466647122	0.2984511587090909	0.2496461069	4.3607532458	3.165510843	51	99	0.161429789307	0.777950310559	51	644
885	train	LG+F+G4	LG	True	False	True	1.0136		-4042.6965	8183.393	8344.7649	12.981270717600001	0.4476300247448276	0.2367814392	5.029298939199999	4.8815808586500005	16	29	0.146042713568	0.819095477387	16	199
886	train	JTT+G4	JTT	True	False	False	1.6636		-3108.0179	6240.0359	6285.1048	5.9000082004	0.5363643818545455	0.107870227	4.123044885200001	1.5819909133	7	11	0.139692585895	0.550632911392	7	316
887	train	LG+G4	LG	True	False	False	0.9532		-7296.3435	14648.687	14760.0249	13.3637275489	0.4949528721814815	0.2837224401	2.9790140140999997	2.7874554023	15	27	0.286294416244	0.586294416244	15	394
888	train	LG+F+G4	LG	True	False	True	1.6342		-16372.3526	32934.7052	33282.356	47.9279362236	0.639039149648	0.4746993375	5.133397327	2.3094527761	39	75	0.2755293487	0.728222996516	39	287
889	train	LG+G4	LG	True	False	False	1.0557		-4700.6545	9461.309	9559.1897	13.3509545504	0.46037774311724133	0.3473005193	3.8655918588000002	2.8026732170499997	16	29	0.116580310881	0.709844559585	16	193
89	train	LG+G4	LG	True	False	False	1.0311		-28512.6881	57525.3762	58438.4985	63.6826908113	0.25575377835863455	0.1657617679	7.186287858600001	2.7070860008999995	126	249	0.304010025063	0.736842105263	126	285
890	train	LG+G4	LG	True	False	False	1.2341		-5809.9797	11679.9594	11783.619	12.3622132789	0.42628321651379314	0.2534886187	4.2789046374	2.3259429418	16	29	0.141826923077	0.696581196581	16	234
892	train	LG+F+G4	LG	True	False	True	1.5507		-27264.2192	54766.4384	55310.5401	56.2000328834	0.5676770998323232	0.3457755474	6.8636888184	4.3478907422	51	99	0.624297271356	0.46013986014	51	715
893	train	LG+G4	LG	True	False	False	1.2111		-17731.5922	35715.1845	36152.6906	56.0841427204	0.4486731417632	0.2725901526	5.0371423007	2.75429782375	64	125	0.315323004202	0.773109243697	64	238
894	train	WAG+G4	WAG	True	False	False	1.746		-39281.7877	78743.5754	79166.5304	37.5180115174	0.42155069120674155	0.3321041707	3.845997121	2.43501117925	46	89	0.462545512958	0.571428571429	46	812
895	train	LG+G4	LG	True	False	False	1.468		-8098.7489	16241.4978	16326.9921	16.8517827931	0.8024658472904762	0.7370512616	3.9842384942	2.32148963055	12	21	0.148611111111	0.716666666667	12	360
897	train	LG+G4	LG	True	False	False	0.9999		-14569.3498	29290.6997	29574.6792	31.6598491467	0.422131321956	0.3143219696	5.998443588700001	4.7401284855	39	75	0.272870140612	0.725806451613	39	310
899	train	rtREV+G4	rtREV	True	False	False	1.3256		-1244.1237	2524.2473	2567.5683	5.1503641974	0.3029625998470588	0.1423532275	2.9362791033	0.60739922575	10	17	0.0585365853659	0.670731707317	10	82
90	train	WAG+F+G4	WAG	True	False	True	1.714		-55813.7487	112441.4974	113943.4737	120.6925734099	0.3118671147542636	0.2040906086	4.0687495019	2.4436429894	195	387	0.395772695773	0.834459459459	195	296
900	train	LG+G4	LG	True	False	False	1.9746		-1395.269	2822.5381	2862.5351	5.1751252561	0.34500835040666666	0.2422884951	1.5068199597	0.8259527956	9	15	0.0246913580247	0.555555555556	9	90
901	train	WAG+F	WAG	False	False	True			-5938.4361	11944.8722	12087.6205	4.8170760708	0.32113840472	0.2157117279	2.6891669043999995	1.9901106412999998	9	15	0.207768744354	0.691056910569	9	492
902	train	JTT+F	JTT	False	False	True			-2353.9436	4803.8873	4932.1831	7.5267204772000005	0.2595420854206897	0.1670042081	2.6230701847	1.28713221315	16	29	0.089953271028	0.906542056075	16	107
904	train	LG+F+G4	LG	True	False	True	0.6983		-16936.0805	33978.161	34220.3435	33.5688955833	1.0172392601	0.6653095373	10.5351795013	4.596702985199999	18	33	0.367539348605	0.532959326788	18	713
905	train	LG+G4	LG	True	False	False	1.2613		-24965.7816	50319.5632	51005.0408	57.9526611119	0.30027285550207256	0.2188543329	4.7516308682999995	2.8184791049	98	193	0.289061869807	0.861660079051	98	253
909	train	LG+G4	LG	True	False	False	1.1164		-7694.2173	15428.4345	15509.4763	9.8365399474	0.5177126288105264	0.297651787	2.4738577841	2.0023152854	11	19	0.0376470588235	0.771764705882	11	425
91	train	WAG+G4	WAG	True	False	False	1.8023		-2170.2229	4416.4458	4515.0603	14.037881153699999	0.3794021933432432	0.2600223424	4.5191405482	2.49277907435	20	37	0.382828282828	0.545454545455	20	99
910	train	rtREV+F+G4	rtREV	True	False	True	0.9025		-45402.1014	90930.2029	91268.6859	28.0998734392	0.6534854288186046	0.3640362076	5.9252334299000005	4.8959088195	23	43	0.350338649771	0.625	23	1592
911	train	LG+G4	LG	True	False	False	0.6899		-1943.8112	3919.6223	3965.1293	6.0525760636	0.40350507090666665	0.223954799	2.3743849288	1.2297667386	9	15	0.00087489063867	0.409448818898	9	127
912	train	LG+G4	LG	True	False	False	0.7899		-6260.4773	12564.9547	12651.4641	8.5016954599	0.40484264094761907	0.1660542746	4.895709674	0.8652554273499999	12	21	0.0548187444739	0.612732095491	12	377
914	train	LG+F+G4	LG	True	False	True	1.4534		-7492.8045	15083.609	15259.5674	15.2071604036	0.5243848415034482	0.4635723227	3.1908881305000003	2.1131582505999997	16	29	0.0331156716418	0.861940298507	16	268
915	train	LG+F	LG	False	False	True			-3023.9739	6111.9478	6213.9441	9.1606316279	0.7046639713769232	0.3578247717	4.5076219344999995	2.03776356895	8	13	0.0551675977654	0.692737430168	8	179
916	train	LG+G4	LG	True	False	False	1.561		-2443.7977	4911.5954	4952.8	2.8442819088999998	0.2585710826272727	0.1937461537	1.2437947426	1.074185589	7	11	0.00374298190892	0.419213973799	7	229
92	train	WAG+F+G4	WAG	True	False	True	1.1453		-20783.3415	41876.683	42399.1319	59.0789731794	0.43762202355111113	0.322747231	4.895677436	2.7031468403	69	135	0.273811931244	0.781395348837	69	215
920	train	LG+G4	LG	True	False	False	1.4121		-6795.522	13643.044	13746.5607	10.5462234328	0.421848937312	0.3541939565	3.6634812437999993	2.9056193621999995	14	25	0.335678210678	0.54797979798	14	396
921	train	LG+G4	LG	True	False	False	2.1161		-5845.982	11851.964	12051.0549	29.5170069352	0.37363299917974685	0.2035729931	10.821357915899998	6.337290235900001	41	79	0.0112359550562	0.988764044944	41	89
922	train	LG+G4	LG	True	False	False	0.8602		-3294.2052	6656.4103	6771.7937	10.6994726597	0.3242264442333333	0.1828199162	2.8862586887	1.7073691707	18	33	0.492929292929	0.313636363636	18	220
923	train	WAG+G4	WAG	True	False	False	3.4208		-4615.4354	9298.8708	9403.4267	22.8210839617	0.691547998839394	0.3556619765	11.852209787	10.03109401795	18	33	0.282638888889	0.75	18	160
924	train	WAG	WAG	False	False	False			-969.2207	1948.4413	1962.0783	2.1454000541	0.42908001082	0.4593911659	0.692846291	0.5358395689	4	5	0.0287610619469	0.00884955752212	4	113
930	train	WAG+G4	WAG	True	False	False	0.8949		-1229.6113	2487.2226	2527.4753	3.3544699244	0.25803614803076924	0.097918804	2.1970557926	0.32451733565	8	13	0.0849236641221	0.167938931298	8	131
932	train	LG+G4	LG	True	False	False	1.0094		-10633.0669	21722.1338	22381.1334	38.7689339637	0.1663902745223176	0.0773170454	3.9710122861999997	1.6253608737499996	118	233	0.234803109469	0.781954887218	118	133
934	train	LG+G4	LG	True	False	False	0.5981		-7147.2343	14318.4686	14372.3755	3.7116277809000002	0.3374207073545455	0.2146967139	1.5062966148	0.5609225879999999	7	11	0.0186147186147	0.248484848485	7	660
936	train	WAG	WAG	False	False	False			-9203.1924	18432.3848	18488.3188	6.8946106633	0.5303546664076924	0.5202756739	2.7835432949000003	2.4923305982499997	8	13	0.0755494505495	0.692307692308	8	546
937	train	LG+F+G4	LG	True	False	True	1.9573		-18528.0456	37246.0912	37599.5209	40.8509176221	0.544678901628	0.4195755762	5.2589312243	3.4686363744	39	75	0.248339638504	0.822950819672	39	305
938	train	LG+G4	LG	True	False	False	0.9079		-40857.7558	82299.5116	83425.1926	85.1709674137	0.29268373681683846	0.1899376653	6.214440915599999	2.6491407819	147	291	0.336607995634	0.710601719198	147	349
939	train	rtREV+F+G4	rtREV	True	False	True	0.963		-24962.2856	50106.5712	50500.5758	28.7870789156	0.405451815712676	0.2262286101	5.7850572955	3.6200909817	37	71	0.216746157923	0.762923351159	37	561
942	train	JTT+F+G4	JTT	True	False	True	1.0854		-7704.4182	15486.8364	15650.8928	4.2402263683	0.22316980885789475	0.1482571826	1.9390721948	0.6389167069999999	11	19	0.0141129032258	0.655241935484	11	496
943	train	LG+G4	LG	True	False	False	1.2862		-20916.1935	41928.387	42142.6872	18.9643566234	0.4034969494340426	0.2900320814	3.809478404	2.194539329	25	47	0.251028037383	0.696261682243	25	642
944	train	rtREV+F+G4	rtREV	True	False	True	1.2798		-2721.6444	5513.2888	5624.2557	6.4364958359	0.4290997223933333	0.4213187634	2.1321745925	1.1319845275	9	15	0.022095959596	0.556818181818	9	176
945	train	LG+G4	LG	True	False	False	1.2438		-4098.9302	8301.8603	8437.3292	21.3300007526	0.4182353088745098	0.2168534328	6.0454467195	3.6602631082	27	51	0.0414814814815	0.94	27	100
947	train	LG+G4	LG	True	False	False	0.4428		-2603.498	5314.9961	5437.9361	21.0281609041	0.3967577529075472	0.310084404	2.9685684252	1.4224259476999999	28	53	0.0709325396825	0.75	28	72
948	train	LG+G4	LG	True	False	False	0.6737		-5779.7159	11663.4318	11829.1759	19.9304309638	0.39079276399607843	0.313910688	2.9477089057	1.6598490880999999	27	51	0.162631905649	0.648044692737	27	179
950	train	LG+G4	LG	True	False	False	0.9691		-13751.7663	27695.5326	28004.6868	44.2029413614	0.4652941195936842	0.3372860691	4.185186461200001	1.9794608826000002	49	95	0.121897407612	0.816216216216	49	185
953	train	LG+G4	LG	True	False	False	1.4086		-39432.5018	79477.0035	80596.8051	120.5498744389	0.3952454899636066	0.3271705123	5.460132354700001	3.0144206931000004	154	305	0.484478935698	0.672473867596	154	287
954	train	LG+G4	LG	True	False	False	2.0337		-20628.0651	41320.1302	41467.326	18.7698406473	0.6054787305580646	0.4693150058	4.9954524773	3.3494577588	17	31	0.227370948379	0.740136054422	17	735
955	train	LG+G4	LG	True	False	False	0.9589		-7416.1445	14868.2889	14943.8249	7.4438549978	0.4378738234	0.2405727199	4.0509541878999995	0.748541307	10	17	0.0971486761711	0.413441955193	10	491
956	train	JTT	JTT	False	False	False			-2545.0365	5120.073	5169.3211	2.9914843101	0.19943228734000001	0.1504908899	1.1296674889	0.9871258994000001	9	15	0.072758037225	0.583756345178	9	197
957	train	LG+F+G4	LG	True	False	True	0.9295		-24545.2248	49256.4496	49613.4148	26.0474742772	0.4134519726539682	0.2307175826	8.318718569000001	1.2962419534	33	63	0.102196274673	0.849541284404	33	545
958	train	LG+F+G4	LG	True	False	True	1.26		-62138.2573	124650.5146	125485.9742	95.8270120161	0.5738144432101796	0.396542291	4.921698088099999	3.6737189584	85	167	0.400895140665	0.723602484472	85	644
959	train	LG+G4	LG	True	False	False	1.5514		-12316.2181	24868.4362	25257.6377	43.2930044071	0.3700256786931624	0.2472749046	6.9825260357	5.033297427200001	60	117	0.401833333333	0.745	60	200
960	train	LG+F+G4	LG	True	False	True	1.3614		-2980.089	6038.1781	6166.617	8.5389454619	0.44941818220526314	0.1417629757	4.772010869999999	2.2662794171	11	19	0.0338053905893	0.778894472362	11	199
961	train	LG	LG	False	False	False			-1860.1418	3742.2836	3774.0775	5.3626820729	0.4875165520818182	0.342550046	2.8443848944	2.3703804231	7	11	0.0193340494092	0.578947368421	7	133
962	train	LG+F+G4	LG	True	False	True	1.4358		-1465.576	2993.1519	3081.0767	7.9727141864	0.7247921987636364	0.3557283032	5.995360562199999	4.7670228347	7	11	0.0986394557823	0.579365079365	7	126
963	train	LG	LG	False	False	False			-1054.2559	2130.5117	2156.0041	4.6387979879	0.4217089079909091	0.2927664509	2.6818382547	1.8380390967000002	7	11	0.0	0.613333333333	7	75
964	train	LG+F	LG	False	False	True			-3212.0736	6484.1471	6585.682	7.4845745463	0.6804158678454546	0.6953056706	3.3358523152	2.8469403018999997	7	11	0.0222804718218	0.559633027523	7	218
965	train	WAG	WAG	False	False	False			-1014.2853	2070.5705	2118.0868	6.788627933	0.3232679968095238	0.1225957312	3.8318712208	3.4609034976500004	12	21	0.197183098592	0.633802816901	12	71
966	train	LG+G4	LG	True	False	False	0.8327		-7522.6696	15097.3391	15199.6464	7.5011591312	0.300046365248	0.2578219549	1.8542956695	1.2749839329500001	14	25	0.103552532124	0.637566137566	14	378
967	train	LG+G4	LG	True	False	False	1.1889		-12036.6094	24137.2188	24276.1103	19.9817515142	0.6445726294903226	0.5674744434	5.6346232701000005	2.8068571901	17	31	0.413528374313	0.506172839506	17	567
97	train	WAG+F+G4	WAG	True	False	True	1.912		-35753.69	71877.38	72617.1832	57.4115061784	0.34794852229333334	0.1994282146	6.3899931685	4.2862373298000005	84	165	0.356876993974	0.746898263027	84	403
970	train	LG+G4	LG	True	False	False	2.633		-12672.2949	25488.5899	25732.9311	28.6344989526	0.4033028021492958	0.2516842927	4.5205443485	3.3603373584000003	37	71	0.136609336609	0.863636363636	37	220
972	train	LG+G4	LG	True	False	False	1.726		-3485.7066	7011.4132	7078.826	5.3607323585	0.2821438083421053	0.1684676677	2.1974317451000003	0.6211752367000001	11	19	0.0325581395349	0.646511627907	11	215
975	train	WAG+G4	WAG	True	False	False	0.8957		-2622.9806	5277.9612	5334.3046	5.46678005	0.36445200333333333	0.2387897767	1.7220144165	0.6926404357	9	15	0.336888888889	0.28	9	250
976	train	LG+G4	LG	True	False	False	0.9136		-49204.2331	98620.4661	99111.5979	45.6700834692	0.4349531758971429	0.3738205943	3.1755085161	1.98347148375	54	105	0.326583820663	0.689473684211	54	760
979	train	LG+G4	LG	True	False	False	1.3709		-7441.8074	15047.6148	15267.5495	79.7818453824	0.9849610541037036	0.3643387419	16.557954805599998	4.687209588	42	81	0.241622574956	0.759259259259	42	108
98	train	LG+G4	LG	True	False	False	0.9015		-6337.1231	12866.2462	13140.0412	18.6067364425	0.19586038360526317	0.1384781662	3.117413134700001	2.5569282528	49	95	0.112085459184	0.8359375	49	128
980	train	LG+G4	LG	True	False	False	2.4352		-1971.7484	4047.4968	4140.2746	14.9255770565	0.29265837365686276	0.193736393	4.6598235023	2.394792271	27	51	0.00757575757576	1.0	27	44
981	train	LG+F	LG	False	False	True			-3059.6499	6187.2998	6299.9488	5.3854107176	0.3590273811733333	0.2482842445	2.0992027567	1.782873798	9	15	0.0519978106185	0.753694581281	9	203
982	train	rtREV+F+G4	rtREV	True	False	True	0.9536		-8652.2624	17450.5248	17694.5152	25.887077460500002	0.4884354237830189	0.3012457225	3.2030961685	1.5814337822	28	53	0.196172248804	0.77033492823	28	209
983	train	LG+G4	LG	True	False	False	0.9626		-51546.3311	103564.6622	104656.2548	102.5616854289	0.436432703952766	0.2947964411	6.899780056600001	2.8667420918999995	119	235	0.653812718721	0.444297082228	119	754
984	train	LG+F+G4	LG	True	False	True	1.3451		-14870.8847	29867.7694	30143.181	36.2824111941	0.8437770045139534	0.470335424	11.946949983599998	5.7564181942	23	43	0.453808992939	0.664957264957	23	585
986	train	LG+G4	LG	True	False	False	1.4661		-6812.2519	13728.5039	13883.294	33.7324563034	0.6614207118313725	0.4324015036	7.8560626392	3.1604506695000003	27	51	0.118007662835	0.855172413793	27	145
987	train	LG+G4	LG	True	False	False	1.0032		-14937.6752	30155.3504	30595.9997	68.0191155647	0.48934615514172664	0.3247123812	4.777437149300001	3.2816228023	71	139	0.329675728791	0.761627906977	71	172
988	train	LG+G4	LG	True	False	False	1.2882		-10044.2636	20168.5272	20317.2083	14.6165425708	0.37478314284102565	0.2140477338	4.723209626499999	3.8787200859	21	39	0.0300751879699	0.888157894737	21	304
991	train	JTT+F+G4	JTT	True	False	True	0.9065		-5520.8626	11111.7252	11255.0001	13.9906683372	0.93271122248	0.317109366	5.854257469	2.1103195458	9	15	0.216955104088	0.458239277652	9	443
992	train	LG+G4	LG	True	False	False	0.9459		-2246.3509	4552.7017	4627.3608	13.0357636281	0.4495090906241379	0.2982784238	4.9484649502	2.99006187645	16	29	0.0351123595506	0.786516853933	16	89
994	train	LG+G4	LG	True	False	False	1.7087		-3896.5499	7865.0998	7960.2979	16.9467870952	0.48419391700571435	0.4082958742	2.9511427219	1.5807403427	19	35	0.00961538461538	0.894230769231	19	104
996	train	LG+F+G4	LG	True	False	True	1.2034		-29839.4188	59928.8376	60405.2302	70.1155668069	0.6677673029228572	0.4732774931	5.5755317241	4.4564084751	54	105	0.193723663784	0.847305389222	54	334
997	train	LG+G4	LG	True	False	False	1.099		-23413.7773	46975.5545	47283.3276	31.3671056903	0.4296863793191781	0.2328652021	2.6448863226	1.8540127545000002	38	73	0.223823300323	0.782241014799	38	473
999	train	LG+G4	LG	True	False	False	0.6519		-9917.823	20107.646	20528.396	32.1303527701	0.23800261311185184	0.1632878607	2.8142007822999995	1.4858986342999998	69	135	0.273584066862	0.705521472393	69	163
