id,dataset,method,nRF,wRF,KF
3550,PANDIT,PF2_direct,0.1551724137931034,9.805627561107784,2.754493313044487
1409,PANDIT,PF2_direct,0.2625,12.119792626217158,1.8895427705972432
705,PANDIT,PF2_direct,0.1568627450980392,20.094819155112383,4.140841049762214
523,PANDIT,PF2_direct,0.3695652173913043,10.051469100359508,1.5450530837743366
7566,PANDIT,PF2_direct,0.2211538461538461,8.815953728579538,1.631333823594643
2637,PANDIT,PF2_direct,0.1348314606741573,11.662848619127942,1.804205069785689
2697,PANDIT,PF2_direct,0.0,10.231804654934876,2.308305728342833
7552,PANDIT,PF2_direct,0.05,7.919320061854957,1.9480992849786047
381,PANDIT,PF2_direct,0.0714285714285714,2.867231052364945,0.8619556924344858
3511,PANDIT,PF2_direct,0.1428571428571428,10.858898858982467,1.9782404391735524
1728,PANDIT,PF2_direct,0.4774774774774775,35.21219384023917,7.325844907977627
4,PANDIT,PF2_direct,0.2741935483870967,17.30886217052354,5.575142791347234
1493,PANDIT,PF2_direct,0.3294117647058823,31.79313250497152,5.666152584276893
81,PANDIT,PF2_direct,0.0869565217391304,10.409121126167776,3.747331471702783
59,PANDIT,PF2_direct,0.0208333333333333,5.074097449145793,0.9865789190285038
1666,PANDIT,PF2_direct,0.0446428571428571,9.635947995554483,1.791434037440347
567,PANDIT,PF2_direct,0.3785714285714285,36.75759617196268,8.27710789864893
983,PANDIT,PF2_direct,0.1034482758620689,15.922037857569393,2.4911433372289684
229,PANDIT,PF2_direct,0.5279187817258884,83.06120326424923,10.879521633713823
1045,PANDIT,PF2_direct,0.1240310077519379,27.77954068593288,4.833831837436255
5,PANDIT,PF2_direct,0.4025974025974026,37.30426775559104,7.283598077967999
1124,PANDIT,PF2_direct,0.1076923076923077,14.022588183201124,3.725100635690773
2253,PANDIT,PF2_direct,0.2280701754385964,14.118874219746246,2.600259605355941
242,PANDIT,PF2_direct,0.109375,8.817804409194348,2.0361803602618003
1426,PANDIT,PF2_direct,0.1492537313432835,10.754656686581724,1.7914131556220434
252,PANDIT,PF2_direct,0.1978021978021978,37.62831272032005,7.958454534624429
2592,PANDIT,PF2_direct,0.1886792452830188,20.68802587674461,2.969984860632066
700,PANDIT,PF2_direct,0.0689655172413793,6.663657406328098,1.3028400390888706
318,PANDIT,PF2_direct,0.198019801980198,29.791309465611807,4.410086674879305
97,PANDIT,PF2_direct,0.0493827160493827,8.311329302112338,1.4971638868541788
1525,PANDIT,PF2_direct,0.1732283464566929,15.372838158097416,1.899060785340972
4320,PANDIT,PF2_direct,0.2169811320754717,16.39891989541028,2.905924692886928
640,PANDIT,PF2_direct,0.217391304347826,16.623806157345587,2.6512752209126504
2664,PANDIT,PF2_direct,0.4022988505747126,18.235534340000747,2.895271587835216
7276,PANDIT,PF2_direct,0.1379310344827586,12.785766172743651,2.91287507518567
6583,PANDIT,PF2_direct,0.2244897959183673,23.901444519669177,5.110678076504479
1802,PANDIT,PF2_direct,0.3529411764705882,46.97192251947414,9.638531011902089
1203,PANDIT,PF2_direct,0.0285714285714285,8.745342510910302,1.639277244468617
1657,PANDIT,PF2_direct,0.293103448275862,62.129795752123286,9.907674885823896
1796,PANDIT,PF2_direct,0.2191780821917808,14.48286839664874,3.035709617622507
297,PANDIT,PF2_direct,0.457516339869281,58.677704987475934,11.414499444857531
500,PANDIT,PF2_direct,0.6481481481481481,423.0147534815942,44.15450440130005
1026,PANDIT,PF2_direct,0.0408163265306122,3.5854774580813045,0.6837684600998446
133,PANDIT,PF2_direct,0.0547945205479452,22.464465877616984,6.636070022715141
147,PANDIT,PF2_direct,0.03125,7.959844874192129,1.7892209035026034
7145,PANDIT,PF2_direct,0.0961538461538461,9.159148650025308,2.0876777564198785
893,PANDIT,PF2_direct,0.0983606557377049,12.385897507942202,3.2656928502400544
2236,PANDIT,PF2_direct,0.2608695652173913,12.913149267543806,2.3253571573952017
2582,PANDIT,PF2_direct,0.3539823008849557,34.89019064349803,6.82195429062141
2765,PANDIT,PF2_direct,0.237410071942446,23.112718686897708,3.684718674146759
865,PANDIT,PF2_direct,0.25,25.069574907258843,6.996986342900171
881,PANDIT,PF2_direct,0.1343283582089552,13.050887233245248,2.2778239189064067
461,PANDIT,PF2_direct,0.0769230769230769,6.683121811018737,0.8523997041915826
7269,PANDIT,PF2_direct,0.0545454545454545,4.210426593692333,0.9570046748665436
5070,PANDIT,PF2_direct,0.078125,5.604614739093571,1.049054929315563
2541,PANDIT,PF2_direct,0.2297297297297297,7.890482431038797,1.748416978512221
1380,PANDIT,PF2_direct,0.5238095238095238,28.68687347896767,4.323808219727511
1355,PANDIT,PF2_direct,0.0232558139534883,4.454626186082362,0.937648601894646
7272,PANDIT,PF2_direct,0.219047619047619,24.366381564403063,4.334459323276861
1167,PANDIT,PF2_direct,0.2068965517241379,12.336444960555475,2.2342293374666355
7563,PANDIT,PF2_direct,0.1518987341772152,12.3733674998132,1.8808689676847532
3241,PANDIT,PF2_direct,0.4761904761904761,41.63145640048029,8.4384303613907
7315,PANDIT,PF2_direct,0.3636363636363636,33.71209428950041,7.299856466712041
670,PANDIT,PF2_direct,0.1047619047619047,18.73560052058188,3.099402758839618
7318,PANDIT,PF2_direct,0.0099009900990099,8.498493939617601,1.4069894216055383
2963,PANDIT,PF2_direct,0.0277777777777777,6.322973641591855,1.2149043033259057
540,PANDIT,PF2_direct,0.4130434782608695,17.782027753103012,4.749210059771806
769,PANDIT,PF2_direct,0.35,31.03739151067011,6.36473171107597
73,PANDIT,PF2_direct,0.203125,12.250302769579358,2.039095486253399
1116,PANDIT,PF2_direct,0.0491803278688524,9.004735367912621,1.8873822294446965
1156,PANDIT,PF2_direct,0.1176470588235294,6.189814830091895,1.6467514907007053
3209,PANDIT,PF2_direct,0.4505494505494505,35.25340335931615,6.215037149609401
340,PANDIT,PF2_direct,0.3703703703703703,31.49738749980849,6.1217221829616815
1514,PANDIT,PF2_direct,0.1123595505617977,12.988215794388283,1.7520503388470574
2943,PANDIT,PF2_direct,0.2777777777777778,46.66325439029915,6.959838720320501
4687,PANDIT,PF2_direct,0.1981981981981982,29.89206636757553,5.283478115082381
421,PANDIT,PF2_direct,0.146067415730337,23.713163907393927,3.6714393969184673
1325,PANDIT,PF2_direct,0.2235294117647059,17.829330199850872,4.2087880760245024
854,PANDIT,PF2_direct,0.25,13.39227066582079,2.720468112670132
149,PANDIT,PF2_direct,0.3584905660377358,22.36476056753766,3.791383877097774
2362,PANDIT,PF2_direct,0.048780487804878,6.743560688808916,1.62067160336757
2405,PANDIT,PF2_direct,0.2580645161290322,36.82404987654681,8.142034334322716
953,PANDIT,PF2_direct,0.5033112582781457,59.52610134289727,14.668594091032354
23,PANDIT,PF2_direct,0.3523809523809524,84.53552777326848,17.412521076959933
7322,PANDIT,PF2_direct,0.2857142857142857,61.6116283324525,11.39823327031326
2603,PANDIT,PF2_direct,0.0869565217391304,5.985093871170101,1.7523496935039342
633,PANDIT,PF2_direct,0.2627118644067797,40.77264808837121,5.856217975331753
3532,PANDIT,PF2_direct,0.2,27.76396739741673,6.11343812522018
153,PANDIT,PF2_direct,0.2598425196850393,27.40660150555712,3.403134021042702
76,PANDIT,PF2_direct,0.2236024844720497,53.34584835908464,8.95312049157273
1009,PANDIT,PF2_direct,0.0727272727272727,17.42680196965179,3.669983332978378
1202,PANDIT,PF2_direct,0.1717171717171717,25.673046362329146,8.119308507679376
3136,PANDIT,PF2_direct,0.327485380116959,79.11955032733442,10.395340028352525
556,PANDIT,PF2_direct,0.0,2.7756660883105697,0.7773233120159605
678,PANDIT,PF2_direct,0.1547619047619047,24.42417284655268,3.605490327426323
598,PANDIT,PF2_direct,0.217391304347826,24.1190776501365,4.737501292345659
2939,PANDIT,PF2_direct,0.2054794520547945,14.498121397253216,2.721293887992418
755,PANDIT,PF2_direct,0.3013698630136986,15.964669795778429,2.4206273875693385
131,PANDIT,PF2_direct,0.4625850340136054,40.60842155649354,5.575717831856272
6087,PANDIT,PF2_direct,0.2755102040816326,40.61215364591256,8.612060999414261
7274,PANDIT,PF2_direct,0.2155172413793103,35.497853599041804,6.111929307960678
1640,PANDIT,PF2_direct,0.0943396226415094,8.819700408945515,1.4782587239963525
220,PANDIT,PF2_direct,0.2637362637362637,16.035189381523494,2.314922565978049
1820,PANDIT,PF2_direct,0.3392857142857143,19.115154985868383,3.7469622903194666
1516,PANDIT,PF2_direct,0.1851851851851851,24.275957886077464,5.740948201134522
321,PANDIT,PF2_direct,0.0,3.1278864507014013,0.6660486071325813
316,PANDIT,PF2_direct,0.1304347826086956,10.618266866131426,1.8581388742547045
702,PANDIT,PF2_direct,0.2112676056338028,15.171934481251125,2.5772338800757533
168,PANDIT,PF2_direct,0.1428571428571428,17.581720805401766,4.009209344855364
1097,PANDIT,PF2_direct,0.1521739130434782,10.807154398618222,2.226026644376277
141,PANDIT,PF2_direct,0.1732283464566929,27.07374294401681,6.2645512493172495
204,PANDIT,PF2_direct,0.0806451612903225,8.259327333396705,1.403619531155948
2499,PANDIT,PF2_direct,0.1963190184049079,56.86300978389973,9.342140665372874
1300,PANDIT,PF2_direct,0.2960526315789473,48.47813058210139,7.48312374307323
194,PANDIT,PF2_direct,0.0263157894736842,6.315394974253175,1.134031204967529
1529,PANDIT,PF2_direct,0.3541666666666667,37.983554311781816,7.697817138903445
1604,PANDIT,PF2_direct,0.1549295774647887,11.566496958319547,1.9084494174851003
7320,PANDIT,PF2_direct,0.2596153846153846,34.48019719274842,8.564987489644505
6098,PANDIT,PF2_direct,0.4265734265734265,82.19348496779394,18.065553116323805
892,PANDIT,PF2_direct,0.1041666666666666,9.22722714257705,2.4187958919099355
2604,PANDIT,PF2_direct,0.3988095238095238,28.278500448725108,4.368730094744149
1084,PANDIT,PF2_direct,0.125,12.52347092093867,3.0718520615993308
7308,PANDIT,PF2_direct,0.3307692307692307,49.16991569887989,8.371047459651884
3670,PANDIT,PF2_direct,0.0833333333333333,11.539191107192202,2.5288759647219696
1367,PANDIT,PF2_direct,0.3578947368421052,46.00289405075288,8.06931760219184
327,PANDIT,PF2_direct,0.2619047619047619,19.62422880684855,3.847999627263457
7339,PANDIT,PF2_direct,0.0909090909090909,10.272765911919029,2.5641002286310286
474,PANDIT,PF2_direct,0.032258064516129,5.816163749013833,1.3085908967520907
67,PANDIT,PF2_direct,0.1372549019607843,8.597555077301262,2.143762763369008
869,PANDIT,PF2_direct,0.2941176470588235,27.859294175337958,4.57431782673743
559,PANDIT,PF2_direct,0.131578947368421,7.14288243436879,1.6614238443311289
1238,PANDIT,PF2_direct,0.064516129032258,7.081475969397128,3.1347132538844096
152,PANDIT,PF2_direct,0.1777777777777777,5.752650102418542,1.0674904714687985
996,PANDIT,PF2_direct,0.0588235294117647,9.079454890351531,2.348034290453384
5773,PANDIT,PF2_direct,0.2368421052631578,21.61582543345451,4.699035599794979
3777,PANDIT,PF2_direct,0.1693548387096774,26.76225207861847,5.516058904729525
283,PANDIT,PF2_direct,0.0744680851063829,7.946824043904887,1.3044516735761025
932,PANDIT,PF2_direct,0.0869565217391304,8.77147631839505,1.3446593629376598
2612,PANDIT,PF2_direct,0.3134328358208955,18.95810400330651,2.9736507332389444
1489,PANDIT,PF2_direct,0.4027777777777778,36.68410651884472,7.245679008486544
2668,PANDIT,PF2_direct,0.3707865168539326,16.368984263591848,4.386143356300694
508,PANDIT,PF2_direct,0.3146067415730337,33.36769632332987,4.869387363870305
325,PANDIT,PF2_direct,0.106060606060606,9.298549505230756,1.5172523916492622
256,PANDIT,PF2_direct,0.1851851851851851,13.017061015170247,2.605531637900226
1646,PANDIT,PF2_direct,0.2876712328767123,23.16254453981904,3.6993674829726135
541,PANDIT,PF2_direct,0.2037037037037037,6.0769060066408445,1.3851599215665364
460,PANDIT,PF2_direct,0.0120481927710843,5.990380842767596,1.3190923457079151
7575,PANDIT,PF2_direct,0.4026845637583892,53.7491502490894,9.933135560962551
4559,PANDIT,PF2_direct,0.1851851851851851,9.81034804126334,1.949385767891956
2686,PANDIT,PF2_direct,0.1555555555555555,6.426092399268359,1.2810054725200837
1479,PANDIT,PF2_direct,0.2765957446808511,10.815753810655298,1.764926743107651
2572,PANDIT,PF2_direct,0.2690058479532163,63.63638715056995,9.328153985733907
119,PANDIT,PF2_direct,0.099009900990099,12.073852796398809,1.8408312076089783
5038,PANDIT,PF2_direct,0.0597014925373134,6.227288694678231,1.2885129034412466
1663,PANDIT,PF2_direct,0.1166666666666666,18.285936107953784,4.339756114861623
285,PANDIT,PF2_direct,0.2821782178217821,86.87402152048912,13.120746265480628
2904,PANDIT,PF2_direct,0.3245614035087719,40.69129038988926,7.381576015156017
2162,PANDIT,PF2_direct,0.2837837837837837,16.861344927889075,4.126617150843279
6120,PANDIT,PF2_direct,0.0849056603773584,10.330714073658914,1.45177369423178
850,PANDIT,PF2_direct,0.0952380952380952,11.648991263288352,2.258647708183862
958,PANDIT,PF2_direct,0.0853658536585365,17.490315331979502,2.907930464355619
1020,PANDIT,PF2_direct,0.1842105263157894,19.029871952540216,3.049901520452102
7277,PANDIT,PF2_direct,0.3559322033898305,32.50756030842709,5.56857414677321
4109,PANDIT,PF2_direct,0.1081081081081081,7.588946914461575,1.2671795853113454
43,PANDIT,PF2_direct,0.4054054054054054,15.5938668744224,3.94189278683343
1055,PANDIT,PF2_direct,0.2125,20.84497759532941,4.456726286167934
2197,PANDIT,PF2_direct,0.3270440251572327,39.30394244628369,4.99435467671764
211,PANDIT,PF2_direct,0.1573033707865168,22.711326294890892,4.670727004412558
2301,PANDIT,PF2_direct,0.3333333333333333,41.16778833683179,8.657424407279072
1576,PANDIT,PF2_direct,0.1159420289855072,13.30129126244104,2.627911591456676
286,PANDIT,PF2_direct,0.1463414634146341,14.40644486329433,3.801417739215751
138,PANDIT,PF2_direct,0.5033333333333333,79.9945085938336,9.751701009806368
115,PANDIT,PF2_direct,0.1842105263157894,3.647557398476421,0.7438484283895495
1185,PANDIT,PF2_direct,0.1041666666666666,6.70228105641796,1.5537694852517177
428,PANDIT,PF2_direct,0.2372881355932203,21.20658880024701,4.800323057528894
4425,PANDIT,PF2_direct,0.109375,10.581914538062982,2.4039867985736354
894,PANDIT,PF2_direct,0.0697674418604651,5.939698607988895,1.1106916449871462
2715,PANDIT,PF2_direct,0.0851063829787234,16.964817114610945,6.553304963985716
4954,PANDIT,PF2_direct,0.431578947368421,29.94593358798864,4.255361449476822
1954,PANDIT,PF2_direct,0.2755905511811024,22.481385347073516,3.0784656267810173
3351,PANDIT,PF2_direct,0.0416666666666666,10.533045018205254,2.484819958001184
7261,PANDIT,PF2_direct,0.430327868852459,126.65360752496146,16.513490823192615
7446,PANDIT,PF2_direct,0.1526717557251908,16.394803597187327,3.1163632832581443
822,PANDIT,PF2_direct,0.4857142857142857,41.26801587105338,5.142663381379105
3328,PANDIT,PF2_direct,0.1379310344827586,18.580764991499148,2.369779799080625
7294,PANDIT,PF2_direct,0.0845070422535211,12.168198210852738,2.109609609417714
1283,PANDIT,PF2_direct,0.1707317073170731,7.0447757406821845,2.982568673792742
1469,PANDIT,PF2_direct,0.1333333333333333,9.961293396603866,1.5847983149381142
6110,PANDIT,PF2_direct,0.2631578947368421,23.027805224972607,5.10143826529345
1029,PANDIT,PF2_direct,0.1368421052631579,10.664853154870409,1.6356611697749803
1393,PANDIT,PF2_direct,0.0476190476190476,10.298415544453697,2.125487927314152
1749,PANDIT,PF2_direct,0.3916083916083916,98.30988712914946,20.713880842445647
7325,PANDIT,PF2_direct,0.2363636363636363,15.020326290477628,2.1830665479838127
117,PANDIT,PF2_direct,0.3398058252427184,19.299792078107853,3.6910587171203817
1853,PANDIT,PF2_direct,0.0169491525423728,7.742006993230401,2.5698704687149228
87,PANDIT,PF2_direct,0.2054794520547945,23.61009086581564,6.369423124052858
114,PANDIT,PF2_direct,0.2686567164179104,37.90044456875892,9.729166782596211
1346,PANDIT,PF2_direct,0.4301075268817204,34.04230559882537,7.007275224776532
2454,PANDIT,PF2_direct,0.4178082191780822,22.701955576358312,3.068133699824454
1697,PANDIT,PF2_direct,0.1794871794871795,12.652187409337229,1.993485874187564
400,PANDIT,PF2_direct,0.1363636363636363,6.726926613146885,1.3920165173920536
3466,PANDIT,PF2_direct,0.0701754385964912,9.244053294744106,1.7416111458530334
4170,PANDIT,PF2_direct,0.1320754716981132,14.542954343607724,2.7251777223786178
263,PANDIT,PF2_direct,0.3737373737373737,53.76504484108489,7.435344401498062
4037,PANDIT,PF2_direct,0.131578947368421,15.674199631972714,2.650337437733848
248,PANDIT,PF2_direct,0.3867403314917127,39.26490181571681,4.959663090736654
106,PANDIT,PF2_direct,0.3373493975903614,33.73427039726202,5.09210080843663
65,PANDIT,PF2_direct,0.0625,9.11826195236486,1.962994540275768
90,PANDIT,PF2_direct,0.2083333333333333,39.21905800735057,5.66438837871464
659,PANDIT,PF2_direct,0.1111111111111111,10.949154920486375,2.5365919117350075
1552,PANDIT,PF2_direct,0.48,269.6462130922608,39.23465544453364
600,PANDIT,PF2_direct,0.2567567567567567,16.313925275991856,3.1746184101314223
2524,PANDIT,PF2_direct,0.0263157894736842,3.729707465332284,0.6684427188392202
1327,PANDIT,PF2_direct,0.0684931506849315,6.6218810264067525,1.4967349347357182
2508,PANDIT,PF2_direct,0.2195121951219512,22.70089815749749,2.669987123173948
7324,PANDIT,PF2_direct,0.1379310344827586,9.368226888883786,1.941308568143047
187,PANDIT,PF2_direct,0.4663677130044843,84.41649560781411,10.34606393690303
1404,PANDIT,PF2_direct,0.320754716981132,26.69739708265356,3.357460009891307
1053,PANDIT,PF2_direct,0.056338028169014,10.529885905245568,1.8618753880499443
1147,PANDIT,PF2_direct,0.0927835051546391,13.071709753924594,2.610507489649006
125,PANDIT,PF2_direct,0.0784313725490196,7.658847590011165,1.4948159377838346
60,PANDIT,PF2_direct,0.2532467532467532,30.467187941333464,3.980962792947724
3198,PANDIT,PF2_direct,0.0384615384615384,5.748130729552864,1.3400638148652193
1470,PANDIT,PF2_direct,0.6549865229110512,80.47099700000003,6.5051944420476016
101,PANDIT,PF2_direct,0.3260869565217391,50.18833454823065,7.542388650227142
206,PANDIT,PF2_direct,0.2717391304347826,15.607089430769186,2.8283540687717568
2381,PANDIT,PF2_direct,0.3195876288659793,16.99799527794968,2.146789386730392
3249,PANDIT,PF2_direct,0.0869565217391304,3.679726042926803,0.7766764779773799
7576,PANDIT,PF2_direct,0.1037735849056603,10.753957870147405,1.7840861754209454
2402,PANDIT,PF2_direct,0.1666666666666666,9.551071823158557,2.006711637237369
2658,PANDIT,PF2_direct,0.1034482758620689,5.639820811432839,0.9175681116467458
1669,PANDIT,PF2_direct,0.2258064516129032,13.80479100857684,2.7757304867094224
2583,PANDIT,PF2_direct,0.2375,15.4877061975525,2.712796716762363
4696,PANDIT,PF2_direct,0.2112676056338028,4.196467483012437,1.3542499185478545
132,PANDIT,PF2_direct,0.0317460317460317,13.530562553464966,1.758781244405632
925,PANDIT,PF2_direct,0.4222222222222222,36.67334261727186,7.030071329113181
0,PANDIT,PF2_direct,0.1639344262295081,8.627092996192813,1.5705232681875625
1138,PANDIT,PF2_direct,0.3576642335766423,27.04065125863239,4.369979050633178
6925,PANDIT,PF2_direct,0.1578947368421052,16.180054393111348,4.502673046297173
7305,PANDIT,PF2_direct,0.0592105263157894,17.826181770177598,2.472127094550738
1609,PANDIT,PF2_direct,0.2834645669291338,40.60276196875356,5.499713339399161
2627,PANDIT,PF2_direct,0.4235294117647059,49.79323329570183,10.4968184865715
1184,PANDIT,PF2_direct,0.3125,46.66382122165576,6.997208131128046
1735,PANDIT,PF2_direct,0.12,6.749935583544164,1.149050479543872
2300,PANDIT,PF2_direct,0.2325581395348837,28.928786466585827,5.908727138182733
1733,PANDIT,PF2_direct,0.3148148148148148,64.03770487477132,12.451412742000224
465,PANDIT,PF2_direct,0.1451612903225806,10.191358170549572,2.6114066344092577
868,PANDIT,PF2_direct,0.125,9.903911683030424,1.4684741421054186
477,PANDIT,PF2_direct,0.0512820512820512,7.822753868583645,1.4907987489045444
629,PANDIT,PF2_direct,0.2929292929292929,13.900360584658404,2.055247439700428
501,PANDIT,PF2_direct,0.0444444444444444,3.0655651842574776,0.7426016912543645
4704,PANDIT,PF2_direct,0.4074074074074074,36.056245903744966,7.457296213589627
630,PANDIT,PF2_direct,0.3958333333333333,41.23291748364737,11.323422986264108
241,PANDIT,PF2_direct,0.1838235294117647,36.00752558354324,8.384522522684453
7115,PANDIT,PF2_direct,0.1641791044776119,2.8804992740443938,0.5279442876278926
4615,PANDIT,PF2_direct,0.0656934306569343,30.09998708791872,5.387245284862066
40,PANDIT,PF2_direct,0.5619047619047619,30.73769685058209,4.912727962954466
1063,PANDIT,PF2_direct,0.1979166666666666,10.790806361396408,1.6215907242773988
1694,PANDIT,PF2_direct,0.044776119402985,7.250586832698344,1.6345898056828516
2400,PANDIT,PF2_direct,0.2962962962962963,16.61578974519579,2.9943630785351134
2077,PANDIT,PF2_direct,0.2907801418439716,40.624420544488125,6.80904768832018
634,PANDIT,PF2_direct,0.1363636363636363,13.392479745195756,2.3793005322669103
430,PANDIT,PF2_direct,0.0461538461538461,5.012707849745091,0.8391829872787172
4128,PANDIT,PF2_direct,0.4137931034482758,58.33539496317783,10.262196284805931
3687,PANDIT,PF2_direct,0.4766355140186916,40.03319547469996,11.075904447012926
222,PANDIT,PF2_direct,0.4065934065934066,46.900410030915566,6.615294184038116
3129,PANDIT,PF2_direct,0.233009708737864,35.28710371335556,7.115214443310929
2064,PANDIT,PF2_direct,0.3534136546184739,159.1706834145682,24.33693900062516
3683,PANDIT,PF2_direct,0.1515151515151515,6.745482157130338,1.2354128316357595
307,PANDIT,PF2_direct,0.0759493670886076,17.50032178588031,3.161077391665086
443,PANDIT,PF2_direct,0.064516129032258,10.555156188271477,2.649842577980653
884,PANDIT,PF2_direct,0.0625,3.3409600639656816,0.8313722195713178
438,PANDIT,PF2_direct,0.1627906976744186,12.869850787646351,3.421431442136808
2213,PANDIT,PF2_direct,0.2295081967213114,19.95337500216082,4.958798934482343
1570,PANDIT,PF2_direct,0.1818181818181818,21.29846395803813,5.267214792828599
1808,PANDIT,PF2_direct,0.1,11.920939997702003,1.6428426508861294
435,PANDIT,PF2_direct,0.0843373493975903,10.265450078172169,1.846695650055576
1329,PANDIT,PF2_direct,0.0919540229885057,15.90513142877987,2.6021179589588925
5363,PANDIT,PF2_direct,0.2359550561797752,178.65784426512545,121.79216496214366
200,PANDIT,PF2_direct,0.1451612903225806,15.19224302096034,3.574609333439658
7193,PANDIT,PF2_direct,0.2676056338028169,30.54263778509316,7.732661408469442
3933,PANDIT,PF2_direct,0.3020833333333333,28.68203247145202,6.42808383397752
6998,PANDIT,PF2_direct,0.1041666666666666,5.394522630324736,1.1638915325723107
1863,PANDIT,PF2_direct,0.1129032258064516,10.593444849776386,2.261876952496304
2647,PANDIT,PF2_direct,0.3663366336633663,23.123054944591285,5.831323018531783
4147,PANDIT,PF2_direct,0.1265822784810126,15.153487497891229,2.39013155678066
610,PANDIT,PF2_direct,0.0833333333333333,12.301687840748908,3.4667567984107093
382,PANDIT,PF2_direct,0.1142857142857142,8.507827311037659,1.88488877014962
976,PANDIT,PF2_direct,0.0784313725490196,3.922154228171974,0.7164933892932113
99,PANDIT,PF2_direct,0.1583333333333333,22.583960452933827,3.540500136354757
663,PANDIT,PF2_direct,0.3382352941176471,18.139661157738644,3.115796243089492
379,PANDIT,PF2_direct,0.160919540229885,12.17505050010322,1.8604915699080085
938,PANDIT,PF2_direct,0.2986111111111111,21.092888575108617,4.817593738040974
104,PANDIT,PF2_direct,0.3271028037383177,35.877835798577244,10.195091683895113
1302,PANDIT,PF2_direct,0.1844660194174757,22.12052634313902,3.853775937239962
176,PANDIT,PF2_direct,0.2222222222222222,8.736059079652087,1.478162914579098
92,PANDIT,PF2_direct,0.1666666666666666,9.597982541885866,1.58771856430329
80,PANDIT,PF2_direct,0.1666666666666666,6.11594811282406,1.374625599967047
1372,PANDIT,PF2_direct,0.0714285714285714,8.97191917584695,1.5706295176671947
566,PANDIT,PF2_direct,0.2520325203252032,34.2485227496112,5.863657253823392
1688,PANDIT,PF2_direct,0.0196078431372549,8.812823042253498,1.990774590828856
553,PANDIT,PF2_direct,0.1529411764705882,8.346337648914263,1.8943871533231296
2037,PANDIT,PF2_direct,0.1020408163265306,6.436439555284292,1.4796094787641196
2840,PANDIT,PF2_direct,0.064516129032258,7.922272117238043,3.568044954119982
2407,PANDIT,PF2_direct,0.373134328358209,47.10102824016319,6.447773216500004
2874,PANDIT,PF2_direct,0.3846153846153846,16.79924239241258,2.9735631912531897
514,PANDIT,PF2_direct,0.3466666666666667,36.24799480806446,9.315629226693389
469,PANDIT,PF2_direct,0.0849056603773584,13.588916229616212,2.202743395113928
4483,PANDIT,PF2_direct,0.3846153846153846,16.14858734792061,2.7985851677773312
1446,PANDIT,PF2_direct,0.2616822429906542,14.210965514106372,1.9726921513691469
89,PANDIT,PF2_direct,0.3577235772357723,14.971068594557629,3.407795468551351
8,PANDIT,PF2_direct,0.4063926940639269,57.61338449229719,8.12536698411839
1094,PANDIT,PF2_direct,0.0789473684210526,14.61999808517804,3.2151519602134555
1851,PANDIT,PF2_direct,0.2767295597484276,59.25622230600485,10.38544980901376
513,PANDIT,PF2_direct,0.5486725663716814,161.86442081020795,34.21171311304761
2022,PANDIT,PF2_direct,0.1388888888888889,21.717868638628133,4.303882868089116
6060,PANDIT,PF2_direct,0.0983606557377049,2.3105853436465296,0.3682684820384734
614,PANDIT,PF2_direct,0.3662790697674418,56.10811257878192,7.904712231646386
2917,PANDIT,PF2_direct,0.3571428571428571,19.51543169311289,6.507977957715883
2466,PANDIT,PF2_direct,0.3061224489795918,13.773139259067053,2.2741161434242723
856,PANDIT,PF2_direct,0.0952380952380952,7.314085866879752,1.530302232333561
2784,PANDIT,PF2_direct,0.1976744186046511,15.843677427438529,2.797976549147026
905,PANDIT,PF2_direct,0.031578947368421,11.524648289475005,3.158639288819483
5422,PANDIT,PF2_direct,0.2307692307692307,23.153405277568087,3.933404487428751
2538,PANDIT,PF2_direct,0.0674157303370786,9.685109667785266,1.512263635250766
2714,PANDIT,PF2_direct,0.1071428571428571,15.3132924588383,2.670781990579873
2839,PANDIT,PF2_direct,0.0444444444444444,14.144051054336783,2.808701612921656
109,PANDIT,PF2_direct,0.2767295597484276,22.109463909010287,3.557521998511982
751,PANDIT,PF2_direct,0.2461538461538461,26.47386497459461,5.066067739146948
1477,PANDIT,PF2_direct,0.3035714285714285,19.408675277224244,3.6187576369422656
2482,PANDIT,PF2_direct,0.1309523809523809,6.768098628023921,1.260709053021286
2321,PANDIT,PF2_direct,0.1475409836065573,9.254939281034888,2.977563479085971
280,PANDIT,PF2_direct,0.383399209486166,122.95468941531584,21.41301388467969
2556,PANDIT,PF2_direct,0.2131147540983606,9.147556631397082,1.677148663881446
654,PANDIT,PF2_direct,0.0,6.254691840238749,1.705242053377059
1607,PANDIT,PF2_direct,0.087719298245614,13.642801251253308,2.741676794659341
3246,PANDIT,PF2_direct,0.086021505376344,11.2416149666447,2.3410104997230774
301,PANDIT,PF2_direct,0.0350877192982456,9.578011485502218,2.9842955335540453
877,PANDIT,PF2_direct,0.2213740458015267,14.873708050897111,2.059345550075592
7278,PANDIT,PF2_direct,0.2513966480446927,47.59749301518837,6.485797388381861
3550,PANDIT,window-site+weighted,0.1551724137931034,3.8947062422,0.671791054642918
1409,PANDIT,window-site+weighted,0.1875,8.4763922429,1.3804442216193558
705,PANDIT,window-site+weighted,0.1078431372549019,8.528445723299999,1.1252131320502738
523,PANDIT,window-site+weighted,0.3695652173913043,10.058892027900002,1.9165440939107348
2637,PANDIT,window-site+weighted,0.1573033707865168,11.143214959100002,2.524777302544184
7552,PANDIT,window-site+weighted,0.025,4.414061196400001,0.905933897112333
2301,PANDIT,window-site+weighted,0.5203252032520326,54.58480248139999,8.99159315628163
3511,PANDIT,window-site+weighted,0.1428571428571428,7.041437415099999,1.1250384844980068
381,PANDIT,window-site+weighted,0.0892857142857142,2.0269689737000007,0.3604681601989556
1576,PANDIT,window-site+weighted,0.0579710144927536,4.922724882200002,0.7472322547215252
4,PANDIT,window-site+weighted,0.2580645161290322,7.587204668700002,1.2778697447183605
1728,PANDIT,window-site+weighted,0.4954954954954955,27.0276218145,4.9597570906354544
428,PANDIT,window-site+weighted,0.2033898305084746,11.236211902600004,3.0084375676439423
81,PANDIT,window-site+weighted,0.0869565217391304,3.63726183,0.7490461218220775
59,PANDIT,window-site+weighted,0.0208333333333333,3.754004283099999,0.7719979145658888
4425,PANDIT,window-site+weighted,0.109375,5.893630094699999,0.886737566900662
894,PANDIT,window-site+weighted,0.0697674418604651,5.0598735786,1.2556512307915613
1666,PANDIT,window-site+weighted,0.0535714285714285,5.519186147299999,0.7083668933362202
2715,PANDIT,window-site+weighted,0.1063829787234042,6.7747558192,1.82819355496898
3328,PANDIT,window-site+weighted,0.2206896551724138,16.207941802299995,1.939078541869714
1283,PANDIT,window-site+weighted,0.1707317073170731,3.3904957426,0.8883962982029779
5,PANDIT,window-site+weighted,0.3636363636363636,58.12994170899998,12.353073557340933
6110,PANDIT,window-site+weighted,0.2736842105263158,14.430687143500002,2.1242961775154243
2253,PANDIT,window-site+weighted,0.1228070175438596,8.417188769399997,1.3254495666151151
1393,PANDIT,window-site+weighted,0.0317460317460317,8.3202691889,1.4934675576173395
1426,PANDIT,window-site+weighted,0.1343283582089552,5.872556661499999,0.990863981456558
229,PANDIT,window-site+weighted,0.5380710659898477,66.80084846730006,8.694174106880554
117,PANDIT,window-site+weighted,0.3398058252427184,22.308912837900003,6.40077765234717
1124,PANDIT,window-site+weighted,0.1538461538461538,7.151365995500004,1.2991760400526766
1525,PANDIT,window-site+weighted,0.2598425196850393,21.120073955,3.5555571957169385
252,PANDIT,window-site+weighted,0.1978021978021978,23.324990881599987,4.529739748594695
114,PANDIT,window-site+weighted,0.1865671641791045,21.13223647350001,3.822816282450842
2664,PANDIT,window-site+weighted,0.4022988505747126,23.432627641399996,4.550432347854799
318,PANDIT,window-site+weighted,0.2277227722772277,20.64707278700001,2.764526544817808
1346,PANDIT,window-site+weighted,0.4516129032258064,50.25628134470002,13.530657444321838
1802,PANDIT,window-site+weighted,0.3697478991596639,23.27488820129999,2.5277777496627176
1697,PANDIT,window-site+weighted,0.1794871794871795,9.438009584500008,1.4330251608686744
1203,PANDIT,window-site+weighted,0.0428571428571428,4.462878700600002,0.7359816623861987
4320,PANDIT,window-site+weighted,0.2358490566037736,17.274901973900004,3.54295385282225
1796,PANDIT,window-site+weighted,0.2328767123287671,10.566858988500002,1.5891539043222245
7276,PANDIT,window-site+weighted,0.1379310344827586,9.1969486862,1.374114304220664
133,PANDIT,window-site+weighted,0.0547945205479452,10.332842685499996,2.637576564627385
500,PANDIT,window-site+weighted,0.6759259259259259,291.9609563422997,27.0174795283255
1026,PANDIT,window-site+weighted,0.0408163265306122,3.0208438739000014,0.6483705860924119
2236,PANDIT,window-site+weighted,0.2717391304347826,10.262644724600005,1.438472722894249
6583,PANDIT,window-site+weighted,0.1632653061224489,10.106701629400003,1.4341467226757365
2582,PANDIT,window-site+weighted,0.415929203539823,60.10694939239996,15.236738472757908
865,PANDIT,window-site+weighted,0.1847826086956521,7.243556044199999,0.9504505714275722
7269,PANDIT,window-site+weighted,0.0363636363636363,2.7074571037000004,0.4696435716056193
1657,PANDIT,window-site+weighted,0.3189655172413793,52.0368816638,9.80431869293992
7272,PANDIT,window-site+weighted,0.238095238095238,16.924916873199997,2.528140385073354
1380,PANDIT,window-site+weighted,0.5238095238095238,30.4712605724,8.130338636481596
1355,PANDIT,window-site+weighted,0.0232558139534883,2.2391136904999995,0.5536336462400685
7563,PANDIT,window-site+weighted,0.1518987341772152,10.163011142600004,1.742486051210654
1167,PANDIT,window-site+weighted,0.2068965517241379,12.440314126900004,2.245693617910669
2765,PANDIT,window-site+weighted,0.2805755395683453,23.4324098116,3.5255634119777226
670,PANDIT,window-site+weighted,0.1047619047619047,10.2054220612,1.340725344557118
3241,PANDIT,window-site+weighted,0.4571428571428571,42.886203967,8.715185247262609
881,PANDIT,window-site+weighted,0.1343283582089552,12.001822819200004,2.0595215593043994
2963,PANDIT,window-site+weighted,0.1111111111111111,5.215511845499999,1.0277847989376554
540,PANDIT,window-site+weighted,0.3043478260869565,10.422434053100002,1.943191161568797
5070,PANDIT,window-site+weighted,0.078125,5.2195537367,0.8257522492835109
7318,PANDIT,window-site+weighted,0.0099009900990099,4.589227815599998,0.6077716219465571
73,PANDIT,window-site+weighted,0.203125,10.129599917499997,1.7128420091644885
2541,PANDIT,window-site+weighted,0.1486486486486486,3.408226281699998,0.5234421705023179
1156,PANDIT,window-site+weighted,0.1372549019607843,2.4439910784,0.5467125763417809
340,PANDIT,window-site+weighted,0.3703703703703703,25.664030808000003,5.946005828389519
2943,PANDIT,window-site+weighted,0.3194444444444444,49.35585962530001,10.005162527942982
7315,PANDIT,window-site+weighted,0.3776223776223776,50.20930809850001,11.106438108233135
1325,PANDIT,window-site+weighted,0.2235294117647059,10.682423255600003,1.4794907954407268
769,PANDIT,window-site+weighted,0.3,15.566259190300007,1.9211275035545343
953,PANDIT,window-site+weighted,0.4900662251655629,32.33912053519998,5.1466951950163
2405,PANDIT,window-site+weighted,0.2795698924731182,18.9146427832,3.148784116097153
1116,PANDIT,window-site+weighted,0.0491803278688524,5.5317180688,1.236022971316496
1552,PANDIT,window-site+weighted,0.4581818181818182,93.15343509609995,11.10038427307808
4687,PANDIT,window-site+weighted,0.2342342342342342,20.54542996849999,3.3460481130410584
2508,PANDIT,window-site+weighted,0.073170731707317,18.556300065899997,2.311570765107928
633,PANDIT,window-site+weighted,0.2627118644067797,27.14380805329999,4.246975038864384
3532,PANDIT,window-site+weighted,0.1733333333333333,15.263896163999997,2.47744478343502
76,PANDIT,window-site+weighted,0.3105590062111801,45.54050685589998,8.206044189902817
149,PANDIT,window-site+weighted,0.3018867924528302,23.261912571899995,5.866681209166948
2362,PANDIT,window-site+weighted,0.048780487804878,5.5664338436,1.1558653792309213
1202,PANDIT,window-site+weighted,0.2323232323232323,14.812220240899991,2.935477371548348
23,PANDIT,window-site+weighted,0.3904761904761905,23.2555543199,3.0052285783872072
2603,PANDIT,window-site+weighted,0.0869565217391304,4.5508964343,1.268358606508935
598,PANDIT,window-site+weighted,0.1413043478260869,7.650691639599995,1.0712433132968209
2939,PANDIT,window-site+weighted,0.1917808219178082,11.4699059486,2.087360184626721
678,PANDIT,window-site+weighted,0.125,15.160712594499996,1.9545390796715565
755,PANDIT,window-site+weighted,0.3287671232876712,12.85078830279999,1.7723916117036316
6087,PANDIT,window-site+weighted,0.3163265306122449,20.8469948633,3.4277952317024303
1640,PANDIT,window-site+weighted,0.1132075471698113,8.2410209853,1.5165046954420207
1820,PANDIT,window-site+weighted,0.3392857142857143,13.234528863899998,2.5499313961955514
321,PANDIT,window-site+weighted,0.0,2.174878218,0.5843706581202346
101,PANDIT,window-site+weighted,0.3858695652173913,50.05101868170004,6.822501518735608
1516,PANDIT,window-site+weighted,0.1851851851851851,10.489877403399996,1.3306311425047692
2402,PANDIT,window-site+weighted,0.0777777777777777,4.8443545774,0.7003784988853493
3136,PANDIT,window-site+weighted,0.2865497076023391,67.6512184105,14.423182845017038
556,PANDIT,window-site+weighted,0.0,1.3241699205,0.3123586973053081
702,PANDIT,window-site+weighted,0.1549295774647887,8.417269158099996,1.337822836053052
2499,PANDIT,window-site+weighted,0.2024539877300613,30.80836993040003,4.291937528752285
7274,PANDIT,window-site+weighted,0.2241379310344827,20.024223879799997,2.5823564246156803
1138,PANDIT,window-site+weighted,0.3722627737226277,21.175929136800008,3.340179115229771
1300,PANDIT,window-site+weighted,0.2960526315789473,43.67506556050003,10.34041883112108
6925,PANDIT,window-site+weighted,0.1052631578947368,5.0778838543,0.8450796523323635
1529,PANDIT,window-site+weighted,0.3541666666666667,21.20413379619999,3.476583632383859
316,PANDIT,window-site+weighted,0.144927536231884,7.9663754564000016,1.5486677654849377
1604,PANDIT,window-site+weighted,0.1690140845070422,8.484708843199998,1.262087359597447
141,PANDIT,window-site+weighted,0.1259842519685039,9.056073308099997,1.2777223823964912
6098,PANDIT,window-site+weighted,0.4125874125874126,34.240364747100024,6.075137893094381
1184,PANDIT,window-site+weighted,0.3541666666666667,44.84532286390001,9.310638160476206
7308,PANDIT,window-site+weighted,0.3615384615384615,28.28262815119999,3.473437322489321
892,PANDIT,window-site+weighted,0.125,5.015575654300002,1.2090502326775316
465,PANDIT,window-site+weighted,0.1612903225806451,6.238844333399999,1.2426867775791912
869,PANDIT,window-site+weighted,0.2352941176470588,17.592783432599997,2.3341773979826166
477,PANDIT,window-site+weighted,0.1666666666666666,9.502664047499998,1.637729643658126
1367,PANDIT,window-site+weighted,0.4105263157894737,22.5820467973,2.6794291703670505
5773,PANDIT,window-site+weighted,0.2236842105263158,15.006915208099992,2.149128744069185
283,PANDIT,window-site+weighted,0.0531914893617021,5.287185716099997,0.8379706880604275
2604,PANDIT,window-site+weighted,0.4404761904761904,40.90178836189998,7.949681740449852
4615,PANDIT,window-site+weighted,0.1167883211678832,18.136725263599995,3.056339727157471
2668,PANDIT,window-site+weighted,0.3932584269662921,8.5073725856,1.2482763212174126
3670,PANDIT,window-site+weighted,0.0833333333333333,9.527077525699994,2.784433075077166
474,PANDIT,window-site+weighted,0.032258064516129,2.728330134700001,0.5179655497930342
1489,PANDIT,window-site+weighted,0.3888888888888889,34.764518568099994,5.6350094667597865
1646,PANDIT,window-site+weighted,0.3835616438356164,23.345995243000008,3.9973477394164783
67,PANDIT,window-site+weighted,0.1372549019607843,3.790065463899998,0.7326303953018275
559,PANDIT,window-site+weighted,0.2105263157894736,5.657653270599999,1.1754894634824729
541,PANDIT,window-site+weighted,0.2037037037037037,3.6708210891,0.7561578768810536
1238,PANDIT,window-site+weighted,0.064516129032258,1.7852634885999996,0.5286649829758028
325,PANDIT,window-site+weighted,0.106060606060606,7.003788346400001,1.0850649820858684
152,PANDIT,window-site+weighted,0.0666666666666666,2.7313147558,0.5474648167287635
1063,PANDIT,window-site+weighted,0.21875,8.9360474335,1.194177090605722
256,PANDIT,window-site+weighted,0.3333333333333333,13.550977737500002,2.3086281418847627
996,PANDIT,window-site+weighted,0.0588235294117647,7.227360509499997,1.4844129804425752
2400,PANDIT,window-site+weighted,0.1358024691358024,7.935418653200001,1.188437023660348
932,PANDIT,window-site+weighted,0.0956521739130434,6.607178400100006,0.9655036596209688
2572,PANDIT,window-site+weighted,0.2280701754385964,35.70221654039998,6.667115222498468
5038,PANDIT,window-site+weighted,0.0597014925373134,2.8461589267,0.454896600016567
1663,PANDIT,window-site+weighted,0.1,13.510538509299996,2.947145793187818
7575,PANDIT,window-site+weighted,0.3825503355704698,33.8596604032,5.067292994387725
222,PANDIT,window-site+weighted,0.456043956043956,68.02277867040003,9.934208165330134
4559,PANDIT,window-site+weighted,0.1666666666666666,6.300337241599998,1.2595420168255167
2686,PANDIT,window-site+weighted,0.1333333333333333,4.5635946851,1.06327945173866
3683,PANDIT,window-site+weighted,0.1212121212121212,2.9936249177000005,0.4821844696778128
1479,PANDIT,window-site+weighted,0.2553191489361702,8.8771631623,1.50714260277806
6120,PANDIT,window-site+weighted,0.0943396226415094,6.2298942021,0.9430532322479064
443,PANDIT,window-site+weighted,0.064516129032258,5.457155168000001,0.9599090054406144
850,PANDIT,window-site+weighted,0.1111111111111111,8.2215050979,1.716979861811582
1570,PANDIT,window-site+weighted,0.0649350649350649,7.556518685999999,1.297128559193227
119,PANDIT,window-site+weighted,0.0792079207920792,7.131159440199997,1.0839459429046556
1329,PANDIT,window-site+weighted,0.0459770114942528,11.6442362993,1.7184969644161716
7193,PANDIT,window-site+weighted,0.1971830985915492,14.037914916299998,3.1439605354518587
6998,PANDIT,window-site+weighted,0.0416666666666666,4.1875829032,1.1364387841928605
2904,PANDIT,window-site+weighted,0.3596491228070175,28.26737590070001,4.029473856268745
99,PANDIT,window-site+weighted,0.2916666666666667,15.108326966100002,2.2459170053990927
7277,PANDIT,window-site+weighted,0.3305084745762712,21.28955616029998,3.65574440200221
4109,PANDIT,window-site+weighted,0.1081081081081081,5.199636892000001,0.7327197749950151
104,PANDIT,window-site+weighted,0.2803738317757009,15.248402402899991,1.856863449714474
566,PANDIT,window-site+weighted,0.2845528455284553,52.72730176909997,11.034837418835933
2197,PANDIT,window-site+weighted,0.4213836477987421,64.5587395307,11.48785079235029
379,PANDIT,window-site+weighted,0.2413793103448276,19.404164573700008,3.920890301127226
211,PANDIT,window-site+weighted,0.1573033707865168,12.3675383617,3.271704877059187
7261,PANDIT,window-site+weighted,0.5,127.98237984339993,16.127072155111783
286,PANDIT,window-site+weighted,0.1097560975609756,6.652777218099998,1.138583675745113
115,PANDIT,window-site+weighted,0.1842105263157894,2.6623644614999997,0.5336799019264364
7294,PANDIT,window-site+weighted,0.0704225352112676,6.431443388899999,1.068909203748375
1185,PANDIT,window-site+weighted,0.0833333333333333,2.6659056928,0.4830112830878127
4954,PANDIT,window-site+weighted,0.4105263157894737,21.30211224860001,3.583410758747216
138,PANDIT,window-site+weighted,0.51,82.53340722099996,12.266934196291194
1029,PANDIT,window-site+weighted,0.4,40.136468039299984,8.766606058561774
7325,PANDIT,window-site+weighted,0.2545454545454545,11.8574159301,1.836498698340805
1954,PANDIT,window-site+weighted,0.2992125984251969,28.28535422500001,5.422783994151101
7446,PANDIT,window-site+weighted,0.1755725190839694,10.776693578599998,1.2289689499077396
3351,PANDIT,window-site+weighted,0.0416666666666666,7.555288069200001,1.6689863674345158
1469,PANDIT,window-site+weighted,0.1466666666666666,7.952725413999997,1.2474205931378926
822,PANDIT,window-site+weighted,0.4,36.647769711,5.355876495330004
2454,PANDIT,window-site+weighted,0.3767123287671233,32.37427495249999,7.605288266301025
8,PANDIT,window-site+weighted,0.3561643835616438,54.535782234500005,8.230613555373038
1749,PANDIT,window-site+weighted,0.3076923076923077,29.50708445550001,3.089762398304079
400,PANDIT,window-site+weighted,0.1818181818181818,6.2450807044,1.0232289797102236
1094,PANDIT,window-site+weighted,0.0789473684210526,8.9691428396,1.7697878327581926
1853,PANDIT,window-site+weighted,0.0169491525423728,5.175455105100001,1.2549814654525495
3466,PANDIT,window-site+weighted,0.0701754385964912,7.5846381431,1.5454211609351625
1688,PANDIT,window-site+weighted,0.0196078431372549,4.279805813499998,0.8568689005065263
2037,PANDIT,window-site+weighted,0.0408163265306122,3.3950048684,0.6614081163510112
2840,PANDIT,window-site+weighted,0.064516129032258,2.218173124,0.6608442146250519
87,PANDIT,window-site+weighted,0.1917808219178082,7.608723284199997,1.3243199469117262
4170,PANDIT,window-site+weighted,0.1037735849056603,8.779302454000002,1.15951983633304
630,PANDIT,window-site+weighted,0.3333333333333333,14.172446278300004,1.6842793857457492
248,PANDIT,window-site+weighted,0.425414364640884,50.89524697190002,7.233184094651764
263,PANDIT,window-site+weighted,0.308080808080808,47.44074202949999,6.734113712501675
4037,PANDIT,window-site+weighted,0.1184210526315789,8.348888663699999,1.194180640728851
2064,PANDIT,window-site+weighted,0.3654618473895582,60.45119835429996,5.284119215951259
90,PANDIT,window-site+weighted,0.21875,31.21736749,4.794562058164079
659,PANDIT,window-site+weighted,0.1111111111111111,5.5685791164,1.1308866535449824
106,PANDIT,window-site+weighted,0.3132530120481928,44.36373704490004,9.71450964392984
65,PANDIT,window-site+weighted,0.0625,4.139135400399999,0.9786668603437544
1808,PANDIT,window-site+weighted,0.0818181818181818,7.762444925399996,0.9982661340566016
600,PANDIT,window-site+weighted,0.2432432432432432,12.570476861200005,1.887736123159997
2524,PANDIT,window-site+weighted,0.0263157894736842,2.6556384567,0.476515639269859
3933,PANDIT,window-site+weighted,0.2395833333333333,9.800073493299996,1.3530201608073638
1327,PANDIT,window-site+weighted,0.0684931506849315,4.292288302799998,0.757277664414125
7324,PANDIT,window-site+weighted,0.0689655172413793,3.8555538876,0.739850188552612
1404,PANDIT,window-site+weighted,0.3490566037735849,26.7233857654,3.50522867001866
938,PANDIT,window-site+weighted,0.3194444444444444,18.119732312200007,3.2910042195195683
1053,PANDIT,window-site+weighted,0.0704225352112676,7.427611640900001,1.2585332172990582
176,PANDIT,window-site+weighted,0.2083333333333333,7.660245045099998,1.3372270477760058
1147,PANDIT,window-site+weighted,0.1546391752577319,7.740026998999999,1.1067779970952814
125,PANDIT,window-site+weighted,0.0784313725490196,5.2160191209,1.1203464914073331
206,PANDIT,window-site+weighted,0.2391304347826087,8.851267620899998,1.304861512818153
2407,PANDIT,window-site+weighted,0.417910447761194,62.41032788139997,9.284785295036102
187,PANDIT,window-site+weighted,0.4573991031390134,112.09395597250004,17.419130279385968
514,PANDIT,window-site+weighted,0.3333333333333333,8.5376898702,1.219791510422006
132,PANDIT,window-site+weighted,0.0396825396825396,6.343645598300001,0.8086550571600305
60,PANDIT,window-site+weighted,0.2532467532467532,24.751465228199997,4.050274633111075
89,PANDIT,window-site+weighted,0.5772357723577236,44.505353393,10.984532275523456
3198,PANDIT,window-site+weighted,0.0384615384615384,3.0674644802999995,0.6992285753490871
7576,PANDIT,window-site+weighted,0.2075471698113207,14.321176703100004,3.660120878867328
2627,PANDIT,window-site+weighted,0.4235294117647059,28.2957149838,3.478720061627896
1669,PANDIT,window-site+weighted,0.2258064516129032,9.968172621699994,1.6626119109866762
1735,PANDIT,window-site+weighted,0.12,5.251763991899999,1.1072033581773235
4696,PANDIT,window-site+weighted,0.1971830985915492,1.5117429130999986,0.3145673340592563
925,PANDIT,window-site+weighted,0.3888888888888889,15.915651007900005,1.925119231474663
614,PANDIT,window-site+weighted,0.4069767441860465,39.77123815740001,4.231932359157708
0,PANDIT,window-site+weighted,0.2786885245901639,10.721629176500008,2.0311043622776963
856,PANDIT,window-site+weighted,0.0952380952380952,3.6293446037000017,0.66392063781373
241,PANDIT,window-site+weighted,0.1838235294117647,14.436453673399996,2.5686958567352822
1470,PANDIT,window-site+weighted,0.6307277628032345,170.15346318600015,16.156133278694774
5422,PANDIT,window-site+weighted,0.25,18.328125711,2.601035992184408
40,PANDIT,window-site+weighted,0.580952380952381,23.11704057540001,3.288630436480841
1609,PANDIT,window-site+weighted,0.2992125984251969,28.701808613899978,3.624717012449085
2381,PANDIT,window-site+weighted,0.3092783505154639,20.2487501741,3.866481940222273
1694,PANDIT,window-site+weighted,0.044776119402985,4.7356543727,0.9235429146836968
3249,PANDIT,window-site+weighted,0.0869565217391304,2.572956939400001,0.6170916695388019
2658,PANDIT,window-site+weighted,0.1379310344827586,5.929545859900001,1.041451745463447
2714,PANDIT,window-site+weighted,0.0803571428571428,6.9796931224000005,1.0041857031216888
2839,PANDIT,window-site+weighted,0.0444444444444444,9.2792019485,2.051169598563684
2583,PANDIT,window-site+weighted,0.225,13.386102577700004,2.4379497375913104
1733,PANDIT,window-site+weighted,0.3611111111111111,31.4754025279,5.818735643165871
2482,PANDIT,window-site+weighted,0.25,8.086579939899996,1.3365016451841554
868,PANDIT,window-site+weighted,0.1527777777777778,7.1681655229,1.1045844036615289
905,PANDIT,window-site+weighted,0.031578947368421,4.986633796700004,0.6471798568002779
4128,PANDIT,window-site+weighted,0.3655172413793103,26.471996231500007,3.1776952896743764
4704,PANDIT,window-site+weighted,0.3796296296296296,50.34642191389999,13.961092780886586
2538,PANDIT,window-site+weighted,0.1235955056179775,8.544215850299997,1.3323359723421495
7115,PANDIT,window-site+weighted,0.044776119402985,2.3513182308,0.5071138699178046
7305,PANDIT,window-site+weighted,0.0592105263157894,14.85376052790001,1.842549012347763
3129,PANDIT,window-site+weighted,0.145631067961165,12.923117419400002,1.9957840513465177
307,PANDIT,window-site+weighted,0.1772151898734177,15.6436414706,2.6941665941716093
884,PANDIT,window-site+weighted,0.0625,2.0326593661,0.3891649238082899
438,PANDIT,window-site+weighted,0.1162790697674418,5.309739550600002,1.3472267269868397
2213,PANDIT,window-site+weighted,0.2622950819672131,23.80823387940001,6.494479483037721
751,PANDIT,window-site+weighted,0.2615384615384615,18.558895452400005,2.306126435014374
2321,PANDIT,window-site+weighted,0.1475409836065573,8.764899080200003,2.982465200810752
2300,PANDIT,window-site+weighted,0.1860465116279069,18.9646264079,2.528060348248814
2077,PANDIT,window-site+weighted,0.2907801418439716,25.318226277499985,3.2377764067656694
435,PANDIT,window-site+weighted,0.072289156626506,5.812813859399999,1.227883461554714
634,PANDIT,window-site+weighted,0.0757575757575757,5.8969271835,0.9422895816485068
200,PANDIT,window-site+weighted,0.1290322580645161,3.996916334300001,0.7595050219302354
629,PANDIT,window-site+weighted,0.303030303030303,10.169470388199995,1.2156830241887548
501,PANDIT,window-site+weighted,0.0444444444444444,1.7847079331999995,0.395010173571864
430,PANDIT,window-site+weighted,0.0461538461538461,5.6323013079000015,1.174438121481666
1863,PANDIT,window-site+weighted,0.1129032258064516,6.2120494970000015,1.1890824349468687
4147,PANDIT,window-site+weighted,0.1265822784810126,11.2747720048,2.046036835287899
877,PANDIT,window-site+weighted,0.2290076335877862,14.550146258300003,2.640188253634966
301,PANDIT,window-site+weighted,0.0526315789473684,7.4048985958,1.8594408379752725
382,PANDIT,window-site+weighted,0.1,5.550088332899999,1.1483073798577572
7566,PANDIT,window-site+weighted,0.2211538461538461,5.3750311749999975,0.7213121676456231
80,PANDIT,window-site+weighted,0.119047619047619,3.053290563800001,0.6377817480647093
3687,PANDIT,window-site+weighted,0.4672897196261682,50.49483755029998,15.754187011063031
2697,PANDIT,window-site+weighted,0.0,3.827739667,0.6233359808122115
1372,PANDIT,window-site+weighted,0.0714285714285714,6.074096648100002,1.0584796686990792
1493,PANDIT,window-site+weighted,0.3294117647058823,19.357592257499995,2.863602556922535
553,PANDIT,window-site+weighted,0.1294117647058823,3.8100732006000015,0.6262299214091634
153,PANDIT,window-site+weighted,0.2677165354330709,37.0878625433,6.166962355978719
469,PANDIT,window-site+weighted,0.160377358490566,15.6114361325,3.678128390730146
1009,PANDIT,window-site+weighted,0.0454545454545454,6.854626041199997,1.069611608501046
567,PANDIT,window-site+weighted,0.4,24.48546364239998,3.9009664413747474
5363,PANDIT,window-site+weighted,0.3089887640449438,69.236463501,11.507540475456638
1446,PANDIT,window-site+weighted,0.2336448598130841,9.723000068799998,1.2231796165746422
983,PANDIT,window-site+weighted,0.1034482758620689,10.436471480800003,1.6399969060477575
2647,PANDIT,window-site+weighted,0.4158415841584158,27.767621063500005,6.197807627664805
131,PANDIT,window-site+weighted,0.4217687074829932,41.47111205979997,6.545079276339423
610,PANDIT,window-site+weighted,0.1527777777777778,6.2442078613000005,1.0531631400356063
220,PANDIT,window-site+weighted,0.2637362637362637,17.1255023121,3.5504720262585434
976,PANDIT,window-site+weighted,0.1372549019607843,3.7532837794000016,0.6763512199381143
1045,PANDIT,window-site+weighted,0.1782945736434108,28.434114067000017,4.185257029414135
242,PANDIT,window-site+weighted,0.109375,5.6876643795,1.116587603020501
663,PANDIT,window-site+weighted,0.3382352941176471,36.184512508400005,10.384387081838051
1851,PANDIT,window-site+weighted,0.2515723270440251,28.0479131238,4.5928520265834845
168,PANDIT,window-site+weighted,0.2100840336134453,6.914735673499997,0.915299115061746
1097,PANDIT,window-site+weighted,0.1521739130434782,9.9699903753,2.0758335180699428
2592,PANDIT,window-site+weighted,0.1981132075471698,18.4121244902,2.3862001865034537
2917,PANDIT,window-site+weighted,0.3571428571428571,8.326144653799998,1.3497723235973875
2466,PANDIT,window-site+weighted,0.2857142857142857,13.0719712373,2.368123105277411
1302,PANDIT,window-site+weighted,0.116504854368932,8.3204356577,1.202687491551894
700,PANDIT,window-site+weighted,0.0517241379310344,3.5434437223999997,0.7052589778743111
92,PANDIT,window-site+weighted,0.1666666666666666,9.0268865796,1.4212809528665986
97,PANDIT,window-site+weighted,0.0864197530864197,10.4463163218,2.256652123299624
7339,PANDIT,window-site+weighted,0.0909090909090909,5.9083592446,1.2914327400841177
204,PANDIT,window-site+weighted,0.0887096774193548,6.8998319418000005,1.3244104663413576
513,PANDIT,window-site+weighted,0.5575221238938053,49.41143869769999,6.864711174174262
640,PANDIT,window-site+weighted,0.2608695652173913,12.791251398400002,2.201320096648543
194,PANDIT,window-site+weighted,0.0526315789473684,4.304788248300001,0.6641054565800643
2022,PANDIT,window-site+weighted,0.1944444444444444,14.849768511700004,2.5784528482196745
6060,PANDIT,window-site+weighted,0.0983606557377049,3.633288497,0.6172377548830331
2874,PANDIT,window-site+weighted,0.3538461538461538,14.323333327099997,2.7905505946007647
7320,PANDIT,window-site+weighted,0.2403846153846154,10.9258873172,1.3334781488633245
3777,PANDIT,window-site+weighted,0.1612903225806451,12.734007285899995,1.688144486431374
4483,PANDIT,window-site+weighted,0.4065934065934066,14.226571349200007,1.9784378407144765
2612,PANDIT,window-site+weighted,0.3432835820895522,13.457345624200007,2.272404574622253
1084,PANDIT,window-site+weighted,0.1083333333333333,6.323822497999998,0.959143217212774
508,PANDIT,window-site+weighted,0.3258426966292135,26.72196296619999,4.170527728074768
297,PANDIT,window-site+weighted,0.4901960784313725,88.8848333309,18.151797632514132
147,PANDIT,window-site+weighted,0.109375,10.319903565800002,2.346338347644374
327,PANDIT,window-site+weighted,0.2619047619047619,10.672886288200004,1.6890909713270927
7145,PANDIT,window-site+weighted,0.0961538461538461,4.435839430900001,0.7582768868778028
460,PANDIT,window-site+weighted,0.036144578313253,2.2621816153000003,0.4269657976841303
893,PANDIT,window-site+weighted,0.1475409836065573,7.5942328502,1.301318101224901
2784,PANDIT,window-site+weighted,0.2209302325581395,11.0196086721,1.6042906635546104
461,PANDIT,window-site+weighted,0.0769230769230769,6.5357812874000025,0.8689783224219487
109,PANDIT,window-site+weighted,0.2830188679245283,16.4238398543,2.9963546759096427
1477,PANDIT,window-site+weighted,0.2678571428571428,9.013993203199998,1.4867378360710268
285,PANDIT,window-site+weighted,0.4059405940594059,55.57124474359999,5.60123386328207
2162,PANDIT,window-site+weighted,0.3648648648648648,16.964139162300004,2.9157887900433472
958,PANDIT,window-site+weighted,0.073170731707317,15.061511902499996,2.455554473970388
3209,PANDIT,window-site+weighted,0.412087912087912,29.794521976099983,4.682910983456776
1020,PANDIT,window-site+weighted,0.1973684210526315,21.08974353170001,3.5287502103359456
1514,PANDIT,window-site+weighted,0.1123595505617977,11.7976488193,1.75610102667915
280,PANDIT,window-site+weighted,0.391304347826087,92.12984211340006,12.119425685201747
421,PANDIT,window-site+weighted,0.1797752808988764,12.219687812200002,1.6756173168673671
3246,PANDIT,window-site+weighted,0.1720430107526881,11.0079814772,1.9086981599312671
854,PANDIT,window-site+weighted,0.1875,8.178607042200003,1.71766163067139
1607,PANDIT,window-site+weighted,0.0526315789473684,5.4255914714,0.9785760057714604
43,PANDIT,window-site+weighted,0.4054054054054054,8.958079125099998,1.2240618964979175
7278,PANDIT,window-site+weighted,0.2905027932960894,41.1674432915,6.782173199062067
2556,PANDIT,window-site+weighted,0.2459016393442623,6.899565591099998,1.2116252885701362
654,PANDIT,window-site+weighted,0.0,4.6432589052,1.1818990114247794
1055,PANDIT,window-site+weighted,0.2375,18.142841614199995,3.212786800770394
7322,PANDIT,window-site+weighted,0.2556390977443609,33.10001039770001,5.361263349659141
3550,PANDIT,window-site+fastrfs,0.1551724137931034,3.8947062422000007,0.671791054642918
1409,PANDIT,window-site+fastrfs,0.1875,8.4763922429,1.3804442216193555
705,PANDIT,window-site+fastrfs,0.1078431372549019,8.528445723300003,1.125213132050274
523,PANDIT,window-site+fastrfs,0.3695652173913043,10.0588920279,1.9165440939107343
2637,PANDIT,window-site+fastrfs,0.1573033707865168,11.143214959100003,2.524777302544183
7552,PANDIT,window-site+fastrfs,0.025,4.4140611964000005,0.9059338971123329
2301,PANDIT,window-site+fastrfs,0.5203252032520326,54.5848024814,8.991593156281631
3511,PANDIT,window-site+fastrfs,0.1428571428571428,7.041437415100002,1.1250384844980068
381,PANDIT,window-site+fastrfs,0.0892857142857142,2.0269689737000007,0.3604681601989556
1576,PANDIT,window-site+fastrfs,0.0579710144927536,4.922724882200003,0.7472322547215252
4,PANDIT,window-site+fastrfs,0.2580645161290322,7.587204668700003,1.2778697447183605
1728,PANDIT,window-site+fastrfs,0.4954954954954955,27.027621814500005,4.9597570906354544
428,PANDIT,window-site+fastrfs,0.2033898305084746,11.2362119026,3.0084375676439423
81,PANDIT,window-site+fastrfs,0.0869565217391304,3.63726183,0.7490461218220776
59,PANDIT,window-site+fastrfs,0.0208333333333333,3.7540042831,0.7719979145658888
4425,PANDIT,window-site+fastrfs,0.109375,5.893630094699998,0.886737566900662
1666,PANDIT,window-site+fastrfs,0.0535714285714285,5.519186147299998,0.7083668933362202
894,PANDIT,window-site+fastrfs,0.0697674418604651,5.0598735786,1.2556512307915615
2715,PANDIT,window-site+fastrfs,0.1063829787234042,6.774755819199999,1.82819355496898
3328,PANDIT,window-site+fastrfs,0.2206896551724138,16.2078451045,1.9390729875934851
1283,PANDIT,window-site+fastrfs,0.1707317073170731,3.3904957425999998,0.8883962982029782
5,PANDIT,window-site+fastrfs,0.3636363636363636,58.129941709000015,12.353073557340933
2253,PANDIT,window-site+fastrfs,0.1228070175438596,8.417188769399996,1.3254495666151151
229,PANDIT,window-site+fastrfs,0.5380710659898477,66.80084846730004,8.694174106880553
6110,PANDIT,window-site+fastrfs,0.2736842105263158,14.430687143500002,2.1242961775154243
1426,PANDIT,window-site+fastrfs,0.1343283582089552,5.8725566615,0.990863981456558
1124,PANDIT,window-site+fastrfs,0.1538461538461538,7.151365995500004,1.2991760400526764
1393,PANDIT,window-site+fastrfs,0.0317460317460317,8.3202691889,1.4934675576173395
252,PANDIT,window-site+fastrfs,0.1978021978021978,23.3249908816,4.529739748594695
117,PANDIT,window-site+fastrfs,0.3398058252427184,22.308912837900007,6.400777652347169
318,PANDIT,window-site+fastrfs,0.2277227722772277,20.644214064000007,2.7641469985581284
1525,PANDIT,window-site+fastrfs,0.2598425196850393,21.120073954999995,3.5555571957169394
2664,PANDIT,window-site+fastrfs,0.4022988505747126,23.4326276414,4.5504323478548
4320,PANDIT,window-site+fastrfs,0.2358490566037736,17.274901973900008,3.54295385282225
114,PANDIT,window-site+fastrfs,0.1865671641791045,21.1322364735,3.822816282450841
7276,PANDIT,window-site+fastrfs,0.1379310344827586,9.1969112282,1.374138700831793
1802,PANDIT,window-site+fastrfs,0.3697478991596639,23.27488820129999,2.5277777496627176
1346,PANDIT,window-site+fastrfs,0.4516129032258064,50.256281344700014,13.530657444321834
1203,PANDIT,window-site+fastrfs,0.0428571428571428,4.462878700600001,0.7359816623861987
500,PANDIT,window-site+fastrfs,0.6759259259259259,291.96095634229977,27.017479528325502
1697,PANDIT,window-site+fastrfs,0.1794871794871795,9.438009584500008,1.433025160868674
1026,PANDIT,window-site+fastrfs,0.0408163265306122,3.0208438739000005,0.6483705860924119
6583,PANDIT,window-site+fastrfs,0.1632653061224489,10.106701629400002,1.4341467226757365
1796,PANDIT,window-site+fastrfs,0.2328767123287671,10.566858988500003,1.589153904322225
133,PANDIT,window-site+fastrfs,0.0547945205479452,10.3328426855,2.637576564627385
2582,PANDIT,window-site+fastrfs,0.415929203539823,60.10694939239999,15.23673847275791
2236,PANDIT,window-site+fastrfs,0.2717391304347826,10.262644724600005,1.438472722894249
1657,PANDIT,window-site+fastrfs,0.3189655172413793,52.03688166379999,9.80431869293992
865,PANDIT,window-site+fastrfs,0.1847826086956521,7.2435560442,0.9504505714275722
7269,PANDIT,window-site+fastrfs,0.0363636363636363,2.7074571036999995,0.4696435716056195
1380,PANDIT,window-site+fastrfs,0.5238095238095238,30.4712605725,8.130338636483437
1355,PANDIT,window-site+fastrfs,0.0232558139534883,2.2391136904999995,0.5536336462400686
2765,PANDIT,window-site+fastrfs,0.2805755395683453,23.432409811599992,3.5255634119777244
1167,PANDIT,window-site+fastrfs,0.2068965517241379,12.4403141269,2.245693617910669
7272,PANDIT,window-site+fastrfs,0.238095238095238,16.9249168732,2.5281403850733546
881,PANDIT,window-site+fastrfs,0.1343283582089552,12.001822819199996,2.0595215593044
5070,PANDIT,window-site+fastrfs,0.078125,5.219737993999999,0.8257825131124286
7563,PANDIT,window-site+fastrfs,0.1518987341772152,10.163011142600002,1.742486051210654
2541,PANDIT,window-site+fastrfs,0.1486486486486486,3.4082262816999997,0.5234421705023179
3241,PANDIT,window-site+fastrfs,0.4571428571428571,42.88620396699999,8.715185247262607
670,PANDIT,window-site+fastrfs,0.1047619047619047,10.205422061200004,1.340725344557118
2963,PANDIT,window-site+fastrfs,0.1111111111111111,5.215511845500001,1.0277847989376556
540,PANDIT,window-site+fastrfs,0.3043478260869565,10.422434053100003,1.9431911615687971
7318,PANDIT,window-site+fastrfs,0.0099009900990099,4.589227815599998,0.6077716219465571
73,PANDIT,window-site+fastrfs,0.203125,10.129599917499997,1.7128420091644885
7315,PANDIT,window-site+fastrfs,0.3776223776223776,50.20930809850002,11.106438108233135
1156,PANDIT,window-site+fastrfs,0.1372549019607843,2.4439910784000007,0.5467125763417809
340,PANDIT,window-site+fastrfs,0.3703703703703703,25.664030808000003,5.94600582838952
769,PANDIT,window-site+fastrfs,0.3,15.56625919030001,1.9211275035545343
1116,PANDIT,window-site+fastrfs,0.0491803278688524,5.531718068800002,1.236022971316496
2943,PANDIT,window-site+fastrfs,0.3194444444444444,49.3558596253,10.005162527942982
1325,PANDIT,window-site+fastrfs,0.2235294117647059,10.682423255599998,1.4794907954407266
4687,PANDIT,window-site+fastrfs,0.2342342342342342,20.54542996849999,3.346048113041058
953,PANDIT,window-site+fastrfs,0.4900662251655629,32.3391205352,5.1466951950163
2405,PANDIT,window-site+fastrfs,0.2795698924731182,18.9146427833,3.148784116107107
1552,PANDIT,window-site+fastrfs,0.4581818181818182,93.1534350961,11.10038427307808
149,PANDIT,window-site+fastrfs,0.3018867924528302,23.2619125719,5.866681209166949
2362,PANDIT,window-site+fastrfs,0.048780487804878,5.5664338436,1.1558653792309217
633,PANDIT,window-site+fastrfs,0.2627118644067797,27.143808053299992,4.246975038864384
2508,PANDIT,window-site+fastrfs,0.073170731707317,18.556300065899997,2.311570765107927
23,PANDIT,window-site+fastrfs,0.3904761904761905,23.25555431979999,3.005228578354673
3532,PANDIT,window-site+fastrfs,0.1733333333333333,15.263896164,2.47744478343502
2603,PANDIT,window-site+fastrfs,0.0869565217391304,4.550896434299999,1.2683586065089347
76,PANDIT,window-site+fastrfs,0.3105590062111801,45.54050685589999,8.206044189902817
1202,PANDIT,window-site+fastrfs,0.2323232323232323,14.812220240899997,2.935477371548348
598,PANDIT,window-site+fastrfs,0.1413043478260869,7.650691639599997,1.0712433132968204
2939,PANDIT,window-site+fastrfs,0.1917808219178082,11.4699059486,2.0873601846267205
3136,PANDIT,window-site+fastrfs,0.2865497076023391,67.65121841039998,14.423182845014262
556,PANDIT,window-site+fastrfs,0.0,1.3241699205,0.3123586973053081
678,PANDIT,window-site+fastrfs,0.125,15.160712594499993,1.9545390796715565
6087,PANDIT,window-site+fastrfs,0.3163265306122449,20.84699486329999,3.42779523170243
1640,PANDIT,window-site+fastrfs,0.1132075471698113,8.241020985299999,1.5165046954420207
101,PANDIT,window-site+fastrfs,0.3858695652173913,50.05101868180001,6.822501518736079
755,PANDIT,window-site+fastrfs,0.3287671232876712,12.850788302799996,1.7723916117036318
1820,PANDIT,window-site+fastrfs,0.3392857142857143,13.2345288639,2.549931396195551
321,PANDIT,window-site+fastrfs,0.0,2.174878218,0.5843706581202345
2402,PANDIT,window-site+fastrfs,0.0777777777777777,4.844354577400001,0.7003784988853493
7274,PANDIT,window-site+fastrfs,0.2241379310344827,20.024223879799997,2.58235642461568
316,PANDIT,window-site+fastrfs,0.144927536231884,7.9663754564000016,1.5486677654849377
1516,PANDIT,window-site+fastrfs,0.1851851851851851,10.489877403399996,1.330631142504769
702,PANDIT,window-site+fastrfs,0.1549295774647887,8.4172691581,1.337822836053052
141,PANDIT,window-site+fastrfs,0.1259842519685039,9.056073308099997,1.277722382396491
2499,PANDIT,window-site+fastrfs,0.2024539877300613,30.808369930400037,4.291937528752286
1138,PANDIT,window-site+fastrfs,0.3722627737226277,21.175929136799997,3.3401791152297715
6925,PANDIT,window-site+fastrfs,0.1052631578947368,5.077981919699999,0.8450983160168616
1529,PANDIT,window-site+fastrfs,0.3541666666666667,21.204256367399992,3.4766139075749734
1604,PANDIT,window-site+fastrfs,0.1690140845070422,8.484708843199998,1.2620873595974471
1300,PANDIT,window-site+fastrfs,0.2960526315789473,43.67506556050003,10.340418831121076
1184,PANDIT,window-site+fastrfs,0.3541666666666667,44.84532286370001,9.310638160473388
465,PANDIT,window-site+fastrfs,0.1612903225806451,6.238844333399998,1.2426867775791912
2604,PANDIT,window-site+fastrfs,0.4404761904761904,40.9017883619,7.949681740449851
7308,PANDIT,window-site+fastrfs,0.3615384615384615,28.2826281512,3.473437322489321
477,PANDIT,window-site+fastrfs,0.1666666666666666,9.502664047499994,1.637729643658126
3670,PANDIT,window-site+fastrfs,0.0833333333333333,9.5270775257,2.784433075077167
869,PANDIT,window-site+fastrfs,0.2352941176470588,17.592783432600005,2.334177397982616
474,PANDIT,window-site+fastrfs,0.032258064516129,2.7283301347000006,0.5179655497930343
67,PANDIT,window-site+fastrfs,0.1372549019607843,3.7900654639,0.7326303953018274
559,PANDIT,window-site+fastrfs,0.2105263157894736,5.6576532706,1.1754894634824729
1238,PANDIT,window-site+fastrfs,0.064516129032258,1.7852634885999996,0.5286649829758028
5773,PANDIT,window-site+fastrfs,0.2236842105263158,15.006915208100004,2.149128744069185
152,PANDIT,window-site+fastrfs,0.0666666666666666,2.7313147558,0.5474648167287635
6098,PANDIT,window-site+fastrfs,0.4125874125874126,34.24036474710002,6.075137893094381
996,PANDIT,window-site+fastrfs,0.0588235294117647,7.227360509499999,1.4844129804425754
892,PANDIT,window-site+fastrfs,0.125,5.0155756543,1.2090502326775316
283,PANDIT,window-site+fastrfs,0.0531914893617021,5.287185716099999,0.8379706880604273
4615,PANDIT,window-site+fastrfs,0.1167883211678832,18.136725263599992,3.0563397271574706
932,PANDIT,window-site+fastrfs,0.0956521739130434,6.607178400100002,0.9655036596209686
1367,PANDIT,window-site+fastrfs,0.4105263157894737,22.5820467973,2.6794291703670505
2668,PANDIT,window-site+fastrfs,0.3932584269662921,8.507372585599997,1.2482763212174124
1063,PANDIT,window-site+fastrfs,0.21875,8.9360474335,1.194177090605722
1646,PANDIT,window-site+fastrfs,0.3835616438356164,23.345995243,3.997347739416479
541,PANDIT,window-site+fastrfs,0.2037037037037037,3.6708210891,0.7561578768810536
2400,PANDIT,window-site+fastrfs,0.1358024691358024,7.9354186532,1.1884370236603474
7575,PANDIT,window-site+fastrfs,0.3825503355704698,33.8596604032,5.067292994387727
4559,PANDIT,window-site+fastrfs,0.1666666666666666,6.300337241599997,1.2595420168255165
2686,PANDIT,window-site+fastrfs,0.1333333333333333,4.563594685099998,1.06327945173866
1489,PANDIT,window-site+fastrfs,0.3888888888888889,34.7645185681,5.6350094667597865
1479,PANDIT,window-site+fastrfs,0.2553191489361702,8.877662775400003,1.507207868383466
325,PANDIT,window-site+fastrfs,0.106060606060606,7.003788346399999,1.0850649820858682
256,PANDIT,window-site+fastrfs,0.3333333333333333,13.550977737500002,2.3086281418847623
2572,PANDIT,window-site+fastrfs,0.2280701754385964,35.7022165404,6.667115222498469
222,PANDIT,window-site+fastrfs,0.456043956043956,68.02277867039999,9.934208165330134
119,PANDIT,window-site+fastrfs,0.0792079207920792,7.131159440199994,1.0839459429046554
5038,PANDIT,window-site+fastrfs,0.0597014925373134,2.8461589267000003,0.454896600016567
3683,PANDIT,window-site+fastrfs,0.1212121212121212,2.993624917700001,0.4821844696778128
1663,PANDIT,window-site+fastrfs,0.1,13.510538509299998,2.9471457931878176
443,PANDIT,window-site+fastrfs,0.064516129032258,5.457155168,0.9599090054406146
6120,PANDIT,window-site+fastrfs,0.0943396226415094,6.229894202100001,0.9430532322479064
2904,PANDIT,window-site+fastrfs,0.3596491228070175,28.26738790910001,4.029478722891176
1570,PANDIT,window-site+fastrfs,0.0649350649350649,7.556518686000001,1.297128559193227
850,PANDIT,window-site+fastrfs,0.1111111111111111,8.221505097900002,1.716979861811582
1329,PANDIT,window-site+fastrfs,0.0459770114942528,11.644236299300005,1.7184969644161718
7193,PANDIT,window-site+fastrfs,0.1971830985915492,14.0379149163,3.143960535451859
6998,PANDIT,window-site+fastrfs,0.0416666666666666,4.1875829032,1.1364387841928605
7277,PANDIT,window-site+fastrfs,0.3305084745762712,21.2895561603,3.65574440200221
4109,PANDIT,window-site+fastrfs,0.1081081081081081,5.199636891999999,0.7327197749950151
99,PANDIT,window-site+fastrfs,0.2916666666666667,15.108326966100002,2.245917005399094
104,PANDIT,window-site+fastrfs,0.2803738317757009,15.248402402899998,1.8568634497144745
2197,PANDIT,window-site+fastrfs,0.4213836477987421,64.55873953060001,11.487850792347173
211,PANDIT,window-site+fastrfs,0.1573033707865168,12.3675383617,3.271704877059186
286,PANDIT,window-site+fastrfs,0.1097560975609756,6.652777218099996,1.138583675745113
566,PANDIT,window-site+fastrfs,0.2845528455284553,52.7273017691,11.034837418835933
115,PANDIT,window-site+fastrfs,0.1842105263157894,2.6623644615,0.5336799019264364
1185,PANDIT,window-site+fastrfs,0.0833333333333333,2.6659056928,0.4830112830878127
379,PANDIT,window-site+fastrfs,0.2413793103448276,19.404164573700008,3.920890301127225
4954,PANDIT,window-site+fastrfs,0.4105263157894737,21.30211224870001,3.5834107587552264
7261,PANDIT,window-site+fastrfs,0.5,127.98237984349991,16.127072155112113
7294,PANDIT,window-site+fastrfs,0.0704225352112676,6.431443388899998,1.0689092037483747
7446,PANDIT,window-site+fastrfs,0.1755725190839694,10.776693578600002,1.2289689499077396
1469,PANDIT,window-site+fastrfs,0.1466666666666666,7.952725413999999,1.2474205931378926
1029,PANDIT,window-site+fastrfs,0.4,40.13646803929999,8.766606058561774
138,PANDIT,window-site+fastrfs,0.51,82.53320041440008,12.266900905839464
7325,PANDIT,window-site+fastrfs,0.2545454545454545,11.8574159301,1.8364986983408047
1749,PANDIT,window-site+fastrfs,0.3076923076923077,29.507084455500006,3.0897623983040794
1853,PANDIT,window-site+fastrfs,0.0169491525423728,5.175455105099998,1.2549814654525495
8,PANDIT,window-site+fastrfs,0.3561643835616438,54.53578223450001,8.230613555373036
1954,PANDIT,window-site+fastrfs,0.2992125984251969,28.285354225000003,5.422783994151101
87,PANDIT,window-site+fastrfs,0.1917808219178082,7.608723284199998,1.324319946911726
3351,PANDIT,window-site+fastrfs,0.0416666666666666,7.5552880692,1.6689863674345158
1094,PANDIT,window-site+fastrfs,0.0789473684210526,8.969142839600002,1.7697878327581924
1688,PANDIT,window-site+fastrfs,0.0196078431372549,4.2798058135,0.8568689005065262
2037,PANDIT,window-site+fastrfs,0.0408163265306122,3.395004868399999,0.6614081163510112
2840,PANDIT,window-site+fastrfs,0.064516129032258,2.218173124,0.6608442146250519
2454,PANDIT,window-site+fastrfs,0.3767123287671233,32.3742749525,7.605288266301024
822,PANDIT,window-site+fastrfs,0.4,36.64776971079999,5.355876495307133
400,PANDIT,window-site+fastrfs,0.1818181818181818,6.245080704399999,1.023228979710224
3466,PANDIT,window-site+fastrfs,0.0701754385964912,7.584638143100001,1.5454211609351622
630,PANDIT,window-site+fastrfs,0.3333333333333333,14.172446278300008,1.6842793857457494
4170,PANDIT,window-site+fastrfs,0.1037735849056603,8.779302454,1.15951983633304
263,PANDIT,window-site+fastrfs,0.308080808080808,47.44074202949997,6.734113712501676
4037,PANDIT,window-site+fastrfs,0.1184210526315789,8.348888663700002,1.194180640728851
248,PANDIT,window-site+fastrfs,0.425414364640884,50.89524697190004,7.233184094651764
2064,PANDIT,window-site+fastrfs,0.3654618473895582,60.45119835429999,5.284119215951259
106,PANDIT,window-site+fastrfs,0.3132530120481928,44.363737044900034,9.71450964392984
65,PANDIT,window-site+fastrfs,0.0625,4.139135400299999,0.9786668603282505
1808,PANDIT,window-site+fastrfs,0.0818181818181818,7.762444925399999,0.9982661340566016
90,PANDIT,window-site+fastrfs,0.21875,31.217367490000004,4.794562058164078
3933,PANDIT,window-site+fastrfs,0.2395833333333333,9.800073493299994,1.3530201608073635
659,PANDIT,window-site+fastrfs,0.1111111111111111,5.568579116399999,1.1308866535449824
600,PANDIT,window-site+fastrfs,0.2432432432432432,12.570476861200005,1.887736123159997
2524,PANDIT,window-site+fastrfs,0.0263157894736842,2.6556384567,0.4765156392698589
1327,PANDIT,window-site+fastrfs,0.0684931506849315,4.292288302799999,0.757277664414125
938,PANDIT,window-site+fastrfs,0.3194444444444444,18.1197323122,3.291004219519569
7324,PANDIT,window-site+fastrfs,0.0689655172413793,3.8555538875999993,0.7398501885526119
176,PANDIT,window-site+fastrfs,0.2083333333333333,7.660245045099997,1.3372270477760058
1404,PANDIT,window-site+fastrfs,0.3490566037735849,26.7233857654,3.50522867001866
1053,PANDIT,window-site+fastrfs,0.0704225352112676,7.427611640899999,1.2585332172990584
187,PANDIT,window-site+fastrfs,0.4573991031390134,112.0939559725,17.419130279385968
2407,PANDIT,window-site+fastrfs,0.417910447761194,62.410369699199975,9.28479455732398
1147,PANDIT,window-site+fastrfs,0.1546391752577319,7.740026998999999,1.106777997095281
514,PANDIT,window-site+fastrfs,0.3333333333333333,8.537689870200001,1.219791510422006
125,PANDIT,window-site+fastrfs,0.0784313725490196,5.216019120900002,1.1203464914073331
206,PANDIT,window-site+fastrfs,0.2391304347826087,8.8512676209,1.3048615128181535
89,PANDIT,window-site+fastrfs,0.5772357723577236,44.505353393000014,10.984532275523458
60,PANDIT,window-site+fastrfs,0.2532467532467532,24.751465228200008,4.050274633111075
3198,PANDIT,window-site+fastrfs,0.0384615384615384,3.067464480299999,0.6992285753490871
132,PANDIT,window-site+fastrfs,0.0396825396825396,6.343645598299998,0.8086550571600304
7576,PANDIT,window-site+fastrfs,0.2075471698113207,14.321176703100006,3.660120878867329
1669,PANDIT,window-site+fastrfs,0.2258064516129032,9.968172621699994,1.6626119109866762
4696,PANDIT,window-site+fastrfs,0.1971830985915492,1.511742913099999,0.3145673340592562
2627,PANDIT,window-site+fastrfs,0.4235294117647059,28.296068488600007,3.478769396671165
925,PANDIT,window-site+fastrfs,0.3888888888888889,15.915651007900005,1.9251192314746632
1735,PANDIT,window-site+fastrfs,0.12,5.251763991900002,1.1072033581773233
614,PANDIT,window-site+fastrfs,0.4069767441860465,39.77123815739999,4.231932359157708
0,PANDIT,window-site+fastrfs,0.2786885245901639,10.721629176500006,2.0311043622776963
856,PANDIT,window-site+fastrfs,0.0952380952380952,3.6293446037,0.6639206378137301
5422,PANDIT,window-site+fastrfs,0.25,18.328125711,2.6010359921844066
241,PANDIT,window-site+fastrfs,0.1838235294117647,14.4364536734,2.5686958567352827
1609,PANDIT,window-site+fastrfs,0.2992125984251969,28.70180861389999,3.624717012449085
1470,PANDIT,window-site+fastrfs,0.6307277628032345,170.15346318600004,16.156133278694774
2714,PANDIT,window-site+fastrfs,0.0803571428571428,6.979693122400001,1.0041857031216888
2839,PANDIT,window-site+fastrfs,0.0444444444444444,9.2792019485,2.051169598563684
40,PANDIT,window-site+fastrfs,0.580952380952381,23.1170405754,3.288630436480841
1694,PANDIT,window-site+fastrfs,0.044776119402985,4.7356543727,0.9235429146836966
1733,PANDIT,window-site+fastrfs,0.3611111111111111,31.4754025279,5.818735643165869
2482,PANDIT,window-site+fastrfs,0.25,8.086579939899998,1.3365016451841556
2381,PANDIT,window-site+fastrfs,0.3092783505154639,20.2535846366,3.8674978163243856
3249,PANDIT,window-site+fastrfs,0.0869565217391304,2.5731859873000005,0.6172097205671424
868,PANDIT,window-site+fastrfs,0.1527777777777778,7.168165522900001,1.1045844036615289
2658,PANDIT,window-site+fastrfs,0.1379310344827586,5.929545859899999,1.041451745463447
905,PANDIT,window-site+fastrfs,0.031578947368421,4.986633796700002,0.6471798568002779
2583,PANDIT,window-site+fastrfs,0.225,13.3861025777,2.43794973759131
2538,PANDIT,window-site+fastrfs,0.1235955056179775,8.544215850300002,1.3323359723421495
4704,PANDIT,window-site+fastrfs,0.3796296296296296,50.3464219139,13.961092780886586
4128,PANDIT,window-site+fastrfs,0.3655172413793103,26.4719962315,3.1776952896743755
7115,PANDIT,window-site+fastrfs,0.044776119402985,2.3513182308,0.5071138699178046
751,PANDIT,window-site+fastrfs,0.2615384615384615,18.55889545240001,2.306126435014375
3129,PANDIT,window-site+fastrfs,0.145631067961165,12.923117419400002,1.9957840513465177
2321,PANDIT,window-site+fastrfs,0.1475409836065573,8.764899080200003,2.9824652008107524
307,PANDIT,window-site+fastrfs,0.1772151898734177,15.6436414706,2.6941665941716093
2077,PANDIT,window-site+fastrfs,0.2907801418439716,25.31822627749999,3.23777640676567
884,PANDIT,window-site+fastrfs,0.0625,2.0326593661000003,0.3891649238082899
7305,PANDIT,window-site+fastrfs,0.0592105263157894,14.8537605279,1.842549012347762
438,PANDIT,window-site+fastrfs,0.1162790697674418,5.3097395506,1.3472267269868397
634,PANDIT,window-site+fastrfs,0.0757575757575757,5.896927183500002,0.9422895816485066
2213,PANDIT,window-site+fastrfs,0.2622950819672131,23.808233879400003,6.494479483037722
430,PANDIT,window-site+fastrfs,0.0461538461538461,5.632301307900002,1.174438121481666
877,PANDIT,window-site+fastrfs,0.2290076335877862,14.550146258300003,2.640188253634965
435,PANDIT,window-site+fastrfs,0.072289156626506,5.812813859399999,1.2278834615547145
301,PANDIT,window-site+fastrfs,0.0526315789473684,7.4048985958,1.8594408379752725
80,PANDIT,window-site+fastrfs,0.119047619047619,3.053290563800001,0.6377817480647094
200,PANDIT,window-site+fastrfs,0.1290322580645161,3.9969163343,0.7595050219302355
3687,PANDIT,window-site+fastrfs,0.4672897196261682,50.4948375502,15.754187011018
1863,PANDIT,window-site+fastrfs,0.1129032258064516,6.212049496999999,1.1890824349468687
1372,PANDIT,window-site+fastrfs,0.0714285714285714,6.074096648100003,1.0584796686990794
2300,PANDIT,window-site+fastrfs,0.1860465116279069,18.9646264079,2.5280603482488138
4147,PANDIT,window-site+fastrfs,0.1265822784810126,11.274772004799992,2.046036835287899
553,PANDIT,window-site+fastrfs,0.1294117647058823,3.810073200600001,0.6262299214091636
382,PANDIT,window-site+fastrfs,0.1,5.5500883329,1.1483073798577577
629,PANDIT,window-site+fastrfs,0.303030303030303,10.1694703882,1.215683024188755
501,PANDIT,window-site+fastrfs,0.0444444444444444,1.7847079332,0.3950101735718641
469,PANDIT,window-site+fastrfs,0.160377358490566,15.611436132499996,3.678128390730146
7566,PANDIT,window-site+fastrfs,0.2211538461538461,5.375031174999998,0.7213121676456234
2697,PANDIT,window-site+fastrfs,0.0,3.827739667,0.6233359808122115
153,PANDIT,window-site+fastrfs,0.2677165354330709,37.087862543300005,6.166962355978718
5363,PANDIT,window-site+fastrfs,0.3089887640449438,69.236463501,11.507540475456638
1446,PANDIT,window-site+fastrfs,0.2336448598130841,9.723000068799994,1.223179616574642
1493,PANDIT,window-site+fastrfs,0.3294117647058823,19.3575922575,2.863602556922536
1009,PANDIT,window-site+fastrfs,0.0454545454545454,6.854626041199999,1.069611608501046
2647,PANDIT,window-site+fastrfs,0.4158415841584158,27.767621063500005,6.1978076276648055
610,PANDIT,window-site+fastrfs,0.1527777777777778,6.244207861300003,1.0531631400356067
976,PANDIT,window-site+fastrfs,0.1372549019607843,3.7532837794000016,0.6763512199381142
1851,PANDIT,window-site+fastrfs,0.2515723270440251,28.047913123799997,4.592852026583485
663,PANDIT,window-site+fastrfs,0.3382352941176471,36.184512508400005,10.384387081838051
567,PANDIT,window-site+fastrfs,0.4,24.48546364239998,3.9009664413747474
131,PANDIT,window-site+fastrfs,0.4217687074829932,41.47111205979997,6.545079276339424
2917,PANDIT,window-site+fastrfs,0.3571428571428571,8.3261446538,1.3497723235973875
2466,PANDIT,window-site+fastrfs,0.2857142857142857,13.071971237299998,2.3681231052774114
220,PANDIT,window-site+fastrfs,0.2637362637362637,17.1255023121,3.5504720262585425
1302,PANDIT,window-site+fastrfs,0.116504854368932,8.3204356577,1.2026874915518937
92,PANDIT,window-site+fastrfs,0.1666666666666666,9.026886579600005,1.4212809528665984
983,PANDIT,window-site+fastrfs,0.1034482758620689,10.438644647300007,1.6403901612440512
513,PANDIT,window-site+fastrfs,0.5575221238938053,49.41143869779999,6.864711174212505
640,PANDIT,window-site+fastrfs,0.2608695652173913,12.791251398400002,2.201320096648543
168,PANDIT,window-site+fastrfs,0.2100840336134453,6.914735673500002,0.915299115061746
2022,PANDIT,window-site+fastrfs,0.1944444444444444,14.849768511700002,2.578452848219675
1097,PANDIT,window-site+fastrfs,0.1521739130434782,9.9699903753,2.0758335180699428
6060,PANDIT,window-site+fastrfs,0.0983606557377049,3.633288497,0.6172377548830331
1045,PANDIT,window-site+fastrfs,0.1782945736434108,28.434114067000014,4.185257029414134
2874,PANDIT,window-site+fastrfs,0.3538461538461538,14.323333327099991,2.7905505946007647
242,PANDIT,window-site+fastrfs,0.109375,5.6876643795,1.116587603020501
204,PANDIT,window-site+fastrfs,0.0887096774193548,6.899831941800001,1.3244104663413576
4483,PANDIT,window-site+fastrfs,0.4065934065934066,14.226571349200004,1.9784378407144765
194,PANDIT,window-site+fastrfs,0.0526315789473684,4.304788248300002,0.6641054565800644
2592,PANDIT,window-site+fastrfs,0.1981132075471698,18.412124490200004,2.3862001865034537
700,PANDIT,window-site+fastrfs,0.0517241379310344,3.5434437223999997,0.705258977874311
297,PANDIT,window-site+fastrfs,0.4901960784313725,88.8848333309,18.15179763251413
147,PANDIT,window-site+fastrfs,0.109375,10.319903565800002,2.346338347644374
7320,PANDIT,window-site+fastrfs,0.2403846153846154,10.9258873172,1.333478148863324
97,PANDIT,window-site+fastrfs,0.0864197530864197,10.446316321799998,2.256652123299624
7145,PANDIT,window-site+fastrfs,0.0961538461538461,4.435839430900001,0.7582768868778028
893,PANDIT,window-site+fastrfs,0.1475409836065573,7.594232850200001,1.3013181012249015
2784,PANDIT,window-site+fastrfs,0.2209302325581395,11.0196086721,1.604290663554611
1084,PANDIT,window-site+fastrfs,0.1083333333333333,6.3238224979999975,0.959143217212774
461,PANDIT,window-site+fastrfs,0.0769230769230769,6.535781287400001,0.8689783224219488
327,PANDIT,window-site+fastrfs,0.2619047619047619,10.672886288200004,1.689090971327093
7339,PANDIT,window-site+fastrfs,0.0909090909090909,5.9083592446000015,1.2914327400841177
109,PANDIT,window-site+fastrfs,0.2830188679245283,16.423839854300006,2.996354675909643
3777,PANDIT,window-site+fastrfs,0.1612903225806451,12.734007285900002,1.688144486431374
1477,PANDIT,window-site+fastrfs,0.2678571428571428,9.013993203200002,1.4867378360710268
2612,PANDIT,window-site+fastrfs,0.3432835820895522,13.4573456242,2.272404574622254
508,PANDIT,window-site+fastrfs,0.3258426966292135,26.721962966199992,4.170527728074767
460,PANDIT,window-site+fastrfs,0.036144578313253,2.2621816153,0.4269657976841302
3209,PANDIT,window-site+fastrfs,0.412087912087912,29.794521976099983,4.682910983456777
280,PANDIT,window-site+fastrfs,0.391304347826087,92.1298421134,12.11942568520174
1514,PANDIT,window-site+fastrfs,0.1123595505617977,11.797648819299996,1.75610102667915
3246,PANDIT,window-site+fastrfs,0.1720430107526881,11.0079814771,1.9086981599244224
1607,PANDIT,window-site+fastrfs,0.0526315789473684,5.425591471299998,0.9785760057583832
421,PANDIT,window-site+fastrfs,0.1797752808988764,12.219687812299997,1.6756173168674438
854,PANDIT,window-site+fastrfs,0.1875,8.178607042199996,1.71766163067139
2556,PANDIT,window-site+fastrfs,0.2459016393442623,6.899565591099999,1.2116252885701362
654,PANDIT,window-site+fastrfs,0.0,4.643258905200001,1.1818990114247792
7278,PANDIT,window-site+fastrfs,0.2905027932960894,41.16744329150001,6.782173199062067
1020,PANDIT,window-site+fastrfs,0.1973684210526315,21.089743531699995,3.5287502103359456
2162,PANDIT,window-site+fastrfs,0.3648648648648648,16.964139162299993,2.9157887900433472
958,PANDIT,window-site+fastrfs,0.073170731707317,15.061511902499998,2.4555544739703885
7322,PANDIT,window-site+fastrfs,0.2556390977443609,33.10001039769999,5.361263349659141
285,PANDIT,window-site+fastrfs,0.4059405940594059,55.57124474359996,5.601233863282069
1055,PANDIT,window-site+fastrfs,0.2375,18.1428416142,3.2127868007703944
43,PANDIT,window-site+fastrfs,0.4054054054054054,8.9580791251,1.2240618964979175
3550,PANDIT,window-rate+weighted,0.1551724137931034,3.8947062422000007,0.6717910546429181
1409,PANDIT,window-rate+weighted,0.1875,8.4763922429,1.3804442216193558
705,PANDIT,window-rate+weighted,0.1078431372549019,8.528445723299997,1.125213132050274
523,PANDIT,window-rate+weighted,0.3695652173913043,10.058892027900002,1.9165440939107343
7566,PANDIT,window-rate+weighted,0.2211538461538461,5.3750311749999975,0.7213121676456233
3511,PANDIT,window-rate+weighted,0.1428571428571428,7.041437415099999,1.1250384844980068
2637,PANDIT,window-rate+weighted,0.1573033707865168,11.143214959100003,2.524777302544183
7552,PANDIT,window-rate+weighted,0.025,4.4140611964,0.9059338971123329
2697,PANDIT,window-rate+weighted,0.0,3.827739667,0.6233359808122115
1728,PANDIT,window-rate+weighted,0.4954954954954955,27.0276218145,4.9597570906354544
381,PANDIT,window-rate+weighted,0.0892857142857142,2.0269689737000007,0.3604681601989556
81,PANDIT,window-rate+weighted,0.0869565217391304,3.63726183,0.7490461218220775
59,PANDIT,window-rate+weighted,0.0208333333333333,3.7540042831,0.7719979145658887
4,PANDIT,window-rate+weighted,0.2580645161290322,7.587204668700004,1.2778697447183605
1666,PANDIT,window-rate+weighted,0.0535714285714285,5.5191861472999975,0.7083668933362202
1493,PANDIT,window-rate+weighted,0.3294117647058823,19.357592257499995,2.863602556922536
567,PANDIT,window-rate+weighted,0.4,24.485463642399992,3.900966441374748
5,PANDIT,window-rate+weighted,0.3636363636363636,58.12994170900003,12.353073557340933
2253,PANDIT,window-rate+weighted,0.1228070175438596,8.417188769399997,1.3254495666151154
1426,PANDIT,window-rate+weighted,0.1343283582089552,5.872556661500001,0.9908639814565576
983,PANDIT,window-rate+weighted,0.1034482758620689,10.4356043048,1.639727037765046
1045,PANDIT,window-rate+weighted,0.1782945736434108,28.434114067000003,4.185257029414134
1525,PANDIT,window-rate+weighted,0.2598425196850393,21.12007395499999,3.5555571957169376
229,PANDIT,window-rate+weighted,0.5380710659898477,66.80084846730001,8.694174106880553
242,PANDIT,window-rate+weighted,0.109375,5.687664379500001,1.1165876030205009
1124,PANDIT,window-rate+weighted,0.1538461538461538,7.151365995400003,1.2991760400142556
2664,PANDIT,window-rate+weighted,0.4022988505747126,23.43262764139999,4.5504323478548
2592,PANDIT,window-rate+weighted,0.1981132075471698,18.412124490200004,2.386200186503453
700,PANDIT,window-rate+weighted,0.0517241379310344,3.5434437224,0.7052589778743111
252,PANDIT,window-rate+weighted,0.1978021978021978,23.32499088159999,4.529739748594696
1802,PANDIT,window-rate+weighted,0.3697478991596639,23.274888201299994,2.5277777496627167
1203,PANDIT,window-rate+weighted,0.0428571428571428,4.462878700600001,0.7359816623861987
97,PANDIT,window-rate+weighted,0.0864197530864197,10.446316321800005,2.256652123299624
318,PANDIT,window-rate+weighted,0.2277227722772277,20.644219472600003,2.7641477197837463
640,PANDIT,window-rate+weighted,0.2608695652173913,12.791251398400004,2.201320096648543
1796,PANDIT,window-rate+weighted,0.2328767123287671,10.5668589885,1.589153904322225
133,PANDIT,window-rate+weighted,0.0547945205479452,10.332842685499998,2.637576564627385
2236,PANDIT,window-rate+weighted,0.2717391304347826,10.262644724600008,1.438472722894249
4320,PANDIT,window-rate+weighted,0.2358490566037736,17.274901973900008,3.54295385282225
7276,PANDIT,window-rate+weighted,0.1379310344827586,9.1971117019,1.374243365504549
865,PANDIT,window-rate+weighted,0.1847826086956521,7.243556044199999,0.9504505714275724
7269,PANDIT,window-rate+weighted,0.0363636363636363,2.7074571036999995,0.4696435716056193
297,PANDIT,window-rate+weighted,0.4901960784313725,88.88483333089997,18.15179763251413
500,PANDIT,window-rate+weighted,0.6759259259259259,276.6327898280999,25.495256280317445
147,PANDIT,window-rate+weighted,0.109375,10.319903565799995,2.3463383476443744
1026,PANDIT,window-rate+weighted,0.0408163265306122,3.0208438739000005,0.648370586092412
6583,PANDIT,window-rate+weighted,0.1632653061224489,10.106701629400002,1.4341467226757365
7145,PANDIT,window-rate+weighted,0.0961538461538461,4.4358394309000015,0.7582768868778026
7272,PANDIT,window-rate+weighted,0.238095238095238,16.924916873200008,2.528140385073355
893,PANDIT,window-rate+weighted,0.1475409836065573,7.594232850200002,1.301318101224901
7563,PANDIT,window-rate+weighted,0.1518987341772152,10.163011142500002,1.7424860511619369
2582,PANDIT,window-rate+weighted,0.415929203539823,60.106949392399976,15.236738472757912
1657,PANDIT,window-rate+weighted,0.3189655172413793,52.0368816638,9.80431869293992
461,PANDIT,window-rate+weighted,0.0769230769230769,6.535781287400001,0.8689783224219488
670,PANDIT,window-rate+weighted,0.1047619047619047,10.205422061199997,1.340725344557118
2963,PANDIT,window-rate+weighted,0.1111111111111111,5.2155118455,1.0277847989376556
540,PANDIT,window-rate+weighted,0.3043478260869565,10.422434053100002,1.943191161568797
1380,PANDIT,window-rate+weighted,0.5238095238095238,30.4712605725,8.130338636483435
1355,PANDIT,window-rate+weighted,0.0232558139534883,2.2391136905000004,0.5536336462400686
73,PANDIT,window-rate+weighted,0.203125,10.129599917499998,1.7128420091644885
1167,PANDIT,window-rate+weighted,0.2068965517241379,12.440314126900006,2.245693617910669
1156,PANDIT,window-rate+weighted,0.1372549019607843,2.4439910784000003,0.546712576341781
2765,PANDIT,window-rate+weighted,0.2805755395683453,23.4324098116,3.5255634119777244
340,PANDIT,window-rate+weighted,0.3703703703703703,25.664030808,5.946005828389521
881,PANDIT,window-rate+weighted,0.1343283582089552,12.000644270199992,2.059270249240501
3241,PANDIT,window-rate+weighted,0.4571428571428571,42.88620396699999,8.715185247262609
5070,PANDIT,window-rate+weighted,0.078125,5.219553736700002,0.8257522492835109
2541,PANDIT,window-rate+weighted,0.1486486486486486,3.408226281699999,0.5234421705023179
7318,PANDIT,window-rate+weighted,0.0099009900990099,4.589227815599999,0.6077716219465569
3209,PANDIT,window-rate+weighted,0.412087912087912,29.79452197609999,4.682910983456777
953,PANDIT,window-rate+weighted,0.4900662251655629,32.3391205352,5.146695195016299
1514,PANDIT,window-rate+weighted,0.1123595505617977,11.797648819300004,1.75610102667915
2943,PANDIT,window-rate+weighted,0.3194444444444444,49.355859625300006,10.00516252794298
421,PANDIT,window-rate+weighted,0.1797752808988764,12.219687812199998,1.6756173168673667
7315,PANDIT,window-rate+weighted,0.3776223776223776,50.20930809850001,11.10643810823314
854,PANDIT,window-rate+weighted,0.1875,8.178607042200001,1.71766163067139
1325,PANDIT,window-rate+weighted,0.2235294117647059,10.6824232556,1.4794907954407268
769,PANDIT,window-rate+weighted,0.3,15.56625919030001,1.921127503554534
76,PANDIT,window-rate+weighted,0.3105590062111801,45.54050685609999,8.206044189966171
2405,PANDIT,window-rate+weighted,0.2795698924731182,18.9146427833,3.148784116107106
1116,PANDIT,window-rate+weighted,0.0491803278688524,5.531718068800001,1.2360229713164956
7322,PANDIT,window-rate+weighted,0.2556390977443609,33.1000103977,5.36126334965914
1202,PANDIT,window-rate+weighted,0.2323232323232323,14.812220240899997,2.935477371548348
4687,PANDIT,window-rate+weighted,0.2342342342342342,20.545429968499988,3.346048113041057
633,PANDIT,window-rate+weighted,0.2627118644067797,27.14380805329999,4.246975038864384
598,PANDIT,window-rate+weighted,0.1413043478260869,7.650691639599997,1.0712433132968204
153,PANDIT,window-rate+weighted,0.2677165354330709,37.0878625433,6.16696235597872
2939,PANDIT,window-rate+weighted,0.1917808219178082,11.469905948599996,2.08736018462672
3532,PANDIT,window-rate+weighted,0.1733333333333333,15.263896164000002,2.47744478343502
149,PANDIT,window-rate+weighted,0.3018867924528302,23.261912571899995,5.866681209166948
1009,PANDIT,window-rate+weighted,0.0454545454545454,6.854626041199996,1.0696116085010463
2362,PANDIT,window-rate+weighted,0.048780487804878,5.566433843599999,1.155865379230921
6087,PANDIT,window-rate+weighted,0.3163265306122449,20.84699486330001,3.4277952317024294
1640,PANDIT,window-rate+weighted,0.1132075471698113,8.241020985299999,1.5165046954420205
1820,PANDIT,window-rate+weighted,0.3392857142857143,13.234528863899996,2.549931396195551
321,PANDIT,window-rate+weighted,0.0,2.1748782180000004,0.5843706581202345
23,PANDIT,window-rate+weighted,0.3904761904761905,23.255554319900003,3.005228578387208
2603,PANDIT,window-rate+weighted,0.0869565217391304,4.550896434299999,1.2683586065089347
131,PANDIT,window-rate+weighted,0.4217687074829932,41.4711120598,6.545079276339424
678,PANDIT,window-rate+weighted,0.125,15.160712594499996,1.954539079671556
220,PANDIT,window-rate+weighted,0.2637362637362637,17.125502312100004,3.550472026258542
755,PANDIT,window-rate+weighted,0.3287671232876712,12.850788302799996,1.772391611703632
2499,PANDIT,window-rate+weighted,0.2024539877300613,30.808369930400023,4.291937528752284
168,PANDIT,window-rate+weighted,0.2100840336134453,6.914735673500003,0.915299115061746
1097,PANDIT,window-rate+weighted,0.1521739130434782,9.969990375299998,2.075833518069943
1529,PANDIT,window-rate+weighted,0.3541666666666667,21.2041337962,3.4765836323838584
1604,PANDIT,window-rate+weighted,0.1690140845070422,8.484708843199998,1.262087359597447
1516,PANDIT,window-rate+weighted,0.1851851851851851,10.4898774034,1.3306311425047692
204,PANDIT,window-rate+weighted,0.0887096774193548,6.8998319418,1.3244104663413576
702,PANDIT,window-rate+weighted,0.1549295774647887,8.417269158100002,1.3378228360530522
3136,PANDIT,window-rate+weighted,0.2865497076023391,67.65121841049996,14.423182845017037
556,PANDIT,window-rate+weighted,0.0,1.3241699205000002,0.3123586973053081
194,PANDIT,window-rate+weighted,0.0526315789473684,4.304788248300002,0.6641054565800645
7320,PANDIT,window-rate+weighted,0.2403846153846154,10.925887317199996,1.3334781488633245
7308,PANDIT,window-rate+weighted,0.3615384615384615,28.282628151199997,3.4734373224893216
1300,PANDIT,window-rate+weighted,0.2960526315789473,43.675065560500016,10.340418831121076
1084,PANDIT,window-rate+weighted,0.1083333333333333,6.323822497999995,0.959143217212774
7274,PANDIT,window-rate+weighted,0.2241379310344827,20.0242238798,2.5823564246156794
869,PANDIT,window-rate+weighted,0.2352941176470588,17.592783432600008,2.334177397982616
5773,PANDIT,window-rate+weighted,0.2236842105263158,15.006915208099992,2.149128744069185
316,PANDIT,window-rate+weighted,0.144927536231884,7.9663754564,1.5486677654849377
327,PANDIT,window-rate+weighted,0.2619047619047619,10.672886288200004,1.6890909713270932
7339,PANDIT,window-rate+weighted,0.0909090909090909,5.9083592445000015,1.29143274008257
283,PANDIT,window-rate+weighted,0.0531914893617021,5.2871857161,0.8379706880604275
6098,PANDIT,window-rate+weighted,0.4125874125874126,34.2403647471,6.075137893094382
892,PANDIT,window-rate+weighted,0.125,5.015575654300002,1.209050232677532
141,PANDIT,window-rate+weighted,0.1259842519685039,9.056073308099997,1.2777223823964916
2668,PANDIT,window-rate+weighted,0.3932584269662921,8.507372585599999,1.2482763212174126
3777,PANDIT,window-rate+weighted,0.1612903225806451,12.734007285899995,1.688144486431374
1646,PANDIT,window-rate+weighted,0.3835616438356164,23.345995243,3.997347739416479
2612,PANDIT,window-rate+weighted,0.3432835820895522,13.457345624200004,2.272404574622253
1367,PANDIT,window-rate+weighted,0.4105263157894737,22.582046797299988,2.6794291703670505
541,PANDIT,window-rate+weighted,0.2037037037037037,3.6708210891,0.7561578768810537
508,PANDIT,window-rate+weighted,0.3258426966292135,26.7219629662,4.170527728074767
460,PANDIT,window-rate+weighted,0.036144578313253,2.2621816153000003,0.4269657976841302
1489,PANDIT,window-rate+weighted,0.3888888888888889,34.7645185681,5.635009466759786
325,PANDIT,window-rate+weighted,0.106060606060606,7.003788346400001,1.0850649820858682
2604,PANDIT,window-rate+weighted,0.4404761904761904,40.90178836189999,7.94968174044985
256,PANDIT,window-rate+weighted,0.3333333333333333,13.550977737500002,2.308628141884763
2572,PANDIT,window-rate+weighted,0.2280701754385964,35.70221654039999,6.667115222498468
3670,PANDIT,window-rate+weighted,0.0833333333333333,9.5270775257,2.784433075077166
5038,PANDIT,window-rate+weighted,0.0597014925373134,2.846158926699999,0.454896600016567
1663,PANDIT,window-rate+weighted,0.1,13.510538509299998,2.9471457931878176
474,PANDIT,window-rate+weighted,0.032258064516129,2.7283301347,0.5179655497930342
67,PANDIT,window-rate+weighted,0.1372549019607843,3.7900654639,0.7326303953018275
559,PANDIT,window-rate+weighted,0.2105263157894736,5.657653270600001,1.1754894634824729
1238,PANDIT,window-rate+weighted,0.064516129032258,1.7852634885999998,0.5286649829758027
152,PANDIT,window-rate+weighted,0.0666666666666666,2.7313147558,0.5474648167287633
6120,PANDIT,window-rate+weighted,0.0943396226415094,6.2298942021,0.9430532322479064
996,PANDIT,window-rate+weighted,0.0588235294117647,7.227360509499997,1.4844129804425756
285,PANDIT,window-rate+weighted,0.4059405940594059,55.57124474359995,5.6012338632820695
850,PANDIT,window-rate+weighted,0.1111111111111111,8.2215050979,1.716979861811582
2162,PANDIT,window-rate+weighted,0.3648648648648648,16.9641391623,2.915788790043348
958,PANDIT,window-rate+weighted,0.073170731707317,15.061511902499996,2.4555544739703885
932,PANDIT,window-rate+weighted,0.0956521739130434,6.607178400100004,0.9655036596209684
1020,PANDIT,window-rate+weighted,0.1973684210526315,21.089743531700005,3.5287502103359456
43,PANDIT,window-rate+weighted,0.4054054054054054,8.9580791251,1.224061896497918
1055,PANDIT,window-rate+weighted,0.2375,18.142841614199988,3.212786800767641
7575,PANDIT,window-rate+weighted,0.3825503355704698,33.85966040320001,5.067292994387726
4559,PANDIT,window-rate+weighted,0.1666666666666666,6.3003372416,1.2595420168255165
2686,PANDIT,window-rate+weighted,0.1333333333333333,4.5635946851,1.06327945173866
1479,PANDIT,window-rate+weighted,0.2553191489361702,8.877163162300004,1.50714260277806
2301,PANDIT,window-rate+weighted,0.5203252032520326,54.58480248140002,8.991593156281631
1576,PANDIT,window-rate+weighted,0.0579710144927536,4.922724882199999,0.7472322547215252
428,PANDIT,window-rate+weighted,0.2033898305084746,11.2362119026,3.008437567643942
119,PANDIT,window-rate+weighted,0.0792079207920792,7.1311594402,1.0839459429046552
4425,PANDIT,window-rate+weighted,0.109375,5.8936300947000015,0.886737566900662
894,PANDIT,window-rate+weighted,0.0697674418604651,5.059873578600002,1.2556512307915613
2715,PANDIT,window-rate+weighted,0.1063829787234042,6.774755819199999,1.82819355496898
2904,PANDIT,window-rate+weighted,0.3596491228070175,28.26737590070001,4.029473856268745
7261,PANDIT,window-rate+weighted,0.5,127.98237984339995,16.127072155111787
7294,PANDIT,window-rate+weighted,0.0704225352112676,6.431443388899998,1.068909203748375
3328,PANDIT,window-rate+weighted,0.2206896551724138,16.207845104500002,1.9390729875934856
1283,PANDIT,window-rate+weighted,0.1707317073170731,3.390495742600001,0.8883962982029782
1029,PANDIT,window-rate+weighted,0.4,40.13646803929999,8.766606058561775
7277,PANDIT,window-rate+weighted,0.3305084745762712,21.289556160299995,3.65574440200221
6110,PANDIT,window-rate+weighted,0.2736842105263158,14.4306871435,2.1242961775154248
4109,PANDIT,window-rate+weighted,0.1081081081081081,5.199636891999998,0.7327197749950152
138,PANDIT,window-rate+weighted,0.54,102.22806758720002,14.095366111527404
1393,PANDIT,window-rate+weighted,0.0317460317460317,8.320269188899998,1.4934675576173395
7325,PANDIT,window-rate+weighted,0.2545454545454545,11.857415930099997,1.836498698340805
117,PANDIT,window-rate+weighted,0.3398058252427184,22.3089128379,6.400777652347169
1954,PANDIT,window-rate+weighted,0.2992125984251969,28.285354225,5.422783994151102
3351,PANDIT,window-rate+weighted,0.0416666666666666,7.555288069200001,1.6689863674345158
2197,PANDIT,window-rate+weighted,0.4213836477987421,64.55873953060004,11.487850792347176
2454,PANDIT,window-rate+weighted,0.3767123287671233,32.37427495250001,7.605288266301024
114,PANDIT,window-rate+weighted,0.1865671641791045,21.132236473500008,3.822816282450842
211,PANDIT,window-rate+weighted,0.1573033707865168,12.3675383617,3.271704877059187
400,PANDIT,window-rate+weighted,0.1818181818181818,6.245080704400002,1.023228979710224
822,PANDIT,window-rate+weighted,0.4,36.64776971079999,5.355876495307133
1346,PANDIT,window-rate+weighted,0.4516129032258064,50.25628134470002,13.53065744432184
3466,PANDIT,window-rate+weighted,0.0701754385964912,7.584638143100001,1.5454211609351622
286,PANDIT,window-rate+weighted,0.1097560975609756,6.652831621899997,1.1385994649823536
115,PANDIT,window-rate+weighted,0.1842105263157894,2.6623644615,0.5336799019264364
1697,PANDIT,window-rate+weighted,0.1794871794871795,9.438009584500008,1.4330251608686742
1185,PANDIT,window-rate+weighted,0.0833333333333333,2.6659056928000004,0.4830112830878127
4170,PANDIT,window-rate+weighted,0.1037735849056603,8.779302454000002,1.15951983633304
4954,PANDIT,window-rate+weighted,0.4105263157894737,21.3021122487,3.5834107587552264
7446,PANDIT,window-rate+weighted,0.1755725190839694,10.7766935786,1.2289689499077394
1469,PANDIT,window-rate+weighted,0.1466666666666666,7.952725414,1.2474205931378926
248,PANDIT,window-rate+weighted,0.425414364640884,50.895246971900015,7.233184094651763
1749,PANDIT,window-rate+weighted,0.3076923076923077,29.507084455500003,3.0897623983040785
1853,PANDIT,window-rate+weighted,0.0169491525423728,5.175455105099999,1.2549814654525495
87,PANDIT,window-rate+weighted,0.1917808219178082,7.608723284199998,1.324319946911726
90,PANDIT,window-rate+weighted,0.21875,31.217367489999997,4.794562058164079
659,PANDIT,window-rate+weighted,0.1111111111111111,5.5685791164000005,1.1308866535449824
600,PANDIT,window-rate+weighted,0.2432432432432432,12.570476861200008,1.8877361231599967
2524,PANDIT,window-rate+weighted,0.0263157894736842,2.6556384566999998,0.4765156392698591
1327,PANDIT,window-rate+weighted,0.0684931506849315,4.292288302799999,0.7572776644141249
7324,PANDIT,window-rate+weighted,0.0689655172413793,3.8555538875999993,0.7398501885526119
1552,PANDIT,window-rate+weighted,0.4581818181818182,93.1534350961,11.100384273078076
1404,PANDIT,window-rate+weighted,0.3490566037735849,26.7233857654,3.5052286700186603
2508,PANDIT,window-rate+weighted,0.073170731707317,18.5563000659,2.311570765107928
1053,PANDIT,window-rate+weighted,0.0704225352112676,7.4276116409,1.258533217299058
1147,PANDIT,window-rate+weighted,0.1546391752577319,7.740026999000002,1.1067779970952811
125,PANDIT,window-rate+weighted,0.0784313725490196,5.216019120900002,1.1203464914073331
263,PANDIT,window-rate+weighted,0.308080808080808,47.440742029499965,6.734113712501675
4037,PANDIT,window-rate+weighted,0.1184210526315789,8.348888663700002,1.194180640728851
206,PANDIT,window-rate+weighted,0.2391304347826087,8.851267620899998,1.304861512818153
132,PANDIT,window-rate+weighted,0.0396825396825396,6.3436455983,0.8086550571600305
101,PANDIT,window-rate+weighted,0.3858695652173913,50.05101868180003,6.822501518736077
2402,PANDIT,window-rate+weighted,0.0777777777777777,4.844354577400001,0.7003784988853493
106,PANDIT,window-rate+weighted,0.3132530120481928,44.36373704490002,9.71450964392984
65,PANDIT,window-rate+weighted,0.0625,4.1391354004,0.9786668603437544
2627,PANDIT,window-rate+weighted,0.4235294117647059,28.296068488600003,3.478769396671166
1735,PANDIT,window-rate+weighted,0.12,5.251763991900001,1.1072033581773235
1138,PANDIT,window-rate+weighted,0.3722627737226277,21.17592913660001,3.3401791152203537
6925,PANDIT,window-rate+weighted,0.1052631578947368,5.077981919700001,0.8450983160168617
241,PANDIT,window-rate+weighted,0.1838235294117647,14.4364536734,2.5686958567352822
40,PANDIT,window-rate+weighted,0.580952380952381,23.117040575400008,3.288630436480842
1184,PANDIT,window-rate+weighted,0.3541666666666667,44.845322863700005,9.310638160427438
1694,PANDIT,window-rate+weighted,0.044776119402985,4.735654372700001,0.9235429146836968
465,PANDIT,window-rate+weighted,0.1612903225806451,6.238844333399997,1.2426867775791912
477,PANDIT,window-rate+weighted,0.1666666666666666,9.502664047499998,1.6377296436581257
1470,PANDIT,window-rate+weighted,0.6549865229110512,173.81991933859996,16.44235026086737
4128,PANDIT,window-rate+weighted,0.3655172413793103,26.4719962315,3.177695289674376
2381,PANDIT,window-rate+weighted,0.3092783505154639,20.2535846366,3.867497816324386
3249,PANDIT,window-rate+weighted,0.0869565217391304,2.5731859873000005,0.6172097205671425
4615,PANDIT,window-rate+weighted,0.1167883211678832,18.136725263599992,3.056339727157471
2658,PANDIT,window-rate+weighted,0.1379310344827586,5.929545859899998,1.041451745463447
187,PANDIT,window-rate+weighted,0.4573991031390134,112.09395597249998,17.419130279385968
2583,PANDIT,window-rate+weighted,0.225,13.3861025777,2.4379497375913104
3129,PANDIT,window-rate+weighted,0.145631067961165,12.9231174194,1.9957840513465177
1063,PANDIT,window-rate+weighted,0.21875,8.936047433499997,1.194177090605722
307,PANDIT,window-rate+weighted,0.1772151898734177,15.643641470599997,2.694166594171609
884,PANDIT,window-rate+weighted,0.0625,2.0326593661,0.3891649238082899
2400,PANDIT,window-rate+weighted,0.1358024691358024,7.935418653200002,1.188437023660348
438,PANDIT,window-rate+weighted,0.1162790697674418,5.3097395506,1.34722672698684
2213,PANDIT,window-rate+weighted,0.2622950819672131,23.8082338794,6.494479483037721
435,PANDIT,window-rate+weighted,0.072289156626506,5.812813859399999,1.2278834615547145
60,PANDIT,window-rate+weighted,0.2532467532467532,24.751465228200008,4.050274633111076
200,PANDIT,window-rate+weighted,0.1290322580645161,3.9969163343000007,0.7595050219302354
3198,PANDIT,window-rate+weighted,0.0384615384615384,3.067464480299998,0.6992285753490871
7305,PANDIT,window-rate+weighted,0.0592105263157894,14.853760527900011,1.842549012347763
1863,PANDIT,window-rate+weighted,0.1129032258064516,6.212049496999999,1.1890824349468687
4147,PANDIT,window-rate+weighted,0.1265822784810126,11.2747720048,2.046036835287899
7576,PANDIT,window-rate+weighted,0.2075471698113207,14.321176703100004,3.6601208788673287
382,PANDIT,window-rate+weighted,0.1,5.5500883329,1.1483073798577574
1669,PANDIT,window-rate+weighted,0.2258064516129032,9.968172621699992,1.6626119109866762
222,PANDIT,window-rate+weighted,0.456043956043956,68.02277867040002,9.934208165330134
4696,PANDIT,window-rate+weighted,0.1971830985915492,1.5117429130999984,0.3145673340592563
3683,PANDIT,window-rate+weighted,0.1212121212121212,2.9936249177,0.4821844696778127
630,PANDIT,window-rate+weighted,0.3333333333333333,14.172446278300004,1.6842793857457496
443,PANDIT,window-rate+weighted,0.064516129032258,5.457155167999998,0.9599090054406146
2300,PANDIT,window-rate+weighted,0.1860465116279069,18.9646264079,2.528060348248813
925,PANDIT,window-rate+weighted,0.3888888888888889,15.915651007900014,1.925119231474663
1570,PANDIT,window-rate+weighted,0.0649350649350649,7.556518686000001,1.2971285591932271
0,PANDIT,window-rate+weighted,0.2786885245901639,10.721629176500002,2.0311043622776963
1329,PANDIT,window-rate+weighted,0.0459770114942528,11.6442362993,1.7184969644161714
629,PANDIT,window-rate+weighted,0.303030303030303,10.1694703882,1.215683024188755
7193,PANDIT,window-rate+weighted,0.1971830985915492,14.037914916300002,3.1439605354518583
6998,PANDIT,window-rate+weighted,0.0416666666666666,4.187582903200002,1.1364387841928605
501,PANDIT,window-rate+weighted,0.0444444444444444,1.7847079332000002,0.3950101735718641
1609,PANDIT,window-rate+weighted,0.2992125984251969,28.7018086139,3.624717012449085
379,PANDIT,window-rate+weighted,0.2413793103448276,19.404164573700008,3.920890301127226
99,PANDIT,window-rate+weighted,0.2916666666666667,15.108326966099996,2.245917005399094
1733,PANDIT,window-rate+weighted,0.3611111111111111,31.475402527900005,5.818735643165872
868,PANDIT,window-rate+weighted,0.1527777777777778,7.1681655229,1.1045844036615289
104,PANDIT,window-rate+weighted,0.2803738317757009,15.248402402899998,1.856863449714474
4704,PANDIT,window-rate+weighted,0.3796296296296296,50.34642191390001,13.961092780886585
566,PANDIT,window-rate+weighted,0.2845528455284553,52.72790138639997,11.034973122168717
80,PANDIT,window-rate+weighted,0.119047619047619,3.053290563800001,0.6377817480647093
7115,PANDIT,window-rate+weighted,0.044776119402985,2.3513182308000005,0.5071138699178047
2064,PANDIT,window-rate+weighted,0.3654618473895582,60.45119835429999,5.284119215951261
1372,PANDIT,window-rate+weighted,0.0714285714285714,6.0740966481,1.0584796686990792
553,PANDIT,window-rate+weighted,0.1294117647058823,3.8100732006,0.6262299214091636
1808,PANDIT,window-rate+weighted,0.0818181818181818,7.762444925399997,0.9982661340566016
2077,PANDIT,window-rate+weighted,0.2907801418439716,25.318226277499985,3.2377764067656694
469,PANDIT,window-rate+weighted,0.160377358490566,15.611436132499998,3.6781283907301456
634,PANDIT,window-rate+weighted,0.0757575757575757,5.8969271835,0.9422895816485068
3933,PANDIT,window-rate+weighted,0.2395833333333333,9.800073493299998,1.3530201608073638
430,PANDIT,window-rate+weighted,0.0461538461538461,5.632301307900001,1.174438121481666
1446,PANDIT,window-rate+weighted,0.2336448598130841,9.723000068799994,1.2231796165746422
8,PANDIT,window-rate+weighted,0.3561643835616438,54.5357822345,8.23061355537304
3687,PANDIT,window-rate+weighted,0.4672897196261682,50.4948375502,15.754187011017995
1094,PANDIT,window-rate+weighted,0.0789473684210526,8.969142839599995,1.7697878327581924
1688,PANDIT,window-rate+weighted,0.0196078431372549,4.2798058135,0.8568689005065263
938,PANDIT,window-rate+weighted,0.3194444444444444,18.119732312199996,3.291004219519569
2037,PANDIT,window-rate+weighted,0.0408163265306122,3.3950048684,0.6614081163510113
2840,PANDIT,window-rate+weighted,0.064516129032258,2.218173124,0.6608442146250519
176,PANDIT,window-rate+weighted,0.2083333333333333,7.660245045099999,1.3372270477760058
856,PANDIT,window-rate+weighted,0.0952380952380952,3.629344603700001,0.66392063781373
1851,PANDIT,window-rate+weighted,0.2515723270440251,28.047913123800008,4.5928520265834845
2917,PANDIT,window-rate+weighted,0.3571428571428571,8.326144653800002,1.3497723235973875
2466,PANDIT,window-rate+weighted,0.2857142857142857,13.0719712373,2.368123105277411
5363,PANDIT,window-rate+weighted,0.3089887640449438,69.236463501,11.50754047545664
5422,PANDIT,window-rate+weighted,0.25,18.3281257111,2.6010359921962576
2407,PANDIT,window-rate+weighted,0.417910447761194,62.41081324749998,9.284934515855843
514,PANDIT,window-rate+weighted,0.3333333333333333,8.537689870200003,1.2197915104220065
2647,PANDIT,window-rate+weighted,0.4158415841584158,27.767621063400004,6.197807627662682
513,PANDIT,window-rate+weighted,0.5575221238938053,49.4114386978,6.864711174212503
2714,PANDIT,window-rate+weighted,0.0803571428571428,6.9796931224000005,1.0041857031216883
2839,PANDIT,window-rate+weighted,0.0444444444444444,9.2792019485,2.051169598563684
610,PANDIT,window-rate+weighted,0.1527777777777778,6.244207861300004,1.0531631400356063
2022,PANDIT,window-rate+weighted,0.1944444444444444,14.849768511700002,2.578452848219675
976,PANDIT,window-rate+weighted,0.1372549019607843,3.7532837794,0.6763512199381143
6060,PANDIT,window-rate+weighted,0.0983606557377049,3.633288497,0.6172377548830331
2482,PANDIT,window-rate+weighted,0.25,8.086579939899998,1.3365016451841556
663,PANDIT,window-rate+weighted,0.3382352941176471,36.184512508400005,10.384387081838051
2874,PANDIT,window-rate+weighted,0.3538461538461538,14.323333327099997,2.7905505946007647
89,PANDIT,window-rate+weighted,0.5772357723577236,44.505353393,10.984532275523454
4483,PANDIT,window-rate+weighted,0.4065934065934066,14.22657134920001,1.9784378407144765
1302,PANDIT,window-rate+weighted,0.116504854368932,8.320435657699997,1.202687491551894
905,PANDIT,window-rate+weighted,0.031578947368421,4.986633796700002,0.6471798568002778
92,PANDIT,window-rate+weighted,0.1666666666666666,9.026886579600005,1.4212809528665984
2321,PANDIT,window-rate+weighted,0.1475409836065573,8.764899080200005,2.9824652008107524
2538,PANDIT,window-rate+weighted,0.1235955056179775,8.5442158503,1.33233597234215
877,PANDIT,window-rate+weighted,0.2290076335877862,14.550146258300003,2.6401882536349657
301,PANDIT,window-rate+weighted,0.0526315789473684,7.4048985958,1.8594408379752725
614,PANDIT,window-rate+weighted,0.4069767441860465,39.77123815740002,4.231932359157709
751,PANDIT,window-rate+weighted,0.2615384615384615,18.5588954524,2.306126435014374
2784,PANDIT,window-rate+weighted,0.2209302325581395,11.019608672100002,1.6042906635546104
2556,PANDIT,window-rate+weighted,0.2459016393442623,6.8995655911,1.2116252885701362
654,PANDIT,window-rate+weighted,0.0,4.6432589052000015,1.1818990114247792
3246,PANDIT,window-rate+weighted,0.1720430107526881,11.007981477200005,1.9086981599312671
1607,PANDIT,window-rate+weighted,0.0526315789473684,5.425591471299998,0.9785760057583834
1477,PANDIT,window-rate+weighted,0.2678571428571428,9.013993203200002,1.4867378360710268
109,PANDIT,window-rate+weighted,0.2830188679245283,16.42383985430001,2.996354675909642
7278,PANDIT,window-rate+weighted,0.2905027932960894,41.16744329150001,6.782173199062067
280,PANDIT,window-rate+weighted,0.391304347826087,92.12984211340004,12.119425685201746
541,PANDIT,window-rate+fastrfs,0.2037037037037037,3.6708210891,0.7561578768810537
3550,PANDIT,window-rate+fastrfs,0.1551724137931034,3.8947062422000007,0.6717910546429181
1409,PANDIT,window-rate+fastrfs,0.1875,8.4763922429,1.3804442216193558
705,PANDIT,window-rate+fastrfs,0.1078431372549019,8.528445723299999,1.125213132050274
523,PANDIT,window-rate+fastrfs,0.3695652173913043,10.0588920279,1.9165440939107352
2637,PANDIT,window-rate+fastrfs,0.1573033707865168,11.143214959100002,2.5247773025441838
7552,PANDIT,window-rate+fastrfs,0.025,4.4140611964000005,0.9059338971123329
381,PANDIT,window-rate+fastrfs,0.0892857142857142,2.0269689737000003,0.3604681601989556
3511,PANDIT,window-rate+fastrfs,0.1428571428571428,7.041437415100001,1.1250384844980066
4,PANDIT,window-rate+fastrfs,0.2580645161290322,7.587204668700003,1.277869744718361
1728,PANDIT,window-rate+fastrfs,0.4954954954954955,27.027621814499994,4.959757090635454
81,PANDIT,window-rate+fastrfs,0.0869565217391304,3.637261829999999,0.7490461218220776
59,PANDIT,window-rate+fastrfs,0.0208333333333333,3.7540042831,0.7719979145658887
1666,PANDIT,window-rate+fastrfs,0.0535714285714285,5.5191861472999975,0.7083668933362202
2572,PANDIT,window-rate+fastrfs,0.2280701754385964,35.702216540399974,6.667115222498466
5038,PANDIT,window-rate+fastrfs,0.0597014925373134,2.8461589267,0.4548966000165669
1663,PANDIT,window-rate+fastrfs,0.1,13.510538509300002,2.9471457931878176
6120,PANDIT,window-rate+fastrfs,0.0943396226415094,6.2298942021,0.9430532322479066
850,PANDIT,window-rate+fastrfs,0.1111111111111111,8.221505097900002,1.716979861811582
5,PANDIT,window-rate+fastrfs,0.3636363636363636,58.12994170899997,12.353073557340933
2253,PANDIT,window-rate+fastrfs,0.1228070175438596,8.417188769400004,1.3254495666151154
1426,PANDIT,window-rate+fastrfs,0.1343283582089552,5.872556661499997,0.990863981456558
229,PANDIT,window-rate+fastrfs,0.5380710659898477,66.80084846729999,8.694174106880551
1525,PANDIT,window-rate+fastrfs,0.2598425196850393,21.120073955,3.5555571957169385
1124,PANDIT,window-rate+fastrfs,0.1538461538461538,7.151365995400001,1.2991760400142554
2664,PANDIT,window-rate+fastrfs,0.4022988505747126,23.432627641399996,4.550432347854799
252,PANDIT,window-rate+fastrfs,0.1978021978021978,23.324990881599987,4.529739748594695
1802,PANDIT,window-rate+fastrfs,0.3697478991596639,23.274888201299984,2.527777749662717
318,PANDIT,window-rate+fastrfs,0.2277227722772277,20.644219472600007,2.7641477197837463
1203,PANDIT,window-rate+fastrfs,0.0428571428571428,4.462878700600003,0.7359816623861989
1796,PANDIT,window-rate+fastrfs,0.2328767123287671,10.566858988499998,1.589153904322225
133,PANDIT,window-rate+fastrfs,0.0547945205479452,10.3328426855,2.637576564627385
4320,PANDIT,window-rate+fastrfs,0.2358490566037736,17.2749019739,3.54295385282225
2236,PANDIT,window-rate+fastrfs,0.2717391304347826,10.262644724600005,1.438472722894249
7276,PANDIT,window-rate+fastrfs,0.1379310344827586,9.196911228200005,1.3741387008317922
500,PANDIT,window-rate+fastrfs,0.6759259259259259,276.63278982839984,25.495256280341877
1026,PANDIT,window-rate+fastrfs,0.0408163265306122,3.020843873900002,0.6483705860924119
865,PANDIT,window-rate+fastrfs,0.1847826086956521,7.243556044200001,0.950450571427572
6583,PANDIT,window-rate+fastrfs,0.1632653061224489,10.106701629499996,1.4341467227089617
7269,PANDIT,window-rate+fastrfs,0.0363636363636363,2.7074571037000004,0.4696435716056193
2582,PANDIT,window-rate+fastrfs,0.415929203539823,60.106949392399976,15.236738472757912
7261,PANDIT,window-rate+fastrfs,0.5,127.98237984339993,16.127072155111783
7294,PANDIT,window-rate+fastrfs,0.0704225352112676,6.431443388899999,1.068909203748375
7272,PANDIT,window-rate+fastrfs,0.238095238095238,16.924916873199994,2.5281403850733546
1657,PANDIT,window-rate+fastrfs,0.3189655172413793,52.03688166379999,9.80431869293992
7563,PANDIT,window-rate+fastrfs,0.1518987341772152,10.163011142600002,1.742486051210654
1029,PANDIT,window-rate+fastrfs,0.4,40.136468039299984,8.766606058561774
1380,PANDIT,window-rate+fastrfs,0.5238095238095238,30.47126057250001,8.130338636483435
1355,PANDIT,window-rate+fastrfs,0.0232558139534883,2.2391136904999995,0.5536336462400685
1167,PANDIT,window-rate+fastrfs,0.2068965517241379,12.4403141269,2.245693617910669
670,PANDIT,window-rate+fastrfs,0.1047619047619047,10.205422061200004,1.340725344557118
2765,PANDIT,window-rate+fastrfs,0.2805755395683453,23.43240981159999,3.5255634119777235
7325,PANDIT,window-rate+fastrfs,0.2545454545454545,11.8574159301,1.8364986983408045
2963,PANDIT,window-rate+fastrfs,0.1111111111111111,5.215511845499999,1.0277847989376556
881,PANDIT,window-rate+fastrfs,0.1343283582089552,12.0018228192,2.0595215593043994
540,PANDIT,window-rate+fastrfs,0.3043478260869565,10.4224340531,1.9431911615687971
3241,PANDIT,window-rate+fastrfs,0.4571428571428571,42.88620396699999,8.715185247262609
73,PANDIT,window-rate+fastrfs,0.203125,10.1295999175,1.7128420091644885
5070,PANDIT,window-rate+fastrfs,0.078125,5.219553736700001,0.8257522492835109
1156,PANDIT,window-rate+fastrfs,0.1372549019607843,2.4439910784,0.546712576341781
2541,PANDIT,window-rate+fastrfs,0.1486486486486486,3.4082262817,0.5234421705023179
7318,PANDIT,window-rate+fastrfs,0.0099009900990099,4.589227815600003,0.6077716219465571
340,PANDIT,window-rate+fastrfs,0.3703703703703703,25.664030808,5.946005828389519
2454,PANDIT,window-rate+fastrfs,0.3767123287671233,32.37427495250001,7.605288266301024
7315,PANDIT,window-rate+fastrfs,0.3776223776223776,50.20930809850002,11.10643810823314
400,PANDIT,window-rate+fastrfs,0.1818181818181818,6.245080704399999,1.0232289797102236
2943,PANDIT,window-rate+fastrfs,0.3194444444444444,49.35585962530002,10.005162527942984
3466,PANDIT,window-rate+fastrfs,0.0701754385964912,7.5846381431,1.5454211609351622
953,PANDIT,window-rate+fastrfs,0.4900662251655629,32.33912053520001,5.1466951950163
1325,PANDIT,window-rate+fastrfs,0.2235294117647059,10.682423255599996,1.4794907954407268
769,PANDIT,window-rate+fastrfs,0.3,15.566259190300007,1.9211275035545343
1116,PANDIT,window-rate+fastrfs,0.0491803278688524,5.531718068800002,1.236022971316496
4170,PANDIT,window-rate+fastrfs,0.1037735849056603,8.779302454,1.15951983633304
2405,PANDIT,window-rate+fastrfs,0.2795698924731182,18.9146427833,3.148784116107106
4687,PANDIT,window-rate+fastrfs,0.2342342342342342,20.545429968499977,3.346048113041057
76,PANDIT,window-rate+fastrfs,0.3105590062111801,45.540506855899984,8.206044189902817
633,PANDIT,window-rate+fastrfs,0.2627118644067797,27.14380805329998,4.246975038864383
149,PANDIT,window-rate+fastrfs,0.3018867924528302,23.261912571899995,5.866681209166949
2362,PANDIT,window-rate+fastrfs,0.048780487804878,5.566433843600001,1.1558653792309213
3532,PANDIT,window-rate+fastrfs,0.1733333333333333,15.263896163999998,2.47744478343502
1202,PANDIT,window-rate+fastrfs,0.2323232323232323,14.812220240899997,2.935477371548348
23,PANDIT,window-rate+fastrfs,0.3904761904761905,23.2555543199,3.005228578387208
248,PANDIT,window-rate+fastrfs,0.425414364640884,50.895246971800006,7.233184094648713
598,PANDIT,window-rate+fastrfs,0.1413043478260869,7.650691639599996,1.0712433132968209
2603,PANDIT,window-rate+fastrfs,0.0869565217391304,4.5508964343,1.268358606508935
2939,PANDIT,window-rate+fastrfs,0.1917808219178082,11.4699059486,2.087360184626721
6087,PANDIT,window-rate+fastrfs,0.3163265306122449,20.8469948633,3.42779523170243
1640,PANDIT,window-rate+fastrfs,0.1132075471698113,8.241020985300004,1.5165046954420207
678,PANDIT,window-rate+fastrfs,0.125,15.1607125945,1.954539079671556
1820,PANDIT,window-rate+fastrfs,0.3392857142857143,13.234528863899996,2.549931396195551
755,PANDIT,window-rate+fastrfs,0.3287671232876712,12.850788302799996,1.7723916117036318
321,PANDIT,window-rate+fastrfs,0.0,2.174878217999999,0.5843706581202346
3136,PANDIT,window-rate+fastrfs,0.2865497076023391,67.6512184106,14.423182845029748
556,PANDIT,window-rate+fastrfs,0.0,1.3241699205000006,0.312358697305308
1516,PANDIT,window-rate+fastrfs,0.1851851851851851,10.4898774034,1.3306311425047692
90,PANDIT,window-rate+fastrfs,0.21875,31.217367489999987,4.794562058164079
659,PANDIT,window-rate+fastrfs,0.1111111111111111,5.568579116399999,1.1308866535449822
702,PANDIT,window-rate+fastrfs,0.1549295774647887,8.417269158099995,1.3378228360530522
600,PANDIT,window-rate+fastrfs,0.2432432432432432,12.570476861200008,1.8877361231599967
7274,PANDIT,window-rate+fastrfs,0.2241379310344827,20.0242238798,2.5823564246156807
2499,PANDIT,window-rate+fastrfs,0.2024539877300613,30.80836993040002,4.2919375287522845
2524,PANDIT,window-rate+fastrfs,0.0263157894736842,2.6556384567,0.4765156392698591
316,PANDIT,window-rate+fastrfs,0.144927536231884,7.966375456400002,1.5486677654849377
1327,PANDIT,window-rate+fastrfs,0.0684931506849315,4.2922883028,0.757277664414125
1529,PANDIT,window-rate+fastrfs,0.3541666666666667,21.20413379619999,3.476583632383859
1604,PANDIT,window-rate+fastrfs,0.1690140845070422,8.484708843199996,1.262087359597447
7324,PANDIT,window-rate+fastrfs,0.0689655172413793,3.8555538875999993,0.7398501885526119
1300,PANDIT,window-rate+fastrfs,0.2960526315789473,43.67506556050002,10.340418831121076
141,PANDIT,window-rate+fastrfs,0.1259842519685039,9.056073308099997,1.2777223823964916
1404,PANDIT,window-rate+fastrfs,0.3490566037735849,26.7233857654,3.50522867001866
1053,PANDIT,window-rate+fastrfs,0.0704225352112676,7.427611640800003,1.258533217286969
7308,PANDIT,window-rate+fastrfs,0.3615384615384615,28.282628151099992,3.473437322479686
6098,PANDIT,window-rate+fastrfs,0.4125874125874126,34.2403647471,6.075137893094381
869,PANDIT,window-rate+fastrfs,0.2352941176470588,17.5927834326,2.334177397982616
1147,PANDIT,window-rate+fastrfs,0.1546391752577319,7.740026999,1.1067779970952814
892,PANDIT,window-rate+fastrfs,0.125,5.015575654300001,1.2090502326775316
125,PANDIT,window-rate+fastrfs,0.0784313725490196,5.216019120900001,1.1203464914073331
5773,PANDIT,window-rate+fastrfs,0.2236842105263158,15.006915208099995,2.149128744069186
2604,PANDIT,window-rate+fastrfs,0.4404761904761904,40.9017883619,7.949681740449851
1367,PANDIT,window-rate+fastrfs,0.4105263157894737,22.58204679730001,2.67942917036705
206,PANDIT,window-rate+fastrfs,0.2391304347826087,8.8512676209,1.3048615128181535
3670,PANDIT,window-rate+fastrfs,0.0833333333333333,9.527077525699998,2.784433075077166
283,PANDIT,window-rate+fastrfs,0.0531914893617021,5.287185716099996,0.8379706880604274
474,PANDIT,window-rate+fastrfs,0.032258064516129,2.728330134699999,0.5179655497930343
67,PANDIT,window-rate+fastrfs,0.1372549019607843,3.790065463899999,0.7326303953018273
559,PANDIT,window-rate+fastrfs,0.2105263157894736,5.657653270599999,1.1754894634824724
1238,PANDIT,window-rate+fastrfs,0.064516129032258,1.7852634885999998,0.5286649829758028
2668,PANDIT,window-rate+fastrfs,0.3932584269662921,8.5073725856,1.2482763212174124
152,PANDIT,window-rate+fastrfs,0.0666666666666666,2.7313147558,0.5474648167287636
996,PANDIT,window-rate+fastrfs,0.0588235294117647,7.227360509499997,1.4844129804425754
132,PANDIT,window-rate+fastrfs,0.0396825396825396,6.343645598299999,0.8086550571600304
1646,PANDIT,window-rate+fastrfs,0.3835616438356164,23.345995243,3.997347739416479
1489,PANDIT,window-rate+fastrfs,0.3888888888888889,34.76451856809999,5.635009466759786
325,PANDIT,window-rate+fastrfs,0.106060606060606,7.003788346400001,1.0850649820858684
932,PANDIT,window-rate+fastrfs,0.0956521739130434,6.607178400100004,0.9655036596209684
256,PANDIT,window-rate+fastrfs,0.3333333333333333,13.550977737499997,2.3086281418847627
4128,PANDIT,window-rate+fastrfs,0.3655172413793103,26.4719962315,3.1776952896743764
2627,PANDIT,window-rate+fastrfs,0.4235294117647059,28.29341079340001,3.47840372230077
1735,PANDIT,window-rate+fastrfs,0.12,5.251763991899999,1.1072033581773235
7575,PANDIT,window-rate+fastrfs,0.3825503355704698,33.85966040319999,5.067292994387727
4559,PANDIT,window-rate+fastrfs,0.1666666666666666,6.300337241699998,1.2595420168490372
2686,PANDIT,window-rate+fastrfs,0.1333333333333333,4.563594685099999,1.06327945173866
1479,PANDIT,window-rate+fastrfs,0.2553191489361702,8.8771631623,1.50714260277806
3129,PANDIT,window-rate+fastrfs,0.145631067961165,12.923117419399995,1.9957840513465177
307,PANDIT,window-rate+fastrfs,0.1772151898734177,15.643641470599997,2.694166594171609
884,PANDIT,window-rate+fastrfs,0.0625,2.0326593661,0.3891649238082899
438,PANDIT,window-rate+fastrfs,0.1162790697674418,5.309739550600002,1.3472267269868397
119,PANDIT,window-rate+fastrfs,0.0792079207920792,7.131159440199997,1.0839459429046554
2213,PANDIT,window-rate+fastrfs,0.2622950819672131,23.808233879400007,6.494479483037722
241,PANDIT,window-rate+fastrfs,0.1838235294117647,14.436453673399994,2.5686958567352827
435,PANDIT,window-rate+fastrfs,0.072289156626506,5.812813859399999,1.2278834615547138
2904,PANDIT,window-rate+fastrfs,0.3596491228070175,28.267375900699992,4.029473856268745
40,PANDIT,window-rate+fastrfs,0.580952380952381,23.117040575400008,3.2886304364808416
200,PANDIT,window-rate+fastrfs,0.1290322580645161,3.996916334300001,0.7595050219302355
1694,PANDIT,window-rate+fastrfs,0.044776119402985,4.735654372699999,0.9235429146836964
1863,PANDIT,window-rate+fastrfs,0.1129032258064516,6.2120494970000015,1.1890824349468687
4147,PANDIT,window-rate+fastrfs,0.1265822784810126,11.274772004799994,2.046036835287899
7277,PANDIT,window-rate+fastrfs,0.3305084745762712,21.28955616029999,3.65574440200221
382,PANDIT,window-rate+fastrfs,0.1,5.550088332899997,1.1483073798577574
2301,PANDIT,window-rate+fastrfs,0.5203252032520326,54.5848024814,8.99159315628163
4109,PANDIT,window-rate+fastrfs,0.1081081081081081,5.199636892,0.7327197749950151
1576,PANDIT,window-rate+fastrfs,0.0579710144927536,4.922724882200001,0.7472322547215252
428,PANDIT,window-rate+fastrfs,0.2033898305084746,11.2362119026,3.008437567643942
7566,PANDIT,window-rate+fastrfs,0.2211538461538461,5.375031175000001,0.7213121676456233
4425,PANDIT,window-rate+fastrfs,0.109375,5.893630094700002,0.886737566900662
2697,PANDIT,window-rate+fastrfs,0.0,3.827739667,0.6233359808122115
894,PANDIT,window-rate+fastrfs,0.0697674418604651,5.0598735786,1.2556512307915613
2715,PANDIT,window-rate+fastrfs,0.1063829787234042,6.7747558192,1.82819355496898
1493,PANDIT,window-rate+fastrfs,0.3294117647058823,19.357592257499995,2.8636025569225354
2197,PANDIT,window-rate+fastrfs,0.4213836477987421,64.55873953059996,11.487850792347176
211,PANDIT,window-rate+fastrfs,0.1573033707865168,12.3675383617,3.2717048770591863
286,PANDIT,window-rate+fastrfs,0.1097560975609756,6.652777218099997,1.138583675745113
115,PANDIT,window-rate+fastrfs,0.1842105263157894,2.6623644615,0.5336799019264364
1185,PANDIT,window-rate+fastrfs,0.0833333333333333,2.6659056928,0.4830112830878127
3328,PANDIT,window-rate+fastrfs,0.2206896551724138,16.2078451045,1.9390729875934851
138,PANDIT,window-rate+fastrfs,0.54,102.22806758709996,14.095366111487184
567,PANDIT,window-rate+fastrfs,0.4,24.485463642399992,3.900966441374748
1283,PANDIT,window-rate+fastrfs,0.1707317073170731,3.3904957426000006,0.888396298202978
4954,PANDIT,window-rate+fastrfs,0.4105263157894737,21.302112248500016,3.5834107587267336
6110,PANDIT,window-rate+fastrfs,0.2736842105263158,14.430687143499998,2.1242961775154243
983,PANDIT,window-rate+fastrfs,0.1034482758620689,10.435604304799996,1.6397270377650457
1393,PANDIT,window-rate+fastrfs,0.0317460317460317,8.3202691889,1.49346755761734
1954,PANDIT,window-rate+fastrfs,0.2992125984251969,28.28535422500001,5.422783994151103
3351,PANDIT,window-rate+fastrfs,0.0416666666666666,7.5552880692,1.6689863674345151
7446,PANDIT,window-rate+fastrfs,0.1755725190839694,10.7766935786,1.22896894990774
117,PANDIT,window-rate+fastrfs,0.3398058252427184,22.30891283790001,6.400777652347172
1045,PANDIT,window-rate+fastrfs,0.1782945736434108,28.434114067000017,4.185257029414135
1469,PANDIT,window-rate+fastrfs,0.1466666666666666,7.952725414,1.2474205931378928
822,PANDIT,window-rate+fastrfs,0.4,36.647769711,5.355876495330003
242,PANDIT,window-rate+fastrfs,0.109375,5.6876643795,1.1165876030205009
2592,PANDIT,window-rate+fastrfs,0.1981132075471698,18.4121244902,2.3862001865034537
114,PANDIT,window-rate+fastrfs,0.1865671641791045,21.134193965900007,3.823236287078549
700,PANDIT,window-rate+fastrfs,0.0517241379310344,3.5434437224,0.7052589778743111
1749,PANDIT,window-rate+fastrfs,0.3076923076923077,29.507084455500003,3.0897623983040785
1346,PANDIT,window-rate+fastrfs,0.4516129032258064,50.25628134470001,13.530657444321834
97,PANDIT,window-rate+fastrfs,0.0864197530864197,10.446316321800005,2.2566521232996246
1853,PANDIT,window-rate+fastrfs,0.0169491525423728,5.1754551051,1.2549814654525495
1697,PANDIT,window-rate+fastrfs,0.1794871794871795,9.438009584500008,1.4330251608686742
640,PANDIT,window-rate+fastrfs,0.2608695652173913,12.791251398400007,2.201320096648543
87,PANDIT,window-rate+fastrfs,0.1917808219178082,7.6087232842,1.3243199469117262
297,PANDIT,window-rate+fastrfs,0.4901960784313725,88.88483333109997,18.15179763254972
147,PANDIT,window-rate+fastrfs,0.109375,10.319903565799995,2.346338347644374
7145,PANDIT,window-rate+fastrfs,0.0961538461538461,4.435839430900001,0.7582768868778028
893,PANDIT,window-rate+fastrfs,0.1475409836065573,7.594232850199998,1.301318101224901
263,PANDIT,window-rate+fastrfs,0.308080808080808,47.4407420295,6.734113712501676
4037,PANDIT,window-rate+fastrfs,0.1184210526315789,8.348888663699999,1.194180640728851
461,PANDIT,window-rate+fastrfs,0.0769230769230769,6.535781287399999,0.8689783224219486
106,PANDIT,window-rate+fastrfs,0.3132530120481928,44.36373704489999,9.71450964392984
65,PANDIT,window-rate+fastrfs,0.0625,4.1391354004,0.9786668603437548
3209,PANDIT,window-rate+fastrfs,0.412087912087912,29.7945219761,4.682910983456777
1514,PANDIT,window-rate+fastrfs,0.1123595505617977,11.797648819299996,1.7561010266791497
1552,PANDIT,window-rate+fastrfs,0.4581818181818182,93.15343509609998,11.100384273078078
421,PANDIT,window-rate+fastrfs,0.1797752808988764,12.219687812199998,1.675617316867367
854,PANDIT,window-rate+fastrfs,0.1875,8.178607042200003,1.71766163067139
2508,PANDIT,window-rate+fastrfs,0.073170731707317,18.556631287599995,2.3116153935264254
7322,PANDIT,window-rate+fastrfs,0.2556390977443609,33.0974917777,5.360778601006127
153,PANDIT,window-rate+fastrfs,0.2677165354330709,37.087862543300005,6.166962355978719
187,PANDIT,window-rate+fastrfs,0.4573991031390134,112.09395597250004,17.41913027938597
1009,PANDIT,window-rate+fastrfs,0.0454545454545454,6.854626041199998,1.0696116085010463
60,PANDIT,window-rate+fastrfs,0.2532467532467532,24.751465228199997,4.050274633111076
3198,PANDIT,window-rate+fastrfs,0.0384615384615384,3.067464480299998,0.6992285753490871
101,PANDIT,window-rate+fastrfs,0.3858695652173913,50.05101868180003,6.822501518736077
131,PANDIT,window-rate+fastrfs,0.4217687074829932,41.47111205979997,6.545079276339422
2402,PANDIT,window-rate+fastrfs,0.0777777777777777,4.844354577400002,0.7003784988853492
7576,PANDIT,window-rate+fastrfs,0.2075471698113207,14.321176703100006,3.6601208788673287
220,PANDIT,window-rate+fastrfs,0.2637362637362637,17.125502312099997,3.5504720262585425
1669,PANDIT,window-rate+fastrfs,0.2258064516129032,9.968172621699996,1.6626119109866762
4696,PANDIT,window-rate+fastrfs,0.1971830985915492,1.5117429130999984,0.3145673340592563
168,PANDIT,window-rate+fastrfs,0.2100840336134453,6.914735673500004,0.915299115061746
925,PANDIT,window-rate+fastrfs,0.3888888888888889,15.915651007900006,1.9251192314746632
1097,PANDIT,window-rate+fastrfs,0.1521739130434782,9.9699903753,2.0758335180699428
1470,PANDIT,window-rate+fastrfs,0.6549865229110512,173.8199193385999,16.442350260867368
0,PANDIT,window-rate+fastrfs,0.2786885245901639,10.721629176500002,2.0311043622776963
2381,PANDIT,window-rate+fastrfs,0.3092783505154639,20.2487501741,3.866481940222273
1138,PANDIT,window-rate+fastrfs,0.3722627737226277,21.175929136800008,3.3401791152297715
3249,PANDIT,window-rate+fastrfs,0.0869565217391304,2.5731859873000005,0.6172097205671424
204,PANDIT,window-rate+fastrfs,0.0887096774193548,6.8998319418000005,1.3244104663413585
6925,PANDIT,window-rate+fastrfs,0.1052631578947368,5.077887571600001,0.8450804238138814
2658,PANDIT,window-rate+fastrfs,0.1379310344827586,5.929545859899998,1.041451745463447
194,PANDIT,window-rate+fastrfs,0.0526315789473684,4.3047882483,0.6641054565800644
2583,PANDIT,window-rate+fastrfs,0.225,13.3861025777,2.43794973759131
1609,PANDIT,window-rate+fastrfs,0.2992125984251969,28.70180861390001,3.624717012449084
7320,PANDIT,window-rate+fastrfs,0.2403846153846154,10.925887317199996,1.333478148863324
1733,PANDIT,window-rate+fastrfs,0.3611111111111111,31.475894819099995,5.818832203626451
1184,PANDIT,window-rate+fastrfs,0.3541666666666667,44.84532286370001,9.310638160473388
868,PANDIT,window-rate+fastrfs,0.1527777777777778,7.168165522900001,1.1045844036615289
465,PANDIT,window-rate+fastrfs,0.1612903225806451,6.238844333399999,1.2426867775791912
1084,PANDIT,window-rate+fastrfs,0.1083333333333333,6.323822497999999,0.959143217212774
7305,PANDIT,window-rate+fastrfs,0.0592105263157894,14.85376052790001,1.8425490123477624
477,PANDIT,window-rate+fastrfs,0.1666666666666666,9.502664047499998,1.6377296436581257
327,PANDIT,window-rate+fastrfs,0.2619047619047619,10.672886288099996,1.689090971322558
7339,PANDIT,window-rate+fastrfs,0.0909090909090909,5.908359244499999,1.2914327400825698
4704,PANDIT,window-rate+fastrfs,0.3796296296296296,50.3464219139,13.961092780886585
7115,PANDIT,window-rate+fastrfs,0.044776119402985,2.3513182308000005,0.5071138699178047
2300,PANDIT,window-rate+fastrfs,0.1860465116279069,18.9646264079,2.5280603482488133
3777,PANDIT,window-rate+fastrfs,0.1612903225806451,12.7340072859,1.688144486431374
4615,PANDIT,window-rate+fastrfs,0.1167883211678832,18.136725263599995,3.05633972715747
2612,PANDIT,window-rate+fastrfs,0.3432835820895522,13.457345624200006,2.272404574622254
629,PANDIT,window-rate+fastrfs,0.303030303030303,10.169470388200006,1.2156830241887548
501,PANDIT,window-rate+fastrfs,0.0444444444444444,1.7847079332000009,0.395010173571864
2077,PANDIT,window-rate+fastrfs,0.2907801418439716,25.31822627749999,3.237776406765669
508,PANDIT,window-rate+fastrfs,0.3258426966292135,26.7219629662,4.170527728074768
1063,PANDIT,window-rate+fastrfs,0.21875,8.936047433499999,1.194177090605722
634,PANDIT,window-rate+fastrfs,0.0757575757575757,5.896927183499997,0.9422895816485064
630,PANDIT,window-rate+fastrfs,0.3333333333333333,14.172446278300004,1.6842793857457494
430,PANDIT,window-rate+fastrfs,0.0461538461538461,5.632301307900001,1.174438121481666
460,PANDIT,window-rate+fastrfs,0.036144578313253,2.2621816153,0.42696579768413
2400,PANDIT,window-rate+fastrfs,0.1358024691358024,7.935418653200003,1.188437023660348
3687,PANDIT,window-rate+fastrfs,0.4672897196261682,50.49483755019999,15.754187011017995
222,PANDIT,window-rate+fastrfs,0.456043956043956,68.0227786703,9.9342081653297
285,PANDIT,window-rate+fastrfs,0.4059405940594059,55.57124474359996,5.6012338632820695
5363,PANDIT,window-rate+fastrfs,0.3089887640449438,69.23646350100002,11.507540475456638
3683,PANDIT,window-rate+fastrfs,0.1212121212121212,2.993624917700001,0.4821844696778128
2162,PANDIT,window-rate+fastrfs,0.3648648648648648,16.9641391623,2.915788790043348
443,PANDIT,window-rate+fastrfs,0.064516129032258,5.457155168000001,0.9599090054406146
958,PANDIT,window-rate+fastrfs,0.073170731707317,15.061511902499998,2.455554473970388
2647,PANDIT,window-rate+fastrfs,0.4158415841584158,27.767621063500016,6.197807627664805
1570,PANDIT,window-rate+fastrfs,0.0649350649350649,7.556518686000001,1.2971285591932271
1020,PANDIT,window-rate+fastrfs,0.1973684210526315,21.089743531700005,3.5287502103359456
610,PANDIT,window-rate+fastrfs,0.1527777777777778,6.244207861300001,1.0531631400356067
976,PANDIT,window-rate+fastrfs,0.1372549019607843,3.7532837794000007,0.6763512199381143
1329,PANDIT,window-rate+fastrfs,0.0459770114942528,11.644236299299996,1.7184969644161718
2064,PANDIT,window-rate+fastrfs,0.3654618473895582,60.45119835429998,5.284119215951261
663,PANDIT,window-rate+fastrfs,0.3382352941176471,36.184512508400005,10.384387081838051
7193,PANDIT,window-rate+fastrfs,0.1971830985915492,14.037914916299998,3.1439605354518587
6998,PANDIT,window-rate+fastrfs,0.0416666666666666,4.1875829032,1.1364387841928605
43,PANDIT,window-rate+fastrfs,0.4054054054054054,8.958079125099998,1.2240618964979175
1808,PANDIT,window-rate+fastrfs,0.0818181818181818,7.7624449254,0.9982661340566016
1055,PANDIT,window-rate+fastrfs,0.2375,18.142841614199995,3.21278680076764
1302,PANDIT,window-rate+fastrfs,0.116504854368932,8.320435657700001,1.202687491551894
80,PANDIT,window-rate+fastrfs,0.119047619047619,3.0532905638000005,0.6377817480647093
92,PANDIT,window-rate+fastrfs,0.1666666666666666,9.0268865796,1.4212809528665984
3933,PANDIT,window-rate+fastrfs,0.2395833333333333,9.800073493299996,1.3530201608073638
99,PANDIT,window-rate+fastrfs,0.2916666666666667,15.108326966099996,2.2459170053990936
1372,PANDIT,window-rate+fastrfs,0.0714285714285714,6.0740966481,1.0584796686990792
2874,PANDIT,window-rate+fastrfs,0.3538461538461538,14.323333327099997,2.7905505946007643
553,PANDIT,window-rate+fastrfs,0.1294117647058823,3.810073200600001,0.6262299214091634
4483,PANDIT,window-rate+fastrfs,0.4065934065934066,14.226571349200004,1.9784378407144765
104,PANDIT,window-rate+fastrfs,0.2803738317757009,15.248402402899996,1.8568634497144745
469,PANDIT,window-rate+fastrfs,0.160377358490566,15.611436132500002,3.6781283907301456
938,PANDIT,window-rate+fastrfs,0.3194444444444444,18.1197323122,3.291004219519569
176,PANDIT,window-rate+fastrfs,0.2083333333333333,7.660245045099999,1.337227047776006
566,PANDIT,window-rate+fastrfs,0.2845528455284553,52.72730176909998,11.034837418835934
1446,PANDIT,window-rate+fastrfs,0.2336448598130841,9.723000068799996,1.2231796165746422
379,PANDIT,window-rate+fastrfs,0.2413793103448276,19.40416457370001,3.920890301127226
2407,PANDIT,window-rate+fastrfs,0.417910447761194,62.41032788139995,9.2847852950361
514,PANDIT,window-rate+fastrfs,0.3333333333333333,8.537689870199998,1.219791510422006
1851,PANDIT,window-rate+fastrfs,0.2515723270440251,28.0479131238,4.592852026583485
2917,PANDIT,window-rate+fastrfs,0.3571428571428571,8.326144653800004,1.3497723235973875
2466,PANDIT,window-rate+fastrfs,0.2857142857142857,13.071728357600003,2.368132121731221
89,PANDIT,window-rate+fastrfs,0.5772357723577236,44.50535339300002,10.984532275523454
513,PANDIT,window-rate+fastrfs,0.5575221238938053,49.4114386978,6.864711174212505
2022,PANDIT,window-rate+fastrfs,0.1944444444444444,14.849768511700002,2.5784528482196745
6060,PANDIT,window-rate+fastrfs,0.0983606557377049,3.633288497,0.6172377548830331
856,PANDIT,window-rate+fastrfs,0.0952380952380952,3.629344603700001,0.6639206378137301
280,PANDIT,window-rate+fastrfs,0.391304347826087,92.12984211339996,12.119425685201746
3246,PANDIT,window-rate+fastrfs,0.1720430107526881,11.0079814772,1.9086981599312676
8,PANDIT,window-rate+fastrfs,0.3561643835616438,54.53578223449999,8.23061355537304
1607,PANDIT,window-rate+fastrfs,0.0526315789473684,5.425591471299999,0.9785760057583832
5422,PANDIT,window-rate+fastrfs,0.25,18.328125711,2.601035992184408
614,PANDIT,window-rate+fastrfs,0.4069767441860465,39.77123815740002,4.231932359157708
1094,PANDIT,window-rate+fastrfs,0.0789473684210526,8.9691428396,1.7697878327581924
1688,PANDIT,window-rate+fastrfs,0.0196078431372549,4.2798058135,0.8568689005065264
2784,PANDIT,window-rate+fastrfs,0.2209302325581395,11.019608672100007,1.6042906635546108
2037,PANDIT,window-rate+fastrfs,0.0408163265306122,3.3950048684000005,0.6614081163510113
2840,PANDIT,window-rate+fastrfs,0.064516129032258,2.2181731240000007,0.6608442146250519
2714,PANDIT,window-rate+fastrfs,0.0803571428571428,6.979693122400003,1.0041857031216888
2839,PANDIT,window-rate+fastrfs,0.0444444444444444,9.2792019485,2.0511695985636846
2556,PANDIT,window-rate+fastrfs,0.2459016393442623,6.899565591099999,1.2116252885701362
654,PANDIT,window-rate+fastrfs,0.0,4.642334067699999,1.1816143787277802
1477,PANDIT,window-rate+fastrfs,0.2678571428571428,9.0139932032,1.4867378360710268
2482,PANDIT,window-rate+fastrfs,0.25,8.086579939899998,1.3365016451841554
2321,PANDIT,window-rate+fastrfs,0.1475409836065573,8.764899080200005,2.982465200810753
905,PANDIT,window-rate+fastrfs,0.031578947368421,4.9866337967,0.6471798568002778
2538,PANDIT,window-rate+fastrfs,0.1235955056179775,8.544215850299999,1.33233597234215
109,PANDIT,window-rate+fastrfs,0.2830188679245283,16.423839854300013,2.996354675909644
301,PANDIT,window-rate+fastrfs,0.0526315789473684,7.4048985958,1.8594408379752725
877,PANDIT,window-rate+fastrfs,0.2290076335877862,14.550146258300003,2.6401882536349657
7278,PANDIT,window-rate+fastrfs,0.2905027932960894,41.1674432915,6.782173199062066
751,PANDIT,window-rate+fastrfs,0.2615384615384615,18.5588954524,2.306126435014375
541,PANDIT,softbioblock+weighted,0.2037037037037037,3.6708210891,0.7561578768810536
3550,PANDIT,softbioblock+weighted,0.1551724137931034,3.894706242200001,0.6717910546429181
1409,PANDIT,softbioblock+weighted,0.1875,8.476392242899996,1.3804442216193558
705,PANDIT,softbioblock+weighted,0.1078431372549019,8.528445723299997,1.1252131320502738
523,PANDIT,softbioblock+weighted,0.3695652173913043,10.0588920279,1.9165440939107348
2637,PANDIT,softbioblock+weighted,0.1573033707865168,11.143214959100003,2.5247773025441838
7552,PANDIT,softbioblock+weighted,0.025,4.4140611964,0.9059338971123329
381,PANDIT,softbioblock+weighted,0.0892857142857142,2.0269689737000003,0.3604681601989555
3511,PANDIT,softbioblock+weighted,0.1428571428571428,7.041437415100001,1.1250384844980066
4,PANDIT,softbioblock+weighted,0.2580645161290322,7.587204668700002,1.277869744718361
1728,PANDIT,softbioblock+weighted,0.4954954954954955,27.02762181450001,4.959757090635454
81,PANDIT,softbioblock+weighted,0.0869565217391304,3.63726183,0.7490461218220775
59,PANDIT,softbioblock+weighted,0.0208333333333333,3.754004283099999,0.7719979145658887
1666,PANDIT,softbioblock+weighted,0.0535714285714285,5.519186147299998,0.7083668933362202
2572,PANDIT,softbioblock+weighted,0.2280701754385964,35.702216540399995,6.667115222498468
5038,PANDIT,softbioblock+weighted,0.0597014925373134,2.8461589267000003,0.454896600016567
1663,PANDIT,softbioblock+weighted,0.1,13.510538509299996,2.947145793187817
6120,PANDIT,softbioblock+weighted,0.0943396226415094,6.2298942021,0.9430532322479064
850,PANDIT,softbioblock+weighted,0.1111111111111111,8.221505097900002,1.716979861811582
5,PANDIT,softbioblock+weighted,0.3636363636363636,58.12994170900002,12.353073557340933
2253,PANDIT,softbioblock+weighted,0.1228070175438596,8.417188769400001,1.3254495666151151
1426,PANDIT,softbioblock+weighted,0.1343283582089552,5.872556661499997,0.990863981456558
229,PANDIT,softbioblock+weighted,0.5380710659898477,66.80084846730001,8.694174106880551
1124,PANDIT,softbioblock+weighted,0.1538461538461538,7.151365995500001,1.2991760400526764
1525,PANDIT,softbioblock+weighted,0.2598425196850393,21.120073955,3.555557195716939
252,PANDIT,softbioblock+weighted,0.1978021978021978,23.324990881599984,4.529739748594695
2664,PANDIT,softbioblock+weighted,0.4022988505747126,23.4326276414,4.550432347854799
318,PANDIT,softbioblock+weighted,0.2277227722772277,20.64421947260001,2.7641477197837463
1802,PANDIT,softbioblock+weighted,0.3697478991596639,23.27488820129998,2.527777749662717
1203,PANDIT,softbioblock+weighted,0.0428571428571428,4.462878700600003,0.7359816623861988
4320,PANDIT,softbioblock+weighted,0.2358490566037736,17.274901973899993,3.5429538528222504
1796,PANDIT,softbioblock+weighted,0.2328767123287671,10.566858988500003,1.5891539043222245
133,PANDIT,softbioblock+weighted,0.0547945205479452,10.3328426855,2.637576564627385
7276,PANDIT,softbioblock+weighted,0.1379310344827586,9.1969112282,1.374138700831793
2236,PANDIT,softbioblock+weighted,0.2717391304347826,10.2626447246,1.438472722894249
500,PANDIT,softbioblock+weighted,0.7530864197530864,299.4126669001997,23.561422652867
1026,PANDIT,softbioblock+weighted,0.0408163265306122,3.020843873900001,0.6483705860924119
6583,PANDIT,softbioblock+weighted,0.1632653061224489,10.106701629400003,1.4341467226757365
7261,PANDIT,softbioblock+weighted,0.5,127.98237984339994,16.127072155111787
865,PANDIT,softbioblock+weighted,0.1847826086956521,7.243556044199999,0.9504505714275724
7294,PANDIT,softbioblock+weighted,0.0704225352112676,6.431443388899998,1.068909203748375
7269,PANDIT,softbioblock+weighted,0.0363636363636363,2.707457103700001,0.4696435716056194
2582,PANDIT,softbioblock+weighted,0.415929203539823,60.106949392399976,15.236738472757912
1657,PANDIT,softbioblock+weighted,0.3189655172413793,52.03688166379999,9.80431869293992
1029,PANDIT,softbioblock+weighted,0.4,40.13646803929998,8.766606058561772
7272,PANDIT,softbioblock+weighted,0.238095238095238,16.924916873200008,2.528140385073355
7563,PANDIT,softbioblock+weighted,0.1518987341772152,10.163011142600006,1.7424860512106537
1380,PANDIT,softbioblock+weighted,0.5238095238095238,30.471260572500007,8.130338636483437
1355,PANDIT,softbioblock+weighted,0.0232558139534883,2.2391136905000013,0.5536336462400686
7325,PANDIT,softbioblock+weighted,0.2545454545454545,11.857415930099997,1.8364986983408051
2765,PANDIT,softbioblock+weighted,0.2805755395683453,23.43240981159998,3.525563411977723
1167,PANDIT,softbioblock+weighted,0.2068965517241379,12.440314126900002,2.245693617910669
881,PANDIT,softbioblock+weighted,0.1343283582089552,12.0018228192,2.0595215593044
670,PANDIT,softbioblock+weighted,0.1047619047619047,10.2054220612,1.340725344557118
5070,PANDIT,softbioblock+weighted,0.078125,5.219553736700001,0.825752249283511
3241,PANDIT,softbioblock+weighted,0.4571428571428571,42.88620396700001,8.715185247262609
2963,PANDIT,softbioblock+weighted,0.1111111111111111,5.2155118455,1.0277847989376556
2541,PANDIT,softbioblock+weighted,0.1486486486486486,3.408226281699999,0.5234421705023178
540,PANDIT,softbioblock+weighted,0.3043478260869565,10.422434053100003,1.9431911615687976
73,PANDIT,softbioblock+weighted,0.203125,10.1295999175,1.7128420091644887
1156,PANDIT,softbioblock+weighted,0.1372549019607843,2.4439910784,0.5467125763417809
2454,PANDIT,softbioblock+weighted,0.3767123287671233,32.3742749525,7.605288266301022
7318,PANDIT,softbioblock+weighted,0.0099009900990099,4.5892278156,0.6077716219465571
340,PANDIT,softbioblock+weighted,0.3703703703703703,25.664030808000007,5.946005828389519
400,PANDIT,softbioblock+weighted,0.1818181818181818,6.245080704400001,1.023228979710224
3466,PANDIT,softbioblock+weighted,0.0701754385964912,7.5846381431,1.5454211609351625
7315,PANDIT,softbioblock+weighted,0.3776223776223776,50.20930809850003,11.106438108233135
769,PANDIT,softbioblock+weighted,0.3,15.566259190300002,1.9211275035545337
4170,PANDIT,softbioblock+weighted,0.1037735849056603,8.779302454000005,1.15951983633304
2943,PANDIT,softbioblock+weighted,0.3194444444444444,49.3558596253,10.005162527942984
1116,PANDIT,softbioblock+weighted,0.0491803278688524,5.531718068800001,1.2360229713164956
953,PANDIT,softbioblock+weighted,0.4900662251655629,32.3391205351,5.146695195013852
1325,PANDIT,softbioblock+weighted,0.2235294117647059,10.682423255599998,1.4794907954407268
4687,PANDIT,softbioblock+weighted,0.2342342342342342,20.545429968499995,3.346048113041058
2405,PANDIT,softbioblock+weighted,0.2795698924731182,18.914642783200005,3.148784116100672
149,PANDIT,softbioblock+weighted,0.3018867924528302,23.2619125719,5.866681209166948
2362,PANDIT,softbioblock+weighted,0.048780487804878,5.566433843599998,1.1558653792309213
76,PANDIT,softbioblock+weighted,0.3105590062111801,45.5405068561,8.206044190017346
248,PANDIT,softbioblock+weighted,0.425414364640884,50.8952469719,7.233184094651764
23,PANDIT,softbioblock+weighted,0.3904761904761905,23.25555431990001,3.0052285783872072
1202,PANDIT,softbioblock+weighted,0.2323232323232323,14.812220240899991,2.935477371548348
633,PANDIT,softbioblock+weighted,0.2627118644067797,27.143808053299985,4.246975038864384
2603,PANDIT,softbioblock+weighted,0.0869565217391304,4.5508964343,1.268358606508935
3532,PANDIT,softbioblock+weighted,0.1733333333333333,15.263896163999997,2.4774447834350197
598,PANDIT,softbioblock+weighted,0.1413043478260869,7.650691639599998,1.0712433132968209
2939,PANDIT,softbioblock+weighted,0.1917808219178082,11.469905948600006,2.087360184626721
6087,PANDIT,softbioblock+weighted,0.3163265306122449,20.8469948633,3.42779523170243
1640,PANDIT,softbioblock+weighted,0.1132075471698113,8.2410209853,1.5165046954420205
1820,PANDIT,softbioblock+weighted,0.3392857142857143,13.234528863899998,2.549931396195551
90,PANDIT,softbioblock+weighted,0.21875,31.217367489999983,4.79456205816408
321,PANDIT,softbioblock+weighted,0.0,2.1748782179999995,0.5843706581202346
659,PANDIT,softbioblock+weighted,0.1111111111111111,5.568579116400001,1.1308866535449826
3136,PANDIT,softbioblock+weighted,0.2865497076023391,67.6512184104,14.42318284501426
556,PANDIT,softbioblock+weighted,0.0,1.3241699205000006,0.3123586973053081
600,PANDIT,softbioblock+weighted,0.2432432432432432,12.5704768612,1.887736123159997
2524,PANDIT,softbioblock+weighted,0.0263157894736842,2.655638456700001,0.4765156392698591
678,PANDIT,softbioblock+weighted,0.125,15.160712594499994,1.9545390796715567
1327,PANDIT,softbioblock+weighted,0.0684931506849315,4.292288302799999,0.757277664414125
755,PANDIT,softbioblock+weighted,0.3287671232876712,12.850788302799996,1.7723916117036318
7274,PANDIT,softbioblock+weighted,0.2241379310344827,20.024223879799997,2.5823564246156803
7324,PANDIT,softbioblock+weighted,0.0689655172413793,3.8555538876,0.7398501885526119
316,PANDIT,softbioblock+weighted,0.144927536231884,7.966375456399999,1.5486677654849377
2499,PANDIT,softbioblock+weighted,0.2024539877300613,30.80836993040002,4.2919375287522845
1404,PANDIT,softbioblock+weighted,0.3490566037735849,26.7233857654,3.50522867001866
1529,PANDIT,softbioblock+weighted,0.3541666666666667,21.204133796199987,3.4765836323838597
141,PANDIT,softbioblock+weighted,0.1259842519685039,9.056073308099998,1.2777223823964914
1053,PANDIT,softbioblock+weighted,0.0704225352112676,7.427611640800003,1.258533217286969
1516,PANDIT,softbioblock+weighted,0.1851851851851851,10.489877403399994,1.330631142504769
1604,PANDIT,softbioblock+weighted,0.1690140845070422,8.484708843199998,1.262087359597447
702,PANDIT,softbioblock+weighted,0.1549295774647887,8.417269158099996,1.3378228360530522
1147,PANDIT,softbioblock+weighted,0.1546391752577319,7.7399982937,1.1067820472848595
125,PANDIT,softbioblock+weighted,0.0784313725490196,5.216019120900001,1.1203464914073331
7308,PANDIT,softbioblock+weighted,0.3615384615384615,28.282628151099992,3.4734373224796857
206,PANDIT,softbioblock+weighted,0.2391304347826087,8.851267620900002,1.304861512818153
869,PANDIT,softbioblock+weighted,0.2352941176470588,17.592783432600005,2.334177397982616
2604,PANDIT,softbioblock+weighted,0.4404761904761904,40.90178836189998,7.949681740449851
1300,PANDIT,softbioblock+weighted,0.2960526315789473,43.67506556050005,10.34041883112108
5773,PANDIT,softbioblock+weighted,0.2236842105263158,15.0069152081,2.149128744069185
132,PANDIT,softbioblock+weighted,0.0396825396825396,6.343645598300002,0.8086550571600306
3670,PANDIT,softbioblock+weighted,0.0833333333333333,9.5270775257,2.784433075077166
474,PANDIT,softbioblock+weighted,0.032258064516129,2.7283301347,0.5179655497930344
283,PANDIT,softbioblock+weighted,0.0531914893617021,5.287185716099997,0.8379706880604275
67,PANDIT,softbioblock+weighted,0.1372549019607843,3.7900654639,0.7326303953018273
559,PANDIT,softbioblock+weighted,0.2105263157894736,5.657653270600001,1.1754894634824726
1238,PANDIT,softbioblock+weighted,0.064516129032258,1.7852634886,0.5286649829758028
152,PANDIT,softbioblock+weighted,0.0666666666666666,2.7313147557999997,0.5474648167287635
996,PANDIT,softbioblock+weighted,0.0588235294117647,7.227360509499998,1.4844129804425754
2668,PANDIT,softbioblock+weighted,0.3932584269662921,8.507372585600004,1.2482763212174126
1646,PANDIT,softbioblock+weighted,0.3835616438356164,23.345995242999997,3.997347739416479
6098,PANDIT,softbioblock+weighted,0.4125874125874126,34.2403647471,6.075137893094382
892,PANDIT,softbioblock+weighted,0.125,5.015575654300003,1.2090502326775316
932,PANDIT,softbioblock+weighted,0.0956521739130434,6.607178400100006,0.9655036596209686
2627,PANDIT,softbioblock+weighted,0.4235294117647059,28.29244127770002,3.4782706666447827
1735,PANDIT,softbioblock+weighted,0.12,5.251763991899998,1.1072033581773235
7566,PANDIT,softbioblock+weighted,0.2211538461538461,5.375031174999998,0.7213121676456234
2697,PANDIT,softbioblock+weighted,0.0,3.827739667,0.6233359808122115
1367,PANDIT,softbioblock+weighted,0.4105263157894737,22.582046797300013,2.67942917036705
1493,PANDIT,softbioblock+weighted,0.3294117647058823,19.3575922575,2.863602556922536
7575,PANDIT,softbioblock+weighted,0.3825503355704698,33.8596604032,5.067292994387726
4559,PANDIT,softbioblock+weighted,0.1666666666666666,6.3003372416,1.2595420168255165
2686,PANDIT,softbioblock+weighted,0.1333333333333333,4.563594685099999,1.06327945173866
241,PANDIT,softbioblock+weighted,0.1838235294117647,14.436453673399996,2.5686958567352827
1479,PANDIT,softbioblock+weighted,0.2553191489361702,8.8771631623,1.50714260277806
1489,PANDIT,softbioblock+weighted,0.3888888888888889,34.76451856809999,5.635009466759785
40,PANDIT,softbioblock+weighted,0.580952380952381,23.11704057540001,3.2886304364808416
567,PANDIT,softbioblock+weighted,0.4,24.485463642399992,3.9009664413747474
119,PANDIT,softbioblock+weighted,0.0792079207920792,7.131159440199996,1.0839459429046554
1694,PANDIT,softbioblock+weighted,0.044776119402985,4.7356543727,0.9235429146836968
325,PANDIT,softbioblock+weighted,0.106060606060606,7.003788346400002,1.0850649820858682
256,PANDIT,softbioblock+weighted,0.3333333333333333,13.5509777375,2.3086281418847627
983,PANDIT,softbioblock+weighted,0.1034482758620689,10.435973788500002,1.639827536853398
2904,PANDIT,softbioblock+weighted,0.3596491228070175,28.26737590069999,4.029473856268745
4128,PANDIT,softbioblock+weighted,0.3655172413793103,26.4719962315,3.1776952896743755
1045,PANDIT,softbioblock+weighted,0.1782945736434108,28.434114067000003,4.185257029414135
7277,PANDIT,softbioblock+weighted,0.3305084745762712,21.289556160300005,3.6557444020022105
242,PANDIT,softbioblock+weighted,0.109375,5.6876643795,1.1165876030205009
4109,PANDIT,softbioblock+weighted,0.1081081081081081,5.199636891999999,0.7327197749950151
3129,PANDIT,softbioblock+weighted,0.145631067961165,12.923117419399995,1.9957840513465173
2592,PANDIT,softbioblock+weighted,0.1981132075471698,18.4121244902,2.3862001865034537
700,PANDIT,softbioblock+weighted,0.0517241379310344,3.5434437224,0.705258977874311
307,PANDIT,softbioblock+weighted,0.1772151898734177,15.643641470599997,2.6941665941716093
884,PANDIT,softbioblock+weighted,0.0625,2.0326593661,0.3891649238082899
438,PANDIT,softbioblock+weighted,0.1162790697674418,5.309739550600001,1.3472267269868397
97,PANDIT,softbioblock+weighted,0.0864197530864197,10.446316321800005,2.256652123299624
2213,PANDIT,softbioblock+weighted,0.2622950819672131,23.8082338794,6.494479483037722
2197,PANDIT,softbioblock+weighted,0.4213836477987421,64.5587395306,11.487850792347174
640,PANDIT,softbioblock+weighted,0.2608695652173913,12.791251398400002,2.201320096648543
435,PANDIT,softbioblock+weighted,0.072289156626506,5.812813859400003,1.227883461554714
211,PANDIT,softbioblock+weighted,0.1573033707865168,12.3675383617,3.2717048770591868
200,PANDIT,softbioblock+weighted,0.1290322580645161,3.9969163343,0.7595050219302354
286,PANDIT,softbioblock+weighted,0.1097560975609756,6.6528316219,1.1385994649823536
1863,PANDIT,softbioblock+weighted,0.1129032258064516,6.212049497,1.1890824349468687
115,PANDIT,softbioblock+weighted,0.1842105263157894,2.6623644615,0.5336799019264366
1185,PANDIT,softbioblock+weighted,0.0833333333333333,2.665905692799999,0.4830112830878127
4147,PANDIT,softbioblock+weighted,0.1265822784810126,11.274772004800004,2.046036835287899
382,PANDIT,softbioblock+weighted,0.1,5.550088332899997,1.1483073798577574
4954,PANDIT,softbioblock+weighted,0.4105263157894737,21.302112248600007,3.583410758747216
3351,PANDIT,softbioblock+weighted,0.0416666666666666,7.555288069199999,1.6689863674345158
297,PANDIT,softbioblock+weighted,0.4901960784313725,88.88483333109998,18.15179763254972
147,PANDIT,softbioblock+weighted,0.109375,10.319903565799995,2.3463383476443744
822,PANDIT,softbioblock+weighted,0.4,36.64776971100002,5.355876495330002
7145,PANDIT,softbioblock+weighted,0.0961538461538461,4.4358394309,0.7582768868778026
893,PANDIT,softbioblock+weighted,0.1475409836065573,7.594232850199999,1.301318101224901
7446,PANDIT,softbioblock+weighted,0.1755725190839694,10.776693578599996,1.2289689499077396
1469,PANDIT,softbioblock+weighted,0.1466666666666666,7.952725413999997,1.2474205931378928
461,PANDIT,softbioblock+weighted,0.0769230769230769,6.535781287400004,0.8689783224219487
138,PANDIT,softbioblock+weighted,0.4318181818181818,86.15917204130005,11.208295511087762
1749,PANDIT,softbioblock+weighted,0.3076923076923077,29.507084455499992,3.089762398304079
1853,PANDIT,softbioblock+weighted,0.0169491525423728,5.175455105099999,1.2549814654525493
1954,PANDIT,softbioblock+weighted,0.2992125984251969,28.285354225,5.422783994151101
87,PANDIT,softbioblock+weighted,0.1917808219178082,7.608723284199999,1.3243199469117262
2301,PANDIT,softbioblock+weighted,0.5203252032520326,54.58480248140002,8.991593156281631
3209,PANDIT,softbioblock+weighted,0.412087912087912,29.794521976099983,4.682910983456777
1576,PANDIT,softbioblock+weighted,0.0579710144927536,4.9227248822000025,0.7472322547215252
428,PANDIT,softbioblock+weighted,0.2033898305084746,11.236211902599996,3.0084375676439423
1514,PANDIT,softbioblock+weighted,0.1123595505617977,11.7976488193,1.7561010266791497
4425,PANDIT,softbioblock+weighted,0.109375,5.8936300947000015,0.8867375669006621
894,PANDIT,softbioblock+weighted,0.0697674418604651,5.0598735786,1.2556512307915615
421,PANDIT,softbioblock+weighted,0.1797752808988764,12.219687812199997,1.6756173168673667
2715,PANDIT,softbioblock+weighted,0.1063829787234042,6.7747558193,1.828193554979129
854,PANDIT,softbioblock+weighted,0.1875,8.178607042200001,1.71766163067139
263,PANDIT,softbioblock+weighted,0.308080808080808,47.44074202949999,6.734113712501676
4037,PANDIT,softbioblock+weighted,0.1184210526315789,8.3488886637,1.194180640728851
7322,PANDIT,softbioblock+weighted,0.2556390977443609,33.100010397700004,5.36126334965914
3328,PANDIT,softbioblock+weighted,0.2206896551724138,16.207845104499988,1.9390729875934851
1283,PANDIT,softbioblock+weighted,0.1707317073170731,3.3904957426,0.8883962982029782
153,PANDIT,softbioblock+weighted,0.2677165354330709,37.087862543300005,6.166962355978721
6110,PANDIT,softbioblock+weighted,0.2736842105263158,14.430687143500002,2.1242961775154243
1393,PANDIT,softbioblock+weighted,0.0317460317460317,8.3202691889,1.4934675576173395
106,PANDIT,softbioblock+weighted,0.3132530120481928,44.36373704490002,9.71450964392984
65,PANDIT,softbioblock+weighted,0.0625,4.1391354004,0.9786668603437544
1009,PANDIT,softbioblock+weighted,0.0454545454545454,6.854626041199997,1.069611608501046
117,PANDIT,softbioblock+weighted,0.3398058252427184,22.308912837900007,6.400777652347171
114,PANDIT,softbioblock+weighted,0.1865671641791045,21.133722311300005,3.82313504206908
131,PANDIT,softbioblock+weighted,0.4217687074829932,41.47111205979999,6.545079276339422
1346,PANDIT,softbioblock+weighted,0.4516129032258064,50.25628134470001,13.530657444321836
220,PANDIT,softbioblock+weighted,0.2637362637362637,17.125502312100007,3.5504720262585416
1697,PANDIT,softbioblock+weighted,0.1794871794871795,9.438009584500008,1.4330251608686744
168,PANDIT,softbioblock+weighted,0.2100840336134453,6.914735673500004,0.915299115061746
1097,PANDIT,softbioblock+weighted,0.1521739130434782,9.969990375300002,2.075833518069943
204,PANDIT,softbioblock+weighted,0.0887096774193548,6.899831941799999,1.3244104663413578
194,PANDIT,softbioblock+weighted,0.0526315789473684,4.3047882483,0.6641054565800643
187,PANDIT,softbioblock+weighted,0.4573991031390134,112.0939559725,17.419130279385964
7320,PANDIT,softbioblock+weighted,0.2403846153846154,10.925887317199996,1.3334781488633245
1084,PANDIT,softbioblock+weighted,0.1083333333333333,6.323822498,0.959143217212774
60,PANDIT,softbioblock+weighted,0.2532467532467532,24.7514652282,4.050274633111074
3198,PANDIT,softbioblock+weighted,0.0384615384615384,3.067464480299999,0.6992285753490871
327,PANDIT,softbioblock+weighted,0.2619047619047619,10.672886288199996,1.6890909713270932
7339,PANDIT,softbioblock+weighted,0.0909090909090909,5.9083592445000015,1.29143274008257
7576,PANDIT,softbioblock+weighted,0.2075471698113207,14.3211767031,3.660120878867329
1669,PANDIT,softbioblock+weighted,0.2258064516129032,9.968172621699994,1.6626119109866764
4696,PANDIT,softbioblock+weighted,0.1971830985915492,1.5117429130999989,0.3145673340592563
3777,PANDIT,softbioblock+weighted,0.1612903225806451,12.734007285900002,1.6881444864313742
2612,PANDIT,softbioblock+weighted,0.3432835820895522,13.457345624200004,2.2724045746222536
925,PANDIT,softbioblock+weighted,0.3888888888888889,15.91565100790001,1.9251192314746628
1470,PANDIT,softbioblock+weighted,0.6753623188405797,203.1951000403001,18.928972356948027
0,PANDIT,softbioblock+weighted,0.2786885245901639,10.721629176500004,2.031104362277696
508,PANDIT,softbioblock+weighted,0.3258426966292135,26.7219629662,4.170527728074767
2381,PANDIT,softbioblock+weighted,0.3092783505154639,20.2535846366,3.867497816324386
3249,PANDIT,softbioblock+weighted,0.0869565217391304,2.5731859873,0.6172097205671425
460,PANDIT,softbioblock+weighted,0.036144578313253,2.2621816153000003,0.4269657976841301
2658,PANDIT,softbioblock+weighted,0.1379310344827586,5.9295458599,1.041451745463447
2583,PANDIT,softbioblock+weighted,0.225,13.386102577700004,2.43794973759131
1609,PANDIT,softbioblock+weighted,0.2992125984251969,28.7018086139,3.624717012449085
1552,PANDIT,softbioblock+weighted,0.4581818181818182,93.1534350961,11.10038427307808
1733,PANDIT,softbioblock+weighted,0.3611111111111111,31.4754302213,5.818699842710726
868,PANDIT,softbioblock+weighted,0.1527777777777778,7.1681655229,1.1045844036615289
2508,PANDIT,softbioblock+weighted,0.073170731707317,18.556300065899997,2.311570765107928
7305,PANDIT,softbioblock+weighted,0.0592105263157894,14.853760527900004,1.8425490123477624
285,PANDIT,softbioblock+weighted,0.4059405940594059,55.571244743599934,5.601233863282069
2162,PANDIT,softbioblock+weighted,0.3648648648648648,16.964139162299997,2.915788790043348
4704,PANDIT,softbioblock+weighted,0.3796296296296296,50.3464219139,13.961092780886585
7115,PANDIT,softbioblock+weighted,0.044776119402985,2.3513182308,0.5071138699178047
958,PANDIT,softbioblock+weighted,0.073170731707317,15.061511902499998,2.455554473970388
2300,PANDIT,softbioblock+weighted,0.1860465116279069,18.96462640790001,2.5280603482488138
1020,PANDIT,softbioblock+weighted,0.1973684210526315,21.0897435317,3.5287502103359456
629,PANDIT,softbioblock+weighted,0.303030303030303,10.1694703882,1.215683024188755
501,PANDIT,softbioblock+weighted,0.0444444444444444,1.7847079332000002,0.3950101735718641
2077,PANDIT,softbioblock+weighted,0.2907801418439716,25.3182262775,3.23777640676567
43,PANDIT,softbioblock+weighted,0.4054054054054054,8.958079125099994,1.224061896497918
634,PANDIT,softbioblock+weighted,0.0757575757575757,5.896927183500002,0.9422895816485068
630,PANDIT,softbioblock+weighted,0.3333333333333333,14.172446278300006,1.684279385745749
1055,PANDIT,softbioblock+weighted,0.2375,18.1428416142,3.2127868007703944
430,PANDIT,softbioblock+weighted,0.0461538461538461,5.6323013079000015,1.174438121481666
80,PANDIT,softbioblock+weighted,0.119047619047619,3.0532905638000005,0.6377817480647094
1372,PANDIT,softbioblock+weighted,0.0714285714285714,6.074096648100001,1.0584796686990794
101,PANDIT,softbioblock+weighted,0.3858695652173913,50.05101868170004,6.822501518735607
3687,PANDIT,softbioblock+weighted,0.4672897196261682,50.49483755019999,15.754187011017995
553,PANDIT,softbioblock+weighted,0.1294117647058823,3.8100732006000007,0.6262299214091634
2402,PANDIT,softbioblock+weighted,0.0777777777777777,4.8443545774,0.7003784988853493
469,PANDIT,softbioblock+weighted,0.160377358490566,15.611436132499998,3.678128390730146
1446,PANDIT,softbioblock+weighted,0.2336448598130841,9.723000068799996,1.223179616574642
5363,PANDIT,softbioblock+weighted,0.3089887640449438,69.23646350099999,11.507540475456638
1138,PANDIT,softbioblock+weighted,0.3722627737226277,21.17592913670001,3.340179115226375
2647,PANDIT,softbioblock+weighted,0.4158415841584158,27.76762106350001,6.1978076276648055
6925,PANDIT,softbioblock+weighted,0.1052631578947368,5.0778875716,0.8450804238138816
610,PANDIT,softbioblock+weighted,0.1527777777777778,6.2442078613000005,1.0531631400356067
976,PANDIT,softbioblock+weighted,0.1372549019607843,3.7532837794000007,0.6763512199381143
1851,PANDIT,softbioblock+weighted,0.2515723270440251,28.0479131238,4.592852026583485
2064,PANDIT,softbioblock+weighted,0.3654618473895582,60.451198354299976,5.284119215951261
663,PANDIT,softbioblock+weighted,0.3382352941176471,36.1845125084,10.384387081838051
2917,PANDIT,softbioblock+weighted,0.3571428571428571,8.326144653799998,1.3497723235973875
2466,PANDIT,softbioblock+weighted,0.2857142857142857,13.071728357600003,2.368132121731221
1302,PANDIT,softbioblock+weighted,0.116504854368932,8.320435657700001,1.202687491551894
1808,PANDIT,softbioblock+weighted,0.0818181818181818,7.762444925399999,0.9982661340566016
92,PANDIT,softbioblock+weighted,0.1666666666666666,9.026886579600005,1.4212809528665984
1184,PANDIT,softbioblock+weighted,0.3541666666666667,44.84532286370002,9.310638160473385
2874,PANDIT,softbioblock+weighted,0.3538461538461538,14.323333327099991,2.7905505946007647
465,PANDIT,softbioblock+weighted,0.1612903225806451,6.238844333399997,1.2426867775791914
3933,PANDIT,softbioblock+weighted,0.2395833333333333,9.800073493299994,1.3530201608073638
513,PANDIT,softbioblock+weighted,0.5575221238938053,49.41143869769999,6.864711174174263
4483,PANDIT,softbioblock+weighted,0.4065934065934066,14.226571349200002,1.9784378407144767
477,PANDIT,softbioblock+weighted,0.1666666666666666,9.502664047499998,1.637729643658126
2022,PANDIT,softbioblock+weighted,0.1944444444444444,14.849768511700004,2.578452848219675
6060,PANDIT,softbioblock+weighted,0.0983606557377049,3.6332884969999992,0.6172377548830331
856,PANDIT,softbioblock+weighted,0.0952380952380952,3.629344603699999,0.66392063781373
938,PANDIT,softbioblock+weighted,0.3194444444444444,18.1197323122,3.291004219519569
5422,PANDIT,softbioblock+weighted,0.25,18.3298880027,2.6012054164949547
4615,PANDIT,softbioblock+weighted,0.1167883211678832,18.136725263599992,3.0563397271574715
176,PANDIT,softbioblock+weighted,0.2083333333333333,7.660245045099998,1.3372270477760055
2714,PANDIT,softbioblock+weighted,0.0803571428571428,6.979693122400001,1.0041857031216888
2839,PANDIT,softbioblock+weighted,0.0444444444444444,9.279201948499995,2.051169598563684
1063,PANDIT,softbioblock+weighted,0.21875,8.936446015200001,1.1942278381067315
2482,PANDIT,softbioblock+weighted,0.25,8.086579939899996,1.3365016451841556
2400,PANDIT,softbioblock+weighted,0.1358024691358024,7.935418653199999,1.188437023660348
2407,PANDIT,softbioblock+weighted,0.417910447761194,62.410813247499966,9.284934515855849
905,PANDIT,softbioblock+weighted,0.031578947368421,4.986633796700005,0.6471798568002778
514,PANDIT,softbioblock+weighted,0.3333333333333333,8.537689870200003,1.2197915104220065
2538,PANDIT,softbioblock+weighted,0.1235955056179775,8.544215850299999,1.3323359723421495
89,PANDIT,softbioblock+weighted,0.5772357723577236,44.50535339300004,10.984532275523454
751,PANDIT,softbioblock+weighted,0.2615384615384615,18.558895452400005,2.306126435014375
222,PANDIT,softbioblock+weighted,0.456043956043956,68.0227786703,9.9342081653297
2321,PANDIT,softbioblock+weighted,0.1475409836065573,8.764899080200005,2.982465200810753
3683,PANDIT,softbioblock+weighted,0.1212121212121212,2.993624917700002,0.4821844696778128
443,PANDIT,softbioblock+weighted,0.064516129032258,5.457155168000001,0.9599090054406144
280,PANDIT,softbioblock+weighted,0.391304347826087,92.12984211340004,12.119425685201746
1570,PANDIT,softbioblock+weighted,0.0649350649350649,7.556518685999999,1.2971285591932271
3246,PANDIT,softbioblock+weighted,0.1720430107526881,11.0079814772,1.908698159931267
1607,PANDIT,softbioblock+weighted,0.0526315789473684,5.4255914713,0.9785760057583832
877,PANDIT,softbioblock+weighted,0.2290076335877862,14.550146258300003,2.640188253634965
1329,PANDIT,softbioblock+weighted,0.0459770114942528,11.644236299299996,1.7184969644161716
301,PANDIT,softbioblock+weighted,0.0526315789473684,7.4048985958000015,1.8594408379752725
2784,PANDIT,softbioblock+weighted,0.2209302325581395,11.0196086721,1.6042906635546104
614,PANDIT,softbioblock+weighted,0.4069767441860465,39.77123815739999,4.231932359157708
7193,PANDIT,softbioblock+weighted,0.1971830985915492,14.037914916300002,3.1439605354518587
6998,PANDIT,softbioblock+weighted,0.0416666666666666,4.1875829032,1.1364387841928605
379,PANDIT,softbioblock+weighted,0.2413793103448276,19.40416457370001,3.920890301127226
99,PANDIT,softbioblock+weighted,0.2916666666666667,15.108326966099993,2.2459170053990936
104,PANDIT,softbioblock+weighted,0.2803738317757009,15.2484024029,1.856863449714474
109,PANDIT,softbioblock+weighted,0.2830188679245283,16.4238398543,2.9963546759096427
1477,PANDIT,softbioblock+weighted,0.2678571428571428,9.0139932032,1.4867378360710268
1688,PANDIT,softbioblock+weighted,0.0196078431372549,4.2798058135,0.8568689005065263
2037,PANDIT,softbioblock+weighted,0.0408163265306122,3.3950048684,0.6614081163510112
2840,PANDIT,softbioblock+weighted,0.064516129032258,2.218173124,0.6608442146250519
1094,PANDIT,softbioblock+weighted,0.0789473684210526,8.9691428396,1.7697878327581924
7278,PANDIT,softbioblock+weighted,0.2905027932960894,41.1674432915,6.782173199062067
654,PANDIT,softbioblock+weighted,0.0,4.643258905200001,1.1818990114247794
566,PANDIT,softbioblock+weighted,0.2845528455284553,52.72730176909999,11.034837418835933
2556,PANDIT,softbioblock+weighted,0.2459016393442623,6.899565591099997,1.211625288570136
8,PANDIT,softbioblock+weighted,0.3561643835616438,54.5357822344,8.230613555371512
541,PANDIT,softbioblock+fastrfs,0.2037037037037037,3.6708210891,0.7561578768810536
3550,PANDIT,softbioblock+fastrfs,0.1551724137931034,3.8947062422,0.671791054642918
1409,PANDIT,softbioblock+fastrfs,0.1875,8.476392242899998,1.3804442216193558
705,PANDIT,softbioblock+fastrfs,0.1078431372549019,8.528445723299997,1.1252131320502738
523,PANDIT,softbioblock+fastrfs,0.3695652173913043,10.058892027899995,1.916544093910735
2637,PANDIT,softbioblock+fastrfs,0.1573033707865168,11.143214959100003,2.524777302544183
7552,PANDIT,softbioblock+fastrfs,0.025,4.4140611964,0.905933897112333
3511,PANDIT,softbioblock+fastrfs,0.1428571428571428,7.041437415100002,1.1250384844980068
381,PANDIT,softbioblock+fastrfs,0.0892857142857142,2.0269689737000007,0.3604681601989556
1728,PANDIT,softbioblock+fastrfs,0.4954954954954955,27.027621814500005,4.9597570906354544
4,PANDIT,softbioblock+fastrfs,0.2580645161290322,7.587204668700003,1.277869744718361
81,PANDIT,softbioblock+fastrfs,0.0869565217391304,3.63726183,0.7490461218220775
59,PANDIT,softbioblock+fastrfs,0.0208333333333333,3.7540042831,0.7719979145658887
1666,PANDIT,softbioblock+fastrfs,0.0535714285714285,5.5191861473,0.7083668933362202
2572,PANDIT,softbioblock+fastrfs,0.2280701754385964,35.70221654039999,6.667115222498468
5038,PANDIT,softbioblock+fastrfs,0.0597014925373134,2.8461589267,0.4548966000165671
1663,PANDIT,softbioblock+fastrfs,0.1,13.510538509300002,2.9471457931878176
6120,PANDIT,softbioblock+fastrfs,0.0943396226415094,6.2298942021,0.9430532322479064
850,PANDIT,softbioblock+fastrfs,0.1111111111111111,8.2215050979,1.716979861811582
5,PANDIT,softbioblock+fastrfs,0.3636363636363636,58.12994170899999,12.35307355734093
2253,PANDIT,softbioblock+fastrfs,0.1228070175438596,8.417188769399997,1.3254495666151154
1426,PANDIT,softbioblock+fastrfs,0.1343283582089552,5.872556661500002,0.990863981456558
229,PANDIT,softbioblock+fastrfs,0.5380710659898477,66.80084846730001,8.694174106880553
1124,PANDIT,softbioblock+fastrfs,0.1538461538461538,7.151365995500002,1.2991760400526764
1525,PANDIT,softbioblock+fastrfs,0.2598425196850393,21.120073955,3.5555571957169376
252,PANDIT,softbioblock+fastrfs,0.1978021978021978,23.32499088159999,4.529739748594695
2664,PANDIT,softbioblock+fastrfs,0.4022988505747126,23.43262764139999,4.5504323478548
318,PANDIT,softbioblock+fastrfs,0.2277227722772277,20.64238150640001,2.7639023719589595
1802,PANDIT,softbioblock+fastrfs,0.3697478991596639,23.274888201299987,2.527777749662717
1203,PANDIT,softbioblock+fastrfs,0.0428571428571428,4.462878700600005,0.7359816623861988
4320,PANDIT,softbioblock+fastrfs,0.2358490566037736,17.274901973899997,3.54295385282225
1796,PANDIT,softbioblock+fastrfs,0.2328767123287671,10.566858988499996,1.5891539043222247
7276,PANDIT,softbioblock+fastrfs,0.1379310344827586,9.1971117019,1.3742433655045487
133,PANDIT,softbioblock+fastrfs,0.0547945205479452,10.332842685499998,2.637576564627385
7261,PANDIT,softbioblock+fastrfs,0.5,127.98237984339993,16.12707215511178
2236,PANDIT,softbioblock+fastrfs,0.2717391304347826,10.2626447246,1.4384727228942495
7294,PANDIT,softbioblock+fastrfs,0.0704225352112676,6.431443388900001,1.068909203748375
6583,PANDIT,softbioblock+fastrfs,0.1632653061224489,10.106701629400003,1.4341467226757365
500,PANDIT,softbioblock+fastrfs,0.7530864197530864,299.4126669001999,23.56142265286701
1026,PANDIT,softbioblock+fastrfs,0.0408163265306122,3.020843873900001,0.6483705860924119
1029,PANDIT,softbioblock+fastrfs,0.4,40.13646803929997,8.766606058561772
865,PANDIT,softbioblock+fastrfs,0.1847826086956521,7.2435560442,0.9504505714275724
7269,PANDIT,softbioblock+fastrfs,0.0363636363636363,2.7074571037000004,0.4696435716056194
1657,PANDIT,softbioblock+fastrfs,0.3189655172413793,52.03688166379998,9.80431869293992
2582,PANDIT,softbioblock+fastrfs,0.415929203539823,60.106949392399976,15.236738472757912
7325,PANDIT,softbioblock+fastrfs,0.2545454545454545,11.857415930099998,1.8364986983408047
7272,PANDIT,softbioblock+fastrfs,0.238095238095238,16.924916873200004,2.5281403850733546
7563,PANDIT,softbioblock+fastrfs,0.1518987341772152,10.163011142600002,1.742486051210654
2765,PANDIT,softbioblock+fastrfs,0.2805755395683453,23.432409811599985,3.525563411977723
1380,PANDIT,softbioblock+fastrfs,0.5238095238095238,30.4712605725,8.130338636483433
1355,PANDIT,softbioblock+fastrfs,0.0232558139534883,2.2391136905,0.5536336462400686
881,PANDIT,softbioblock+fastrfs,0.1343283582089552,12.0018228192,2.0595215593044
1167,PANDIT,softbioblock+fastrfs,0.2068965517241379,12.4403141269,2.245693617910669
5070,PANDIT,softbioblock+fastrfs,0.078125,5.219737994000001,0.8257825131124283
670,PANDIT,softbioblock+fastrfs,0.1047619047619047,10.2054220612,1.340725344557118
2541,PANDIT,softbioblock+fastrfs,0.1486486486486486,3.408226281699999,0.5234421705023178
2963,PANDIT,softbioblock+fastrfs,0.1111111111111111,5.215511845500002,1.0277847989376556
2454,PANDIT,softbioblock+fastrfs,0.3767123287671233,32.3742749525,7.605288266301025
540,PANDIT,softbioblock+fastrfs,0.3043478260869565,10.422434053100002,1.9431911615687976
3241,PANDIT,softbioblock+fastrfs,0.4571428571428571,42.88620396699999,8.715185247262609
73,PANDIT,softbioblock+fastrfs,0.203125,10.1295999175,1.712842009164488
400,PANDIT,softbioblock+fastrfs,0.1818181818181818,6.245080704400001,1.0232289797102236
1156,PANDIT,softbioblock+fastrfs,0.1372549019607843,2.4439910784000003,0.5467125763417809
3466,PANDIT,softbioblock+fastrfs,0.0701754385964912,7.584638143100001,1.5454211609351622
7318,PANDIT,softbioblock+fastrfs,0.0099009900990099,4.5892278156,0.6077716219465571
340,PANDIT,softbioblock+fastrfs,0.3703703703703703,25.664030808,5.946005828389519
7315,PANDIT,softbioblock+fastrfs,0.3776223776223776,50.20930809850001,11.10643810823314
4170,PANDIT,softbioblock+fastrfs,0.1037735849056603,8.779302454000002,1.15951983633304
769,PANDIT,softbioblock+fastrfs,0.3,15.56625919030001,1.921127503554534
2943,PANDIT,softbioblock+fastrfs,0.3194444444444444,49.3558596253,10.005162527942982
1116,PANDIT,softbioblock+fastrfs,0.0491803278688524,5.531718068800002,1.236022971316496
953,PANDIT,softbioblock+fastrfs,0.4900662251655629,32.3391205352,5.1466951950163
1325,PANDIT,softbioblock+fastrfs,0.2235294117647059,10.682423255599998,1.4794907954407268
4687,PANDIT,softbioblock+fastrfs,0.2342342342342342,20.54542996849999,3.346048113041058
2405,PANDIT,softbioblock+fastrfs,0.2795698924731182,18.914642783200005,3.148784116100672
248,PANDIT,softbioblock+fastrfs,0.425414364640884,50.89524697180001,7.233184094648712
149,PANDIT,softbioblock+fastrfs,0.3018867924528302,23.2619125719,5.866681209166948
2362,PANDIT,softbioblock+fastrfs,0.048780487804878,5.566433843600001,1.1558653792309217
76,PANDIT,softbioblock+fastrfs,0.3105590062111801,45.54050685589998,8.206044189902817
633,PANDIT,softbioblock+fastrfs,0.2627118644067797,27.14380805329999,4.246975038864384
3532,PANDIT,softbioblock+fastrfs,0.1733333333333333,15.263896164000002,2.4774447834350197
23,PANDIT,softbioblock+fastrfs,0.3904761904761905,23.255554319900003,3.005228578387208
1202,PANDIT,softbioblock+fastrfs,0.2323232323232323,14.8122202409,2.935477371548348
2603,PANDIT,softbioblock+fastrfs,0.0869565217391304,4.5508964343,1.268358606508935
598,PANDIT,softbioblock+fastrfs,0.1413043478260869,7.650691639599997,1.0712433132968204
90,PANDIT,softbioblock+fastrfs,0.21875,31.217367489999987,4.794562058164078
659,PANDIT,softbioblock+fastrfs,0.1111111111111111,5.5685791164,1.1308866535449824
2939,PANDIT,softbioblock+fastrfs,0.1917808219178082,11.469905948600005,2.087360184626721
600,PANDIT,softbioblock+fastrfs,0.2432432432432432,12.570476861200005,1.887736123159997
678,PANDIT,softbioblock+fastrfs,0.125,15.160712594499994,1.954539079671556
2524,PANDIT,softbioblock+fastrfs,0.0263157894736842,2.6556384567,0.476515639269859
6087,PANDIT,softbioblock+fastrfs,0.3163265306122449,20.846994863300008,3.42779523170243
755,PANDIT,softbioblock+fastrfs,0.3287671232876712,12.850788302799998,1.772391611703632
1640,PANDIT,softbioblock+fastrfs,0.1132075471698113,8.2410209853,1.516504695442021
1327,PANDIT,softbioblock+fastrfs,0.0684931506849315,4.292288302799999,0.7572776644141249
1820,PANDIT,softbioblock+fastrfs,0.3392857142857143,13.234528863899996,2.5499313961955505
3136,PANDIT,softbioblock+fastrfs,0.2865497076023391,67.65121841049996,14.423182845017031
321,PANDIT,softbioblock+fastrfs,0.0,2.174878218,0.5843706581202345
556,PANDIT,softbioblock+fastrfs,0.0,1.3241699205000006,0.312358697305308
7324,PANDIT,softbioblock+fastrfs,0.0689655172413793,3.8555538875999993,0.7398501885526119
1516,PANDIT,softbioblock+fastrfs,0.1851851851851851,10.4898774034,1.330631142504769
702,PANDIT,softbioblock+fastrfs,0.1549295774647887,8.4172691581,1.337822836053052
1404,PANDIT,softbioblock+fastrfs,0.3490566037735849,26.7233857654,3.5052286700186603
7274,PANDIT,softbioblock+fastrfs,0.2241379310344827,20.024223879800005,2.5823564246156807
1053,PANDIT,softbioblock+fastrfs,0.0704225352112676,7.427611640900002,1.258533217299058
316,PANDIT,softbioblock+fastrfs,0.144927536231884,7.9663754564,1.548667765484938
2499,PANDIT,softbioblock+fastrfs,0.2024539877300613,30.808369930400016,4.2919375287522845
1147,PANDIT,softbioblock+fastrfs,0.1546391752577319,7.740026999000002,1.106777997095281
125,PANDIT,softbioblock+fastrfs,0.0784313725490196,5.2160191209,1.1203464914073331
1529,PANDIT,softbioblock+fastrfs,0.3541666666666667,21.2041337962,3.476583632383859
141,PANDIT,softbioblock+fastrfs,0.1259842519685039,9.056073308099998,1.2777223823964916
1300,PANDIT,softbioblock+fastrfs,0.2960526315789473,43.67506556050003,10.34041883112108
1604,PANDIT,softbioblock+fastrfs,0.1690140845070422,8.484708843199998,1.262087359597447
206,PANDIT,softbioblock+fastrfs,0.2391304347826087,8.851267620900002,1.304861512818153
132,PANDIT,softbioblock+fastrfs,0.0396825396825396,6.3436455982999975,0.8086550571600304
7308,PANDIT,softbioblock+fastrfs,0.3615384615384615,28.282628151200008,3.473437322489321
6098,PANDIT,softbioblock+fastrfs,0.4125874125874126,34.24036474700001,6.075137893089963
892,PANDIT,softbioblock+fastrfs,0.125,5.0155756543,1.2090502326775316
869,PANDIT,softbioblock+fastrfs,0.2352941176470588,17.592783432599997,2.334177397982616
2604,PANDIT,softbioblock+fastrfs,0.4404761904761904,40.9017883619,7.949681740449852
5773,PANDIT,softbioblock+fastrfs,0.2236842105263158,15.0069152081,2.149128744069185
1367,PANDIT,softbioblock+fastrfs,0.4105263157894737,22.58204679730001,2.6794291703670496
3670,PANDIT,softbioblock+fastrfs,0.0833333333333333,9.527077525700005,2.784433075077166
474,PANDIT,softbioblock+fastrfs,0.032258064516129,2.7283301347000006,0.5179655497930343
67,PANDIT,softbioblock+fastrfs,0.1372549019607843,3.7900654639,0.7326303953018273
559,PANDIT,softbioblock+fastrfs,0.2105263157894736,5.657653270600002,1.1754894634824726
283,PANDIT,softbioblock+fastrfs,0.0531914893617021,5.287185716099997,0.8379706880604275
1238,PANDIT,softbioblock+fastrfs,0.064516129032258,1.7852634885999998,0.5286649829758028
152,PANDIT,softbioblock+fastrfs,0.0666666666666666,2.7313147558,0.5474648167287635
996,PANDIT,softbioblock+fastrfs,0.0588235294117647,7.227360509499998,1.4844129804425754
2627,PANDIT,softbioblock+fastrfs,0.4235294117647059,28.29244127770002,3.4782706666447827
1735,PANDIT,softbioblock+fastrfs,0.12,5.251763991900002,1.1072033581773235
2668,PANDIT,softbioblock+fastrfs,0.3932584269662921,8.507372585600002,1.2482763212174124
1646,PANDIT,softbioblock+fastrfs,0.3835616438356164,23.345995243000004,3.997347739416479
1489,PANDIT,softbioblock+fastrfs,0.3888888888888889,34.7645185681,5.6350094667597865
932,PANDIT,softbioblock+fastrfs,0.0956521739130434,6.607178400100004,0.9655036596209686
325,PANDIT,softbioblock+fastrfs,0.106060606060606,7.0037883464,1.0850649820858682
256,PANDIT,softbioblock+fastrfs,0.3333333333333333,13.550977737499998,2.3086281418847627
241,PANDIT,softbioblock+fastrfs,0.1838235294117647,14.436453673399992,2.5686958567352827
4128,PANDIT,softbioblock+fastrfs,0.3655172413793103,26.4719962315,3.1776952896743764
7575,PANDIT,softbioblock+fastrfs,0.3825503355704698,33.85966040320001,5.067292994387725
40,PANDIT,softbioblock+fastrfs,0.580952380952381,23.117040575400008,3.288630436480841
4559,PANDIT,softbioblock+fastrfs,0.1666666666666666,6.300337241599998,1.2595420168255165
2686,PANDIT,softbioblock+fastrfs,0.1333333333333333,4.563594685099999,1.06327945173866
1694,PANDIT,softbioblock+fastrfs,0.044776119402985,4.735654372699998,0.9235429146836968
1479,PANDIT,softbioblock+fastrfs,0.2553191489361702,8.8771631623,1.50714260277806
3129,PANDIT,softbioblock+fastrfs,0.145631067961165,12.923117419399995,1.9957840513465173
119,PANDIT,softbioblock+fastrfs,0.0792079207920792,7.131159440199999,1.0839459429046552
307,PANDIT,softbioblock+fastrfs,0.1772151898734177,15.6436414706,2.6941665941716093
884,PANDIT,softbioblock+fastrfs,0.0625,2.0326593660999994,0.3891649238082899
2301,PANDIT,softbioblock+fastrfs,0.5203252032520326,54.58480248140001,8.991593156281631
438,PANDIT,softbioblock+fastrfs,0.1162790697674418,5.309739550600002,1.3472267269868397
2213,PANDIT,softbioblock+fastrfs,0.2622950819672131,23.8082338794,6.494479483037722
1576,PANDIT,softbioblock+fastrfs,0.0579710144927536,4.922724882200001,0.7472322547215252
428,PANDIT,softbioblock+fastrfs,0.2033898305084746,11.2362119026,3.0084375676439423
2904,PANDIT,softbioblock+fastrfs,0.3596491228070175,28.267375900700003,4.029473856268746
4425,PANDIT,softbioblock+fastrfs,0.109375,5.893630094700001,0.8867375669006621
435,PANDIT,softbioblock+fastrfs,0.072289156626506,5.812813859399999,1.2278834615547138
894,PANDIT,softbioblock+fastrfs,0.0697674418604651,5.0598735786,1.2556512307915613
2715,PANDIT,softbioblock+fastrfs,0.1063829787234042,6.774755819199999,1.82819355496898
200,PANDIT,softbioblock+fastrfs,0.1290322580645161,3.9969163343000007,0.7595050219302354
1863,PANDIT,softbioblock+fastrfs,0.1129032258064516,6.212049497,1.189082434946869
7277,PANDIT,softbioblock+fastrfs,0.3305084745762712,21.28955616029999,3.6557444020022105
4147,PANDIT,softbioblock+fastrfs,0.1265822784810126,11.2747720048,2.0460368352878997
382,PANDIT,softbioblock+fastrfs,0.1,5.550088332899996,1.1483073798577577
4109,PANDIT,softbioblock+fastrfs,0.1081081081081081,5.199636891999997,0.7327197749950152
3328,PANDIT,softbioblock+fastrfs,0.2206896551724138,16.20794180230001,1.939078541869714
1283,PANDIT,softbioblock+fastrfs,0.1707317073170731,3.3904957426000006,0.888396298202978
7566,PANDIT,softbioblock+fastrfs,0.2211538461538461,5.3750311749999975,0.7213121676456234
2697,PANDIT,softbioblock+fastrfs,0.0,3.827739667000001,0.6233359808122115
6110,PANDIT,softbioblock+fastrfs,0.2736842105263158,14.4306871435,2.1242961775154243
1393,PANDIT,softbioblock+fastrfs,0.0317460317460317,8.3202691889,1.4934675576173395
1493,PANDIT,softbioblock+fastrfs,0.3294117647058823,19.3575922575,2.8636025569225354
2197,PANDIT,softbioblock+fastrfs,0.4213836477987421,64.55873953059998,11.487850792347173
138,PANDIT,softbioblock+fastrfs,0.4318181818181818,86.15917204130005,11.208295511087762
211,PANDIT,softbioblock+fastrfs,0.1573033707865168,12.3675383617,3.2717048770591868
117,PANDIT,softbioblock+fastrfs,0.3398058252427184,22.308912837900003,6.400777652347172
286,PANDIT,softbioblock+fastrfs,0.1097560975609756,6.652777218099996,1.138583675745113
115,PANDIT,softbioblock+fastrfs,0.1842105263157894,2.6623644615,0.5336799019264364
1185,PANDIT,softbioblock+fastrfs,0.0833333333333333,2.665905692799999,0.4830112830878126
567,PANDIT,softbioblock+fastrfs,0.4,24.4854636424,3.9009664413747474
1954,PANDIT,softbioblock+fastrfs,0.2992125984251969,28.285354225,5.422783994151103
3351,PANDIT,softbioblock+fastrfs,0.0416666666666666,7.555288069199997,1.6689863674345158
4954,PANDIT,softbioblock+fastrfs,0.4105263157894737,21.302112248800007,3.583410758764655
114,PANDIT,softbioblock+fastrfs,0.1865671641791045,21.13419396590001,3.8232362870785495
983,PANDIT,softbioblock+fastrfs,0.1034482758620689,10.438818196299998,1.6404229990390011
1346,PANDIT,softbioblock+fastrfs,0.4516129032258064,50.2562813447,13.530657444321834
822,PANDIT,softbioblock+fastrfs,0.4,36.64776971100002,5.355876495330001
1697,PANDIT,softbioblock+fastrfs,0.1794871794871795,9.438009584500008,1.433025160868674
7446,PANDIT,softbioblock+fastrfs,0.1755725190839694,10.776693578600003,1.2289689499077396
1045,PANDIT,softbioblock+fastrfs,0.1782945736434108,28.434114067,4.185257029414134
1469,PANDIT,softbioblock+fastrfs,0.1466666666666666,7.952725413999999,1.2474205931378928
242,PANDIT,softbioblock+fastrfs,0.109375,5.687664379499998,1.1165876030205009
2592,PANDIT,softbioblock+fastrfs,0.1981132075471698,18.4121244902,2.386200186503453
700,PANDIT,softbioblock+fastrfs,0.0517241379310344,3.5434437224,0.705258977874311
1749,PANDIT,softbioblock+fastrfs,0.3076923076923077,29.5070844555,3.08976239830408
97,PANDIT,softbioblock+fastrfs,0.0864197530864197,10.4463163218,2.256652123299624
1853,PANDIT,softbioblock+fastrfs,0.0169491525423728,5.175455105099999,1.2549814654525495
87,PANDIT,softbioblock+fastrfs,0.1917808219178082,7.6087232842,1.3243199469117262
640,PANDIT,softbioblock+fastrfs,0.2608695652173913,12.791251398400004,2.201320096648544
297,PANDIT,softbioblock+fastrfs,0.4901960784313725,88.88483333109998,18.15179763254972
147,PANDIT,softbioblock+fastrfs,0.109375,10.3199035658,2.346338347644374
7145,PANDIT,softbioblock+fastrfs,0.0961538461538461,4.4358394309000015,0.7582768868778028
893,PANDIT,softbioblock+fastrfs,0.1475409836065573,7.594232850199997,1.301318101224901
263,PANDIT,softbioblock+fastrfs,0.308080808080808,47.44074202949997,6.734113712501674
4037,PANDIT,softbioblock+fastrfs,0.1184210526315789,8.348888663699999,1.194180640728851
461,PANDIT,softbioblock+fastrfs,0.0769230769230769,6.535781287400002,0.8689783224219487
1552,PANDIT,softbioblock+fastrfs,0.4581818181818182,93.15343509610004,11.10038427307808
106,PANDIT,softbioblock+fastrfs,0.3132530120481928,44.36373704490004,9.71450964392984
65,PANDIT,softbioblock+fastrfs,0.0625,4.139135400299999,0.9786668603282505
2508,PANDIT,softbioblock+fastrfs,0.073170731707317,18.5563000659,2.311570765107928
3209,PANDIT,softbioblock+fastrfs,0.412087912087912,29.794521976099997,4.682910983456778
1514,PANDIT,softbioblock+fastrfs,0.1123595505617977,11.797648819299996,1.75610102667915
421,PANDIT,softbioblock+fastrfs,0.1797752808988764,12.219687812199997,1.675617316867367
854,PANDIT,softbioblock+fastrfs,0.1875,8.178607042200001,1.71766163067139
101,PANDIT,softbioblock+fastrfs,0.3858695652173913,50.05101868170004,6.822501518735608
7322,PANDIT,softbioblock+fastrfs,0.2556390977443609,33.09749177770002,5.360778601006127
2402,PANDIT,softbioblock+fastrfs,0.0777777777777777,4.844354577399998,0.7003784988853493
187,PANDIT,softbioblock+fastrfs,0.4573991031390134,112.09395597250004,17.419130279385964
153,PANDIT,softbioblock+fastrfs,0.2677165354330709,37.0878625433,6.16696235597872
1009,PANDIT,softbioblock+fastrfs,0.0454545454545454,6.8546260412,1.069611608501046
1138,PANDIT,softbioblock+fastrfs,0.3722627737226277,21.17592913680001,3.340179115229771
60,PANDIT,softbioblock+fastrfs,0.2532467532467532,24.75146522819999,4.050274633111075
6925,PANDIT,softbioblock+fastrfs,0.1052631578947368,5.077887571600001,0.8450804238138813
3198,PANDIT,softbioblock+fastrfs,0.0384615384615384,3.067464480299999,0.6992285753490872
7576,PANDIT,softbioblock+fastrfs,0.2075471698113207,14.3211767031,3.6601208788673287
131,PANDIT,softbioblock+fastrfs,0.4217687074829932,41.47111205979997,6.545079276339422
1669,PANDIT,softbioblock+fastrfs,0.2258064516129032,9.968172621699996,1.6626119109866762
4696,PANDIT,softbioblock+fastrfs,0.1971830985915492,1.5117429130999989,0.3145673340592562
1184,PANDIT,softbioblock+fastrfs,0.3541666666666667,44.84532286370002,9.310638160473385
220,PANDIT,softbioblock+fastrfs,0.2637362637362637,17.1255023121,3.5504720262585425
1470,PANDIT,softbioblock+fastrfs,0.6753623188405797,203.19510004019995,18.92897235693125
465,PANDIT,softbioblock+fastrfs,0.1612903225806451,6.238844333399998,1.2426867775791914
925,PANDIT,softbioblock+fastrfs,0.3888888888888889,15.915651007900005,1.9251192314746628
477,PANDIT,softbioblock+fastrfs,0.1666666666666666,9.5026640475,1.637729643658126
0,PANDIT,softbioblock+fastrfs,0.2786885245901639,10.721629176500006,2.0311043622776963
2381,PANDIT,softbioblock+fastrfs,0.3092783505154639,20.24850395019999,3.866422372780184
168,PANDIT,softbioblock+fastrfs,0.2100840336134453,6.914735673500004,0.915299115061746
1097,PANDIT,softbioblock+fastrfs,0.1521739130434782,9.9699903753,2.0758335180699428
3249,PANDIT,softbioblock+fastrfs,0.0869565217391304,2.5731859873000005,0.6172097205671425
2658,PANDIT,softbioblock+fastrfs,0.1379310344827586,5.929545859900001,1.041451745463447
2583,PANDIT,softbioblock+fastrfs,0.225,13.3861025777,2.437949737591311
204,PANDIT,softbioblock+fastrfs,0.0887096774193548,6.899831941799999,1.324410466341358
4615,PANDIT,softbioblock+fastrfs,0.1167883211678832,18.1367252636,3.056339727157471
1609,PANDIT,softbioblock+fastrfs,0.2992125984251969,28.701808613899985,3.624717012449085
194,PANDIT,softbioblock+fastrfs,0.0526315789473684,4.304788248300001,0.6641054565800646
1063,PANDIT,softbioblock+fastrfs,0.21875,8.936047433499999,1.194177090605722
7320,PANDIT,softbioblock+fastrfs,0.2403846153846154,10.9258873172,1.3334781488633245
1733,PANDIT,softbioblock+fastrfs,0.3611111111111111,31.475402527900005,5.81873564316587
2400,PANDIT,softbioblock+fastrfs,0.1358024691358024,7.935418653199998,1.188437023660348
868,PANDIT,softbioblock+fastrfs,0.1527777777777778,7.168165522900002,1.1045844036615289
7305,PANDIT,softbioblock+fastrfs,0.0592105263157894,14.853760527900008,1.842549012347763
1084,PANDIT,softbioblock+fastrfs,0.1083333333333333,6.323822497999999,0.959143217212774
4704,PANDIT,softbioblock+fastrfs,0.3796296296296296,50.346421913900016,13.961092780886586
327,PANDIT,softbioblock+fastrfs,0.2619047619047619,10.6728862882,1.6890909713270932
7339,PANDIT,softbioblock+fastrfs,0.0909090909090909,5.908359244500002,1.2914327400825696
7115,PANDIT,softbioblock+fastrfs,0.044776119402985,2.3513182308000005,0.5071138699178047
2300,PANDIT,softbioblock+fastrfs,0.1860465116279069,18.964626407899992,2.5280603482488138
629,PANDIT,softbioblock+fastrfs,0.303030303030303,10.169470388200004,1.215683024188755
501,PANDIT,softbioblock+fastrfs,0.0444444444444444,1.7847079332000002,0.3950101735718641
222,PANDIT,softbioblock+fastrfs,0.456043956043956,68.02277867030004,9.9342081653297
3777,PANDIT,softbioblock+fastrfs,0.1612903225806451,12.734007285900002,1.6881444864313742
3683,PANDIT,softbioblock+fastrfs,0.1212121212121212,2.9936249177000005,0.4821844696778127
2612,PANDIT,softbioblock+fastrfs,0.3432835820895522,13.457345624200004,2.272404574622253
443,PANDIT,softbioblock+fastrfs,0.064516129032258,5.457155168,0.9599090054406147
2077,PANDIT,softbioblock+fastrfs,0.2907801418439716,25.3182262775,3.237776406765669
630,PANDIT,softbioblock+fastrfs,0.3333333333333333,14.172446278300008,1.6842793857457492
634,PANDIT,softbioblock+fastrfs,0.0757575757575757,5.8969271835,0.9422895816485068
1570,PANDIT,softbioblock+fastrfs,0.0649350649350649,7.556518686000001,1.297128559193227
508,PANDIT,softbioblock+fastrfs,0.3258426966292135,26.721962966199992,4.170527728074767
430,PANDIT,softbioblock+fastrfs,0.0461538461538461,5.632301307900004,1.174438121481666
1329,PANDIT,softbioblock+fastrfs,0.0459770114942528,11.644236299299994,1.7184969644161712
460,PANDIT,softbioblock+fastrfs,0.036144578313253,2.2621816153000003,0.4269657976841301
7193,PANDIT,softbioblock+fastrfs,0.1971830985915492,14.037914916299997,3.143960535451859
6998,PANDIT,softbioblock+fastrfs,0.0416666666666666,4.1875829032,1.1364387841928605
3687,PANDIT,softbioblock+fastrfs,0.4672897196261682,50.49483755019999,15.754187011018
99,PANDIT,softbioblock+fastrfs,0.2916666666666667,15.1083269661,2.245917005399093
104,PANDIT,softbioblock+fastrfs,0.2803738317757009,15.248402402900004,1.856863449714474
5363,PANDIT,softbioblock+fastrfs,0.3089887640449438,69.23646350099999,11.507540475456636
285,PANDIT,softbioblock+fastrfs,0.4059405940594059,55.57124474359998,5.601233863282069
2162,PANDIT,softbioblock+fastrfs,0.3648648648648648,16.964139162299997,2.915788790043348
2647,PANDIT,softbioblock+fastrfs,0.4158415841584158,27.7676210635,6.1978076276648055
566,PANDIT,softbioblock+fastrfs,0.2845528455284553,52.7273017693,11.03483741887896
958,PANDIT,softbioblock+fastrfs,0.073170731707317,15.0615119025,2.455554473970388
610,PANDIT,softbioblock+fastrfs,0.1527777777777778,6.244207861299998,1.0531631400356063
976,PANDIT,softbioblock+fastrfs,0.1372549019607843,3.7532837794,0.6763512199381143
2064,PANDIT,softbioblock+fastrfs,0.3654618473895582,60.45119835429999,5.284119215951261
1020,PANDIT,softbioblock+fastrfs,0.1973684210526315,21.0897435317,3.5287502103359456
379,PANDIT,softbioblock+fastrfs,0.2413793103448276,19.404164573700005,3.920890301127226
663,PANDIT,softbioblock+fastrfs,0.3382352941176471,36.184512508400005,10.384387081838051
1808,PANDIT,softbioblock+fastrfs,0.0818181818181818,7.762444925399997,0.9982661340566016
1302,PANDIT,softbioblock+fastrfs,0.116504854368932,8.320435657699997,1.202687491551894
43,PANDIT,softbioblock+fastrfs,0.4054054054054054,8.958079125099998,1.2240618964979175
92,PANDIT,softbioblock+fastrfs,0.1666666666666666,9.0268865796,1.4212809528665984
80,PANDIT,softbioblock+fastrfs,0.119047619047619,3.0532905638000005,0.6377817480647094
1055,PANDIT,softbioblock+fastrfs,0.2375,18.1428416143,3.212786800771896
3933,PANDIT,softbioblock+fastrfs,0.2395833333333333,9.800073493299996,1.3530201608073638
1372,PANDIT,softbioblock+fastrfs,0.0714285714285714,6.0741280905,1.0584893147250165
856,PANDIT,softbioblock+fastrfs,0.0952380952380952,3.629344603700001,0.66392063781373
553,PANDIT,softbioblock+fastrfs,0.1294117647058823,3.8100732006,0.6262299214091636
5422,PANDIT,softbioblock+fastrfs,0.25,18.328125711,2.6010359921844075
469,PANDIT,softbioblock+fastrfs,0.160377358490566,15.6114361325,3.6781283907301456
938,PANDIT,softbioblock+fastrfs,0.3194444444444444,18.119732312200004,3.291004219519569
2714,PANDIT,softbioblock+fastrfs,0.0803571428571428,6.9796931224000005,1.0041857031216888
2839,PANDIT,softbioblock+fastrfs,0.0444444444444444,9.2792019485,2.051169598563684
176,PANDIT,softbioblock+fastrfs,0.2083333333333333,7.660245045099997,1.337227047776006
2482,PANDIT,softbioblock+fastrfs,0.25,8.086579939899996,1.3365016451841556
1446,PANDIT,softbioblock+fastrfs,0.2336448598130841,9.723000068799994,1.2231796165746425
8,PANDIT,softbioblock+fastrfs,0.3561643835616438,54.53578223450002,8.23061355537304
1094,PANDIT,softbioblock+fastrfs,0.0789473684210526,8.9691428396,1.7697878327581924
905,PANDIT,softbioblock+fastrfs,0.031578947368421,4.986633796700002,0.647179856800278
1688,PANDIT,softbioblock+fastrfs,0.0196078431372549,4.2798058135,0.8568689005065262
2037,PANDIT,softbioblock+fastrfs,0.0408163265306122,3.3950048684,0.6614081163510112
2840,PANDIT,softbioblock+fastrfs,0.064516129032258,2.2181731239999998,0.6608442146250519
2538,PANDIT,softbioblock+fastrfs,0.1235955056179775,8.5442158503,1.3323359723421495
2407,PANDIT,softbioblock+fastrfs,0.417910447761194,62.410327881399965,9.284785295036102
514,PANDIT,softbioblock+fastrfs,0.3333333333333333,8.537689870199998,1.219791510422006
2874,PANDIT,softbioblock+fastrfs,0.3538461538461538,14.323333327099997,2.7905505946007647
1851,PANDIT,softbioblock+fastrfs,0.2515723270440251,28.0479131238,4.592852026583485
4483,PANDIT,softbioblock+fastrfs,0.4065934065934066,14.226571349200002,1.9784378407144765
2917,PANDIT,softbioblock+fastrfs,0.3571428571428571,8.326144653799998,1.349772323597388
2466,PANDIT,softbioblock+fastrfs,0.2857142857142857,13.071971237299996,2.3681231052774114
751,PANDIT,softbioblock+fastrfs,0.2615384615384615,18.5588954524,2.306126435014375
2321,PANDIT,softbioblock+fastrfs,0.1475409836065573,8.764899080200005,2.9824652008107524
89,PANDIT,softbioblock+fastrfs,0.5772357723577236,44.50535339300002,10.984532275523454
513,PANDIT,softbioblock+fastrfs,0.5575221238938053,49.41143869779999,6.864711174212503
2022,PANDIT,softbioblock+fastrfs,0.1944444444444444,14.8497685117,2.578452848219675
6060,PANDIT,softbioblock+fastrfs,0.0983606557377049,3.633288497000001,0.6172377548830331
877,PANDIT,softbioblock+fastrfs,0.2290076335877862,14.550146258300009,2.6401882536349657
301,PANDIT,softbioblock+fastrfs,0.0526315789473684,7.4048985958000015,1.8594408379752725
2784,PANDIT,softbioblock+fastrfs,0.2209302325581395,11.0196086721,1.6042906635546106
614,PANDIT,softbioblock+fastrfs,0.4069767441860465,39.77123815739999,4.231932359157708
2556,PANDIT,softbioblock+fastrfs,0.2459016393442623,6.899565591099999,1.211625288570136
654,PANDIT,softbioblock+fastrfs,0.0,4.642334067699999,1.1816143787277802
1477,PANDIT,softbioblock+fastrfs,0.2678571428571428,9.013993203200002,1.486737836071027
3246,PANDIT,softbioblock+fastrfs,0.1720430107526881,11.007981477200005,1.908698159931267
1607,PANDIT,softbioblock+fastrfs,0.0526315789473684,5.4255914713,0.9785760057583832
109,PANDIT,softbioblock+fastrfs,0.2830188679245283,16.423839854300002,2.996354675909644
7278,PANDIT,softbioblock+fastrfs,0.2905027932960894,41.1674432915,6.782173199062067
280,PANDIT,softbioblock+fastrfs,0.391304347826087,92.12984211340004,12.119425685201742
