msa_id	split	relative_path	num_sequences	alignment_length	gap_bucket	gap_ratio	gappy_column_ratio_any	gappy_column_ratio_25	gappy_column_ratio_50	gap_run_count	mean_gap_run_length	median_gap_run_length	p90_gap_run_length	gap_bucket_q_low	gap_bucket_q_high
0	train	data_pandit/aa/0/data.0	64	433	high-gap	0.380484988453	0.540415704388	0.448036951501	0.408775981524	529	19.9319470699	6	100	0.0592369477912	0.143665158371
1	train	data_pandit/aa/1/data.1	33	376	high-gap	0.302707930368	0.412234042553	0.369680851064	0.337765957447	508	7.3937007874	4	24	0.0592369477912	0.143665158371
4	train	data_pandit/aa/4/data.4	65	333	high-gap	0.440887040887	0.660660660661	0.48048048048	0.447447447447	907	10.5214994487	3	14	0.0592369477912	0.143665158371
5	train	data_pandit/aa/5/data.5	157	994	high-gap	0.78838636917	0.850100603622	0.797786720322	0.795774647887	2895	42.498791019	2	173	0.0592369477912	0.143665158371
10	train	data_pandit/aa/10/data.10	37	115	mid-gap	0.119153936545	0.304347826087	0.182608695652	0.113043478261	180	2.81666666667	2	6	0.0592369477912	0.143665158371
11	train	data_pandit/aa/11/data.11	34	688	mid-gap	0.129360465116	0.234011627907	0.149709302326	0.127906976744	852	3.55164319249	1	6	0.0592369477912	0.143665158371
17	train	data_pandit/aa/17/data.17	61	65	mid-gap	0.131399747793	0.230769230769	0.153846153846	0.138461538462	206	2.52912621359	2	3	0.0592369477912	0.143665158371
19	train	data_pandit/aa/19/data.19	37	50	high-gap	0.232972972973	0.44	0.28	0.22	266	1.62030075188	2	2	0.0592369477912	0.143665158371
20	train	data_pandit/aa/20/data.20	42	109	high-gap	0.303844473569	0.642201834862	0.366972477064	0.284403669725	322	4.3198757764	4	11	0.0592369477912	0.143665158371
23	train	data_pandit/aa/23/data.23	108	152	high-gap	0.456140350877	0.789473684211	0.532894736842	0.506578947368	998	7.50300601202	5	21	0.0592369477912	0.143665158371
24	train	data_pandit/aa/24/data.24	20	201	mid-gap	0.115671641791	0.154228855721	0.134328358209	0.129353233831	122	3.81147540984	3	11	0.0592369477912	0.143665158371
27	train	data_pandit/aa/27/data.27	57	129	high-gap	0.266285869713	0.434108527132	0.302325581395	0.286821705426	395	4.95696202532	4	9	0.0592369477912	0.143665158371
30	train	data_pandit/aa/30/data.30	49	109	high-gap	0.152780378206	0.339449541284	0.201834862385	0.146788990826	252	3.2380952381	2	6	0.0592369477912	0.143665158371
32	train	data_pandit/aa/32/data.32	8	212	mid-gap	0.0666273584906	0.13679245283	0.0849056603774	0.0754716981132	42	2.69047619048	2	5	0.0592369477912	0.143665158371
33	train	data_pandit/aa/33/data.33	50	131	high-gap	0.325190839695	0.625954198473	0.419847328244	0.358778625954	317	6.71924290221	5	17	0.0592369477912	0.143665158371
40	train	data_pandit/aa/40/data.40	108	120	high-gap	0.295216049383	0.508333333333	0.35	0.291666666667	1170	3.27008547009	3	7	0.0592369477912	0.143665158371
43	train	data_pandit/aa/43/data.43	114	210	high-gap	0.280827067669	0.466666666667	0.3	0.290476190476	2734	2.45903438186	2	5	0.0592369477912	0.143665158371
48	train	data_pandit/aa/48/data.48	28	176	high-gap	0.537743506494	0.772727272727	0.681818181818	0.539772727273	272	9.74264705882	2	7	0.0592369477912	0.143665158371
49	train	data_pandit/aa/49/data.49	52	66	high-gap	0.243006993007	0.393939393939	0.378787878788	0.272727272727	173	4.82080924855	4	11	0.0592369477912	0.143665158371
51	train	data_pandit/aa/51/data.51	9	150	mid-gap	0.0918518518519	0.193333333333	0.126666666667	0.1	60	2.06666666667	2	4	0.0592369477912	0.143665158371
55	train	data_pandit/aa/55/data.55	30	175	high-gap	0.165142857143	0.228571428571	0.177142857143	0.177142857143	260	3.33461538462	2	8	0.0592369477912	0.143665158371
56	train	data_pandit/aa/56/data.56	53	62	high-gap	0.344796104687	0.41935483871	0.370967741935	0.370967741935	311	3.64308681672	4	5	0.0592369477912	0.143665158371
57	train	data_pandit/aa/57/data.57	28	57	high-gap	0.229323308271	0.298245614035	0.263157894737	0.245614035088	84	4.35714285714	4	8	0.0592369477912	0.143665158371
60	train	data_pandit/aa/60/data.60	157	186	high-gap	0.266557085131	0.618279569892	0.370967741935	0.247311827957	2133	3.64932020628	2	9	0.0592369477912	0.143665158371
61	train	data_pandit/aa/61/data.61	21	128	low-gap	0.0301339285714	0.1328125	0.0625	0.0078125	55	1.47272727273	1	2	0.0592369477912	0.143665158371
62	train	data_pandit/aa/62/data.62	24	956	high-gap	0.282906206416	0.541841004184	0.322175732218	0.292887029289	795	8.16477987421	3	25	0.0592369477912	0.143665158371
63	train	data_pandit/aa/63/data.63	7	486	low-gap	0.0411522633745	0.0884773662551	0.0617283950617	0.037037037037	66	2.12121212121	1	4	0.0592369477912	0.143665158371
64	train	data_pandit/aa/64/data.64	10	42	mid-gap	0.1	0.214285714286	0.190476190476	0.119047619048	17	2.47058823529	2	3	0.0592369477912	0.143665158371
65	train	data_pandit/aa/65/data.65	51	559	high-gap	0.178680416711	0.395348837209	0.212880143113	0.173524150268	1294	3.93663060278	2	11	0.0592369477912	0.143665158371
66	train	data_pandit/aa/66/data.66	37	138	mid-gap	0.130630630631	0.231884057971	0.18115942029	0.159420289855	347	1.92219020173	1	5	0.0592369477912	0.143665158371
67	train	data_pandit/aa/67/data.67	54	473	high-gap	0.423107039386	0.594080338266	0.475687103594	0.452431289641	1366	7.91142020498	5	18	0.0592369477912	0.143665158371
70	train	data_pandit/aa/70/data.70	54	158	high-gap	0.230309423347	0.322784810127	0.240506329114	0.240506329114	366	5.36885245902	2	15	0.0592369477912	0.143665158371
71	train	data_pandit/aa/71/data.71	52	313	high-gap	0.365138854755	0.651757188498	0.453674121406	0.392971246006	508	11.6988188976	5	42	0.0592369477912	0.143665158371
73	train	data_pandit/aa/73/data.73	67	246	high-gap	0.448185899769	0.723577235772	0.512195121951	0.487804878049	1617	4.56833642548	2	8	0.0592369477912	0.143665158371
74	train	data_pandit/aa/74/data.74	79	80	mid-gap	0.120094936709	0.25	0.125	0.1	394	1.92639593909	1	3	0.0592369477912	0.143665158371
75	train	data_pandit/aa/75/data.75	51	127	high-gap	0.2121352478	0.409448818898	0.251968503937	0.236220472441	297	4.62626262626	5	12	0.0592369477912	0.143665158371
76	train	data_pandit/aa/76/data.76	164	397	high-gap	0.449806475395	0.670025188917	0.586901763224	0.501259445844	2117	13.8337269721	7	39	0.0592369477912	0.143665158371
77	train	data_pandit/aa/77/data.77	42	423	mid-gap	0.113700326466	0.34988179669	0.130023640662	0.113475177305	868	2.32718894009	1	4	0.0592369477912	0.143665158371
78	train	data_pandit/aa/78/data.78	28	203	high-gap	0.251583391977	0.413793103448	0.261083743842	0.251231527094	526	2.71863117871	1	7	0.0592369477912	0.143665158371
80	train	data_pandit/aa/80/data.80	45	764	high-gap	0.610849331006	0.794502617801	0.689790575916	0.615183246073	956	21.9675732218	5	72	0.0592369477912	0.143665158371
81	train	data_pandit/aa/81/data.81	49	617	high-gap	0.266794562233	0.492706645057	0.306320907618	0.26904376013	1363	5.91782831988	2	11	0.0592369477912	0.143665158371
82	train	data_pandit/aa/82/data.82	80	92	high-gap	0.37839673913	0.586956521739	0.423913043478	0.402173913043	555	5.01801801802	5	8	0.0592369477912	0.143665158371
83	train	data_pandit/aa/83/data.83	51	122	mid-gap	0.117004178721	0.286885245902	0.172131147541	0.114754098361	357	2.03921568627	1	4	0.0592369477912	0.143665158371
84	train	data_pandit/aa/84/data.84	20	84	high-gap	0.207142857143	0.440476190476	0.321428571429	0.214285714286	92	3.78260869565	2	8	0.0592369477912	0.143665158371
85	train	data_pandit/aa/85/data.85	48	81	high-gap	0.224537037037	0.481481481481	0.283950617284	0.20987654321	497	1.75653923541	1	3	0.0592369477912	0.143665158371
87	train	data_pandit/aa/87/data.87	76	355	high-gap	0.39766493699	0.822535211268	0.456338028169	0.383098591549	2004	5.35379241517	4	12	0.0592369477912	0.143665158371
89	train	data_pandit/aa/89/data.89	126	285	high-gap	0.304010025063	0.543859649123	0.357894736842	0.298245614035	1801	6.06163242643	3	19	0.0592369477912	0.143665158371
90	train	data_pandit/aa/90/data.90	195	296	high-gap	0.395772695773	0.847972972973	0.442567567568	0.398648648649	3514	6.50085372795	5	15	0.0592369477912	0.143665158371
91	train	data_pandit/aa/91/data.91	20	99	high-gap	0.382828282828	0.515151515152	0.444444444444	0.444444444444	143	5.3006993007	3	13	0.0592369477912	0.143665158371
92	train	data_pandit/aa/92/data.92	69	215	high-gap	0.273811931244	0.586046511628	0.306976744186	0.26976744186	963	4.21806853583	4	8	0.0592369477912	0.143665158371
97	train	data_pandit/aa/97/data.97	84	403	high-gap	0.356876993974	0.732009925558	0.406947890819	0.342431761787	1871	6.45697487974	4	18	0.0592369477912	0.143665158371
98	train	data_pandit/aa/98/data.98	49	128	mid-gap	0.112085459184	0.234375	0.171875	0.0625	100	7.03	6	18	0.0592369477912	0.143665158371
100	train	data_pandit/aa/100/data.100	17	237	mid-gap	0.111690245719	0.227848101266	0.168776371308	0.0970464135021	112	4.01785714286	4	7	0.0592369477912	0.143665158371
102	train	data_pandit/aa/102/data.102	27	80	low-gap	0.0467592592593	0.0875	0.05	0.05	52	1.94230769231	2	2	0.0592369477912	0.143665158371
105	train	data_pandit/aa/105/data.105	22	291	mid-gap	0.0995001562012	0.202749140893	0.13058419244	0.0962199312715	196	3.25	2	7	0.0592369477912	0.143665158371
106	train	data_pandit/aa/106/data.106	169	347	high-gap	0.286428047678	0.625360230548	0.35446685879	0.273775216138	3598	4.66842690384	4	10	0.0592369477912	0.143665158371
107	train	data_pandit/aa/107/data.107	15	394	high-gap	0.193739424704	0.299492385787	0.236040609137	0.200507614213	148	7.73648648649	3	18	0.0592369477912	0.143665158371
109	train	data_pandit/aa/109/data.109	162	367	high-gap	0.389208463686	0.66757493188	0.455040871935	0.408719346049	4417	5.23884989812	3	10	0.0592369477912	0.143665158371
110	train	data_pandit/aa/110/data.110	11	298	low-gap	0.0192190359976	0.0604026845638	0.0436241610738	0.00671140939597	27	2.33333333333	2	2	0.0592369477912	0.143665158371
111	train	data_pandit/aa/111/data.111	23	155	high-gap	0.234221598878	0.503225806452	0.322580645161	0.238709677419	187	4.46524064171	2	14	0.0592369477912	0.143665158371
112	train	data_pandit/aa/112/data.112	24	524	mid-gap	0.122932569975	0.211832061069	0.139312977099	0.125954198473	333	4.64264264264	3	15	0.0592369477912	0.143665158371
113	train	data_pandit/aa/113/data.113	32	136	high-gap	0.153492647059	0.382352941176	0.132352941176	0.117647058824	120	5.56666666667	4	5	0.0592369477912	0.143665158371
114	train	data_pandit/aa/114/data.114	137	292	high-gap	0.336291370863	0.657534246575	0.421232876712	0.352739726027	2061	6.52741387676	5	17	0.0592369477912	0.143665158371
115	train	data_pandit/aa/115/data.115	41	625	high-gap	0.202848780488	0.3312	0.24	0.2224	941	5.52391073326	3	12	0.0592369477912	0.143665158371
116	train	data_pandit/aa/116/data.116	30	198	high-gap	0.187373737374	0.338383838384	0.262626262626	0.181818181818	201	5.53731343284	5	11	0.0592369477912	0.143665158371
117	train	data_pandit/aa/117/data.117	106	340	high-gap	0.223862375139	0.485294117647	0.288235294118	0.229411764706	2165	3.72655889145	2	8	0.0592369477912	0.143665158371
120	train	data_pandit/aa/120/data.120	26	28	low-gap	0.00274725274725	0.0357142857143	0	0	2	1	1	1	0.0592369477912	0.143665158371
125	train	data_pandit/aa/125/data.125	54	673	high-gap	0.437730449618	0.679049034175	0.520059435364	0.468053491828	1779	8.94210230467	7	18	0.0592369477912	0.143665158371
126	train	data_pandit/aa/126/data.126	25	181	low-gap	0.0132596685083	0.0497237569061	0.0110497237569	0.0110497237569	54	1.11111111111	1	1	0.0592369477912	0.143665158371
128	train	data_pandit/aa/128/data.128	21	80	high-gap	0.221428571429	0.3625	0.275	0.225	167	2.22754491018	1	6	0.0592369477912	0.143665158371
131	train	data_pandit/aa/131/data.131	150	194	high-gap	0.336701030928	0.690721649485	0.350515463918	0.345360824742	1864	5.25643776824	3	15	0.0592369477912	0.143665158371
134	train	data_pandit/aa/134/data.134	35	70	low-gap	0.0212244897959	0.0714285714286	0.0714285714286	0	22	2.36363636364	1	4	0.0592369477912	0.143665158371
136	train	data_pandit/aa/136/data.136	22	229	high-gap	0.199483922191	0.436681222707	0.235807860262	0.192139737991	277	3.62815884477	2	7	0.0592369477912	0.143665158371
139	train	data_pandit/aa/139/data.139	16	282	low-gap	0.0394503546099	0.120567375887	0.0496453900709	0.031914893617	103	1.72815533981	1	4	0.0592369477912	0.143665158371
140	train	data_pandit/aa/140/data.140	17	193	low-gap	0.0344407192929	0.113989637306	0.0310880829016	0.0310880829016	70	1.61428571429	1	3	0.0592369477912	0.143665158371
141	train	data_pandit/aa/141/data.141	130	690	high-gap	0.523779264214	0.808695652174	0.585507246377	0.533333333333	3530	13.309631728	9	29	0.0592369477912	0.143665158371
142	train	data_pandit/aa/142/data.142	31	546	high-gap	0.368013706723	0.545787545788	0.461538461538	0.406593406593	680	9.16029411765	5	27	0.0592369477912	0.143665158371
143	train	data_pandit/aa/143/data.143	25	344	mid-gap	0.0956976744186	0.244186046512	0.119186046512	0.101744186047	147	5.59863945578	3	21	0.0592369477912	0.143665158371
144	train	data_pandit/aa/144/data.144	11	272	high-gap	0.14672459893	0.268382352941	0.231617647059	0.139705882353	104	4.22115384615	3	9	0.0592369477912	0.143665158371
145	train	data_pandit/aa/145/data.145	31	568	high-gap	0.256303952749	0.431338028169	0.31161971831	0.276408450704	975	4.62871794872	1	8	0.0592369477912	0.143665158371
147	train	data_pandit/aa/147/data.147	67	513	high-gap	0.436996305025	0.674463937622	0.510721247563	0.461988304094	1534	9.79139504563	6	22	0.0592369477912	0.143665158371
148	train	data_pandit/aa/148/data.148	16	379	mid-gap	0.141160949868	0.316622691293	0.253298153034	0.11345646438	198	4.32323232323	2	15	0.0592369477912	0.143665158371
151	train	data_pandit/aa/151/data.151	28	329	low-gap	0.0196482848459	0.0516717325228	0.0243161094225	0.0182370820669	105	1.72380952381	1	4	0.0592369477912	0.143665158371
152	train	data_pandit/aa/152/data.152	48	526	high-gap	0.315866603295	0.532319391635	0.406844106464	0.313688212928	1195	6.67364016736	5	20	0.0592369477912	0.143665158371
153	train	data_pandit/aa/153/data.153	130	241	high-gap	0.429779763805	0.730290456432	0.489626556017	0.439834024896	1630	8.26073619632	4	23	0.0592369477912	0.143665158371
154	train	data_pandit/aa/154/data.154	10	78	low-gap	0.0294871794872	0.0641025641026	0.0384615384615	0.0384615384615	8	2.875	3	3	0.0592369477912	0.143665158371
158	train	data_pandit/aa/158/data.158	19	351	high-gap	0.270355375619	0.461538461538	0.339031339031	0.279202279202	310	5.81612903226	3	21	0.0592369477912	0.143665158371
159	train	data_pandit/aa/159/data.159	25	530	high-gap	0.224754716981	0.335849056604	0.258490566038	0.241509433962	328	9.07926829268	2	10	0.0592369477912	0.143665158371
161	train	data_pandit/aa/161/data.161	20	147	mid-gap	0.131972789116	0.244897959184	0.210884353741	0.170068027211	110	3.52727272727	2	9	0.0592369477912	0.143665158371
163	train	data_pandit/aa/163/data.163	48	127	high-gap	0.270341207349	0.456692913386	0.314960629921	0.267716535433	613	2.68841761827	2	4	0.0592369477912	0.143665158371
167	train	data_pandit/aa/167/data.167	22	65	low-gap	0.0237762237762	0.184615384615	0	0	8	4.25	4	7	0.0592369477912	0.143665158371
168	train	data_pandit/aa/168/data.168	122	616	high-gap	0.249973387268	0.530844155844	0.261363636364	0.25487012987	7522	2.49747407604	1	6	0.0592369477912	0.143665158371
171	train	data_pandit/aa/171/data.171	15	261	mid-gap	0.117496807152	0.180076628352	0.149425287356	0.126436781609	83	5.5421686747	2	14	0.0592369477912	0.143665158371
173	train	data_pandit/aa/173/data.173	23	510	high-gap	0.397357203751	0.509803921569	0.458823529412	0.421568627451	462	10.0887445887	4	35	0.0592369477912	0.143665158371
174	train	data_pandit/aa/174/data.174	21	185	high-gap	0.179665379665	0.237837837838	0.194594594595	0.194594594595	200	3.49	2	5	0.0592369477912	0.143665158371
175	train	data_pandit/aa/175/data.175	15	92	mid-gap	0.0746376811594	0.0978260869565	0.0869565217391	0.0760869565217	64	1.609375	2	2	0.0592369477912	0.143665158371
176	train	data_pandit/aa/176/data.176	75	239	high-gap	0.404853556485	0.661087866109	0.430962343096	0.418410041841	1497	4.84769539078	3	15	0.0592369477912	0.143665158371
177	train	data_pandit/aa/177/data.177	25	464	high-gap	0.240603448276	0.400862068966	0.282327586207	0.245689655172	569	4.90509666081	2	10	0.0592369477912	0.143665158371
178	train	data_pandit/aa/178/data.178	62	94	high-gap	0.182395332876	0.446808510638	0.18085106383	0.18085106383	361	2.94459833795	2	6	0.0592369477912	0.143665158371
180	train	data_pandit/aa/180/data.180	11	571	mid-gap	0.0749880592262	0.192644483363	0.0910683012259	0.0683012259194	102	4.61764705882	2	15	0.0592369477912	0.143665158371
181	train	data_pandit/aa/181/data.181	10	80	low-gap	0.01875	0.0375	0.025	0.0125	11	1.36363636364	1	2	0.0592369477912	0.143665158371
183	train	data_pandit/aa/183/data.183	19	257	high-gap	0.29920131067	0.439688715953	0.389105058366	0.326848249027	206	7.09223300971	5	15	0.0592369477912	0.143665158371
184	train	data_pandit/aa/184/data.184	19	44	mid-gap	0.113636363636	0.272727272727	0.25	0.0909090909091	52	1.82692307692	1	2	0.0592369477912	0.143665158371
187	train	data_pandit/aa/187/data.187	226	379	high-gap	0.599271487613	0.844327176781	0.656992084433	0.604221635884	2335	21.982869379	3	28	0.0592369477912	0.143665158371
189	train	data_pandit/aa/189/data.189	12	105	mid-gap	0.0928571428571	0.171428571429	0.142857142857	0.12380952381	43	2.72093023256	1	7	0.0592369477912	0.143665158371
191	train	data_pandit/aa/191/data.191	21	232	low-gap	0.0176518883415	0.0258620689655	0.0172413793103	0.0172413793103	46	1.86956521739	1	3	0.0592369477912	0.143665158371
192	train	data_pandit/aa/192/data.192	30	58	low-gap	0	0	0	0	0	0	0	0	0.0592369477912	0.143665158371
194	train	data_pandit/aa/194/data.194	79	290	high-gap	0.201265822785	0.320689655172	0.206896551724	0.203448275862	1655	2.78610271903	2	6	0.0592369477912	0.143665158371
195	train	data_pandit/aa/195/data.195	21	408	low-gap	0.0535714285714	0.0759803921569	0.0588235294118	0.0563725490196	175	2.62285714286	1	10	0.0592369477912	0.143665158371
199	train	data_pandit/aa/199/data.199	22	82	low-gap	0.0288248337029	0.134146341463	0.0121951219512	0.0121951219512	23	2.26086956522	1	3	0.0592369477912	0.143665158371
201	train	data_pandit/aa/201/data.201	23	187	high-gap	0.173215531272	0.352941176471	0.208556149733	0.176470588235	225	3.31111111111	1	10	0.0592369477912	0.143665158371
202	train	data_pandit/aa/202/data.202	19	345	mid-gap	0.0980930587338	0.284057971014	0.16231884058	0.0869565217391	224	2.87053571429	2	6	0.0592369477912	0.143665158371
204	train	data_pandit/aa/204/data.204	127	330	high-gap	0.269315199236	0.484848484848	0.306060606061	0.266666666667	3178	3.55160478288	2	8	0.0592369477912	0.143665158371
205	train	data_pandit/aa/205/data.205	15	642	high-gap	0.1502596054	0.242990654206	0.179127725857	0.165109034268	200	7.235	3	21	0.0592369477912	0.143665158371
206	train	data_pandit/aa/206/data.206	95	204	high-gap	0.299845201238	0.573529411765	0.328431372549	0.294117647059	918	6.33006535948	3	28	0.0592369477912	0.143665158371
209	train	data_pandit/aa/209/data.209	20	180	low-gap	0.0441666666667	0.0888888888889	0.05	0.0444444444444	82	1.93902439024	2	3	0.0592369477912	0.143665158371
210	train	data_pandit/aa/210/data.210	10	42	low-gap	0.047619047619	0.119047619048	0.119047619048	0	4	5	5	5	0.0592369477912	0.143665158371
211	train	data_pandit/aa/211/data.211	92	402	high-gap	0.443813540991	0.676616915423	0.504975124378	0.467661691542	1315	12.4821292776	4	18	0.0592369477912	0.143665158371
212	train	data_pandit/aa/212/data.212	82	106	high-gap	0.145421076852	0.301886792453	0.169811320755	0.150943396226	328	3.85365853659	1	9	0.0592369477912	0.143665158371
213	train	data_pandit/aa/213/data.213	6	275	low-gap	0.0363636363636	0.101818181818	0.0472727272727	0.0254545454545	20	3	2	5	0.0592369477912	0.143665158371
214	train	data_pandit/aa/214/data.214	20	282	mid-gap	0.0978723404255	0.251773049645	0.127659574468	0.102836879433	173	3.19075144509	2	8	0.0592369477912	0.143665158371
217	train	data_pandit/aa/217/data.217	10	517	low-gap	0.0497098646035	0.104448742747	0.0870406189555	0.0425531914894	92	2.79347826087	2	6	0.0592369477912	0.143665158371
219	train	data_pandit/aa/219/data.219	13	387	mid-gap	0.0952096998609	0.129198966408	0.113695090439	0.103359173127	129	3.71317829457	2	6	0.0592369477912	0.143665158371
222	train	data_pandit/aa/222/data.222	185	269	high-gap	0.318054857832	0.598513011152	0.330855018587	0.301115241636	7762	2.03916516362	2	3	0.0592369477912	0.143665158371
226	train	data_pandit/aa/226/data.226	19	343	high-gap	0.148227712137	0.282798833819	0.180758017493	0.160349854227	157	6.15286624204	2	16	0.0592369477912	0.143665158371
227	train	data_pandit/aa/227/data.227	14	569	high-gap	0.188927943761	0.342706502636	0.226713532513	0.203866432337	274	5.49270072993	3	13	0.0592369477912	0.143665158371
228	train	data_pandit/aa/228/data.228	8	255	mid-gap	0.068137254902	0.160784313725	0.105882352941	0.0588235294118	47	2.95744680851	2	5	0.0592369477912	0.143665158371
229	train	data_pandit/aa/229/data.229	200	218	high-gap	0.583233944954	0.862385321101	0.697247706422	0.655963302752	1389	18.3074154068	7	67	0.0592369477912	0.143665158371
232	train	data_pandit/aa/232/data.232	20	140	high-gap	0.196071428571	0.271428571429	0.257142857143	0.25	39	14.0769230769	3	33	0.0592369477912	0.143665158371
233	train	data_pandit/aa/233/data.233	19	142	mid-gap	0.134544106746	0.204225352113	0.140845070423	0.140845070423	124	2.92741935484	3	6	0.0592369477912	0.143665158371
234	train	data_pandit/aa/234/data.234	16	167	high-gap	0.163922155689	0.245508982036	0.203592814371	0.179640718563	134	3.26865671642	2	5	0.0592369477912	0.143665158371
236	train	data_pandit/aa/236/data.236	16	165	high-gap	0.211363636364	0.393939393939	0.248484848485	0.230303030303	163	3.42331288344	2	7	0.0592369477912	0.143665158371
237	train	data_pandit/aa/237/data.237	6	423	mid-gap	0.135145784082	0.238770685579	0.184397163121	0.163120567376	50	6.86	4.5	14	0.0592369477912	0.143665158371
239	train	data_pandit/aa/239/data.239	16	242	low-gap	0.0278925619835	0.0909090909091	0.0330578512397	0.0247933884298	49	2.20408163265	2	3	0.0592369477912	0.143665158371
242	train	data_pandit/aa/242/data.242	67	402	high-gap	0.284695923368	0.490049751244	0.360696517413	0.300995024876	1314	5.83561643836	3	11	0.0592369477912	0.143665158371
244	train	data_pandit/aa/244/data.244	21	140	high-gap	0.292176870748	0.342857142857	0.314285714286	0.314285714286	80	10.7375	9	21	0.0592369477912	0.143665158371
245	train	data_pandit/aa/245/data.245	19	549	high-gap	0.209567634934	0.366120218579	0.27868852459	0.227686703097	485	4.50721649485	3	11	0.0592369477912	0.143665158371
248	train	data_pandit/aa/248/data.248	184	253	high-gap	0.620080769892	0.826086956522	0.644268774704	0.624505928854	3016	9.57095490716	6	25	0.0592369477912	0.143665158371
249	train	data_pandit/aa/249/data.249	12	118	low-gap	0.0529661016949	0.110169491525	0.0932203389831	0.0762711864407	35	2.14285714286	2	4	0.0592369477912	0.143665158371
251	train	data_pandit/aa/251/data.251	27	396	high-gap	0.596427235316	0.881313131313	0.782828282828	0.666666666667	233	27.3690987124	13	65	0.0592369477912	0.143665158371
252	train	data_pandit/aa/252/data.252	94	240	high-gap	0.411657801418	0.741666666667	0.483333333333	0.420833333333	793	11.711223203	4	55	0.0592369477912	0.143665158371
255	train	data_pandit/aa/255/data.255	11	389	mid-gap	0.132507595233	0.25706940874	0.205655526992	0.195372750643	113	5.01769911504	3	13	0.0592369477912	0.143665158371
256	train	data_pandit/aa/256/data.256	57	348	high-gap	0.315234926396	0.505747126437	0.373563218391	0.330459770115	500	12.506	5	32	0.0592369477912	0.143665158371
257	train	data_pandit/aa/257/data.257	14	408	high-gap	0.181897759104	0.308823529412	0.254901960784	0.203431372549	221	4.70135746606	3	13	0.0592369477912	0.143665158371
258	train	data_pandit/aa/258/data.258	13	191	mid-gap	0.0741039065646	0.130890052356	0.104712041885	0.0994764397906	63	2.92063492063	2	6	0.0592369477912	0.143665158371
261	train	data_pandit/aa/261/data.261	13	299	low-gap	0.0565989194752	0.123745819398	0.0735785953177	0.0635451505017	97	2.26804123711	2	4	0.0592369477912	0.143665158371
263	train	data_pandit/aa/263/data.263	201	548	high-gap	0.682990158696	0.906934306569	0.726277372263	0.691605839416	4046	18.5936727632	3	34	0.0592369477912	0.143665158371
265	train	data_pandit/aa/265/data.265	16	34	mid-gap	0.115808823529	0.205882352941	0.117647058824	0.117647058824	14	4.5	4	7	0.0592369477912	0.143665158371
266	train	data_pandit/aa/266/data.266	43	186	low-gap	0.0590147536884	0.188172043011	0.0752688172043	0.0483870967742	222	2.12612612613	2	4	0.0592369477912	0.143665158371
268	train	data_pandit/aa/268/data.268	35	506	high-gap	0.180914737436	0.383399209486	0.243083003953	0.175889328063	911	3.51701427003	3	8	0.0592369477912	0.143665158371
270	train	data_pandit/aa/270/data.270	9	112	low-gap	0.0396825396825	0.116071428571	0.0803571428571	0.00892857142857	9	4.44444444444	1	9	0.0592369477912	0.143665158371
271	train	data_pandit/aa/271/data.271	55	220	high-gap	0.430991735537	0.540909090909	0.509090909091	0.5	337	15.4747774481	7	57	0.0592369477912	0.143665158371
272	train	data_pandit/aa/272/data.272	13	65	low-gap	0.0295857988166	0.107692307692	0.0307692307692	0.0307692307692	21	1.19047619048	1	1	0.0592369477912	0.143665158371
274	train	data_pandit/aa/274/data.274	12	407	mid-gap	0.102375102375	0.329238329238	0.169533169533	0.0835380835381	159	3.14465408805	2	6	0.0592369477912	0.143665158371
278	train	data_pandit/aa/278/data.278	17	143	low-gap	0.0300287947347	0.118881118881	0.027972027972	0.020979020979	63	1.15873015873	1	1	0.0592369477912	0.143665158371
279	train	data_pandit/aa/279/data.279	11	344	high-gap	0.157505285412	0.279069767442	0.229651162791	0.165697674419	172	3.46511627907	2	6	0.0592369477912	0.143665158371
280	train	data_pandit/aa/280/data.280	256	549	high-gap	0.627077641166	0.959927140255	0.750455373406	0.650273224044	4741	18.5893271462	4	44	0.0592369477912	0.143665158371
281	train	data_pandit/aa/281/data.281	20	135	mid-gap	0.118888888889	0.192592592593	0.162962962963	0.125925925926	64	5.015625	3	9	0.0592369477912	0.143665158371
282	train	data_pandit/aa/282/data.282	21	283	mid-gap	0.0900218744742	0.197879858657	0.0989399293286	0.0812720848057	206	2.59708737864	2	6	0.0592369477912	0.143665158371
283	train	data_pandit/aa/283/data.283	97	436	high-gap	0.302681358176	0.56880733945	0.385321100917	0.309633027523	2208	5.79755434783	4	10	0.0592369477912	0.143665158371
284	train	data_pandit/aa/284/data.284	6	126	low-gap	0.010582010582	0.031746031746	0.00793650793651	0.00793650793651	6	1.33333333333	1	1	0.0592369477912	0.143665158371
285	train	data_pandit/aa/285/data.285	205	314	high-gap	0.559297809539	0.802547770701	0.601910828025	0.576433121019	1707	21.0908025776	10	48	0.0592369477912	0.143665158371
286	train	data_pandit/aa/286/data.286	85	404	high-gap	0.263686662784	0.566831683168	0.304455445545	0.267326732673	1912	4.73587866109	2	13	0.0592369477912	0.143665158371
287	train	data_pandit/aa/287/data.287	16	390	high-gap	0.157532051282	0.315384615385	0.2	0.187179487179	279	3.52329749104	2	8	0.0592369477912	0.143665158371
288	train	data_pandit/aa/288/data.288	15	373	mid-gap	0.11581769437	0.276139410188	0.13672922252	0.131367292225	170	3.81176470588	2	6	0.0592369477912	0.143665158371
289	train	data_pandit/aa/289/data.289	14	306	high-gap	0.213585434174	0.411764705882	0.369281045752	0.343137254902	105	8.71428571429	3	37	0.0592369477912	0.143665158371
292	train	data_pandit/aa/292/data.292	43	54	mid-gap	0.142980189492	0.518518518519	0.0925925925926	0.0925925925926	142	2.33802816901	2	2	0.0592369477912	0.143665158371
293	train	data_pandit/aa/293/data.293	12	206	low-gap	0.00768608414239	0.0436893203883	0.00485436893204	0	13	1.46153846154	1	1	0.0592369477912	0.143665158371
294	train	data_pandit/aa/294/data.294	19	384	high-gap	0.247532894737	0.34375	0.286458333333	0.255208333333	241	7.49377593361	4	17	0.0592369477912	0.143665158371
295	train	data_pandit/aa/295/data.295	51	59	high-gap	0.197075440346	0.338983050847	0.220338983051	0.203389830508	307	1.93159609121	2	3	0.0592369477912	0.143665158371
296	train	data_pandit/aa/296/data.296	17	698	mid-gap	0.083684476656	0.256446991404	0.0630372492837	0.0429799426934	252	3.94047619048	2	11	0.0592369477912	0.143665158371
297	train	data_pandit/aa/297/data.297	156	211	high-gap	0.477579292745	0.886255924171	0.57345971564	0.488151658768	3354	4.68694096601	3	7	0.0592369477912	0.143665158371
299	train	data_pandit/aa/299/data.299	14	339	mid-gap	0.0678466076696	0.103244837758	0.0796460176991	0.0766961651917	130	2.47692307692	2	4	0.0592369477912	0.143665158371
300	train	data_pandit/aa/300/data.300	31	49	low-gap	0.00724160631995	0.0612244897959	0.0204081632653	0	10	1.1	1	1	0.0592369477912	0.143665158371
301	train	data_pandit/aa/301/data.301	60	579	high-gap	0.455037420841	0.780656303972	0.6597582038	0.367875647668	1107	14.2800361337	2	27	0.0592369477912	0.143665158371
305	train	data_pandit/aa/305/data.305	8	215	mid-gap	0.133139534884	0.353488372093	0.316279069767	0.0976744186047	44	5.20454545455	2	6	0.0592369477912	0.143665158371
306	train	data_pandit/aa/306/data.306	14	380	high-gap	0.145488721805	0.25	0.176315789474	0.147368421053	144	5.375	2	15	0.0592369477912	0.143665158371
313	train	data_pandit/aa/313/data.313	11	30	low-gap	0.0333333333333	0.0666666666667	0.0333333333333	0.0333333333333	10	1.1	1	1	0.0592369477912	0.143665158371
314	train	data_pandit/aa/314/data.314	28	621	high-gap	0.246951920865	0.512077294686	0.294685990338	0.244766505636	719	5.97218358832	3	20	0.0592369477912	0.143665158371
317	train	data_pandit/aa/317/data.317	14	55	low-gap	0.0298701298701	0.0545454545455	0.0363636363636	0.0363636363636	12	1.91666666667	2	2	0.0592369477912	0.143665158371
318	train	data_pandit/aa/318/data.318	104	944	high-gap	0.620365466102	0.870762711864	0.703389830508	0.648305084746	3016	20.1939655172	8	68	0.0592369477912	0.143665158371
319	train	data_pandit/aa/319/data.319	58	79	mid-gap	0.134657354867	0.303797468354	0.139240506329	0.139240506329	284	2.17253521127	2	4	0.0592369477912	0.143665158371
320	train	data_pandit/aa/320/data.320	12	531	mid-gap	0.128217200251	0.239171374765	0.199623352166	0.126177024482	140	5.83571428571	4	12	0.0592369477912	0.143665158371
321	train	data_pandit/aa/321/data.321	55	511	high-gap	0.373599003736	0.60469667319	0.444227005871	0.39530332681	1331	7.88880540947	6	22	0.0592369477912	0.143665158371
322	train	data_pandit/aa/322/data.322	16	333	mid-gap	0.0771396396396	0.195195195195	0.105105105105	0.0660660660661	177	2.32203389831	2	4	0.0592369477912	0.143665158371
323	train	data_pandit/aa/323/data.323	13	68	low-gap	0.0169683257919	0.0588235294118	0.0147058823529	0.0147058823529	14	1.07142857143	1	1	0.0592369477912	0.143665158371
324	train	data_pandit/aa/324/data.324	12	135	low-gap	0.00123456790123	0.00740740740741	0	0	2	1	1	1	0.0592369477912	0.143665158371
325	train	data_pandit/aa/325/data.325	69	362	high-gap	0.383577548242	0.690607734807	0.475138121547	0.425414364641	1087	8.8141674333	2	32	0.0592369477912	0.143665158371
327	train	data_pandit/aa/327/data.327	87	275	high-gap	0.498432601881	0.690909090909	0.534545454545	0.530909090909	1563	7.62955854127	2	28	0.0592369477912	0.143665158371
330	train	data_pandit/aa/330/data.330	16	154	mid-gap	0.126623376623	0.305194805195	0.188311688312	0.116883116883	132	2.36363636364	2	5	0.0592369477912	0.143665158371
333	train	data_pandit/aa/333/data.333	9	747	low-gap	0.0446229361892	0.095046854083	0.0589022757697	0.0481927710843	95	3.15789473684	2	7	0.0592369477912	0.143665158371
334	train	data_pandit/aa/334/data.334	17	396	mid-gap	0.125816993464	0.255050505051	0.156565656566	0.133838383838	223	3.79820627803	1	12	0.0592369477912	0.143665158371
335	train	data_pandit/aa/335/data.335	20	149	high-gap	0.160067114094	0.255033557047	0.214765100671	0.187919463087	115	4.14782608696	4	9	0.0592369477912	0.143665158371
341	train	data_pandit/aa/341/data.341	6	332	low-gap	0	0	0	0	0	0	0	0	0.0592369477912	0.143665158371
342	train	data_pandit/aa/342/data.342	56	106	high-gap	0.181772237197	0.283018867925	0.188679245283	0.188679245283	173	6.23699421965	8	11	0.0592369477912	0.143665158371
344	train	data_pandit/aa/344/data.344	9	209	mid-gap	0.0611376927166	0.0765550239234	0.0717703349282	0.0717703349282	54	2.12962962963	2	4	0.0592369477912	0.143665158371
346	train	data_pandit/aa/346/data.346	27	27	low-gap	0.00685871056241	0.0740740740741	0	0	4	1.25	1	1	0.0592369477912	0.143665158371
348	train	data_pandit/aa/348/data.348	14	133	low-gap	0.000537056928034	0.00751879699248	0	0	1	1	1	1	0.0592369477912	0.143665158371
349	train	data_pandit/aa/349/data.349	13	155	mid-gap	0.0799007444169	0.141935483871	0.103225806452	0.0774193548387	91	1.76923076923	2	3	0.0592369477912	0.143665158371
350	train	data_pandit/aa/350/data.350	9	182	low-gap	0.010989010989	0.021978021978	0.010989010989	0.010989010989	18	1	1	1	0.0592369477912	0.143665158371
352	train	data_pandit/aa/352/data.352	17	444	low-gap	0.0438526762056	0.105855855856	0.0630630630631	0.0337837837838	150	2.20666666667	2	4	0.0592369477912	0.143665158371
353	train	data_pandit/aa/353/data.353	15	97	high-gap	0.167697594502	0.494845360825	0.20618556701	0.134020618557	72	3.38888888889	3	4	0.0592369477912	0.143665158371
356	train	data_pandit/aa/356/data.356	15	71	low-gap	0.0225352112676	0.056338028169	0.0422535211268	0.0281690140845	15	1.6	2	2	0.0592369477912	0.143665158371
357	train	data_pandit/aa/357/data.357	18	35	low-gap	0.0047619047619	0.0285714285714	0	0	3	1	1	1	0.0592369477912	0.143665158371
358	train	data_pandit/aa/358/data.358	21	433	mid-gap	0.085670295832	0.173210161663	0.0993071593533	0.0877598152425	198	3.93434343434	3.5	8	0.0592369477912	0.143665158371
359	train	data_pandit/aa/359/data.359	13	267	mid-gap	0.0774992797465	0.14606741573	0.101123595506	0.0823970037453	96	2.80208333333	2	5	0.0592369477912	0.143665158371
363	train	data_pandit/aa/363/data.363	12	473	mid-gap	0.130021141649	0.211416490486	0.179704016913	0.15644820296	143	5.16083916084	2	20	0.0592369477912	0.143665158371
365	train	data_pandit/aa/365/data.365	7	132	mid-gap	0.106060606061	0.189393939394	0.151515151515	0.113636363636	22	4.45454545455	3	11	0.0592369477912	0.143665158371
368	train	data_pandit/aa/368/data.368	10	136	mid-gap	0.0735294117647	0.154411764706	0.110294117647	0.110294117647	22	4.54545454545	3	11	0.0592369477912	0.143665158371
369	train	data_pandit/aa/369/data.369	11	87	low-gap	0.0292580982236	0.0459770114943	0.0344827586207	0.0344827586207	11	2.54545454545	3	3	0.0592369477912	0.143665158371
371	train	data_pandit/aa/371/data.371	63	206	high-gap	0.476729850516	0.776699029126	0.543689320388	0.495145631068	730	8.47534246575	3	24	0.0592369477912	0.143665158371
375	train	data_pandit/aa/375/data.375	8	128	mid-gap	0.0732421875	0.09375	0.09375	0.078125	23	3.26086956522	2	7	0.0592369477912	0.143665158371
378	train	data_pandit/aa/378/data.378	56	199	high-gap	0.156586503948	0.301507537688	0.29648241206	0.070351758794	323	5.40247678019	2	20	0.0592369477912	0.143665158371
379	train	data_pandit/aa/379/data.379	90	143	high-gap	0.366433566434	0.713286713287	0.440559440559	0.377622377622	975	4.83692307692	3	14	0.0592369477912	0.143665158371
380	train	data_pandit/aa/380/data.380	27	64	low-gap	0.00694444444444	0.046875	0.015625	0	12	1	1	1	0.0592369477912	0.143665158371
381	train	data_pandit/aa/381/data.381	59	330	mid-gap	0.114637904468	0.19696969697	0.130303030303	0.121212121212	701	3.18402282454	2	7	0.0592369477912	0.143665158371
384	train	data_pandit/aa/384/data.384	15	43	low-gap	0.0046511627907	0.0232558139535	0	0	3	1	1	1	0.0592369477912	0.143665158371
389	train	data_pandit/aa/389/data.389	20	51	mid-gap	0.0813725490196	0.450980392157	0.137254901961	0.0588235294118	24	3.45833333333	3	5	0.0592369477912	0.143665158371
393	train	data_pandit/aa/393/data.393	10	350	mid-gap	0.0731428571429	0.177142857143	0.0885714285714	0.0657142857143	81	3.16049382716	2	8	0.0592369477912	0.143665158371
394	train	data_pandit/aa/394/data.394	23	191	high-gap	0.218529478716	0.256544502618	0.230366492147	0.20942408377	78	12.3076923077	2	37	0.0592369477912	0.143665158371
396	train	data_pandit/aa/396/data.396	16	114	high-gap	0.256578947368	0.473684210526	0.342105263158	0.289473684211	89	5.25842696629	4	10	0.0592369477912	0.143665158371
397	train	data_pandit/aa/397/data.397	20	172	high-gap	0.243023255814	0.331395348837	0.290697674419	0.267441860465	134	6.23880597015	2	23	0.0592369477912	0.143665158371
399	train	data_pandit/aa/399/data.399	43	74	high-gap	0.21024512885	0.391891891892	0.22972972973	0.202702702703	273	2.45054945055	2	4	0.0592369477912	0.143665158371
402	train	data_pandit/aa/402/data.402	7	68	high-gap	0.226890756303	0.294117647059	0.294117647059	0.279411764706	18	6	7	10	0.0592369477912	0.143665158371
403	train	data_pandit/aa/403/data.403	15	132	mid-gap	0.127272727273	0.242424242424	0.19696969697	0.189393939394	41	6.14634146341	2	23	0.0592369477912	0.143665158371
405	train	data_pandit/aa/405/data.405	12	35	mid-gap	0.097619047619	0.114285714286	0.114285714286	0.114285714286	21	1.95238095238	2	3	0.0592369477912	0.143665158371
408	train	data_pandit/aa/408/data.408	19	525	mid-gap	0.125814536341	0.386666666667	0.182857142857	0.167619047619	172	7.29651162791	3	19	0.0592369477912	0.143665158371
409	train	data_pandit/aa/409/data.409	13	628	mid-gap	0.0799853013229	0.154458598726	0.114649681529	0.101910828025	156	4.1858974359	3	11	0.0592369477912	0.143665158371
410	train	data_pandit/aa/410/data.410	13	135	high-gap	0.224501424501	0.4	0.296296296296	0.251851851852	74	5.32432432432	1	21	0.0592369477912	0.143665158371
413	train	data_pandit/aa/413/data.413	24	150	mid-gap	0.0838888888889	0.173333333333	0.113333333333	0.0866666666667	63	4.79365079365	3	12	0.0592369477912	0.143665158371
414	train	data_pandit/aa/414/data.414	24	119	high-gap	0.250350140056	0.470588235294	0.285714285714	0.252100840336	189	3.78306878307	4	6	0.0592369477912	0.143665158371
415	train	data_pandit/aa/415/data.415	18	781	high-gap	0.237018068004	0.67861715749	0.313700384123	0.217669654289	499	6.67735470942	3	13	0.0592369477912	0.143665158371
416	train	data_pandit/aa/416/data.416	27	132	low-gap	0	0	0	0	0	0	0	0	0.0592369477912	0.143665158371
420	train	data_pandit/aa/420/data.420	8	329	low-gap	0.00683890577508	0.00911854103343	0.00911854103343	0.00911854103343	6	3	3	3	0.0592369477912	0.143665158371
421	train	data_pandit/aa/421/data.421	92	116	mid-gap	0.0899550224888	0.275862068966	0.0948275862069	0.0948275862069	273	3.51648351648	3	7	0.0592369477912	0.143665158371
422	train	data_pandit/aa/422/data.422	75	130	high-gap	0.20758974359	0.453846153846	0.246153846154	0.2	761	2.65965834428	2	5	0.0592369477912	0.143665158371
423	train	data_pandit/aa/423/data.423	23	351	high-gap	0.180354267311	0.270655270655	0.236467236467	0.19943019943	329	4.42553191489	2	8	0.0592369477912	0.143665158371
424	train	data_pandit/aa/424/data.424	12	101	low-gap	0	0	0	0	0	0	0	0	0.0592369477912	0.143665158371
425	train	data_pandit/aa/425/data.425	67	94	low-gap	0.0471578278819	0.212765957447	0.063829787234	0.031914893617	199	1.49246231156	1	2	0.0592369477912	0.143665158371
427	train	data_pandit/aa/427/data.427	62	179	high-gap	0.154532348171	0.469273743017	0.162011173184	0.162011173184	705	2.43262411348	1	7	0.0592369477912	0.143665158371
428	train	data_pandit/aa/428/data.428	62	1766	high-gap	0.829677054031	0.950169875425	0.869762174405	0.856738391846	1072	84.7416044776	23.5	349	0.0592369477912	0.143665158371
429	train	data_pandit/aa/429/data.429	9	38	low-gap	0.0233918128655	0.0263157894737	0.0263157894737	0.0263157894737	8	1	1	1	0.0592369477912	0.143665158371
433	train	data_pandit/aa/433/data.433	58	222	mid-gap	0.10523454489	0.220720720721	0.126126126126	0.112612612613	521	2.60076775432	2	5	0.0592369477912	0.143665158371
434	train	data_pandit/aa/434/data.434	11	126	low-gap	0.04329004329	0.0952380952381	0.0555555555556	0.047619047619	31	1.93548387097	2	4	0.0592369477912	0.143665158371
435	train	data_pandit/aa/435/data.435	86	684	high-gap	0.38239494084	0.755847953216	0.438596491228	0.41081871345	2836	7.93159379408	4	20	0.0592369477912	0.143665158371
439	train	data_pandit/aa/439/data.439	15	235	low-gap	0.034609929078	0.0765957446809	0.0425531914894	0.0340425531915	74	1.64864864865	1	3	0.0592369477912	0.143665158371
440	train	data_pandit/aa/440/data.440	12	343	low-gap	0.0398445092323	0.180758017493	0.0408163265306	0.0291545189504	84	1.95238095238	1	3	0.0592369477912	0.143665158371
443	train	data_pandit/aa/443/data.443	65	536	high-gap	0.488576349024	0.787313432836	0.52052238806	0.501865671642	3205	5.31107644306	3	13	0.0592369477912	0.143665158371
444	train	data_pandit/aa/444/data.444	16	32	low-gap	0.02734375	0.03125	0.03125	0.03125	14	1	1	1	0.0592369477912	0.143665158371
445	train	data_pandit/aa/445/data.445	37	132	high-gap	0.347665847666	0.674242424242	0.393939393939	0.363636363636	237	7.16455696203	2	30	0.0592369477912	0.143665158371
446	train	data_pandit/aa/446/data.446	8	540	mid-gap	0.0717592592593	0.227777777778	0.218518518519	0.0259259259259	56	5.53571428571	1.5	3	0.0592369477912	0.143665158371
447	train	data_pandit/aa/447/data.447	12	402	low-gap	0.0327529021559	0.0671641791045	0.0646766169154	0.0572139303483	38	4.15789473684	2	12	0.0592369477912	0.143665158371
452	train	data_pandit/aa/452/data.452	20	251	mid-gap	0.121314741036	0.310756972112	0.187250996016	0.111553784861	128	4.7578125	4	10	0.0592369477912	0.143665158371
453	train	data_pandit/aa/453/data.453	11	58	mid-gap	0.100313479624	0.206896551724	0.172413793103	0.172413793103	10	6.4	10	10	0.0592369477912	0.143665158371
454	train	data_pandit/aa/454/data.454	38	140	high-gap	0.171992481203	0.278571428571	0.192857142857	0.185714285714	191	4.79057591623	3	11	0.0592369477912	0.143665158371
457	train	data_pandit/aa/457/data.457	11	150	low-gap	0.0327272727273	0.0466666666667	0.0333333333333	0.0333333333333	34	1.58823529412	1	3	0.0592369477912	0.143665158371
458	train	data_pandit/aa/458/data.458	12	484	high-gap	0.195247933884	0.301652892562	0.227272727273	0.210743801653	193	5.87564766839	4	11	0.0592369477912	0.143665158371
460	train	data_pandit/aa/460/data.460	86	550	high-gap	0.367293868922	0.534545454545	0.370909090909	0.363636363636	1971	8.81430745814	2	8	0.0592369477912	0.143665158371
461	train	data_pandit/aa/461/data.461	120	203	mid-gap	0.116379310345	0.35960591133	0.152709359606	0.0985221674877	865	3.2774566474	2	8	0.0592369477912	0.143665158371
462	train	data_pandit/aa/462/data.462	14	212	mid-gap	0.13409703504	0.245283018868	0.169811320755	0.155660377358	106	3.75471698113	2.5	11	0.0592369477912	0.143665158371
463	train	data_pandit/aa/463/data.463	36	383	high-gap	0.324049898462	0.522193211488	0.386422976501	0.34725848564	563	7.93605683837	5	21	0.0592369477912	0.143665158371
465	train	data_pandit/aa/465/data.465	65	342	high-gap	0.235807467386	0.459064327485	0.321637426901	0.27485380117	854	6.13817330211	3	20	0.0592369477912	0.143665158371
467	train	data_pandit/aa/467/data.467	12	222	mid-gap	0.0990990990991	0.184684684685	0.157657657658	0.126126126126	40	6.6	3	12	0.0592369477912	0.143665158371
471	train	data_pandit/aa/471/data.471	10	158	low-gap	0.0367088607595	0.0696202531646	0.0569620253165	0.0253164556962	27	2.14814814815	2	4	0.0592369477912	0.143665158371
472	train	data_pandit/aa/472/data.472	10	333	low-gap	0.0315315315315	0.0570570570571	0.039039039039	0.033033033033	78	1.34615384615	1	3	0.0592369477912	0.143665158371
473	train	data_pandit/aa/473/data.473	11	346	high-gap	0.146085128744	0.35838150289	0.231213872832	0.14450867052	145	3.83448275862	2	7	0.0592369477912	0.143665158371
477	train	data_pandit/aa/477/data.477	81	297	high-gap	0.245791245791	0.464646464646	0.272727272727	0.252525252525	1632	3.62316176471	2	7	0.0592369477912	0.143665158371
479	train	data_pandit/aa/479/data.479	15	179	mid-gap	0.0722532588454	0.201117318436	0.106145251397	0.0782122905028	52	3.73076923077	2	9	0.0592369477912	0.143665158371
480	train	data_pandit/aa/480/data.480	19	536	mid-gap	0.0637274155538	0.167910447761	0.0858208955224	0.0615671641791	207	3.13526570048	2	6	0.0592369477912	0.143665158371
482	train	data_pandit/aa/482/data.482	22	185	mid-gap	0.126044226044	0.183783783784	0.151351351351	0.151351351351	66	7.77272727273	2	24	0.0592369477912	0.143665158371
483	train	data_pandit/aa/483/data.483	25	402	mid-gap	0.122686567164	0.179104477612	0.141791044776	0.129353233831	271	4.54981549815	2	12	0.0592369477912	0.143665158371
484	train	data_pandit/aa/484/data.484	49	267	high-gap	0.388825192999	0.696629213483	0.501872659176	0.40074906367	442	11.5090497738	4	38	0.0592369477912	0.143665158371
485	train	data_pandit/aa/485/data.485	30	71	low-gap	0.0272300469484	0.056338028169	0.0281690140845	0.0281690140845	31	1.87096774194	2	2	0.0592369477912	0.143665158371
486	train	data_pandit/aa/486/data.486	6	498	low-gap	0	0	0	0	0	0	0	0	0.0592369477912	0.143665158371
488	train	data_pandit/aa/488/data.488	24	206	low-gap	0.0200242718447	0.0631067961165	0.0291262135922	0.0194174757282	89	1.11235955056	1	2	0.0592369477912	0.143665158371
489	train	data_pandit/aa/489/data.489	15	577	low-gap	0.0546504910456	0.0987868284229	0.0779896013865	0.0485268630849	185	2.55675675676	2	5	0.0592369477912	0.143665158371
491	train	data_pandit/aa/491/data.491	24	81	low-gap	0.0272633744856	0.135802469136	0.037037037037	0.0246913580247	32	1.65625	1	3	0.0592369477912	0.143665158371
493	train	data_pandit/aa/493/data.493	29	588	high-gap	0.195812807882	0.392857142857	0.244897959184	0.215986394558	766	4.3590078329	3	11	0.0592369477912	0.143665158371
497	train	data_pandit/aa/497/data.497	9	363	mid-gap	0.0667278849097	0.129476584022	0.0909090909091	0.0743801652893	38	5.73684210526	5.5	9	0.0592369477912	0.143665158371
498	train	data_pandit/aa/498/data.498	26	112	low-gap	0.0175137362637	0.0267857142857	0.0178571428571	0.0178571428571	51	1	1	1	0.0592369477912	0.143665158371
499	train	data_pandit/aa/499/data.499	27	438	low-gap	0.0171655673939	0.0456621004566	0.0182648401826	0.0159817351598	149	1.36241610738	1	2	0.0592369477912	0.143665158371
504	train	data_pandit/aa/504/data.504	26	167	high-gap	0.199907876555	0.479041916168	0.275449101796	0.179640718563	241	3.60165975104	3	6	0.0592369477912	0.143665158371
507	train	data_pandit/aa/507/data.507	24	152	high-gap	0.359375	0.546052631579	0.447368421053	0.361842105263	209	6.27272727273	3	19	0.0592369477912	0.143665158371
508	train	data_pandit/aa/508/data.508	92	338	high-gap	0.375578852586	0.609467455621	0.461538461538	0.399408284024	881	13.2565266742	6	32	0.0592369477912	0.143665158371
509	train	data_pandit/aa/509/data.509	49	361	high-gap	0.1699926508	0.495844875346	0.221606648199	0.157894736842	591	5.08798646362	3	14	0.0592369477912	0.143665158371
511	train	data_pandit/aa/511/data.511	92	98	high-gap	0.172582076309	0.561224489796	0.214285714286	0.15306122449	660	2.35757575758	2	5	0.0592369477912	0.143665158371
512	train	data_pandit/aa/512/data.512	9	365	high-gap	0.22404870624	0.347945205479	0.284931506849	0.241095890411	146	5.04109589041	3	11	0.0592369477912	0.143665158371
513	train	data_pandit/aa/513/data.513	116	148	high-gap	0.446877912395	0.716216216216	0.5	0.47972972973	635	12.0818897638	11	25	0.0592369477912	0.143665158371
514	train	data_pandit/aa/514/data.514	78	236	high-gap	0.269176445024	0.478813559322	0.28813559322	0.271186440678	802	6.1783042394	4	13	0.0592369477912	0.143665158371
517	train	data_pandit/aa/517/data.517	35	76	high-gap	0.280827067669	0.421052631579	0.342105263158	0.289473684211	295	2.53220338983	2	7	0.0592369477912	0.143665158371
520	train	data_pandit/aa/520/data.520	4	143	low-gap	0.0454545454545	0.111888111888	0.111888111888	0.048951048951	9	2.88888888889	1	8	0.0592369477912	0.143665158371
521	train	data_pandit/aa/521/data.521	9	255	high-gap	0.277124183007	0.396078431373	0.325490196078	0.317647058824	79	8.05063291139	6	14	0.0592369477912	0.143665158371
522	train	data_pandit/aa/522/data.522	10	70	low-gap	0.0242857142857	0.0428571428571	0.0285714285714	0.0285714285714	17	1	1	1	0.0592369477912	0.143665158371
523	train	data_pandit/aa/523/data.523	95	134	high-gap	0.234171249018	0.462686567164	0.261194029851	0.238805970149	845	3.52781065089	1	8	0.0592369477912	0.143665158371
524	train	data_pandit/aa/524/data.524	10	247	high-gap	0.182186234818	0.315789473684	0.255060728745	0.226720647773	97	4.63917525773	3	9	0.0592369477912	0.143665158371
526	train	data_pandit/aa/526/data.526	5	100	low-gap	0.006	0.01	0.01	0.01	3	1	1	1	0.0592369477912	0.143665158371
527	train	data_pandit/aa/527/data.527	21	210	high-gap	0.18820861678	0.347619047619	0.209523809524	0.209523809524	261	3.18007662835	2	5	0.0592369477912	0.143665158371
529	train	data_pandit/aa/529/data.529	72	74	mid-gap	0.0968468468468	0.283783783784	0.121621621622	0.0945945945946	210	2.45714285714	2	4	0.0592369477912	0.143665158371
530	train	data_pandit/aa/530/data.530	15	222	high-gap	0.180780780781	0.369369369369	0.189189189189	0.184684684685	189	3.18518518519	1	5	0.0592369477912	0.143665158371
532	train	data_pandit/aa/532/data.532	17	108	mid-gap	0.0925925925926	0.259259259259	0.0925925925926	0.0648148148148	72	2.36111111111	1	5	0.0592369477912	0.143665158371
534	train	data_pandit/aa/534/data.534	38	263	high-gap	0.228036822093	0.593155893536	0.28897338403	0.22433460076	483	4.71842650104	4	10	0.0592369477912	0.143665158371
535	train	data_pandit/aa/535/data.535	30	45	mid-gap	0.0948148148148	0.2	0.133333333333	0.133333333333	52	2.46153846154	3	3	0.0592369477912	0.143665158371
537	train	data_pandit/aa/537/data.537	18	87	mid-gap	0.0766283524904	0.126436781609	0.0804597701149	0.0804597701149	51	2.35294117647	3	3	0.0592369477912	0.143665158371
540	train	data_pandit/aa/540/data.540	49	471	high-gap	0.484379739157	0.611464968153	0.539278131635	0.522292993631	888	12.588963964	4	31	0.0592369477912	0.143665158371
543	train	data_pandit/aa/543/data.543	64	112	high-gap	0.242466517857	0.428571428571	0.276785714286	0.25	352	4.9375	4	11	0.0592369477912	0.143665158371
546	train	data_pandit/aa/546/data.546	52	149	high-gap	0.181208053691	0.436241610738	0.208053691275	0.194630872483	403	3.48387096774	3	7	0.0592369477912	0.143665158371
548	train	data_pandit/aa/548/data.548	10	46	low-gap	0.0282608695652	0.130434782609	0.0434782608696	0	7	1.85714285714	2	2	0.0592369477912	0.143665158371
553	train	data_pandit/aa/553/data.553	88	209	mid-gap	0.133210091344	0.416267942584	0.129186602871	0.129186602871	1322	1.8532526475	1	3	0.0592369477912	0.143665158371
554	train	data_pandit/aa/554/data.554	55	91	high-gap	0.181618381618	0.32967032967	0.21978021978	0.186813186813	217	4.18894009217	2	12	0.0592369477912	0.143665158371
555	train	data_pandit/aa/555/data.555	28	146	high-gap	0.224315068493	0.376712328767	0.246575342466	0.239726027397	163	5.62576687117	3	13	0.0592369477912	0.143665158371
556	train	data_pandit/aa/556/data.556	35	921	high-gap	0.144315185358	0.325732899023	0.185667752443	0.14766558089	1257	3.70087509944	2	9	0.0592369477912	0.143665158371
557	train	data_pandit/aa/557/data.557	27	189	high-gap	0.205565353714	0.296296296296	0.253968253968	0.216931216931	373	2.81233243968	2	5	0.0592369477912	0.143665158371
559	train	data_pandit/aa/559/data.559	41	855	high-gap	0.385765226073	0.552046783626	0.442105263158	0.426900584795	1038	13.027938343	8	36	0.0592369477912	0.143665158371
560	train	data_pandit/aa/560/data.560	49	159	high-gap	0.307149274804	0.496855345912	0.377358490566	0.320754716981	326	7.34049079755	5	16	0.0592369477912	0.143665158371
564	train	data_pandit/aa/564/data.564	16	94	low-gap	0.0339095744681	0.0744680851064	0.0531914893617	0.031914893617	39	1.30769230769	1	2	0.0592369477912	0.143665158371
565	train	data_pandit/aa/565/data.565	55	218	high-gap	0.271059216013	0.454128440367	0.334862385321	0.284403669725	522	6.22605363985	5	15	0.0592369477912	0.143665158371
567	train	data_pandit/aa/567/data.567	143	214	high-gap	0.327070126136	0.64953271028	0.35046728972	0.336448598131	3300	3.03303030303	2	6	0.0592369477912	0.143665158371
568	train	data_pandit/aa/568/data.568	37	264	high-gap	0.316339066339	0.526515151515	0.382575757576	0.340909090909	369	8.37398373984	6	22	0.0592369477912	0.143665158371
570	train	data_pandit/aa/570/data.570	25	283	mid-gap	0.100777385159	0.201413427562	0.106007067138	0.102473498233	306	2.33006535948	1	5	0.0592369477912	0.143665158371
572	train	data_pandit/aa/572/data.572	29	42	low-gap	0	0	0	0	0	0	0	0	0.0592369477912	0.143665158371
573	train	data_pandit/aa/573/data.573	61	114	high-gap	0.269916594766	0.456140350877	0.324561403509	0.271929824561	452	4.15265486726	2	9	0.0592369477912	0.143665158371
574	train	data_pandit/aa/574/data.574	56	273	high-gap	0.261250654108	0.498168498168	0.311355311355	0.271062271062	749	5.33244325768	4	10	0.0592369477912	0.143665158371
575	train	data_pandit/aa/575/data.575	14	183	mid-gap	0.129976580796	0.267759562842	0.16393442623	0.125683060109	67	4.97014925373	2	16	0.0592369477912	0.143665158371
577	train	data_pandit/aa/577/data.577	6	97	low-gap	0	0	0	0	0	0	0	0	0.0592369477912	0.143665158371
580	train	data_pandit/aa/580/data.580	5	761	low-gap	0.0331143232589	0.084099868594	0.0315374507227	0.0249671484888	68	1.85294117647	2	3	0.0592369477912	0.143665158371
581	train	data_pandit/aa/581/data.581	6	727	low-gap	0.0426409903714	0.0825309491059	0.0453920220083	0.0426409903714	74	2.51351351351	2	4	0.0592369477912	0.143665158371
582	train	data_pandit/aa/582/data.582	6	782	low-gap	0.0266410912191	0.042199488491	0.0294117647059	0.0294117647059	68	1.83823529412	1	3	0.0592369477912	0.143665158371
583	train	data_pandit/aa/583/data.583	4	111	low-gap	0.0225225225225	0.036036036036	0.036036036036	0.027027027027	9	1.11111111111	1	1	0.0592369477912	0.143665158371
584	train	data_pandit/aa/584/data.584	15	803	mid-gap	0.102615193026	0.171855541719	0.123287671233	0.107098381071	252	4.90476190476	1	12	0.0592369477912	0.143665158371
585	train	data_pandit/aa/585/data.585	16	236	mid-gap	0.111228813559	0.194915254237	0.165254237288	0.127118644068	177	2.37288135593	2	4	0.0592369477912	0.143665158371
587	train	data_pandit/aa/587/data.587	12	206	high-gap	0.156957928803	0.31067961165	0.252427184466	0.150485436893	62	6.25806451613	4	10	0.0592369477912	0.143665158371
589	train	data_pandit/aa/589/data.589	33	116	high-gap	0.179467084639	0.336206896552	0.23275862069	0.206896551724	121	5.67768595041	6	13	0.0592369477912	0.143665158371
593	train	data_pandit/aa/593/data.593	21	274	high-gap	0.530587417449	0.602189781022	0.576642335766	0.565693430657	132	23.1287878788	2	105	0.0592369477912	0.143665158371
595	train	data_pandit/aa/595/data.595	12	248	high-gap	0.222446236559	0.342741935484	0.254032258065	0.241935483871	75	8.82666666667	8	22	0.0592369477912	0.143665158371
596	train	data_pandit/aa/596/data.596	12	66	mid-gap	0.133838383838	0.151515151515	0.151515151515	0.151515151515	22	4.81818181818	4.5	8	0.0592369477912	0.143665158371
597	train	data_pandit/aa/597/data.597	61	102	high-gap	0.154130504661	0.274509803922	0.176470588235	0.166666666667	468	2.04914529915	2	3	0.0592369477912	0.143665158371
598	train	data_pandit/aa/598/data.598	95	238	high-gap	0.348474126493	0.53781512605	0.36974789916	0.361344537815	1064	7.40507518797	2	21	0.0592369477912	0.143665158371
599	train	data_pandit/aa/599/data.599	13	212	high-gap	0.14404934688	0.264150943396	0.179245283019	0.141509433962	96	4.13541666667	2	11	0.0592369477912	0.143665158371
600	train	data_pandit/aa/600/data.600	77	240	high-gap	0.460281385281	0.820833333333	0.520833333333	0.470833333333	913	9.3165388828	4	12	0.0592369477912	0.143665158371
604	train	data_pandit/aa/604/data.604	57	102	high-gap	0.216030271758	0.607843137255	0.264705882353	0.235294117647	194	6.47422680412	6	11	0.0592369477912	0.143665158371
607	train	data_pandit/aa/607/data.607	46	233	high-gap	0.304347826087	0.562231759657	0.347639484979	0.31330472103	720	4.53055555556	4	10	0.0592369477912	0.143665158371
608	train	data_pandit/aa/608/data.608	25	108	high-gap	0.148888888889	0.212962962963	0.185185185185	0.166666666667	109	3.6880733945	2	7	0.0592369477912	0.143665158371
609	train	data_pandit/aa/609/data.609	20	58	low-gap	0.0534482758621	0.0689655172414	0.0689655172414	0.051724137931	56	1.10714285714	1	1	0.0592369477912	0.143665158371
610	train	data_pandit/aa/610/data.610	75	576	high-gap	0.451851851852	0.696180555556	0.486111111111	0.470486111111	2245	8.69487750557	4	22	0.0592369477912	0.143665158371
612	train	data_pandit/aa/612/data.612	25	35	low-gap	0.00114285714286	0.0285714285714	0	0	1	1	1	1	0.0592369477912	0.143665158371
613	train	data_pandit/aa/613/data.613	67	130	high-gap	0.191618828932	0.461538461538	0.230769230769	0.161538461538	577	2.89254766031	2	5	0.0592369477912	0.143665158371
614	train	data_pandit/aa/614/data.614	175	223	high-gap	0.546623959001	0.704035874439	0.591928251121	0.591928251121	1180	18.0779661017	3	101	0.0592369477912	0.143665158371
615	train	data_pandit/aa/615/data.615	63	182	high-gap	0.203732775161	0.252747252747	0.225274725275	0.214285714286	363	6.43526170799	4	14	0.0592369477912	0.143665158371
616	train	data_pandit/aa/616/data.616	8	127	low-gap	0.0344488188976	0.0551181102362	0.0393700787402	0.0393700787402	26	1.34615384615	1	2	0.0592369477912	0.143665158371
617	train	data_pandit/aa/617/data.617	14	111	high-gap	0.171171171171	0.252252252252	0.252252252252	0.189189189189	57	4.66666666667	2	14	0.0592369477912	0.143665158371
618	train	data_pandit/aa/618/data.618	26	187	high-gap	0.261826408885	0.513368983957	0.347593582888	0.283422459893	198	6.42929292929	3	15	0.0592369477912	0.143665158371
619	train	data_pandit/aa/619/data.619	23	33	mid-gap	0.0803689064559	0.0909090909091	0.0909090909091	0.0909090909091	41	1.48780487805	1	2	0.0592369477912	0.143665158371
623	train	data_pandit/aa/623/data.623	14	94	mid-gap	0.0737082066869	0.170212765957	0.117021276596	0.0957446808511	35	2.77142857143	3	5	0.0592369477912	0.143665158371
626	train	data_pandit/aa/626/data.626	9	371	high-gap	0.162923030848	0.261455525606	0.204851752022	0.188679245283	98	5.55102040816	2	13	0.0592369477912	0.143665158371
627	train	data_pandit/aa/627/data.627	9	41	low-gap	0.0243902439024	0.0487804878049	0.0243902439024	0.0243902439024	9	1	1	1	0.0592369477912	0.143665158371
628	train	data_pandit/aa/628/data.628	15	192	low-gap	0.0465277777778	0.1875	0.0572916666667	0.0260416666667	57	2.35087719298	1	6	0.0592369477912	0.143665158371
630	train	data_pandit/aa/630/data.630	99	200	high-gap	0.373686868687	0.7	0.44	0.38	1652	4.47881355932	4	9	0.0592369477912	0.143665158371
631	train	data_pandit/aa/631/data.631	42	113	high-gap	0.39612305099	0.504424778761	0.424778761062	0.41592920354	245	7.67346938776	8	15	0.0592369477912	0.143665158371
632	train	data_pandit/aa/632/data.632	27	496	high-gap	0.209901433692	0.399193548387	0.302419354839	0.219758064516	447	6.28859060403	4	15	0.0592369477912	0.143665158371
633	train	data_pandit/aa/633/data.633	121	671	high-gap	0.623431168479	0.812220566319	0.692995529061	0.655737704918	2637	19.194918468	5	44	0.0592369477912	0.143665158371
634	train	data_pandit/aa/634/data.634	69	509	high-gap	0.526323282367	0.836935166994	0.693516699411	0.585461689587	944	19.5815677966	8	56	0.0592369477912	0.143665158371
636	train	data_pandit/aa/636/data.636	13	77	mid-gap	0.120879120879	0.207792207792	0.168831168831	0.103896103896	52	2.32692307692	1	4	0.0592369477912	0.143665158371
637	train	data_pandit/aa/637/data.637	6	115	mid-gap	0.107246376812	0.147826086957	0.147826086957	0.147826086957	13	5.69230769231	5	8	0.0592369477912	0.143665158371
638	train	data_pandit/aa/638/data.638	13	356	low-gap	0.028522039758	0.0702247191011	0.0449438202247	0.0196629213483	40	3.3	2	4	0.0592369477912	0.143665158371
640	train	data_pandit/aa/640/data.640	72	378	high-gap	0.260986184597	0.37037037037	0.283068783069	0.272486772487	2055	3.45644768856	2	9	0.0592369477912	0.143665158371
642	train	data_pandit/aa/642/data.642	8	68	low-gap	0.0165441176471	0.0441176470588	0.0147058823529	0.0147058823529	8	1.125	1	1	0.0592369477912	0.143665158371
643	train	data_pandit/aa/643/data.643	15	242	mid-gap	0.0917355371901	0.243801652893	0.132231404959	0.095041322314	106	3.14150943396	2.5	5	0.0592369477912	0.143665158371
646	train	data_pandit/aa/646/data.646	16	164	low-gap	0.0118140243902	0.0243902439024	0.0121951219512	0.0121951219512	26	1.19230769231	1	1	0.0592369477912	0.143665158371
648	train	data_pandit/aa/648/data.648	22	113	mid-gap	0.127916331456	0.238938053097	0.221238938053	0.0973451327434	71	4.47887323944	4	10	0.0592369477912	0.143665158371
649	train	data_pandit/aa/649/data.649	20	112	low-gap	0.0379464285714	0.160714285714	0.0446428571429	0.0357142857143	48	1.77083333333	1	3	0.0592369477912	0.143665158371
650	train	data_pandit/aa/650/data.650	26	167	mid-gap	0.127130354675	0.25748502994	0.179640718563	0.107784431138	178	3.10112359551	3	6	0.0592369477912	0.143665158371
651	train	data_pandit/aa/651/data.651	16	329	mid-gap	0.0862462006079	0.158054711246	0.118541033435	0.0851063829787	171	2.65497076023	2	4	0.0592369477912	0.143665158371
652	train	data_pandit/aa/652/data.652	20	97	mid-gap	0.118556701031	0.154639175258	0.134020618557	0.123711340206	76	3.02631578947	3	6	0.0592369477912	0.143665158371
654	train	data_pandit/aa/654/data.654	39	702	high-gap	0.292205420411	0.519943019943	0.376068376068	0.296296296296	1170	6.83760683761	3	18	0.0592369477912	0.143665158371
657	train	data_pandit/aa/657/data.657	34	53	high-gap	0.185349611543	0.283018867925	0.207547169811	0.207547169811	195	1.71282051282	1	4	0.0592369477912	0.143665158371
658	train	data_pandit/aa/658/data.658	22	89	mid-gap	0.0633299284985	0.179775280899	0.101123595506	0.0674157303371	75	1.65333333333	1	3	0.0592369477912	0.143665158371
659	train	data_pandit/aa/659/data.659	57	445	high-gap	0.403035679085	0.723595505618	0.505617977528	0.433707865169	1089	9.38751147842	4	21	0.0592369477912	0.143665158371
660	train	data_pandit/aa/660/data.660	20	110	mid-gap	0.123181818182	0.263636363636	0.163636363636	0.109090909091	106	2.55660377358	3	4	0.0592369477912	0.143665158371
661	train	data_pandit/aa/661/data.661	16	220	mid-gap	0.0613636363636	0.140909090909	0.0954545454545	0.0590909090909	90	2.4	1.5	6	0.0592369477912	0.143665158371
662	train	data_pandit/aa/662/data.662	31	343	high-gap	0.322298504655	0.574344023324	0.381924198251	0.33527696793	346	9.90462427746	4	33	0.0592369477912	0.143665158371
666	train	data_pandit/aa/666/data.666	29	142	mid-gap	0.0954346770277	0.246478873239	0.105633802817	0.0915492957746	218	1.80275229358	1	3	0.0592369477912	0.143665158371
667	train	data_pandit/aa/667/data.667	15	305	mid-gap	0.0813114754098	0.186885245902	0.101639344262	0.0786885245902	134	2.77611940299	2	6	0.0592369477912	0.143665158371
668	train	data_pandit/aa/668/data.668	19	138	mid-gap	0.0652173913043	0.130434782609	0.0869565217391	0.0507246376812	45	3.8	2	7	0.0592369477912	0.143665158371
669	train	data_pandit/aa/669/data.669	4	398	mid-gap	0.125628140704	0.233668341709	0.233668341709	0.213567839196	24	8.33333333333	4	10	0.0592369477912	0.143665158371
670	train	data_pandit/aa/670/data.670	108	397	high-gap	0.383897751656	0.695214105793	0.501259445844	0.408060453401	2155	7.63805104408	3	19	0.0592369477912	0.143665158371
672	train	data_pandit/aa/672/data.672	14	406	high-gap	0.186312456017	0.322660098522	0.229064039409	0.221674876847	161	6.57763975155	2	12	0.0592369477912	0.143665158371
673	train	data_pandit/aa/673/data.673	13	106	low-gap	0.0377358490566	0.0566037735849	0.0377358490566	0.0377358490566	38	1.36842105263	1	2	0.0592369477912	0.143665158371
675	train	data_pandit/aa/675/data.675	13	302	low-gap	0.047376464595	0.102649006623	0.0496688741722	0.0430463576159	94	1.97872340426	1	3	0.0592369477912	0.143665158371
678	train	data_pandit/aa/678/data.678	171	696	high-gap	0.530600927606	0.942528735632	0.603448275862	0.522988505747	5851	10.793026833	4	27	0.0592369477912	0.143665158371
682	train	data_pandit/aa/682/data.682	11	444	low-gap	0.0460687960688	0.0630630630631	0.0585585585586	0.0495495495495	74	3.04054054054	3	6	0.0592369477912	0.143665158371
688	train	data_pandit/aa/688/data.688	11	421	high-gap	0.219391060246	0.38242280285	0.29216152019	0.228028503563	135	7.52592592593	4	16	0.0592369477912	0.143665158371
692	train	data_pandit/aa/692/data.692	11	98	low-gap	0.0269016697588	0.0612244897959	0.030612244898	0.0204081632653	15	1.93333333333	2	3	0.0592369477912	0.143665158371
693	train	data_pandit/aa/693/data.693	28	183	high-gap	0.187158469945	0.409836065574	0.218579234973	0.185792349727	182	5.26923076923	4	12	0.0592369477912	0.143665158371
695	train	data_pandit/aa/695/data.695	26	548	high-gap	0.273792813026	0.695255474453	0.39598540146	0.282846715328	598	6.52341137124	4	14	0.0592369477912	0.143665158371
697	train	data_pandit/aa/697/data.697	79	108	mid-gap	0.107243319269	0.212962962963	0.138888888889	0.101851851852	309	2.96116504854	2	7	0.0592369477912	0.143665158371
699	train	data_pandit/aa/699/data.699	8	151	mid-gap	0.100993377483	0.172185430464	0.145695364238	0.132450331126	30	4.06666666667	1	16	0.0592369477912	0.143665158371
700	train	data_pandit/aa/700/data.700	61	609	high-gap	0.427575439447	0.727422003284	0.497536945813	0.436781609195	1398	11.3619456366	7	26	0.0592369477912	0.143665158371
702	train	data_pandit/aa/702/data.702	74	235	high-gap	0.552328924669	0.804255319149	0.582978723404	0.540425531915	624	15.3926282051	2	91	0.0592369477912	0.143665158371
704	train	data_pandit/aa/704/data.704	21	365	high-gap	0.275146771037	0.454794520548	0.397260273973	0.367123287671	275	7.66909090909	3	14	0.0592369477912	0.143665158371
705	train	data_pandit/aa/705/data.705	105	490	high-gap	0.430826044704	0.8	0.526530612245	0.426530612245	1582	14.0113780025	7	37	0.0592369477912	0.143665158371
706	train	data_pandit/aa/706/data.706	18	32	mid-gap	0.0885416666667	0.09375	0.09375	0.09375	17	3	3	3	0.0592369477912	0.143665158371
710	train	data_pandit/aa/710/data.710	17	235	low-gap	0.000500625782228	0.00851063829787	0	0	2	1	1	1	0.0592369477912	0.143665158371
712	train	data_pandit/aa/712/data.712	14	627	high-gap	0.161084529506	0.291866028708	0.215311004785	0.178628389155	353	4.00566572238	2	10	0.0592369477912	0.143665158371
714	train	data_pandit/aa/714/data.714	14	205	mid-gap	0.0885017421603	0.258536585366	0.131707317073	0.10243902439	75	3.38666666667	2	13	0.0592369477912	0.143665158371
715	train	data_pandit/aa/715/data.715	6	536	low-gap	0.0214552238806	0.0932835820896	0.0130597014925	0.00932835820896	35	1.97142857143	1	3	0.0592369477912	0.143665158371
716	train	data_pandit/aa/716/data.716	40	111	mid-gap	0.0801801801802	0.315315315315	0.0990990990991	0.0720720720721	97	3.67010309278	4	6	0.0592369477912	0.143665158371
718	train	data_pandit/aa/718/data.718	11	1251	mid-gap	0.0991207034373	0.179856115108	0.14068745004	0.103117505995	306	4.45751633987	2	9	0.0592369477912	0.143665158371
720	train	data_pandit/aa/720/data.720	18	343	mid-gap	0.0902170391966	0.177842565598	0.122448979592	0.0845481049563	131	4.25190839695	5	9	0.0592369477912	0.143665158371
722	train	data_pandit/aa/722/data.722	8	49	low-gap	0.0357142857143	0.0408163265306	0.0408163265306	0.0408163265306	14	1	1	1	0.0592369477912	0.143665158371
723	train	data_pandit/aa/723/data.723	10	111	mid-gap	0.0801801801802	0.144144144144	0.117117117117	0.108108108108	33	2.69696969697	2	5	0.0592369477912	0.143665158371
726	train	data_pandit/aa/726/data.726	22	867	high-gap	0.307539058404	0.474048442907	0.342560553633	0.319492502884	696	8.42816091954	3	21	0.0592369477912	0.143665158371
727	train	data_pandit/aa/727/data.727	21	337	high-gap	0.25533418115	0.563798219585	0.33234421365	0.240356083086	253	7.14229249012	5	17	0.0592369477912	0.143665158371
730	train	data_pandit/aa/730/data.730	40	573	high-gap	0.210907504363	0.389179755672	0.265270506108	0.221640488656	1026	4.71150097466	3	10	0.0592369477912	0.143665158371
731	train	data_pandit/aa/731/data.731	4	210	low-gap	0.0119047619048	0.0238095238095	0.0238095238095	0.0190476190476	4	2.5	2.5	4	0.0592369477912	0.143665158371
733	train	data_pandit/aa/733/data.733	21	356	mid-gap	0.11784376672	0.314606741573	0.134831460674	0.106741573034	330	2.6696969697	2	5	0.0592369477912	0.143665158371
734	train	data_pandit/aa/734/data.734	27	121	low-gap	0.0284664830119	0.148760330579	0.0247933884298	0.0247933884298	46	2.02173913043	2	2	0.0592369477912	0.143665158371
735	train	data_pandit/aa/735/data.735	13	416	mid-gap	0.0608357988166	0.0985576923077	0.0721153846154	0.0625	162	2.03086419753	1	5	0.0592369477912	0.143665158371
736	train	data_pandit/aa/736/data.736	13	188	low-gap	0.0323240589198	0.0531914893617	0.0372340425532	0.0372340425532	78	1.01282051282	1	1	0.0592369477912	0.143665158371
737	train	data_pandit/aa/737/data.737	39	102	high-gap	0.151583710407	0.205882352941	0.156862745098	0.156862745098	189	3.19047619048	2	10	0.0592369477912	0.143665158371
738	train	data_pandit/aa/738/data.738	34	249	low-gap	0.0463028584928	0.0722891566265	0.0481927710843	0.0481927710843	221	1.77375565611	1	5	0.0592369477912	0.143665158371
739	train	data_pandit/aa/739/data.739	13	280	mid-gap	0.128021978022	0.214285714286	0.178571428571	0.139285714286	91	5.12087912088	5	10	0.0592369477912	0.143665158371
740	train	data_pandit/aa/740/data.740	11	425	mid-gap	0.140106951872	0.225882352941	0.181176470588	0.141176470588	74	8.85135135135	4	19	0.0592369477912	0.143665158371
741	train	data_pandit/aa/741/data.741	13	183	low-gap	0.00672551492224	0.0327868852459	0.00546448087432	0	9	1.77777777778	1	3	0.0592369477912	0.143665158371
742	train	data_pandit/aa/742/data.742	25	720	mid-gap	0.100666666667	0.2875	0.120833333333	0.0875	429	4.22377622378	2	8	0.0592369477912	0.143665158371
743	train	data_pandit/aa/743/data.743	46	120	mid-gap	0.140036231884	0.333333333333	0.141666666667	0.141666666667	306	2.52614379085	2	7	0.0592369477912	0.143665158371
744	train	data_pandit/aa/744/data.744	24	509	high-gap	0.269482645711	0.479371316306	0.302554027505	0.275049115914	420	7.8380952381	6	21	0.0592369477912	0.143665158371
745	train	data_pandit/aa/745/data.745	5	232	low-gap	0.0353448275862	0.0603448275862	0.0474137931034	0.0387931034483	16	2.5625	2	4	0.0592369477912	0.143665158371
746	train	data_pandit/aa/746/data.746	21	229	high-gap	0.201913079642	0.410480349345	0.25327510917	0.192139737991	165	5.88484848485	1	23	0.0592369477912	0.143665158371
747	train	data_pandit/aa/747/data.747	5	328	mid-gap	0.0993902439024	0.253048780488	0.128048780488	0.0823170731707	60	2.71666666667	2	5	0.0592369477912	0.143665158371
748	train	data_pandit/aa/748/data.748	8	88	low-gap	0.0525568181818	0.0909090909091	0.0681818181818	0.0681818181818	21	1.7619047619	2	3	0.0592369477912	0.143665158371
749	train	data_pandit/aa/749/data.749	9	37	low-gap	0	0	0	0	0	0	0	0	0.0592369477912	0.143665158371
753	train	data_pandit/aa/753/data.753	11	120	mid-gap	0.0772727272727	0.183333333333	0.133333333333	0.0416666666667	37	2.75675675676	2	6	0.0592369477912	0.143665158371
754	train	data_pandit/aa/754/data.754	52	84	high-gap	0.320512820513	0.75	0.333333333333	0.297619047619	147	9.52380952381	9	16	0.0592369477912	0.143665158371
755	train	data_pandit/aa/755/data.755	76	315	high-gap	0.613116123642	0.749206349206	0.669841269841	0.650793650794	572	25.6608391608	5	123	0.0592369477912	0.143665158371
756	train	data_pandit/aa/756/data.756	59	135	high-gap	0.32102950408	0.444444444444	0.385185185185	0.333333333333	285	8.97192982456	10	12	0.0592369477912	0.143665158371
757	train	data_pandit/aa/757/data.757	24	153	high-gap	0.440359477124	0.529411764706	0.483660130719	0.470588235294	127	12.7322834646	2	63	0.0592369477912	0.143665158371
758	train	data_pandit/aa/758/data.758	16	157	mid-gap	0.0927547770701	0.235668789809	0.108280254777	0.0891719745223	92	2.53260869565	2	4	0.0592369477912	0.143665158371
760	train	data_pandit/aa/760/data.760	25	195	high-gap	0.271794871795	0.512820512821	0.389743589744	0.271794871795	257	5.15564202335	2	17	0.0592369477912	0.143665158371
761	train	data_pandit/aa/761/data.761	29	345	high-gap	0.183708145927	0.35652173913	0.292753623188	0.211594202899	308	5.96753246753	4	14	0.0592369477912	0.143665158371
762	train	data_pandit/aa/762/data.762	12	129	high-gap	0.15503875969	0.232558139535	0.193798449612	0.178294573643	51	4.70588235294	3	10	0.0592369477912	0.143665158371
765	train	data_pandit/aa/765/data.765	10	263	low-gap	0.0163498098859	0.106463878327	0.0152091254753	0.00380228136882	23	1.86956521739	1	1	0.0592369477912	0.143665158371
766	train	data_pandit/aa/766/data.766	7	528	mid-gap	0.0749458874459	0.151515151515	0.143939393939	0.0643939393939	60	4.61666666667	2	12	0.0592369477912	0.143665158371
767	train	data_pandit/aa/767/data.767	13	294	mid-gap	0.0685504971219	0.19387755102	0.119047619048	0.030612244898	98	2.67346938776	2	4	0.0592369477912	0.143665158371
768	train	data_pandit/aa/768/data.768	11	194	mid-gap	0.0604498594189	0.103092783505	0.0876288659794	0.0618556701031	48	2.6875	2	6	0.0592369477912	0.143665158371
769	train	data_pandit/aa/769/data.769	103	148	high-gap	0.480582524272	0.716216216216	0.52027027027	0.493243243243	682	10.7419354839	6	22	0.0592369477912	0.143665158371
770	train	data_pandit/aa/770/data.770	4	261	low-gap	0.0373563218391	0.0727969348659	0.0727969348659	0.0727969348659	5	7.8	2	17	0.0592369477912	0.143665158371
772	train	data_pandit/aa/772/data.772	61	118	mid-gap	0.125868296749	0.322033898305	0.161016949153	0.101694915254	419	2.16229116945	2	4	0.0592369477912	0.143665158371
776	train	data_pandit/aa/776/data.776	28	69	low-gap	0.0548654244306	0.0869565217391	0.0724637681159	0.0579710144928	70	1.51428571429	1	2	0.0592369477912	0.143665158371
777	train	data_pandit/aa/777/data.777	43	292	high-gap	0.28384835935	0.565068493151	0.325342465753	0.277397260274	644	5.53416149068	2	13	0.0592369477912	0.143665158371
778	train	data_pandit/aa/778/data.778	8	211	low-gap	0.0313981042654	0.0521327014218	0.042654028436	0.042654028436	29	1.8275862069	1	5	0.0592369477912	0.143665158371
780	train	data_pandit/aa/780/data.780	14	176	high-gap	0.19237012987	0.267045454545	0.244318181818	0.210227272727	56	8.46428571429	7	21	0.0592369477912	0.143665158371
783	train	data_pandit/aa/783/data.783	18	438	mid-gap	0.0599949264333	0.175799086758	0.0684931506849	0.0570776255708	231	2.04761904762	2	4	0.0592369477912	0.143665158371
784	train	data_pandit/aa/784/data.784	25	141	high-gap	0.222127659574	0.489361702128	0.276595744681	0.234042553191	163	4.8036809816	3	13	0.0592369477912	0.143665158371
785	train	data_pandit/aa/785/data.785	26	539	high-gap	0.330669330669	0.461966604824	0.380333951763	0.363636363636	620	7.47419354839	4	16	0.0592369477912	0.143665158371
790	train	data_pandit/aa/790/data.790	8	169	low-gap	0.0554733727811	0.0769230769231	0.0650887573964	0.0650887573964	26	2.88461538462	4	5	0.0592369477912	0.143665158371
791	train	data_pandit/aa/791/data.791	16	134	high-gap	0.172574626866	0.231343283582	0.201492537313	0.194029850746	51	7.25490196078	4	20	0.0592369477912	0.143665158371
792	train	data_pandit/aa/792/data.792	7	176	low-gap	0.00568181818182	0.0227272727273	0.0170454545455	0	3	2.33333333333	3	3	0.0592369477912	0.143665158371
793	train	data_pandit/aa/793/data.793	7	193	low-gap	0.0118430792006	0.0310880829016	0.020725388601	0.00518134715026	12	1.33333333333	1	2	0.0592369477912	0.143665158371
794	train	data_pandit/aa/794/data.794	6	185	low-gap	0.0495495495495	0.124324324324	0.0810810810811	0.0540540540541	22	2.5	2	6	0.0592369477912	0.143665158371
795	train	data_pandit/aa/795/data.795	69	102	mid-gap	0.0643648763853	0.254901960784	0.0686274509804	0.0588235294118	330	1.37272727273	1	2	0.0592369477912	0.143665158371
798	train	data_pandit/aa/798/data.798	10	43	low-gap	0	0	0	0	0	0	0	0	0.0592369477912	0.143665158371
799	train	data_pandit/aa/799/data.799	5	129	low-gap	0.0558139534884	0.170542635659	0.0697674418605	0.0232558139535	11	3.27272727273	1	6	0.0592369477912	0.143665158371
800	train	data_pandit/aa/800/data.800	14	215	mid-gap	0.0677740863787	0.162790697674	0.0837209302326	0.0651162790698	82	2.48780487805	2	4	0.0592369477912	0.143665158371
801	train	data_pandit/aa/801/data.801	13	75	high-gap	0.253333333333	0.56	0.346666666667	0.253333333333	89	2.77528089888	2	5	0.0592369477912	0.143665158371
803	train	data_pandit/aa/803/data.803	4	283	mid-gap	0.11925795053	0.173144876325	0.173144876325	0.162544169611	17	7.94117647059	3	18	0.0592369477912	0.143665158371
804	train	data_pandit/aa/804/data.804	9	183	mid-gap	0.08014571949	0.136612021858	0.103825136612	0.0983606557377	58	2.27586206897	2	4	0.0592369477912	0.143665158371
807	train	data_pandit/aa/807/data.807	6	97	low-gap	0.0395189003436	0.175257731959	0.0412371134021	0.0103092783505	13	1.76923076923	1	4	0.0592369477912	0.143665158371
808	train	data_pandit/aa/808/data.808	46	139	mid-gap	0.0941507663434	0.287769784173	0.115107913669	0.0863309352518	362	1.66298342541	1	3	0.0592369477912	0.143665158371
810	train	data_pandit/aa/810/data.810	11	215	mid-gap	0.0807610993658	0.223255813953	0.158139534884	0.046511627907	62	3.08064516129	2	6	0.0592369477912	0.143665158371
814	train	data_pandit/aa/814/data.814	12	299	mid-gap	0.0916945373467	0.173913043478	0.107023411371	0.0936454849498	97	3.39175257732	2	6	0.0592369477912	0.143665158371
815	train	data_pandit/aa/815/data.815	49	195	high-gap	0.226582940869	0.569230769231	0.25641025641	0.220512820513	361	5.9972299169	2	14	0.0592369477912	0.143665158371
816	train	data_pandit/aa/816/data.816	21	434	high-gap	0.262014483213	0.361751152074	0.28801843318	0.276497695853	323	7.39318885449	5	17	0.0592369477912	0.143665158371
817	train	data_pandit/aa/817/data.817	19	463	low-gap	0.0119358872343	0.0323974082073	0.0129589632829	0.0107991360691	81	1.2962962963	1	2	0.0592369477912	0.143665158371
818	train	data_pandit/aa/818/data.818	5	449	high-gap	0.193318485523	0.334075723831	0.265033407572	0.193763919822	69	6.28985507246	4	11	0.0592369477912	0.143665158371
819	train	data_pandit/aa/819/data.819	8	138	low-gap	0.0190217391304	0.0217391304348	0.0217391304348	0.0217391304348	7	3	3	3	0.0592369477912	0.143665158371
823	train	data_pandit/aa/823/data.823	14	220	high-gap	0.16461038961	0.313636363636	0.190909090909	0.168181818182	104	4.875	4.5	14	0.0592369477912	0.143665158371
824	train	data_pandit/aa/824/data.824	31	847	high-gap	0.398560383898	0.615112160567	0.495867768595	0.45572609209	678	15.4351032448	5	47	0.0592369477912	0.143665158371
826	train	data_pandit/aa/826/data.826	21	449	mid-gap	0.135857461024	0.365256124722	0.178173719376	0.140311804009	294	4.35714285714	3	11	0.0592369477912	0.143665158371
827	train	data_pandit/aa/827/data.827	34	150	high-gap	0.180588235294	0.333333333333	0.24	0.206666666667	152	6.05921052632	2	21	0.0592369477912	0.143665158371
829	train	data_pandit/aa/829/data.829	39	261	mid-gap	0.115630219078	0.36398467433	0.103448275862	0.0996168582375	317	3.71293375394	3	7	0.0592369477912	0.143665158371
830	train	data_pandit/aa/830/data.830	6	382	low-gap	0.0366492146597	0.151832460733	0.0366492146597	0.0183246073298	31	2.70967741935	1	3	0.0592369477912	0.143665158371
831	train	data_pandit/aa/831/data.831	7	355	high-gap	0.164185110664	0.425352112676	0.230985915493	0.115492957746	80	5.1	4	12	0.0592369477912	0.143665158371
833	train	data_pandit/aa/833/data.833	16	120	high-gap	0.219270833333	0.308333333333	0.258333333333	0.241666666667	63	6.68253968254	3	20	0.0592369477912	0.143665158371
834	train	data_pandit/aa/834/data.834	17	139	mid-gap	0.121455776555	0.194244604317	0.129496402878	0.122302158273	89	3.22471910112	3	5	0.0592369477912	0.143665158371
835	train	data_pandit/aa/835/data.835	12	313	low-gap	0.0484558040469	0.0798722044728	0.0702875399361	0.0575079872204	54	3.37037037037	3	6	0.0592369477912	0.143665158371
836	train	data_pandit/aa/836/data.836	7	198	low-gap	0.0151515151515	0.040404040404	0.0252525252525	0.010101010101	16	1.3125	1	1	0.0592369477912	0.143665158371
838	train	data_pandit/aa/838/data.838	14	414	mid-gap	0.0790200138026	0.128019323671	0.0869565217391	0.0797101449275	174	2.63218390805	2	7	0.0592369477912	0.143665158371
839	train	data_pandit/aa/839/data.839	24	1164	mid-gap	0.117411225659	0.185567010309	0.139175257732	0.126288659794	601	5.45757071547	2	12	0.0592369477912	0.143665158371
841	train	data_pandit/aa/841/data.841	25	215	high-gap	0.186976744186	0.358139534884	0.218604651163	0.172093023256	213	4.71830985915	4	10	0.0592369477912	0.143665158371
842	train	data_pandit/aa/842/data.842	13	433	high-gap	0.165038195061	0.314087759815	0.198614318707	0.177829099307	171	5.43274853801	3	14	0.0592369477912	0.143665158371
843	train	data_pandit/aa/843/data.843	31	171	high-gap	0.353895491417	0.53216374269	0.415204678363	0.380116959064	236	7.94915254237	4.5	18	0.0592369477912	0.143665158371
844	train	data_pandit/aa/844/data.844	12	163	mid-gap	0.100715746421	0.20245398773	0.171779141104	0.110429447853	90	2.18888888889	2	4	0.0592369477912	0.143665158371
845	train	data_pandit/aa/845/data.845	13	60	mid-gap	0.133333333333	0.233333333333	0.15	0.133333333333	30	3.46666666667	1	7	0.0592369477912	0.143665158371
848	train	data_pandit/aa/848/data.848	6	310	mid-gap	0.094623655914	0.174193548387	0.145161290323	0.145161290323	30	5.86666666667	5	9	0.0592369477912	0.143665158371
849	train	data_pandit/aa/849/data.849	17	333	mid-gap	0.0680091856562	0.147147147147	0.0900900900901	0.0690690690691	192	2.00520833333	2	3	0.0592369477912	0.143665158371
854	train	data_pandit/aa/854/data.854	51	1252	high-gap	0.572934285535	0.961661341853	0.765974440895	0.515974440895	2296	15.9333623693	4	42	0.0592369477912	0.143665158371
857	train	data_pandit/aa/857/data.857	30	285	mid-gap	0.136257309942	0.245614035088	0.185964912281	0.147368421053	327	3.5626911315	3	8	0.0592369477912	0.143665158371
859	train	data_pandit/aa/859/data.859	17	107	mid-gap	0.125343595382	0.177570093458	0.130841121495	0.130841121495	64	3.5625	3	7	0.0592369477912	0.143665158371
860	train	data_pandit/aa/860/data.860	13	140	low-gap	0.0131868131868	0.0357142857143	0.0142857142857	0.0142857142857	24	1	1	1	0.0592369477912	0.143665158371
862	train	data_pandit/aa/862/data.862	13	288	mid-gap	0.101495726496	0.25	0.170138888889	0.0625	126	3.01587301587	2	6	0.0592369477912	0.143665158371
863	train	data_pandit/aa/863/data.863	5	352	low-gap	0.00852272727273	0.0198863636364	0.0113636363636	0.00568181818182	15	1	1	1	0.0592369477912	0.143665158371
864	train	data_pandit/aa/864/data.864	25	984	low-gap	0.0434959349593	0.0985772357724	0.0477642276423	0.0447154471545	515	2.07766990291	2	4	0.0592369477912	0.143665158371
865	train	data_pandit/aa/865/data.865	95	221	high-gap	0.377423195999	0.628959276018	0.389140271493	0.389140271493	1843	4.29951166576	2	10	0.0592369477912	0.143665158371
866	train	data_pandit/aa/866/data.866	13	85	mid-gap	0.0823529411765	0.152941176471	0.105882352941	0.0823529411765	23	3.95652173913	2	7	0.0592369477912	0.143665158371
867	train	data_pandit/aa/867/data.867	5	510	low-gap	0.0113725490196	0.0235294117647	0.0235294117647	0.00588235294118	11	2.63636363636	1	8	0.0592369477912	0.143665158371
868	train	data_pandit/aa/868/data.868	75	266	high-gap	0.23037593985	0.556390977444	0.244360902256	0.229323308271	1372	3.34985422741	2	6	0.0592369477912	0.143665158371
871	train	data_pandit/aa/871/data.871	42	425	high-gap	0.328907563025	0.592941176471	0.449411764706	0.315294117647	568	10.3362676056	4	32	0.0592369477912	0.143665158371
872	train	data_pandit/aa/872/data.872	6	158	low-gap	0.0348101265823	0.107594936709	0.101265822785	0	2	16.5	16.5	16	0.0592369477912	0.143665158371
873	train	data_pandit/aa/873/data.873	22	203	mid-gap	0.0904612628751	0.142857142857	0.118226600985	0.0985221674877	149	2.71140939597	2	4	0.0592369477912	0.143665158371
877	train	data_pandit/aa/877/data.877	134	225	high-gap	0.24600331675	0.373333333333	0.253333333333	0.248888888889	2298	3.22758920801	2	5	0.0592369477912	0.143665158371
878	train	data_pandit/aa/878/data.878	16	456	mid-gap	0.105263157895	0.366228070175	0.133771929825	0.0921052631579	241	3.1867219917	2	6	0.0592369477912	0.143665158371
879	train	data_pandit/aa/879/data.879	11	314	mid-gap	0.0674580196873	0.152866242038	0.117834394904	0.0605095541401	95	2.45263157895	2	3	0.0592369477912	0.143665158371
880	train	data_pandit/aa/880/data.880	37	353	mid-gap	0.131230380522	0.260623229462	0.155807365439	0.116147308782	417	4.1103117506	2	11	0.0592369477912	0.143665158371
882	train	data_pandit/aa/882/data.882	11	135	high-gap	0.173737373737	0.459259259259	0.192592592593	0.148148148148	38	6.78947368421	6.5	10	0.0592369477912	0.143665158371
884	train	data_pandit/aa/884/data.884	51	644	high-gap	0.161429789307	0.287267080745	0.200310559006	0.173913043478	1319	4.01971190296	2	8	0.0592369477912	0.143665158371
885	train	data_pandit/aa/885/data.885	16	199	high-gap	0.146042713568	0.396984924623	0.221105527638	0.125628140704	139	3.34532374101	3	7	0.0592369477912	0.143665158371
886	train	data_pandit/aa/886/data.886	7	316	mid-gap	0.139692585895	0.208860759494	0.205696202532	0.142405063291	50	6.18	2	21	0.0592369477912	0.143665158371
887	train	data_pandit/aa/887/data.887	15	394	high-gap	0.286294416244	0.520304568528	0.469543147208	0.241116751269	257	6.58365758755	3	17	0.0592369477912	0.143665158371
888	train	data_pandit/aa/888/data.888	39	287	high-gap	0.2755293487	0.372822299652	0.299651567944	0.285714285714	298	10.3489932886	4	45	0.0592369477912	0.143665158371
889	train	data_pandit/aa/889/data.889	16	193	mid-gap	0.116580310881	0.269430051813	0.113989637306	0.113989637306	129	2.79069767442	1	11	0.0592369477912	0.143665158371
890	train	data_pandit/aa/890/data.890	16	234	mid-gap	0.141826923077	0.24358974359	0.17094017094	0.162393162393	91	5.83516483516	3	19	0.0592369477912	0.143665158371
892	train	data_pandit/aa/892/data.892	51	715	high-gap	0.624297271356	0.965034965035	0.668531468531	0.640559440559	1941	11.7284904688	3	41	0.0592369477912	0.143665158371
893	train	data_pandit/aa/893/data.893	64	238	high-gap	0.315323004202	0.605042016807	0.348739495798	0.319327731092	667	7.20089955022	7	17	0.0592369477912	0.143665158371
894	train	data_pandit/aa/894/data.894	46	812	high-gap	0.462545512958	0.656403940887	0.501231527094	0.488916256158	2017	8.56569162122	4	27	0.0592369477912	0.143665158371
895	train	data_pandit/aa/895/data.895	12	360	high-gap	0.148611111111	0.277777777778	0.194444444444	0.155555555556	239	2.68619246862	1	7	0.0592369477912	0.143665158371
897	train	data_pandit/aa/897/data.897	39	310	high-gap	0.272870140612	0.4	0.325806451613	0.306451612903	509	6.48133595285	5	16	0.0592369477912	0.143665158371
899	train	data_pandit/aa/899/data.899	10	82	low-gap	0.0585365853659	0.0853658536585	0.0731707317073	0.0609756097561	31	1.54838709677	2	2	0.0592369477912	0.143665158371
900	train	data_pandit/aa/900/data.900	9	90	low-gap	0.0246913580247	0.0555555555556	0.0333333333333	0.0333333333333	9	2.22222222222	3	3	0.0592369477912	0.143665158371
901	train	data_pandit/aa/901/data.901	9	492	high-gap	0.207768744354	0.357723577236	0.272357723577	0.217479674797	147	6.25850340136	4	11	0.0592369477912	0.143665158371
902	train	data_pandit/aa/902/data.902	16	107	mid-gap	0.089953271028	0.196261682243	0.177570093458	0.0560747663551	43	3.58139534884	2	12	0.0592369477912	0.143665158371
904	train	data_pandit/aa/904/data.904	18	713	high-gap	0.367539348605	0.493688639551	0.464235624123	0.403927068724	341	13.8328445748	3	25	0.0592369477912	0.143665158371
905	train	data_pandit/aa/905/data.905	98	253	high-gap	0.289061869807	0.529644268775	0.324110671937	0.324110671937	1208	5.93294701987	2	9	0.0592369477912	0.143665158371
909	train	data_pandit/aa/909/data.909	11	425	low-gap	0.0376470588235	0.08	0.0705882352941	0.0376470588235	69	2.55072463768	2	3	0.0592369477912	0.143665158371
910	train	data_pandit/aa/910/data.910	23	1592	high-gap	0.350338649771	0.587939698492	0.381281407035	0.363693467337	2736	4.68859649123	3	9	0.0592369477912	0.143665158371
911	train	data_pandit/aa/911/data.911	9	127	low-gap	0.00087489063867	0.00787401574803	0	0	1	1	1	1	0.0592369477912	0.143665158371
912	train	data_pandit/aa/912/data.912	12	377	low-gap	0.0548187444739	0.0822281167109	0.0583554376658	0.0583554376658	70	3.54285714286	2	10	0.0592369477912	0.143665158371
914	train	data_pandit/aa/914/data.914	16	268	low-gap	0.0331156716418	0.0485074626866	0.0410447761194	0.0373134328358	44	3.22727272727	4	5	0.0592369477912	0.143665158371
915	train	data_pandit/aa/915/data.915	8	179	low-gap	0.0551675977654	0.195530726257	0.0949720670391	0.0614525139665	30	2.63333333333	1	6	0.0592369477912	0.143665158371
916	train	data_pandit/aa/916/data.916	7	229	low-gap	0.00374298190892	0.00873362445415	0.00436681222707	0.00436681222707	5	1.2	1	1	0.0592369477912	0.143665158371
920	train	data_pandit/aa/920/data.920	14	396	high-gap	0.335678210678	0.555555555556	0.416666666667	0.343434343434	110	16.9181818182	3	57	0.0592369477912	0.143665158371
921	train	data_pandit/aa/921/data.921	41	89	low-gap	0.0112359550562	0.179775280899	0	0	21	1.95238095238	2	3	0.0592369477912	0.143665158371
922	train	data_pandit/aa/922/data.922	18	220	high-gap	0.492929292929	0.618181818182	0.577272727273	0.577272727273	72	27.1111111111	3.5	119	0.0592369477912	0.143665158371
923	train	data_pandit/aa/923/data.923	18	160	high-gap	0.282638888889	0.45625	0.35625	0.3125	111	7.33333333333	7	16	0.0592369477912	0.143665158371
924	train	data_pandit/aa/924/data.924	4	113	low-gap	0.0287610619469	0.0530973451327	0.0530973451327	0.0353982300885	10	1.3	1	2	0.0592369477912	0.143665158371
930	train	data_pandit/aa/930/data.930	8	131	mid-gap	0.0849236641221	0.129770992366	0.0992366412214	0.0916030534351	42	2.11904761905	2	4	0.0592369477912	0.143665158371
932	train	data_pandit/aa/932/data.932	118	133	high-gap	0.234803109469	0.631578947368	0.255639097744	0.210526315789	1975	1.86582278481	1	3	0.0592369477912	0.143665158371
934	train	data_pandit/aa/934/data.934	7	660	low-gap	0.0186147186147	0.0363636363636	0.0242424242424	0.0166666666667	38	2.26315789474	2	5	0.0592369477912	0.143665158371
936	train	data_pandit/aa/936/data.936	8	546	mid-gap	0.0755494505495	0.135531135531	0.126373626374	0.0879120879121	120	2.75	2	5	0.0592369477912	0.143665158371
937	train	data_pandit/aa/937/data.937	39	305	high-gap	0.248339638504	0.439344262295	0.308196721311	0.255737704918	511	5.78082191781	3	14	0.0592369477912	0.143665158371
938	train	data_pandit/aa/938/data.938	147	349	high-gap	0.336607995634	0.587392550143	0.358166189112	0.343839541547	5816	2.96922283356	2	4	0.0592369477912	0.143665158371
939	train	data_pandit/aa/939/data.939	37	561	high-gap	0.216746157923	0.411764705882	0.231729055258	0.217468805704	1601	2.81011867583	2	5	0.0592369477912	0.143665158371
942	train	data_pandit/aa/942/data.942	11	496	low-gap	0.0141129032258	0.0322580645161	0.0262096774194	0.0120967741935	55	1.4	1	2	0.0592369477912	0.143665158371
943	train	data_pandit/aa/943/data.943	25	642	high-gap	0.251028037383	0.378504672897	0.281931464174	0.266355140187	625	6.4464	3	13	0.0592369477912	0.143665158371
944	train	data_pandit/aa/944/data.944	9	176	low-gap	0.022095959596	0.0397727272727	0.0227272727273	0.0227272727273	17	2.05882352941	2	2	0.0592369477912	0.143665158371
945	train	data_pandit/aa/945/data.945	27	100	low-gap	0.0414814814815	0.15	0.06	0.02	46	2.4347826087	2	4	0.0592369477912	0.143665158371
947	train	data_pandit/aa/947/data.947	28	72	mid-gap	0.0709325396825	0.138888888889	0.0833333333333	0.0694444444444	62	2.3064516129	1	4	0.0592369477912	0.143665158371
948	train	data_pandit/aa/948/data.948	27	179	high-gap	0.162631905649	0.296089385475	0.217877094972	0.173184357542	201	3.91044776119	2	12	0.0592369477912	0.143665158371
950	train	data_pandit/aa/950/data.950	49	185	mid-gap	0.121897407612	0.297297297297	0.12972972973	0.108108108108	289	3.82352941176	3	9	0.0592369477912	0.143665158371
953	train	data_pandit/aa/953/data.953	154	287	high-gap	0.484478935698	0.756097560976	0.564459930314	0.508710801394	2941	7.28085685141	3	13	0.0592369477912	0.143665158371
954	train	data_pandit/aa/954/data.954	17	735	high-gap	0.227370948379	0.378231292517	0.281632653061	0.244897959184	523	5.43212237094	3	14	0.0592369477912	0.143665158371
955	train	data_pandit/aa/955/data.955	10	491	mid-gap	0.0971486761711	0.132382892057	0.112016293279	0.105906313646	112	4.25892857143	2	11	0.0592369477912	0.143665158371
956	train	data_pandit/aa/956/data.956	9	197	mid-gap	0.072758037225	0.116751269036	0.0862944162437	0.0812182741117	34	3.79411764706	2	8	0.0592369477912	0.143665158371
957	train	data_pandit/aa/957/data.957	33	545	mid-gap	0.102196274673	0.249541284404	0.121100917431	0.110091743119	713	2.5778401122	2	6	0.0592369477912	0.143665158371
958	train	data_pandit/aa/958/data.958	85	644	high-gap	0.400895140665	0.641304347826	0.464285714286	0.433229813665	2789	7.86841161707	5	15	0.0592369477912	0.143665158371
959	train	data_pandit/aa/959/data.959	60	200	high-gap	0.401833333333	0.63	0.53	0.41	489	9.8609406953	7	20	0.0592369477912	0.143665158371
960	train	data_pandit/aa/960/data.960	11	199	low-gap	0.0338053905893	0.0753768844221	0.0452261306533	0.035175879397	30	2.46666666667	2	5	0.0592369477912	0.143665158371
961	train	data_pandit/aa/961/data.961	7	133	low-gap	0.0193340494092	0.0451127819549	0.0375939849624	0.015037593985	11	1.63636363636	2	2	0.0592369477912	0.143665158371
962	train	data_pandit/aa/962/data.962	7	126	mid-gap	0.0986394557823	0.174603174603	0.166666666667	0.0714285714286	18	4.83333333333	3	13	0.0592369477912	0.143665158371
963	train	data_pandit/aa/963/data.963	7	75	low-gap	0	0	0	0	0	0	0	0	0.0592369477912	0.143665158371
964	train	data_pandit/aa/964/data.964	7	218	low-gap	0.0222804718218	0.0504587155963	0.045871559633	0.00917431192661	29	1.1724137931	1	2	0.0592369477912	0.143665158371
965	train	data_pandit/aa/965/data.965	12	71	high-gap	0.197183098592	0.338028169014	0.267605633803	0.239436619718	24	7	2.5	15	0.0592369477912	0.143665158371
966	train	data_pandit/aa/966/data.966	14	378	mid-gap	0.103552532124	0.166666666667	0.126984126984	0.111111111111	122	4.49180327869	3	11	0.0592369477912	0.143665158371
967	train	data_pandit/aa/967/data.967	17	567	high-gap	0.413528374313	0.539682539683	0.497354497354	0.467372134039	246	16.2032520325	16	34	0.0592369477912	0.143665158371
970	train	data_pandit/aa/970/data.970	37	220	mid-gap	0.136609336609	0.277272727273	0.172727272727	0.131818181818	478	2.32635983264	2	5	0.0592369477912	0.143665158371
972	train	data_pandit/aa/972/data.972	11	215	low-gap	0.0325581395349	0.116279069767	0.0790697674419	0.0139534883721	26	2.96153846154	2	7	0.0592369477912	0.143665158371
975	train	data_pandit/aa/975/data.975	9	250	high-gap	0.336888888889	0.392	0.38	0.376	12	63.1666666667	94	94	0.0592369477912	0.143665158371
976	train	data_pandit/aa/976/data.976	54	760	high-gap	0.326583820663	0.535526315789	0.384210526316	0.327631578947	2129	6.29544387036	3	13	0.0592369477912	0.143665158371
979	train	data_pandit/aa/979/data.979	42	108	high-gap	0.241622574956	0.296296296296	0.277777777778	0.277777777778	121	9.05785123967	9	12	0.0592369477912	0.143665158371
980	train	data_pandit/aa/980/data.980	27	44	low-gap	0.00757575757576	0.136363636364	0	0	4	2.25	2.5	3	0.0592369477912	0.143665158371
981	train	data_pandit/aa/981/data.981	9	203	low-gap	0.0519978106185	0.0935960591133	0.0788177339901	0.0788177339901	20	4.75	4	9	0.0592369477912	0.143665158371
982	train	data_pandit/aa/982/data.982	28	209	high-gap	0.196172248804	0.334928229665	0.244019138756	0.196172248804	208	5.51923076923	2	14	0.0592369477912	0.143665158371
983	train	data_pandit/aa/983/data.983	119	754	high-gap	0.653812718721	0.901856763926	0.692307692308	0.661803713528	3927	14.9386299975	4	41	0.0592369477912	0.143665158371
984	train	data_pandit/aa/984/data.984	23	585	high-gap	0.453808992939	0.717948717949	0.652991452991	0.625641025641	281	21.7295373665	4	66	0.0592369477912	0.143665158371
986	train	data_pandit/aa/986/data.986	27	145	mid-gap	0.118007662835	0.268965517241	0.137931034483	0.11724137931	125	3.696	2	11	0.0592369477912	0.143665158371
987	train	data_pandit/aa/987/data.987	71	172	high-gap	0.329675728791	0.587209302326	0.401162790698	0.372093023256	601	6.69883527454	6	15	0.0592369477912	0.143665158371
988	train	data_pandit/aa/988/data.988	21	304	low-gap	0.0300751879699	0.0921052631579	0.0328947368421	0.0263157894737	95	2.02105263158	2	3	0.0592369477912	0.143665158371
991	train	data_pandit/aa/991/data.991	9	443	high-gap	0.216955104088	0.392776523702	0.309255079007	0.293453724605	144	6.00694444444	4	9	0.0592369477912	0.143665158371
992	train	data_pandit/aa/992/data.992	16	89	low-gap	0.0351123595506	0.0674157303371	0.0337078651685	0.0337078651685	32	1.5625	2	2	0.0592369477912	0.143665158371
994	train	data_pandit/aa/994/data.994	19	104	low-gap	0.00961538461538	0.0961538461538	0	0	9	2.11111111111	3	3	0.0592369477912	0.143665158371
996	train	data_pandit/aa/996/data.996	54	334	high-gap	0.193723663784	0.416167664671	0.230538922156	0.194610778443	718	4.86629526462	3	11	0.0592369477912	0.143665158371
997	train	data_pandit/aa/997/data.997	38	473	high-gap	0.223823300323	0.361522198732	0.257928118393	0.232558139535	821	4.90012180268	3	11	0.0592369477912	0.143665158371
999	train	data_pandit/aa/999/data.999	69	163	high-gap	0.273584066862	0.349693251534	0.312883435583	0.306748466258	836	3.68062200957	1	10	0.0592369477912	0.143665158371
1002	train	data_pandit/aa/1002/data.1002	16	276	high-gap	0.180706521739	0.260869565217	0.221014492754	0.195652173913	129	6.18604651163	3	23	0.0592369477912	0.143665158371
1003	train	data_pandit/aa/1003/data.1003	20	169	mid-gap	0.11124260355	0.230769230769	0.159763313609	0.118343195266	118	3.18644067797	2	8	0.0592369477912	0.143665158371
1005	train	data_pandit/aa/1005/data.1005	45	351	high-gap	0.350680595125	0.834757834758	0.396011396011	0.356125356125	629	8.80604133545	5	21	0.0592369477912	0.143665158371
1006	train	data_pandit/aa/1006/data.1006	27	81	low-gap	0.0493827160494	0.0987654320988	0.0617283950617	0.0493827160494	40	2.7	3.5	4	0.0592369477912	0.143665158371
1008	train	data_pandit/aa/1008/data.1008	5	315	low-gap	0.00380952380952	0.00952380952381	0.00634920634921	0.0031746031746	5	1.2	1	1	0.0592369477912	0.143665158371
1009	train	data_pandit/aa/1009/data.1009	113	1078	high-gap	0.564376836817	0.821892393321	0.623376623377	0.586270871985	7380	9.31558265583	3	20	0.0592369477912	0.143665158371
1010	train	data_pandit/aa/1010/data.1010	9	432	high-gap	0.246656378601	0.465277777778	0.319444444444	0.25462962963	155	6.18709677419	4	14	0.0592369477912	0.143665158371
1012	train	data_pandit/aa/1012/data.1012	42	153	high-gap	0.250233426704	0.457516339869	0.366013071895	0.281045751634	262	6.13740458015	2	9	0.0592369477912	0.143665158371
1016	train	data_pandit/aa/1016/data.1016	18	526	high-gap	0.274186734263	0.410646387833	0.296577946768	0.279467680608	404	6.42574257426	2	9	0.0592369477912	0.143665158371
1017	train	data_pandit/aa/1017/data.1017	25	323	mid-gap	0.121609907121	0.247678018576	0.173374613003	0.142414860681	306	3.2091503268	3	6	0.0592369477912	0.143665158371
1018	train	data_pandit/aa/1018/data.1018	24	127	high-gap	0.253608923885	0.488188976378	0.322834645669	0.275590551181	199	3.88442211055	3	8	0.0592369477912	0.143665158371
1019	train	data_pandit/aa/1019/data.1019	13	573	mid-gap	0.133172237884	0.260034904014	0.171029668412	0.13612565445	185	5.36216216216	3	13	0.0592369477912	0.143665158371
1020	train	data_pandit/aa/1020/data.1020	79	212	high-gap	0.319620253165	0.599056603774	0.377358490566	0.316037735849	497	10.7706237425	8	33	0.0592369477912	0.143665158371
1021	train	data_pandit/aa/1021/data.1021	14	169	mid-gap	0.0984784446323	0.236686390533	0.136094674556	0.0887573964497	74	3.14864864865	2	8	0.0592369477912	0.143665158371
1022	train	data_pandit/aa/1022/data.1022	46	300	high-gap	0.343913043478	0.696666666667	0.396666666667	0.326666666667	823	5.76670716889	2	16	0.0592369477912	0.143665158371
1023	train	data_pandit/aa/1023/data.1023	13	394	mid-gap	0.104256149941	0.172588832487	0.139593908629	0.119289340102	122	4.37704918033	2	9	0.0592369477912	0.143665158371
1024	train	data_pandit/aa/1024/data.1024	19	181	high-gap	0.218958999709	0.292817679558	0.237569060773	0.232044198895	99	7.60606060606	4	27	0.0592369477912	0.143665158371
1026	train	data_pandit/aa/1026/data.1026	52	403	high-gap	0.280683336515	0.466501240695	0.359801488834	0.332506203474	985	5.97157360406	3	12	0.0592369477912	0.143665158371
1027	train	data_pandit/aa/1027/data.1027	18	287	mid-gap	0.12950058072	0.243902439024	0.170731707317	0.146341463415	184	3.63586956522	3	8	0.0592369477912	0.143665158371
1030	train	data_pandit/aa/1030/data.1030	21	362	mid-gap	0.105761641673	0.267955801105	0.110497237569	0.104972375691	266	3.02255639098	2	7	0.0592369477912	0.143665158371
1031	train	data_pandit/aa/1031/data.1031	18	285	high-gap	0.234307992203	0.382456140351	0.301754385965	0.249122807018	186	6.4623655914	3	18	0.0592369477912	0.143665158371
1032	train	data_pandit/aa/1032/data.1032	6	480	high-gap	0.165625	0.29375	0.241666666667	0.20625	60	7.95	5	17	0.0592369477912	0.143665158371
1033	train	data_pandit/aa/1033/data.1033	5	196	low-gap	0.00918367346939	0.0255102040816	0.0204081632653	0	5	1.8	1	3	0.0592369477912	0.143665158371
1034	train	data_pandit/aa/1034/data.1034	13	163	mid-gap	0.12505899009	0.220858895706	0.153374233129	0.134969325153	88	3.01136363636	2	8	0.0592369477912	0.143665158371
1036	train	data_pandit/aa/1036/data.1036	16	57	low-gap	0.0482456140351	0.0526315789474	0.0526315789474	0.0526315789474	29	1.51724137931	2	2	0.0592369477912	0.143665158371
1037	train	data_pandit/aa/1037/data.1037	4	163	low-gap	0.0122699386503	0.0184049079755	0.0184049079755	0.0184049079755	5	1.6	2	2	0.0592369477912	0.143665158371
1039	train	data_pandit/aa/1039/data.1039	10	222	high-gap	0.145495495495	0.225225225225	0.211711711712	0.171171171171	70	4.61428571429	4	9	0.0592369477912	0.143665158371
1040	train	data_pandit/aa/1040/data.1040	16	236	mid-gap	0.125	0.313559322034	0.161016949153	0.118644067797	182	2.59340659341	2	6	0.0592369477912	0.143665158371
1041	train	data_pandit/aa/1041/data.1041	8	142	low-gap	0.0132042253521	0.0352112676056	0.0140845070423	0.0140845070423	14	1.07142857143	1	1	0.0592369477912	0.143665158371
1042	train	data_pandit/aa/1042/data.1042	9	67	mid-gap	0.0696517412935	0.179104477612	0.0746268656716	0.0597014925373	13	3.23076923077	4	4	0.0592369477912	0.143665158371
1043	train	data_pandit/aa/1043/data.1043	7	127	low-gap	0.0123734533183	0.0629921259843	0.0236220472441	0	6	1.83333333333	1.5	2	0.0592369477912	0.143665158371
1044	train	data_pandit/aa/1044/data.1044	5	457	low-gap	0.0245076586433	0.0459518599562	0.0328227571116	0.0240700218818	20	2.8	2	6	0.0592369477912	0.143665158371
1045	train	data_pandit/aa/1045/data.1045	132	749	high-gap	0.520744831492	0.866488651535	0.571428571429	0.536715620828	4140	12.4359903382	4	29	0.0592369477912	0.143665158371
1046	train	data_pandit/aa/1046/data.1046	38	338	mid-gap	0.123559638742	0.310650887574	0.130177514793	0.121301775148	486	3.26543209877	2	5	0.0592369477912	0.143665158371
1047	train	data_pandit/aa/1047/data.1047	7	39	low-gap	0	0	0	0	0	0	0	0	0.0592369477912	0.143665158371
1048	train	data_pandit/aa/1048/data.1048	15	38	mid-gap	0.140350877193	0.263157894737	0.236842105263	0.105263157895	47	1.70212765957	1	3	0.0592369477912	0.143665158371
1049	train	data_pandit/aa/1049/data.1049	15	402	mid-gap	0.102653399668	0.189054726368	0.121890547264	0.114427860697	191	3.24083769634	2	6	0.0592369477912	0.143665158371
1050	train	data_pandit/aa/1050/data.1050	6	94	low-gap	0.0372340425532	0.063829787234	0.0531914893617	0.0425531914894	14	1.5	1	2	0.0592369477912	0.143665158371
1052	train	data_pandit/aa/1052/data.1052	5	151	high-gap	0.177483443709	0.304635761589	0.258278145695	0.205298013245	27	4.96296296296	4	8	0.0592369477912	0.143665158371
1053	train	data_pandit/aa/1053/data.1053	74	661	high-gap	0.491904158319	0.803328290469	0.556732223903	0.508320726172	2331	10.3221793222	5	27	0.0592369477912	0.143665158371
1055	train	data_pandit/aa/1055/data.1055	83	181	high-gap	0.577514477801	0.762430939227	0.651933701657	0.629834254144	618	14.0388349515	3	54	0.0592369477912	0.143665158371
1056	train	data_pandit/aa/1056/data.1056	20	74	mid-gap	0.0743243243243	0.108108108108	0.0945945945946	0.0810810810811	57	1.9298245614	1	4	0.0592369477912	0.143665158371
1057	train	data_pandit/aa/1057/data.1057	18	211	mid-gap	0.110057925224	0.222748815166	0.175355450237	0.104265402844	122	3.4262295082	1	12	0.0592369477912	0.143665158371
1059	train	data_pandit/aa/1059/data.1059	7	126	low-gap	0.0351473922902	0.0634920634921	0.0634920634921	0.031746031746	14	2.21428571429	3	3	0.0592369477912	0.143665158371
1062	train	data_pandit/aa/1062/data.1062	7	365	mid-gap	0.120156555773	0.235616438356	0.183561643836	0.12602739726	78	3.9358974359	2	7	0.0592369477912	0.143665158371
1063	train	data_pandit/aa/1063/data.1063	99	167	high-gap	0.288030000605	0.610778443114	0.359281437126	0.25748502994	1189	4.00504625736	2	10	0.0592369477912	0.143665158371
1065	train	data_pandit/aa/1065/data.1065	5	294	mid-gap	0.0721088435374	0.105442176871	0.0884353741497	0.0850340136054	32	3.3125	3	7	0.0592369477912	0.143665158371
1066	train	data_pandit/aa/1066/data.1066	17	395	high-gap	0.196128071482	0.346835443038	0.286075949367	0.220253164557	235	5.60425531915	4	14	0.0592369477912	0.143665158371
1067	train	data_pandit/aa/1067/data.1067	6	401	mid-gap	0.074812967581	0.167082294264	0.0798004987531	0.072319201995	79	2.27848101266	2	4	0.0592369477912	0.143665158371
1069	train	data_pandit/aa/1069/data.1069	28	193	high-gap	0.380643967432	0.564766839378	0.419689119171	0.40414507772	200	10.285	10	20	0.0592369477912	0.143665158371
1070	train	data_pandit/aa/1070/data.1070	4	416	low-gap	0.0402644230769	0.0673076923077	0.0673076923077	0.0528846153846	24	2.79166666667	2	6	0.0592369477912	0.143665158371
1071	train	data_pandit/aa/1071/data.1071	13	190	low-gap	0.053036437247	0.0894736842105	0.0578947368421	0.0578947368421	73	1.79452054795	1	3	0.0592369477912	0.143665158371
1072	train	data_pandit/aa/1072/data.1072	5	451	mid-gap	0.0647450110865	0.133037694013	0.119733924612	0.0554323725055	46	3.17391304348	2	6	0.0592369477912	0.143665158371
1073	train	data_pandit/aa/1073/data.1073	22	107	high-gap	0.17629566695	0.299065420561	0.252336448598	0.168224299065	90	4.61111111111	3	10	0.0592369477912	0.143665158371
1074	train	data_pandit/aa/1074/data.1074	14	155	mid-gap	0.137788018433	0.258064516129	0.174193548387	0.174193548387	40	7.475	3	23	0.0592369477912	0.143665158371
1078	train	data_pandit/aa/1078/data.1078	6	231	low-gap	0.046176046176	0.112554112554	0.0606060606061	0.047619047619	34	1.88235294118	2	3	0.0592369477912	0.143665158371
1080	train	data_pandit/aa/1080/data.1080	11	594	high-gap	0.205540250995	0.311447811448	0.265993265993	0.232323232323	280	4.79642857143	4	9	0.0592369477912	0.143665158371
1083	train	data_pandit/aa/1083/data.1083	4	103	low-gap	0	0	0	0	0	0	0	0	0.0592369477912	0.143665158371
1084	train	data_pandit/aa/1084/data.1084	123	528	high-gap	0.269878664696	0.585227272727	0.352272727273	0.25946969697	3960	4.42601010101	2	12	0.0592369477912	0.143665158371
1085	train	data_pandit/aa/1085/data.1085	9	232	mid-gap	0.0852490421456	0.150862068966	0.120689655172	0.0646551724138	58	3.06896551724	2	5	0.0592369477912	0.143665158371
1086	train	data_pandit/aa/1086/data.1086	45	326	high-gap	0.280981595092	0.585889570552	0.312883435583	0.303680981595	1152	3.578125	2	8	0.0592369477912	0.143665158371
1087	train	data_pandit/aa/1087/data.1087	29	384	high-gap	0.407596982759	0.489583333333	0.416666666667	0.408854166667	372	12.2016129032	2	11	0.0592369477912	0.143665158371
1088	train	data_pandit/aa/1088/data.1088	32	218	high-gap	0.378870412844	0.573394495413	0.417431192661	0.403669724771	320	8.259375	4	12	0.0592369477912	0.143665158371
1090	train	data_pandit/aa/1090/data.1090	9	139	mid-gap	0.0783373301359	0.143884892086	0.10071942446	0.0935251798561	36	2.72222222222	2	4	0.0592369477912	0.143665158371
1092	train	data_pandit/aa/1092/data.1092	21	523	high-gap	0.297095511245	0.602294455067	0.397705544933	0.279158699809	349	9.34957020057	4	32	0.0592369477912	0.143665158371
1093	train	data_pandit/aa/1093/data.1093	43	268	high-gap	0.196806664353	0.361940298507	0.253731343284	0.194029850746	542	4.18450184502	2	10	0.0592369477912	0.143665158371
1094	train	data_pandit/aa/1094/data.1094	79	284	high-gap	0.355722945267	0.471830985915	0.387323943662	0.387323943662	807	9.8897149938	4	20	0.0592369477912	0.143665158371
1097	train	data_pandit/aa/1097/data.1097	49	393	high-gap	0.333904554188	0.702290076336	0.381679389313	0.338422391858	298	21.5771812081	14	56	0.0592369477912	0.143665158371
1100	train	data_pandit/aa/1100/data.1100	5	323	mid-gap	0.0885448916409	0.210526315789	0.114551083591	0.0712074303406	37	3.86486486486	2	10	0.0592369477912	0.143665158371
1101	train	data_pandit/aa/1101/data.1101	12	126	low-gap	0.0582010582011	0.222222222222	0.0952380952381	0.031746031746	50	1.76	2	3	0.0592369477912	0.143665158371
1102	train	data_pandit/aa/1102/data.1102	7	626	mid-gap	0.106344135098	0.180511182109	0.145367412141	0.115015974441	132	3.5303030303	3	6	0.0592369477912	0.143665158371
1104	train	data_pandit/aa/1104/data.1104	31	142	high-gap	0.187187641981	0.323943661972	0.204225352113	0.204225352113	176	4.68181818182	1.5	19	0.0592369477912	0.143665158371
1105	train	data_pandit/aa/1105/data.1105	9	358	mid-gap	0.129112352576	0.243016759777	0.150837988827	0.13687150838	160	2.6	2	5	0.0592369477912	0.143665158371
1106	train	data_pandit/aa/1106/data.1106	6	99	low-gap	0.013468013468	0.040404040404	0.040404040404	0	2	4	4	4	0.0592369477912	0.143665158371
1107	train	data_pandit/aa/1107/data.1107	5	109	mid-gap	0.0733944954128	0.100917431193	0.0917431192661	0.0917431192661	4	10	10	10	0.0592369477912	0.143665158371
1108	train	data_pandit/aa/1108/data.1108	7	114	low-gap	0.0501253132832	0.0877192982456	0.0614035087719	0.0614035087719	28	1.42857142857	1	3	0.0592369477912	0.143665158371
1109	train	data_pandit/aa/1109/data.1109	9	71	low-gap	0.037558685446	0.0704225352113	0.0704225352113	0.0422535211268	12	2	2	3	0.0592369477912	0.143665158371
1110	train	data_pandit/aa/1110/data.1110	17	219	high-gap	0.293580445877	0.534246575342	0.388127853881	0.278538812785	123	8.88617886179	7	17	0.0592369477912	0.143665158371
1111	train	data_pandit/aa/1111/data.1111	30	107	high-gap	0.319626168224	0.476635514019	0.355140186916	0.355140186916	117	8.76923076923	2	23	0.0592369477912	0.143665158371
1112	train	data_pandit/aa/1112/data.1112	29	233	high-gap	0.19579695131	0.347639484979	0.244635193133	0.201716738197	296	4.46959459459	3	8	0.0592369477912	0.143665158371
1115	train	data_pandit/aa/1115/data.1115	14	355	high-gap	0.22152917505	0.394366197183	0.312676056338	0.292957746479	116	9.49137931034	3	37	0.0592369477912	0.143665158371
1116	train	data_pandit/aa/1116/data.1116	64	268	high-gap	0.169484608209	0.626865671642	0.194029850746	0.164179104478	1095	2.65479452055	2	5	0.0592369477912	0.143665158371
1117	train	data_pandit/aa/1117/data.1117	11	76	low-gap	0.0167464114833	0.157894736842	0	0	5	2.8	2	3	0.0592369477912	0.143665158371
1118	train	data_pandit/aa/1118/data.1118	18	227	high-gap	0.184777288302	0.418502202643	0.259911894273	0.246696035242	124	6.08870967742	2	10	0.0592369477912	0.143665158371
1119	train	data_pandit/aa/1119/data.1119	35	260	high-gap	0.21989010989	0.476923076923	0.246153846154	0.211538461538	491	4.07535641548	2	12	0.0592369477912	0.143665158371
1121	train	data_pandit/aa/1121/data.1121	5	211	mid-gap	0.0938388625592	0.203791469194	0.137440758294	0.104265402844	32	3.09375	2	6	0.0592369477912	0.143665158371
1123	train	data_pandit/aa/1123/data.1123	5	102	low-gap	0.0078431372549	0.00980392156863	0.00980392156863	0.00980392156863	4	1	1	1	0.0592369477912	0.143665158371
1124	train	data_pandit/aa/1124/data.1124	68	344	high-gap	0.363927838577	0.729651162791	0.392441860465	0.372093023256	2001	4.25437281359	3	9	0.0592369477912	0.143665158371
1126	train	data_pandit/aa/1126/data.1126	15	387	high-gap	0.232213608958	0.330749354005	0.286821705426	0.240310077519	140	9.62857142857	2	34	0.0592369477912	0.143665158371
1127	train	data_pandit/aa/1127/data.1127	4	238	low-gap	0.0115546218487	0.0294117647059	0.0294117647059	0.00840336134454	9	1.22222222222	1	1	0.0592369477912	0.143665158371
1129	train	data_pandit/aa/1129/data.1129	4	212	low-gap	0.0330188679245	0.117924528302	0.117924528302	0.00943396226415	8	3.5	1.5	6	0.0592369477912	0.143665158371
1130	train	data_pandit/aa/1130/data.1130	30	162	high-gap	0.312962962963	0.598765432099	0.364197530864	0.33950617284	265	5.73962264151	4	12	0.0592369477912	0.143665158371
1131	train	data_pandit/aa/1131/data.1131	4	206	low-gap	0.00728155339806	0.0194174757282	0.0194174757282	0.00970873786408	6	1	1	1	0.0592369477912	0.143665158371
1132	train	data_pandit/aa/1132/data.1132	6	115	low-gap	0.00579710144928	0.00869565217391	0.00869565217391	0.00869565217391	4	1	1	1	0.0592369477912	0.143665158371
1134	train	data_pandit/aa/1134/data.1134	10	335	high-gap	0.158805970149	0.253731343284	0.197014925373	0.185074626866	82	6.48780487805	5	13	0.0592369477912	0.143665158371
1135	train	data_pandit/aa/1135/data.1135	9	150	high-gap	0.156296296296	0.293333333333	0.213333333333	0.18	63	3.34920634921	2	5	0.0592369477912	0.143665158371
1137	train	data_pandit/aa/1137/data.1137	34	59	mid-gap	0.0857427716849	0.237288135593	0.101694915254	0.0847457627119	99	1.73737373737	1	4	0.0592369477912	0.143665158371
1141	train	data_pandit/aa/1141/data.1141	7	121	mid-gap	0.139315230224	0.198347107438	0.198347107438	0.148760330579	17	6.94117647059	3	21	0.0592369477912	0.143665158371
1142	train	data_pandit/aa/1142/data.1142	10	72	mid-gap	0.0597222222222	0.111111111111	0.0972222222222	0.0694444444444	35	1.22857142857	1	2	0.0592369477912	0.143665158371
1143	train	data_pandit/aa/1143/data.1143	6	97	low-gap	0.0429553264605	0.123711340206	0.0721649484536	0.020618556701	8	3.125	2	5	0.0592369477912	0.143665158371
1144	train	data_pandit/aa/1144/data.1144	6	101	mid-gap	0.0643564356436	0.148514851485	0.118811881188	0.039603960396	15	2.6	2	4	0.0592369477912	0.143665158371
1145	train	data_pandit/aa/1145/data.1145	4	71	low-gap	0.0457746478873	0.0985915492958	0.0985915492958	0.056338028169	5	2.6	2	3	0.0592369477912	0.143665158371
1147	train	data_pandit/aa/1147/data.1147	100	263	high-gap	0.396958174905	0.67680608365	0.414448669202	0.395437262357	3142	3.32272437938	2	6	0.0592369477912	0.143665158371
1148	train	data_pandit/aa/1148/data.1148	5	257	low-gap	0.0428015564202	0.101167315175	0.0505836575875	0.0428015564202	33	1.66666666667	1	3	0.0592369477912	0.143665158371
1149	train	data_pandit/aa/1149/data.1149	24	638	high-gap	0.188740856844	0.330721003135	0.260188087774	0.202194357367	530	5.45283018868	4	12	0.0592369477912	0.143665158371
1150	train	data_pandit/aa/1150/data.1150	15	115	mid-gap	0.0597101449275	0.173913043478	0.0869565217391	0.0521739130435	33	3.12121212121	2	5	0.0592369477912	0.143665158371
1151	train	data_pandit/aa/1151/data.1151	8	75	low-gap	0.0366666666667	0.0533333333333	0.04	0.04	14	1.57142857143	1.5	2	0.0592369477912	0.143665158371
1153	train	data_pandit/aa/1153/data.1153	15	390	mid-gap	0.122051282051	0.217948717949	0.135897435897	0.125641025641	166	4.30120481928	2	8	0.0592369477912	0.143665158371
1154	train	data_pandit/aa/1154/data.1154	5	260	mid-gap	0.0769230769231	0.111538461538	0.103846153846	0.103846153846	24	4.16666666667	3	8	0.0592369477912	0.143665158371
1155	train	data_pandit/aa/1155/data.1155	51	211	high-gap	0.22906793049	0.507109004739	0.251184834123	0.24644549763	530	4.65094339623	3	10	0.0592369477912	0.143665158371
1156	train	data_pandit/aa/1156/data.1156	54	589	high-gap	0.464252027919	0.740237691002	0.529711375212	0.51103565365	2603	5.67268536304	2	14	0.0592369477912	0.143665158371
1157	train	data_pandit/aa/1157/data.1157	6	555	mid-gap	0.118918918919	0.207207207207	0.167567567568	0.142342342342	84	4.71428571429	2	11	0.0592369477912	0.143665158371
1158	train	data_pandit/aa/1158/data.1158	7	208	high-gap	0.146978021978	0.221153846154	0.173076923077	0.158653846154	20	10.7	3	29	0.0592369477912	0.143665158371
1161	train	data_pandit/aa/1161/data.1161	7	165	mid-gap	0.121212121212	0.212121212121	0.151515151515	0.139393939394	44	3.18181818182	1	11	0.0592369477912	0.143665158371
1162	train	data_pandit/aa/1162/data.1162	6	351	mid-gap	0.117758784425	0.17094017094	0.148148148148	0.145299145299	46	5.39130434783	3	13	0.0592369477912	0.143665158371
1163	train	data_pandit/aa/1163/data.1163	6	115	low-gap	0.0304347826087	0.0869565217391	0.0260869565217	0.0260869565217	16	1.3125	1	1	0.0592369477912	0.143665158371
1164	train	data_pandit/aa/1164/data.1164	7	171	mid-gap	0.136173767753	0.169590643275	0.157894736842	0.157894736842	19	8.57894736842	10	15	0.0592369477912	0.143665158371
1165	train	data_pandit/aa/1165/data.1165	6	96	mid-gap	0.0625	0.0833333333333	0.0729166666667	0.0729166666667	6	6	7	7	0.0592369477912	0.143665158371
1166	train	data_pandit/aa/1166/data.1166	5	508	mid-gap	0.123228346457	0.194881889764	0.169291338583	0.149606299213	56	5.58928571429	2	11	0.0592369477912	0.143665158371
1167	train	data_pandit/aa/1167/data.1167	61	401	high-gap	0.464985078288	0.795511221945	0.576059850374	0.501246882793	828	13.7367149758	7	36	0.0592369477912	0.143665158371
1169	train	data_pandit/aa/1169/data.1169	7	293	mid-gap	0.0804485616772	0.167235494881	0.136518771331	0.0511945392491	29	5.68965517241	3	14	0.0592369477912	0.143665158371
1170	train	data_pandit/aa/1170/data.1170	16	107	low-gap	0.0508177570093	0.196261682243	0.0654205607477	0.0560747663551	43	2.02325581395	1	5	0.0592369477912	0.143665158371
1171	train	data_pandit/aa/1171/data.1171	9	112	low-gap	0.0535714285714	0.151785714286	0.0535714285714	0.0446428571429	13	4.15384615385	5	6	0.0592369477912	0.143665158371
1172	train	data_pandit/aa/1172/data.1172	4	547	mid-gap	0.0804387568556	0.162705667276	0.162705667276	0.137111517367	61	2.88524590164	2	6	0.0592369477912	0.143665158371
1173	train	data_pandit/aa/1173/data.1173	26	114	mid-gap	0.0917678812416	0.298245614035	0.0964912280702	0.0789473684211	99	2.74747474747	3	4	0.0592369477912	0.143665158371
1174	train	data_pandit/aa/1174/data.1174	4	430	mid-gap	0.075	0.132558139535	0.132558139535	0.0860465116279	32	4.03125	2	8	0.0592369477912	0.143665158371
1176	train	data_pandit/aa/1176/data.1176	6	164	low-gap	0.015243902439	0.0426829268293	0.0121951219512	0.0121951219512	7	2.14285714286	2	2	0.0592369477912	0.143665158371
1177	train	data_pandit/aa/1177/data.1177	7	289	mid-gap	0.104300543747	0.190311418685	0.145328719723	0.0968858131488	75	2.81333333333	2	5	0.0592369477912	0.143665158371
1178	train	data_pandit/aa/1178/data.1178	6	528	high-gap	0.183080808081	0.255681818182	0.236742424242	0.215909090909	52	11.1538461538	2	40	0.0592369477912	0.143665158371
1179	train	data_pandit/aa/1179/data.1179	7	441	low-gap	0.0566893424036	0.163265306122	0.0975056689342	0.0453514739229	72	2.43055555556	2	5	0.0592369477912	0.143665158371
1180	train	data_pandit/aa/1180/data.1180	8	439	high-gap	0.173120728929	0.389521640091	0.316628701595	0.145785876993	140	4.34285714286	3	10	0.0592369477912	0.143665158371
1182	train	data_pandit/aa/1182/data.1182	9	98	high-gap	0.166666666667	0.316326530612	0.255102040816	0.173469387755	18	8.16666666667	3.5	22	0.0592369477912	0.143665158371
1183	train	data_pandit/aa/1183/data.1183	4	144	mid-gap	0.0607638888889	0.166666666667	0.166666666667	0.0416666666667	9	3.88888888889	4	6	0.0592369477912	0.143665158371
1184	train	data_pandit/aa/1184/data.1184	147	161	high-gap	0.437106519626	0.664596273292	0.465838509317	0.453416149068	2576	4.01591614907	2	12	0.0592369477912	0.143665158371
1185	train	data_pandit/aa/1185/data.1185	51	501	high-gap	0.348166412273	0.534930139721	0.413173652695	0.38123752495	981	9.06829765545	3	27	0.0592369477912	0.143665158371
1186	train	data_pandit/aa/1186/data.1186	9	116	low-gap	0.0239463601533	0.0431034482759	0.0258620689655	0.0258620689655	25	1	1	1	0.0592369477912	0.143665158371
1187	train	data_pandit/aa/1187/data.1187	7	71	low-gap	0.0140845070423	0.0704225352113	0.0281690140845	0	2	3.5	3.5	2	0.0592369477912	0.143665158371
1188	train	data_pandit/aa/1188/data.1188	4	106	mid-gap	0.0966981132075	0.179245283019	0.179245283019	0.141509433962	5	8.2	6	11	0.0592369477912	0.143665158371
1190	train	data_pandit/aa/1190/data.1190	5	83	low-gap	0.0120481927711	0.0361445783133	0.0120481927711	0.0120481927711	4	1.25	1	1	0.0592369477912	0.143665158371
1191	train	data_pandit/aa/1191/data.1191	12	92	low-gap	0.0054347826087	0.0326086956522	0	0	4	1.5	1.5	2	0.0592369477912	0.143665158371
1194	train	data_pandit/aa/1194/data.1194	26	85	low-gap	0.0574660633484	0.129411764706	0.0941176470588	0.0705882352941	66	1.92424242424	1	5	0.0592369477912	0.143665158371
1196	train	data_pandit/aa/1196/data.1196	9	250	mid-gap	0.096	0.136	0.112	0.112	84	2.57142857143	2	5	0.0592369477912	0.143665158371
1198	train	data_pandit/aa/1198/data.1198	5	161	low-gap	0.0223602484472	0.0372670807453	0.0248447204969	0.0248447204969	13	1.38461538462	1	2	0.0592369477912	0.143665158371
1200	train	data_pandit/aa/1200/data.1200	11	306	high-gap	0.170231729055	0.267973856209	0.245098039216	0.186274509804	144	3.97916666667	3	8	0.0592369477912	0.143665158371
1202	train	data_pandit/aa/1202/data.1202	102	233	high-gap	0.295884877556	0.467811158798	0.351931330472	0.330472103004	527	13.3434535104	14	33	0.0592369477912	0.143665158371
1205	train	data_pandit/aa/1205/data.1205	6	283	high-gap	0.176089517079	0.293286219081	0.247349823322	0.229681978799	56	5.33928571429	2	10	0.0592369477912	0.143665158371
1207	train	data_pandit/aa/1207/data.1207	5	280	low-gap	0.0485714285714	0.121428571429	0.0785714285714	0.0321428571429	30	2.26666666667	2	5	0.0592369477912	0.143665158371
1208	train	data_pandit/aa/1208/data.1208	8	635	mid-gap	0.0700787401575	0.127559055118	0.125984251969	0.124409448819	42	8.47619047619	1	15	0.0592369477912	0.143665158371
1209	train	data_pandit/aa/1209/data.1209	10	240	low-gap	0.035	0.0666666666667	0.0583333333333	0.0333333333333	22	3.81818181818	1	7	0.0592369477912	0.143665158371
1210	train	data_pandit/aa/1210/data.1210	8	402	mid-gap	0.126243781095	0.218905472637	0.191542288557	0.149253731343	128	3.171875	3	6	0.0592369477912	0.143665158371
1211	train	data_pandit/aa/1211/data.1211	9	707	high-gap	0.184189847556	0.4243281471	0.336633663366	0.135785007072	168	6.97619047619	3	16	0.0592369477912	0.143665158371
1214	train	data_pandit/aa/1214/data.1214	18	747	high-gap	0.253235162874	0.409638554217	0.319946452477	0.301204819277	496	6.86491935484	2	10	0.0592369477912	0.143665158371
1216	train	data_pandit/aa/1216/data.1216	11	478	mid-gap	0.0966146823887	0.232217573222	0.196652719665	0.0836820083682	124	4.09677419355	2	8	0.0592369477912	0.143665158371
1217	train	data_pandit/aa/1217/data.1217	16	118	low-gap	0.0195974576271	0.118644067797	0.0593220338983	0	12	3.08333333333	2.5	5	0.0592369477912	0.143665158371
1218	train	data_pandit/aa/1218/data.1218	8	304	low-gap	0.0374177631579	0.0822368421053	0.0559210526316	0.0427631578947	37	2.45945945946	2	4	0.0592369477912	0.143665158371
1220	train	data_pandit/aa/1220/data.1220	7	148	low-gap	0	0	0	0	0	0	0	0	0.0592369477912	0.143665158371
1221	train	data_pandit/aa/1221/data.1221	13	56	low-gap	0.0549450549451	0.0714285714286	0.0714285714286	0.0714285714286	11	3.63636363636	4	4	0.0592369477912	0.143665158371
1222	train	data_pandit/aa/1222/data.1222	6	84	low-gap	0.00992063492063	0.0238095238095	0.0238095238095	0.0119047619048	5	1	1	1	0.0592369477912	0.143665158371
1225	train	data_pandit/aa/1225/data.1225	8	520	high-gap	0.175	0.355769230769	0.263461538462	0.196153846154	138	5.27536231884	4	10	0.0592369477912	0.143665158371
1226	train	data_pandit/aa/1226/data.1226	6	34	low-gap	0	0	0	0	0	0	0	0	0.0592369477912	0.143665158371
1228	train	data_pandit/aa/1228/data.1228	17	150	mid-gap	0.136078431373	0.233333333333	0.16	0.146666666667	108	3.21296296296	2	9	0.0592369477912	0.143665158371
1229	train	data_pandit/aa/1229/data.1229	6	468	low-gap	0.002849002849	0.00641025641026	0.0042735042735	0.0042735042735	8	1	1	1	0.0592369477912	0.143665158371
1231	train	data_pandit/aa/1231/data.1231	5	221	mid-gap	0.0968325791855	0.176470588235	0.149321266968	0.108597285068	31	3.45161290323	3	8	0.0592369477912	0.143665158371
1232	train	data_pandit/aa/1232/data.1232	32	254	high-gap	0.288016732283	0.582677165354	0.338582677165	0.314960629921	238	9.83613445378	4	24	0.0592369477912	0.143665158371
1233	train	data_pandit/aa/1233/data.1233	12	495	low-gap	0.0474747474747	0.0949494949495	0.0767676767677	0.0525252525253	139	2.02877697842	1	5	0.0592369477912	0.143665158371
1234	train	data_pandit/aa/1234/data.1234	6	180	low-gap	0.0157407407407	0.0722222222222	0.00555555555556	0.00555555555556	9	1.88888888889	1	4	0.0592369477912	0.143665158371
1237	train	data_pandit/aa/1237/data.1237	22	359	high-gap	0.183084325146	0.342618384401	0.233983286908	0.181058495822	210	6.88571428571	4.5	18	0.0592369477912	0.143665158371
1238	train	data_pandit/aa/1238/data.1238	34	1110	high-gap	0.423025967144	0.726126126126	0.501801801802	0.447747747748	1412	11.3066572238	5	35	0.0592369477912	0.143665158371
1239	train	data_pandit/aa/1239/data.1239	10	396	mid-gap	0.0734848484848	0.234848484848	0.0984848484848	0.0606060606061	108	2.69444444444	1	5	0.0592369477912	0.143665158371
1240	train	data_pandit/aa/1240/data.1240	22	239	high-gap	0.257512362115	0.497907949791	0.271966527197	0.259414225941	403	3.35980148883	2	9	0.0592369477912	0.143665158371
1241	train	data_pandit/aa/1241/data.1241	37	376	high-gap	0.155836687752	0.287234042553	0.199468085106	0.156914893617	763	2.84141546527	2	6	0.0592369477912	0.143665158371
1242	train	data_pandit/aa/1242/data.1242	43	92	high-gap	0.258594539939	0.326086956522	0.29347826087	0.271739130435	342	2.99122807018	2	7	0.0592369477912	0.143665158371
1245	train	data_pandit/aa/1245/data.1245	9	113	mid-gap	0.086529006883	0.16814159292	0.0973451327434	0.0973451327434	49	1.79591836735	1	4	0.0592369477912	0.143665158371
1247	train	data_pandit/aa/1247/data.1247	28	116	mid-gap	0.115455665025	0.336206896552	0.146551724138	0.120689655172	143	2.62237762238	1	6	0.0592369477912	0.143665158371
1249	train	data_pandit/aa/1249/data.1249	7	222	low-gap	0	0	0	0	0	0	0	0	0.0592369477912	0.143665158371
1250	train	data_pandit/aa/1250/data.1250	7	266	high-gap	0.15574650913	0.263157894737	0.210526315789	0.165413533835	64	4.53125	3	9	0.0592369477912	0.143665158371
1251	train	data_pandit/aa/1251/data.1251	16	257	low-gap	0.0342898832685	0.0622568093385	0.0466926070039	0.0350194552529	91	1.54945054945	1	3	0.0592369477912	0.143665158371
1253	train	data_pandit/aa/1253/data.1253	15	76	low-gap	0.000877192982456	0.0131578947368	0	0	1	1	1	1	0.0592369477912	0.143665158371
1254	train	data_pandit/aa/1254/data.1254	9	463	high-gap	0.155747540197	0.291576673866	0.198704103672	0.168466522678	178	3.64606741573	3	7	0.0592369477912	0.143665158371
1256	train	data_pandit/aa/1256/data.1256	12	72	low-gap	0.03125	0.0833333333333	0.0277777777778	0.0277777777778	23	1.17391304348	1	1	0.0592369477912	0.143665158371
1260	train	data_pandit/aa/1260/data.1260	16	138	mid-gap	0.105072463768	0.326086956522	0.123188405797	0.0869565217391	114	2.0350877193	2	3	0.0592369477912	0.143665158371
1261	train	data_pandit/aa/1261/data.1261	30	242	high-gap	0.256611570248	0.52479338843	0.396694214876	0.210743801653	274	6.79927007299	3	15	0.0592369477912	0.143665158371
1263	train	data_pandit/aa/1263/data.1263	10	62	low-gap	0.0161290322581	0.0645161290323	0.0161290322581	0.0161290322581	8	1.25	1	2	0.0592369477912	0.143665158371
1267	train	data_pandit/aa/1267/data.1267	5	111	mid-gap	0.0936936936937	0.144144144144	0.126126126126	0.0990990990991	18	2.88888888889	2	7	0.0592369477912	0.143665158371
1270	train	data_pandit/aa/1270/data.1270	11	119	low-gap	0.00916730328495	0.0336134453782	0.0168067226891	0	12	1	1	1	0.0592369477912	0.143665158371
1271	train	data_pandit/aa/1271/data.1271	40	95	high-gap	0.146578947368	0.410526315789	0.147368421053	0.115789473684	241	2.3112033195	2	4	0.0592369477912	0.143665158371
1275	train	data_pandit/aa/1275/data.1275	8	186	low-gap	0.0141129032258	0.0322580645161	0.0161290322581	0.0161290322581	19	1.10526315789	1	1	0.0592369477912	0.143665158371
1278	train	data_pandit/aa/1278/data.1278	11	86	mid-gap	0.0623678646934	0.209302325581	0.0581395348837	0.0581395348837	37	1.59459459459	1	2	0.0592369477912	0.143665158371
1281	train	data_pandit/aa/1281/data.1281	35	85	mid-gap	0.109579831933	0.223529411765	0.105882352941	0.105882352941	141	2.31205673759	2	4	0.0592369477912	0.143665158371
1282	train	data_pandit/aa/1282/data.1282	13	131	low-gap	0.0540223135643	0.106870229008	0.0610687022901	0.0610687022901	33	2.78787878788	3	4	0.0592369477912	0.143665158371
1283	train	data_pandit/aa/1283/data.1283	44	903	high-gap	0.287425752542	0.528239202658	0.380952380952	0.339977851606	1295	8.81853281853	2	18	0.0592369477912	0.143665158371
1285	train	data_pandit/aa/1285/data.1285	7	252	low-gap	0.0113378684807	0.0357142857143	0.0198412698413	0.00396825396825	11	1.81818181818	2	3	0.0592369477912	0.143665158371
1286	train	data_pandit/aa/1286/data.1286	7	145	low-gap	0	0	0	0	0	0	0	0	0.0592369477912	0.143665158371
1287	train	data_pandit/aa/1287/data.1287	14	237	high-gap	0.185352622061	0.316455696203	0.253164556962	0.232067510549	155	3.96774193548	2	12	0.0592369477912	0.143665158371
1290	train	data_pandit/aa/1290/data.1290	22	61	low-gap	0.0529061102832	0.0819672131148	0.0655737704918	0.0491803278689	41	1.73170731707	1	3	0.0592369477912	0.143665158371
1292	train	data_pandit/aa/1292/data.1292	6	310	low-gap	0.0586021505376	0.125806451613	0.0935483870968	0.0612903225806	56	1.94642857143	2	3	0.0592369477912	0.143665158371
1294	train	data_pandit/aa/1294/data.1294	31	66	mid-gap	0.0840664711632	0.19696969697	0.0909090909091	0.0909090909091	63	2.73015873016	1	5	0.0592369477912	0.143665158371
1298	train	data_pandit/aa/1298/data.1298	17	787	high-gap	0.187233724494	0.339263024142	0.238881829733	0.203303684879	230	10.8913043478	3	21	0.0592369477912	0.143665158371
1300	train	data_pandit/aa/1300/data.1300	155	274	high-gap	0.434071109018	0.857664233577	0.518248175182	0.448905109489	2406	7.66209476309	6	19	0.0592369477912	0.143665158371
1301	train	data_pandit/aa/1301/data.1301	11	233	high-gap	0.170893484198	0.240343347639	0.206008583691	0.19313304721	85	5.15294117647	3	12	0.0592369477912	0.143665158371
1303	train	data_pandit/aa/1303/data.1303	19	88	low-gap	0.00657894736842	0.0340909090909	0.0113636363636	0	10	1.1	1	1	0.0592369477912	0.143665158371
1304	train	data_pandit/aa/1304/data.1304	5	434	mid-gap	0.0723502304147	0.122119815668	0.0875576036866	0.0806451612903	60	2.61666666667	2	6	0.0592369477912	0.143665158371
1305	train	data_pandit/aa/1305/data.1305	7	228	mid-gap	0.0651629072682	0.144736842105	0.127192982456	0.0570175438596	39	2.66666666667	2	5	0.0592369477912	0.143665158371
1306	train	data_pandit/aa/1306/data.1306	4	265	low-gap	0.0235849056604	0.0452830188679	0.0452830188679	0.0377358490566	8	3.125	3	5	0.0592369477912	0.143665158371
1307	train	data_pandit/aa/1307/data.1307	5	102	low-gap	0	0	0	0	0	0	0	0	0.0592369477912	0.143665158371
1308	train	data_pandit/aa/1308/data.1308	5	56	low-gap	0.0107142857143	0.0178571428571	0.0178571428571	0.0178571428571	3	1	1	1	0.0592369477912	0.143665158371
1309	train	data_pandit/aa/1309/data.1309	21	238	mid-gap	0.100640256102	0.231092436975	0.121848739496	0.100840336134	166	3.03012048193	3	5	0.0592369477912	0.143665158371
1310	train	data_pandit/aa/1310/data.1310	46	162	high-gap	0.175925925926	0.425925925926	0.20987654321	0.166666666667	448	2.92633928571	2	7	0.0592369477912	0.143665158371
1312	train	data_pandit/aa/1312/data.1312	6	123	low-gap	0.0474254742547	0.0813008130081	0.0813008130081	0.0731707317073	23	1.52173913043	1	2	0.0592369477912	0.143665158371
1313	train	data_pandit/aa/1313/data.1313	22	61	mid-gap	0.0923994038748	0.213114754098	0.131147540984	0.131147540984	35	3.54285714286	3	5	0.0592369477912	0.143665158371
1314	train	data_pandit/aa/1314/data.1314	27	714	high-gap	0.439257184355	0.696078431373	0.56162464986	0.43837535014	459	18.4488017429	4	32	0.0592369477912	0.143665158371
1315	train	data_pandit/aa/1315/data.1315	14	340	high-gap	0.174159663866	0.305882352941	0.202941176471	0.2	192	4.31770833333	3	9	0.0592369477912	0.143665158371
1316	train	data_pandit/aa/1316/data.1316	6	91	low-gap	0.0347985347985	0.0549450549451	0.043956043956	0.043956043956	14	1.35714285714	1	2	0.0592369477912	0.143665158371
1318	train	data_pandit/aa/1318/data.1318	12	118	mid-gap	0.0607344632768	0.110169491525	0.0762711864407	0.0593220338983	33	2.60606060606	1	5	0.0592369477912	0.143665158371
1323	train	data_pandit/aa/1323/data.1323	11	63	mid-gap	0.0779220779221	0.0952380952381	0.0952380952381	0.0793650793651	14	3.85714285714	5	5	0.0592369477912	0.143665158371
1325	train	data_pandit/aa/1325/data.1325	88	159	high-gap	0.225843339051	0.729559748428	0.270440251572	0.220125786164	1026	3.07992202729	2	8	0.0592369477912	0.143665158371
1328	train	data_pandit/aa/1328/data.1328	35	196	high-gap	0.416326530612	0.688775510204	0.454081632653	0.397959183673	157	18.1910828025	23	31	0.0592369477912	0.143665158371
1329	train	data_pandit/aa/1329/data.1329	90	242	high-gap	0.542194674013	0.805785123967	0.570247933884	0.566115702479	696	16.966954023	6	60	0.0592369477912	0.143665158371
1330	train	data_pandit/aa/1330/data.1330	29	219	mid-gap	0.125964415053	0.228310502283	0.146118721461	0.127853881279	344	2.32558139535	1	5	0.0592369477912	0.143665158371
1331	train	data_pandit/aa/1331/data.1331	6	600	low-gap	0.00444444444444	0.01	0.00833333333333	0.00833333333333	7	2.28571428571	2	3	0.0592369477912	0.143665158371
1334	train	data_pandit/aa/1334/data.1334	15	199	mid-gap	0.109882747069	0.150753768844	0.125628140704	0.125628140704	92	3.5652173913	2	12	0.0592369477912	0.143665158371
1336	train	data_pandit/aa/1336/data.1336	12	442	high-gap	0.275641025641	0.398190045249	0.330316742081	0.319004524887	107	13.6635514019	4	11	0.0592369477912	0.143665158371
1337	train	data_pandit/aa/1337/data.1337	22	121	low-gap	0.0105184072126	0.0413223140496	0.0165289256198	0.00826446280992	23	1.21739130435	1	1	0.0592369477912	0.143665158371
1338	train	data_pandit/aa/1338/data.1338	49	165	high-gap	0.26889301175	0.448484848485	0.278787878788	0.278787878788	646	3.3653250774	2	8	0.0592369477912	0.143665158371
1339	train	data_pandit/aa/1339/data.1339	47	323	high-gap	0.213556419208	0.349845201238	0.284829721362	0.256965944272	598	5.42140468227	2.5	14	0.0592369477912	0.143665158371
1340	train	data_pandit/aa/1340/data.1340	12	227	mid-gap	0.0774596182085	0.233480176211	0.132158590308	0.0528634361233	97	2.17525773196	2	5	0.0592369477912	0.143665158371
1341	train	data_pandit/aa/1341/data.1341	25	671	high-gap	0.171028315946	0.292101341282	0.202682563338	0.178837555887	710	4.04084507042	3	8	0.0592369477912	0.143665158371
1345	train	data_pandit/aa/1345/data.1345	5	146	low-gap	0.0369863013699	0.143835616438	0.0342465753425	0.00684931506849	9	3	2	2	0.0592369477912	0.143665158371
1346	train	data_pandit/aa/1346/data.1346	96	141	high-gap	0.275561465721	0.58865248227	0.312056737589	0.283687943262	561	6.64884135472	5	19	0.0592369477912	0.143665158371
1347	train	data_pandit/aa/1347/data.1347	21	156	high-gap	0.193223443223	0.333333333333	0.211538461538	0.205128205128	186	3.40322580645	2.5	9	0.0592369477912	0.143665158371
1348	train	data_pandit/aa/1348/data.1348	10	113	low-gap	0.046017699115	0.0619469026549	0.0619469026549	0.0619469026549	9	5.77777777778	7	7	0.0592369477912	0.143665158371
1349	train	data_pandit/aa/1349/data.1349	52	167	high-gap	0.207277752188	0.437125748503	0.239520958084	0.215568862275	498	3.61445783133	3	9	0.0592369477912	0.143665158371
1352	train	data_pandit/aa/1352/data.1352	21	33	high-gap	0.357864357864	0.454545454545	0.424242424242	0.393939393939	56	4.42857142857	4	8	0.0592369477912	0.143665158371
1354	train	data_pandit/aa/1354/data.1354	37	64	mid-gap	0.122888513514	0.1875	0.140625	0.140625	73	3.98630136986	3	6	0.0592369477912	0.143665158371
1355	train	data_pandit/aa/1355/data.1355	46	581	high-gap	0.246314450348	0.500860585198	0.29604130809	0.246127366609	933	7.05573419078	4	17	0.0592369477912	0.143665158371
1358	train	data_pandit/aa/1358/data.1358	9	44	mid-gap	0.0606060606061	0.0909090909091	0.0909090909091	0.0681818181818	13	1.84615384615	2	3	0.0592369477912	0.143665158371
1360	train	data_pandit/aa/1360/data.1360	20	319	mid-gap	0.123040752351	0.213166144201	0.144200626959	0.122257053292	212	3.70283018868	2	8	0.0592369477912	0.143665158371
1361	train	data_pandit/aa/1361/data.1361	25	254	high-gap	0.230393700787	0.444881889764	0.291338582677	0.216535433071	252	5.80555555556	3	15	0.0592369477912	0.143665158371
1363	train	data_pandit/aa/1363/data.1363	38	486	high-gap	0.197964045917	0.444444444444	0.230452674897	0.199588477366	970	3.76907216495	3	9	0.0592369477912	0.143665158371
1364	train	data_pandit/aa/1364/data.1364	31	219	low-gap	0.0466931801444	0.155251141553	0.0684931506849	0.0228310502283	144	2.20138888889	2	4	0.0592369477912	0.143665158371
1365	train	data_pandit/aa/1365/data.1365	22	297	high-gap	0.363483318029	0.62962962963	0.400673400673	0.353535353535	179	13.2681564246	5	36	0.0592369477912	0.143665158371
1368	train	data_pandit/aa/1368/data.1368	24	96	high-gap	0.225694444444	0.604166666667	0.28125	0.177083333333	164	3.17073170732	3	5	0.0592369477912	0.143665158371
1369	train	data_pandit/aa/1369/data.1369	26	139	low-gap	0.0525733259546	0.129496402878	0.0791366906475	0.0431654676259	97	1.9587628866	2	3	0.0592369477912	0.143665158371
1370	train	data_pandit/aa/1370/data.1370	43	230	mid-gap	0.102628918099	0.252173913043	0.139130434783	0.108695652174	451	2.25055432373	2	5	0.0592369477912	0.143665158371
1371	train	data_pandit/aa/1371/data.1371	21	284	mid-gap	0.0672367538565	0.18661971831	0.0845070422535	0.0774647887324	79	5.07594936709	3	13	0.0592369477912	0.143665158371
1372	train	data_pandit/aa/1372/data.1372	73	288	high-gap	0.214231354642	0.524305555556	0.295138888889	0.21875	924	4.87445887446	4	11	0.0592369477912	0.143665158371
1374	train	data_pandit/aa/1374/data.1374	25	308	high-gap	0.241168831169	0.438311688312	0.266233766234	0.24025974026	326	5.6963190184	5	10	0.0592369477912	0.143665158371
1375	train	data_pandit/aa/1375/data.1375	13	190	high-gap	0.202429149798	0.352631578947	0.242105263158	0.221052631579	116	4.31034482759	4	7	0.0592369477912	0.143665158371
1376	train	data_pandit/aa/1376/data.1376	19	145	high-gap	0.523049001815	0.703448275862	0.593103448276	0.572413793103	114	12.6403508772	5	62	0.0592369477912	0.143665158371
1377	train	data_pandit/aa/1377/data.1377	20	291	high-gap	0.430240549828	0.567010309278	0.501718213058	0.498281786942	104	24.0769230769	2	119	0.0592369477912	0.143665158371
1380	train	data_pandit/aa/1380/data.1380	129	202	high-gap	0.445122419219	0.777227722772	0.485148514851	0.450495049505	3140	3.69394904459	3	8	0.0592369477912	0.143665158371
1382	train	data_pandit/aa/1382/data.1382	19	94	high-gap	0.173572228443	0.255319148936	0.234042553191	0.212765957447	54	5.74074074074	6	10	0.0592369477912	0.143665158371
1383	train	data_pandit/aa/1383/data.1383	6	213	high-gap	0.348982785603	0.600938967136	0.474178403756	0.403755868545	32	13.9375	5	46	0.0592369477912	0.143665158371
1384	train	data_pandit/aa/1384/data.1384	8	680	high-gap	0.151838235294	0.242647058824	0.198529411765	0.160294117647	183	4.51366120219	2	9	0.0592369477912	0.143665158371
1385	train	data_pandit/aa/1385/data.1385	15	250	mid-gap	0.0594666666667	0.152	0.072	0.06	73	3.05479452055	1	7	0.0592369477912	0.143665158371
1386	train	data_pandit/aa/1386/data.1386	22	356	high-gap	0.233784473953	0.522471910112	0.300561797753	0.230337078652	227	8.06607929515	3	22	0.0592369477912	0.143665158371
1388	train	data_pandit/aa/1388/data.1388	26	37	high-gap	0.196465696466	0.324324324324	0.27027027027	0.243243243243	81	2.33333333333	2	6	0.0592369477912	0.143665158371
1392	train	data_pandit/aa/1392/data.1392	16	86	mid-gap	0.0959302325581	0.290697674419	0.093023255814	0.093023255814	35	3.77142857143	3	7	0.0592369477912	0.143665158371
1393	train	data_pandit/aa/1393/data.1393	66	302	high-gap	0.513847080072	0.718543046358	0.64238410596	0.513245033113	620	16.5193548387	4	79	0.0592369477912	0.143665158371
1396	train	data_pandit/aa/1396/data.1396	9	212	low-gap	0.0398322851153	0.0754716981132	0.0471698113208	0.0424528301887	37	2.05405405405	2	5	0.0592369477912	0.143665158371
1397	train	data_pandit/aa/1397/data.1397	17	73	mid-gap	0.115229653505	0.205479452055	0.164383561644	0.0958904109589	49	2.91836734694	1	9	0.0592369477912	0.143665158371
1400	train	data_pandit/aa/1400/data.1400	9	442	low-gap	0.053544494721	0.14479638009	0.12443438914	0.0135746606335	35	6.08571428571	3	12	0.0592369477912	0.143665158371
1401	train	data_pandit/aa/1401/data.1401	25	129	mid-gap	0.0728682170543	0.279069767442	0.0697674418605	0.062015503876	101	2.32673267327	2	3	0.0592369477912	0.143665158371
1403	train	data_pandit/aa/1403/data.1403	75	159	high-gap	0.293081761006	0.566037735849	0.408805031447	0.295597484277	547	6.38939670932	5	16	0.0592369477912	0.143665158371
1404	train	data_pandit/aa/1404/data.1404	109	322	high-gap	0.654054362072	0.83850931677	0.680124223602	0.680124223602	1220	18.8163934426	7	34	0.0592369477912	0.143665158371
1409	train	data_pandit/aa/1409/data.1409	83	136	high-gap	0.331679659816	0.558823529412	0.389705882353	0.323529411765	690	5.42608695652	3	21	0.0592369477912	0.143665158371
1410	train	data_pandit/aa/1410/data.1410	59	66	mid-gap	0.0654853620955	0.257575757576	0.106060606061	0.0454545454545	67	3.80597014925	4	6	0.0592369477912	0.143665158371
1411	train	data_pandit/aa/1411/data.1411	30	116	high-gap	0.427586206897	0.577586206897	0.465517241379	0.456896551724	174	8.55172413793	1	43	0.0592369477912	0.143665158371
1412	train	data_pandit/aa/1412/data.1412	68	110	mid-gap	0.0903743315508	0.236363636364	0.0909090909091	0.0909090909091	176	3.84090909091	5	5	0.0592369477912	0.143665158371
1414	train	data_pandit/aa/1414/data.1414	59	184	high-gap	0.256724392041	0.603260869565	0.396739130435	0.217391304348	751	3.71105193076	2	8	0.0592369477912	0.143665158371
1416	train	data_pandit/aa/1416/data.1416	27	555	high-gap	0.256389723056	0.425225225225	0.317117117117	0.263063063063	397	9.67758186398	3	20	0.0592369477912	0.143665158371
1417	train	data_pandit/aa/1417/data.1417	6	117	mid-gap	0.0840455840456	0.136752136752	0.0940170940171	0.0940170940171	26	2.26923076923	2	4	0.0592369477912	0.143665158371
1418	train	data_pandit/aa/1418/data.1418	21	58	low-gap	0	0	0	0	0	0	0	0	0.0592369477912	0.143665158371
1419	train	data_pandit/aa/1419/data.1419	29	286	high-gap	0.295394260912	0.416083916084	0.321678321678	0.314685314685	296	8.27702702703	10	14	0.0592369477912	0.143665158371
1420	train	data_pandit/aa/1420/data.1420	21	461	high-gap	0.235099679785	0.41431670282	0.277657266811	0.251626898048	303	7.51155115512	2	22	0.0592369477912	0.143665158371
1421	train	data_pandit/aa/1421/data.1421	17	958	high-gap	0.228539850178	0.475991649269	0.32254697286	0.206680584551	443	8.40180586907	4	21	0.0592369477912	0.143665158371
1423	train	data_pandit/aa/1423/data.1423	10	104	mid-gap	0.1125	0.298076923077	0.288461538462	0.105769230769	15	7.8	7	22	0.0592369477912	0.143665158371
1424	train	data_pandit/aa/1424/data.1424	15	651	high-gap	0.176753712238	0.310291858679	0.230414746544	0.176651305684	328	5.26219512195	3	12	0.0592369477912	0.143665158371
1426	train	data_pandit/aa/1426/data.1426	70	436	high-gap	0.409174311927	0.678899082569	0.506880733945	0.449541284404	1032	12.1007751938	5	32	0.0592369477912	0.143665158371
1429	train	data_pandit/aa/1429/data.1429	16	436	high-gap	0.311639908257	0.518348623853	0.399082568807	0.334862385321	201	10.815920398	5	23	0.0592369477912	0.143665158371
1431	train	data_pandit/aa/1431/data.1431	8	201	low-gap	0.0348258706468	0.0646766169154	0.0547263681592	0.0398009950249	35	1.6	1	3	0.0592369477912	0.143665158371
1432	train	data_pandit/aa/1432/data.1432	27	311	high-gap	0.382874836251	0.565916398714	0.472668810289	0.440514469453	296	10.8614864865	2	37	0.0592369477912	0.143665158371
1433	train	data_pandit/aa/1433/data.1433	78	112	high-gap	0.41804029304	0.553571428571	0.491071428571	0.446428571429	601	6.0765391015	6	12	0.0592369477912	0.143665158371
1434	train	data_pandit/aa/1434/data.1434	17	162	mid-gap	0.0965867828613	0.216049382716	0.172839506173	0.0493827160494	77	3.45454545455	2	4	0.0592369477912	0.143665158371
1435	train	data_pandit/aa/1435/data.1435	59	225	high-gap	0.316534839925	0.693333333333	0.391111111111	0.315555555556	604	6.95695364238	6	17	0.0592369477912	0.143665158371
1438	train	data_pandit/aa/1438/data.1438	21	231	mid-gap	0.119356833643	0.21645021645	0.168831168831	0.121212121212	169	3.42603550296	2	8	0.0592369477912	0.143665158371
1441	train	data_pandit/aa/1441/data.1441	4	196	low-gap	0.00765306122449	0.0102040816327	0.0102040816327	0.0102040816327	6	1	1	1	0.0592369477912	0.143665158371
1442	train	data_pandit/aa/1442/data.1442	4	371	low-gap	0.0229110512129	0.0673854447439	0.0673854447439	0.0161725067385	22	1.54545454545	1	2	0.0592369477912	0.143665158371
1443	train	data_pandit/aa/1443/data.1443	18	211	high-gap	0.466561348078	0.729857819905	0.60663507109	0.545023696682	122	14.5245901639	9	36	0.0592369477912	0.143665158371
1444	train	data_pandit/aa/1444/data.1444	32	183	high-gap	0.294911202186	0.524590163934	0.387978142077	0.371584699454	251	6.88047808765	2	9	0.0592369477912	0.143665158371
1446	train	data_pandit/aa/1446/data.1446	110	300	high-gap	0.56103030303	0.773333333333	0.586666666667	0.586666666667	1646	11.247873633	4	32	0.0592369477912	0.143665158371
1448	train	data_pandit/aa/1448/data.1448	18	80	low-gap	0.0243055555556	0.0375	0.025	0.025	18	1.94444444444	2	2	0.0592369477912	0.143665158371
1450	train	data_pandit/aa/1450/data.1450	16	993	low-gap	0.043303121853	0.307150050352	0.0382678751259	0.0251762336354	266	2.58646616541	1	3	0.0592369477912	0.143665158371
1454	train	data_pandit/aa/1454/data.1454	16	32	low-gap	0.001953125	0.03125	0	0	1	1	1	1	0.0592369477912	0.143665158371
1455	train	data_pandit/aa/1455/data.1455	6	332	mid-gap	0.0737951807229	0.165662650602	0.111445783133	0.0753012048193	53	2.77358490566	2	4	0.0592369477912	0.143665158371
1456	train	data_pandit/aa/1456/data.1456	18	555	high-gap	0.187787787788	0.304504504505	0.241441441441	0.209009009009	366	5.12568306011	3	11	0.0592369477912	0.143665158371
1458	train	data_pandit/aa/1458/data.1458	13	381	mid-gap	0.140318998587	0.233595800525	0.170603674541	0.139107611549	99	7.0202020202	1	34	0.0592369477912	0.143665158371
1460	train	data_pandit/aa/1460/data.1460	15	392	high-gap	0.144217687075	0.216836734694	0.18112244898	0.147959183673	177	4.79096045198	4	11	0.0592369477912	0.143665158371
1461	train	data_pandit/aa/1461/data.1461	10	410	mid-gap	0.100487804878	0.217073170732	0.148780487805	0.112195121951	131	3.14503816794	2	6	0.0592369477912	0.143665158371
1462	train	data_pandit/aa/1462/data.1462	17	287	low-gap	0.0338184054109	0.0592334494774	0.0383275261324	0.0383275261324	63	2.61904761905	2	4	0.0592369477912	0.143665158371
1466	train	data_pandit/aa/1466/data.1466	6	76	low-gap	0.0175438596491	0.0526315789474	0.0131578947368	0.0131578947368	6	1.33333333333	1	1	0.0592369477912	0.143665158371
1468	train	data_pandit/aa/1468/data.1468	25	550	high-gap	0.401309090909	0.714545454545	0.509090909091	0.447272727273	344	16.0406976744	9	31	0.0592369477912	0.143665158371
1469	train	data_pandit/aa/1469/data.1469	78	347	high-gap	0.185989802705	0.276657060519	0.207492795389	0.195965417867	1025	4.9112195122	2	14	0.0592369477912	0.143665158371
1476	train	data_pandit/aa/1476/data.1476	10	101	low-gap	0.0138613861386	0.049504950495	0.019801980198	0.00990099009901	7	2	2	2	0.0592369477912	0.143665158371
1478	train	data_pandit/aa/1478/data.1478	68	191	high-gap	0.149137665537	0.335078534031	0.157068062827	0.146596858639	414	4.67874396135	2	10	0.0592369477912	0.143665158371
1479	train	data_pandit/aa/1479/data.1479	50	756	high-gap	0.66619047619	0.861111111111	0.739417989418	0.714285714286	1032	24.4011627907	10	76	0.0592369477912	0.143665158371
1482	train	data_pandit/aa/1482/data.1482	33	202	mid-gap	0.137413741374	0.316831683168	0.20297029703	0.133663366337	242	3.78512396694	2	8	0.0592369477912	0.143665158371
1484	train	data_pandit/aa/1484/data.1484	10	348	low-gap	0.00689655172414	0.0114942528736	0.0114942528736	0.0114942528736	12	2	2	2	0.0592369477912	0.143665158371
1485	train	data_pandit/aa/1485/data.1485	5	487	low-gap	0.00205338809035	0.0041067761807	0.00205338809035	0.00205338809035	5	1	1	1	0.0592369477912	0.143665158371
1486	train	data_pandit/aa/1486/data.1486	37	130	mid-gap	0.108731808732	0.284615384615	0.107692307692	0.1	244	2.14344262295	1	6	0.0592369477912	0.143665158371
1487	train	data_pandit/aa/1487/data.1487	10	60	low-gap	0.0466666666667	0.116666666667	0.0666666666667	0.0666666666667	17	1.64705882353	1	3	0.0592369477912	0.143665158371
1488	train	data_pandit/aa/1488/data.1488	17	352	high-gap	0.288770053476	0.409090909091	0.326704545455	0.309659090909	230	7.51304347826	5	19	0.0592369477912	0.143665158371
1489	train	data_pandit/aa/1489/data.1489	147	182	high-gap	0.246131419601	0.637362637363	0.252747252747	0.241758241758	2753	2.39193606974	2	4	0.0592369477912	0.143665158371
1491	train	data_pandit/aa/1491/data.1491	9	549	low-gap	0.0119409026513	0.0182149362477	0.0182149362477	0.0127504553734	25	2.36	3	3	0.0592369477912	0.143665158371
1492	train	data_pandit/aa/1492/data.1492	56	145	high-gap	0.217857142857	0.468965517241	0.28275862069	0.241379310345	359	4.92757660167	4	10	0.0592369477912	0.143665158371
1493	train	data_pandit/aa/1493/data.1493	88	261	high-gap	0.464298153953	0.655172413793	0.567049808429	0.513409961686	776	13.7422680412	5	45	0.0592369477912	0.143665158371
1494	train	data_pandit/aa/1494/data.1494	9	88	low-gap	0.020202020202	0.0454545454545	0.0454545454545	0.0113636363636	13	1.23076923077	1	2	0.0592369477912	0.143665158371
1497	train	data_pandit/aa/1497/data.1497	32	151	high-gap	0.177773178808	0.317880794702	0.225165562914	0.185430463576	226	3.80088495575	2	13	0.0592369477912	0.143665158371
1498	train	data_pandit/aa/1498/data.1498	15	863	low-gap	0.00811123986095	0.0382387022016	0.00579374275782	0.00463499420626	38	2.76315789474	1.5	5	0.0592369477912	0.143665158371
1499	train	data_pandit/aa/1499/data.1499	26	263	mid-gap	0.0665399239544	0.197718631179	0.0874524714829	0.0722433460076	165	2.75757575758	2	5	0.0592369477912	0.143665158371
1501	train	data_pandit/aa/1501/data.1501	17	177	mid-gap	0.0907278165503	0.231638418079	0.107344632768	0.0790960451977	113	2.41592920354	2	4	0.0592369477912	0.143665158371
1504	train	data_pandit/aa/1504/data.1504	46	180	high-gap	0.240942028986	0.527777777778	0.277777777778	0.25	459	4.34640522876	3	10	0.0592369477912	0.143665158371
1505	train	data_pandit/aa/1505/data.1505	20	166	low-gap	0.0518072289157	0.114457831325	0.0722891566265	0.0542168674699	46	3.73913043478	1.5	8	0.0592369477912	0.143665158371
1507	train	data_pandit/aa/1507/data.1507	64	68	high-gap	0.329733455882	0.573529411765	0.338235294118	0.338235294118	192	7.47395833333	6	12	0.0592369477912	0.143665158371
1508	train	data_pandit/aa/1508/data.1508	7	118	high-gap	0.238498789346	0.381355932203	0.322033898305	0.28813559322	51	3.86274509804	3	9	0.0592369477912	0.143665158371
1510	train	data_pandit/aa/1510/data.1510	8	505	low-gap	0.0116336633663	0.0455445544554	0.0178217821782	0.00792079207921	25	1.88	1	3	0.0592369477912	0.143665158371
1512	train	data_pandit/aa/1512/data.1512	11	245	mid-gap	0.0846011131725	0.159183673469	0.10612244898	0.0897959183673	64	3.5625	3	8	0.0592369477912	0.143665158371
1513	train	data_pandit/aa/1513/data.1513	16	142	mid-gap	0.102552816901	0.176056338028	0.12676056338	0.105633802817	67	3.4776119403	2	8	0.0592369477912	0.143665158371
1514	train	data_pandit/aa/1514/data.1514	92	746	high-gap	0.390896374869	0.687667560322	0.441018766756	0.399463806971	2549	10.5249117301	4	23	0.0592369477912	0.143665158371
1515	train	data_pandit/aa/1515/data.1515	32	372	mid-gap	0.117943548387	0.239247311828	0.137096774194	0.120967741935	320	4.3875	3	12	0.0592369477912	0.143665158371
1516	train	data_pandit/aa/1516/data.1516	111	234	high-gap	0.191422191422	0.508547008547	0.222222222222	0.15811965812	1085	4.58248847926	2	12	0.0592369477912	0.143665158371
1518	train	data_pandit/aa/1518/data.1518	14	131	mid-gap	0.062159214831	0.114503816794	0.0763358778626	0.0687022900763	55	2.07272727273	1	4	0.0592369477912	0.143665158371
1519	train	data_pandit/aa/1519/data.1519	16	248	mid-gap	0.134324596774	0.274193548387	0.177419354839	0.141129032258	161	3.31055900621	2	7	0.0592369477912	0.143665158371
1520	train	data_pandit/aa/1520/data.1520	13	47	low-gap	0.0294599018003	0.148936170213	0.063829787234	0	11	1.63636363636	2	2	0.0592369477912	0.143665158371
1521	train	data_pandit/aa/1521/data.1521	8	587	mid-gap	0.113926746167	0.211243611584	0.178875638842	0.139693356048	114	4.69298245614	4	9	0.0592369477912	0.143665158371
1522	train	data_pandit/aa/1522/data.1522	8	678	mid-gap	0.068215339233	0.116519174041	0.109144542773	0.101769911504	106	3.49056603774	2	10	0.0592369477912	0.143665158371
1523	train	data_pandit/aa/1523/data.1523	33	815	high-gap	0.328388176241	0.479754601227	0.369325153374	0.342331288344	1294	6.82534775889	4	15	0.0592369477912	0.143665158371
1524	train	data_pandit/aa/1524/data.1524	17	417	low-gap	0.0122725349132	0.0263788968825	0.0191846522782	0.0119904076739	60	1.45	1	2	0.0592369477912	0.143665158371
1525	train	data_pandit/aa/1525/data.1525	130	361	high-gap	0.183869593011	0.487534626039	0.202216066482	0.17728531856	3360	2.5681547619	2	5	0.0592369477912	0.143665158371
1528	train	data_pandit/aa/1528/data.1528	8	203	low-gap	0.0461822660099	0.0935960591133	0.064039408867	0.0443349753695	33	2.27272727273	2	4	0.0592369477912	0.143665158371
1530	train	data_pandit/aa/1530/data.1530	19	380	mid-gap	0.11703601108	0.255263157895	0.15	0.118421052632	272	3.10661764706	2	8	0.0592369477912	0.143665158371
1531	train	data_pandit/aa/1531/data.1531	5	377	low-gap	0.0450928381963	0.0769230769231	0.0503978779841	0.0503978779841	23	3.69565217391	1	13	0.0592369477912	0.143665158371
1532	train	data_pandit/aa/1532/data.1532	28	229	high-gap	0.218496568933	0.384279475983	0.266375545852	0.257641921397	299	4.6856187291	5	9	0.0592369477912	0.143665158371
1533	train	data_pandit/aa/1533/data.1533	22	156	low-gap	0.0498251748252	0.102564102564	0.0641025641026	0.0576923076923	95	1.8	1	3	0.0592369477912	0.143665158371
1534	train	data_pandit/aa/1534/data.1534	23	205	mid-gap	0.0916224814422	0.214634146341	0.0975609756098	0.0878048780488	187	2.31016042781	2	4	0.0592369477912	0.143665158371
1535	train	data_pandit/aa/1535/data.1535	6	216	low-gap	0.0432098765432	0.111111111111	0.0601851851852	0.0509259259259	18	3.11111111111	3	6	0.0592369477912	0.143665158371
1536	train	data_pandit/aa/1536/data.1536	10	425	high-gap	0.330823529412	0.496470588235	0.383529411765	0.343529411765	127	11.0708661417	4	39	0.0592369477912	0.143665158371
1537	train	data_pandit/aa/1537/data.1537	28	148	mid-gap	0.0653957528958	0.182432432432	0.0743243243243	0.0608108108108	137	1.97810218978	1	4	0.0592369477912	0.143665158371
1539	train	data_pandit/aa/1539/data.1539	7	200	high-gap	0.212857142857	0.46	0.285	0.23	32	9.3125	5.5	18	0.0592369477912	0.143665158371
1540	train	data_pandit/aa/1540/data.1540	7	359	mid-gap	0.0720254675686	0.172701949861	0.111420612813	0.0612813370474	41	4.41463414634	3	10	0.0592369477912	0.143665158371
1543	train	data_pandit/aa/1543/data.1543	17	172	mid-gap	0.0913132694938	0.186046511628	0.104651162791	0.0813953488372	79	3.37974683544	4	6	0.0592369477912	0.143665158371
1546	train	data_pandit/aa/1546/data.1546	9	112	low-gap	0.0218253968254	0.160714285714	0.00892857142857	0	7	3.14285714286	3	3	0.0592369477912	0.143665158371
1547	train	data_pandit/aa/1547/data.1547	12	349	low-gap	0.0370105062082	0.0888252148997	0.0515759312321	0.0372492836676	95	1.63157894737	1	3	0.0592369477912	0.143665158371
1550	train	data_pandit/aa/1550/data.1550	18	215	high-gap	0.221705426357	0.358139534884	0.260465116279	0.246511627907	203	4.22660098522	2	10	0.0592369477912	0.143665158371
1551	train	data_pandit/aa/1551/data.1551	5	230	low-gap	0.024347826087	0.0652173913043	0.0304347826087	0.0173913043478	17	1.64705882353	1	3	0.0592369477912	0.143665158371
1552	train	data_pandit/aa/1552/data.1552	278	750	high-gap	0.684206235012	0.924	0.712	0.682666666667	15254	9.35210436607	5	24	0.0592369477912	0.143665158371
1554	train	data_pandit/aa/1554/data.1554	14	92	low-gap	0.0124223602484	0.054347826087	0.0108695652174	0.0108695652174	14	1.14285714286	1	1	0.0592369477912	0.143665158371
1556	train	data_pandit/aa/1556/data.1556	18	144	mid-gap	0.136188271605	0.1875	0.138888888889	0.138888888889	76	4.64473684211	2	14	0.0592369477912	0.143665158371
1558	train	data_pandit/aa/1558/data.1558	30	297	mid-gap	0.119079685746	0.255892255892	0.181818181818	0.114478114478	176	6.02840909091	3.5	14	0.0592369477912	0.143665158371
1559	train	data_pandit/aa/1559/data.1559	15	170	low-gap	0.0454901960784	0.164705882353	0.0470588235294	0.0411764705882	32	3.625	2	5	0.0592369477912	0.143665158371
1565	train	data_pandit/aa/1565/data.1565	24	467	mid-gap	0.102962169879	0.229122055675	0.124197002141	0.0920770877944	306	3.77124183007	1	11	0.0592369477912	0.143665158371
1567	train	data_pandit/aa/1567/data.1567	15	333	mid-gap	0.0626626626627	0.177177177177	0.0900900900901	0.0510510510511	105	2.98095238095	3	6	0.0592369477912	0.143665158371
1569	train	data_pandit/aa/1569/data.1569	13	120	mid-gap	0.0833333333333	0.125	0.108333333333	0.0916666666667	54	2.40740740741	2	4	0.0592369477912	0.143665158371
1570	train	data_pandit/aa/1570/data.1570	80	372	high-gap	0.477553763441	0.798387096774	0.588709677419	0.483870967742	1248	11.3878205128	2	34	0.0592369477912	0.143665158371
1573	train	data_pandit/aa/1573/data.1573	8	105	low-gap	0.00119047619048	0.00952380952381	0	0	1	1	1	1	0.0592369477912	0.143665158371
1575	train	data_pandit/aa/1575/data.1575	20	130	mid-gap	0.131153846154	0.307692307692	0.176923076923	0.138461538462	88	3.875	3	7	0.0592369477912	0.143665158371
1576	train	data_pandit/aa/1576/data.1576	72	714	high-gap	0.491771708683	0.742296918768	0.591036414566	0.525210084034	2804	9.01604850214	6	21	0.0592369477912	0.143665158371
1579	train	data_pandit/aa/1579/data.1579	5	97	high-gap	0.179381443299	0.247422680412	0.216494845361	0.216494845361	26	3.34615384615	4	7	0.0592369477912	0.143665158371
1580	train	data_pandit/aa/1580/data.1580	7	55	low-gap	0	0	0	0	0	0	0	0	0.0592369477912	0.143665158371
1581	train	data_pandit/aa/1581/data.1581	14	72	low-gap	0.0486111111111	0.0694444444444	0.0555555555556	0.0555555555556	35	1.4	1	2	0.0592369477912	0.143665158371
1582	train	data_pandit/aa/1582/data.1582	4	172	mid-gap	0.0886627906977	0.174418604651	0.174418604651	0.116279069767	25	2.44	2	4	0.0592369477912	0.143665158371
1584	train	data_pandit/aa/1584/data.1584	14	237	mid-gap	0.0928270042194	0.20253164557	0.101265822785	0.0928270042194	77	4	1	17	0.0592369477912	0.143665158371
1585	train	data_pandit/aa/1585/data.1585	20	95	mid-gap	0.0952631578947	0.178947368421	0.105263157895	0.105263157895	25	7.24	10	10	0.0592369477912	0.143665158371
1586	train	data_pandit/aa/1586/data.1586	13	726	high-gap	0.307904216995	0.455922865014	0.400826446281	0.347107438017	214	13.5794392523	6	32	0.0592369477912	0.143665158371
1587	train	data_pandit/aa/1587/data.1587	16	292	high-gap	0.211258561644	0.380136986301	0.294520547945	0.256849315068	216	4.56944444444	2	14	0.0592369477912	0.143665158371
1588	train	data_pandit/aa/1588/data.1588	28	130	mid-gap	0.123901098901	0.207692307692	0.176923076923	0.146153846154	89	5.06741573034	1	18	0.0592369477912	0.143665158371
1590	train	data_pandit/aa/1590/data.1590	28	154	high-gap	0.205936920223	0.350649350649	0.253246753247	0.227272727273	176	5.04545454545	5	10	0.0592369477912	0.143665158371
1592	train	data_pandit/aa/1592/data.1592	10	227	mid-gap	0.0647577092511	0.0881057268722	0.0748898678414	0.0704845814978	26	5.65384615385	1	14	0.0592369477912	0.143665158371
1594	train	data_pandit/aa/1594/data.1594	14	123	high-gap	0.204413472706	0.373983739837	0.292682926829	0.19512195122	117	3.00854700855	2	7	0.0592369477912	0.143665158371
1595	train	data_pandit/aa/1595/data.1595	23	76	high-gap	0.267162471396	0.315789473684	0.315789473684	0.315789473684	115	4.06086956522	4	9	0.0592369477912	0.143665158371
1596	train	data_pandit/aa/1596/data.1596	9	491	mid-gap	0.0665308893415	0.107942973523	0.0835030549898	0.0672097759674	49	6	5	15	0.0592369477912	0.143665158371
1597	train	data_pandit/aa/1597/data.1597	18	148	mid-gap	0.138513513514	0.195945945946	0.175675675676	0.148648648649	95	3.88421052632	3	9	0.0592369477912	0.143665158371
1598	train	data_pandit/aa/1598/data.1598	13	408	mid-gap	0.143665158371	0.291666666667	0.205882352941	0.142156862745	209	3.64593301435	3	9	0.0592369477912	0.143665158371
1601	train	data_pandit/aa/1601/data.1601	9	170	mid-gap	0.0803921568627	0.2	0.0823529411765	0.0823529411765	35	3.51428571429	3	6	0.0592369477912	0.143665158371
1603	train	data_pandit/aa/1603/data.1603	7	522	high-gap	0.146688560482	0.289272030651	0.199233716475	0.139846743295	144	3.72222222222	2	11	0.0592369477912	0.143665158371
1605	train	data_pandit/aa/1605/data.1605	17	184	low-gap	0.0364450127877	0.146739130435	0.0326086956522	0.0326086956522	96	1.1875	1	1	0.0592369477912	0.143665158371
1606	train	data_pandit/aa/1606/data.1606	10	404	low-gap	0.0465346534653	0.0915841584158	0.0519801980198	0.0519801980198	81	2.32098765432	1	5	0.0592369477912	0.143665158371
1607	train	data_pandit/aa/1607/data.1607	60	472	high-gap	0.438912429379	0.889830508475	0.552966101695	0.472457627119	997	12.4674022066	3	39	0.0592369477912	0.143665158371
1610	train	data_pandit/aa/1610/data.1610	4	907	low-gap	0.00551267916207	0.00992282249173	0.00992282249173	0.00661521499449	10	2	1.5	3	0.0592369477912	0.143665158371
1612	train	data_pandit/aa/1612/data.1612	13	256	mid-gap	0.0778245192308	0.15625	0.109375	0.0703125	58	4.46551724138	3	9	0.0592369477912	0.143665158371
1613	train	data_pandit/aa/1613/data.1613	8	480	mid-gap	0.12421875	0.210416666667	0.152083333333	0.139583333333	145	3.28965517241	2	8	0.0592369477912	0.143665158371
1614	train	data_pandit/aa/1614/data.1614	9	69	mid-gap	0.0966183574879	0.188405797101	0.115942028986	0.115942028986	29	2.06896551724	2	3	0.0592369477912	0.143665158371
1615	train	data_pandit/aa/1615/data.1615	10	111	low-gap	0.00810810810811	0.00900900900901	0.00900900900901	0.00900900900901	9	1	1	1	0.0592369477912	0.143665158371
1617	train	data_pandit/aa/1617/data.1617	8	101	mid-gap	0.12004950495	0.247524752475	0.158415841584	0.118811881188	22	4.40909090909	4	6	0.0592369477912	0.143665158371
1621	train	data_pandit/aa/1621/data.1621	39	94	high-gap	0.17703218767	0.404255319149	0.234042553191	0.191489361702	129	5.03100775194	5	8	0.0592369477912	0.143665158371
1622	train	data_pandit/aa/1622/data.1622	12	285	mid-gap	0.109064327485	0.182456140351	0.122807017544	0.112280701754	102	3.6568627451	2	8	0.0592369477912	0.143665158371
1623	train	data_pandit/aa/1623/data.1623	8	247	low-gap	0.0242914979757	0.0607287449393	0.0526315789474	0.0080971659919	17	2.82352941176	2	8	0.0592369477912	0.143665158371
1624	train	data_pandit/aa/1624/data.1624	14	353	mid-gap	0.0936867664913	0.232294617564	0.127478753541	0.0821529745042	173	2.67630057803	2	6	0.0592369477912	0.143665158371
1625	train	data_pandit/aa/1625/data.1625	4	555	low-gap	0.0144144144144	0.0396396396396	0.0396396396396	0.0126126126126	20	1.6	1	4	0.0592369477912	0.143665158371
1626	train	data_pandit/aa/1626/data.1626	13	240	high-gap	0.164743589744	0.258333333333	0.229166666667	0.2125	132	3.89393939394	3	11	0.0592369477912	0.143665158371
1627	train	data_pandit/aa/1627/data.1627	11	36	low-gap	0.00252525252525	0.0277777777778	0	0	1	1	1	1	0.0592369477912	0.143665158371
1628	train	data_pandit/aa/1628/data.1628	14	88	mid-gap	0.11525974026	0.170454545455	0.136363636364	0.136363636364	58	2.44827586207	1	8	0.0592369477912	0.143665158371
1629	train	data_pandit/aa/1629/data.1629	7	203	high-gap	0.160450387051	0.394088669951	0.261083743842	0.128078817734	50	4.56	3	8	0.0592369477912	0.143665158371
1630	train	data_pandit/aa/1630/data.1630	14	147	low-gap	0.0272108843537	0.0680272108844	0.0340136054422	0.0340136054422	25	2.24	2	3	0.0592369477912	0.143665158371
1631	train	data_pandit/aa/1631/data.1631	12	211	mid-gap	0.118483412322	0.189573459716	0.161137440758	0.142180094787	94	3.1914893617	2	5	0.0592369477912	0.143665158371
1632	train	data_pandit/aa/1632/data.1632	9	65	low-gap	0.0017094017094	0.0153846153846	0	0	1	1	1	1	0.0592369477912	0.143665158371
1633	train	data_pandit/aa/1633/data.1633	14	86	low-gap	0.0556478405316	0.139534883721	0.093023255814	0.0697674418605	15	4.46666666667	3	9	0.0592369477912	0.143665158371
1634	train	data_pandit/aa/1634/data.1634	34	307	high-gap	0.383885801878	0.534201954397	0.42671009772	0.400651465798	299	13.4013377926	11	27	0.0592369477912	0.143665158371
1635	train	data_pandit/aa/1635/data.1635	19	214	high-gap	0.203885882932	0.341121495327	0.233644859813	0.214953271028	211	3.92890995261	3	9	0.0592369477912	0.143665158371
1636	train	data_pandit/aa/1636/data.1636	13	163	mid-gap	0.0618216139689	0.110429447853	0.0674846625767	0.0552147239264	24	5.45833333333	7	9	0.0592369477912	0.143665158371
1637	train	data_pandit/aa/1637/data.1637	7	377	low-gap	0.0545661235316	0.0901856763926	0.0689655172414	0.0636604774536	65	2.21538461538	2	3	0.0592369477912	0.143665158371
1638	train	data_pandit/aa/1638/data.1638	14	137	high-gap	0.306047966632	0.445255474453	0.416058394161	0.328467153285	56	10.4821428571	9	23	0.0592369477912	0.143665158371
1639	train	data_pandit/aa/1639/data.1639	8	345	mid-gap	0.11847826087	0.249275362319	0.188405797101	0.115942028986	89	3.67415730337	2	8	0.0592369477912	0.143665158371
1640	train	data_pandit/aa/1640/data.1640	56	355	high-gap	0.472736418511	0.743661971831	0.574647887324	0.504225352113	871	10.7898966705	6	35	0.0592369477912	0.143665158371
1641	train	data_pandit/aa/1641/data.1641	18	569	high-gap	0.157000585823	0.353251318102	0.177504393673	0.151142355009	503	3.19681908549	2	9	0.0592369477912	0.143665158371
1643	train	data_pandit/aa/1643/data.1643	9	59	low-gap	0	0	0	0	0	0	0	0	0.0592369477912	0.143665158371
1644	train	data_pandit/aa/1644/data.1644	18	280	high-gap	0.213293650794	0.417857142857	0.253571428571	0.232142857143	207	5.19323671498	3	11	0.0592369477912	0.143665158371
1647	train	data_pandit/aa/1647/data.1647	8	153	high-gap	0.168300653595	0.287581699346	0.235294117647	0.169934640523	59	3.49152542373	2	10	0.0592369477912	0.143665158371
1649	train	data_pandit/aa/1649/data.1649	23	190	high-gap	0.156064073227	0.289473684211	0.194736842105	0.168421052632	146	4.67123287671	3	10	0.0592369477912	0.143665158371
1651	train	data_pandit/aa/1651/data.1651	7	240	low-gap	0.0285714285714	0.05	0.0416666666667	0.0291666666667	25	1.92	1	3	0.0592369477912	0.143665158371
1653	train	data_pandit/aa/1653/data.1653	19	397	high-gap	0.175924698396	0.277078085642	0.214105793451	0.183879093199	306	4.33660130719	3	11	0.0592369477912	0.143665158371
1656	train	data_pandit/aa/1656/data.1656	27	145	mid-gap	0.111366538953	0.303448275862	0.131034482759	0.103448275862	151	2.88741721854	2	6	0.0592369477912	0.143665158371
1658	train	data_pandit/aa/1658/data.1658	7	318	mid-gap	0.0714285714286	0.125786163522	0.103773584906	0.0849056603774	64	2.484375	1	6	0.0592369477912	0.143665158371
1659	train	data_pandit/aa/1659/data.1659	19	44	mid-gap	0.11961722488	0.25	0.159090909091	0.136363636364	35	2.85714285714	2	5	0.0592369477912	0.143665158371
1660	train	data_pandit/aa/1660/data.1660	11	26	low-gap	0.020979020979	0.0769230769231	0.0384615384615	0	5	1.2	1	1	0.0592369477912	0.143665158371
1661	train	data_pandit/aa/1661/data.1661	23	287	high-gap	0.340251477049	0.634146341463	0.470383275261	0.306620209059	180	12.4777777778	5	34	0.0592369477912	0.143665158371
1662	train	data_pandit/aa/1662/data.1662	44	205	mid-gap	0.0987804878049	0.229268292683	0.131707317073	0.0926829268293	374	2.38235294118	2	4	0.0592369477912	0.143665158371
1663	train	data_pandit/aa/1663/data.1663	63	628	high-gap	0.45584369629	0.765923566879	0.56050955414	0.477707006369	1158	15.5742659758	13	40	0.0592369477912	0.143665158371
1664	train	data_pandit/aa/1664/data.1664	18	225	high-gap	0.154814814815	0.253333333333	0.195555555556	0.173333333333	105	5.97142857143	3	19	0.0592369477912	0.143665158371
1665	train	data_pandit/aa/1665/data.1665	42	202	high-gap	0.438118811881	0.717821782178	0.485148514851	0.445544554455	465	7.9935483871	2	12	0.0592369477912	0.143665158371
1666	train	data_pandit/aa/1666/data.1666	115	494	high-gap	0.37525083612	0.696356275304	0.402834008097	0.372469635628	4276	4.98550046773	2	10	0.0592369477912	0.143665158371
1667	train	data_pandit/aa/1667/data.1667	17	235	high-gap	0.158448060075	0.263829787234	0.187234042553	0.16170212766	146	4.33561643836	2	14	0.0592369477912	0.143665158371
1668	train	data_pandit/aa/1668/data.1668	14	626	mid-gap	0.119922409859	0.217252396166	0.158146964856	0.138977635783	215	4.88837209302	3	11	0.0592369477912	0.143665158371
1669	train	data_pandit/aa/1669/data.1669	65	245	high-gap	0.406907378336	0.722448979592	0.461224489796	0.428571428571	699	9.27038626609	6	25	0.0592369477912	0.143665158371
1671	train	data_pandit/aa/1671/data.1671	4	453	low-gap	0.0286975717439	0.0662251655629	0.0662251655629	0.0397350993377	18	2.88888888889	2	7	0.0592369477912	0.143665158371
1672	train	data_pandit/aa/1672/data.1672	6	258	mid-gap	0.106589147287	0.158914728682	0.158914728682	0.158914728682	24	6.875	7	11	0.0592369477912	0.143665158371
1673	train	data_pandit/aa/1673/data.1673	6	276	mid-gap	0.0628019323671	0.115942028986	0.101449275362	0.0905797101449	38	2.73684210526	2	4	0.0592369477912	0.143665158371
1674	train	data_pandit/aa/1674/data.1674	17	147	mid-gap	0.111244497799	0.190476190476	0.142857142857	0.122448979592	48	5.79166666667	7	11	0.0592369477912	0.143665158371
1675	train	data_pandit/aa/1675/data.1675	6	422	mid-gap	0.0691153238547	0.222748815166	0.0687203791469	0.0545023696682	47	3.72340425532	2	7	0.0592369477912	0.143665158371
1676	train	data_pandit/aa/1676/data.1676	14	669	high-gap	0.278774289985	0.403587443946	0.334828101644	0.315396113602	314	8.3152866242	3	28	0.0592369477912	0.143665158371
1678	train	data_pandit/aa/1678/data.1678	16	235	mid-gap	0.103723404255	0.178723404255	0.131914893617	0.106382978723	157	2.48407643312	2	6	0.0592369477912	0.143665158371
1680	train	data_pandit/aa/1680/data.1680	5	117	low-gap	0.0222222222222	0.042735042735	0.025641025641	0.025641025641	12	1.08333333333	1	1	0.0592369477912	0.143665158371
1681	train	data_pandit/aa/1681/data.1681	7	88	low-gap	0.0357142857143	0.0681818181818	0.0454545454545	0.0454545454545	8	2.75	3	4	0.0592369477912	0.143665158371
1683	train	data_pandit/aa/1683/data.1683	6	40	low-gap	0.00416666666667	0.025	0	0	1	1	1	1	0.0592369477912	0.143665158371
1684	train	data_pandit/aa/1684/data.1684	9	91	low-gap	0.010989010989	0.021978021978	0.010989010989	0.010989010989	9	1	1	1	0.0592369477912	0.143665158371
1686	train	data_pandit/aa/1686/data.1686	41	95	mid-gap	0.114505776637	0.252631578947	0.157894736842	0.105263157895	103	4.33009708738	2	10	0.0592369477912	0.143665158371
1687	train	data_pandit/aa/1687/data.1687	59	59	low-gap	0.0574547543809	0.203389830508	0.0508474576271	0.0508474576271	133	1.5037593985	2	2	0.0592369477912	0.143665158371
1689	train	data_pandit/aa/1689/data.1689	11	204	mid-gap	0.0770944741533	0.21568627451	0.102941176471	0.0735294117647	60	2.88333333333	2	9	0.0592369477912	0.143665158371
1690	train	data_pandit/aa/1690/data.1690	13	359	high-gap	0.191772016285	0.281337047354	0.233983286908	0.214484679666	140	6.39285714286	4	15	0.0592369477912	0.143665158371
1692	train	data_pandit/aa/1692/data.1692	8	42	low-gap	0.0565476190476	0.0714285714286	0.0714285714286	0.0714285714286	7	2.71428571429	3	3	0.0592369477912	0.143665158371
1693	train	data_pandit/aa/1693/data.1693	9	227	mid-gap	0.115026921194	0.242290748899	0.118942731278	0.105726872247	74	3.17567567568	3	8	0.0592369477912	0.143665158371
1695	train	data_pandit/aa/1695/data.1695	22	329	high-gap	0.33020171318	0.495440729483	0.428571428571	0.382978723404	356	6.71348314607	5	11	0.0592369477912	0.143665158371
1696	train	data_pandit/aa/1696/data.1696	16	450	high-gap	0.204027777778	0.324444444444	0.253333333333	0.228888888889	196	7.49489795918	5	21	0.0592369477912	0.143665158371
1698	train	data_pandit/aa/1698/data.1698	16	368	high-gap	0.164232336957	0.285326086957	0.201086956522	0.157608695652	219	4.41552511416	3	11	0.0592369477912	0.143665158371
1699	train	data_pandit/aa/1699/data.1699	54	164	high-gap	0.274390243902	0.664634146341	0.286585365854	0.262195121951	803	3.02615193026	2	7	0.0592369477912	0.143665158371
1700	train	data_pandit/aa/1700/data.1700	10	128	high-gap	0.1828125	0.3828125	0.1875	0.1875	33	7.09090909091	3	19	0.0592369477912	0.143665158371
1703	train	data_pandit/aa/1703/data.1703	5	285	mid-gap	0.101052631579	0.175438596491	0.143859649123	0.115789473684	45	3.2	2	6	0.0592369477912	0.143665158371
1705	train	data_pandit/aa/1705/data.1705	5	452	high-gap	0.143805309735	0.214601769912	0.181415929204	0.163716814159	67	4.85074626866	2	13	0.0592369477912	0.143665158371
1706	train	data_pandit/aa/1706/data.1706	21	1012	high-gap	0.262845849802	0.455533596838	0.333003952569	0.272727272727	886	6.30474040632	4	15	0.0592369477912	0.143665158371
1709	train	data_pandit/aa/1709/data.1709	20	100	low-gap	0.0195	0.04	0.02	0.02	39	1	1	1	0.0592369477912	0.143665158371
1710	train	data_pandit/aa/1710/data.1710	9	375	mid-gap	0.143407407407	0.242666666667	0.213333333333	0.165333333333	106	4.56603773585	2	10	0.0592369477912	0.143665158371
1711	train	data_pandit/aa/1711/data.1711	15	68	low-gap	0.00196078431373	0.0294117647059	0	0	2	1	1	1	0.0592369477912	0.143665158371
1712	train	data_pandit/aa/1712/data.1712	22	253	high-gap	0.245418613008	0.387351778656	0.264822134387	0.241106719368	156	8.75641025641	4	26	0.0592369477912	0.143665158371
1713	train	data_pandit/aa/1713/data.1713	25	243	high-gap	0.248888888889	0.514403292181	0.279835390947	0.251028806584	267	5.66292134831	2	11	0.0592369477912	0.143665158371
1720	train	data_pandit/aa/1720/data.1720	5	133	low-gap	0.0270676691729	0.0526315789474	0.0451127819549	0.0300751879699	10	1.8	1	4	0.0592369477912	0.143665158371
1721	train	data_pandit/aa/1721/data.1721	18	145	high-gap	0.165900383142	0.462068965517	0.248275862069	0.0965517241379	49	8.83673469388	4	18	0.0592369477912	0.143665158371
1723	train	data_pandit/aa/1723/data.1723	42	110	high-gap	0.262121212121	0.472727272727	0.3	0.245454545455	365	3.31780821918	2	13	0.0592369477912	0.143665158371
1724	train	data_pandit/aa/1724/data.1724	21	263	high-gap	0.213652000724	0.528517110266	0.25855513308	0.178707224335	176	6.70454545455	3	23	0.0592369477912	0.143665158371
1725	train	data_pandit/aa/1725/data.1725	22	296	mid-gap	0.106572481572	0.47972972973	0.10472972973	0.0945945945946	249	2.78714859438	2	4	0.0592369477912	0.143665158371
1726	train	data_pandit/aa/1726/data.1726	19	61	high-gap	0.149266609146	0.196721311475	0.196721311475	0.16393442623	50	3.46	1	10	0.0592369477912	0.143665158371
1728	train	data_pandit/aa/1728/data.1728	114	216	high-gap	0.316073749188	0.722222222222	0.333333333333	0.328703703704	1925	4.04311688312	2	8	0.0592369477912	0.143665158371
1729	train	data_pandit/aa/1729/data.1729	4	228	mid-gap	0.094298245614	0.171052631579	0.171052631579	0.109649122807	16	5.375	2	14	0.0592369477912	0.143665158371
1732	train	data_pandit/aa/1732/data.1732	15	155	mid-gap	0.112258064516	0.341935483871	0.148387096774	0.0967741935484	97	2.69072164948	2	6	0.0592369477912	0.143665158371
1737	train	data_pandit/aa/1737/data.1737	38	320	high-gap	0.323519736842	0.5625	0.33125	0.33125	541	7.27171903882	4	17	0.0592369477912	0.143665158371
1739	train	data_pandit/aa/1739/data.1739	9	127	mid-gap	0.0857392825897	0.220472440945	0.141732283465	0.0629921259843	20	4.9	2	14	0.0592369477912	0.143665158371
1752	train	data_pandit/aa/1752/data.1752	19	274	high-gap	0.295044179793	0.368613138686	0.317518248175	0.310218978102	165	9.30909090909	6	34	0.0592369477912	0.143665158371
1754	train	data_pandit/aa/1754/data.1754	29	429	high-gap	0.446748653645	0.687645687646	0.538461538462	0.508158508159	360	15.4388888889	7	28	0.0592369477912	0.143665158371
1757	train	data_pandit/aa/1757/data.1757	6	380	mid-gap	0.0697368421053	0.128947368421	0.0894736842105	0.0868421052632	53	3	1	6	0.0592369477912	0.143665158371
1759	train	data_pandit/aa/1759/data.1759	5	224	mid-gap	0.122321428571	0.254464285714	0.169642857143	0.116071428571	38	3.60526315789	1.5	6	0.0592369477912	0.143665158371
1760	train	data_pandit/aa/1760/data.1760	4	182	low-gap	0.0508241758242	0.0934065934066	0.0934065934066	0.0714285714286	12	3.08333333333	2	2	0.0592369477912	0.143665158371
1761	train	data_pandit/aa/1761/data.1761	9	224	low-gap	0.046626984127	0.116071428571	0.0669642857143	0.0446428571429	30	3.13333333333	2	8	0.0592369477912	0.143665158371
1762	train	data_pandit/aa/1762/data.1762	10	349	mid-gap	0.127507163324	0.260744985673	0.151862464183	0.131805157593	149	2.98657718121	2	6	0.0592369477912	0.143665158371
1763	train	data_pandit/aa/1763/data.1763	8	344	mid-gap	0.0897529069767	0.136627906977	0.113372093023	0.0988372093023	50	4.94	2	21	0.0592369477912	0.143665158371
1765	train	data_pandit/aa/1765/data.1765	22	492	high-gap	0.421286031042	0.609756097561	0.50406504065	0.457317073171	289	15.7785467128	5	66	0.0592369477912	0.143665158371
1766	train	data_pandit/aa/1766/data.1766	17	136	high-gap	0.300173010381	0.397058823529	0.352941176471	0.316176470588	107	6.48598130841	3	24	0.0592369477912	0.143665158371
1767	train	data_pandit/aa/1767/data.1767	6	192	low-gap	0.0434027777778	0.0833333333333	0.0572916666667	0.046875	24	2.08333333333	2	3	0.0592369477912	0.143665158371
1770	train	data_pandit/aa/1770/data.1770	12	333	high-gap	0.192192192192	0.336336336336	0.291291291291	0.198198198198	145	5.29655172414	2	17	0.0592369477912	0.143665158371
1771	train	data_pandit/aa/1771/data.1771	11	347	high-gap	0.19151165837	0.311239193084	0.262247838617	0.207492795389	138	5.29710144928	3	7	0.0592369477912	0.143665158371
1773	train	data_pandit/aa/1773/data.1773	5	150	mid-gap	0.08	0.206666666667	0.106666666667	0.0666666666667	24	2.5	2	5	0.0592369477912	0.143665158371
1775	train	data_pandit/aa/1775/data.1775	18	134	high-gap	0.269900497512	0.507462686567	0.350746268657	0.335820895522	73	8.91780821918	4	20	0.0592369477912	0.143665158371
1776	train	data_pandit/aa/1776/data.1776	8	178	high-gap	0.148876404494	0.230337078652	0.191011235955	0.185393258427	56	3.78571428571	3	6	0.0592369477912	0.143665158371
1777	train	data_pandit/aa/1777/data.1777	42	116	mid-gap	0.102216748768	0.284482758621	0.120689655172	0.0948275862069	178	2.79775280899	2	5	0.0592369477912	0.143665158371
1779	train	data_pandit/aa/1779/data.1779	6	251	mid-gap	0.0823373173971	0.139442231076	0.127490039841	0.115537848606	48	2.58333333333	2	7	0.0592369477912	0.143665158371
1781	train	data_pandit/aa/1781/data.1781	4	140	low-gap	0.0571428571429	0.135714285714	0.135714285714	0.05	17	1.88235294118	2	3	0.0592369477912	0.143665158371
1785	train	data_pandit/aa/1785/data.1785	6	296	mid-gap	0.0878378378378	0.195945945946	0.141891891892	0.0912162162162	38	4.10526315789	3.5	7	0.0592369477912	0.143665158371
1790	train	data_pandit/aa/1790/data.1790	66	98	mid-gap	0.112863327149	0.316326530612	0.122448979592	0.102040816327	232	3.14655172414	3	7	0.0592369477912	0.143665158371
1792	train	data_pandit/aa/1792/data.1792	5	116	mid-gap	0.0896551724138	0.155172413793	0.137931034483	0.0862068965517	22	2.36363636364	2	3	0.0592369477912	0.143665158371
1793	train	data_pandit/aa/1793/data.1793	13	152	high-gap	0.297064777328	0.447368421053	0.342105263158	0.315789473684	75	7.82666666667	6	19	0.0592369477912	0.143665158371
1794	train	data_pandit/aa/1794/data.1794	5	379	mid-gap	0.101319261214	0.203166226913	0.142480211082	0.0923482849604	53	3.62264150943	2	7	0.0592369477912	0.143665158371
1795	train	data_pandit/aa/1795/data.1795	7	257	mid-gap	0.135630906059	0.214007782101	0.171206225681	0.143968871595	36	6.77777777778	5	15	0.0592369477912	0.143665158371
1797	train	data_pandit/aa/1797/data.1797	44	345	high-gap	0.316469038208	0.591304347826	0.368115942029	0.344927536232	612	7.84967320261	2	23	0.0592369477912	0.143665158371
1799	train	data_pandit/aa/1799/data.1799	26	109	low-gap	0.0416372618207	0.165137614679	0.0550458715596	0.045871559633	38	3.10526315789	2	5	0.0592369477912	0.143665158371
1802	train	data_pandit/aa/1802/data.1802	122	155	high-gap	0.363881544157	0.722580645161	0.425806451613	0.393548387097	779	8.83311938383	5	28	0.0592369477912	0.143665158371
1805	train	data_pandit/aa/1805/data.1805	9	209	low-gap	0.0388091440723	0.0717703349282	0.0478468899522	0.0430622009569	54	1.35185185185	1	2	0.0592369477912	0.143665158371
1806	train	data_pandit/aa/1806/data.1806	9	157	mid-gap	0.0750176928521	0.0955414012739	0.0828025477707	0.0828025477707	42	2.52380952381	2	5	0.0592369477912	0.143665158371
1807	train	data_pandit/aa/1807/data.1807	12	214	mid-gap	0.0646417445483	0.121495327103	0.0981308411215	0.0514018691589	39	4.25641025641	4	7	0.0592369477912	0.143665158371
1808	train	data_pandit/aa/1808/data.1808	113	613	high-gap	0.623063708152	0.812398042414	0.716150081566	0.649265905383	2292	18.8302792321	6	40	0.0592369477912	0.143665158371
1810	train	data_pandit/aa/1810/data.1810	19	348	high-gap	0.397156684815	0.540229885057	0.471264367816	0.41091954023	167	15.7245508982	8	41	0.0592369477912	0.143665158371
1811	train	data_pandit/aa/1811/data.1811	32	79	mid-gap	0.0957278481013	0.20253164557	0.126582278481	0.0886075949367	83	2.9156626506	2	6	0.0592369477912	0.143665158371
1813	train	data_pandit/aa/1813/data.1813	8	566	mid-gap	0.0885600706714	0.180212014134	0.120141342756	0.0971731448763	117	3.42735042735	2	9	0.0592369477912	0.143665158371
1815	train	data_pandit/aa/1815/data.1815	38	210	high-gap	0.208521303258	0.333333333333	0.228571428571	0.209523809524	523	3.18164435946	3	6	0.0592369477912	0.143665158371
1816	train	data_pandit/aa/1816/data.1816	12	380	low-gap	0.0550438596491	0.121052631579	0.0842105263158	0.0552631578947	80	3.1375	2	6	0.0592369477912	0.143665158371
1817	train	data_pandit/aa/1817/data.1817	32	333	high-gap	0.243149399399	0.429429429429	0.345345345345	0.237237237237	202	12.8267326733	9.5	26	0.0592369477912	0.143665158371
1819	train	data_pandit/aa/1819/data.1819	4	159	low-gap	0.0487421383648	0.11320754717	0.11320754717	0.0503144654088	16	1.9375	1.5	3	0.0592369477912	0.143665158371
1820	train	data_pandit/aa/1820/data.1820	59	300	high-gap	0.402485875706	0.793333333333	0.493333333333	0.383333333333	827	8.61426844015	5	22	0.0592369477912	0.143665158371
1821	train	data_pandit/aa/1821/data.1821	13	77	low-gap	0	0	0	0	0	0	0	0	0.0592369477912	0.143665158371
1822	train	data_pandit/aa/1822/data.1822	6	86	low-gap	0.0232558139535	0.046511627907	0.0348837209302	0.0232558139535	12	1	1	1	0.0592369477912	0.143665158371
1824	train	data_pandit/aa/1824/data.1824	44	102	mid-gap	0.123440285205	0.549019607843	0.245098039216	0.0196078431373	51	10.862745098	2	25	0.0592369477912	0.143665158371
1825	train	data_pandit/aa/1825/data.1825	10	397	mid-gap	0.141309823678	0.309823677582	0.2040302267	0.158690176322	147	3.81632653061	2	6	0.0592369477912	0.143665158371
1827	train	data_pandit/aa/1827/data.1827	16	448	high-gap	0.212193080357	0.491071428571	0.381696428571	0.142857142857	221	6.88235294118	4	16	0.0592369477912	0.143665158371
1828	train	data_pandit/aa/1828/data.1828	35	84	high-gap	0.260544217687	0.5	0.297619047619	0.285714285714	164	4.67073170732	3	12	0.0592369477912	0.143665158371
1829	train	data_pandit/aa/1829/data.1829	4	234	low-gap	0.0277777777778	0.0683760683761	0.0683760683761	0.0299145299145	14	1.85714285714	1	4	0.0592369477912	0.143665158371
1830	train	data_pandit/aa/1830/data.1830	5	250	mid-gap	0.06	0.116	0.092	0.052	33	2.27272727273	2	3	0.0592369477912	0.143665158371
1831	train	data_pandit/aa/1831/data.1831	17	433	mid-gap	0.0796087488113	0.187066974596	0.0854503464203	0.080831408776	172	3.40697674419	2	7	0.0592369477912	0.143665158371
1832	train	data_pandit/aa/1832/data.1832	31	324	high-gap	0.151234567901	0.25	0.175925925926	0.157407407407	324	4.68827160494	2	11	0.0592369477912	0.143665158371
1833	train	data_pandit/aa/1833/data.1833	6	193	mid-gap	0.108808290155	0.212435233161	0.150259067358	0.113989637306	28	4.5	2.5	12	0.0592369477912	0.143665158371
1836	train	data_pandit/aa/1836/data.1836	9	105	mid-gap	0.0624338624339	0.0952380952381	0.0666666666667	0.0666666666667	18	3.27777777778	2.5	5	0.0592369477912	0.143665158371
1837	train	data_pandit/aa/1837/data.1837	4	188	low-gap	0.0279255319149	0.0744680851064	0.0744680851064	0.0372340425532	14	1.5	1	2	0.0592369477912	0.143665158371
1838	train	data_pandit/aa/1838/data.1838	5	370	low-gap	0.0108108108108	0.0189189189189	0.0162162162162	0.0162162162162	8	2.5	1	5	0.0592369477912	0.143665158371
1840	train	data_pandit/aa/1840/data.1840	4	137	mid-gap	0.0602189781022	0.0948905109489	0.0948905109489	0.0802919708029	12	2.75	2.5	5	0.0592369477912	0.143665158371
1841	train	data_pandit/aa/1841/data.1841	13	65	mid-gap	0.0804733727811	0.2	0.107692307692	0.0615384615385	33	2.06060606061	2	4	0.0592369477912	0.143665158371
1842	train	data_pandit/aa/1842/data.1842	23	242	high-gap	0.234099892203	0.409090909091	0.289256198347	0.252066115702	208	6.26442307692	5	11	0.0592369477912	0.143665158371
1843	train	data_pandit/aa/1843/data.1843	4	214	mid-gap	0.107476635514	0.205607476636	0.205607476636	0.14953271028	21	4.38095238095	3	11	0.0592369477912	0.143665158371
1847	train	data_pandit/aa/1847/data.1847	15	433	mid-gap	0.112702078522	0.205542725173	0.147806004619	0.113163972286	244	3	2	6	0.0592369477912	0.143665158371
1850	train	data_pandit/aa/1850/data.1850	44	221	high-gap	0.327025915261	0.556561085973	0.389140271493	0.366515837104	456	6.97368421053	6	13	0.0592369477912	0.143665158371
1851	train	data_pandit/aa/1851/data.1851	162	217	high-gap	0.470899470899	0.815668202765	0.585253456221	0.497695852535	817	20.2619339045	17	48	0.0592369477912	0.143665158371
1856	train	data_pandit/aa/1856/data.1856	4	289	low-gap	0.0138408304498	0.0276816608997	0.0276816608997	0.0207612456747	11	1.45454545455	1	3	0.0592369477912	0.143665158371
1857	train	data_pandit/aa/1857/data.1857	23	183	mid-gap	0.136849607983	0.453551912568	0.158469945355	0.125683060109	185	3.11351351351	2	6	0.0592369477912	0.143665158371
1859	train	data_pandit/aa/1859/data.1859	12	213	mid-gap	0.0993740219092	0.192488262911	0.150234741784	0.112676056338	89	2.85393258427	2	6	0.0592369477912	0.143665158371
1861	train	data_pandit/aa/1861/data.1861	15	464	mid-gap	0.121120689655	0.239224137931	0.157327586207	0.120689655172	297	2.83838383838	2	6	0.0592369477912	0.143665158371
1862	train	data_pandit/aa/1862/data.1862	55	149	high-gap	0.302135448444	0.48322147651	0.355704697987	0.308724832215	320	7.7375	3	28	0.0592369477912	0.143665158371
1864	train	data_pandit/aa/1864/data.1864	8	130	mid-gap	0.0817307692308	0.146153846154	0.107692307692	0.107692307692	31	2.74193548387	3	4	0.0592369477912	0.143665158371
1865	train	data_pandit/aa/1865/data.1865	9	100	mid-gap	0.0877777777778	0.24	0.09	0.08	23	3.4347826087	2	6	0.0592369477912	0.143665158371
1866	train	data_pandit/aa/1866/data.1866	4	124	low-gap	0.0362903225806	0.0967741935484	0.0967741935484	0.0403225806452	9	2	2	3	0.0592369477912	0.143665158371
1868	train	data_pandit/aa/1868/data.1868	6	111	low-gap	0.0555555555556	0.0990990990991	0.0900900900901	0.0720720720721	8	4.625	4	7	0.0592369477912	0.143665158371
1869	train	data_pandit/aa/1869/data.1869	58	96	mid-gap	0.117097701149	0.25	0.135416666667	0.114583333333	234	2.78632478632	3	4	0.0592369477912	0.143665158371
1870	train	data_pandit/aa/1870/data.1870	4	99	low-gap	0.0429292929293	0.10101010101	0.10101010101	0.040404040404	10	1.7	1	3	0.0592369477912	0.143665158371
1872	train	data_pandit/aa/1872/data.1872	37	235	high-gap	0.195054629097	0.459574468085	0.323404255319	0.123404255319	366	4.63387978142	1	6	0.0592369477912	0.143665158371
1873	train	data_pandit/aa/1873/data.1873	4	131	low-gap	0.0171755725191	0.0458015267176	0.0458015267176	0.0229007633588	5	1.8	1	3	0.0592369477912	0.143665158371
1874	train	data_pandit/aa/1874/data.1874	14	121	high-gap	0.201889020071	0.289256198347	0.256198347107	0.231404958678	56	6.10714285714	4	18	0.0592369477912	0.143665158371
1875	train	data_pandit/aa/1875/data.1875	18	221	mid-gap	0.113122171946	0.248868778281	0.140271493213	0.10407239819	80	5.625	1	19	0.0592369477912	0.143665158371
1876	train	data_pandit/aa/1876/data.1876	14	362	mid-gap	0.0854380426204	0.21270718232	0.104972375691	0.0773480662983	140	3.09285714286	2	7	0.0592369477912	0.143665158371
1877	train	data_pandit/aa/1877/data.1877	4	281	low-gap	0.017793594306	0.0355871886121	0.0355871886121	0.017793594306	9	2.22222222222	2	3	0.0592369477912	0.143665158371
1878	train	data_pandit/aa/1878/data.1878	4	179	low-gap	0.0335195530726	0.0782122905028	0.0782122905028	0.0391061452514	16	1.5	1	3	0.0592369477912	0.143665158371
1880	train	data_pandit/aa/1880/data.1880	7	287	mid-gap	0.132404181185	0.254355400697	0.205574912892	0.1393728223	75	3.54666666667	2	9	0.0592369477912	0.143665158371
1883	train	data_pandit/aa/1883/data.1883	4	111	mid-gap	0.0833333333333	0.171171171171	0.171171171171	0.126126126126	14	2.64285714286	2	4	0.0592369477912	0.143665158371
1884	train	data_pandit/aa/1884/data.1884	7	180	mid-gap	0.0626984126984	0.116666666667	0.111111111111	0.0777777777778	36	2.19444444444	2	4	0.0592369477912	0.143665158371
1885	train	data_pandit/aa/1885/data.1885	10	485	high-gap	0.181237113402	0.336082474227	0.280412371134	0.237113402062	149	5.89932885906	3	10	0.0592369477912	0.143665158371
1886	train	data_pandit/aa/1886/data.1886	4	193	low-gap	0.0336787564767	0.0518134715026	0.0518134715026	0.0466321243523	9	2.88888888889	3	4	0.0592369477912	0.143665158371
1887	train	data_pandit/aa/1887/data.1887	6	309	low-gap	0.0355987055016	0.084142394822	0.0453074433657	0.042071197411	29	2.27586206897	1	6	0.0592369477912	0.143665158371
1891	train	data_pandit/aa/1891/data.1891	7	656	low-gap	0.0492160278746	0.0868902439024	0.0685975609756	0.0564024390244	95	2.37894736842	2	6	0.0592369477912	0.143665158371
1894	train	data_pandit/aa/1894/data.1894	11	155	high-gap	0.161290322581	0.283870967742	0.206451612903	0.161290322581	85	3.23529411765	3	7	0.0592369477912	0.143665158371
1896	train	data_pandit/aa/1896/data.1896	24	75	mid-gap	0.06	0.24	0.0666666666667	0.0533333333333	80	1.35	1	3	0.0592369477912	0.143665158371
1898	train	data_pandit/aa/1898/data.1898	47	220	high-gap	0.318278529981	0.554545454545	0.377272727273	0.340909090909	591	5.56852791878	5	12	0.0592369477912	0.143665158371
1900	train	data_pandit/aa/1900/data.1900	19	87	low-gap	0.0568663036903	0.252873563218	0.0689655172414	0.0344827586207	55	1.70909090909	1	3	0.0592369477912	0.143665158371
1903	train	data_pandit/aa/1903/data.1903	10	96	low-gap	0	0	0	0	0	0	0	0	0.0592369477912	0.143665158371
1904	train	data_pandit/aa/1904/data.1904	7	146	low-gap	0.000978473581213	0.00684931506849	0	0	1	1	1	1	0.0592369477912	0.143665158371
1907	train	data_pandit/aa/1907/data.1907	38	252	high-gap	0.22253550543	0.531746031746	0.309523809524	0.230158730159	399	5.34085213033	2	21	0.0592369477912	0.143665158371
1908	train	data_pandit/aa/1908/data.1908	6	499	low-gap	0.0250501002004	0.0541082164329	0.0420841683367	0.0280561122244	45	1.66666666667	1	3	0.0592369477912	0.143665158371
1911	train	data_pandit/aa/1911/data.1911	4	133	low-gap	0.00375939849624	0.00751879699248	0.00751879699248	0.00751879699248	2	1	1	1	0.0592369477912	0.143665158371
1912	train	data_pandit/aa/1912/data.1912	12	135	high-gap	0.198148148148	0.244444444444	0.237037037037	0.222222222222	55	5.83636363636	6	12	0.0592369477912	0.143665158371
1914	train	data_pandit/aa/1914/data.1914	18	118	mid-gap	0.0645009416196	0.161016949153	0.0762711864407	0.0593220338983	42	3.2619047619	3	5	0.0592369477912	0.143665158371
1918	train	data_pandit/aa/1918/data.1918	4	424	low-gap	0.00353773584906	0.00943396226415	0.00943396226415	0.00235849056604	5	1.2	1	1	0.0592369477912	0.143665158371
1919	train	data_pandit/aa/1919/data.1919	4	170	low-gap	0.0132352941176	0.0294117647059	0.0294117647059	0.0176470588235	6	1.5	1	2	0.0592369477912	0.143665158371
1924	train	data_pandit/aa/1924/data.1924	6	113	high-gap	0.157817109145	0.283185840708	0.265486725664	0.238938053097	20	5.35	3	17	0.0592369477912	0.143665158371
1925	train	data_pandit/aa/1925/data.1925	7	58	mid-gap	0.0985221674877	0.275862068966	0.206896551724	0.0689655172414	13	3.07692307692	2	5	0.0592369477912	0.143665158371
1926	train	data_pandit/aa/1926/data.1926	15	106	mid-gap	0.0679245283019	0.160377358491	0.0849056603774	0.0566037735849	28	3.85714285714	4	7	0.0592369477912	0.143665158371
1930	train	data_pandit/aa/1930/data.1930	8	460	mid-gap	0.0978260869565	0.180434782609	0.14347826087	0.10652173913	94	3.82978723404	2	11	0.0592369477912	0.143665158371
1932	train	data_pandit/aa/1932/data.1932	9	121	mid-gap	0.0863177226814	0.157024793388	0.140495867769	0.099173553719	25	3.76	4	6	0.0592369477912	0.143665158371
1933	train	data_pandit/aa/1933/data.1933	5	121	low-gap	0.0446280991736	0.115702479339	0.0826446280992	0.0247933884298	14	1.92857142857	1	2	0.0592369477912	0.143665158371
1936	train	data_pandit/aa/1936/data.1936	4	342	mid-gap	0.119152046784	0.251461988304	0.251461988304	0.175438596491	59	2.76271186441	2	4	0.0592369477912	0.143665158371
1938	train	data_pandit/aa/1938/data.1938	13	456	mid-gap	0.132928475034	0.31798245614	0.140350877193	0.125	193	4.0829015544	3	9	0.0592369477912	0.143665158371
1941	train	data_pandit/aa/1941/data.1941	4	80	low-gap	0.05	0.1125	0.1125	0.0625	5	3.2	3	4	0.0592369477912	0.143665158371
1947	train	data_pandit/aa/1947/data.1947	10	152	low-gap	0.0223684210526	0.0394736842105	0.0328947368421	0.0263157894737	22	1.54545454545	1	2	0.0592369477912	0.143665158371
1948	train	data_pandit/aa/1948/data.1948	11	294	low-gap	0.02195423624	0.0646258503401	0.0272108843537	0.0136054421769	29	2.44827586207	2	3	0.0592369477912	0.143665158371
1949	train	data_pandit/aa/1949/data.1949	6	274	low-gap	0.0279805352798	0.0583941605839	0.0328467153285	0.029197080292	24	1.91666666667	2	3	0.0592369477912	0.143665158371
1950	train	data_pandit/aa/1950/data.1950	4	106	low-gap	0.0188679245283	0.0566037735849	0.0566037735849	0.0188679245283	5	1.6	1	2	0.0592369477912	0.143665158371
1956	train	data_pandit/aa/1956/data.1956	4	262	mid-gap	0.129770992366	0.293893129771	0.293893129771	0.148854961832	42	3.2380952381	3	7	0.0592369477912	0.143665158371
1965	train	data_pandit/aa/1965/data.1965	22	256	high-gap	0.232599431818	0.36328125	0.28515625	0.27734375	194	6.75257731959	4	14	0.0592369477912	0.143665158371
1968	train	data_pandit/aa/1968/data.1968	4	205	low-gap	0.0414634146341	0.0975609756098	0.0975609756098	0.0341463414634	14	2.42857142857	3	3	0.0592369477912	0.143665158371
1970	train	data_pandit/aa/1970/data.1970	4	377	low-gap	0.0484084880637	0.079575596817	0.079575596817	0.0663129973475	8	9.125	7	18	0.0592369477912	0.143665158371
1973	train	data_pandit/aa/1973/data.1973	8	234	mid-gap	0.090811965812	0.196581196581	0.153846153846	0.102564102564	61	2.7868852459	2	6	0.0592369477912	0.143665158371
1975	train	data_pandit/aa/1975/data.1975	5	134	mid-gap	0.132835820896	0.186567164179	0.164179104478	0.15671641791	16	5.5625	5	13	0.0592369477912	0.143665158371
1976	train	data_pandit/aa/1976/data.1976	9	282	mid-gap	0.113475177305	0.159574468085	0.131205673759	0.127659574468	81	3.55555555556	2	5	0.0592369477912	0.143665158371
1979	train	data_pandit/aa/1979/data.1979	4	213	low-gap	0.0258215962441	0.0657276995305	0.0657276995305	0.037558685446	3	7.33333333333	8	8	0.0592369477912	0.143665158371
1982	train	data_pandit/aa/1982/data.1982	10	315	low-gap	0.0422222222222	0.12380952381	0.0539682539683	0.031746031746	50	2.66	2	4	0.0592369477912	0.143665158371
1983	train	data_pandit/aa/1983/data.1983	9	352	low-gap	0.0328282828283	0.107954545455	0.0340909090909	0.0284090909091	59	1.76271186441	1	4	0.0592369477912	0.143665158371
1984	train	data_pandit/aa/1984/data.1984	15	150	low-gap	0.0368888888889	0.06	0.04	0.04	39	2.12820512821	1	4	0.0592369477912	0.143665158371
1985	train	data_pandit/aa/1985/data.1985	5	265	low-gap	0.0384905660377	0.0603773584906	0.0566037735849	0.0415094339623	16	3.1875	1	9	0.0592369477912	0.143665158371
1986	train	data_pandit/aa/1986/data.1986	5	688	mid-gap	0.0863372093023	0.165697674419	0.113372093023	0.0886627906977	90	3.3	2	5	0.0592369477912	0.143665158371
1987	train	data_pandit/aa/1987/data.1987	28	823	high-gap	0.419848984551	0.685297691373	0.565006075334	0.428918590522	758	12.7638522427	7	27	0.0592369477912	0.143665158371
1990	train	data_pandit/aa/1990/data.1990	9	471	mid-gap	0.0844538806322	0.188959660297	0.112526539278	0.0849256900212	129	2.77519379845	2	5	0.0592369477912	0.143665158371
1992	train	data_pandit/aa/1992/data.1992	18	832	high-gap	0.339142628205	0.590144230769	0.460336538462	0.373798076923	435	11.675862069	9	26	0.0592369477912	0.143665158371
1993	train	data_pandit/aa/1993/data.1993	6	113	mid-gap	0.129793510324	0.230088495575	0.185840707965	0.132743362832	20	4.4	5	6	0.0592369477912	0.143665158371
1995	train	data_pandit/aa/1995/data.1995	16	479	mid-gap	0.0922494780793	0.258872651357	0.148225469729	0.0814196242171	238	2.97058823529	2	7	0.0592369477912	0.143665158371
1996	train	data_pandit/aa/1996/data.1996	31	80	mid-gap	0.10685483871	0.275	0.1125	0.1125	108	2.4537037037	2	4	0.0592369477912	0.143665158371
1999	train	data_pandit/aa/1999/data.1999	7	356	mid-gap	0.102327447833	0.224719101124	0.154494382022	0.101123595506	76	3.35526315789	2	6	0.0592369477912	0.143665158371
2001	train	data_pandit/aa/2001/data.2001	15	94	high-gap	0.168794326241	0.446808510638	0.191489361702	0.170212765957	77	3.09090909091	2	5	0.0592369477912	0.143665158371
2002	train	data_pandit/aa/2002/data.2002	19	446	high-gap	0.522303516639	0.730941704036	0.596412556054	0.571748878924	132	33.5303030303	3.5	195	0.0592369477912	0.143665158371
2005	train	data_pandit/aa/2005/data.2005	7	193	low-gap	0.0288675055514	0.0621761658031	0.0621761658031	0.0259067357513	21	1.85714285714	1	3	0.0592369477912	0.143665158371
2007	train	data_pandit/aa/2007/data.2007	20	92	high-gap	0.192391304348	0.315217391304	0.239130434783	0.217391304348	135	2.62222222222	2	5	0.0592369477912	0.143665158371
2008	train	data_pandit/aa/2008/data.2008	11	50	low-gap	0.0109090909091	0.02	0.02	0.02	6	1	1	1	0.0592369477912	0.143665158371
2009	train	data_pandit/aa/2009/data.2009	11	60	mid-gap	0.110606060606	0.2	0.166666666667	0.116666666667	18	4.05555555556	5	6	0.0592369477912	0.143665158371
2011	train	data_pandit/aa/2011/data.2011	18	118	low-gap	0.0499058380414	0.169491525424	0.0508474576271	0.0423728813559	56	1.89285714286	1	3	0.0592369477912	0.143665158371
2012	train	data_pandit/aa/2012/data.2012	10	292	mid-gap	0.0794520547945	0.174657534247	0.0993150684932	0.0684931506849	92	2.52173913043	2	4	0.0592369477912	0.143665158371
2015	train	data_pandit/aa/2015/data.2015	8	359	mid-gap	0.128133704735	0.228412256267	0.192200557103	0.158774373259	104	3.53846153846	3	7	0.0592369477912	0.143665158371
2019	train	data_pandit/aa/2019/data.2019	6	210	low-gap	0.0579365079365	0.138095238095	0.1	0.0666666666667	29	2.51724137931	1	6	0.0592369477912	0.143665158371
2022	train	data_pandit/aa/2022/data.2022	75	710	high-gap	0.743643192488	0.885915492958	0.771830985915	0.746478873239	679	58.3195876289	2	408	0.0592369477912	0.143665158371
2025	train	data_pandit/aa/2025/data.2025	14	299	high-gap	0.212135690397	0.28762541806	0.247491638796	0.240802675585	112	7.92857142857	5	18	0.0592369477912	0.143665158371
2027	train	data_pandit/aa/2027/data.2027	59	215	high-gap	0.354749704375	0.725581395349	0.395348837209	0.386046511628	473	9.51374207188	6	38	0.0592369477912	0.143665158371
2028	train	data_pandit/aa/2028/data.2028	22	406	high-gap	0.251119570085	0.492610837438	0.28078817734	0.26354679803	303	7.40264026403	5	16	0.0592369477912	0.143665158371
2029	train	data_pandit/aa/2029/data.2029	8	82	low-gap	0.0137195121951	0.0365853658537	0.0121951219512	0.0121951219512	7	1.28571428571	1	1	0.0592369477912	0.143665158371
2030	train	data_pandit/aa/2030/data.2030	11	45	mid-gap	0.0888888888889	0.177777777778	0.0888888888889	0.0888888888889	41	1.07317073171	1	1	0.0592369477912	0.143665158371
2032	train	data_pandit/aa/2032/data.2032	14	60	mid-gap	0.0809523809524	0.183333333333	0.15	0.05	45	1.51111111111	1	4	0.0592369477912	0.143665158371
2033	train	data_pandit/aa/2033/data.2033	5	182	mid-gap	0.0813186813187	0.115384615385	0.104395604396	0.0934065934066	23	3.21739130435	3	6	0.0592369477912	0.143665158371
2035	train	data_pandit/aa/2035/data.2035	16	92	mid-gap	0.127038043478	0.195652173913	0.163043478261	0.141304347826	57	3.28070175439	3	5	0.0592369477912	0.143665158371
2036	train	data_pandit/aa/2036/data.2036	7	27	low-gap	0.00529100529101	0.037037037037	0	0	1	1	1	1	0.0592369477912	0.143665158371
2039	train	data_pandit/aa/2039/data.2039	28	45	low-gap	0	0	0	0	0	0	0	0	0.0592369477912	0.143665158371
2041	train	data_pandit/aa/2041/data.2041	15	89	mid-gap	0.140823970037	0.213483146067	0.179775280899	0.168539325843	37	5.08108108108	2	12	0.0592369477912	0.143665158371
2046	train	data_pandit/aa/2046/data.2046	10	349	high-gap	0.347564469914	0.535816618911	0.467048710602	0.458452722063	167	7.26347305389	2	13	0.0592369477912	0.143665158371
2047	train	data_pandit/aa/2047/data.2047	5	294	mid-gap	0.112925170068	0.170068027211	0.142857142857	0.132653061224	26	6.38461538462	4	17	0.0592369477912	0.143665158371
2048	train	data_pandit/aa/2048/data.2048	4	80	low-gap	0.021875	0.0375	0.0375	0.025	4	1.75	2	2	0.0592369477912	0.143665158371
2049	train	data_pandit/aa/2049/data.2049	5	205	mid-gap	0.11512195122	0.19512195122	0.146341463415	0.141463414634	27	4.37037037037	2	12	0.0592369477912	0.143665158371
2050	train	data_pandit/aa/2050/data.2050	51	136	high-gap	0.333333333333	0.507352941176	0.360294117647	0.338235294118	347	6.66282420749	6	18	0.0592369477912	0.143665158371
2051	train	data_pandit/aa/2051/data.2051	11	78	mid-gap	0.0780885780886	0.141025641026	0.0897435897436	0.0897435897436	20	3.35	1	6	0.0592369477912	0.143665158371
2052	train	data_pandit/aa/2052/data.2052	13	39	low-gap	0.0197238658777	0.025641025641	0.025641025641	0.025641025641	10	1	1	1	0.0592369477912	0.143665158371
2053	train	data_pandit/aa/2053/data.2053	17	94	mid-gap	0.09887359199	0.170212765957	0.117021276596	0.117021276596	60	2.63333333333	2	5	0.0592369477912	0.143665158371
2054	train	data_pandit/aa/2054/data.2054	6	34	low-gap	0	0	0	0	0	0	0	0	0.0592369477912	0.143665158371
2055	train	data_pandit/aa/2055/data.2055	4	111	low-gap	0.0045045045045	0.00900900900901	0.00900900900901	0.00900900900901	2	1	1	1	0.0592369477912	0.143665158371
2057	train	data_pandit/aa/2057/data.2057	10	141	mid-gap	0.0695035460993	0.170212765957	0.156028368794	0.0496453900709	38	2.57894736842	1	4	0.0592369477912	0.143665158371
2060	train	data_pandit/aa/2060/data.2060	23	72	low-gap	0.0386473429952	0.180555555556	0.0416666666667	0.0416666666667	21	3.04761904762	3	3	0.0592369477912	0.143665158371
2061	train	data_pandit/aa/2061/data.2061	12	86	high-gap	0.168604651163	0.267441860465	0.220930232558	0.174418604651	67	2.59701492537	2	4	0.0592369477912	0.143665158371
2064	train	data_pandit/aa/2064/data.2064	252	273	high-gap	0.520538984825	0.78021978022	0.553113553114	0.534798534799	4370	8.19473684211	3	25	0.0592369477912	0.143665158371
2068	train	data_pandit/aa/2068/data.2068	47	116	high-gap	0.192956713133	0.336206896552	0.258620689655	0.189655172414	219	4.80365296804	2	18	0.0592369477912	0.143665158371
2069	train	data_pandit/aa/2069/data.2069	5	54	low-gap	0.00740740740741	0.037037037037	0	0	1	2	2	2	0.0592369477912	0.143665158371
2071	train	data_pandit/aa/2071/data.2071	18	37	low-gap	0	0	0	0	0	0	0	0	0.0592369477912	0.143665158371
2073	train	data_pandit/aa/2073/data.2073	34	171	high-gap	0.245786033712	0.53216374269	0.304093567251	0.245614035088	428	3.33878504673	2	7	0.0592369477912	0.143665158371
2074	train	data_pandit/aa/2074/data.2074	61	205	high-gap	0.189284286285	0.521951219512	0.253658536585	0.165853658537	657	3.60273972603	3	8	0.0592369477912	0.143665158371
2075	train	data_pandit/aa/2075/data.2075	26	209	mid-gap	0.121825542878	0.315789473684	0.162679425837	0.11004784689	277	2.38989169675	2	4	0.0592369477912	0.143665158371
2080	train	data_pandit/aa/2080/data.2080	6	93	low-gap	0.0286738351254	0.0752688172043	0.0645161290323	0.0215053763441	8	2	2	3	0.0592369477912	0.143665158371
2081	train	data_pandit/aa/2081/data.2081	14	243	mid-gap	0.115814226925	0.22633744856	0.148148148148	0.111111111111	117	3.36752136752	2	6	0.0592369477912	0.143665158371
2082	train	data_pandit/aa/2082/data.2082	8	371	low-gap	0.0320080862534	0.0970350404313	0.0566037735849	0.0242587601078	40	2.375	2	4	0.0592369477912	0.143665158371
2083	train	data_pandit/aa/2083/data.2083	10	518	mid-gap	0.0980694980695	0.156370656371	0.117760617761	0.106177606178	68	7.47058823529	3	17	0.0592369477912	0.143665158371
2084	train	data_pandit/aa/2084/data.2084	22	63	high-gap	0.202741702742	0.460317460317	0.285714285714	0.206349206349	110	2.55454545455	2.5	3	0.0592369477912	0.143665158371
2085	train	data_pandit/aa/2085/data.2085	10	91	low-gap	0.0450549450549	0.0989010989011	0.0769230769231	0.0549450549451	19	2.15789473684	2	3	0.0592369477912	0.143665158371
2086	train	data_pandit/aa/2086/data.2086	51	65	high-gap	0.26455505279	0.507692307692	0.292307692308	0.292307692308	197	4.45177664975	2	13	0.0592369477912	0.143665158371
2087	train	data_pandit/aa/2087/data.2087	6	76	low-gap	0.00438596491228	0.0263157894737	0	0	1	2	2	2	0.0592369477912	0.143665158371
2088	train	data_pandit/aa/2088/data.2088	8	414	mid-gap	0.082729468599	0.161835748792	0.161835748792	0.111111111111	88	3.11363636364	3	7	0.0592369477912	0.143665158371
2089	train	data_pandit/aa/2089/data.2089	7	249	low-gap	0.00860585197935	0.0240963855422	0.00803212851406	0.00803212851406	13	1.15384615385	1	1	0.0592369477912	0.143665158371
2090	train	data_pandit/aa/2090/data.2090	6	255	low-gap	0.00196078431373	0.0078431372549	0.00392156862745	0	3	1	1	1	0.0592369477912	0.143665158371
2092	train	data_pandit/aa/2092/data.2092	8	229	high-gap	0.173580786026	0.279475982533	0.218340611354	0.205240174672	61	5.2131147541	4	19	0.0592369477912	0.143665158371
2094	train	data_pandit/aa/2094/data.2094	10	381	low-gap	0.0230971128609	0.0498687664042	0.0288713910761	0.0209973753281	47	1.87234042553	1	3	0.0592369477912	0.143665158371
2095	train	data_pandit/aa/2095/data.2095	11	186	low-gap	0.0386119257087	0.209677419355	0.0376344086022	0.0215053763441	35	2.25714285714	1	3	0.0592369477912	0.143665158371
2096	train	data_pandit/aa/2096/data.2096	5	286	low-gap	0.0202797202797	0.027972027972	0.027972027972	0.0244755244755	7	4.14285714286	6	7	0.0592369477912	0.143665158371
2099	train	data_pandit/aa/2099/data.2099	4	150	low-gap	0.00166666666667	0.00666666666667	0.00666666666667	0	1	1	1	1	0.0592369477912	0.143665158371
2102	train	data_pandit/aa/2102/data.2102	10	97	low-gap	0.00927835051546	0.0103092783505	0.0103092783505	0.0103092783505	9	1	1	1	0.0592369477912	0.143665158371
2103	train	data_pandit/aa/2103/data.2103	10	62	low-gap	0.0387096774194	0.0645161290323	0.0645161290323	0.0322580645161	21	1.14285714286	1	2	0.0592369477912	0.143665158371
2104	train	data_pandit/aa/2104/data.2104	6	84	low-gap	0.0238095238095	0.0595238095238	0.0357142857143	0.0238095238095	10	1.2	1	2	0.0592369477912	0.143665158371
2107	train	data_pandit/aa/2107/data.2107	14	33	low-gap	0	0	0	0	0	0	0	0	0.0592369477912	0.143665158371
2108	train	data_pandit/aa/2108/data.2108	8	119	low-gap	0.0241596638655	0.0420168067227	0.0252100840336	0.0252100840336	15	1.53333333333	2	2	0.0592369477912	0.143665158371
2111	train	data_pandit/aa/2111/data.2111	6	490	high-gap	0.165306122449	0.279591836735	0.232653061224	0.2	97	5.01030927835	3	12	0.0592369477912	0.143665158371
2112	train	data_pandit/aa/2112/data.2112	11	315	high-gap	0.163059163059	0.330158730159	0.2	0.15873015873	148	3.81756756757	3	6	0.0592369477912	0.143665158371
2113	train	data_pandit/aa/2113/data.2113	5	249	low-gap	0.029718875502	0.0522088353414	0.0441767068273	0.0281124497992	18	2.05555555556	1	5	0.0592369477912	0.143665158371
2114	train	data_pandit/aa/2114/data.2114	4	49	low-gap	0.0102040816327	0.0408163265306	0.0408163265306	0	1	2	2	2	0.0592369477912	0.143665158371
2115	train	data_pandit/aa/2115/data.2115	7	93	low-gap	0.0168970814132	0.0537634408602	0.0430107526882	0	6	1.83333333333	1.5	3	0.0592369477912	0.143665158371
2116	train	data_pandit/aa/2116/data.2116	4	315	high-gap	0.153174603175	0.257142857143	0.257142857143	0.206349206349	37	5.21621621622	2	6	0.0592369477912	0.143665158371
2117	train	data_pandit/aa/2117/data.2117	8	106	low-gap	0.0141509433962	0.0377358490566	0.0188679245283	0.00943396226415	9	1.33333333333	1	2	0.0592369477912	0.143665158371
2120	train	data_pandit/aa/2120/data.2120	32	455	high-gap	0.249656593407	0.70989010989	0.395604395604	0.173626373626	693	5.24531024531	2	10	0.0592369477912	0.143665158371
2121	train	data_pandit/aa/2121/data.2121	8	370	high-gap	0.191891891892	0.467567567568	0.359459459459	0.145945945946	126	4.50793650794	2	14	0.0592369477912	0.143665158371
2122	train	data_pandit/aa/2122/data.2122	10	355	mid-gap	0.111830985915	0.194366197183	0.146478873239	0.123943661972	142	2.79577464789	2	6	0.0592369477912	0.143665158371
2123	train	data_pandit/aa/2123/data.2123	28	398	high-gap	0.203338119167	0.746231155779	0.188442211055	0.14824120603	567	3.99647266314	3	10	0.0592369477912	0.143665158371
2124	train	data_pandit/aa/2124/data.2124	5	295	mid-gap	0.0949152542373	0.189830508475	0.135593220339	0.0881355932203	41	3.41463414634	2	13	0.0592369477912	0.143665158371
2126	train	data_pandit/aa/2126/data.2126	12	170	high-gap	0.175490196078	0.494117647059	0.317647058824	0.147058823529	59	6.06779661017	3	14	0.0592369477912	0.143665158371
2127	train	data_pandit/aa/2127/data.2127	5	182	mid-gap	0.0714285714286	0.131868131868	0.115384615385	0.0879120879121	19	3.42105263158	3	9	0.0592369477912	0.143665158371
2133	train	data_pandit/aa/2133/data.2133	6	322	low-gap	0.0238095238095	0.0465838509317	0.0310559006211	0.027950310559	24	1.91666666667	2	2	0.0592369477912	0.143665158371
2134	train	data_pandit/aa/2134/data.2134	4	93	low-gap	0.0268817204301	0.0430107526882	0.0430107526882	0.0322580645161	6	1.66666666667	2	2	0.0592369477912	0.143665158371
2135	train	data_pandit/aa/2135/data.2135	5	134	low-gap	0.034328358209	0.0746268656716	0.0373134328358	0.0373134328358	6	3.83333333333	4.5	5	0.0592369477912	0.143665158371
2136	train	data_pandit/aa/2136/data.2136	9	86	low-gap	0.0322997416021	0.093023255814	0.0232558139535	0.0232558139535	20	1.25	1	2	0.0592369477912	0.143665158371
2137	train	data_pandit/aa/2137/data.2137	5	200	mid-gap	0.132	0.18	0.175	0.175	23	5.73913043478	3	11	0.0592369477912	0.143665158371
2139	train	data_pandit/aa/2139/data.2139	8	67	low-gap	0.0149253731343	0.044776119403	0.0298507462687	0.0149253731343	7	1.14285714286	1	1	0.0592369477912	0.143665158371
2143	train	data_pandit/aa/2143/data.2143	5	132	low-gap	0.019696969697	0.030303030303	0.0227272727273	0.0227272727273	5	2.6	3	3	0.0592369477912	0.143665158371
2144	train	data_pandit/aa/2144/data.2144	22	278	high-gap	0.281066056246	0.535971223022	0.330935251799	0.320143884892	307	5.5993485342	2	16	0.0592369477912	0.143665158371
2148	train	data_pandit/aa/2148/data.2148	7	622	high-gap	0.197749196141	0.348874598071	0.342443729904	0.165594855305	90	9.56666666667	4	13	0.0592369477912	0.143665158371
2150	train	data_pandit/aa/2150/data.2150	11	150	mid-gap	0.118181818182	0.213333333333	0.166666666667	0.1	40	4.875	3	9	0.0592369477912	0.143665158371
2151	train	data_pandit/aa/2151/data.2151	11	279	high-gap	0.256109481916	0.458781362007	0.412186379928	0.308243727599	86	9.13953488372	4.5	18	0.0592369477912	0.143665158371
2152	train	data_pandit/aa/2152/data.2152	64	187	high-gap	0.344000668449	0.807486631016	0.368983957219	0.347593582888	727	5.66299862448	3	10	0.0592369477912	0.143665158371
2155	train	data_pandit/aa/2155/data.2155	4	121	low-gap	0.0433884297521	0.0826446280992	0.0826446280992	0.0495867768595	7	3	4	4	0.0592369477912	0.143665158371
2156	train	data_pandit/aa/2156/data.2156	4	95	low-gap	0.0263157894737	0.0631578947368	0.0631578947368	0.0210526315789	4	2.5	2	2	0.0592369477912	0.143665158371
2157	train	data_pandit/aa/2157/data.2157	4	159	mid-gap	0.0801886792453	0.194968553459	0.194968553459	0.11320754717	10	5.1	3.5	10	0.0592369477912	0.143665158371
2162	train	data_pandit/aa/2162/data.2162	77	219	high-gap	0.147541955761	0.470319634703	0.164383561644	0.150684931507	541	4.5988909427	2	14	0.0592369477912	0.143665158371
2171	train	data_pandit/aa/2171/data.2171	23	248	mid-gap	0.0713534361851	0.209677419355	0.0806451612903	0.0604838709677	203	2.00492610837	1	3	0.0592369477912	0.143665158371
2176	train	data_pandit/aa/2176/data.2176	5	93	low-gap	0.0322580645161	0.0967741935484	0.0537634408602	0.010752688172	7	2.14285714286	2	3	0.0592369477912	0.143665158371
2178	train	data_pandit/aa/2178/data.2178	4	235	low-gap	0.0191489361702	0.0382978723404	0.0382978723404	0.0340425531915	12	1.5	1	2	0.0592369477912	0.143665158371
2179	train	data_pandit/aa/2179/data.2179	7	135	low-gap	0.010582010582	0.0444444444444	0.0222222222222	0	7	1.42857142857	1	1	0.0592369477912	0.143665158371
2181	train	data_pandit/aa/2181/data.2181	16	169	high-gap	0.235576923077	0.396449704142	0.272189349112	0.236686390533	95	6.70526315789	3	19	0.0592369477912	0.143665158371
2182	train	data_pandit/aa/2182/data.2182	20	56	low-gap	0.000892857142857	0.0178571428571	0	0	1	1	1	1	0.0592369477912	0.143665158371
2183	train	data_pandit/aa/2183/data.2183	5	96	mid-gap	0.0604166666667	0.114583333333	0.0625	0.0625	11	2.63636363636	1	5	0.0592369477912	0.143665158371
2184	train	data_pandit/aa/2184/data.2184	13	468	mid-gap	0.0767587113741	0.151709401709	0.0918803418803	0.0854700854701	154	3.03246753247	2	8	0.0592369477912	0.143665158371
2185	train	data_pandit/aa/2185/data.2185	20	306	high-gap	0.27614379085	0.424836601307	0.330065359477	0.300653594771	222	7.61261261261	6	16	0.0592369477912	0.143665158371
2187	train	data_pandit/aa/2187/data.2187	21	370	mid-gap	0.076833976834	0.210810810811	0.108108108108	0.072972972973	234	2.55128205128	2	5	0.0592369477912	0.143665158371
2189	train	data_pandit/aa/2189/data.2189	9	183	mid-gap	0.0807528840316	0.131147540984	0.109289617486	0.0928961748634	43	3.09302325581	3	7	0.0592369477912	0.143665158371
2190	train	data_pandit/aa/2190/data.2190	12	304	mid-gap	0.0764802631579	0.131578947368	0.105263157895	0.0888157894737	63	4.42857142857	3	7	0.0592369477912	0.143665158371
2192	train	data_pandit/aa/2192/data.2192	19	209	mid-gap	0.0904054394359	0.162679425837	0.0956937799043	0.0956937799043	104	3.45192307692	4	5	0.0592369477912	0.143665158371
2193	train	data_pandit/aa/2193/data.2193	14	45	low-gap	0.0206349206349	0.0222222222222	0.0222222222222	0.0222222222222	13	1	1	1	0.0592369477912	0.143665158371
2194	train	data_pandit/aa/2194/data.2194	24	286	high-gap	0.189685314685	0.36013986014	0.241258741259	0.178321678322	214	6.08411214953	3	18	0.0592369477912	0.143665158371
2197	train	data_pandit/aa/2197/data.2197	162	176	high-gap	0.44212962963	0.886363636364	0.471590909091	0.426136363636	2747	4.58900618857	2	9	0.0592369477912	0.143665158371
2199	train	data_pandit/aa/2199/data.2199	9	898	mid-gap	0.089705518436	0.179287305122	0.0924276169265	0.0890868596882	125	5.8	3	15	0.0592369477912	0.143665158371
2201	train	data_pandit/aa/2201/data.2201	24	292	high-gap	0.171946347032	0.342465753425	0.205479452055	0.178082191781	205	5.87804878049	2	15	0.0592369477912	0.143665158371
2202	train	data_pandit/aa/2202/data.2202	15	146	high-gap	0.148401826484	0.335616438356	0.164383561644	0.157534246575	140	2.32142857143	2	5	0.0592369477912	0.143665158371
2203	train	data_pandit/aa/2203/data.2203	48	108	high-gap	0.24537037037	0.435185185185	0.277777777778	0.277777777778	334	3.80838323353	3	8	0.0592369477912	0.143665158371
2204	train	data_pandit/aa/2204/data.2204	21	117	high-gap	0.166056166056	0.350427350427	0.230769230769	0.162393162393	139	2.93525179856	2	6	0.0592369477912	0.143665158371
2206	train	data_pandit/aa/2206/data.2206	31	119	mid-gap	0.0726484142044	0.168067226891	0.0756302521008	0.0756302521008	178	1.50561797753	1	4	0.0592369477912	0.143665158371
2207	train	data_pandit/aa/2207/data.2207	7	140	mid-gap	0.0785714285714	0.121428571429	0.0857142857143	0.0857142857143	16	4.8125	1	11	0.0592369477912	0.143665158371
2209	train	data_pandit/aa/2209/data.2209	11	344	mid-gap	0.113636363636	0.223837209302	0.148255813953	0.110465116279	111	3.87387387387	4	6	0.0592369477912	0.143665158371
2210	train	data_pandit/aa/2210/data.2210	11	55	mid-gap	0.128925619835	0.163636363636	0.145454545455	0.145454545455	22	3.54545454545	2	6	0.0592369477912	0.143665158371
2213	train	data_pandit/aa/2213/data.2213	64	502	high-gap	0.380509213147	0.673306772908	0.49203187251	0.378486055777	928	13.1734913793	7	38	0.0592369477912	0.143665158371
2214	train	data_pandit/aa/2214/data.2214	14	106	low-gap	0.0256064690027	0.0566037735849	0.0377358490566	0.0283018867925	24	1.58333333333	2	2	0.0592369477912	0.143665158371
2215	train	data_pandit/aa/2215/data.2215	6	94	low-gap	0.0177304964539	0.0425531914894	0.031914893617	0.0212765957447	10	1	1	1	0.0592369477912	0.143665158371
2216	train	data_pandit/aa/2216/data.2216	23	77	mid-gap	0.0745341614907	0.168831168831	0.0909090909091	0.0649350649351	46	2.86956521739	3	5	0.0592369477912	0.143665158371
2218	train	data_pandit/aa/2218/data.2218	15	435	high-gap	0.285057471264	0.372413793103	0.342528735632	0.328735632184	181	10.2762430939	7	28	0.0592369477912	0.143665158371
2219	train	data_pandit/aa/2219/data.2219	15	391	high-gap	0.183461210571	0.283887468031	0.230179028133	0.20716112532	218	4.93577981651	3.5	10	0.0592369477912	0.143665158371
2220	train	data_pandit/aa/2220/data.2220	28	482	high-gap	0.287863070539	0.45020746888	0.358921161826	0.309128630705	361	10.7617728532	4	33	0.0592369477912	0.143665158371
2221	train	data_pandit/aa/2221/data.2221	10	278	mid-gap	0.0679856115108	0.151079136691	0.104316546763	0.104316546763	18	10.5	11	18	0.0592369477912	0.143665158371
2223	train	data_pandit/aa/2223/data.2223	5	268	high-gap	0.355970149254	0.675373134328	0.470149253731	0.376865671642	22	21.6818181818	16	32	0.0592369477912	0.143665158371
2225	train	data_pandit/aa/2225/data.2225	18	132	mid-gap	0.102693602694	0.151515151515	0.113636363636	0.113636363636	78	3.12820512821	2	9	0.0592369477912	0.143665158371
2228	train	data_pandit/aa/2228/data.2228	23	114	mid-gap	0.0808543096873	0.271929824561	0.131578947368	0.0964912280702	81	2.61728395062	2	4	0.0592369477912	0.143665158371
2229	train	data_pandit/aa/2229/data.2229	10	926	high-gap	0.185313174946	0.388768898488	0.264578833693	0.195464362851	313	5.48242811502	2	13	0.0592369477912	0.143665158371
2232	train	data_pandit/aa/2232/data.2232	8	881	mid-gap	0.0778944381385	0.156640181612	0.144154370034	0.0794551645857	124	4.42741935484	2	9	0.0592369477912	0.143665158371
2233	train	data_pandit/aa/2233/data.2233	10	667	high-gap	0.343328335832	0.47676161919	0.431784107946	0.410794602699	244	9.38524590164	6	22	0.0592369477912	0.143665158371
2234	train	data_pandit/aa/2234/data.2234	13	354	high-gap	0.189265536723	0.245762711864	0.220338983051	0.209039548023	134	6.5	2	17	0.0592369477912	0.143665158371
2235	train	data_pandit/aa/2235/data.2235	9	49	mid-gap	0.0725623582766	0.224489795918	0.0816326530612	0.0612244897959	17	1.88235294118	2	2	0.0592369477912	0.143665158371
2236	train	data_pandit/aa/2236/data.2236	95	121	mid-gap	0.10421922575	0.289256198347	0.107438016529	0.107438016529	311	3.85209003215	4	5	0.0592369477912	0.143665158371
2239	train	data_pandit/aa/2239/data.2239	13	94	low-gap	0.0458265139116	0.0744680851064	0.063829787234	0.0425531914894	18	3.11111111111	4	4	0.0592369477912	0.143665158371
2242	train	data_pandit/aa/2242/data.2242	27	156	high-gap	0.305318138651	0.634615384615	0.365384615385	0.262820512821	393	3.27226463104	2	8	0.0592369477912	0.143665158371
2249	train	data_pandit/aa/2249/data.2249	12	83	high-gap	0.313253012048	0.385542168675	0.361445783133	0.361445783133	12	26	30	30	0.0592369477912	0.143665158371
2250	train	data_pandit/aa/2250/data.2250	9	178	low-gap	0.00686641697878	0.0224719101124	0.00561797752809	0.00561797752809	11	1	1	1	0.0592369477912	0.143665158371
2253	train	data_pandit/aa/2253/data.2253	60	299	high-gap	0.407580824972	0.709030100334	0.515050167224	0.404682274247	659	11.095599393	4	23	0.0592369477912	0.143665158371
2254	train	data_pandit/aa/2254/data.2254	4	154	high-gap	0.227272727273	0.409090909091	0.409090909091	0.357142857143	23	6.08695652174	2	11	0.0592369477912	0.143665158371
2256	train	data_pandit/aa/2256/data.2256	12	358	mid-gap	0.131750465549	0.324022346369	0.184357541899	0.128491620112	144	3.93055555556	2	9	0.0592369477912	0.143665158371
2257	train	data_pandit/aa/2257/data.2257	7	94	low-gap	0.0273556231003	0.031914893617	0.031914893617	0.031914893617	6	3	3	3	0.0592369477912	0.143665158371
2258	train	data_pandit/aa/2258/data.2258	11	69	mid-gap	0.0764163372859	0.130434782609	0.115942028986	0.101449275362	16	3.625	1	7	0.0592369477912	0.143665158371
2260	train	data_pandit/aa/2260/data.2260	7	152	low-gap	0.0300751879699	0.0592105263158	0.0526315789474	0.0394736842105	17	1.88235294118	1	4	0.0592369477912	0.143665158371
2263	train	data_pandit/aa/2263/data.2263	13	269	mid-gap	0.113239919931	0.2156133829	0.174721189591	0.130111524164	143	2.76923076923	2	7	0.0592369477912	0.143665158371
2264	train	data_pandit/aa/2264/data.2264	9	240	low-gap	0.0203703703704	0.0541666666667	0.0208333333333	0.0208333333333	40	1.1	1	1	0.0592369477912	0.143665158371
2265	train	data_pandit/aa/2265/data.2265	7	253	low-gap	0.00338791643139	0.0118577075099	0.00395256916996	0.00395256916996	6	1	1	1	0.0592369477912	0.143665158371
2266	train	data_pandit/aa/2266/data.2266	11	536	high-gap	0.19776119403	0.333955223881	0.298507462687	0.208955223881	235	4.96170212766	3	12	0.0592369477912	0.143665158371
2268	train	data_pandit/aa/2268/data.2268	5	116	low-gap	0.0155172413793	0.0344827586207	0.0258620689655	0.0172413793103	6	1.5	1.5	2	0.0592369477912	0.143665158371
2269	train	data_pandit/aa/2269/data.2269	12	638	mid-gap	0.0681818181818	0.14263322884	0.108150470219	0.0689655172414	164	3.18292682927	2	8	0.0592369477912	0.143665158371
2270	train	data_pandit/aa/2270/data.2270	5	48	low-gap	0.0458333333333	0.0625	0.0625	0.0625	4	2.75	3	3	0.0592369477912	0.143665158371
2272	train	data_pandit/aa/2272/data.2272	42	223	high-gap	0.437540038437	0.547085201794	0.479820627803	0.457399103139	165	24.8363636364	3	94	0.0592369477912	0.143665158371
2276	train	data_pandit/aa/2276/data.2276	11	369	high-gap	0.162108893816	0.216802168022	0.19512195122	0.189701897019	163	4.03680981595	2	9	0.0592369477912	0.143665158371
2277	train	data_pandit/aa/2277/data.2277	14	757	high-gap	0.321758822419	0.409511228534	0.379128137384	0.361955085865	289	11.7993079585	6	27	0.0592369477912	0.143665158371
2278	train	data_pandit/aa/2278/data.2278	12	467	low-gap	0.0499643112063	0.0770877944325	0.0620985010707	0.0578158458244	111	2.52252252252	2	5	0.0592369477912	0.143665158371
2282	train	data_pandit/aa/2282/data.2282	6	417	high-gap	0.450039968026	0.652278177458	0.625899280576	0.597122302158	57	19.7543859649	11	44	0.0592369477912	0.143665158371
2283	train	data_pandit/aa/2283/data.2283	11	115	mid-gap	0.0845849802372	0.2	0.147826086957	0.0521739130435	36	2.97222222222	1.5	6	0.0592369477912	0.143665158371
2285	train	data_pandit/aa/2285/data.2285	5	123	low-gap	0.0471544715447	0.0650406504065	0.0569105691057	0.0569105691057	9	3.22222222222	3	4	0.0592369477912	0.143665158371
2286	train	data_pandit/aa/2286/data.2286	5	549	mid-gap	0.110746812386	0.24043715847	0.125683060109	0.0965391621129	60	5.06666666667	2	14	0.0592369477912	0.143665158371
2287	train	data_pandit/aa/2287/data.2287	8	382	low-gap	0.0320680628272	0.0785340314136	0.0497382198953	0.0340314136126	49	2	1	4	0.0592369477912	0.143665158371
2293	train	data_pandit/aa/2293/data.2293	4	190	high-gap	0.263157894737	0.410526315789	0.410526315789	0.336842105263	23	8.69565217391	4	22	0.0592369477912	0.143665158371
2294	train	data_pandit/aa/2294/data.2294	29	391	high-gap	0.497662933239	0.700767263427	0.588235294118	0.562659846547	319	17.6896551724	4	21	0.0592369477912	0.143665158371
2296	train	data_pandit/aa/2296/data.2296	37	123	high-gap	0.187870797627	0.382113821138	0.20325203252	0.19512195122	130	6.57692307692	3	15	0.0592369477912	0.143665158371
2297	train	data_pandit/aa/2297/data.2297	34	171	high-gap	0.218782249742	0.385964912281	0.251461988304	0.228070175439	169	7.52662721893	3	30	0.0592369477912	0.143665158371
2299	train	data_pandit/aa/2299/data.2299	7	44	low-gap	0.0162337662338	0.0227272727273	0.0227272727273	0.0227272727273	5	1	1	1	0.0592369477912	0.143665158371
2303	train	data_pandit/aa/2303/data.2303	11	140	mid-gap	0.088961038961	0.135714285714	0.121428571429	0.1	39	3.51282051282	1	10	0.0592369477912	0.143665158371
2306	train	data_pandit/aa/2306/data.2306	7	171	high-gap	0.227234753551	0.327485380117	0.309941520468	0.309941520468	29	9.37931034483	13	15	0.0592369477912	0.143665158371
2309	train	data_pandit/aa/2309/data.2309	9	133	low-gap	0.015037593985	0.0526315789474	0.0225563909774	0.00751879699248	11	1.63636363636	1	3	0.0592369477912	0.143665158371
2310	train	data_pandit/aa/2310/data.2310	13	530	high-gap	0.150798258345	0.305660377358	0.201886792453	0.162264150943	204	5.0931372549	3	9	0.0592369477912	0.143665158371
2311	train	data_pandit/aa/2311/data.2311	12	224	mid-gap	0.0651041666667	0.151785714286	0.0714285714286	0.0714285714286	53	3.30188679245	3	6	0.0592369477912	0.143665158371
2313	train	data_pandit/aa/2313/data.2313	16	224	mid-gap	0.087890625	0.120535714286	0.09375	0.09375	77	4.09090909091	3	9	0.0592369477912	0.143665158371
2315	train	data_pandit/aa/2315/data.2315	25	241	mid-gap	0.12265560166	0.290456431535	0.207468879668	0.107883817427	128	5.7734375	2	18	0.0592369477912	0.143665158371
2316	train	data_pandit/aa/2316/data.2316	21	271	high-gap	0.280091372342	0.634686346863	0.354243542435	0.273062730627	186	8.56989247312	3	25	0.0592369477912	0.143665158371
2320	train	data_pandit/aa/2320/data.2320	39	236	high-gap	0.212407648848	0.313559322034	0.25	0.199152542373	600	3.25833333333	2	10	0.0592369477912	0.143665158371
2321	train	data_pandit/aa/2321/data.2321	64	289	high-gap	0.371485726644	0.543252595156	0.467128027682	0.397923875433	796	8.63190954774	4	25	0.0592369477912	0.143665158371
2323	train	data_pandit/aa/2323/data.2323	19	87	mid-gap	0.0611010284332	0.183908045977	0.0689655172414	0.0689655172414	73	1.38356164384	1	2	0.0592369477912	0.143665158371
2324	train	data_pandit/aa/2324/data.2324	27	69	mid-gap	0.141706924316	0.507246376812	0.144927536232	0.144927536232	103	2.56310679612	1	5	0.0592369477912	0.143665158371
2327	train	data_pandit/aa/2327/data.2327	50	125	high-gap	0.22848	0.52	0.28	0.216	254	5.62204724409	3	9	0.0592369477912	0.143665158371
2328	train	data_pandit/aa/2328/data.2328	13	374	mid-gap	0.0614973262032	0.106951871658	0.0882352941176	0.0641711229947	115	2.6	2	3	0.0592369477912	0.143665158371
2329	train	data_pandit/aa/2329/data.2329	12	303	mid-gap	0.0984598459846	0.211221122112	0.181518151815	0.0957095709571	78	4.58974358974	2	17	0.0592369477912	0.143665158371
2330	train	data_pandit/aa/2330/data.2330	23	89	mid-gap	0.0806057645335	0.168539325843	0.0898876404494	0.0786516853933	28	5.89285714286	7	8	0.0592369477912	0.143665158371
2331	train	data_pandit/aa/2331/data.2331	12	83	low-gap	0.0220883534137	0.0481927710843	0.0240963855422	0.0240963855422	20	1.1	1	1	0.0592369477912	0.143665158371
2334	train	data_pandit/aa/2334/data.2334	10	160	mid-gap	0.063125	0.2125	0.05625	0.04375	29	3.48275862069	3	7	0.0592369477912	0.143665158371
2336	train	data_pandit/aa/2336/data.2336	11	219	mid-gap	0.0992112909921	0.155251141553	0.150684931507	0.123287671233	25	9.56	12	17	0.0592369477912	0.143665158371
2339	train	data_pandit/aa/2339/data.2339	14	256	high-gap	0.160714285714	0.3203125	0.23046875	0.16796875	111	5.18918918919	3	12	0.0592369477912	0.143665158371
2342	train	data_pandit/aa/2342/data.2342	19	1196	high-gap	0.207929941912	0.408026755853	0.277591973244	0.211538461538	868	5.4435483871	3	9	0.0592369477912	0.143665158371
2343	train	data_pandit/aa/2343/data.2343	17	240	high-gap	0.184803921569	0.266666666667	0.2125	0.2	137	5.50364963504	3	11	0.0592369477912	0.143665158371
2347	train	data_pandit/aa/2347/data.2347	14	113	mid-gap	0.13211125158	0.265486725664	0.212389380531	0.141592920354	57	3.66666666667	3	8	0.0592369477912	0.143665158371
2348	train	data_pandit/aa/2348/data.2348	20	123	low-gap	0.0113821138211	0.0894308943089	0.00813008130081	0.00813008130081	24	1.16666666667	1	1	0.0592369477912	0.143665158371
2350	train	data_pandit/aa/2350/data.2350	11	257	low-gap	0.0555359037849	0.175097276265	0.0739299610895	0.0428015564202	41	3.82926829268	3	8	0.0592369477912	0.143665158371
2355	train	data_pandit/aa/2355/data.2355	17	204	mid-gap	0.0980392156863	0.200980392157	0.122549019608	0.102941176471	113	3.00884955752	3	5	0.0592369477912	0.143665158371
2358	train	data_pandit/aa/2358/data.2358	7	142	low-gap	0.0291750503018	0.0492957746479	0.0492957746479	0.0211267605634	17	1.70588235294	2	3	0.0592369477912	0.143665158371
2359	train	data_pandit/aa/2359/data.2359	6	38	low-gap	0.0438596491228	0.0526315789474	0.0526315789474	0.0526315789474	5	2	2	2	0.0592369477912	0.143665158371
2361	train	data_pandit/aa/2361/data.2361	9	608	high-gap	0.210709064327	0.319078947368	0.266447368421	0.230263157895	169	6.8224852071	3	21	0.0592369477912	0.143665158371
2362	train	data_pandit/aa/2362/data.2362	44	723	high-gap	0.554602036967	0.745504840941	0.63347164592	0.579529737206	591	29.8527918782	5	110	0.0592369477912	0.143665158371
2363	train	data_pandit/aa/2363/data.2363	16	382	mid-gap	0.14152486911	0.337696335079	0.20942408377	0.0994764397906	155	5.58064516129	3	10	0.0592369477912	0.143665158371
2364	train	data_pandit/aa/2364/data.2364	12	133	mid-gap	0.118421052632	0.187969924812	0.142857142857	0.127819548872	45	4.2	2	11	0.0592369477912	0.143665158371
2365	train	data_pandit/aa/2365/data.2365	6	611	mid-gap	0.126022913257	0.189852700491	0.176759410802	0.163666121113	101	4.57425742574	2	9	0.0592369477912	0.143665158371
2371	train	data_pandit/aa/2371/data.2371	12	227	mid-gap	0.142804698972	0.233480176211	0.176211453744	0.162995594714	118	3.29661016949	2	9	0.0592369477912	0.143665158371
2373	train	data_pandit/aa/2373/data.2373	8	268	low-gap	0.0279850746269	0.0559701492537	0.0373134328358	0.0261194029851	33	1.81818181818	1	5	0.0592369477912	0.143665158371
2374	train	data_pandit/aa/2374/data.2374	5	543	mid-gap	0.113812154696	0.211786372007	0.162062615101	0.127071823204	93	3.32258064516	2	6	0.0592369477912	0.143665158371
2375	train	data_pandit/aa/2375/data.2375	10	150	high-gap	0.22	0.493333333333	0.42	0.38	61	5.40983606557	2	8	0.0592369477912	0.143665158371
2376	train	data_pandit/aa/2376/data.2376	6	180	mid-gap	0.0833333333333	0.227777777778	0.122222222222	0.0944444444444	27	3.33333333333	2	7	0.0592369477912	0.143665158371
2378	train	data_pandit/aa/2378/data.2378	7	428	mid-gap	0.0777703604806	0.158878504673	0.109813084112	0.0654205607477	43	5.41860465116	2	14	0.0592369477912	0.143665158371
2380	train	data_pandit/aa/2380/data.2380	13	226	high-gap	0.335602450647	0.615044247788	0.407079646018	0.353982300885	67	14.7164179104	4	60	0.0592369477912	0.143665158371
2381	train	data_pandit/aa/2381/data.2381	100	216	high-gap	0.299444444444	0.601851851852	0.310185185185	0.300925925926	1882	3.43676939426	2	7	0.0592369477912	0.143665158371
2382	train	data_pandit/aa/2382/data.2382	54	131	high-gap	0.227735368957	0.427480916031	0.251908396947	0.251908396947	320	5.034375	4	12	0.0592369477912	0.143665158371
2383	train	data_pandit/aa/2383/data.2383	4	74	low-gap	0.00675675675676	0.0135135135135	0.0135135135135	0.0135135135135	2	1	1	1	0.0592369477912	0.143665158371
2385	train	data_pandit/aa/2385/data.2385	6	207	low-gap	0.00805152979066	0.00966183574879	0.00966183574879	0.00966183574879	5	2	2	2	0.0592369477912	0.143665158371
2386	train	data_pandit/aa/2386/data.2386	21	241	high-gap	0.469472436277	0.547717842324	0.510373443983	0.497925311203	128	18.5625	7	83	0.0592369477912	0.143665158371
2387	train	data_pandit/aa/2387/data.2387	6	259	low-gap	0.0592020592021	0.108108108108	0.0888030888031	0.0694980694981	42	2.19047619048	2	5	0.0592369477912	0.143665158371
2388	train	data_pandit/aa/2388/data.2388	63	231	high-gap	0.431663574521	0.722943722944	0.463203463203	0.419913419913	1704	3.68661971831	3	8	0.0592369477912	0.143665158371
2389	train	data_pandit/aa/2389/data.2389	18	361	high-gap	0.223607263773	0.556786703601	0.265927977839	0.213296398892	226	6.42920353982	4	16	0.0592369477912	0.143665158371
2390	train	data_pandit/aa/2390/data.2390	10	204	mid-gap	0.0759803921569	0.377450980392	0.0833333333333	0.0343137254902	37	4.18918918919	2	4	0.0592369477912	0.143665158371
2391	train	data_pandit/aa/2391/data.2391	7	311	mid-gap	0.0927882406982	0.157556270096	0.11575562701	0.0932475884244	64	3.15625	2	7	0.0592369477912	0.143665158371
2392	train	data_pandit/aa/2392/data.2392	7	224	mid-gap	0.122448979592	0.209821428571	0.147321428571	0.133928571429	33	5.81818181818	4	14	0.0592369477912	0.143665158371
2393	train	data_pandit/aa/2393/data.2393	4	260	low-gap	0.0365384615385	0.1	0.1	0.0384615384615	19	2	2	3	0.0592369477912	0.143665158371
2396	train	data_pandit/aa/2396/data.2396	30	97	mid-gap	0.0611683848797	0.19587628866	0.0618556701031	0.0412371134021	103	1.72815533981	1	3	0.0592369477912	0.143665158371
2397	train	data_pandit/aa/2397/data.2397	40	179	high-gap	0.223044692737	0.553072625698	0.234636871508	0.22905027933	358	4.46089385475	2	14	0.0592369477912	0.143665158371
2398	train	data_pandit/aa/2398/data.2398	6	145	low-gap	0.0574712643678	0.11724137931	0.0827586206897	0.0620689655172	22	2.27272727273	1.5	4	0.0592369477912	0.143665158371
2399	train	data_pandit/aa/2399/data.2399	10	267	high-gap	0.169288389513	0.280898876404	0.213483146067	0.194756554307	81	5.58024691358	4	16	0.0592369477912	0.143665158371
2400	train	data_pandit/aa/2400/data.2400	84	161	high-gap	0.397293700089	0.670807453416	0.428571428571	0.391304347826	704	7.63210227273	2	28	0.0592369477912	0.143665158371
2404	train	data_pandit/aa/2404/data.2404	8	64	low-gap	0.025390625	0.03125	0.03125	0.03125	7	1.85714285714	2	2	0.0592369477912	0.143665158371
2405	train	data_pandit/aa/2405/data.2405	96	268	high-gap	0.495996579602	0.805970149254	0.567164179104	0.522388059701	1002	12.7355289421	6	37	0.0592369477912	0.143665158371
2406	train	data_pandit/aa/2406/data.2406	23	441	high-gap	0.496500049295	0.791383219955	0.539682539683	0.507936507937	706	7.13314447592	4	24	0.0592369477912	0.143665158371
2407	train	data_pandit/aa/2407/data.2407	137	142	high-gap	0.400483191118	0.478873239437	0.429577464789	0.415492957746	469	16.6119402985	18	40	0.0592369477912	0.143665158371
2408	train	data_pandit/aa/2408/data.2408	4	141	mid-gap	0.0673758865248	0.156028368794	0.156028368794	0.0780141843972	9	4.22222222222	5	7	0.0592369477912	0.143665158371
2409	train	data_pandit/aa/2409/data.2409	31	178	mid-gap	0.131569409206	0.376404494382	0.151685393258	0.129213483146	97	7.48453608247	6	14	0.0592369477912	0.143665158371
2410	train	data_pandit/aa/2410/data.2410	5	235	low-gap	0.00425531914894	0.00851063829787	0.00425531914894	0.00425531914894	5	1	1	1	0.0592369477912	0.143665158371
2414	train	data_pandit/aa/2414/data.2414	6	381	low-gap	0.0218722659668	0.0918635170604	0.0157480314961	0.00787401574803	19	2.63157894737	2	3	0.0592369477912	0.143665158371
2415	train	data_pandit/aa/2415/data.2415	9	238	mid-gap	0.0760971055089	0.163865546218	0.100840336134	0.0714285714286	70	2.32857142857	2	5	0.0592369477912	0.143665158371
2418	train	data_pandit/aa/2418/data.2418	34	65	mid-gap	0.0597285067873	0.138461538462	0.0769230769231	0.0769230769231	90	1.46666666667	1	3	0.0592369477912	0.143665158371
2419	train	data_pandit/aa/2419/data.2419	8	165	mid-gap	0.106060606061	0.212121212121	0.206060606061	0.175757575758	28	5	2	19	0.0592369477912	0.143665158371
2421	train	data_pandit/aa/2421/data.2421	13	266	mid-gap	0.132735685367	0.281954887218	0.169172932331	0.12030075188	148	3.10135135135	3	5	0.0592369477912	0.143665158371
2422	train	data_pandit/aa/2422/data.2422	4	129	low-gap	0.0135658914729	0.031007751938	0.031007751938	0.0232558139535	5	1.4	1	2	0.0592369477912	0.143665158371
2425	train	data_pandit/aa/2425/data.2425	7	361	mid-gap	0.100910170162	0.252077562327	0.15512465374	0.0914127423823	65	3.92307692308	3	9	0.0592369477912	0.143665158371
2426	train	data_pandit/aa/2426/data.2426	12	91	low-gap	0.040293040293	0.153846153846	0.043956043956	0.032967032967	13	3.38461538462	3	4	0.0592369477912	0.143665158371
2428	train	data_pandit/aa/2428/data.2428	20	65	low-gap	0.0238461538462	0.107692307692	0.0307692307692	0.0153846153846	22	1.40909090909	1	2	0.0592369477912	0.143665158371
2431	train	data_pandit/aa/2431/data.2431	5	166	low-gap	0.033734939759	0.0602409638554	0.0421686746988	0.0421686746988	8	3.5	3.5	5	0.0592369477912	0.143665158371
2433	train	data_pandit/aa/2433/data.2433	8	348	low-gap	0.0416666666667	0.0862068965517	0.0603448275862	0.0402298850575	43	2.6976744186	2	7	0.0592369477912	0.143665158371
2434	train	data_pandit/aa/2434/data.2434	11	284	high-gap	0.225032010243	0.573943661972	0.37323943662	0.161971830986	116	6.06034482759	4	12	0.0592369477912	0.143665158371
2436	train	data_pandit/aa/2436/data.2436	39	368	high-gap	0.192447045708	0.524456521739	0.23097826087	0.1875	585	4.72136752137	2	11	0.0592369477912	0.143665158371
2437	train	data_pandit/aa/2437/data.2437	32	198	high-gap	0.182607323232	0.449494949495	0.212121212121	0.186868686869	128	9.0390625	8	18	0.0592369477912	0.143665158371
2439	train	data_pandit/aa/2439/data.2439	31	227	high-gap	0.192837857041	0.471365638767	0.215859030837	0.198237885463	492	2.7581300813	2	5	0.0592369477912	0.143665158371
2440	train	data_pandit/aa/2440/data.2440	5	126	low-gap	0.015873015873	0.031746031746	0.031746031746	0.00793650793651	10	1	1	1	0.0592369477912	0.143665158371
2442	train	data_pandit/aa/2442/data.2442	28	85	high-gap	0.150420168067	0.541176470588	0.152941176471	0.152941176471	211	1.69668246445	1	4	0.0592369477912	0.143665158371
2443	train	data_pandit/aa/2443/data.2443	5	298	mid-gap	0.061744966443	0.107382550336	0.0906040268456	0.0604026845638	34	2.70588235294	2	6	0.0592369477912	0.143665158371
2445	train	data_pandit/aa/2445/data.2445	6	397	high-gap	0.209907640638	0.372795969773	0.332493702771	0.256926952141	119	4.20168067227	2	10	0.0592369477912	0.143665158371
2447	train	data_pandit/aa/2447/data.2447	6	188	low-gap	0.052304964539	0.11170212766	0.0744680851064	0.0744680851064	21	2.80952380952	2	6	0.0592369477912	0.143665158371
2449	train	data_pandit/aa/2449/data.2449	9	189	high-gap	0.177542621987	0.375661375661	0.232804232804	0.185185185185	52	5.80769230769	4.5	12	0.0592369477912	0.143665158371
2450	train	data_pandit/aa/2450/data.2450	5	266	mid-gap	0.110526315789	0.218045112782	0.154135338346	0.109022556391	39	3.76923076923	2	11	0.0592369477912	0.143665158371
2451	train	data_pandit/aa/2451/data.2451	7	258	mid-gap	0.0819490586932	0.209302325581	0.143410852713	0.0542635658915	31	4.77419354839	3	10	0.0592369477912	0.143665158371
2452	train	data_pandit/aa/2452/data.2452	24	138	mid-gap	0.128321256039	0.311594202899	0.166666666667	0.144927536232	122	3.48360655738	2	13	0.0592369477912	0.143665158371
2453	train	data_pandit/aa/2453/data.2453	24	430	high-gap	0.35765503876	0.562790697674	0.43023255814	0.379069767442	574	6.43031358885	3	19	0.0592369477912	0.143665158371
2454	train	data_pandit/aa/2454/data.2454	149	208	high-gap	0.297786525555	0.596153846154	0.341346153846	0.283653846154	2932	3.14768076398	2	9	0.0592369477912	0.143665158371
2455	train	data_pandit/aa/2455/data.2455	4	466	mid-gap	0.125536480687	0.236051502146	0.236051502146	0.18669527897	56	4.17857142857	2	13	0.0592369477912	0.143665158371
2456	train	data_pandit/aa/2456/data.2456	4	146	low-gap	0.0102739726027	0.041095890411	0.041095890411	0	3	2	1	1	0.0592369477912	0.143665158371
2457	train	data_pandit/aa/2457/data.2457	5	104	low-gap	0.0403846153846	0.115384615385	0.0384615384615	0.0288461538462	16	1.3125	1	2	0.0592369477912	0.143665158371
2458	train	data_pandit/aa/2458/data.2458	5	269	low-gap	0.0312267657993	0.0594795539033	0.0408921933086	0.0371747211896	20	2.1	2	3	0.0592369477912	0.143665158371
2459	train	data_pandit/aa/2459/data.2459	28	152	high-gap	0.222979323308	0.407894736842	0.25	0.223684210526	352	2.69602272727	1	6	0.0592369477912	0.143665158371
2460	train	data_pandit/aa/2460/data.2460	52	249	high-gap	0.14874884152	0.341365461847	0.156626506024	0.152610441767	391	4.92583120205	2	11	0.0592369477912	0.143665158371
2461	train	data_pandit/aa/2461/data.2461	23	332	mid-gap	0.0979570455736	0.243975903614	0.135542168675	0.0843373493976	174	4.29885057471	3	8	0.0592369477912	0.143665158371
2462	train	data_pandit/aa/2462/data.2462	5	93	low-gap	0.0559139784946	0.0860215053763	0.0752688172043	0.0645161290323	16	1.625	1	3	0.0592369477912	0.143665158371
2463	train	data_pandit/aa/2463/data.2463	5	308	mid-gap	0.0753246753247	0.175324675325	0.133116883117	0.038961038961	32	3.625	2.5	4	0.0592369477912	0.143665158371
2464	train	data_pandit/aa/2464/data.2464	4	313	mid-gap	0.073482428115	0.137380191693	0.137380191693	0.127795527157	25	3.68	3	9	0.0592369477912	0.143665158371
2465	train	data_pandit/aa/2465/data.2465	8	575	mid-gap	0.0889130434783	0.15652173913	0.12347826087	0.0921739130435	73	5.60273972603	3	13	0.0592369477912	0.143665158371
2466	train	data_pandit/aa/2466/data.2466	52	456	high-gap	0.383223684211	0.563596491228	0.425438596491	0.414473684211	716	12.6913407821	6	37	0.0592369477912	0.143665158371
2467	train	data_pandit/aa/2467/data.2467	8	250	mid-gap	0.073	0.148	0.116	0.076	50	2.92	3	6	0.0592369477912	0.143665158371
2470	train	data_pandit/aa/2470/data.2470	7	129	low-gap	0.0332225913621	0.062015503876	0.0542635658915	0.031007751938	22	1.36363636364	1	2	0.0592369477912	0.143665158371
2472	train	data_pandit/aa/2472/data.2472	9	233	high-gap	0.179303767287	0.261802575107	0.227467811159	0.214592274678	48	7.83333333333	7	16	0.0592369477912	0.143665158371
2473	train	data_pandit/aa/2473/data.2473	35	151	high-gap	0.183538315989	0.311258278146	0.23178807947	0.211920529801	161	6.0248447205	7	11	0.0592369477912	0.143665158371
2474	train	data_pandit/aa/2474/data.2474	6	127	low-gap	0.0196850393701	0.0236220472441	0.0236220472441	0.0236220472441	5	3	3	3	0.0592369477912	0.143665158371
2477	train	data_pandit/aa/2477/data.2477	8	286	high-gap	0.181818181818	0.27972027972	0.251748251748	0.22027972028	44	9.45454545455	5	27	0.0592369477912	0.143665158371
2478	train	data_pandit/aa/2478/data.2478	13	324	high-gap	0.349477682811	0.472222222222	0.41049382716	0.37962962963	94	15.6595744681	6	67	0.0592369477912	0.143665158371
2479	train	data_pandit/aa/2479/data.2479	4	478	low-gap	0.0507322175732	0.081589958159	0.081589958159	0.071129707113	25	3.88	3	7	0.0592369477912	0.143665158371
2480	train	data_pandit/aa/2480/data.2480	4	301	mid-gap	0.0639534883721	0.116279069767	0.116279069767	0.0897009966777	29	2.65517241379	2	7	0.0592369477912	0.143665158371
2484	train	data_pandit/aa/2484/data.2484	4	72	low-gap	0.0208333333333	0.0416666666667	0.0416666666667	0.0277777777778	6	1	1	1	0.0592369477912	0.143665158371
2485	train	data_pandit/aa/2485/data.2485	22	290	mid-gap	0.118652037618	0.255172413793	0.158620689655	0.124137931034	283	2.67491166078	1	6	0.0592369477912	0.143665158371
2486	train	data_pandit/aa/2486/data.2486	20	176	mid-gap	0.0985795454545	0.215909090909	0.130681818182	0.130681818182	46	7.54347826087	2	21	0.0592369477912	0.143665158371
2488	train	data_pandit/aa/2488/data.2488	5	226	mid-gap	0.122123893805	0.181415929204	0.154867256637	0.146017699115	19	7.26315789474	4	19	0.0592369477912	0.143665158371
2489	train	data_pandit/aa/2489/data.2489	4	214	low-gap	0.053738317757	0.088785046729	0.088785046729	0.0841121495327	14	3.28571428571	2	4	0.0592369477912	0.143665158371
2491	train	data_pandit/aa/2491/data.2491	7	280	mid-gap	0.0969387755102	0.175	0.128571428571	0.110714285714	53	3.58490566038	2	10	0.0592369477912	0.143665158371
2493	train	data_pandit/aa/2493/data.2493	4	164	mid-gap	0.0792682926829	0.121951219512	0.121951219512	0.115853658537	10	5.2	4.5	11	0.0592369477912	0.143665158371
2494	train	data_pandit/aa/2494/data.2494	5	215	mid-gap	0.0679069767442	0.139534883721	0.0837209302326	0.0697674418605	20	3.65	2	8	0.0592369477912	0.143665158371
2495	train	data_pandit/aa/2495/data.2495	10	264	high-gap	0.221212121212	0.371212121212	0.287878787879	0.219696969697	62	9.41935483871	4	29	0.0592369477912	0.143665158371
2496	train	data_pandit/aa/2496/data.2496	8	386	low-gap	0.0456606217617	0.137305699482	0.0751295336788	0.0336787564767	61	2.31147540984	2	4	0.0592369477912	0.143665158371
2498	train	data_pandit/aa/2498/data.2498	15	90	high-gap	0.191851851852	0.311111111111	0.2	0.2	71	3.64788732394	3	6	0.0592369477912	0.143665158371
2499	train	data_pandit/aa/2499/data.2499	166	289	high-gap	0.382832367532	0.602076124567	0.425605536332	0.401384083045	1286	14.2814930016	11	35	0.0592369477912	0.143665158371
2500	train	data_pandit/aa/2500/data.2500	12	134	low-gap	0.00186567164179	0.0223880597015	0	0	3	1	1	1	0.0592369477912	0.143665158371
2502	train	data_pandit/aa/2502/data.2502	25	176	mid-gap	0.0952272727273	0.238636363636	0.107954545455	0.0909090909091	99	4.23232323232	2	13	0.0592369477912	0.143665158371
2505	train	data_pandit/aa/2505/data.2505	15	329	high-gap	0.263221884498	0.607902735562	0.382978723404	0.237082066869	240	5.4125	4	12	0.0592369477912	0.143665158371
2507	train	data_pandit/aa/2507/data.2507	5	75	mid-gap	0.0933333333333	0.24	0.12	0.08	17	2.05882352941	1	4	0.0592369477912	0.143665158371
2508	train	data_pandit/aa/2508/data.2508	126	293	high-gap	0.465599436589	0.733788395904	0.508532423208	0.474402730375	1423	12.0794096978	5	33	0.0592369477912	0.143665158371
2509	train	data_pandit/aa/2509/data.2509	10	85	low-gap	0.0223529411765	0.0588235294118	0.0352941176471	0.0117647058824	12	1.58333333333	2	2	0.0592369477912	0.143665158371
2510	train	data_pandit/aa/2510/data.2510	5	80	low-gap	0.005	0.025	0	0	2	1	1	1	0.0592369477912	0.143665158371
2511	train	data_pandit/aa/2511/data.2511	12	63	low-gap	0	0	0	0	0	0	0	0	0.0592369477912	0.143665158371
2512	train	data_pandit/aa/2512/data.2512	24	210	low-gap	0.00674603174603	0.0380952380952	0.0047619047619	0.0047619047619	27	1.25925925926	1	1	0.0592369477912	0.143665158371
2515	train	data_pandit/aa/2515/data.2515	10	823	mid-gap	0.116281895504	0.270959902795	0.13730255164	0.115431348724	161	5.94409937888	4	13	0.0592369477912	0.143665158371
2516	train	data_pandit/aa/2516/data.2516	42	281	high-gap	0.425097441112	0.754448398577	0.548042704626	0.508896797153	411	12.2068126521	2	15	0.0592369477912	0.143665158371
2517	train	data_pandit/aa/2517/data.2517	7	235	high-gap	0.148328267477	0.302127659574	0.191489361702	0.131914893617	54	4.51851851852	2	11	0.0592369477912	0.143665158371
2518	train	data_pandit/aa/2518/data.2518	9	330	high-gap	0.1632996633	0.212121212121	0.184848484848	0.184848484848	76	6.38157894737	1	9	0.0592369477912	0.143665158371
2520	train	data_pandit/aa/2520/data.2520	13	109	high-gap	0.155963302752	0.412844036697	0.220183486239	0.137614678899	89	2.48314606742	2	5	0.0592369477912	0.143665158371
2521	train	data_pandit/aa/2521/data.2521	14	106	mid-gap	0.0694070080863	0.38679245283	0.0377358490566	0.0377358490566	26	3.96153846154	2	10	0.0592369477912	0.143665158371
2522	train	data_pandit/aa/2522/data.2522	12	551	high-gap	0.212038717483	0.330308529946	0.252268602541	0.230490018149	245	5.72244897959	2	13	0.0592369477912	0.143665158371
2523	train	data_pandit/aa/2523/data.2523	9	285	mid-gap	0.0803118908382	0.154385964912	0.129824561404	0.080701754386	49	4.20408163265	1	10	0.0592369477912	0.143665158371
2524	train	data_pandit/aa/2524/data.2524	79	334	mid-gap	0.14147654059	0.248502994012	0.209580838323	0.12874251497	911	4.09769484083	2	11	0.0592369477912	0.143665158371
2527	train	data_pandit/aa/2527/data.2527	8	246	high-gap	0.1875	0.390243902439	0.260162601626	0.182926829268	53	6.96226415094	5	13	0.0592369477912	0.143665158371
2529	train	data_pandit/aa/2529/data.2529	7	833	high-gap	0.274052478134	0.39855942377	0.351740696279	0.321728691477	165	9.68484848485	3	23	0.0592369477912	0.143665158371
2530	train	data_pandit/aa/2530/data.2530	5	165	low-gap	0.00969696969697	0.0484848484848	0	0	1	8	8	8	0.0592369477912	0.143665158371
2532	train	data_pandit/aa/2532/data.2532	18	112	mid-gap	0.0952380952381	0.169642857143	0.133928571429	0.0982142857143	89	2.15730337079	2	4	0.0592369477912	0.143665158371
2533	train	data_pandit/aa/2533/data.2533	21	168	mid-gap	0.140022675737	0.261904761905	0.160714285714	0.142857142857	146	3.38356164384	2	10	0.0592369477912	0.143665158371
2534	train	data_pandit/aa/2534/data.2534	12	243	high-gap	0.150548696845	0.242798353909	0.185185185185	0.16049382716	97	4.52577319588	4	9	0.0592369477912	0.143665158371
2535	train	data_pandit/aa/2535/data.2535	7	173	low-gap	0.0371593724195	0.0809248554913	0.0520231213873	0.028901734104	27	1.66666666667	1	3	0.0592369477912	0.143665158371
2539	train	data_pandit/aa/2539/data.2539	29	332	high-gap	0.374844204404	0.506024096386	0.427710843373	0.382530120482	418	8.63397129187	3	39	0.0592369477912	0.143665158371
2541	train	data_pandit/aa/2541/data.2541	77	213	high-gap	0.147247119078	0.361502347418	0.150234741784	0.145539906103	1068	2.26123595506	1	6	0.0592369477912	0.143665158371
2543	train	data_pandit/aa/2543/data.2543	27	197	high-gap	0.15322429028	0.329949238579	0.172588832487	0.152284263959	209	3.8995215311	2	12	0.0592369477912	0.143665158371
2545	train	data_pandit/aa/2545/data.2545	9	158	low-gap	0.0478199718706	0.0949367088608	0.0506329113924	0.0443037974684	35	1.94285714286	2	3	0.0592369477912	0.143665158371
2546	train	data_pandit/aa/2546/data.2546	10	73	low-gap	0.0328767123288	0.0958904109589	0.041095890411	0.027397260274	13	1.84615384615	2	2	0.0592369477912	0.143665158371
2547	train	data_pandit/aa/2547/data.2547	23	111	high-gap	0.257735996866	0.477477477477	0.306306306306	0.279279279279	112	5.875	6	12	0.0592369477912	0.143665158371
2549	train	data_pandit/aa/2549/data.2549	5	271	low-gap	0.0118081180812	0.0184501845018	0.0147601476015	0.0147601476015	12	1.33333333333	1	2	0.0592369477912	0.143665158371
2550	train	data_pandit/aa/2550/data.2550	9	133	mid-gap	0.106934001671	0.308270676692	0.218045112782	0.0977443609023	23	5.5652173913	5	11	0.0592369477912	0.143665158371
2553	train	data_pandit/aa/2553/data.2553	19	98	mid-gap	0.0982814178303	0.204081632653	0.112244897959	0.102040816327	64	2.859375	2	6	0.0592369477912	0.143665158371
2554	train	data_pandit/aa/2554/data.2554	4	203	low-gap	0	0	0	0	0	0	0	0	0.0592369477912	0.143665158371
2555	train	data_pandit/aa/2555/data.2555	4	64	high-gap	0.1640625	0.3125	0.3125	0.1875	4	10.5	13	14	0.0592369477912	0.143665158371
2556	train	data_pandit/aa/2556/data.2556	64	257	high-gap	0.422543774319	0.68093385214	0.486381322957	0.463035019455	585	11.8803418803	4	31	0.0592369477912	0.143665158371
2557	train	data_pandit/aa/2557/data.2557	19	107	high-gap	0.227250368913	0.364485981308	0.271028037383	0.242990654206	93	4.96774193548	4	8	0.0592369477912	0.143665158371
2558	train	data_pandit/aa/2558/data.2558	66	96	high-gap	0.344223484848	0.572916666667	0.375	0.34375	411	5.30656934307	3	19	0.0592369477912	0.143665158371
2560	train	data_pandit/aa/2560/data.2560	4	18	low-gap	0.0138888888889	0.0555555555556	0.0555555555556	0	1	1	1	1	0.0592369477912	0.143665158371
2562	train	data_pandit/aa/2562/data.2562	10	92	low-gap	0.054347826087	0.108695652174	0.0760869565217	0.0652173913043	15	3.33333333333	2	6	0.0592369477912	0.143665158371
2569	train	data_pandit/aa/2569/data.2569	18	144	high-gap	0.236882716049	0.645833333333	0.326388888889	0.173611111111	65	9.44615384615	6	22	0.0592369477912	0.143665158371
2570	train	data_pandit/aa/2570/data.2570	15	130	mid-gap	0.102564102564	0.192307692308	0.130769230769	0.107692307692	53	3.77358490566	3	7	0.0592369477912	0.143665158371
2571	train	data_pandit/aa/2571/data.2571	16	128	low-gap	0.04931640625	0.0859375	0.0625	0.0546875	58	1.74137931034	2	2	0.0592369477912	0.143665158371
2572	train	data_pandit/aa/2572/data.2572	174	242	high-gap	0.351334663247	0.710743801653	0.409090909091	0.363636363636	2156	6.86178107607	4	22	0.0592369477912	0.143665158371
2574	train	data_pandit/aa/2574/data.2574	10	130	mid-gap	0.106923076923	0.153846153846	0.115384615385	0.115384615385	49	2.83673469388	2	8	0.0592369477912	0.143665158371
2575	train	data_pandit/aa/2575/data.2575	12	127	low-gap	0.0380577427822	0.0629921259843	0.0551181102362	0.0314960629921	15	3.86666666667	4	4	0.0592369477912	0.143665158371
2576	train	data_pandit/aa/2576/data.2576	12	145	low-gap	0.0522988505747	0.179310344828	0.048275862069	0.048275862069	30	3.03333333333	2	3	0.0592369477912	0.143665158371
2577	train	data_pandit/aa/2577/data.2577	32	239	high-gap	0.247384937238	0.510460251046	0.359832635983	0.242677824268	329	5.75075987842	3	12	0.0592369477912	0.143665158371
2579	train	data_pandit/aa/2579/data.2579	21	183	low-gap	0.0580275826177	0.103825136612	0.0710382513661	0.0655737704918	86	2.59302325581	3	5	0.0592369477912	0.143665158371
2580	train	data_pandit/aa/2580/data.2580	27	120	mid-gap	0.111419753086	0.175	0.116666666667	0.108333333333	229	1.57641921397	2	2	0.0592369477912	0.143665158371
2581	train	data_pandit/aa/2581/data.2581	5	78	mid-gap	0.0820512820513	0.205128205128	0.115384615385	0.0512820512821	15	2.13333333333	1	3	0.0592369477912	0.143665158371
2582	train	data_pandit/aa/2582/data.2582	116	247	high-gap	0.27066173391	0.404858299595	0.34008097166	0.287449392713	862	8.99651972158	5	24	0.0592369477912	0.143665158371
2583	train	data_pandit/aa/2583/data.2583	83	142	high-gap	0.145341931105	0.464788732394	0.161971830986	0.12676056338	718	2.38579387187	2	4	0.0592369477912	0.143665158371
2584	train	data_pandit/aa/2584/data.2584	12	311	low-gap	0.0495712754555	0.122186495177	0.0707395498392	0.0546623794212	75	2.46666666667	2	4	0.0592369477912	0.143665158371
2587	train	data_pandit/aa/2587/data.2587	17	294	high-gap	0.153461384554	0.268707482993	0.197278911565	0.173469387755	217	3.53456221198	3	6	0.0592369477912	0.143665158371
2588	train	data_pandit/aa/2588/data.2588	61	131	high-gap	0.177324490051	0.274809160305	0.18320610687	0.18320610687	422	3.35781990521	2	10	0.0592369477912	0.143665158371
2589	train	data_pandit/aa/2589/data.2589	20	276	high-gap	0.162137681159	0.278985507246	0.25	0.155797101449	134	6.67910447761	2	28	0.0592369477912	0.143665158371
2590	train	data_pandit/aa/2590/data.2590	44	156	high-gap	0.201631701632	0.314102564103	0.211538461538	0.205128205128	300	4.61333333333	3	17	0.0592369477912	0.143665158371
2593	train	data_pandit/aa/2593/data.2593	32	93	mid-gap	0.0887096774194	0.139784946237	0.10752688172	0.10752688172	91	2.9010989011	3	6	0.0592369477912	0.143665158371
2596	train	data_pandit/aa/2596/data.2596	50	102	high-gap	0.335882352941	0.578431372549	0.421568627451	0.333333333333	188	9.11170212766	4	25	0.0592369477912	0.143665158371
2598	train	data_pandit/aa/2598/data.2598	13	117	mid-gap	0.0867850098619	0.384615384615	0.102564102564	0.034188034188	54	2.44444444444	1	5	0.0592369477912	0.143665158371
2599	train	data_pandit/aa/2599/data.2599	14	54	high-gap	0.164021164021	0.240740740741	0.185185185185	0.166666666667	34	3.64705882353	2	6	0.0592369477912	0.143665158371
2601	train	data_pandit/aa/2601/data.2601	61	105	high-gap	0.281030444965	0.590476190476	0.361904761905	0.27619047619	325	5.53846153846	3	15	0.0592369477912	0.143665158371
2603	train	data_pandit/aa/2603/data.2603	72	179	mid-gap	0.118637492241	0.27374301676	0.128491620112	0.122905027933	583	2.62264150943	2	6	0.0592369477912	0.143665158371
2605	train	data_pandit/aa/2605/data.2605	24	156	high-gap	0.183760683761	0.230769230769	0.211538461538	0.211538461538	86	8	6	18	0.0592369477912	0.143665158371
2607	train	data_pandit/aa/2607/data.2607	28	66	low-gap	0.000541125541126	0.0151515151515	0	0	1	1	1	1	0.0592369477912	0.143665158371
2608	train	data_pandit/aa/2608/data.2608	44	97	mid-gap	0.122539831303	0.381443298969	0.185567010309	0.113402061856	209	2.5023923445	2	3	0.0592369477912	0.143665158371
2609	train	data_pandit/aa/2609/data.2609	6	84	low-gap	0.0297619047619	0.0952380952381	0.0833333333333	0	4	3.75	3.5	4	0.0592369477912	0.143665158371
2611	train	data_pandit/aa/2611/data.2611	18	21	low-gap	0.021164021164	0.190476190476	0	0	4	2	2	2	0.0592369477912	0.143665158371
2612	train	data_pandit/aa/2612/data.2612	70	592	high-gap	0.671597490347	0.871621621622	0.722972972973	0.685810810811	1453	19.154163799	4	35	0.0592369477912	0.143665158371
2613	train	data_pandit/aa/2613/data.2613	16	137	low-gap	0.0574817518248	0.131386861314	0.131386861314	0.043795620438	35	3.6	4	4	0.0592369477912	0.143665158371
2615	train	data_pandit/aa/2615/data.2615	25	75	mid-gap	0.0736	0.146666666667	0.08	0.08	95	1.45263157895	1	2	0.0592369477912	0.143665158371
2616	train	data_pandit/aa/2616/data.2616	31	296	high-gap	0.364102005231	0.560810810811	0.476351351351	0.358108108108	347	9.62824207493	5	28	0.0592369477912	0.143665158371
2617	train	data_pandit/aa/2617/data.2617	9	263	high-gap	0.207858048162	0.300380228137	0.266159695817	0.235741444867	78	6.30769230769	5	7	0.0592369477912	0.143665158371
2620	train	data_pandit/aa/2620/data.2620	6	47	mid-gap	0.0673758865248	0.127659574468	0.0851063829787	0.0851063829787	16	1.1875	1	2	0.0592369477912	0.143665158371
2623	train	data_pandit/aa/2623/data.2623	11	31	high-gap	0.143695014663	0.193548387097	0.193548387097	0.161290322581	28	1.75	1	3	0.0592369477912	0.143665158371
2624	train	data_pandit/aa/2624/data.2624	20	93	mid-gap	0.106451612903	0.150537634409	0.139784946237	0.118279569892	86	2.3023255814	2	4	0.0592369477912	0.143665158371
2626	train	data_pandit/aa/2626/data.2626	16	97	high-gap	0.197809278351	0.39175257732	0.20618556701	0.20618556701	104	2.95192307692	2	5	0.0592369477912	0.143665158371
2628	train	data_pandit/aa/2628/data.2628	4	74	low-gap	0.0135135135135	0.0540540540541	0.0540540540541	0	1	4	4	4	0.0592369477912	0.143665158371
2630	train	data_pandit/aa/2630/data.2630	6	106	low-gap	0.0377358490566	0.0849056603774	0.0754716981132	0.0283018867925	15	1.6	1	2	0.0592369477912	0.143665158371
2634	train	data_pandit/aa/2634/data.2634	11	170	high-gap	0.193582887701	0.382352941176	0.270588235294	0.247058823529	96	3.77083333333	3	11	0.0592369477912	0.143665158371
2636	train	data_pandit/aa/2636/data.2636	12	364	high-gap	0.177884615385	0.326923076923	0.239010989011	0.18956043956	154	5.04545454545	2	18	0.0592369477912	0.143665158371
2638	train	data_pandit/aa/2638/data.2638	10	144	mid-gap	0.0951388888889	0.229166666667	0.104166666667	0.0902777777778	58	2.36206896552	2	5	0.0592369477912	0.143665158371
2640	train	data_pandit/aa/2640/data.2640	6	148	low-gap	0.0157657657658	0.0202702702703	0.0202702702703	0.0202702702703	14	1	1	1	0.0592369477912	0.143665158371
2642	train	data_pandit/aa/2642/data.2642	19	94	mid-gap	0.116461366181	0.287234042553	0.117021276596	0.117021276596	106	1.96226415094	1	5	0.0592369477912	0.143665158371
2645	train	data_pandit/aa/2645/data.2645	24	43	low-gap	0.0077519379845	0.0232558139535	0.0232558139535	0	8	1	1	1	0.0592369477912	0.143665158371
2647	train	data_pandit/aa/2647/data.2647	104	141	high-gap	0.217403164212	0.567375886525	0.22695035461	0.219858156028	1148	2.77700348432	1	6	0.0592369477912	0.143665158371
2648	train	data_pandit/aa/2648/data.2648	46	375	high-gap	0.425797101449	0.576	0.504	0.477333333333	538	13.6524163569	6	36	0.0592369477912	0.143665158371
2650	train	data_pandit/aa/2650/data.2650	12	279	high-gap	0.273894862605	0.566308243728	0.376344086022	0.308243727599	78	11.7564102564	4	34	0.0592369477912	0.143665158371
2651	train	data_pandit/aa/2651/data.2651	51	74	low-gap	0.0540540540541	0.162162162162	0.0540540540541	0.0540540540541	147	1.38775510204	1	2	0.0592369477912	0.143665158371
2652	train	data_pandit/aa/2652/data.2652	9	269	mid-gap	0.0665014456836	0.14126394052	0.10780669145	0.0557620817844	52	3.09615384615	2	6	0.0592369477912	0.143665158371
2654	train	data_pandit/aa/2654/data.2654	30	211	high-gap	0.192890995261	0.36018957346	0.24644549763	0.194312796209	301	4.05647840532	2	10	0.0592369477912	0.143665158371
2655	train	data_pandit/aa/2655/data.2655	14	645	high-gap	0.172535991141	0.297674418605	0.207751937984	0.176744186047	277	5.62454873646	3	15	0.0592369477912	0.143665158371
2656	train	data_pandit/aa/2656/data.2656	13	182	high-gap	0.153846153846	0.258241758242	0.230769230769	0.159340659341	59	6.16949152542	4	11	0.0592369477912	0.143665158371
2657	train	data_pandit/aa/2657/data.2657	11	92	mid-gap	0.138339920949	0.282608695652	0.217391304348	0.173913043478	34	4.11764705882	5	6	0.0592369477912	0.143665158371
2658	train	data_pandit/aa/2658/data.2658	61	254	high-gap	0.323544597909	0.594488188976	0.40157480315	0.346456692913	517	9.69632495164	8	21	0.0592369477912	0.143665158371
2662	train	data_pandit/aa/2662/data.2662	6	112	low-gap	0.0416666666667	0.0892857142857	0.0625	0.0535714285714	18	1.55555555556	2	2	0.0592369477912	0.143665158371
2664	train	data_pandit/aa/2664/data.2664	90	173	high-gap	0.195761078998	0.416184971098	0.225433526012	0.196531791908	799	3.81476846058	4	6	0.0592369477912	0.143665158371
2670	train	data_pandit/aa/2670/data.2670	5	84	mid-gap	0.1	0.166666666667	0.130952380952	0.119047619048	14	3	3	5	0.0592369477912	0.143665158371
2673	train	data_pandit/aa/2673/data.2673	13	140	mid-gap	0.140659340659	0.228571428571	0.178571428571	0.15	47	5.44680851064	2	13	0.0592369477912	0.143665158371
2676	train	data_pandit/aa/2676/data.2676	15	151	mid-gap	0.0697571743929	0.139072847682	0.0927152317881	0.0662251655629	99	1.59595959596	1	4	0.0592369477912	0.143665158371
2677	train	data_pandit/aa/2677/data.2677	9	53	low-gap	0.0041928721174	0.0377358490566	0	0	1	2	2	2	0.0592369477912	0.143665158371
2678	train	data_pandit/aa/2678/data.2678	33	65	high-gap	0.276923076923	0.492307692308	0.338461538462	0.292307692308	159	3.7358490566	3	7	0.0592369477912	0.143665158371
2679	train	data_pandit/aa/2679/data.2679	37	107	high-gap	0.326092447588	0.523364485981	0.383177570093	0.364485981308	198	6.5202020202	6	15	0.0592369477912	0.143665158371
2680	train	data_pandit/aa/2680/data.2680	37	151	high-gap	0.265437623054	0.576158940397	0.298013245033	0.264900662252	234	6.33760683761	3	20	0.0592369477912	0.143665158371
2681	train	data_pandit/aa/2681/data.2681	17	69	mid-gap	0.106564364876	0.217391304348	0.115942028986	0.115942028986	22	5.68181818182	5	8	0.0592369477912	0.143665158371
2682	train	data_pandit/aa/2682/data.2682	17	381	high-gap	0.186814883434	0.278215223097	0.233595800525	0.230971128609	240	5.04166666667	2	10	0.0592369477912	0.143665158371
2685	train	data_pandit/aa/2685/data.2685	41	116	high-gap	0.254625735913	0.586206896552	0.258620689655	0.25	391	3.09718670077	2	7	0.0592369477912	0.143665158371
2686	train	data_pandit/aa/2686/data.2686	48	422	high-gap	0.359399684044	0.604265402844	0.457345971564	0.367298578199	984	7.39837398374	4	15	0.0592369477912	0.143665158371
2687	train	data_pandit/aa/2687/data.2687	11	734	mid-gap	0.143547188506	0.223433242507	0.200272479564	0.175749318801	259	4.4749034749	3	11	0.0592369477912	0.143665158371
2688	train	data_pandit/aa/2688/data.2688	32	509	high-gap	0.567841355599	0.776031434185	0.632612966601	0.585461689587	363	25.479338843	8	37	0.0592369477912	0.143665158371
2689	train	data_pandit/aa/2689/data.2689	11	127	mid-gap	0.0680028632785	0.228346456693	0.0787401574803	0.0551181102362	43	2.20930232558	2	5	0.0592369477912	0.143665158371
2691	train	data_pandit/aa/2691/data.2691	18	347	mid-gap	0.125680435479	0.219020172911	0.138328530259	0.135446685879	218	3.60091743119	2	7	0.0592369477912	0.143665158371
2692	train	data_pandit/aa/2692/data.2692	9	150	low-gap	0.00888888888889	0.0266666666667	0.0133333333333	0.00666666666667	12	1	1	1	0.0592369477912	0.143665158371
2694	train	data_pandit/aa/2694/data.2694	38	169	high-gap	0.211616318904	0.408284023669	0.254437869822	0.230769230769	183	7.4262295082	7	17	0.0592369477912	0.143665158371
2695	train	data_pandit/aa/2695/data.2695	34	129	high-gap	0.229366165071	0.449612403101	0.255813953488	0.255813953488	300	3.35333333333	4	6	0.0592369477912	0.143665158371
2696	train	data_pandit/aa/2696/data.2696	53	74	low-gap	0.0147883732789	0.0540540540541	0.0135135135135	0.0135135135135	56	1.03571428571	1	1	0.0592369477912	0.143665158371
2697	train	data_pandit/aa/2697/data.2697	73	329	high-gap	0.251863263522	0.714285714286	0.285714285714	0.249240121581	1057	5.72280037843	4	13	0.0592369477912	0.143665158371
2703	train	data_pandit/aa/2703/data.2703	16	239	mid-gap	0.0910041841004	0.133891213389	0.10460251046	0.0962343096234	138	2.52173913043	1	4	0.0592369477912	0.143665158371
2704	train	data_pandit/aa/2704/data.2704	4	67	low-gap	0.00746268656716	0.0298507462687	0.0298507462687	0	1	2	2	2	0.0592369477912	0.143665158371
2706	train	data_pandit/aa/2706/data.2706	60	135	high-gap	0.357407407407	0.6	0.488888888889	0.385185185185	392	7.38520408163	6	21	0.0592369477912	0.143665158371
2710	train	data_pandit/aa/2710/data.2710	50	128	high-gap	0.26984375	0.5234375	0.3046875	0.28125	329	5.24924012158	4	15	0.0592369477912	0.143665158371
2711	train	data_pandit/aa/2711/data.2711	15	109	high-gap	0.155351681957	0.284403669725	0.165137614679	0.165137614679	59	4.30508474576	3	8	0.0592369477912	0.143665158371
2712	train	data_pandit/aa/2712/data.2712	13	61	mid-gap	0.119798234552	0.262295081967	0.131147540984	0.114754098361	50	1.9	1	4	0.0592369477912	0.143665158371
2713	train	data_pandit/aa/2713/data.2713	22	333	high-gap	0.169123669124	0.315315315315	0.207207207207	0.177177177177	327	3.78899082569	1	12	0.0592369477912	0.143665158371
2714	train	data_pandit/aa/2714/data.2714	115	320	high-gap	0.335760869565	0.553125	0.38125	0.321875	1835	6.73351498638	5	13	0.0592369477912	0.143665158371
2716	train	data_pandit/aa/2716/data.2716	18	111	high-gap	0.224724724725	0.459459459459	0.351351351351	0.18018018018	88	5.10227272727	3	13	0.0592369477912	0.143665158371
2720	train	data_pandit/aa/2720/data.2720	4	75	low-gap	0.01	0.04	0.04	0	2	1.5	1.5	1	0.0592369477912	0.143665158371
2721	train	data_pandit/aa/2721/data.2721	24	110	mid-gap	0.14053030303	0.281818181818	0.163636363636	0.136363636364	153	2.42483660131	2	5	0.0592369477912	0.143665158371
2722	train	data_pandit/aa/2722/data.2722	7	81	low-gap	0.010582010582	0.0123456790123	0.0123456790123	0.0123456790123	6	1	1	1	0.0592369477912	0.143665158371
2723	train	data_pandit/aa/2723/data.2723	4	336	mid-gap	0.0997023809524	0.22619047619	0.22619047619	0.116071428571	41	3.26829268293	2	5	0.0592369477912	0.143665158371
2724	train	data_pandit/aa/2724/data.2724	4	77	mid-gap	0.0844155844156	0.155844155844	0.155844155844	0.155844155844	12	2.16666666667	2	2	0.0592369477912	0.143665158371
2725	train	data_pandit/aa/2725/data.2725	5	247	low-gap	0	0	0	0	0	0	0	0	0.0592369477912	0.143665158371
2726	train	data_pandit/aa/2726/data.2726	4	105	low-gap	0	0	0	0	0	0	0	0	0.0592369477912	0.143665158371
2727	train	data_pandit/aa/2727/data.2727	19	40	low-gap	0	0	0	0	0	0	0	0	0.0592369477912	0.143665158371
2728	train	data_pandit/aa/2728/data.2728	16	131	high-gap	0.357347328244	0.664122137405	0.450381679389	0.374045801527	181	4.13812154696	2	9	0.0592369477912	0.143665158371
2731	train	data_pandit/aa/2731/data.2731	6	232	high-gap	0.224856321839	0.375	0.301724137931	0.245689655172	46	6.80434782609	2.5	14	0.0592369477912	0.143665158371
2732	train	data_pandit/aa/2732/data.2732	40	469	high-gap	0.331876332623	0.509594882729	0.356076759062	0.339019189765	734	8.48228882834	4	18	0.0592369477912	0.143665158371
2734	train	data_pandit/aa/2734/data.2734	5	128	low-gap	0.040625	0.1328125	0.0703125	0	5	5.2	3	6	0.0592369477912	0.143665158371
2735	train	data_pandit/aa/2735/data.2735	8	203	high-gap	0.179802955665	0.472906403941	0.28078817734	0.192118226601	34	8.58823529412	3	18	0.0592369477912	0.143665158371
2736	train	data_pandit/aa/2736/data.2736	22	67	low-gap	0.0291723202171	0.194029850746	0.0298507462687	0.0298507462687	27	1.59259259259	2	2	0.0592369477912	0.143665158371
2739	train	data_pandit/aa/2739/data.2739	6	791	mid-gap	0.0665823851665	0.190897597977	0.103666245259	0.0556257901391	111	2.84684684685	2	6	0.0592369477912	0.143665158371
2740	train	data_pandit/aa/2740/data.2740	19	129	high-gap	0.205630354957	0.496124031008	0.333333333333	0.232558139535	68	7.41176470588	2.5	25	0.0592369477912	0.143665158371
2742	train	data_pandit/aa/2742/data.2742	4	222	high-gap	0.168918918919	0.436936936937	0.436936936937	0.238738738739	7	21.4285714286	5	53	0.0592369477912	0.143665158371
2743	train	data_pandit/aa/2743/data.2743	4	143	mid-gap	0.0856643356643	0.160839160839	0.160839160839	0.0909090909091	3	16.3333333333	13	13	0.0592369477912	0.143665158371
2748	train	data_pandit/aa/2748/data.2748	8	338	mid-gap	0.13424556213	0.239644970414	0.195266272189	0.14201183432	87	4.1724137931	3	10	0.0592369477912	0.143665158371
2749	train	data_pandit/aa/2749/data.2749	4	145	low-gap	0.0568965517241	0.0896551724138	0.0896551724138	0.0689655172414	11	3	3	6	0.0592369477912	0.143665158371
2751	train	data_pandit/aa/2751/data.2751	12	68	low-gap	0.0343137254902	0.132352941176	0.0294117647059	0.0294117647059	14	2	2	2	0.0592369477912	0.143665158371
2753	train	data_pandit/aa/2753/data.2753	5	151	mid-gap	0.0834437086093	0.271523178808	0.0794701986755	0.0397350993377	22	2.86363636364	2	4	0.0592369477912	0.143665158371
2754	train	data_pandit/aa/2754/data.2754	6	203	mid-gap	0.0689655172414	0.187192118227	0.0985221674877	0.064039408867	40	2.1	2	3	0.0592369477912	0.143665158371
2755	train	data_pandit/aa/2755/data.2755	7	103	low-gap	0.0499306518724	0.106796116505	0.0873786407767	0.0291262135922	18	2	2	4	0.0592369477912	0.143665158371
2757	train	data_pandit/aa/2757/data.2757	4	108	low-gap	0.0462962962963	0.0740740740741	0.0740740740741	0.0740740740741	11	1.81818181818	1	4	0.0592369477912	0.143665158371
2759	train	data_pandit/aa/2759/data.2759	43	107	low-gap	0.0562921104108	0.18691588785	0.0747663551402	0.0560747663551	131	1.97709923664	2	3	0.0592369477912	0.143665158371
2760	train	data_pandit/aa/2760/data.2760	7	207	low-gap	0.0545203588682	0.0917874396135	0.0628019323671	0.0579710144928	24	3.29166666667	2	9	0.0592369477912	0.143665158371
2764	train	data_pandit/aa/2764/data.2764	20	70	high-gap	0.145	0.328571428571	0.185714285714	0.171428571429	56	3.625	2	8	0.0592369477912	0.143665158371
2765	train	data_pandit/aa/2765/data.2765	142	192	high-gap	0.348884976526	0.739583333333	0.375	0.359375	1371	6.93800145879	6	16	0.0592369477912	0.143665158371
2767	train	data_pandit/aa/2767/data.2767	13	42	mid-gap	0.0970695970696	0.142857142857	0.142857142857	0.0952380952381	23	2.30434782609	3	3	0.0592369477912	0.143665158371
2769	train	data_pandit/aa/2769/data.2769	5	203	low-gap	0.0137931034483	0.0295566502463	0.0246305418719	0.0147783251232	9	1.55555555556	2	2	0.0592369477912	0.143665158371
2770	train	data_pandit/aa/2770/data.2770	4	224	mid-gap	0.139508928571	0.205357142857	0.205357142857	0.196428571429	31	4.03225806452	3	6	0.0592369477912	0.143665158371
2771	train	data_pandit/aa/2771/data.2771	16	673	high-gap	0.214617384844	0.334323922734	0.276374442793	0.230312035661	361	6.40166204986	3	15	0.0592369477912	0.143665158371
2772	train	data_pandit/aa/2772/data.2772	10	117	mid-gap	0.1	0.128205128205	0.111111111111	0.111111111111	26	4.5	1	11	0.0592369477912	0.143665158371
2773	train	data_pandit/aa/2773/data.2773	12	234	low-gap	0.0534188034188	0.247863247863	0.0512820512821	0.025641025641	65	2.30769230769	1	2	0.0592369477912	0.143665158371
2775	train	data_pandit/aa/2775/data.2775	18	610	high-gap	0.18378870674	0.347540983607	0.224590163934	0.185245901639	404	4.99504950495	3	12	0.0592369477912	0.143665158371
2776	train	data_pandit/aa/2776/data.2776	38	133	mid-gap	0.0945785516423	0.203007518797	0.105263157895	0.0977443609023	110	4.34545454545	5	8	0.0592369477912	0.143665158371
2779	train	data_pandit/aa/2779/data.2779	13	356	high-gap	0.28176318064	0.426966292135	0.351123595506	0.314606741573	137	9.51824817518	3	28	0.0592369477912	0.143665158371
2781	train	data_pandit/aa/2781/data.2781	11	140	low-gap	0.0480519480519	0.107142857143	0.0642857142857	0.0428571428571	35	2.11428571429	2	3	0.0592369477912	0.143665158371
2783	train	data_pandit/aa/2783/data.2783	16	200	high-gap	0.165	0.39	0.235	0.165	105	5.02857142857	3	11	0.0592369477912	0.143665158371
2784	train	data_pandit/aa/2784/data.2784	89	457	high-gap	0.539399601701	0.71772428884	0.566739606127	0.562363238512	1458	15.0473251029	4	50	0.0592369477912	0.143665158371
2785	train	data_pandit/aa/2785/data.2785	16	309	high-gap	0.150080906149	0.297734627832	0.174757281553	0.155339805825	133	5.57894736842	4	16	0.0592369477912	0.143665158371
2786	train	data_pandit/aa/2786/data.2786	19	100	low-gap	0.0363157894737	0.2	0.06	0	23	3	2	5	0.0592369477912	0.143665158371
2787	train	data_pandit/aa/2787/data.2787	38	445	high-gap	0.413542282673	0.626966292135	0.487640449438	0.456179775281	497	14.0704225352	10	24	0.0592369477912	0.143665158371
2789	train	data_pandit/aa/2789/data.2789	41	196	high-gap	0.241786958686	0.535714285714	0.270408163265	0.234693877551	387	5.02067183463	2	15	0.0592369477912	0.143665158371
2793	train	data_pandit/aa/2793/data.2793	16	106	mid-gap	0.100235849057	0.132075471698	0.11320754717	0.11320754717	88	1.93181818182	1	3	0.0592369477912	0.143665158371
2796	train	data_pandit/aa/2796/data.2796	17	200	mid-gap	0.141470588235	0.345	0.19	0.13	138	3.48550724638	3.5	7	0.0592369477912	0.143665158371
2800	train	data_pandit/aa/2800/data.2800	20	335	high-gap	0.146865671642	0.325373134328	0.179104477612	0.146268656716	267	3.68539325843	3	6	0.0592369477912	0.143665158371
2802	train	data_pandit/aa/2802/data.2802	9	254	mid-gap	0.078302712161	0.181102362205	0.114173228346	0.0551181102362	55	3.25454545455	2	8	0.0592369477912	0.143665158371
2803	train	data_pandit/aa/2803/data.2803	8	74	low-gap	0.0185810810811	0.0540540540541	0.027027027027	0.0135135135135	10	1.1	1	1	0.0592369477912	0.143665158371
2805	train	data_pandit/aa/2805/data.2805	24	142	mid-gap	0.103286384977	0.183098591549	0.112676056338	0.105633802817	135	2.60740740741	2	7	0.0592369477912	0.143665158371
2806	train	data_pandit/aa/2806/data.2806	21	861	high-gap	0.172943974338	0.331010452962	0.202090592334	0.183507549361	764	4.09293193717	3	9	0.0592369477912	0.143665158371
2808	train	data_pandit/aa/2808/data.2808	9	899	high-gap	0.204919045853	0.312569521691	0.252502780868	0.241379310345	226	7.33628318584	5	17	0.0592369477912	0.143665158371
2809	train	data_pandit/aa/2809/data.2809	15	221	high-gap	0.17616892911	0.230769230769	0.20814479638	0.190045248869	123	4.74796747967	2	12	0.0592369477912	0.143665158371
2812	train	data_pandit/aa/2812/data.2812	9	310	mid-gap	0.0885304659498	0.112903225806	0.112903225806	0.103225806452	39	6.33333333333	3	19	0.0592369477912	0.143665158371
2813	train	data_pandit/aa/2813/data.2813	14	294	high-gap	0.216958211856	0.350340136054	0.295918367347	0.268707482993	117	7.63247863248	4	19	0.0592369477912	0.143665158371
2814	train	data_pandit/aa/2814/data.2814	8	430	mid-gap	0.106976744186	0.272093023256	0.148837209302	0.0953488372093	98	3.75510204082	3	7	0.0592369477912	0.143665158371
2816	train	data_pandit/aa/2816/data.2816	11	434	high-gap	0.222664432342	0.299539170507	0.267281105991	0.246543778802	142	7.48591549296	4	18	0.0592369477912	0.143665158371
2819	train	data_pandit/aa/2819/data.2819	11	182	mid-gap	0.0879120879121	0.192307692308	0.131868131868	0.0934065934066	70	2.51428571429	2	5	0.0592369477912	0.143665158371
2820	train	data_pandit/aa/2820/data.2820	7	138	low-gap	0.0320910973085	0.0579710144928	0.0579710144928	0.036231884058	14	2.21428571429	2	3	0.0592369477912	0.143665158371
2822	train	data_pandit/aa/2822/data.2822	11	357	mid-gap	0.0634071810542	0.137254901961	0.0756302521008	0.0644257703081	105	2.37142857143	2	4	0.0592369477912	0.143665158371
2823	train	data_pandit/aa/2823/data.2823	7	133	low-gap	0.0558539205156	0.142857142857	0.105263157895	0.0451127819549	17	3.05882352941	3	3	0.0592369477912	0.143665158371
2826	train	data_pandit/aa/2826/data.2826	9	271	low-gap	0.0582205822058	0.0848708487085	0.0738007380074	0.0664206642066	37	3.83783783784	3	11	0.0592369477912	0.143665158371
2827	train	data_pandit/aa/2827/data.2827	10	214	mid-gap	0.0700934579439	0.177570093458	0.088785046729	0.0700934579439	55	2.72727272727	2	5	0.0592369477912	0.143665158371
2828	train	data_pandit/aa/2828/data.2828	14	484	mid-gap	0.0878099173554	0.119834710744	0.103305785124	0.095041322314	175	3.4	2	4	0.0592369477912	0.143665158371
2831	train	data_pandit/aa/2831/data.2831	21	427	high-gap	0.164826586372	0.262295081967	0.196721311475	0.170960187354	333	4.43843843844	3	7	0.0592369477912	0.143665158371
2836	train	data_pandit/aa/2836/data.2836	7	294	low-gap	0.0481049562682	0.0816326530612	0.0680272108844	0.047619047619	51	1.94117647059	1	5	0.0592369477912	0.143665158371
2837	train	data_pandit/aa/2837/data.2837	12	445	high-gap	0.251685393258	0.433707865169	0.343820224719	0.276404494382	172	7.81395348837	4	23	0.0592369477912	0.143665158371
2839	train	data_pandit/aa/2839/data.2839	48	444	high-gap	0.303678678679	0.77027027027	0.387387387387	0.306306306306	415	15.5951807229	8	37	0.0592369477912	0.143665158371
2840	train	data_pandit/aa/2840/data.2840	34	834	high-gap	0.381541825363	0.621103117506	0.458033573141	0.420863309353	825	13.1139393939	4	62	0.0592369477912	0.143665158371
2841	train	data_pandit/aa/2841/data.2841	5	288	mid-gap	0.139583333333	0.253472222222	0.194444444444	0.15625	49	4.10204081633	3	7	0.0592369477912	0.143665158371
2842	train	data_pandit/aa/2842/data.2842	23	657	high-gap	0.453841572365	0.721461187215	0.579908675799	0.523592085236	451	15.2062084257	7	27	0.0592369477912	0.143665158371
2843	train	data_pandit/aa/2843/data.2843	7	282	high-gap	0.355116514691	0.524822695035	0.464539007092	0.425531914894	48	14.6041666667	7.5	41	0.0592369477912	0.143665158371
2845	train	data_pandit/aa/2845/data.2845	7	689	low-gap	0.0348330914369	0.0522496371553	0.0464441219158	0.0406386066763	51	3.29411764706	2	11	0.0592369477912	0.143665158371
2846	train	data_pandit/aa/2846/data.2846	8	417	high-gap	0.147482014388	0.335731414868	0.302158273381	0.115107913669	113	4.35398230088	2	10	0.0592369477912	0.143665158371
2847	train	data_pandit/aa/2847/data.2847	16	269	high-gap	0.197723048327	0.289962825279	0.230483271375	0.200743494424	91	9.35164835165	3	36	0.0592369477912	0.143665158371
2848	train	data_pandit/aa/2848/data.2848	6	465	mid-gap	0.0605734767025	0.10752688172	0.0903225806452	0.0688172043011	75	2.25333333333	1	4	0.0592369477912	0.143665158371
2849	train	data_pandit/aa/2849/data.2849	14	147	mid-gap	0.0830903790087	0.210884353741	0.149659863946	0.0680272108844	58	2.94827586207	2	5	0.0592369477912	0.143665158371
2850	train	data_pandit/aa/2850/data.2850	14	159	low-gap	0.0503144654088	0.125786163522	0.0754716981132	0.0440251572327	52	2.15384615385	1	4	0.0592369477912	0.143665158371
2851	train	data_pandit/aa/2851/data.2851	10	407	mid-gap	0.0963144963145	0.179361179361	0.144963144963	0.0859950859951	78	5.02564102564	3	16	0.0592369477912	0.143665158371
2854	train	data_pandit/aa/2854/data.2854	13	488	high-gap	0.236128625473	0.811475409836	0.436475409836	0.0614754098361	82	18.2682926829	6	44	0.0592369477912	0.143665158371
2855	train	data_pandit/aa/2855/data.2855	11	188	high-gap	0.149903288201	0.25	0.175531914894	0.170212765957	41	7.56097560976	2	29	0.0592369477912	0.143665158371
2856	train	data_pandit/aa/2856/data.2856	21	246	high-gap	0.241385985288	0.508130081301	0.292682926829	0.223577235772	207	6.02415458937	2	18	0.0592369477912	0.143665158371
2857	train	data_pandit/aa/2857/data.2857	13	723	high-gap	0.186190020215	0.309820193638	0.236514522822	0.199170124481	374	4.67914438503	3	10	0.0592369477912	0.143665158371
2859	train	data_pandit/aa/2859/data.2859	30	105	high-gap	0.165079365079	0.27619047619	0.180952380952	0.171428571429	64	8.125	2	16	0.0592369477912	0.143665158371
2860	train	data_pandit/aa/2860/data.2860	4	421	low-gap	0.0154394299287	0.0332541567696	0.0332541567696	0.0166270783848	19	1.36842105263	1	2	0.0592369477912	0.143665158371
2862	train	data_pandit/aa/2862/data.2862	13	123	low-gap	0.0225140712946	0.0731707317073	0.0325203252033	0.0162601626016	28	1.28571428571	1	2	0.0592369477912	0.143665158371
2863	train	data_pandit/aa/2863/data.2863	11	278	high-gap	0.176258992806	0.348920863309	0.244604316547	0.172661870504	85	6.34117647059	4	15	0.0592369477912	0.143665158371
2864	train	data_pandit/aa/2864/data.2864	8	409	mid-gap	0.1347799511	0.286063569682	0.176039119804	0.139364303178	122	3.61475409836	3	6	0.0592369477912	0.143665158371
2865	train	data_pandit/aa/2865/data.2865	6	537	low-gap	0.0158286778399	0.0391061452514	0.0279329608939	0.0204841713222	38	1.34210526316	1	2	0.0592369477912	0.143665158371
2866	train	data_pandit/aa/2866/data.2866	15	356	high-gap	0.258239700375	0.424157303371	0.328651685393	0.294943820225	154	8.95454545455	3	15	0.0592369477912	0.143665158371
2867	train	data_pandit/aa/2867/data.2867	13	102	low-gap	0.0052790346908	0.0196078431373	0.00980392156863	0	7	1	1	1	0.0592369477912	0.143665158371
2870	train	data_pandit/aa/2870/data.2870	8	353	mid-gap	0.132082152975	0.167138810198	0.152974504249	0.152974504249	73	5.1095890411	2	6	0.0592369477912	0.143665158371
2871	train	data_pandit/aa/2871/data.2871	10	303	mid-gap	0.0643564356436	0.141914191419	0.0990099009901	0.0726072607261	55	3.54545454545	3	7	0.0592369477912	0.143665158371
2872	train	data_pandit/aa/2872/data.2872	15	178	mid-gap	0.11872659176	0.331460674157	0.168539325843	0.112359550562	118	2.68644067797	1	6	0.0592369477912	0.143665158371
2873	train	data_pandit/aa/2873/data.2873	17	669	high-gap	0.198012837422	0.400597907324	0.222720478326	0.191330343797	376	5.98936170213	3	19	0.0592369477912	0.143665158371
2874	train	data_pandit/aa/2874/data.2874	68	207	high-gap	0.386544472862	0.56038647343	0.449275362319	0.425120772947	650	8.37076923077	6	24	0.0592369477912	0.143665158371
2875	train	data_pandit/aa/2875/data.2875	11	173	high-gap	0.212296374146	0.277456647399	0.260115606936	0.236994219653	44	9.18181818182	7	21	0.0592369477912	0.143665158371
2877	train	data_pandit/aa/2877/data.2877	12	281	mid-gap	0.129300118624	0.20640569395	0.160142348754	0.14590747331	82	5.31707317073	3	12	0.0592369477912	0.143665158371
2881	train	data_pandit/aa/2881/data.2881	36	63	low-gap	0.0493827160494	0.174603174603	0.0634920634921	0.047619047619	48	2.33333333333	3	3	0.0592369477912	0.143665158371
2884	train	data_pandit/aa/2884/data.2884	34	160	high-gap	0.250367647059	0.3875	0.275	0.25625	170	8.01176470588	5	15	0.0592369477912	0.143665158371
2893	train	data_pandit/aa/2893/data.2893	14	68	low-gap	0.00210084033613	0.0294117647059	0	0	2	1	1	1	0.0592369477912	0.143665158371
2895	train	data_pandit/aa/2895/data.2895	25	88	low-gap	0.0581818181818	0.136363636364	0.0568181818182	0.0568181818182	53	2.41509433962	2	4	0.0592369477912	0.143665158371
2896	train	data_pandit/aa/2896/data.2896	20	1216	high-gap	0.226973684211	0.397203947368	0.329769736842	0.271381578947	720	7.66666666667	3	20	0.0592369477912	0.143665158371
2897	train	data_pandit/aa/2897/data.2897	18	1449	mid-gap	0.0638754696726	0.144237405107	0.0910973084886	0.0607315389924	603	2.76285240464	2	5	0.0592369477912	0.143665158371
2902	train	data_pandit/aa/2902/data.2902	9	108	mid-gap	0.0606995884774	0.12037037037	0.0648148148148	0.0648148148148	39	1.51282051282	1	3	0.0592369477912	0.143665158371
2907	train	data_pandit/aa/2907/data.2907	23	403	high-gap	0.255151580537	0.387096774194	0.31017369727	0.280397022333	326	7.25460122699	4	23	0.0592369477912	0.143665158371
2908	train	data_pandit/aa/2908/data.2908	17	109	mid-gap	0.0696168375607	0.128440366972	0.100917431193	0.0550458715596	71	1.81690140845	1	7	0.0592369477912	0.143665158371
2909	train	data_pandit/aa/2909/data.2909	15	231	mid-gap	0.104473304473	0.17316017316	0.142857142857	0.116883116883	112	3.23214285714	2	10	0.0592369477912	0.143665158371
2910	train	data_pandit/aa/2910/data.2910	5	332	low-gap	0.0138554216867	0.0301204819277	0.0271084337349	0.00903614457831	16	1.4375	1	2	0.0592369477912	0.143665158371
2913	train	data_pandit/aa/2913/data.2913	11	113	low-gap	0.00804505229284	0.00884955752212	0.00884955752212	0.00884955752212	10	1	1	1	0.0592369477912	0.143665158371
2916	train	data_pandit/aa/2916/data.2916	10	559	low-gap	0.0456171735242	0.103756708408	0.0751341681574	0.04114490161	60	4.25	2	9	0.0592369477912	0.143665158371
2917	train	data_pandit/aa/2917/data.2917	87	123	high-gap	0.174563124942	0.357723577236	0.219512195122	0.211382113821	470	3.97446808511	2	9	0.0592369477912	0.143665158371
2919	train	data_pandit/aa/2919/data.2919	6	211	mid-gap	0.0592417061611	0.118483412322	0.0805687203791	0.0758293838863	35	2.14285714286	2	4	0.0592369477912	0.143665158371
2921	train	data_pandit/aa/2921/data.2921	19	101	mid-gap	0.0755601875977	0.19801980198	0.0693069306931	0.0693069306931	42	3.45238095238	3	6	0.0592369477912	0.143665158371
2922	train	data_pandit/aa/2922/data.2922	10	394	low-gap	0.0266497461929	0.0583756345178	0.0279187817259	0.0253807106599	43	2.44186046512	1	7	0.0592369477912	0.143665158371
2923	train	data_pandit/aa/2923/data.2923	8	198	mid-gap	0.11553030303	0.19696969697	0.121212121212	0.121212121212	32	5.71875	3	11	0.0592369477912	0.143665158371
2924	train	data_pandit/aa/2924/data.2924	11	209	high-gap	0.149195302305	0.205741626794	0.186602870813	0.172248803828	59	5.81355932203	3	19	0.0592369477912	0.143665158371
2925	train	data_pandit/aa/2925/data.2925	63	211	high-gap	0.288648160686	0.383886255924	0.350710900474	0.298578199052	379	10.1240105541	2	42	0.0592369477912	0.143665158371
2926	train	data_pandit/aa/2926/data.2926	8	213	high-gap	0.152582159624	0.272300469484	0.178403755869	0.164319248826	50	5.2	3	14	0.0592369477912	0.143665158371
2927	train	data_pandit/aa/2927/data.2927	7	489	high-gap	0.239848086474	0.445807770961	0.366053169734	0.235173824131	133	6.17293233083	4	13	0.0592369477912	0.143665158371
2929	train	data_pandit/aa/2929/data.2929	9	580	high-gap	0.174712643678	0.337931034483	0.244827586207	0.189655172414	177	5.15254237288	3	10	0.0592369477912	0.143665158371
2931	train	data_pandit/aa/2931/data.2931	9	211	mid-gap	0.0889942074776	0.151658767773	0.118483412322	0.0805687203791	54	3.12962962963	2	5	0.0592369477912	0.143665158371
2933	train	data_pandit/aa/2933/data.2933	36	119	high-gap	0.151260504202	0.268907563025	0.168067226891	0.151260504202	306	2.11764705882	2	3	0.0592369477912	0.143665158371
2934	train	data_pandit/aa/2934/data.2934	19	229	high-gap	0.214663295794	0.340611353712	0.275109170306	0.231441048035	195	4.78974358974	3	12	0.0592369477912	0.143665158371
2935	train	data_pandit/aa/2935/data.2935	8	185	mid-gap	0.0939189189189	0.183783783784	0.124324324324	0.108108108108	46	3.02173913043	1	8	0.0592369477912	0.143665158371
2937	train	data_pandit/aa/2937/data.2937	19	181	high-gap	0.402442570515	0.629834254144	0.441988950276	0.408839779006	143	9.67832167832	5	29	0.0592369477912	0.143665158371
2938	train	data_pandit/aa/2938/data.2938	11	232	high-gap	0.195532915361	0.336206896552	0.254310344828	0.219827586207	127	3.92913385827	2	5	0.0592369477912	0.143665158371
2939	train	data_pandit/aa/2939/data.2939	76	284	high-gap	0.423091178651	0.598591549296	0.521126760563	0.433098591549	1120	8.15357142857	6	14	0.0592369477912	0.143665158371
2942	train	data_pandit/aa/2942/data.2942	8	661	mid-gap	0.0805597579425	0.175491679274	0.137670196672	0.0771558245083	169	2.52071005917	1	4	0.0592369477912	0.143665158371
2944	train	data_pandit/aa/2944/data.2944	4	106	low-gap	0.0141509433962	0.0188679245283	0.0188679245283	0.0188679245283	6	1	1	1	0.0592369477912	0.143665158371
2945	train	data_pandit/aa/2945/data.2945	6	191	mid-gap	0.133507853403	0.230366492147	0.162303664921	0.151832460733	33	4.63636363636	3	9	0.0592369477912	0.143665158371
2946	train	data_pandit/aa/2946/data.2946	5	67	low-gap	0.0179104477612	0.044776119403	0.0298507462687	0.0149253731343	6	1	1	1	0.0592369477912	0.143665158371
2948	train	data_pandit/aa/2948/data.2948	37	116	low-gap	0.0372786579683	0.26724137931	0.0344827586207	0.00862068965517	68	2.35294117647	1	5	0.0592369477912	0.143665158371
2949	train	data_pandit/aa/2949/data.2949	4	1509	mid-gap	0.09774685222	0.173624917164	0.173624917164	0.139827700464	117	5.04273504274	3	10	0.0592369477912	0.143665158371
2950	train	data_pandit/aa/2950/data.2950	14	360	high-gap	0.180158730159	0.311111111111	0.227777777778	0.2	122	7.44262295082	5	18	0.0592369477912	0.143665158371
2952	train	data_pandit/aa/2952/data.2952	40	273	mid-gap	0.128846153846	0.333333333333	0.142857142857	0.128205128205	677	2.07828655835	2	3	0.0592369477912	0.143665158371
2955	train	data_pandit/aa/2955/data.2955	25	272	high-gap	0.215294117647	0.422794117647	0.283088235294	0.198529411765	166	8.81927710843	6	24	0.0592369477912	0.143665158371
2956	train	data_pandit/aa/2956/data.2956	4	201	low-gap	0.023631840796	0.0646766169154	0.0646766169154	0.0149253731343	11	1.72727272727	1	2	0.0592369477912	0.143665158371
2957	train	data_pandit/aa/2957/data.2957	14	340	mid-gap	0.115756302521	0.264705882353	0.158823529412	0.123529411765	178	3.09550561798	2	6	0.0592369477912	0.143665158371
2959	train	data_pandit/aa/2959/data.2959	13	247	mid-gap	0.137963251324	0.246963562753	0.186234817814	0.145748987854	70	6.32857142857	4	15	0.0592369477912	0.143665158371
2960	train	data_pandit/aa/2960/data.2960	9	722	high-gap	0.387503847338	0.473684210526	0.452908587258	0.439058171745	112	22.4821428571	5	110	0.0592369477912	0.143665158371
2962	train	data_pandit/aa/2962/data.2962	16	219	low-gap	0.0579337899543	0.159817351598	0.0821917808219	0.0593607305936	110	1.84545454545	1	4	0.0592369477912	0.143665158371
2963	train	data_pandit/aa/2963/data.2963	75	420	high-gap	0.315936507937	0.519047619048	0.340476190476	0.316666666667	1459	6.82111034955	3	16	0.0592369477912	0.143665158371
2964	train	data_pandit/aa/2964/data.2964	8	412	high-gap	0.339199029126	0.422330097087	0.405339805825	0.400485436893	79	14.1518987342	4	36	0.0592369477912	0.143665158371
2968	train	data_pandit/aa/2968/data.2968	12	373	mid-gap	0.129356568365	0.184986595174	0.163538873995	0.155495978552	133	4.35338345865	2	9	0.0592369477912	0.143665158371
2973	train	data_pandit/aa/2973/data.2973	8	131	low-gap	0.0209923664122	0.030534351145	0.030534351145	0.030534351145	6	3.66666666667	4	4	0.0592369477912	0.143665158371
2975	train	data_pandit/aa/2975/data.2975	12	120	mid-gap	0.106944444444	0.2	0.166666666667	0.116666666667	39	3.94871794872	5	6	0.0592369477912	0.143665158371
2977	train	data_pandit/aa/2977/data.2977	23	217	high-gap	0.273091564817	0.382488479263	0.299539170507	0.290322580645	170	8.01764705882	2	28	0.0592369477912	0.143665158371
2978	train	data_pandit/aa/2978/data.2978	11	445	mid-gap	0.0866189989785	0.166292134831	0.110112359551	0.0876404494382	87	4.87356321839	2	16	0.0592369477912	0.143665158371
2979	train	data_pandit/aa/2979/data.2979	5	413	low-gap	0.0532687651332	0.108958837772	0.0702179176755	0.0532687651332	22	5	3.5	10	0.0592369477912	0.143665158371
2980	train	data_pandit/aa/2980/data.2980	12	236	mid-gap	0.0935734463277	0.190677966102	0.14406779661	0.118644067797	74	3.58108108108	4	6	0.0592369477912	0.143665158371
2981	train	data_pandit/aa/2981/data.2981	8	142	mid-gap	0.132922535211	0.225352112676	0.169014084507	0.147887323944	49	3.08163265306	1	6	0.0592369477912	0.143665158371
2982	train	data_pandit/aa/2982/data.2982	5	342	mid-gap	0.0637426900585	0.16081871345	0.0672514619883	0.0526315789474	26	4.19230769231	2	7	0.0592369477912	0.143665158371
2984	train	data_pandit/aa/2984/data.2984	4	545	mid-gap	0.0967889908257	0.194495412844	0.194495412844	0.130275229358	63	3.34920634921	3	7	0.0592369477912	0.143665158371
2985	train	data_pandit/aa/2985/data.2985	4	396	low-gap	0.0107323232323	0.0252525252525	0.0252525252525	0.010101010101	11	1.54545454545	2	2	0.0592369477912	0.143665158371
2987	train	data_pandit/aa/2987/data.2987	11	522	low-gap	0.0559038662487	0.105363984674	0.0727969348659	0.0574712643678	70	4.58571428571	2	10	0.0592369477912	0.143665158371
2990	train	data_pandit/aa/2990/data.2990	13	448	mid-gap	0.117101648352	0.178571428571	0.127232142857	0.122767857143	124	5.5	2	9	0.0592369477912	0.143665158371
2991	train	data_pandit/aa/2991/data.2991	5	386	low-gap	0.0471502590674	0.134715025907	0.0544041450777	0.0259067357513	41	2.21951219512	1	4	0.0592369477912	0.143665158371
2992	train	data_pandit/aa/2992/data.2992	6	454	mid-gap	0.109030837004	0.160792951542	0.138766519824	0.125550660793	42	7.07142857143	4.5	17	0.0592369477912	0.143665158371
2993	train	data_pandit/aa/2993/data.2993	4	544	low-gap	0.0248161764706	0.0551470588235	0.0551470588235	0.0294117647059	21	2.57142857143	2	6	0.0592369477912	0.143665158371
2994	train	data_pandit/aa/2994/data.2994	8	114	low-gap	0.0361842105263	0.0526315789474	0.0526315789474	0.0438596491228	7	4.71428571429	5	6	0.0592369477912	0.143665158371
2996	train	data_pandit/aa/2996/data.2996	9	146	high-gap	0.148401826484	0.301369863014	0.184931506849	0.178082191781	47	4.14893617021	2	13	0.0592369477912	0.143665158371
2997	train	data_pandit/aa/2997/data.2997	5	130	mid-gap	0.123076923077	0.230769230769	0.176923076923	0.130769230769	19	4.21052631579	4	8	0.0592369477912	0.143665158371
2998	train	data_pandit/aa/2998/data.2998	6	108	mid-gap	0.0925925925926	0.157407407407	0.138888888889	0.111111111111	15	4	5	5	0.0592369477912	0.143665158371
3000	train	data_pandit/aa/3000/data.3000	12	111	high-gap	0.211711711712	0.378378378378	0.342342342342	0.297297297297	35	8.05714285714	7	17	0.0592369477912	0.143665158371
3002	train	data_pandit/aa/3002/data.3002	7	322	high-gap	0.23735581189	0.354037267081	0.326086956522	0.298136645963	64	8.359375	4	22	0.0592369477912	0.143665158371
3003	train	data_pandit/aa/3003/data.3003	11	276	mid-gap	0.131093544137	0.246376811594	0.177536231884	0.141304347826	101	3.94059405941	3	8	0.0592369477912	0.143665158371
3005	train	data_pandit/aa/3005/data.3005	28	527	high-gap	0.383505014909	0.800759013283	0.559772296015	0.343453510436	377	15.0106100796	4	42	0.0592369477912	0.143665158371
3006	train	data_pandit/aa/3006/data.3006	10	236	low-gap	0.0237288135593	0.0508474576271	0.0296610169492	0.0254237288136	37	1.51351351351	1	3	0.0592369477912	0.143665158371
3007	train	data_pandit/aa/3007/data.3007	13	423	high-gap	0.259865430078	0.399527186761	0.364066193853	0.333333333333	136	10.5073529412	5	18	0.0592369477912	0.143665158371
3008	train	data_pandit/aa/3008/data.3008	12	173	low-gap	0.0361271676301	0.138728323699	0.0404624277457	0.0346820809249	31	2.41935483871	2	4	0.0592369477912	0.143665158371
3010	train	data_pandit/aa/3010/data.3010	13	106	mid-gap	0.142960812772	0.377358490566	0.169811320755	0.122641509434	68	2.89705882353	1.5	5	0.0592369477912	0.143665158371
3012	train	data_pandit/aa/3012/data.3012	5	146	low-gap	0.0561643835616	0.143835616438	0.0479452054795	0.0479452054795	17	2.41176470588	1	4	0.0592369477912	0.143665158371
3013	train	data_pandit/aa/3013/data.3013	7	156	low-gap	0.0274725274725	0.0897435897436	0.0576923076923	0.0128205128205	14	2.14285714286	1	4	0.0592369477912	0.143665158371
3014	train	data_pandit/aa/3014/data.3014	4	392	low-gap	0.0031887755102	0.00765306122449	0.00765306122449	0.00255102040816	4	1.25	1	1	0.0592369477912	0.143665158371
3016	train	data_pandit/aa/3016/data.3016	8	188	low-gap	0.032579787234	0.106382978723	0.0585106382979	0.0265957446809	12	4.08333333333	4	6	0.0592369477912	0.143665158371
3017	train	data_pandit/aa/3017/data.3017	7	552	low-gap	0.0483954451346	0.125	0.0742753623188	0.0452898550725	82	2.28048780488	1	5	0.0592369477912	0.143665158371
3019	train	data_pandit/aa/3019/data.3019	7	501	mid-gap	0.0727117194183	0.167664670659	0.111776447106	0.0718562874251	72	3.54166666667	2	7	0.0592369477912	0.143665158371
3020	train	data_pandit/aa/3020/data.3020	7	620	mid-gap	0.142857142857	0.240322580645	0.191935483871	0.154838709677	143	4.33566433566	3	10	0.0592369477912	0.143665158371
3021	train	data_pandit/aa/3021/data.3021	9	307	low-gap	0.0123054650742	0.0553745928339	0.0130293159609	0.00325732899023	18	1.88888888889	1	3	0.0592369477912	0.143665158371
3023	train	data_pandit/aa/3023/data.3023	15	149	low-gap	0.0286353467562	0.0872483221477	0.0335570469799	0.0268456375839	21	3.04761904762	4	4	0.0592369477912	0.143665158371
3025	train	data_pandit/aa/3025/data.3025	8	116	high-gap	0.20474137931	0.353448275862	0.275862068966	0.215517241379	47	4.04255319149	3	11	0.0592369477912	0.143665158371
3027	train	data_pandit/aa/3027/data.3027	46	102	mid-gap	0.106777493606	0.274509803922	0.117647058824	0.107843137255	220	2.27727272727	2	4	0.0592369477912	0.143665158371
3028	train	data_pandit/aa/3028/data.3028	6	259	low-gap	0.0225225225225	0.0617760617761	0.03861003861	0.023166023166	13	2.69230769231	2	3	0.0592369477912	0.143665158371
3032	train	data_pandit/aa/3032/data.3032	15	189	mid-gap	0.079012345679	0.21164021164	0.0846560846561	0.0740740740741	110	2.03636363636	1	5	0.0592369477912	0.143665158371
3033	train	data_pandit/aa/3033/data.3033	7	381	mid-gap	0.10498687664	0.149606299213	0.139107611549	0.115485564304	50	5.6	2	22	0.0592369477912	0.143665158371
3034	train	data_pandit/aa/3034/data.3034	9	157	mid-gap	0.131634819533	0.222929936306	0.184713375796	0.140127388535	66	2.81818181818	2	6	0.0592369477912	0.143665158371
3035	train	data_pandit/aa/3035/data.3035	10	131	high-gap	0.158778625954	0.374045801527	0.152671755725	0.145038167939	50	4.16	2	12	0.0592369477912	0.143665158371
3036	train	data_pandit/aa/3036/data.3036	7	366	low-gap	0.0370804059329	0.122950819672	0.0382513661202	0.0355191256831	27	3.51851851852	1	8	0.0592369477912	0.143665158371
3039	train	data_pandit/aa/3039/data.3039	13	74	high-gap	0.313929313929	0.459459459459	0.351351351351	0.324324324324	37	8.16216216216	8	11	0.0592369477912	0.143665158371
3040	train	data_pandit/aa/3040/data.3040	6	831	mid-gap	0.0669875651825	0.149217809868	0.101083032491	0.0709987966306	132	2.5303030303	2	5	0.0592369477912	0.143665158371
3041	train	data_pandit/aa/3041/data.3041	5	536	low-gap	0.0451492537313	0.0783582089552	0.0522388059701	0.0522388059701	36	3.36111111111	3	6	0.0592369477912	0.143665158371
3042	train	data_pandit/aa/3042/data.3042	4	267	high-gap	0.163857677903	0.25468164794	0.25468164794	0.217228464419	45	3.88888888889	2	9	0.0592369477912	0.143665158371
3043	train	data_pandit/aa/3043/data.3043	8	224	mid-gap	0.0775669642857	0.15625	0.120535714286	0.0982142857143	50	2.78	2.5	6	0.0592369477912	0.143665158371
3045	train	data_pandit/aa/3045/data.3045	7	235	high-gap	0.232218844985	0.387234042553	0.331914893617	0.255319148936	24	15.9166666667	11.5	37	0.0592369477912	0.143665158371
3046	train	data_pandit/aa/3046/data.3046	5	157	low-gap	0.0331210191083	0.0636942675159	0.0636942675159	0.0191082802548	18	1.44444444444	1	2	0.0592369477912	0.143665158371
3047	train	data_pandit/aa/3047/data.3047	13	336	mid-gap	0.114468864469	0.178571428571	0.133928571429	0.122023809524	145	3.44827586207	2	8	0.0592369477912	0.143665158371
3048	train	data_pandit/aa/3048/data.3048	8	294	low-gap	0.0518707482993	0.125850340136	0.102040816327	0.0510204081633	55	2.21818181818	1	5	0.0592369477912	0.143665158371
3049	train	data_pandit/aa/3049/data.3049	4	367	low-gap	0.016348773842	0.0245231607629	0.0245231607629	0.0217983651226	13	1.84615384615	1	4	0.0592369477912	0.143665158371
3052	train	data_pandit/aa/3052/data.3052	4	348	mid-gap	0.0596264367816	0.158045977011	0.158045977011	0.0747126436782	27	3.07407407407	2	5	0.0592369477912	0.143665158371
3054	train	data_pandit/aa/3054/data.3054	10	176	mid-gap	0.127272727273	0.170454545455	0.153409090909	0.153409090909	36	6.22222222222	1	24	0.0592369477912	0.143665158371
3056	train	data_pandit/aa/3056/data.3056	4	312	low-gap	0.00320512820513	0.00961538461538	0.00961538461538	0.00320512820513	4	1	1	1	0.0592369477912	0.143665158371
3057	train	data_pandit/aa/3057/data.3057	5	427	low-gap	0.0121779859485	0.0210772833724	0.016393442623	0.0140515222482	18	1.44444444444	1	3	0.0592369477912	0.143665158371
3058	train	data_pandit/aa/3058/data.3058	11	572	high-gap	0.321360457724	0.52972027972	0.484265734266	0.423076923077	139	14.5467625899	5	18	0.0592369477912	0.143665158371
3059	train	data_pandit/aa/3059/data.3059	5	696	mid-gap	0.0603448275862	0.130747126437	0.0747126436782	0.0531609195402	80	2.625	2	5	0.0592369477912	0.143665158371
3061	train	data_pandit/aa/3061/data.3061	5	832	low-gap	0.0411057692308	0.0793269230769	0.0492788461538	0.0408653846154	58	2.94827586207	2	6	0.0592369477912	0.143665158371
3064	train	data_pandit/aa/3064/data.3064	7	113	mid-gap	0.070796460177	0.256637168142	0.070796460177	0.0530973451327	9	6.22222222222	4	6	0.0592369477912	0.143665158371
3065	train	data_pandit/aa/3065/data.3065	4	259	low-gap	0.0299227799228	0.0579150579151	0.0579150579151	0.03861003861	11	2.81818181818	1	6	0.0592369477912	0.143665158371
3068	train	data_pandit/aa/3068/data.3068	5	354	mid-gap	0.102824858757	0.24011299435	0.231638418079	0.0225988700565	31	5.87096774194	2	17	0.0592369477912	0.143665158371
3069	train	data_pandit/aa/3069/data.3069	6	412	low-gap	0.044498381877	0.150485436893	0.0436893203883	0.0364077669903	48	2.29166666667	1	3	0.0592369477912	0.143665158371
3070	train	data_pandit/aa/3070/data.3070	5	295	high-gap	0.155254237288	0.281355932203	0.193220338983	0.193220338983	34	6.73529411765	3.5	15	0.0592369477912	0.143665158371
3072	train	data_pandit/aa/3072/data.3072	11	271	high-gap	0.162026165716	0.30258302583	0.269372693727	0.162361623616	90	5.36666666667	2	11	0.0592369477912	0.143665158371
3074	train	data_pandit/aa/3074/data.3074	6	124	low-gap	0.0362903225806	0.0806451612903	0.0403225806452	0.0322580645161	17	1.58823529412	1	2	0.0592369477912	0.143665158371
3075	train	data_pandit/aa/3075/data.3075	9	303	mid-gap	0.100110011001	0.151815181518	0.118811881188	0.118811881188	37	7.37837837838	4	21	0.0592369477912	0.143665158371
3078	train	data_pandit/aa/3078/data.3078	9	147	mid-gap	0.118669690098	0.156462585034	0.156462585034	0.115646258503	21	7.47619047619	3	16	0.0592369477912	0.143665158371
3079	train	data_pandit/aa/3079/data.3079	12	142	mid-gap	0.111502347418	0.429577464789	0.12676056338	0.105633802817	64	2.96875	2	6	0.0592369477912	0.143665158371
3080	train	data_pandit/aa/3080/data.3080	9	289	low-gap	0.041138023837	0.0934256055363	0.0726643598616	0.0346020761246	36	2.97222222222	2	5	0.0592369477912	0.143665158371
3081	train	data_pandit/aa/3081/data.3081	11	260	mid-gap	0.138811188811	0.215384615385	0.153846153846	0.146153846154	99	4.0101010101	2	15	0.0592369477912	0.143665158371
3082	train	data_pandit/aa/3082/data.3082	9	160	mid-gap	0.0645833333333	0.175	0.15625	0.025	34	2.73529411765	1	6	0.0592369477912	0.143665158371
3088	train	data_pandit/aa/3088/data.3088	8	589	mid-gap	0.0647283531409	0.154499151104	0.088285229202	0.0696095076401	97	3.14432989691	2	7	0.0592369477912	0.143665158371
3090	train	data_pandit/aa/3090/data.3090	10	503	low-gap	0.0471172962227	0.105367793241	0.0616302186879	0.0477137176938	88	2.69318181818	1	5	0.0592369477912	0.143665158371
3091	train	data_pandit/aa/3091/data.3091	29	122	high-gap	0.225551158847	0.352459016393	0.245901639344	0.245901639344	209	3.81818181818	2	11	0.0592369477912	0.143665158371
3093	train	data_pandit/aa/3093/data.3093	8	596	high-gap	0.161912751678	0.303691275168	0.258389261745	0.186241610738	149	5.18120805369	4	11	0.0592369477912	0.143665158371
3094	train	data_pandit/aa/3094/data.3094	23	400	high-gap	0.179130434783	0.6825	0.275	0.1225	383	4.30287206266	2	8	0.0592369477912	0.143665158371
3095	train	data_pandit/aa/3095/data.3095	22	267	high-gap	0.160537963909	0.329588014981	0.247191011236	0.172284644195	162	5.82098765432	4	11	0.0592369477912	0.143665158371
3097	train	data_pandit/aa/3097/data.3097	10	289	low-gap	0.040830449827	0.083044982699	0.0484429065744	0.0415224913495	70	1.68571428571	2	2	0.0592369477912	0.143665158371
3099	train	data_pandit/aa/3099/data.3099	7	95	low-gap	0.0315789473684	0.0736842105263	0.0631578947368	0.0421052631579	5	4.2	4	6	0.0592369477912	0.143665158371
3100	train	data_pandit/aa/3100/data.3100	12	121	mid-gap	0.100550964187	0.190082644628	0.132231404959	0.123966942149	33	4.42424242424	4	6	0.0592369477912	0.143665158371
3102	train	data_pandit/aa/3102/data.3102	5	370	mid-gap	0.104324324324	0.210810810811	0.145945945946	0.121621621622	52	3.71153846154	1.5	8	0.0592369477912	0.143665158371
3103	train	data_pandit/aa/3103/data.3103	5	670	low-gap	0.0528358208955	0.137313432836	0.0701492537313	0.0402985074627	76	2.32894736842	2	4	0.0592369477912	0.143665158371
3104	train	data_pandit/aa/3104/data.3104	5	149	low-gap	0.0214765100671	0.0335570469799	0.0268456375839	0.0268456375839	12	1.33333333333	1	2	0.0592369477912	0.143665158371
3105	train	data_pandit/aa/3105/data.3105	5	342	mid-gap	0.0754385964912	0.146198830409	0.102339181287	0.0672514619883	44	2.93181818182	2	7	0.0592369477912	0.143665158371
3107	train	data_pandit/aa/3107/data.3107	5	287	low-gap	0.000696864111498	0.00348432055749	0	0	1	1	1	1	0.0592369477912	0.143665158371
3108	train	data_pandit/aa/3108/data.3108	4	230	low-gap	0.0304347826087	0.0608695652174	0.0608695652174	0.0521739130435	14	2	2	3	0.0592369477912	0.143665158371
3109	train	data_pandit/aa/3109/data.3109	5	824	high-gap	0.166990291262	0.290048543689	0.234223300971	0.188106796117	113	6.08849557522	3	19	0.0592369477912	0.143665158371
3112	train	data_pandit/aa/3112/data.3112	4	372	low-gap	0.0154569892473	0.0376344086022	0.0376344086022	0.0188172043011	17	1.35294117647	1	2	0.0592369477912	0.143665158371
3113	train	data_pandit/aa/3113/data.3113	6	486	mid-gap	0.101508916324	0.213991769547	0.135802469136	0.100823045267	77	3.84415584416	2	11	0.0592369477912	0.143665158371
3114	train	data_pandit/aa/3114/data.3114	23	555	high-gap	0.221151586369	0.452252252252	0.288288288288	0.232432432432	564	5.00531914894	2	13	0.0592369477912	0.143665158371
3115	train	data_pandit/aa/3115/data.3115	5	175	low-gap	0.0537142857143	0.0742857142857	0.0685714285714	0.0628571428571	11	4.27272727273	1	10	0.0592369477912	0.143665158371
3116	train	data_pandit/aa/3116/data.3116	27	150	high-gap	0.198024691358	0.386666666667	0.233333333333	0.226666666667	207	3.87439613527	3	8	0.0592369477912	0.143665158371
3117	train	data_pandit/aa/3117/data.3117	9	184	low-gap	0.0277777777778	0.0923913043478	0.0434782608696	0.0163043478261	13	3.53846153846	4	5	0.0592369477912	0.143665158371
3119	train	data_pandit/aa/3119/data.3119	7	613	mid-gap	0.114192495922	0.26101141925	0.168026101142	0.109298531811	147	3.33333333333	3	5	0.0592369477912	0.143665158371
3121	train	data_pandit/aa/3121/data.3121	5	190	low-gap	0.00421052631579	0.00526315789474	0.00526315789474	0.00526315789474	4	1	1	1	0.0592369477912	0.143665158371
3122	train	data_pandit/aa/3122/data.3122	38	208	high-gap	0.150430161943	0.274038461538	0.192307692308	0.1875	192	6.19270833333	3	13	0.0592369477912	0.143665158371
3123	train	data_pandit/aa/3123/data.3123	21	210	high-gap	0.168707482993	0.333333333333	0.2	0.185714285714	156	4.76923076923	4	9	0.0592369477912	0.143665158371
3125	train	data_pandit/aa/3125/data.3125	15	311	high-gap	0.292604501608	0.405144694534	0.366559485531	0.331189710611	213	6.40845070423	2	25	0.0592369477912	0.143665158371
3126	train	data_pandit/aa/3126/data.3126	15	170	low-gap	0.0462745098039	0.111764705882	0.0764705882353	0.0470588235294	57	2.0701754386	1	4	0.0592369477912	0.143665158371
3127	train	data_pandit/aa/3127/data.3127	9	480	mid-gap	0.0680555555556	0.1375	0.0875	0.0708333333333	91	3.23076923077	1	9	0.0592369477912	0.143665158371
3129	train	data_pandit/aa/3129/data.3129	106	266	high-gap	0.516633565045	0.830827067669	0.593984962406	0.522556390977	1288	11.3097826087	3	38	0.0592369477912	0.143665158371
3130	train	data_pandit/aa/3130/data.3130	25	91	mid-gap	0.0786813186813	0.197802197802	0.0879120879121	0.0879120879121	65	2.75384615385	3	4	0.0592369477912	0.143665158371
3132	train	data_pandit/aa/3132/data.3132	5	99	low-gap	0.0424242424242	0.10101010101	0.0606060606061	0.030303030303	12	1.75	2	2	0.0592369477912	0.143665158371
3133	train	data_pandit/aa/3133/data.3133	8	210	mid-gap	0.121428571429	0.266666666667	0.171428571429	0.119047619048	27	7.55555555556	8	16	0.0592369477912	0.143665158371
3134	train	data_pandit/aa/3134/data.3134	8	124	mid-gap	0.122983870968	0.33064516129	0.193548387097	0.112903225806	32	3.8125	3.5	5	0.0592369477912	0.143665158371
3135	train	data_pandit/aa/3135/data.3135	5	232	high-gap	0.189655172414	0.280172413793	0.241379310345	0.237068965517	28	7.85714285714	5	15	0.0592369477912	0.143665158371
3136	train	data_pandit/aa/3136/data.3136	174	1003	high-gap	0.7233815794	0.88035892323	0.795613160518	0.742771684945	1741	72.5134979897	40	146	0.0592369477912	0.143665158371
3138	train	data_pandit/aa/3138/data.3138	4	135	low-gap	0.0259259259259	0.0962962962963	0.0962962962963	0.00740740740741	8	1.75	1	2	0.0592369477912	0.143665158371
3141	train	data_pandit/aa/3141/data.3141	8	456	low-gap	0.00109649122807	0.00877192982456	0	0	3	1.33333333333	1	1	0.0592369477912	0.143665158371
3144	train	data_pandit/aa/3144/data.3144	8	489	high-gap	0.604038854806	0.877300613497	0.844580777096	0.750511247444	64	36.921875	3	86	0.0592369477912	0.143665158371
3145	train	data_pandit/aa/3145/data.3145	10	380	high-gap	0.227631578947	0.402631578947	0.315789473684	0.271052631579	173	5	2	10	0.0592369477912	0.143665158371
3146	train	data_pandit/aa/3146/data.3146	5	161	low-gap	0.0111801242236	0.0310559006211	0.0186335403727	0.00621118012422	8	1.125	1	1	0.0592369477912	0.143665158371
3147	train	data_pandit/aa/3147/data.3147	11	327	high-gap	0.483736447039	0.574923547401	0.538226299694	0.525993883792	72	24.1666666667	2	162	0.0592369477912	0.143665158371
3148	train	data_pandit/aa/3148/data.3148	11	56	low-gap	0.0584415584416	0.285714285714	0.0714285714286	0.0357142857143	22	1.63636363636	1	3	0.0592369477912	0.143665158371
3149	train	data_pandit/aa/3149/data.3149	5	415	low-gap	0.0549397590361	0.089156626506	0.0674698795181	0.0602409638554	17	6.70588235294	2	23	0.0592369477912	0.143665158371
3150	train	data_pandit/aa/3150/data.3150	5	79	low-gap	0	0	0	0	0	0	0	0	0.0592369477912	0.143665158371
3154	train	data_pandit/aa/3154/data.3154	11	425	low-gap	0.0241711229947	0.0423529411765	0.0376470588235	0.0258823529412	52	2.17307692308	1	6	0.0592369477912	0.143665158371
3155	train	data_pandit/aa/3155/data.3155	11	176	low-gap	0.0470041322314	0.0965909090909	0.0738636363636	0.0511363636364	50	1.82	1	6	0.0592369477912	0.143665158371
3156	train	data_pandit/aa/3156/data.3156	12	97	low-gap	0.0154639175258	0.020618556701	0.020618556701	0.020618556701	9	2	2	2	0.0592369477912	0.143665158371
3157	train	data_pandit/aa/3157/data.3157	10	252	low-gap	0.000396825396825	0.00396825396825	0	0	1	1	1	1	0.0592369477912	0.143665158371
3158	train	data_pandit/aa/3158/data.3158	10	245	low-gap	0.0220408163265	0.0244897959184	0.0244897959184	0.0244897959184	27	2	2	3	0.0592369477912	0.143665158371
3161	train	data_pandit/aa/3161/data.3161	10	168	low-gap	0	0	0	0	0	0	0	0	0.0592369477912	0.143665158371
3162	train	data_pandit/aa/3162/data.3162	10	131	mid-gap	0.0603053435115	0.0763358778626	0.0687022900763	0.0687022900763	16	4.9375	7.5	8	0.0592369477912	0.143665158371
3163	train	data_pandit/aa/3163/data.3163	11	311	high-gap	0.229465068693	0.363344051447	0.315112540193	0.234726688103	129	6.08527131783	4	13	0.0592369477912	0.143665158371
3165	train	data_pandit/aa/3165/data.3165	7	265	low-gap	0	0	0	0	0	0	0	0	0.0592369477912	0.143665158371
3166	train	data_pandit/aa/3166/data.3166	8	448	high-gap	0.155133928571	0.234375	0.198660714286	0.171875	129	4.31007751938	2	13	0.0592369477912	0.143665158371
3167	train	data_pandit/aa/3167/data.3167	28	162	high-gap	0.153880070547	0.364197530864	0.240740740741	0.154320987654	159	4.38993710692	2	9	0.0592369477912	0.143665158371
3168	train	data_pandit/aa/3168/data.3168	11	351	mid-gap	0.0608650608651	0.131054131054	0.0598290598291	0.0598290598291	89	2.6404494382	2	7	0.0592369477912	0.143665158371
3169	train	data_pandit/aa/3169/data.3169	12	44	low-gap	0.0094696969697	0.113636363636	0	0	1	5	5	5	0.0592369477912	0.143665158371
3170	train	data_pandit/aa/3170/data.3170	7	291	mid-gap	0.110947471772	0.185567010309	0.134020618557	0.113402061856	36	6.27777777778	1	30	0.0592369477912	0.143665158371
3171	train	data_pandit/aa/3171/data.3171	5	998	low-gap	0.0170340681363	0.0420841683367	0.0190380761523	0.0150300601202	48	1.77083333333	1	3	0.0592369477912	0.143665158371
3172	train	data_pandit/aa/3172/data.3172	13	457	high-gap	0.252482747012	0.741794310722	0.275711159737	0.236323851204	218	6.88073394495	2	10	0.0592369477912	0.143665158371
3175	train	data_pandit/aa/3175/data.3175	36	144	mid-gap	0.0927854938272	0.243055555556	0.111111111111	0.0902777777778	209	2.3014354067	2	4	0.0592369477912	0.143665158371
3177	train	data_pandit/aa/3177/data.3177	6	341	low-gap	0.0190615835777	0.0557184750733	0.0351906158358	0.0175953079179	18	2.16666666667	1	3	0.0592369477912	0.143665158371
3178	train	data_pandit/aa/3178/data.3178	7	608	high-gap	0.34609962406	0.564144736842	0.450657894737	0.409539473684	124	11.8790322581	5	22	0.0592369477912	0.143665158371
3179	train	data_pandit/aa/3179/data.3179	16	538	high-gap	0.432039962825	0.594795539033	0.503717472119	0.492565055762	188	19.7819148936	11	52	0.0592369477912	0.143665158371
3180	train	data_pandit/aa/3180/data.3180	19	364	high-gap	0.327935222672	0.692307692308	0.376373626374	0.326923076923	622	3.6463022508	2	7	0.0592369477912	0.143665158371
3184	train	data_pandit/aa/3184/data.3184	4	231	mid-gap	0.0670995670996	0.112554112554	0.112554112554	0.0909090909091	24	2.58333333333	2	5	0.0592369477912	0.143665158371
3185	train	data_pandit/aa/3185/data.3185	41	157	high-gap	0.218424732018	0.585987261146	0.254777070064	0.203821656051	434	3.23963133641	2	7	0.0592369477912	0.143665158371
3186	train	data_pandit/aa/3186/data.3186	9	87	low-gap	0.0191570881226	0.0459770114943	0.0344827586207	0.0229885057471	10	1.5	1.5	2	0.0592369477912	0.143665158371
3187	train	data_pandit/aa/3187/data.3187	7	228	mid-gap	0.0946115288221	0.144736842105	0.127192982456	0.105263157895	62	2.43548387097	2	3	0.0592369477912	0.143665158371
3188	train	data_pandit/aa/3188/data.3188	5	208	mid-gap	0.133653846154	0.269230769231	0.173076923077	0.129807692308	24	5.79166666667	6	10	0.0592369477912	0.143665158371
3191	train	data_pandit/aa/3191/data.3191	8	427	low-gap	0.0591334894614	0.096018735363	0.0702576112412	0.0679156908665	52	3.88461538462	2	11	0.0592369477912	0.143665158371
3192	train	data_pandit/aa/3192/data.3192	5	769	low-gap	0.0481144343303	0.0845253576073	0.0767230169051	0.0559167750325	31	5.96774193548	3	18	0.0592369477912	0.143665158371
3194	train	data_pandit/aa/3194/data.3194	6	590	mid-gap	0.0994350282486	0.225423728814	0.174576271186	0.0966101694915	71	4.95774647887	2	15	0.0592369477912	0.143665158371
3195	train	data_pandit/aa/3195/data.3195	17	343	high-gap	0.280054879094	0.402332361516	0.338192419825	0.30029154519	259	6.30501930502	4	14	0.0592369477912	0.143665158371
3198	train	data_pandit/aa/3198/data.3198	55	513	high-gap	0.238277511962	0.557504873294	0.323586744639	0.251461988304	1001	6.71628371628	3	12	0.0592369477912	0.143665158371
3199	train	data_pandit/aa/3199/data.3199	6	76	mid-gap	0.122807017544	0.223684210526	0.184210526316	0.171052631579	8	7	7	13	0.0592369477912	0.143665158371
3200	train	data_pandit/aa/3200/data.3200	7	282	mid-gap	0.0896656534954	0.145390070922	0.106382978723	0.0992907801418	55	3.21818181818	3	4	0.0592369477912	0.143665158371
3202	train	data_pandit/aa/3202/data.3202	13	54	mid-gap	0.128205128205	0.407407407407	0.111111111111	0.0925925925926	61	1.47540983607	1	2	0.0592369477912	0.143665158371
3204	train	data_pandit/aa/3204/data.3204	25	300	mid-gap	0.129333333333	0.29	0.243333333333	0.0966666666667	269	3.60594795539	2	7	0.0592369477912	0.143665158371
3205	train	data_pandit/aa/3205/data.3205	17	101	mid-gap	0.131042516016	0.287128712871	0.158415841584	0.138613861386	109	2.06422018349	1	4	0.0592369477912	0.143665158371
3207	train	data_pandit/aa/3207/data.3207	5	178	low-gap	0.023595505618	0.0393258426966	0.0280898876404	0.0280898876404	8	2.625	2.5	4	0.0592369477912	0.143665158371
3208	train	data_pandit/aa/3208/data.3208	5	333	low-gap	0.0414414414414	0.0930930930931	0.0540540540541	0.033033033033	28	2.46428571429	2	4	0.0592369477912	0.143665158371
3209	train	data_pandit/aa/3209/data.3209	185	238	high-gap	0.29868271633	0.495798319328	0.336134453782	0.31512605042	4281	3.07194580705	2	7	0.0592369477912	0.143665158371
3210	train	data_pandit/aa/3210/data.3210	31	143	high-gap	0.181141439206	0.475524475524	0.251748251748	0.195804195804	171	4.69590643275	3	10	0.0592369477912	0.143665158371
3211	train	data_pandit/aa/3211/data.3211	51	135	low-gap	0.0493827160494	0.274074074074	0.0444444444444	0.0444444444444	253	1.34387351779	1	2	0.0592369477912	0.143665158371
3214	train	data_pandit/aa/3214/data.3214	7	78	low-gap	0.025641025641	0.0769230769231	0.0641025641026	0.0128205128205	6	2.33333333333	1	5	0.0592369477912	0.143665158371
3215	train	data_pandit/aa/3215/data.3215	7	397	mid-gap	0.104354084203	0.163727959698	0.148614609572	0.133501259446	22	13.1818181818	3	48	0.0592369477912	0.143665158371
3216	train	data_pandit/aa/3216/data.3216	58	213	high-gap	0.225433058119	0.422535211268	0.244131455399	0.239436619718	412	6.75970873786	4	15	0.0592369477912	0.143665158371
3217	train	data_pandit/aa/3217/data.3217	48	87	high-gap	0.176005747126	0.459770114943	0.206896551724	0.16091954023	193	3.80829015544	3	6	0.0592369477912	0.143665158371
3218	train	data_pandit/aa/3218/data.3218	22	89	high-gap	0.188457609806	0.314606741573	0.247191011236	0.213483146067	79	4.67088607595	3	10	0.0592369477912	0.143665158371
3219	train	data_pandit/aa/3219/data.3219	16	136	high-gap	0.311580882353	0.433823529412	0.389705882353	0.367647058824	73	9.28767123288	5	24	0.0592369477912	0.143665158371
3224	train	data_pandit/aa/3224/data.3224	31	109	low-gap	0.00384729209825	0.0733944954128	0	0	8	1.625	1	3	0.0592369477912	0.143665158371
3226	train	data_pandit/aa/3226/data.3226	32	138	low-gap	0.0434782608696	0.195652173913	0.0507246376812	0.0289855072464	123	1.56097560976	1	3	0.0592369477912	0.143665158371
3227	train	data_pandit/aa/3227/data.3227	35	149	mid-gap	0.133269415149	0.429530201342	0.174496644295	0.107382550336	142	4.89436619718	4	10	0.0592369477912	0.143665158371
3228	train	data_pandit/aa/3228/data.3228	35	146	high-gap	0.194520547945	0.431506849315	0.356164383562	0.239726027397	129	7.70542635659	1	41	0.0592369477912	0.143665158371
3230	train	data_pandit/aa/3230/data.3230	6	224	high-gap	0.228422619048	0.401785714286	0.3125	0.254464285714	77	3.98701298701	3	6	0.0592369477912	0.143665158371
3231	train	data_pandit/aa/3231/data.3231	9	122	low-gap	0.0473588342441	0.147540983607	0.0573770491803	0.0245901639344	36	1.44444444444	1	3	0.0592369477912	0.143665158371
3232	train	data_pandit/aa/3232/data.3232	12	157	high-gap	0.157643312102	0.426751592357	0.165605095541	0.140127388535	41	7.24390243902	5	14	0.0592369477912	0.143665158371
3233	train	data_pandit/aa/3233/data.3233	7	46	mid-gap	0.0807453416149	0.217391304348	0.0869565217391	0.0652173913043	17	1.52941176471	1	2	0.0592369477912	0.143665158371
3234	train	data_pandit/aa/3234/data.3234	81	118	high-gap	0.316907302783	0.423728813559	0.330508474576	0.322033898305	330	9.17878787879	4	27	0.0592369477912	0.143665158371
3235	train	data_pandit/aa/3235/data.3235	45	168	mid-gap	0.113756613757	0.220238095238	0.136904761905	0.113095238095	401	2.14463840399	1	4	0.0592369477912	0.143665158371
3236	train	data_pandit/aa/3236/data.3236	33	221	high-gap	0.398738516386	0.592760180995	0.506787330317	0.438914027149	312	9.32051282051	9	16	0.0592369477912	0.143665158371
3239	train	data_pandit/aa/3239/data.3239	21	175	high-gap	0.310204081633	0.56	0.337142857143	0.314285714286	212	5.37735849057	4	12	0.0592369477912	0.143665158371
3241	train	data_pandit/aa/3241/data.3241	108	111	high-gap	0.517267267267	0.837837837838	0.594594594595	0.567567567568	1114	5.56642728905	2	11	0.0592369477912	0.143665158371
3243	train	data_pandit/aa/3243/data.3243	35	326	mid-gap	0.121472392638	0.226993865031	0.131901840491	0.122699386503	470	2.94893617021	2	6	0.0592369477912	0.143665158371
3245	train	data_pandit/aa/3245/data.3245	8	440	high-gap	0.269318181818	0.345454545455	0.315909090909	0.304545454545	36	26.3333333333	10	87	0.0592369477912	0.143665158371
3246	train	data_pandit/aa/3246/data.3246	96	276	high-gap	0.376547403382	0.699275362319	0.373188405797	0.373188405797	1528	6.52945026178	2.5	21	0.0592369477912	0.143665158371
3247	train	data_pandit/aa/3247/data.3247	59	100	high-gap	0.297457627119	0.44	0.32	0.31	283	6.20141342756	1	19	0.0592369477912	0.143665158371
3248	train	data_pandit/aa/3248/data.3248	55	101	high-gap	0.161116111611	0.485148514851	0.168316831683	0.148514851485	220	4.06818181818	3	7	0.0592369477912	0.143665158371
3249	train	data_pandit/aa/3249/data.3249	49	447	mid-gap	0.11181116742	0.234899328859	0.13870246085	0.0917225950783	751	3.26098535286	2	8	0.0592369477912	0.143665158371
3251	train	data_pandit/aa/3251/data.3251	11	51	low-gap	0.0570409982175	0.117647058824	0.078431372549	0.0588235294118	24	1.33333333333	1	2	0.0592369477912	0.143665158371
3255	train	data_pandit/aa/3255/data.3255	24	459	high-gap	0.280682643428	0.407407407407	0.352941176471	0.272331154684	310	9.97419354839	5	31	0.0592369477912	0.143665158371
3256	train	data_pandit/aa/3256/data.3256	13	165	high-gap	0.194405594406	0.339393939394	0.236363636364	0.236363636364	78	5.34615384615	2	16	0.0592369477912	0.143665158371
3259	train	data_pandit/aa/3259/data.3259	19	123	high-gap	0.382541720154	0.658536585366	0.544715447154	0.528455284553	94	9.51063829787	4	37	0.0592369477912	0.143665158371
3260	train	data_pandit/aa/3260/data.3260	8	193	mid-gap	0.0757772020725	0.19170984456	0.103626943005	0.0880829015544	33	3.54545454545	4	5	0.0592369477912	0.143665158371
3261	train	data_pandit/aa/3261/data.3261	10	173	high-gap	0.146820809249	0.317919075145	0.225433526012	0.167630057803	90	2.82222222222	3	4	0.0592369477912	0.143665158371
3263	train	data_pandit/aa/3263/data.3263	12	99	low-gap	0.0286195286195	0.0909090909091	0.040404040404	0.020202020202	29	1.1724137931	1	1	0.0592369477912	0.143665158371
3267	train	data_pandit/aa/3267/data.3267	4	198	low-gap	0.0176767676768	0.0606060606061	0.0606060606061	0.00505050505051	7	2	1	2	0.0592369477912	0.143665158371
3269	train	data_pandit/aa/3269/data.3269	4	195	low-gap	0.0461538461538	0.133333333333	0.133333333333	0.025641025641	14	2.57142857143	1	2	0.0592369477912	0.143665158371
3271	train	data_pandit/aa/3271/data.3271	4	69	low-gap	0.0326086956522	0.0579710144928	0.0579710144928	0.0434782608696	6	1.5	1.5	2	0.0592369477912	0.143665158371
3274	train	data_pandit/aa/3274/data.3274	4	430	low-gap	0.0156976744186	0.0325581395349	0.0325581395349	0.0255813953488	14	1.92857142857	1	2	0.0592369477912	0.143665158371
3276	train	data_pandit/aa/3276/data.3276	36	459	high-gap	0.33024691358	0.479302832244	0.366013071895	0.335511982571	956	5.70815899582	3	7	0.0592369477912	0.143665158371
3277	train	data_pandit/aa/3277/data.3277	4	227	mid-gap	0.0594713656388	0.0837004405286	0.0837004405286	0.079295154185	21	2.57142857143	3	5	0.0592369477912	0.143665158371
3278	train	data_pandit/aa/3278/data.3278	5	55	low-gap	0.0436363636364	0.109090909091	0.0727272727273	0.0363636363636	7	1.71428571429	1	2	0.0592369477912	0.143665158371
3286	train	data_pandit/aa/3286/data.3286	15	492	high-gap	0.517073170732	0.615853658537	0.587398373984	0.567073170732	191	19.9790575916	5	47	0.0592369477912	0.143665158371
3287	train	data_pandit/aa/3287/data.3287	4	360	mid-gap	0.0861111111111	0.166666666667	0.166666666667	0.0888888888889	19	6.52631578947	2	28	0.0592369477912	0.143665158371
3291	train	data_pandit/aa/3291/data.3291	7	102	mid-gap	0.133053221289	0.254901960784	0.245098039216	0.127450980392	47	2.02127659574	1	3	0.0592369477912	0.143665158371
3303	train	data_pandit/aa/3303/data.3303	14	268	high-gap	0.232409381663	0.496268656716	0.30223880597	0.235074626866	144	6.05555555556	4	17	0.0592369477912	0.143665158371
3307	train	data_pandit/aa/3307/data.3307	27	791	high-gap	0.48171559676	0.692793931732	0.630847029077	0.568900126422	377	27.2891246684	5	48	0.0592369477912	0.143665158371
3308	train	data_pandit/aa/3308/data.3308	40	175	mid-gap	0.095	0.274285714286	0.142857142857	0.0571428571429	232	2.86637931034	2	6	0.0592369477912	0.143665158371
3310	train	data_pandit/aa/3310/data.3310	24	197	high-gap	0.203257191201	0.375634517766	0.228426395939	0.208121827411	218	4.40825688073	4.5	11	0.0592369477912	0.143665158371
3314	train	data_pandit/aa/3314/data.3314	16	82	low-gap	0	0	0	0	0	0	0	0	0.0592369477912	0.143665158371
3316	train	data_pandit/aa/3316/data.3316	10	155	high-gap	0.223870967742	0.270967741935	0.258064516129	0.258064516129	45	7.71111111111	6	20	0.0592369477912	0.143665158371
3317	train	data_pandit/aa/3317/data.3317	8	875	low-gap	0.011	0.0537142857143	0.0125714285714	0.00457142857143	49	1.57142857143	1	3	0.0592369477912	0.143665158371
3319	train	data_pandit/aa/3319/data.3319	13	193	high-gap	0.22200079713	0.347150259067	0.300518134715	0.227979274611	73	7.6301369863	3	20	0.0592369477912	0.143665158371
3320	train	data_pandit/aa/3320/data.3320	25	252	high-gap	0.222380952381	0.40873015873	0.281746031746	0.210317460317	120	11.675	3	56	0.0592369477912	0.143665158371
3321	train	data_pandit/aa/3321/data.3321	6	286	low-gap	0.0011655011655	0.00699300699301	0	0	2	1	1	1	0.0592369477912	0.143665158371
3323	train	data_pandit/aa/3323/data.3323	4	689	mid-gap	0.0761973875181	0.143686502177	0.143686502177	0.101596516691	54	3.88888888889	2	7	0.0592369477912	0.143665158371
3324	train	data_pandit/aa/3324/data.3324	8	362	mid-gap	0.130179558011	0.240331491713	0.174033149171	0.140883977901	90	4.18888888889	4.5	8	0.0592369477912	0.143665158371
3325	train	data_pandit/aa/3325/data.3325	23	543	high-gap	0.276883657619	0.478821362799	0.329650092081	0.28729281768	451	7.66740576497	4	18	0.0592369477912	0.143665158371
3328	train	data_pandit/aa/3328/data.3328	148	300	high-gap	0.425112612613	0.656666666667	0.5	0.453333333333	2313	8.16039775184	4	16	0.0592369477912	0.143665158371
3332	train	data_pandit/aa/3332/data.3332	4	371	mid-gap	0.0788409703504	0.137466307278	0.137466307278	0.132075471698	35	3.34285714286	3	5	0.0592369477912	0.143665158371
3333	train	data_pandit/aa/3333/data.3333	21	519	high-gap	0.22836957519	0.398843930636	0.2408477842	0.229287090559	404	6.16089108911	4	18	0.0592369477912	0.143665158371
3334	train	data_pandit/aa/3334/data.3334	7	31	mid-gap	0.0829493087558	0.193548387097	0.129032258065	0.0967741935484	14	1.28571428571	1	2	0.0592369477912	0.143665158371
3336	train	data_pandit/aa/3336/data.3336	10	161	low-gap	0.0552795031056	0.130434782609	0.0807453416149	0.055900621118	23	3.86956521739	4	7	0.0592369477912	0.143665158371
3338	train	data_pandit/aa/3338/data.3338	6	248	low-gap	0.0268817204301	0.0806451612903	0.0241935483871	0.0201612903226	23	1.73913043478	1	2	0.0592369477912	0.143665158371
3339	train	data_pandit/aa/3339/data.3339	12	308	mid-gap	0.071158008658	0.224025974026	0.0811688311688	0.0551948051948	97	2.71134020619	2	7	0.0592369477912	0.143665158371
3341	train	data_pandit/aa/3341/data.3341	11	471	mid-gap	0.0934182590234	0.208067940552	0.110403397028	0.0934182590234	124	3.90322580645	1	13	0.0592369477912	0.143665158371
3343	train	data_pandit/aa/3343/data.3343	12	184	mid-gap	0.10597826087	0.277173913043	0.152173913043	0.0923913043478	90	2.6	2	6	0.0592369477912	0.143665158371
3344	train	data_pandit/aa/3344/data.3344	11	188	mid-gap	0.0797872340426	0.143617021277	0.101063829787	0.0797872340426	56	2.94642857143	2	5	0.0592369477912	0.143665158371
3345	train	data_pandit/aa/3345/data.3345	4	99	low-gap	0.0505050505051	0.121212121212	0.121212121212	0.0707070707071	10	2	2	4	0.0592369477912	0.143665158371
3346	train	data_pandit/aa/3346/data.3346	7	247	low-gap	0.0213996529786	0.0566801619433	0.0485829959514	0.0121457489879	21	1.7619047619	1	1	0.0592369477912	0.143665158371
3347	train	data_pandit/aa/3347/data.3347	18	171	mid-gap	0.0623781676413	0.140350877193	0.0818713450292	0.0584795321637	76	2.52631578947	2	6	0.0592369477912	0.143665158371
3349	train	data_pandit/aa/3349/data.3349	9	162	low-gap	0.056927297668	0.154320987654	0.0617283950617	0.0555555555556	29	2.86206896552	3	5	0.0592369477912	0.143665158371
3351	train	data_pandit/aa/3351/data.3351	51	496	high-gap	0.448766603416	0.858870967742	0.506048387097	0.449596774194	1358	8.35935198822	4	23	0.0592369477912	0.143665158371
3353	train	data_pandit/aa/3353/data.3353	12	51	low-gap	0.0228758169935	0.0392156862745	0.0392156862745	0.0392156862745	7	2	2	2	0.0592369477912	0.143665158371
3354	train	data_pandit/aa/3354/data.3354	5	421	low-gap	0.0304038004751	0.0498812351544	0.0427553444181	0.0308788598575	22	2.90909090909	1	9	0.0592369477912	0.143665158371
3357	train	data_pandit/aa/3357/data.3357	13	348	mid-gap	0.116710875332	0.195402298851	0.140804597701	0.123563218391	128	4.125	4	7	0.0592369477912	0.143665158371
3358	train	data_pandit/aa/3358/data.3358	29	212	high-gap	0.152081977879	0.344339622642	0.179245283019	0.13679245283	282	3.31560283688	2	7	0.0592369477912	0.143665158371
3359	train	data_pandit/aa/3359/data.3359	4	113	mid-gap	0.0597345132743	0.132743362832	0.132743362832	0.0796460176991	11	2.45454545455	2	5	0.0592369477912	0.143665158371
3361	train	data_pandit/aa/3361/data.3361	12	393	mid-gap	0.0625530110263	0.0865139949109	0.0839694656489	0.0737913486005	77	3.83116883117	2	9	0.0592369477912	0.143665158371
3362	train	data_pandit/aa/3362/data.3362	13	549	high-gap	0.144738685722	0.24043715847	0.200364298725	0.16393442623	146	7.07534246575	4	15	0.0592369477912	0.143665158371
3363	train	data_pandit/aa/3363/data.3363	15	71	mid-gap	0.140845070423	0.366197183099	0.154929577465	0.140845070423	52	2.88461538462	3	5	0.0592369477912	0.143665158371
3365	train	data_pandit/aa/3365/data.3365	17	244	low-gap	0.0318225650916	0.0819672131148	0.0409836065574	0.0245901639344	80	1.65	1	5	0.0592369477912	0.143665158371
3366	train	data_pandit/aa/3366/data.3366	36	130	mid-gap	0.107051282051	0.215384615385	0.138461538462	0.107692307692	220	2.27727272727	2	3	0.0592369477912	0.143665158371
3367	train	data_pandit/aa/3367/data.3367	8	334	mid-gap	0.0692365269461	0.101796407186	0.0958083832335	0.0868263473054	44	4.20454545455	2	14	0.0592369477912	0.143665158371
3368	train	data_pandit/aa/3368/data.3368	12	190	low-gap	0.0486842105263	0.178947368421	0.0894736842105	0.0210526315789	43	2.58139534884	1	5	0.0592369477912	0.143665158371
3369	train	data_pandit/aa/3369/data.3369	17	311	mid-gap	0.111594477019	0.199356913183	0.151125401929	0.131832797428	132	4.4696969697	2	3	0.0592369477912	0.143665158371
3371	train	data_pandit/aa/3371/data.3371	4	106	low-gap	0.0188679245283	0.0377358490566	0.0377358490566	0.0283018867925	5	1.6	2	2	0.0592369477912	0.143665158371
3373	train	data_pandit/aa/3373/data.3373	13	290	mid-gap	0.0732095490716	0.168965517241	0.11724137931	0.0689655172414	84	3.28571428571	3	6	0.0592369477912	0.143665158371
3374	train	data_pandit/aa/3374/data.3374	10	323	mid-gap	0.133436532508	0.365325077399	0.1826625387	0.117647058824	96	4.48958333333	2	15	0.0592369477912	0.143665158371
3376	train	data_pandit/aa/3376/data.3376	11	70	low-gap	0.0415584415584	0.214285714286	0.0285714285714	0.0142857142857	10	3.2	2	5	0.0592369477912	0.143665158371
3379	train	data_pandit/aa/3379/data.3379	16	125	low-gap	0.0325	0.208	0.024	0.024	50	1.3	1	1	0.0592369477912	0.143665158371
3381	train	data_pandit/aa/3381/data.3381	4	231	low-gap	0.0227272727273	0.047619047619	0.047619047619	0.021645021645	13	1.61538461538	2	2	0.0592369477912	0.143665158371
3383	train	data_pandit/aa/3383/data.3383	26	196	high-gap	0.41385400314	0.586734693878	0.55612244898	0.510204081633	132	15.9772727273	6	54	0.0592369477912	0.143665158371
3385	train	data_pandit/aa/3385/data.3385	37	280	mid-gap	0.0895752895753	0.203571428571	0.128571428571	0.0785714285714	331	2.80362537764	2	6	0.0592369477912	0.143665158371
3387	train	data_pandit/aa/3387/data.3387	20	58	mid-gap	0.0793103448276	0.224137931034	0.0862068965517	0.0862068965517	75	1.22666666667	1	2	0.0592369477912	0.143665158371
3392	train	data_pandit/aa/3392/data.3392	15	42	low-gap	0.0222222222222	0.190476190476	0.0238095238095	0	7	2	1	1	0.0592369477912	0.143665158371
3394	train	data_pandit/aa/3394/data.3394	22	52	mid-gap	0.121503496503	0.25	0.192307692308	0.0769230769231	71	1.95774647887	2	3	0.0592369477912	0.143665158371
3397	train	data_pandit/aa/3397/data.3397	9	412	high-gap	0.310140237325	0.473300970874	0.334951456311	0.330097087379	140	8.21428571429	4	26	0.0592369477912	0.143665158371
3399	train	data_pandit/aa/3399/data.3399	11	109	mid-gap	0.0717264386989	0.0917431192661	0.0825688073394	0.0825688073394	37	2.32432432432	2	5	0.0592369477912	0.143665158371
3401	train	data_pandit/aa/3401/data.3401	10	104	low-gap	0.0423076923077	0.153846153846	0.0769230769231	0.0192307692308	12	3.66666666667	4	4	0.0592369477912	0.143665158371
3402	train	data_pandit/aa/3402/data.3402	14	135	mid-gap	0.120105820106	0.251851851852	0.155555555556	0.111111111111	47	4.82978723404	3	10	0.0592369477912	0.143665158371
3406	train	data_pandit/aa/3406/data.3406	16	142	mid-gap	0.0607394366197	0.183098591549	0.056338028169	0.056338028169	74	1.86486486486	1	3	0.0592369477912	0.143665158371
3409	train	data_pandit/aa/3409/data.3409	4	177	mid-gap	0.0847457627119	0.158192090395	0.158192090395	0.107344632768	17	3.52941176471	2	8	0.0592369477912	0.143665158371
3410	train	data_pandit/aa/3410/data.3410	10	86	low-gap	0.0209302325581	0.0232558139535	0.0232558139535	0.0232558139535	9	2	2	2	0.0592369477912	0.143665158371
3414	train	data_pandit/aa/3414/data.3414	9	466	high-gap	0.331425846447	0.605150214592	0.396995708155	0.317596566524	243	5.72016460905	2	16	0.0592369477912	0.143665158371
3416	train	data_pandit/aa/3416/data.3416	6	301	mid-gap	0.137320044297	0.395348837209	0.146179401993	0.102990033223	68	3.64705882353	2.5	9	0.0592369477912	0.143665158371
3426	train	data_pandit/aa/3426/data.3426	8	123	mid-gap	0.118902439024	0.308943089431	0.211382113821	0.130081300813	51	2.29411764706	2	3	0.0592369477912	0.143665158371
3427	train	data_pandit/aa/3427/data.3427	4	93	low-gap	0.00806451612903	0.0215053763441	0.0215053763441	0.010752688172	3	1	1	1	0.0592369477912	0.143665158371
3428	train	data_pandit/aa/3428/data.3428	4	413	low-gap	0.0496368038741	0.123486682809	0.123486682809	0.0484261501211	18	4.55555555556	2	11	0.0592369477912	0.143665158371
3430	train	data_pandit/aa/3430/data.3430	13	247	mid-gap	0.0597944565556	0.153846153846	0.0769230769231	0.0728744939271	51	3.76470588235	2	12	0.0592369477912	0.143665158371
3431	train	data_pandit/aa/3431/data.3431	7	140	high-gap	0.167346938776	0.264285714286	0.25	0.242857142857	37	4.43243243243	4	9	0.0592369477912	0.143665158371
3435	train	data_pandit/aa/3435/data.3435	7	149	low-gap	0.0402684563758	0.0872483221477	0.0604026845638	0.0402684563758	32	1.3125	1	2	0.0592369477912	0.143665158371
3436	train	data_pandit/aa/3436/data.3436	7	87	low-gap	0.00985221674877	0.0229885057471	0.0114942528736	0.0114942528736	6	1	1	1	0.0592369477912	0.143665158371
3437	train	data_pandit/aa/3437/data.3437	6	135	low-gap	0.0469135802469	0.118518518519	0.0592592592593	0.0592592592593	20	1.9	1	3	0.0592369477912	0.143665158371
3439	train	data_pandit/aa/3439/data.3439	11	173	mid-gap	0.0667367314766	0.127167630058	0.0809248554913	0.0751445086705	59	2.15254237288	2	4	0.0592369477912	0.143665158371
3440	train	data_pandit/aa/3440/data.3440	11	92	low-gap	0.0098814229249	0.0326086956522	0.0108695652174	0.0108695652174	9	1.11111111111	1	1	0.0592369477912	0.143665158371
3441	train	data_pandit/aa/3441/data.3441	6	340	mid-gap	0.0852941176471	0.194117647059	0.185294117647	0.0676470588235	52	3.34615384615	2	8	0.0592369477912	0.143665158371
3443	train	data_pandit/aa/3443/data.3443	26	150	high-gap	0.357179487179	0.726666666667	0.486666666667	0.32	188	7.40957446809	4	20	0.0592369477912	0.143665158371
3444	train	data_pandit/aa/3444/data.3444	5	81	low-gap	0.0123456790123	0.0493827160494	0.0123456790123	0	3	1.66666666667	1	1	0.0592369477912	0.143665158371
3445	train	data_pandit/aa/3445/data.3445	4	117	low-gap	0.0299145299145	0.0769230769231	0.0769230769231	0.042735042735	6	2.33333333333	1.5	4	0.0592369477912	0.143665158371
3446	train	data_pandit/aa/3446/data.3446	6	191	low-gap	0.0453752181501	0.0942408376963	0.0680628272251	0.0471204188482	27	1.92592592593	2	3	0.0592369477912	0.143665158371
3450	train	data_pandit/aa/3450/data.3450	4	53	low-gap	0.0235849056604	0.0566037735849	0.0566037735849	0.0188679245283	3	1.66666666667	1	1	0.0592369477912	0.143665158371
3453	train	data_pandit/aa/3453/data.3453	67	164	mid-gap	0.123771386968	0.567073170732	0.109756097561	0.109756097561	452	3.00884955752	2	6	0.0592369477912	0.143665158371
3456	train	data_pandit/aa/3456/data.3456	31	77	high-gap	0.226644323419	0.493506493506	0.220779220779	0.194805194805	140	3.86428571429	1	8	0.0592369477912	0.143665158371
3460	train	data_pandit/aa/3460/data.3460	9	138	low-gap	0.0587761674718	0.355072463768	0.0434782608696	0.0217391304348	21	3.47619047619	2	3	0.0592369477912	0.143665158371
3462	train	data_pandit/aa/3462/data.3462	12	57	mid-gap	0.0760233918129	0.19298245614	0.0701754385965	0.0701754385965	26	2	2	2	0.0592369477912	0.143665158371
3466	train	data_pandit/aa/3466/data.3466	60	346	high-gap	0.489836223507	0.725433526012	0.566473988439	0.528901734104	864	11.7696759259	4	44	0.0592369477912	0.143665158371
3467	train	data_pandit/aa/3467/data.3467	4	633	mid-gap	0.0770142180095	0.172195892575	0.172195892575	0.0821484992101	52	3.75	2	10	0.0592369477912	0.143665158371
3468	train	data_pandit/aa/3468/data.3468	12	75	low-gap	0.0122222222222	0.0266666666667	0.0266666666667	0.0133333333333	11	1	1	1	0.0592369477912	0.143665158371
3469	train	data_pandit/aa/3469/data.3469	25	129	high-gap	0.21984496124	0.410852713178	0.248062015504	0.217054263566	91	7.79120879121	2	25	0.0592369477912	0.143665158371
3472	train	data_pandit/aa/3472/data.3472	14	266	mid-gap	0.0700859291085	0.187969924812	0.112781954887	0.0676691729323	93	2.8064516129	2	5	0.0592369477912	0.143665158371
3473	train	data_pandit/aa/3473/data.3473	28	139	high-gap	0.274922918808	0.41726618705	0.309352517986	0.302158273381	255	4.19607843137	3	10	0.0592369477912	0.143665158371
3474	train	data_pandit/aa/3474/data.3474	32	98	high-gap	0.302933673469	0.663265306122	0.367346938776	0.316326530612	179	5.30726256983	3	15	0.0592369477912	0.143665158371
3475	train	data_pandit/aa/3475/data.3475	25	90	mid-gap	0.114222222222	0.177777777778	0.133333333333	0.122222222222	56	4.58928571429	2	10	0.0592369477912	0.143665158371
3476	train	data_pandit/aa/3476/data.3476	15	266	mid-gap	0.0887218045113	0.195488721805	0.124060150376	0.0977443609023	119	2.97478991597	2	5	0.0592369477912	0.143665158371
3477	train	data_pandit/aa/3477/data.3477	22	138	mid-gap	0.115283267457	0.217391304348	0.152173913043	0.130434782609	144	2.43055555556	1	5	0.0592369477912	0.143665158371
3479	train	data_pandit/aa/3479/data.3479	21	109	mid-gap	0.141546526868	0.247706422018	0.201834862385	0.165137614679	75	4.32	2	9	0.0592369477912	0.143665158371
3480	train	data_pandit/aa/3480/data.3480	17	286	high-gap	0.218017276841	0.48951048951	0.27972027972	0.227272727273	167	6.34730538922	5	12	0.0592369477912	0.143665158371
3481	train	data_pandit/aa/3481/data.3481	62	132	high-gap	0.270527859238	0.515151515152	0.310606060606	0.280303030303	304	7.28289473684	4	19	0.0592369477912	0.143665158371
3482	train	data_pandit/aa/3482/data.3482	14	68	high-gap	0.146008403361	0.161764705882	0.161764705882	0.161764705882	26	5.34615384615	4	7	0.0592369477912	0.143665158371
3485	train	data_pandit/aa/3485/data.3485	9	44	low-gap	0.0479797979798	0.0909090909091	0.0909090909091	0.0454545454545	12	1.58333333333	2	2	0.0592369477912	0.143665158371
3486	train	data_pandit/aa/3486/data.3486	11	186	high-gap	0.159335288368	0.209677419355	0.177419354839	0.177419354839	61	5.34426229508	2	13	0.0592369477912	0.143665158371
3487	train	data_pandit/aa/3487/data.3487	7	447	mid-gap	0.118568232662	0.187919463087	0.174496644295	0.13870246085	94	3.94680851064	3	8	0.0592369477912	0.143665158371
3488	train	data_pandit/aa/3488/data.3488	38	423	high-gap	0.161067562523	0.302600472813	0.184397163121	0.172576832151	360	7.19166666667	4	22	0.0592369477912	0.143665158371
3489	train	data_pandit/aa/3489/data.3489	9	276	mid-gap	0.111513687601	0.173913043478	0.144927536232	0.134057971014	50	5.54	4	19	0.0592369477912	0.143665158371
3494	train	data_pandit/aa/3494/data.3494	11	93	low-gap	0.030303030303	0.10752688172	0.0322580645161	0.0215053763441	25	1.24	1	1	0.0592369477912	0.143665158371
3495	train	data_pandit/aa/3495/data.3495	16	256	low-gap	0.054931640625	0.125	0.0546875	0.0546875	64	3.515625	2	8	0.0592369477912	0.143665158371
3497	train	data_pandit/aa/3497/data.3497	23	185	high-gap	0.189189189189	0.421621621622	0.237837837838	0.183783783784	175	4.6	2	13	0.0592369477912	0.143665158371
3498	train	data_pandit/aa/3498/data.3498	13	231	mid-gap	0.0775890775891	0.186147186147	0.0909090909091	0.0649350649351	115	2.02608695652	1	5	0.0592369477912	0.143665158371
3499	train	data_pandit/aa/3499/data.3499	4	155	mid-gap	0.101612903226	0.187096774194	0.187096774194	0.154838709677	13	4.84615384615	5	7	0.0592369477912	0.143665158371
3500	train	data_pandit/aa/3500/data.3500	24	49	low-gap	0.0561224489796	0.224489795918	0.0816326530612	0.0408163265306	42	1.57142857143	1.5	2	0.0592369477912	0.143665158371
3502	train	data_pandit/aa/3502/data.3502	12	148	high-gap	0.237612612613	0.594594594595	0.27027027027	0.236486486486	75	5.62666666667	1	22	0.0592369477912	0.143665158371
3503	train	data_pandit/aa/3503/data.3503	14	163	low-gap	0.045574057844	0.104294478528	0.0552147239264	0.0490797546012	45	2.31111111111	1	5	0.0592369477912	0.143665158371
3504	train	data_pandit/aa/3504/data.3504	9	86	low-gap	0.0490956072351	0.093023255814	0.0697674418605	0.0697674418605	15	2.53333333333	2	4	0.0592369477912	0.143665158371
3506	train	data_pandit/aa/3506/data.3506	4	531	mid-gap	0.127118644068	0.244821092279	0.244821092279	0.154425612053	35	7.71428571429	5	18	0.0592369477912	0.143665158371
3508	train	data_pandit/aa/3508/data.3508	12	245	high-gap	0.207142857143	0.526530612245	0.265306122449	0.191836734694	128	4.7578125	3	11	0.0592369477912	0.143665158371
3509	train	data_pandit/aa/3509/data.3509	13	245	high-gap	0.261852433281	0.563265306122	0.285714285714	0.244897959184	143	5.83216783217	3	10	0.0592369477912	0.143665158371
3510	train	data_pandit/aa/3510/data.3510	14	121	mid-gap	0.0749704840614	0.115702479339	0.0909090909091	0.0743801652893	32	3.96875	2	8	0.0592369477912	0.143665158371
3512	train	data_pandit/aa/3512/data.3512	14	109	high-gap	0.301441677588	0.56880733945	0.376146788991	0.357798165138	46	10	4	27	0.0592369477912	0.143665158371
3514	train	data_pandit/aa/3514/data.3514	32	365	high-gap	0.376969178082	0.758904109589	0.430136986301	0.372602739726	857	5.13768961494	4	13	0.0592369477912	0.143665158371
3515	train	data_pandit/aa/3515/data.3515	14	72	mid-gap	0.078373015873	0.305555555556	0.152777777778	0.0138888888889	36	2.19444444444	1.5	4	0.0592369477912	0.143665158371
3519	train	data_pandit/aa/3519/data.3519	32	322	high-gap	0.184976708075	0.512422360248	0.232919254658	0.189440993789	314	6.07006369427	4	17	0.0592369477912	0.143665158371
3520	train	data_pandit/aa/3520/data.3520	12	363	mid-gap	0.138888888889	0.239669421488	0.212121212121	0.170798898072	108	5.60185185185	2	18	0.0592369477912	0.143665158371
3522	train	data_pandit/aa/3522/data.3522	10	89	mid-gap	0.0808988764045	0.157303370787	0.112359550562	0.0786516853933	28	2.57142857143	2	5	0.0592369477912	0.143665158371
3526	train	data_pandit/aa/3526/data.3526	16	112	low-gap	0.0474330357143	0.133928571429	0.0714285714286	0.0446428571429	42	2.02380952381	2	4	0.0592369477912	0.143665158371
3527	train	data_pandit/aa/3527/data.3527	24	408	high-gap	0.369383169935	0.691176470588	0.497549019608	0.394607843137	327	11.0611620795	5	35	0.0592369477912	0.143665158371
3528	train	data_pandit/aa/3528/data.3528	8	206	high-gap	0.261529126214	0.538834951456	0.495145631068	0.247572815534	43	10.023255814	9	20	0.0592369477912	0.143665158371
3529	train	data_pandit/aa/3529/data.3529	8	277	high-gap	0.147111913357	0.270758122744	0.234657039711	0.187725631769	62	5.25806451613	4.5	14	0.0592369477912	0.143665158371
3533	train	data_pandit/aa/3533/data.3533	13	110	low-gap	0.000699300699301	0.00909090909091	0	0	1	1	1	1	0.0592369477912	0.143665158371
3536	train	data_pandit/aa/3536/data.3536	20	56	mid-gap	0.0607142857143	0.0714285714286	0.0714285714286	0.0714285714286	17	4	4	4	0.0592369477912	0.143665158371
3537	train	data_pandit/aa/3537/data.3537	4	210	mid-gap	0.0714285714286	0.138095238095	0.138095238095	0.104761904762	15	4	2	7	0.0592369477912	0.143665158371
3540	train	data_pandit/aa/3540/data.3540	44	239	high-gap	0.15975656143	0.255230125523	0.179916317992	0.171548117155	432	3.88888888889	2	9	0.0592369477912	0.143665158371
3543	train	data_pandit/aa/3543/data.3543	31	238	mid-gap	0.0895906749797	0.483193277311	0.0882352941176	0.0588235294118	330	2.00303030303	1	4	0.0592369477912	0.143665158371
3544	train	data_pandit/aa/3544/data.3544	4	161	mid-gap	0.0885093167702	0.204968944099	0.204968944099	0.0807453416149	10	5.7	5.5	12	0.0592369477912	0.143665158371
3545	train	data_pandit/aa/3545/data.3545	4	232	mid-gap	0.0991379310345	0.215517241379	0.215517241379	0.120689655172	28	3.28571428571	3	4	0.0592369477912	0.143665158371
3546	train	data_pandit/aa/3546/data.3546	6	176	low-gap	0.0236742424242	0.0454545454545	0.0340909090909	0.0340909090909	17	1.47058823529	1	3	0.0592369477912	0.143665158371
3550	train	data_pandit/aa/3550/data.3550	61	341	high-gap	0.372434017595	0.636363636364	0.451612903226	0.428152492669	973	7.96197327852	4	17	0.0592369477912	0.143665158371
3551	train	data_pandit/aa/3551/data.3551	18	181	low-gap	0.048496009822	0.0994475138122	0.060773480663	0.0552486187845	88	1.79545454545	1	4	0.0592369477912	0.143665158371
3552	train	data_pandit/aa/3552/data.3552	53	104	high-gap	0.289368650218	0.548076923077	0.375	0.298076923077	286	5.57692307692	3	12	0.0592369477912	0.143665158371
3555	train	data_pandit/aa/3555/data.3555	4	1098	mid-gap	0.107923497268	0.200364298725	0.200364298725	0.143897996357	102	4.64705882353	3	8	0.0592369477912	0.143665158371
3556	train	data_pandit/aa/3556/data.3556	15	587	low-gap	0.0532651902328	0.100511073254	0.0596252129472	0.0545144804089	108	4.34259259259	3	13	0.0592369477912	0.143665158371
3561	train	data_pandit/aa/3561/data.3561	55	98	high-gap	0.243784786642	0.397959183673	0.275510204082	0.244897959184	217	6.05529953917	6	11	0.0592369477912	0.143665158371
3562	train	data_pandit/aa/3562/data.3562	12	340	mid-gap	0.0865196078431	0.152941176471	0.1	0.0970588235294	127	2.77952755906	3	5	0.0592369477912	0.143665158371
3563	train	data_pandit/aa/3563/data.3563	4	236	mid-gap	0.0911016949153	0.203389830508	0.203389830508	0.152542372881	18	4.77777777778	2	8	0.0592369477912	0.143665158371
3564	train	data_pandit/aa/3564/data.3564	24	64	low-gap	0.05078125	0.15625	0.078125	0.03125	61	1.27868852459	1	2	0.0592369477912	0.143665158371
3566	train	data_pandit/aa/3566/data.3566	22	348	high-gap	0.227664576803	0.439655172414	0.298850574713	0.195402298851	244	7.14344262295	3	16	0.0592369477912	0.143665158371
3567	train	data_pandit/aa/3567/data.3567	4	421	low-gap	0.041567695962	0.083135391924	0.083135391924	0.0641330166271	20	3.5	3	7	0.0592369477912	0.143665158371
3572	train	data_pandit/aa/3572/data.3572	17	159	low-gap	0.0495745467999	0.0754716981132	0.0566037735849	0.0503144654088	82	1.63414634146	1	3	0.0592369477912	0.143665158371
3573	train	data_pandit/aa/3573/data.3573	14	59	mid-gap	0.0677966101695	0.135593220339	0.0677966101695	0.0677966101695	37	1.51351351351	1	3	0.0592369477912	0.143665158371
3575	train	data_pandit/aa/3575/data.3575	6	967	mid-gap	0.0920372285419	0.185108583247	0.143743536711	0.12202688728	84	6.35714285714	3	15	0.0592369477912	0.143665158371
3576	train	data_pandit/aa/3576/data.3576	7	76	mid-gap	0.0902255639098	0.118421052632	0.105263157895	0.105263157895	19	2.52631578947	1	6	0.0592369477912	0.143665158371
3578	train	data_pandit/aa/3578/data.3578	9	150	mid-gap	0.0851851851852	0.2	0.106666666667	0.08	26	4.42307692308	2	12	0.0592369477912	0.143665158371
3579	train	data_pandit/aa/3579/data.3579	20	294	high-gap	0.288775510204	0.5	0.380952380952	0.309523809524	288	5.89583333333	3	13	0.0592369477912	0.143665158371
3581	train	data_pandit/aa/3581/data.3581	6	235	mid-gap	0.0808510638298	0.212765957447	0.110638297872	0.0808510638298	33	3.45454545455	2	7	0.0592369477912	0.143665158371
3582	train	data_pandit/aa/3582/data.3582	31	79	mid-gap	0.070641077991	0.291139240506	0.0759493670886	0.0632911392405	61	2.83606557377	3	4	0.0592369477912	0.143665158371
3583	train	data_pandit/aa/3583/data.3583	13	384	mid-gap	0.0627003205128	0.2109375	0.0546875	0.0416666666667	101	3.09900990099	3	6	0.0592369477912	0.143665158371
3585	train	data_pandit/aa/3585/data.3585	6	165	low-gap	0.0525252525253	0.109090909091	0.0848484848485	0.0606060606061	32	1.625	1	3	0.0592369477912	0.143665158371
3588	train	data_pandit/aa/3588/data.3588	8	73	mid-gap	0.0667808219178	0.123287671233	0.0684931506849	0.0684931506849	9	4.33333333333	5	5	0.0592369477912	0.143665158371
3589	train	data_pandit/aa/3589/data.3589	7	193	low-gap	0.020725388601	0.124352331606	0.00518134715026	0.00518134715026	11	2.54545454545	1	4	0.0592369477912	0.143665158371
3590	train	data_pandit/aa/3590/data.3590	5	412	mid-gap	0.117475728155	0.20145631068	0.157766990291	0.123786407767	39	6.20512820513	3	12	0.0592369477912	0.143665158371
3594	train	data_pandit/aa/3594/data.3594	33	199	high-gap	0.168265570276	0.437185929648	0.180904522613	0.150753768844	299	3.69565217391	3	8	0.0592369477912	0.143665158371
3598	train	data_pandit/aa/3598/data.3598	5	140	low-gap	0.0285714285714	0.1	0.0142857142857	0.0142857142857	10	2	2	3	0.0592369477912	0.143665158371
3600	train	data_pandit/aa/3600/data.3600	23	27	high-gap	0.151368760064	0.296296296296	0.148148148148	0.148148148148	26	3.61538461538	4	4	0.0592369477912	0.143665158371
3601	train	data_pandit/aa/3601/data.3601	18	56	low-gap	0.00595238095238	0.107142857143	0	0	2	3	3	3	0.0592369477912	0.143665158371
3603	train	data_pandit/aa/3603/data.3603	6	522	high-gap	0.229885057471	0.371647509579	0.302681992337	0.266283524904	179	4.02234636872	3	10	0.0592369477912	0.143665158371
3608	train	data_pandit/aa/3608/data.3608	6	64	mid-gap	0.078125	0.203125	0.09375	0.078125	17	1.76470588235	2	2	0.0592369477912	0.143665158371
3610	train	data_pandit/aa/3610/data.3610	7	152	mid-gap	0.107142857143	0.276315789474	0.157894736842	0.0921052631579	54	2.11111111111	1	4	0.0592369477912	0.143665158371
3611	train	data_pandit/aa/3611/data.3611	11	122	high-gap	0.23174366617	0.418032786885	0.295081967213	0.254098360656	106	2.93396226415	2	6	0.0592369477912	0.143665158371
3612	train	data_pandit/aa/3612/data.3612	7	115	high-gap	0.219875776398	0.373913043478	0.347826086957	0.24347826087	18	9.83333333333	3	23	0.0592369477912	0.143665158371
3614	train	data_pandit/aa/3614/data.3614	15	180	high-gap	0.361851851852	0.472222222222	0.411111111111	0.366666666667	70	13.9571428571	2	60	0.0592369477912	0.143665158371
3615	train	data_pandit/aa/3615/data.3615	23	94	high-gap	0.167900092507	0.223404255319	0.18085106383	0.18085106383	129	2.81395348837	2	8	0.0592369477912	0.143665158371
3616	train	data_pandit/aa/3616/data.3616	7	279	mid-gap	0.129544290835	0.204301075269	0.172043010753	0.139784946237	48	5.27083333333	2	15	0.0592369477912	0.143665158371
3618	train	data_pandit/aa/3618/data.3618	19	89	low-gap	0.0307510348906	0.0898876404494	0.0449438202247	0.0337078651685	31	1.67741935484	1	3	0.0592369477912	0.143665158371
3619	train	data_pandit/aa/3619/data.3619	4	291	low-gap	0.0120274914089	0.0240549828179	0.0240549828179	0.0137457044674	9	1.55555555556	1	2	0.0592369477912	0.143665158371
3621	train	data_pandit/aa/3621/data.3621	8	261	low-gap	0.0316091954023	0.11877394636	0.0383141762452	0.0191570881226	29	2.27586206897	2	3	0.0592369477912	0.143665158371
3622	train	data_pandit/aa/3622/data.3622	8	65	mid-gap	0.0788461538462	0.184615384615	0.138461538462	0.0769230769231	16	2.5625	2.5	4	0.0592369477912	0.143665158371
3624	train	data_pandit/aa/3624/data.3624	4	182	low-gap	0.0343406593407	0.0824175824176	0.0824175824176	0.0494505494505	13	1.92307692308	2	3	0.0592369477912	0.143665158371
3625	train	data_pandit/aa/3625/data.3625	5	192	mid-gap	0.116666666667	0.166666666667	0.145833333333	0.145833333333	36	3.11111111111	3	6	0.0592369477912	0.143665158371
3626	train	data_pandit/aa/3626/data.3626	8	331	low-gap	0.0517371601208	0.114803625378	0.0876132930514	0.0543806646526	71	1.92957746479	1	4	0.0592369477912	0.143665158371
3627	train	data_pandit/aa/3627/data.3627	5	50	low-gap	0.004	0.02	0	0	1	1	1	1	0.0592369477912	0.143665158371
3628	train	data_pandit/aa/3628/data.3628	6	79	low-gap	0.0464135021097	0.151898734177	0.113924050633	0.0126582278481	5	4.4	1	8	0.0592369477912	0.143665158371
3629	train	data_pandit/aa/3629/data.3629	5	153	low-gap	0.0483660130719	0.0849673202614	0.0718954248366	0.0588235294118	24	1.54166666667	1.5	2	0.0592369477912	0.143665158371
3630	train	data_pandit/aa/3630/data.3630	11	92	high-gap	0.203557312253	0.434782608696	0.271739130435	0.173913043478	32	6.4375	4	15	0.0592369477912	0.143665158371
3632	train	data_pandit/aa/3632/data.3632	12	83	low-gap	0.0592369477912	0.192771084337	0.0602409638554	0.0602409638554	29	2.03448275862	2	3	0.0592369477912	0.143665158371
3634	train	data_pandit/aa/3634/data.3634	8	178	mid-gap	0.101825842697	0.213483146067	0.162921348315	0.0955056179775	70	2.07142857143	2	4	0.0592369477912	0.143665158371
3636	train	data_pandit/aa/3636/data.3636	5	125	low-gap	0.0208	0.04	0.032	0.024	12	1.08333333333	1	1	0.0592369477912	0.143665158371
3638	train	data_pandit/aa/3638/data.3638	18	649	high-gap	0.355760999829	0.563944530046	0.437596302003	0.363636363636	351	11.8404558405	7	31	0.0592369477912	0.143665158371
3644	train	data_pandit/aa/3644/data.3644	55	76	mid-gap	0.115311004785	0.210526315789	0.118421052632	0.118421052632	209	2.30622009569	1	6	0.0592369477912	0.143665158371
3645	train	data_pandit/aa/3645/data.3645	8	596	high-gap	0.365562080537	0.572147651007	0.474832214765	0.385906040268	278	6.26978417266	4	13	0.0592369477912	0.143665158371
3646	train	data_pandit/aa/3646/data.3646	13	46	low-gap	0	0	0	0	0	0	0	0	0.0592369477912	0.143665158371
3651	train	data_pandit/aa/3651/data.3651	11	630	high-gap	0.399134199134	0.446031746032	0.426984126984	0.409523809524	202	13.6930693069	5	17	0.0592369477912	0.143665158371
3652	train	data_pandit/aa/3652/data.3652	7	158	low-gap	0.0569620253165	0.107594936709	0.0886075949367	0.0569620253165	35	1.8	1	3	0.0592369477912	0.143665158371
3658	train	data_pandit/aa/3658/data.3658	13	265	high-gap	0.186937590711	0.460377358491	0.222641509434	0.184905660377	218	2.95412844037	2	9	0.0592369477912	0.143665158371
3660	train	data_pandit/aa/3660/data.3660	9	155	low-gap	0.0501792114695	0.116129032258	0.0645161290323	0.0387096774194	33	2.12121212121	1	4	0.0592369477912	0.143665158371
3661	train	data_pandit/aa/3661/data.3661	11	80	low-gap	0.0159090909091	0.05	0.025	0.0125	10	1.4	1	2	0.0592369477912	0.143665158371
3662	train	data_pandit/aa/3662/data.3662	37	154	high-gap	0.147946647947	0.402597402597	0.149350649351	0.149350649351	410	2.05609756098	1	5	0.0592369477912	0.143665158371
3665	train	data_pandit/aa/3665/data.3665	24	74	mid-gap	0.139076576577	0.297297297297	0.175675675676	0.148648648649	35	7.05714285714	7	13	0.0592369477912	0.143665158371
3666	train	data_pandit/aa/3666/data.3666	8	211	low-gap	0.0373222748815	0.0568720379147	0.042654028436	0.042654028436	29	2.1724137931	2	3	0.0592369477912	0.143665158371
3667	train	data_pandit/aa/3667/data.3667	12	84	mid-gap	0.0684523809524	0.261904761905	0.119047619048	0.047619047619	22	3.13636363636	2	6	0.0592369477912	0.143665158371
3668	train	data_pandit/aa/3668/data.3668	6	336	mid-gap	0.0813492063492	0.190476190476	0.10119047619	0.0922619047619	51	3.21568627451	2	6	0.0592369477912	0.143665158371
3669	train	data_pandit/aa/3669/data.3669	4	792	mid-gap	0.0688131313131	0.128787878788	0.128787878788	0.0858585858586	53	4.11320754717	3	11	0.0592369477912	0.143665158371
3670	train	data_pandit/aa/3670/data.3670	87	355	high-gap	0.250542334467	0.718309859155	0.247887323944	0.23661971831	1681	4.60321237359	3	8	0.0592369477912	0.143665158371
3671	train	data_pandit/aa/3671/data.3671	14	90	mid-gap	0.081746031746	0.166666666667	0.1	0.0777777777778	55	1.87272727273	1	3	0.0592369477912	0.143665158371
3675	train	data_pandit/aa/3675/data.3675	8	68	mid-gap	0.134191176471	0.294117647059	0.205882352941	0.132352941176	34	2.14705882353	2	3	0.0592369477912	0.143665158371
3676	train	data_pandit/aa/3676/data.3676	14	315	high-gap	0.352154195011	0.549206349206	0.412698412698	0.390476190476	131	11.8549618321	3	43	0.0592369477912	0.143665158371
3677	train	data_pandit/aa/3677/data.3677	8	66	low-gap	0.0435606060606	0.121212121212	0.106060606061	0.030303030303	12	1.91666666667	2	2	0.0592369477912	0.143665158371
3678	train	data_pandit/aa/3678/data.3678	38	177	high-gap	0.21141837645	0.45197740113	0.231638418079	0.220338983051	349	4.07449856734	4	7	0.0592369477912	0.143665158371
3680	train	data_pandit/aa/3680/data.3680	13	61	low-gap	0.0277427490542	0.0327868852459	0.0327868852459	0.0327868852459	22	1	1	1	0.0592369477912	0.143665158371
3681	train	data_pandit/aa/3681/data.3681	62	144	mid-gap	0.0972222222222	0.243055555556	0.111111111111	0.0972222222222	407	2.13267813268	1	5	0.0592369477912	0.143665158371
3682	train	data_pandit/aa/3682/data.3682	13	91	low-gap	0.0532544378698	0.164835164835	0.0659340659341	0.032967032967	43	1.46511627907	1	2	0.0592369477912	0.143665158371
3684	train	data_pandit/aa/3684/data.3684	32	250	high-gap	0.302625	0.7	0.424	0.268	475	5.09684210526	2	13	0.0592369477912	0.143665158371
3686	train	data_pandit/aa/3686/data.3686	12	140	low-gap	0.0494047619048	0.0714285714286	0.0642857142857	0.05	35	2.37142857143	1	5	0.0592369477912	0.143665158371
3687	train	data_pandit/aa/3687/data.3687	110	177	high-gap	0.23374422188	0.468926553672	0.316384180791	0.214689265537	810	5.61851851852	5	9	0.0592369477912	0.143665158371
3688	train	data_pandit/aa/3688/data.3688	5	168	mid-gap	0.141666666667	0.178571428571	0.178571428571	0.178571428571	11	10.8181818182	5	24	0.0592369477912	0.143665158371
3691	train	data_pandit/aa/3691/data.3691	8	314	high-gap	0.265923566879	0.589171974522	0.429936305732	0.277070063694	170	3.92941176471	2	10	0.0592369477912	0.143665158371
3694	train	data_pandit/aa/3694/data.3694	40	124	mid-gap	0.102217741935	0.233870967742	0.120967741935	0.104838709677	171	2.9649122807	3	6	0.0592369477912	0.143665158371
3695	train	data_pandit/aa/3695/data.3695	5	477	low-gap	0.0385744234801	0.0775681341719	0.0524109014675	0.041928721174	35	2.62857142857	2	5	0.0592369477912	0.143665158371
3697	train	data_pandit/aa/3697/data.3697	14	195	high-gap	0.247985347985	0.348717948718	0.292307692308	0.271794871795	65	10.4153846154	8	24	0.0592369477912	0.143665158371
3698	train	data_pandit/aa/3698/data.3698	8	186	high-gap	0.399193548387	0.666666666667	0.516129032258	0.440860215054	82	7.24390243902	3	27	0.0592369477912	0.143665158371
3699	train	data_pandit/aa/3699/data.3699	50	127	mid-gap	0.101732283465	0.283464566929	0.102362204724	0.0944881889764	360	1.79444444444	1	3	0.0592369477912	0.143665158371
3700	train	data_pandit/aa/3700/data.3700	18	129	high-gap	0.453057708872	0.62015503876	0.604651162791	0.604651162791	51	20.6274509804	5	69	0.0592369477912	0.143665158371
3702	train	data_pandit/aa/3702/data.3702	13	176	mid-gap	0.141608391608	0.272727272727	0.164772727273	0.147727272727	87	3.72413793103	2	9	0.0592369477912	0.143665158371
3703	train	data_pandit/aa/3703/data.3703	9	397	mid-gap	0.101875174923	0.23677581864	0.105793450882	0.0906801007557	80	4.55	2.5	14	0.0592369477912	0.143665158371
3705	train	data_pandit/aa/3705/data.3705	6	736	low-gap	0.00271739130435	0.0108695652174	0.00135869565217	0.00135869565217	8	1.5	1	2	0.0592369477912	0.143665158371
3706	train	data_pandit/aa/3706/data.3706	16	498	mid-gap	0.0990210843373	0.186746987952	0.140562248996	0.106425702811	210	3.75714285714	2	11	0.0592369477912	0.143665158371
3707	train	data_pandit/aa/3707/data.3707	4	163	mid-gap	0.124233128834	0.263803680982	0.263803680982	0.147239263804	24	3.375	2	9	0.0592369477912	0.143665158371
3709	train	data_pandit/aa/3709/data.3709	10	130	mid-gap	0.121538461538	0.184615384615	0.169230769231	0.153846153846	28	5.64285714286	6.5	9	0.0592369477912	0.143665158371
3710	train	data_pandit/aa/3710/data.3710	11	230	low-gap	0.00592885375494	0.0260869565217	0.00434782608696	0.00434782608696	13	1.15384615385	1	1	0.0592369477912	0.143665158371
3712	train	data_pandit/aa/3712/data.3712	4	177	mid-gap	0.0776836158192	0.118644067797	0.118644067797	0.0960451977401	16	3.4375	1.5	12	0.0592369477912	0.143665158371
3713	train	data_pandit/aa/3713/data.3713	33	105	high-gap	0.238383838384	0.466666666667	0.295238095238	0.219047619048	339	2.43657817109	1	5	0.0592369477912	0.143665158371
3716	train	data_pandit/aa/3716/data.3716	10	316	mid-gap	0.0822784810127	0.360759493671	0.0632911392405	0.0632911392405	78	3.33333333333	1	11	0.0592369477912	0.143665158371
3718	train	data_pandit/aa/3718/data.3718	7	43	mid-gap	0.0697674418605	0.186046511628	0.0697674418605	0.0697674418605	12	1.75	2	2	0.0592369477912	0.143665158371
3721	train	data_pandit/aa/3721/data.3721	7	155	high-gap	0.200921658986	0.245161290323	0.238709677419	0.232258064516	29	7.51724137931	6	21	0.0592369477912	0.143665158371
3722	train	data_pandit/aa/3722/data.3722	8	60	mid-gap	0.0666666666667	0.1	0.1	0.0833333333333	8	4	5	5	0.0592369477912	0.143665158371
3727	train	data_pandit/aa/3727/data.3727	4	82	mid-gap	0.0884146341463	0.158536585366	0.158536585366	0.146341463415	6	4.83333333333	5	7	0.0592369477912	0.143665158371
3729	train	data_pandit/aa/3729/data.3729	7	105	mid-gap	0.0884353741497	0.228571428571	0.152380952381	0.0666666666667	25	2.6	2	4	0.0592369477912	0.143665158371
3730	train	data_pandit/aa/3730/data.3730	6	415	high-gap	0.420883534137	0.455421686747	0.450602409639	0.438554216867	42	24.9523809524	2	156	0.0592369477912	0.143665158371
3733	train	data_pandit/aa/3733/data.3733	6	726	high-gap	0.157024793388	0.31129476584	0.21349862259	0.184573002755	86	7.95348837209	4	20	0.0592369477912	0.143665158371
3734	train	data_pandit/aa/3734/data.3734	4	391	mid-gap	0.0786445012788	0.184143222506	0.184143222506	0.0997442455243	38	3.23684210526	2	6	0.0592369477912	0.143665158371
3736	train	data_pandit/aa/3736/data.3736	21	125	low-gap	0.00152380952381	0.016	0	0	4	1	1	1	0.0592369477912	0.143665158371
3737	train	data_pandit/aa/3737/data.3737	8	269	high-gap	0.171933085502	0.31970260223	0.234200743494	0.17843866171	63	5.87301587302	5	15	0.0592369477912	0.143665158371
3738	train	data_pandit/aa/3738/data.3738	6	377	high-gap	0.155172413793	0.350132625995	0.233421750663	0.177718832891	66	5.31818181818	2	7	0.0592369477912	0.143665158371
3739	train	data_pandit/aa/3739/data.3739	5	328	mid-gap	0.135975609756	0.228658536585	0.182926829268	0.146341463415	67	3.32835820896	1	8	0.0592369477912	0.143665158371
3741	train	data_pandit/aa/3741/data.3741	4	363	mid-gap	0.0640495867769	0.118457300275	0.118457300275	0.0853994490358	35	2.65714285714	2	5	0.0592369477912	0.143665158371
3742	train	data_pandit/aa/3742/data.3742	7	158	low-gap	0.0171790235081	0.0253164556962	0.0253164556962	0.0189873417722	19	1	1	1	0.0592369477912	0.143665158371
3747	train	data_pandit/aa/3747/data.3747	7	210	mid-gap	0.0619047619048	0.195238095238	0.0809523809524	0.047619047619	36	2.52777777778	2	4	0.0592369477912	0.143665158371
3748	train	data_pandit/aa/3748/data.3748	50	60	mid-gap	0.0913333333333	0.383333333333	0.0833333333333	0.0666666666667	91	3.01098901099	4	5	0.0592369477912	0.143665158371
3749	train	data_pandit/aa/3749/data.3749	4	315	mid-gap	0.131746031746	0.219047619048	0.219047619048	0.171428571429	38	4.36842105263	3	9	0.0592369477912	0.143665158371
3750	train	data_pandit/aa/3750/data.3750	4	259	low-gap	0.0540540540541	0.11583011583	0.11583011583	0.0617760617761	24	2.33333333333	2	4	0.0592369477912	0.143665158371
3751	train	data_pandit/aa/3751/data.3751	4	200	low-gap	0.04875	0.085	0.085	0.06	15	2.6	2	4	0.0592369477912	0.143665158371
3752	train	data_pandit/aa/3752/data.3752	17	359	high-gap	0.238898902179	0.381615598886	0.303621169916	0.267409470752	161	9.05590062112	10	18	0.0592369477912	0.143665158371
3754	train	data_pandit/aa/3754/data.3754	5	128	low-gap	0.05625	0.125	0.1015625	0.0546875	9	4	4	7	0.0592369477912	0.143665158371
3757	train	data_pandit/aa/3757/data.3757	85	98	high-gap	0.248979591837	0.448979591837	0.275510204082	0.255102040816	376	5.51595744681	3	17	0.0592369477912	0.143665158371
3760	train	data_pandit/aa/3760/data.3760	5	90	low-gap	0.0444444444444	0.0666666666667	0.0666666666667	0.0555555555556	11	1.81818181818	2	3	0.0592369477912	0.143665158371
3762	train	data_pandit/aa/3762/data.3762	7	87	mid-gap	0.0870279146141	0.149425287356	0.149425287356	0.114942528736	11	4.81818181818	4	8	0.0592369477912	0.143665158371
3763	train	data_pandit/aa/3763/data.3763	10	250	mid-gap	0.1112	0.24	0.156	0.116	107	2.59813084112	2	6	0.0592369477912	0.143665158371
3765	train	data_pandit/aa/3765/data.3765	5	166	mid-gap	0.103614457831	0.259036144578	0.126506024096	0.0903614457831	18	4.77777777778	2	12	0.0592369477912	0.143665158371
3767	train	data_pandit/aa/3767/data.3767	4	100	low-gap	0.025	0.04	0.04	0.03	6	1.66666666667	1.5	2	0.0592369477912	0.143665158371
3769	train	data_pandit/aa/3769/data.3769	11	61	low-gap	0.0238450074516	0.0655737704918	0.0491803278689	0.016393442623	11	1.45454545455	1	2	0.0592369477912	0.143665158371
3772	train	data_pandit/aa/3772/data.3772	6	65	low-gap	0.0410256410256	0.184615384615	0.0615384615385	0	7	2.28571428571	2	3	0.0592369477912	0.143665158371
3774	train	data_pandit/aa/3774/data.3774	5	251	mid-gap	0.0756972111554	0.135458167331	0.0916334661355	0.0796812749004	31	3.06451612903	3	5	0.0592369477912	0.143665158371
3775	train	data_pandit/aa/3775/data.3775	8	370	high-gap	0.15777027027	0.272972972973	0.237837837838	0.189189189189	140	3.33571428571	3	6	0.0592369477912	0.143665158371
3776	train	data_pandit/aa/3776/data.3776	9	435	high-gap	0.330268199234	0.436781609195	0.381609195402	0.379310344828	173	7.47398843931	3	25	0.0592369477912	0.143665158371
3778	train	data_pandit/aa/3778/data.3778	5	549	mid-gap	0.101275045537	0.180327868852	0.162112932605	0.105646630237	66	4.21212121212	3	7	0.0592369477912	0.143665158371
3779	train	data_pandit/aa/3779/data.3779	5	270	mid-gap	0.102962962963	0.159259259259	0.144444444444	0.140740740741	39	3.5641025641	2	7	0.0592369477912	0.143665158371
3780	train	data_pandit/aa/3780/data.3780	12	58	mid-gap	0.139367816092	0.206896551724	0.172413793103	0.172413793103	27	3.59259259259	4	5	0.0592369477912	0.143665158371
3782	train	data_pandit/aa/3782/data.3782	6	170	mid-gap	0.103921568627	0.152941176471	0.152941176471	0.141176470588	18	5.88888888889	2.5	16	0.0592369477912	0.143665158371
3783	train	data_pandit/aa/3783/data.3783	4	179	high-gap	0.196927374302	0.312849162011	0.312849162011	0.284916201117	22	6.40909090909	4	10	0.0592369477912	0.143665158371
3786	train	data_pandit/aa/3786/data.3786	12	193	high-gap	0.160621761658	0.430051813472	0.227979274611	0.139896373057	62	6	1	21	0.0592369477912	0.143665158371
3787	train	data_pandit/aa/3787/data.3787	14	480	low-gap	0.0568452380952	0.114583333333	0.08125	0.0645833333333	144	2.65277777778	2	7	0.0592369477912	0.143665158371
3790	train	data_pandit/aa/3790/data.3790	6	264	low-gap	0.0441919191919	0.0643939393939	0.0643939393939	0.0568181818182	25	2.8	3	6	0.0592369477912	0.143665158371
3791	train	data_pandit/aa/3791/data.3791	11	117	mid-gap	0.125874125874	0.25641025641	0.179487179487	0.128205128205	58	2.79310344828	2	4	0.0592369477912	0.143665158371
3792	train	data_pandit/aa/3792/data.3792	25	468	high-gap	0.410256410256	0.628205128205	0.491452991453	0.435897435897	486	9.87654320988	4	30	0.0592369477912	0.143665158371
3793	train	data_pandit/aa/3793/data.3793	4	97	low-gap	0	0	0	0	0	0	0	0	0.0592369477912	0.143665158371
3795	train	data_pandit/aa/3795/data.3795	6	145	low-gap	0.0183908045977	0.0620689655172	0.0206896551724	0.0137931034483	12	1.33333333333	1	1	0.0592369477912	0.143665158371
3796	train	data_pandit/aa/3796/data.3796	7	196	mid-gap	0.100583090379	0.163265306122	0.132653061224	0.112244897959	35	3.94285714286	2	14	0.0592369477912	0.143665158371
3798	train	data_pandit/aa/3798/data.3798	6	65	mid-gap	0.0794871794872	0.2	0.0923076923077	0.0615384615385	7	4.42857142857	4	4	0.0592369477912	0.143665158371
3799	train	data_pandit/aa/3799/data.3799	7	272	mid-gap	0.108193277311	0.198529411765	0.132352941176	0.113970588235	45	4.57777777778	4	8	0.0592369477912	0.143665158371
3800	train	data_pandit/aa/3800/data.3800	16	55	low-gap	0	0	0	0	0	0	0	0	0.0592369477912	0.143665158371
3801	train	data_pandit/aa/3801/data.3801	22	35	low-gap	0.0545454545455	0.2	0.0857142857143	0.0857142857143	14	3	3	3	0.0592369477912	0.143665158371
3802	train	data_pandit/aa/3802/data.3802	39	471	high-gap	0.424247373292	0.626326963907	0.47983014862	0.452229299363	1591	4.89817724701	3	12	0.0592369477912	0.143665158371
3803	train	data_pandit/aa/3803/data.3803	6	79	mid-gap	0.0696202531646	0.189873417722	0.0886075949367	0.0759493670886	17	1.94117647059	2	3	0.0592369477912	0.143665158371
3804	train	data_pandit/aa/3804/data.3804	4	93	low-gap	0.0564516129032	0.0967741935484	0.0967741935484	0.0752688172043	8	2.625	2.5	4	0.0592369477912	0.143665158371
3806	train	data_pandit/aa/3806/data.3806	26	167	high-gap	0.165591893137	0.431137724551	0.179640718563	0.14371257485	332	2.1656626506	2	3	0.0592369477912	0.143665158371
3807	train	data_pandit/aa/3807/data.3807	14	163	mid-gap	0.0771253286591	0.220858895706	0.079754601227	0.0613496932515	81	2.17283950617	1	6	0.0592369477912	0.143665158371
3808	train	data_pandit/aa/3808/data.3808	10	150	mid-gap	0.143333333333	0.346666666667	0.18	0.126666666667	108	1.99074074074	2	3	0.0592369477912	0.143665158371
3809	train	data_pandit/aa/3809/data.3809	8	138	mid-gap	0.132246376812	0.405797101449	0.188405797101	0.0869565217391	58	2.51724137931	1	4	0.0592369477912	0.143665158371
3810	train	data_pandit/aa/3810/data.3810	7	98	mid-gap	0.0830903790087	0.122448979592	0.112244897959	0.102040816327	22	2.59090909091	3	4	0.0592369477912	0.143665158371
3811	train	data_pandit/aa/3811/data.3811	5	265	low-gap	0.00754716981132	0.0150943396226	0.00754716981132	0.00754716981132	9	1.11111111111	1	1	0.0592369477912	0.143665158371
3812	train	data_pandit/aa/3812/data.3812	27	174	mid-gap	0.0870583226905	0.224137931034	0.0977011494253	0.0804597701149	213	1.92018779343	1	4	0.0592369477912	0.143665158371
3815	train	data_pandit/aa/3815/data.3815	70	120	high-gap	0.177976190476	0.566666666667	0.216666666667	0.175	611	2.44680851064	1	6	0.0592369477912	0.143665158371
3816	train	data_pandit/aa/3816/data.3816	13	72	low-gap	0.0555555555556	0.263888888889	0.0833333333333	0.0138888888889	12	4.33333333333	3	9	0.0592369477912	0.143665158371
3817	train	data_pandit/aa/3817/data.3817	5	348	low-gap	0.0396551724138	0.0718390804598	0.0431034482759	0.0431034482759	18	3.83333333333	3	8	0.0592369477912	0.143665158371
3818	train	data_pandit/aa/3818/data.3818	22	248	high-gap	0.355938416422	0.576612903226	0.383064516129	0.383064516129	282	6.8865248227	2	8	0.0592369477912	0.143665158371
3819	train	data_pandit/aa/3819/data.3819	6	311	high-gap	0.17845659164	0.385852090032	0.324758842444	0.199356913183	74	4.5	3	8	0.0592369477912	0.143665158371
3821	train	data_pandit/aa/3821/data.3821	6	167	mid-gap	0.0878243512974	0.269461077844	0.167664670659	0.0838323353293	19	4.63157894737	3	8	0.0592369477912	0.143665158371
3822	train	data_pandit/aa/3822/data.3822	16	109	mid-gap	0.11869266055	0.348623853211	0.211009174312	0.0917431192661	47	4.40425531915	2	10	0.0592369477912	0.143665158371
3825	train	data_pandit/aa/3825/data.3825	33	188	high-gap	0.300128949065	0.617021276596	0.377659574468	0.31914893617	306	6.08496732026	4	12	0.0592369477912	0.143665158371
3828	train	data_pandit/aa/3828/data.3828	19	321	high-gap	0.231513362846	0.414330218069	0.345794392523	0.264797507788	215	6.56744186047	4	17	0.0592369477912	0.143665158371
3830	train	data_pandit/aa/3830/data.3830	8	302	mid-gap	0.0894039735099	0.284768211921	0.119205298013	0.0794701986755	73	2.95890410959	2	6	0.0592369477912	0.143665158371
3835	train	data_pandit/aa/3835/data.3835	8	69	low-gap	0.0163043478261	0.0434782608696	0.0289855072464	0.0144927536232	7	1.28571428571	1	2	0.0592369477912	0.143665158371
3836	train	data_pandit/aa/3836/data.3836	16	177	high-gap	0.161370056497	0.435028248588	0.231638418079	0.169491525424	77	5.93506493506	1	26	0.0592369477912	0.143665158371
3837	train	data_pandit/aa/3837/data.3837	15	454	high-gap	0.188986784141	0.356828193833	0.26872246696	0.196035242291	205	6.27804878049	4	15	0.0592369477912	0.143665158371
3838	train	data_pandit/aa/3838/data.3838	4	263	high-gap	0.213878326996	0.361216730038	0.361216730038	0.269961977186	27	8.33333333333	5	18	0.0592369477912	0.143665158371
3839	train	data_pandit/aa/3839/data.3839	12	328	mid-gap	0.104674796748	0.259146341463	0.161585365854	0.115853658537	138	2.98550724638	2	5	0.0592369477912	0.143665158371
3842	train	data_pandit/aa/3842/data.3842	6	107	mid-gap	0.0996884735202	0.205607476636	0.130841121495	0.0934579439252	14	4.57142857143	4	6	0.0592369477912	0.143665158371
3844	train	data_pandit/aa/3844/data.3844	4	193	low-gap	0.0582901554404	0.119170984456	0.119170984456	0.0932642487047	16	2.8125	2	4	0.0592369477912	0.143665158371
3845	train	data_pandit/aa/3845/data.3845	6	645	mid-gap	0.129715762274	0.252713178295	0.182945736434	0.159689922481	119	4.21848739496	3	9	0.0592369477912	0.143665158371
3846	train	data_pandit/aa/3846/data.3846	4	538	mid-gap	0.0859665427509	0.189591078067	0.189591078067	0.100371747212	57	3.24561403509	2	5	0.0592369477912	0.143665158371
3847	train	data_pandit/aa/3847/data.3847	7	202	high-gap	0.159830268741	0.217821782178	0.19801980198	0.193069306931	44	5.13636363636	5	7	0.0592369477912	0.143665158371
3848	train	data_pandit/aa/3848/data.3848	8	155	mid-gap	0.0620967741935	0.148387096774	0.0709677419355	0.0645161290323	34	2.26470588235	2	4	0.0592369477912	0.143665158371
3853	train	data_pandit/aa/3853/data.3853	5	909	high-gap	0.193839383938	0.322332233223	0.256325632563	0.210121012101	166	5.30722891566	3	11	0.0592369477912	0.143665158371
3855	train	data_pandit/aa/3855/data.3855	7	388	mid-gap	0.0806332842415	0.170103092784	0.136597938144	0.069587628866	79	2.77215189873	2	6	0.0592369477912	0.143665158371
3856	train	data_pandit/aa/3856/data.3856	7	440	high-gap	0.184090909091	0.311363636364	0.231818181818	0.193181818182	101	5.61386138614	2	22	0.0592369477912	0.143665158371
3858	train	data_pandit/aa/3858/data.3858	19	359	high-gap	0.396129599765	0.771587743733	0.520891364903	0.389972144847	585	4.6188034188	3	13	0.0592369477912	0.143665158371
3860	train	data_pandit/aa/3860/data.3860	6	597	mid-gap	0.134840871022	0.22445561139	0.169179229481	0.15242881072	74	6.52702702703	3	14	0.0592369477912	0.143665158371
3861	train	data_pandit/aa/3861/data.3861	14	1778	high-gap	0.659649686646	0.779527559055	0.748031496063	0.72272215973	319	51.473354232	6	122	0.0592369477912	0.143665158371
3862	train	data_pandit/aa/3862/data.3862	7	201	low-gap	0.0312722103767	0.0497512437811	0.0497512437811	0.044776119403	20	2.2	2	3	0.0592369477912	0.143665158371
3863	train	data_pandit/aa/3863/data.3863	5	289	mid-gap	0.083044982699	0.131487889273	0.103806228374	0.100346020761	32	3.75	3	5	0.0592369477912	0.143665158371
3865	train	data_pandit/aa/3865/data.3865	8	129	mid-gap	0.077519379845	0.178294573643	0.093023255814	0.0852713178295	39	2.05128205128	1	4	0.0592369477912	0.143665158371
3874	train	data_pandit/aa/3874/data.3874	15	186	mid-gap	0.0691756272401	0.344086021505	0.0806451612903	0.0645161290323	64	3.015625	2.5	6	0.0592369477912	0.143665158371
3875	train	data_pandit/aa/3875/data.3875	23	293	high-gap	0.48018993916	0.699658703072	0.61433447099	0.491467576792	81	39.950617284	26	124	0.0592369477912	0.143665158371
3876	train	data_pandit/aa/3876/data.3876	16	99	mid-gap	0.0757575757576	0.292929292929	0.0808080808081	0.0808080808081	58	2.06896551724	1	5	0.0592369477912	0.143665158371
3877	train	data_pandit/aa/3877/data.3877	4	927	mid-gap	0.131067961165	0.247033441208	0.247033441208	0.177993527508	106	4.58490566038	3	10	0.0592369477912	0.143665158371
3879	train	data_pandit/aa/3879/data.3879	23	80	high-gap	0.271195652174	0.4375	0.3375	0.275	83	6.01204819277	2	20	0.0592369477912	0.143665158371
3881	train	data_pandit/aa/3881/data.3881	10	247	mid-gap	0.12995951417	0.283400809717	0.165991902834	0.12955465587	86	3.73255813953	2	9	0.0592369477912	0.143665158371
3882	train	data_pandit/aa/3882/data.3882	15	210	high-gap	0.285396825397	0.547619047619	0.352380952381	0.304761904762	175	5.13714285714	3	12	0.0592369477912	0.143665158371
3883	train	data_pandit/aa/3883/data.3883	42	89	mid-gap	0.120385232745	0.247191011236	0.168539325843	0.14606741573	143	3.14685314685	2	10	0.0592369477912	0.143665158371
3884	train	data_pandit/aa/3884/data.3884	32	285	high-gap	0.275438596491	0.59298245614	0.347368421053	0.273684210526	275	9.13454545455	4	25	0.0592369477912	0.143665158371
3887	train	data_pandit/aa/3887/data.3887	24	100	low-gap	0.00166666666667	0.01	0	0	4	1	1	1	0.0592369477912	0.143665158371
3892	train	data_pandit/aa/3892/data.3892	4	103	low-gap	0.0315533980583	0.0485436893204	0.0485436893204	0.0388349514563	7	1.85714285714	1	3	0.0592369477912	0.143665158371
3893	train	data_pandit/aa/3893/data.3893	4	402	low-gap	0.0335820895522	0.0721393034826	0.0721393034826	0.044776119403	26	2.07692307692	1	4	0.0592369477912	0.143665158371
3894	train	data_pandit/aa/3894/data.3894	16	409	high-gap	0.272463325183	0.457212713936	0.295843520782	0.268948655257	423	4.21513002364	3	8	0.0592369477912	0.143665158371
3895	train	data_pandit/aa/3895/data.3895	17	107	low-gap	0.0555250137438	0.121495327103	0.0841121495327	0.0467289719626	52	1.94230769231	2	3	0.0592369477912	0.143665158371
3897	train	data_pandit/aa/3897/data.3897	11	313	low-gap	0.0424048794656	0.115015974441	0.0415335463259	0.0351437699681	58	2.51724137931	1	4	0.0592369477912	0.143665158371
3899	train	data_pandit/aa/3899/data.3899	14	162	mid-gap	0.0806878306878	0.185185185185	0.0987654320988	0.0679012345679	54	3.38888888889	2	6	0.0592369477912	0.143665158371
3900	train	data_pandit/aa/3900/data.3900	39	227	low-gap	0.0502654467412	0.0660792951542	0.0528634361233	0.0528634361233	148	3.00675675676	1	9	0.0592369477912	0.143665158371
3901	train	data_pandit/aa/3901/data.3901	7	177	mid-gap	0.0653753026634	0.141242937853	0.129943502825	0.0564971751412	28	2.89285714286	1	8	0.0592369477912	0.143665158371
3902	train	data_pandit/aa/3902/data.3902	13	162	mid-gap	0.114434947768	0.302469135802	0.104938271605	0.104938271605	71	3.39436619718	4	6	0.0592369477912	0.143665158371
3903	train	data_pandit/aa/3903/data.3903	6	95	low-gap	0.0421052631579	0.105263157895	0.0526315789474	0.0315789473684	14	1.71428571429	1	2	0.0592369477912	0.143665158371
3904	train	data_pandit/aa/3904/data.3904	5	214	mid-gap	0.140186915888	0.196261682243	0.18691588785	0.177570093458	28	5.35714285714	3	14	0.0592369477912	0.143665158371
3905	train	data_pandit/aa/3905/data.3905	9	427	high-gap	0.221701795472	0.36299765808	0.295081967213	0.248243559719	127	6.70866141732	3	21	0.0592369477912	0.143665158371
3906	train	data_pandit/aa/3906/data.3906	7	101	low-gap	0.032531824611	0.207920792079	0.019801980198	0	5	4.6	4	6	0.0592369477912	0.143665158371
3907	train	data_pandit/aa/3907/data.3907	4	544	mid-gap	0.135110294118	0.266544117647	0.266544117647	0.158088235294	68	4.32352941176	3	7	0.0592369477912	0.143665158371
3908	train	data_pandit/aa/3908/data.3908	5	517	high-gap	0.182205029014	0.357833655706	0.27079303675	0.187620889749	97	4.85567010309	3	11	0.0592369477912	0.143665158371
3909	train	data_pandit/aa/3909/data.3909	4	224	high-gap	0.154017857143	0.236607142857	0.236607142857	0.209821428571	23	6	4	9	0.0592369477912	0.143665158371
3911	train	data_pandit/aa/3911/data.3911	20	501	mid-gap	0.119461077844	0.461077844311	0.163672654691	0.0938123752495	326	3.6717791411	2	9	0.0592369477912	0.143665158371
3915	train	data_pandit/aa/3915/data.3915	5	336	high-gap	0.144047619048	0.264880952381	0.1875	0.151785714286	71	3.40845070423	3	6	0.0592369477912	0.143665158371
3917	train	data_pandit/aa/3917/data.3917	6	391	high-gap	0.187553282182	0.398976982097	0.306905370844	0.196930946292	78	5.64102564103	4	12	0.0592369477912	0.143665158371
3919	train	data_pandit/aa/3919/data.3919	4	199	low-gap	0.00628140703518	0.0150753768844	0.0150753768844	0.00502512562814	4	1.25	1	1	0.0592369477912	0.143665158371
3921	train	data_pandit/aa/3921/data.3921	32	67	mid-gap	0.0625	0.373134328358	0.164179104478	0	19	7.05263157895	9	11	0.0592369477912	0.143665158371
3926	train	data_pandit/aa/3926/data.3926	31	281	mid-gap	0.0929858799219	0.245551601423	0.0996441281139	0.0925266903915	504	1.60714285714	1	2	0.0592369477912	0.143665158371
3927	train	data_pandit/aa/3927/data.3927	26	304	high-gap	0.316042510121	0.759868421053	0.394736842105	0.328947368421	367	6.80653950954	4	15	0.0592369477912	0.143665158371
3928	train	data_pandit/aa/3928/data.3928	47	140	high-gap	0.264893617021	0.514285714286	0.292857142857	0.264285714286	259	6.72972972973	4	17	0.0592369477912	0.143665158371
3929	train	data_pandit/aa/3929/data.3929	5	216	high-gap	0.192592592593	0.310185185185	0.273148148148	0.194444444444	20	10.4	4	20	0.0592369477912	0.143665158371
3932	train	data_pandit/aa/3932/data.3932	26	346	mid-gap	0.134948866163	0.242774566474	0.138728323699	0.138728323699	282	4.30496453901	2	5	0.0592369477912	0.143665158371
3934	train	data_pandit/aa/3934/data.3934	5	284	low-gap	0.0584507042254	0.137323943662	0.0774647887324	0.0528169014085	19	4.36842105263	3	8	0.0592369477912	0.143665158371
3935	train	data_pandit/aa/3935/data.3935	4	237	mid-gap	0.0696202531646	0.126582278481	0.126582278481	0.0928270042194	11	6	6	10	0.0592369477912	0.143665158371
3936	train	data_pandit/aa/3936/data.3936	7	213	high-gap	0.156941649899	0.267605633803	0.173708920188	0.169014084507	37	6.32432432432	3	22	0.0592369477912	0.143665158371
3937	train	data_pandit/aa/3937/data.3937	14	488	high-gap	0.143735362998	0.41393442623	0.133196721311	0.127049180328	344	2.85465116279	2	6	0.0592369477912	0.143665158371
3939	train	data_pandit/aa/3939/data.3939	4	274	low-gap	0.0401459854015	0.0693430656934	0.0693430656934	0.0547445255474	17	2.58823529412	2	5	0.0592369477912	0.143665158371
3946	train	data_pandit/aa/3946/data.3946	8	55	low-gap	0.0272727272727	0.0363636363636	0.0363636363636	0.0363636363636	7	1.71428571429	2	2	0.0592369477912	0.143665158371
3948	train	data_pandit/aa/3948/data.3948	4	199	mid-gap	0.115577889447	0.206030150754	0.206030150754	0.160804020101	21	4.38095238095	3	8	0.0592369477912	0.143665158371
3954	train	data_pandit/aa/3954/data.3954	20	57	high-gap	0.147368421053	0.228070175439	0.19298245614	0.157894736842	70	2.4	3	3	0.0592369477912	0.143665158371
3955	train	data_pandit/aa/3955/data.3955	10	329	mid-gap	0.103039513678	0.142857142857	0.112462006079	0.112462006079	36	9.41666666667	3	31	0.0592369477912	0.143665158371
3956	train	data_pandit/aa/3956/data.3956	8	315	mid-gap	0.0761904761905	0.196825396825	0.126984126984	0.0793650793651	63	3.04761904762	2	8	0.0592369477912	0.143665158371
3957	train	data_pandit/aa/3957/data.3957	10	243	high-gap	0.228395061728	0.427983539095	0.271604938272	0.22633744856	117	4.74358974359	2	11	0.0592369477912	0.143665158371
3958	train	data_pandit/aa/3958/data.3958	23	450	high-gap	0.241352657005	0.651111111111	0.311111111111	0.208888888889	317	7.88012618297	3	17	0.0592369477912	0.143665158371
3959	train	data_pandit/aa/3959/data.3959	11	263	high-gap	0.175596266851	0.326996197719	0.247148288973	0.212927756654	118	4.30508474576	2	10	0.0592369477912	0.143665158371
3964	train	data_pandit/aa/3964/data.3964	5	61	low-gap	0.0491803278689	0.147540983607	0.0491803278689	0.0491803278689	4	3.75	3	3	0.0592369477912	0.143665158371
3965	train	data_pandit/aa/3965/data.3965	10	128	high-gap	0.19921875	0.3515625	0.2734375	0.2578125	58	4.39655172414	4.5	7	0.0592369477912	0.143665158371
3967	train	data_pandit/aa/3967/data.3967	23	129	mid-gap	0.0637007077856	0.317829457364	0.0542635658915	0.0232558139535	56	3.375	2	8	0.0592369477912	0.143665158371
3968	train	data_pandit/aa/3968/data.3968	4	235	mid-gap	0.0840425531915	0.174468085106	0.174468085106	0.11914893617	24	3.29166666667	2	6	0.0592369477912	0.143665158371
3969	train	data_pandit/aa/3969/data.3969	14	128	mid-gap	0.130022321429	0.28125	0.1484375	0.125	75	3.10666666667	4	5	0.0592369477912	0.143665158371
3970	train	data_pandit/aa/3970/data.3970	7	96	low-gap	0.0178571428571	0.0208333333333	0.0208333333333	0.0208333333333	6	2	2	2	0.0592369477912	0.143665158371
3971	train	data_pandit/aa/3971/data.3971	5	238	mid-gap	0.0672268907563	0.13025210084	0.0966386554622	0.0798319327731	35	2.28571428571	2	4	0.0592369477912	0.143665158371
3972	train	data_pandit/aa/3972/data.3972	4	338	low-gap	0.0170118343195	0.0295857988166	0.0295857988166	0.0236686390533	14	1.64285714286	1	3	0.0592369477912	0.143665158371
3974	train	data_pandit/aa/3974/data.3974	5	127	low-gap	0.0377952755906	0.0944881889764	0.0472440944882	0.0314960629921	8	3	2	4	0.0592369477912	0.143665158371
3975	train	data_pandit/aa/3975/data.3975	14	107	mid-gap	0.0727636849132	0.214953271028	0.0841121495327	0.0560747663551	56	1.94642857143	1	4	0.0592369477912	0.143665158371
3979	train	data_pandit/aa/3979/data.3979	12	154	mid-gap	0.101731601732	0.24025974026	0.12987012987	0.0909090909091	64	2.9375	2.5	5	0.0592369477912	0.143665158371
3981	train	data_pandit/aa/3981/data.3981	13	60	low-gap	0.0410256410256	0.133333333333	0.0333333333333	0.0333333333333	26	1.23076923077	1	2	0.0592369477912	0.143665158371
3982	train	data_pandit/aa/3982/data.3982	5	58	low-gap	0	0	0	0	0	0	0	0	0.0592369477912	0.143665158371
3987	train	data_pandit/aa/3987/data.3987	15	379	high-gap	0.170624450308	0.356200527704	0.253298153034	0.179419525066	192	5.05208333333	3	12	0.0592369477912	0.143665158371
3988	train	data_pandit/aa/3988/data.3988	7	389	low-gap	0.0444362835108	0.149100257069	0.0411311053985	0.0308483290488	33	3.66666666667	1	8	0.0592369477912	0.143665158371
3989	train	data_pandit/aa/3989/data.3989	16	187	high-gap	0.33121657754	0.625668449198	0.438502673797	0.342245989305	248	3.99596774194	2	8	0.0592369477912	0.143665158371
3990	train	data_pandit/aa/3990/data.3990	30	219	high-gap	0.222831050228	0.392694063927	0.24200913242	0.223744292237	324	4.51851851852	2.5	9	0.0592369477912	0.143665158371
3991	train	data_pandit/aa/3991/data.3991	9	76	mid-gap	0.100877192982	0.25	0.197368421053	0.0789473684211	35	1.97142857143	1	3	0.0592369477912	0.143665158371
3994	train	data_pandit/aa/3994/data.3994	6	160	mid-gap	0.06875	0.13125	0.09375	0.09375	34	1.94117647059	1.5	4	0.0592369477912	0.143665158371
3997	train	data_pandit/aa/3997/data.3997	18	80	mid-gap	0.0951388888889	0.2125	0.1125	0.0875	106	1.29245283019	1	2	0.0592369477912	0.143665158371
4000	train	data_pandit/aa/4000/data.4000	7	330	low-gap	0.0571428571429	0.184848484848	0.106060606061	0.030303030303	50	2.64	2	4	0.0592369477912	0.143665158371
4004	train	data_pandit/aa/4004/data.4004	13	202	mid-gap	0.117669459254	0.153465346535	0.133663366337	0.128712871287	80	3.8625	2	9	0.0592369477912	0.143665158371
4005	train	data_pandit/aa/4005/data.4005	27	165	mid-gap	0.109090909091	0.266666666667	0.127272727273	0.10303030303	151	3.21854304636	1	7	0.0592369477912	0.143665158371
4010	train	data_pandit/aa/4010/data.4010	8	457	mid-gap	0.100656455142	0.194748358862	0.17943107221	0.0809628008753	94	3.91489361702	2	8	0.0592369477912	0.143665158371
4011	train	data_pandit/aa/4011/data.4011	12	424	mid-gap	0.129127358491	0.384433962264	0.202830188679	0.0896226415094	140	4.69285714286	3	10	0.0592369477912	0.143665158371
4012	train	data_pandit/aa/4012/data.4012	5	104	low-gap	0.0173076923077	0.0384615384615	0.0192307692308	0.0192307692308	9	1	1	1	0.0592369477912	0.143665158371
4014	train	data_pandit/aa/4014/data.4014	7	204	mid-gap	0.130952380952	0.426470588235	0.235294117647	0.0686274509804	46	4.0652173913	2.5	7	0.0592369477912	0.143665158371
4015	train	data_pandit/aa/4015/data.4015	27	190	high-gap	0.267446393762	0.447368421053	0.310526315789	0.3	104	13.1923076923	3	30	0.0592369477912	0.143665158371
4016	train	data_pandit/aa/4016/data.4016	11	95	mid-gap	0.117703349282	0.168421052632	0.157894736842	0.126315789474	30	4.1	2	11	0.0592369477912	0.143665158371
4017	train	data_pandit/aa/4017/data.4017	6	448	low-gap	0.0457589285714	0.133928571429	0.0691964285714	0.0290178571429	42	2.92857142857	2	7	0.0592369477912	0.143665158371
4018	train	data_pandit/aa/4018/data.4018	21	144	low-gap	0.0287698412698	0.0486111111111	0.0416666666667	0.0416666666667	21	4.14285714286	6	6	0.0592369477912	0.143665158371
4019	train	data_pandit/aa/4019/data.4019	11	414	low-gap	0.0513833992095	0.1038647343	0.0797101449275	0.048309178744	100	2.34	2	5	0.0592369477912	0.143665158371
4020	train	data_pandit/aa/4020/data.4020	17	87	mid-gap	0.0764029749831	0.195402298851	0.0804597701149	0.0574712643678	48	2.35416666667	2	4	0.0592369477912	0.143665158371
4021	train	data_pandit/aa/4021/data.4021	9	101	low-gap	0.013201320132	0.049504950495	0.029702970297	0	3	4	4	4	0.0592369477912	0.143665158371
4022	train	data_pandit/aa/4022/data.4022	7	230	low-gap	0.0298136645963	0.0347826086957	0.0347826086957	0.0347826086957	18	2.66666666667	1	6	0.0592369477912	0.143665158371
4023	train	data_pandit/aa/4023/data.4023	9	191	mid-gap	0.132053519488	0.277486910995	0.157068062827	0.120418848168	62	3.66129032258	2	13	0.0592369477912	0.143665158371
4024	train	data_pandit/aa/4024/data.4024	6	218	mid-gap	0.128440366972	0.261467889908	0.188073394495	0.155963302752	31	5.41935483871	1	29	0.0592369477912	0.143665158371
4026	train	data_pandit/aa/4026/data.4026	5	259	low-gap	0.015444015444	0.030888030888	0.019305019305	0.015444015444	11	1.81818181818	1	3	0.0592369477912	0.143665158371
4029	train	data_pandit/aa/4029/data.4029	4	294	mid-gap	0.108843537415	0.183673469388	0.183673469388	0.146258503401	45	2.84444444444	2	6	0.0592369477912	0.143665158371
4031	train	data_pandit/aa/4031/data.4031	23	198	high-gap	0.491875274484	0.70202020202	0.60101010101	0.565656565657	110	20.3636363636	14	49	0.0592369477912	0.143665158371
4032	train	data_pandit/aa/4032/data.4032	4	164	mid-gap	0.0899390243902	0.189024390244	0.189024390244	0.121951219512	17	3.47058823529	3	8	0.0592369477912	0.143665158371
4033	train	data_pandit/aa/4033/data.4033	8	192	mid-gap	0.0813802083333	0.125	0.0885416666667	0.0885416666667	32	3.90625	1	13	0.0592369477912	0.143665158371
4039	train	data_pandit/aa/4039/data.4039	4	177	low-gap	0.00564971751412	0.0112994350282	0.0112994350282	0.0112994350282	4	1	1	1	0.0592369477912	0.143665158371
4040	train	data_pandit/aa/4040/data.4040	12	96	mid-gap	0.125868055556	0.229166666667	0.1875	0.114583333333	29	5	4	11	0.0592369477912	0.143665158371
4041	train	data_pandit/aa/4041/data.4041	5	497	mid-gap	0.0595573440644	0.0945674044266	0.0804828973843	0.0643863179074	41	3.60975609756	2	8	0.0592369477912	0.143665158371
4043	train	data_pandit/aa/4043/data.4043	9	77	low-gap	0.023088023088	0.038961038961	0.025974025974	0.025974025974	9	1.77777777778	2	2	0.0592369477912	0.143665158371
4045	train	data_pandit/aa/4045/data.4045	38	357	high-gap	0.192540173964	0.3081232493	0.212885154062	0.198879551821	735	3.5537414966	2	9	0.0592369477912	0.143665158371
4047	train	data_pandit/aa/4047/data.4047	5	110	mid-gap	0.0963636363636	0.281818181818	0.145454545455	0.0363636363636	17	3.11764705882	2	5	0.0592369477912	0.143665158371
4049	train	data_pandit/aa/4049/data.4049	16	65	high-gap	0.211538461538	0.446153846154	0.246153846154	0.230769230769	46	4.78260869565	3	11	0.0592369477912	0.143665158371
4052	train	data_pandit/aa/4052/data.4052	5	68	low-gap	0.0352941176471	0.0735294117647	0.0441176470588	0.0441176470588	8	1.5	1	2	0.0592369477912	0.143665158371
4053	train	data_pandit/aa/4053/data.4053	12	154	mid-gap	0.0600649350649	0.188311688312	0.0519480519481	0.0454545454545	40	2.775	2	5	0.0592369477912	0.143665158371
4054	train	data_pandit/aa/4054/data.4054	13	88	high-gap	0.168706293706	0.375	0.204545454545	0.159090909091	71	2.71830985915	2	6	0.0592369477912	0.143665158371
4055	train	data_pandit/aa/4055/data.4055	12	104	low-gap	0.0552884615385	0.153846153846	0.0673076923077	0.0384615384615	41	1.68292682927	1	3	0.0592369477912	0.143665158371
4057	train	data_pandit/aa/4057/data.4057	12	213	low-gap	0.052034428795	0.093896713615	0.0704225352113	0.0657276995305	58	2.29310344828	2	6	0.0592369477912	0.143665158371
4060	train	data_pandit/aa/4060/data.4060	4	171	low-gap	0.0233918128655	0.0526315789474	0.0526315789474	0.0409356725146	6	2.66666666667	2.5	4	0.0592369477912	0.143665158371
4061	train	data_pandit/aa/4061/data.4061	5	279	high-gap	0.153405017921	0.301075268817	0.197132616487	0.15770609319	40	5.35	4	12	0.0592369477912	0.143665158371
4064	train	data_pandit/aa/4064/data.4064	9	110	mid-gap	0.0666666666667	0.109090909091	0.0818181818182	0.0727272727273	26	2.53846153846	3	4	0.0592369477912	0.143665158371
4065	train	data_pandit/aa/4065/data.4065	4	108	low-gap	0.00231481481481	0.00925925925926	0.00925925925926	0	1	1	1	1	0.0592369477912	0.143665158371
4070	train	data_pandit/aa/4070/data.4070	8	106	high-gap	0.165094339623	0.264150943396	0.22641509434	0.198113207547	56	2.5	3	4	0.0592369477912	0.143665158371
4072	train	data_pandit/aa/4072/data.4072	4	495	low-gap	0.0227272727273	0.0545454545455	0.0545454545455	0.0242424242424	25	1.8	1	3	0.0592369477912	0.143665158371
4073	train	data_pandit/aa/4073/data.4073	4	151	low-gap	0.0215231788079	0.0596026490066	0.0596026490066	0.0264900662252	5	2.6	2	2	0.0592369477912	0.143665158371
4074	train	data_pandit/aa/4074/data.4074	4	148	low-gap	0.0219594594595	0.0608108108108	0.0608108108108	0.0202702702703	7	1.85714285714	1	3	0.0592369477912	0.143665158371
4075	train	data_pandit/aa/4075/data.4075	4	174	mid-gap	0.104885057471	0.212643678161	0.212643678161	0.14367816092	11	6.63636363636	3	21	0.0592369477912	0.143665158371
4078	train	data_pandit/aa/4078/data.4078	18	117	high-gap	0.235042735043	0.444444444444	0.299145299145	0.264957264957	88	5.625	3	13	0.0592369477912	0.143665158371
4079	train	data_pandit/aa/4079/data.4079	7	208	low-gap	0.0212912087912	0.0432692307692	0.0384615384615	0.0192307692308	24	1.29166666667	1	2	0.0592369477912	0.143665158371
4080	train	data_pandit/aa/4080/data.4080	14	487	high-gap	0.272073921971	0.484599589322	0.322381930185	0.29158110883	465	3.98924731183	3	7	0.0592369477912	0.143665158371
4085	train	data_pandit/aa/4085/data.4085	5	88	low-gap	0.00227272727273	0.0113636363636	0	0	1	1	1	1	0.0592369477912	0.143665158371
4087	train	data_pandit/aa/4087/data.4087	10	158	mid-gap	0.0886075949367	0.164556962025	0.113924050633	0.107594936709	52	2.69230769231	2	7	0.0592369477912	0.143665158371
4093	train	data_pandit/aa/4093/data.4093	24	396	mid-gap	0.141624579125	0.330808080808	0.179292929293	0.159090909091	321	4.19314641745	3	9	0.0592369477912	0.143665158371
4094	train	data_pandit/aa/4094/data.4094	4	320	low-gap	0.0375	0.078125	0.078125	0.053125	33	1.45454545455	1	2	0.0592369477912	0.143665158371
4096	train	data_pandit/aa/4096/data.4096	11	116	high-gap	0.211598746082	0.301724137931	0.23275862069	0.224137931034	19	14.2105263158	25	26	0.0592369477912	0.143665158371
4097	train	data_pandit/aa/4097/data.4097	13	172	high-gap	0.145348837209	0.302325581395	0.197674418605	0.151162790698	51	6.37254901961	5	11	0.0592369477912	0.143665158371
4098	train	data_pandit/aa/4098/data.4098	9	268	mid-gap	0.0841625207297	0.167910447761	0.0858208955224	0.0858208955224	64	3.171875	3	8	0.0592369477912	0.143665158371
4099	train	data_pandit/aa/4099/data.4099	12	138	mid-gap	0.109299516908	0.13768115942	0.123188405797	0.123188405797	32	5.65625	5	11	0.0592369477912	0.143665158371
4100	train	data_pandit/aa/4100/data.4100	6	96	mid-gap	0.0885416666667	0.177083333333	0.114583333333	0.104166666667	12	4.25	2	9	0.0592369477912	0.143665158371
4102	train	data_pandit/aa/4102/data.4102	6	72	mid-gap	0.0625	0.125	0.0972222222222	0.0694444444444	16	1.6875	2	2	0.0592369477912	0.143665158371
4104	train	data_pandit/aa/4104/data.4104	6	65	low-gap	0.0128205128205	0.0153846153846	0.0153846153846	0.0153846153846	5	1	1	1	0.0592369477912	0.143665158371
4105	train	data_pandit/aa/4105/data.4105	68	120	high-gap	0.364828431373	0.625	0.408333333333	0.35	426	6.9882629108	3	27	0.0592369477912	0.143665158371
4106	train	data_pandit/aa/4106/data.4106	8	163	mid-gap	0.11963190184	0.245398773006	0.208588957055	0.153374233129	33	4.72727272727	3	9	0.0592369477912	0.143665158371
4107	train	data_pandit/aa/4107/data.4107	15	177	mid-gap	0.113370998117	0.553672316384	0.107344632768	0.0734463276836	111	2.71171171171	1	4	0.0592369477912	0.143665158371
4108	train	data_pandit/aa/4108/data.4108	6	738	low-gap	0.0433604336043	0.127371273713	0.0569105691057	0.050135501355	71	2.70422535211	2	5	0.0592369477912	0.143665158371
4109	train	data_pandit/aa/4109/data.4109	77	357	high-gap	0.479719160391	0.686274509804	0.535014005602	0.515406162465	1814	7.26957001103	3	24	0.0592369477912	0.143665158371
4110	train	data_pandit/aa/4110/data.4110	7	163	mid-gap	0.0990359333918	0.147239263804	0.116564417178	0.116564417178	19	5.94736842105	3	14	0.0592369477912	0.143665158371
4111	train	data_pandit/aa/4111/data.4111	6	209	mid-gap	0.0741626794258	0.143540669856	0.11004784689	0.0909090909091	21	4.42857142857	4	9	0.0592369477912	0.143665158371
4112	train	data_pandit/aa/4112/data.4112	9	303	low-gap	0.041070773744	0.112211221122	0.0561056105611	0.03300330033	55	2.03636363636	2	3	0.0592369477912	0.143665158371
4113	train	data_pandit/aa/4113/data.4113	11	300	mid-gap	0.0675757575758	0.15	0.0866666666667	0.0733333333333	91	2.45054945055	2	5	0.0592369477912	0.143665158371
4114	train	data_pandit/aa/4114/data.4114	50	67	high-gap	0.314925373134	0.582089552239	0.388059701493	0.388059701493	130	8.11538461538	8	11	0.0592369477912	0.143665158371
4115	train	data_pandit/aa/4115/data.4115	7	1374	high-gap	0.304845082138	0.887918486172	0.416302765648	0.2365356623	209	14.028708134	3	14	0.0592369477912	0.143665158371
4118	train	data_pandit/aa/4118/data.4118	12	174	high-gap	0.168582375479	0.287356321839	0.241379310345	0.172413793103	91	3.86813186813	3	8	0.0592369477912	0.143665158371
4121	train	data_pandit/aa/4121/data.4121	11	236	mid-gap	0.140600924499	0.266949152542	0.148305084746	0.14406779661	72	5.06944444444	2	14	0.0592369477912	0.143665158371
4122	train	data_pandit/aa/4122/data.4122	21	279	high-gap	0.258576548899	0.465949820789	0.290322580645	0.258064516129	362	4.18508287293	3	8	0.0592369477912	0.143665158371
4123	train	data_pandit/aa/4123/data.4123	15	218	mid-gap	0.0645259938838	0.178899082569	0.0733944954128	0.0504587155963	72	2.93055555556	2	6	0.0592369477912	0.143665158371
4126	train	data_pandit/aa/4126/data.4126	18	91	high-gap	0.208180708181	0.351648351648	0.252747252747	0.21978021978	58	5.87931034483	5	15	0.0592369477912	0.143665158371
4128	train	data_pandit/aa/4128/data.4128	148	250	high-gap	0.61027027027	0.808	0.656	0.628	1957	11.5380684722	4	30	0.0592369477912	0.143665158371
4132	train	data_pandit/aa/4132/data.4132	7	419	mid-gap	0.0617115581316	0.164677804296	0.0859188544153	0.0525059665871	63	2.87301587302	2	5	0.0592369477912	0.143665158371
4133	train	data_pandit/aa/4133/data.4133	19	203	mid-gap	0.0684469795178	0.256157635468	0.0788177339901	0.0541871921182	102	2.58823529412	2	5	0.0592369477912	0.143665158371
4134	train	data_pandit/aa/4134/data.4134	8	272	high-gap	0.170496323529	0.275735294118	0.242647058824	0.191176470588	75	4.94666666667	4	11	0.0592369477912	0.143665158371
4136	train	data_pandit/aa/4136/data.4136	5	159	mid-gap	0.122012578616	0.22641509434	0.176100628931	0.132075471698	19	5.10526315789	4	12	0.0592369477912	0.143665158371
4137	train	data_pandit/aa/4137/data.4137	4	154	mid-gap	0.137987012987	0.253246753247	0.253246753247	0.175324675325	13	6.53846153846	3	14	0.0592369477912	0.143665158371
4138	train	data_pandit/aa/4138/data.4138	5	81	mid-gap	0.128395061728	0.222222222222	0.16049382716	0.135802469136	13	4	2	9	0.0592369477912	0.143665158371
4139	train	data_pandit/aa/4139/data.4139	7	94	high-gap	0.33282674772	0.457446808511	0.382978723404	0.372340425532	15	14.6	6	30	0.0592369477912	0.143665158371
4140	train	data_pandit/aa/4140/data.4140	4	193	high-gap	0.147668393782	0.217616580311	0.217616580311	0.20725388601	21	5.42857142857	2	23	0.0592369477912	0.143665158371
4142	train	data_pandit/aa/4142/data.4142	22	85	mid-gap	0.0657754010695	0.223529411765	0.0588235294118	0.0470588235294	70	1.75714285714	2	3	0.0592369477912	0.143665158371
4143	train	data_pandit/aa/4143/data.4143	17	58	low-gap	0.0476673427992	0.0862068965517	0.0689655172414	0.051724137931	28	1.67857142857	1	3	0.0592369477912	0.143665158371
4144	train	data_pandit/aa/4144/data.4144	8	152	high-gap	0.184210526316	0.322368421053	0.289473684211	0.203947368421	31	7.22580645161	8	15	0.0592369477912	0.143665158371
4148	train	data_pandit/aa/4148/data.4148	10	59	high-gap	0.228813559322	0.372881355932	0.338983050847	0.305084745763	25	5.4	6	9	0.0592369477912	0.143665158371
4149	train	data_pandit/aa/4149/data.4149	6	125	mid-gap	0.0626666666667	0.184	0.088	0.048	21	2.2380952381	2	4	0.0592369477912	0.143665158371
4150	train	data_pandit/aa/4150/data.4150	8	80	high-gap	0.24375	0.4125	0.3375	0.3	14	11.1428571429	1.5	23	0.0592369477912	0.143665158371
4152	train	data_pandit/aa/4152/data.4152	26	101	mid-gap	0.11424219345	0.267326732673	0.148514851485	0.108910891089	83	3.61445783133	4	5	0.0592369477912	0.143665158371
4155	train	data_pandit/aa/4155/data.4155	5	528	mid-gap	0.0962121212121	0.210227272727	0.121212121212	0.0833333333333	82	3.09756097561	2	7	0.0592369477912	0.143665158371
4156	train	data_pandit/aa/4156/data.4156	18	33	mid-gap	0.0690235690236	0.121212121212	0.0909090909091	0.0909090909091	27	1.51851851852	2	2	0.0592369477912	0.143665158371
4157	train	data_pandit/aa/4157/data.4157	6	294	low-gap	0.0442176870748	0.0952380952381	0.0510204081633	0.0408163265306	31	2.51612903226	1	6	0.0592369477912	0.143665158371
4159	train	data_pandit/aa/4159/data.4159	7	774	mid-gap	0.0747508305648	0.140826873385	0.109819121447	0.0878552971576	130	3.11538461538	2	6	0.0592369477912	0.143665158371
4162	train	data_pandit/aa/4162/data.4162	19	83	mid-gap	0.112872542803	0.228915662651	0.168674698795	0.0963855421687	74	2.40540540541	2	5	0.0592369477912	0.143665158371
4163	train	data_pandit/aa/4163/data.4163	7	248	low-gap	0.0472350230415	0.0806451612903	0.0564516129032	0.0524193548387	24	3.41666666667	3	5	0.0592369477912	0.143665158371
4164	train	data_pandit/aa/4164/data.4164	5	266	mid-gap	0.0639097744361	0.169172932331	0.112781954887	0.0263157894737	22	3.86363636364	1	6	0.0592369477912	0.143665158371
4167	train	data_pandit/aa/4167/data.4167	7	150	low-gap	0.0380952380952	0.08	0.0666666666667	0.0266666666667	24	1.66666666667	1	3	0.0592369477912	0.143665158371
4168	train	data_pandit/aa/4168/data.4168	6	234	low-gap	0.0327635327635	0.0512820512821	0.0470085470085	0.0384615384615	34	1.35294117647	1	2	0.0592369477912	0.143665158371
4169	train	data_pandit/aa/4169/data.4169	12	724	high-gap	0.363835174954	0.556629834254	0.46408839779	0.396408839779	228	13.8640350877	2	34	0.0592369477912	0.143665158371
4170	train	data_pandit/aa/4170/data.4170	109	269	high-gap	0.177824767232	0.449814126394	0.204460966543	0.163568773234	1436	3.63091922006	1	9	0.0592369477912	0.143665158371
4171	train	data_pandit/aa/4171/data.4171	15	552	high-gap	0.258333333333	0.445652173913	0.329710144928	0.288043478261	317	6.7476340694	3	14	0.0592369477912	0.143665158371
4172	train	data_pandit/aa/4172/data.4172	5	279	mid-gap	0.0724014336918	0.172043010753	0.0824372759857	0.0645161290323	32	3.15625	2	9	0.0592369477912	0.143665158371
4173	train	data_pandit/aa/4173/data.4173	6	109	low-gap	0.0412844036697	0.100917431193	0.0550458715596	0.045871559633	7	3.85714285714	4	6	0.0592369477912	0.143665158371
4174	train	data_pandit/aa/4174/data.4174	9	92	low-gap	0	0	0	0	0	0	0	0	0.0592369477912	0.143665158371
4175	train	data_pandit/aa/4175/data.4175	5	75	low-gap	0.0533333333333	0.106666666667	0.08	0.04	10	2	2	2	0.0592369477912	0.143665158371
4177	train	data_pandit/aa/4177/data.4177	6	250	mid-gap	0.134666666667	0.284	0.212	0.172	49	4.12244897959	3	9	0.0592369477912	0.143665158371
4178	train	data_pandit/aa/4178/data.4178	9	163	low-gap	0.0163599182004	0.0429447852761	0.0245398773006	0.0184049079755	20	1.2	1	2	0.0592369477912	0.143665158371
4180	train	data_pandit/aa/4180/data.4180	13	152	mid-gap	0.0915991902834	0.230263157895	0.0921052631579	0.0789473684211	95	1.90526315789	1	5	0.0592369477912	0.143665158371
4182	train	data_pandit/aa/4182/data.4182	4	1089	low-gap	0.0509641873278	0.0899908172635	0.0899908172635	0.0679522497704	87	2.55172413793	2	5	0.0592369477912	0.143665158371
4183	train	data_pandit/aa/4183/data.4183	11	500	high-gap	0.267818181818	0.462	0.336	0.276	493	2.9878296146	2	5	0.0592369477912	0.143665158371
4185	train	data_pandit/aa/4185/data.4185	13	123	high-gap	0.262664165103	0.292682926829	0.284552845528	0.284552845528	48	8.75	4	26	0.0592369477912	0.143665158371
4186	train	data_pandit/aa/4186/data.4186	24	144	high-gap	0.288194444444	0.618055555556	0.347222222222	0.319444444444	255	3.90588235294	3	9	0.0592369477912	0.143665158371
4187	train	data_pandit/aa/4187/data.4187	12	84	low-gap	0.0486111111111	0.0952380952381	0.047619047619	0.047619047619	22	2.22727272727	2	2	0.0592369477912	0.143665158371
4188	train	data_pandit/aa/4188/data.4188	5	359	mid-gap	0.0969359331476	0.211699164345	0.130919220056	0.0974930362117	49	3.55102040816	3	7	0.0592369477912	0.143665158371
4189	train	data_pandit/aa/4189/data.4189	8	260	mid-gap	0.110576923077	0.157692307692	0.153846153846	0.134615384615	43	5.3488372093	5	10	0.0592369477912	0.143665158371
4190	train	data_pandit/aa/4190/data.4190	6	103	low-gap	0.00323624595469	0.00970873786408	0.00970873786408	0	2	1	1	1	0.0592369477912	0.143665158371
4192	train	data_pandit/aa/4192/data.4192	5	518	mid-gap	0.065250965251	0.1138996139	0.0810810810811	0.0675675675676	55	3.07272727273	2	7	0.0592369477912	0.143665158371
4196	train	data_pandit/aa/4196/data.4196	5	258	low-gap	0.046511627907	0.0697674418605	0.0581395348837	0.0581395348837	21	2.85714285714	3	5	0.0592369477912	0.143665158371
4198	train	data_pandit/aa/4198/data.4198	11	68	high-gap	0.144385026738	0.441176470588	0.176470588235	0.132352941176	20	5.4	3	9	0.0592369477912	0.143665158371
4202	train	data_pandit/aa/4202/data.4202	7	251	high-gap	0.223676721685	0.641434262948	0.434262948207	0.183266932271	40	9.825	6	36	0.0592369477912	0.143665158371
4203	train	data_pandit/aa/4203/data.4203	31	99	high-gap	0.151515151515	0.333333333333	0.181818181818	0.151515151515	124	3.75	4	7	0.0592369477912	0.143665158371
4204	train	data_pandit/aa/4204/data.4204	4	459	mid-gap	0.0773420479303	0.178649237473	0.178649237473	0.082788671024	40	3.55	2	9	0.0592369477912	0.143665158371
4207	train	data_pandit/aa/4207/data.4207	7	363	high-gap	0.22471467926	0.559228650138	0.333333333333	0.206611570248	75	7.61333333333	4	18	0.0592369477912	0.143665158371
4208	train	data_pandit/aa/4208/data.4208	14	248	high-gap	0.184043778802	0.346774193548	0.217741935484	0.173387096774	120	5.325	2	22	0.0592369477912	0.143665158371
4210	train	data_pandit/aa/4210/data.4210	6	382	high-gap	0.162303664921	0.366492146597	0.269633507853	0.167539267016	74	5.02702702703	2	12	0.0592369477912	0.143665158371
4211	train	data_pandit/aa/4211/data.4211	9	105	low-gap	0.0306878306878	0.114285714286	0.0285714285714	0.0190476190476	26	1.11538461538	1	1	0.0592369477912	0.143665158371
4212	train	data_pandit/aa/4212/data.4212	5	757	low-gap	0.0496697490092	0.157199471598	0.0435931307794	0.0343461030383	64	2.9375	2	4	0.0592369477912	0.143665158371
4213	train	data_pandit/aa/4213/data.4213	5	225	low-gap	0.0275555555556	0.0444444444444	0.04	0.0311111111111	22	1.40909090909	1	3	0.0592369477912	0.143665158371
4214	train	data_pandit/aa/4214/data.4214	14	763	high-gap	0.425856581165	0.714285714286	0.53997378768	0.501965923984	259	17.5637065637	5	22	0.0592369477912	0.143665158371
4215	train	data_pandit/aa/4215/data.4215	9	73	mid-gap	0.138508371385	0.260273972603	0.178082191781	0.164383561644	25	3.64	4	5	0.0592369477912	0.143665158371
4217	train	data_pandit/aa/4217/data.4217	12	385	high-gap	0.175757575758	0.54025974026	0.267532467532	0.14025974026	112	7.25	3	15	0.0592369477912	0.143665158371
4224	train	data_pandit/aa/4224/data.4224	33	39	low-gap	0.030303030303	0.0512820512821	0.025641025641	0.025641025641	32	1.21875	1	2	0.0592369477912	0.143665158371
4225	train	data_pandit/aa/4225/data.4225	9	178	mid-gap	0.0823970037453	0.623595505618	0.0112359550562	0.00561797752809	16	8.25	1	4	0.0592369477912	0.143665158371
4226	train	data_pandit/aa/4226/data.4226	14	300	high-gap	0.339523809524	0.473333333333	0.38	0.363333333333	132	10.803030303	3	17	0.0592369477912	0.143665158371
4231	train	data_pandit/aa/4231/data.4231	8	242	mid-gap	0.0645661157025	0.132231404959	0.107438016529	0.0785123966942	58	2.15517241379	2	3	0.0592369477912	0.143665158371
4233	train	data_pandit/aa/4233/data.4233	13	426	mid-gap	0.0812567713976	0.265258215962	0.115023474178	0.0422535211268	83	5.42168674699	4	8	0.0592369477912	0.143665158371
4234	train	data_pandit/aa/4234/data.4234	18	122	mid-gap	0.0728597449909	0.114754098361	0.0819672131148	0.0737704918033	92	1.73913043478	1	4	0.0592369477912	0.143665158371
4235	train	data_pandit/aa/4235/data.4235	15	238	high-gap	0.380952380952	0.77731092437	0.504201680672	0.399159663866	65	20.9230769231	5	79	0.0592369477912	0.143665158371
4236	train	data_pandit/aa/4236/data.4236	10	132	mid-gap	0.116666666667	0.393939393939	0.128787878788	0.0909090909091	45	3.42222222222	4	5	0.0592369477912	0.143665158371
4238	train	data_pandit/aa/4238/data.4238	4	988	low-gap	0.0417510121457	0.085020242915	0.085020242915	0.0516194331984	56	2.94642857143	2	7	0.0592369477912	0.143665158371
4239	train	data_pandit/aa/4239/data.4239	11	92	mid-gap	0.136363636364	0.239130434783	0.163043478261	0.130434782609	26	5.30769230769	5	7	0.0592369477912	0.143665158371
4240	train	data_pandit/aa/4240/data.4240	17	207	high-gap	0.170218812163	0.565217391304	0.231884057971	0.101449275362	145	4.13103448276	3	9	0.0592369477912	0.143665158371
4241	train	data_pandit/aa/4241/data.4241	11	154	high-gap	0.167650531287	0.350649350649	0.253246753247	0.155844155844	75	3.78666666667	3	9	0.0592369477912	0.143665158371
4242	train	data_pandit/aa/4242/data.4242	9	93	high-gap	0.307048984468	0.483870967742	0.408602150538	0.311827956989	37	6.94594594595	4	14	0.0592369477912	0.143665158371
4244	train	data_pandit/aa/4244/data.4244	4	456	high-gap	0.171052631579	0.267543859649	0.267543859649	0.252192982456	37	8.43243243243	4	13	0.0592369477912	0.143665158371
4246	train	data_pandit/aa/4246/data.4246	8	85	mid-gap	0.0720588235294	0.117647058824	0.117647058824	0.117647058824	22	2.22727272727	2	4	0.0592369477912	0.143665158371
4248	train	data_pandit/aa/4248/data.4248	4	311	high-gap	0.210610932476	0.405144694534	0.405144694534	0.327974276527	15	17.4666666667	6	39	0.0592369477912	0.143665158371
4250	train	data_pandit/aa/4250/data.4250	34	166	mid-gap	0.14351523742	0.692771084337	0.174698795181	0.0963855421687	123	6.58536585366	4	17	0.0592369477912	0.143665158371
4251	train	data_pandit/aa/4251/data.4251	49	246	high-gap	0.458271113323	0.581300813008	0.5	0.49593495935	388	14.2371134021	2	82	0.0592369477912	0.143665158371
4253	train	data_pandit/aa/4253/data.4253	5	117	low-gap	0.0581196581197	0.128205128205	0.0940170940171	0.034188034188	14	2.42857142857	2	4	0.0592369477912	0.143665158371
4255	train	data_pandit/aa/4255/data.4255	10	240	low-gap	0.0291666666667	0.1875	0.025	0.00416666666667	28	2.5	2	4	0.0592369477912	0.143665158371
4259	train	data_pandit/aa/4259/data.4259	11	202	mid-gap	0.0742574257426	0.282178217822	0.0990099009901	0.049504950495	26	6.34615384615	4.5	14	0.0592369477912	0.143665158371
4261	train	data_pandit/aa/4261/data.4261	28	239	mid-gap	0.105499103407	0.364016736402	0.146443514644	0.0878661087866	187	3.77540106952	2	8	0.0592369477912	0.143665158371
4262	train	data_pandit/aa/4262/data.4262	14	330	high-gap	0.28961038961	0.566666666667	0.412121212121	0.312121212121	110	12.1636363636	8	29	0.0592369477912	0.143665158371
4263	train	data_pandit/aa/4263/data.4263	32	259	high-gap	0.18569015444	0.451737451737	0.189189189189	0.181467181467	564	2.72872340426	2	5	0.0592369477912	0.143665158371
4264	train	data_pandit/aa/4264/data.4264	8	299	mid-gap	0.0806856187291	0.341137123746	0.113712374582	0.0401337792642	55	3.50909090909	2	5	0.0592369477912	0.143665158371
4266	train	data_pandit/aa/4266/data.4266	12	400	mid-gap	0.1125	0.1475	0.1225	0.12	124	4.35483870968	3	11	0.0592369477912	0.143665158371
4268	train	data_pandit/aa/4268/data.4268	4	120	mid-gap	0.129166666667	0.358333333333	0.358333333333	0.125	19	3.26315789474	3	5	0.0592369477912	0.143665158371
4269	train	data_pandit/aa/4269/data.4269	7	476	high-gap	0.372148859544	0.731092436975	0.626050420168	0.346638655462	141	8.79432624113	6	15	0.0592369477912	0.143665158371
4271	train	data_pandit/aa/4271/data.4271	8	310	mid-gap	0.0814516129032	0.18064516129	0.11935483871	0.1	58	3.48275862069	2	6	0.0592369477912	0.143665158371
4272	train	data_pandit/aa/4272/data.4272	6	101	mid-gap	0.128712871287	0.237623762376	0.19801980198	0.178217821782	26	3	3	5	0.0592369477912	0.143665158371
4273	train	data_pandit/aa/4273/data.4273	7	175	mid-gap	0.0669387755102	0.131428571429	0.0685714285714	0.0685714285714	40	2.05	2	4	0.0592369477912	0.143665158371
4274	train	data_pandit/aa/4274/data.4274	24	790	high-gap	0.30279535865	0.872151898734	0.467088607595	0.241772151899	666	8.62012012012	6	20	0.0592369477912	0.143665158371
4276	train	data_pandit/aa/4276/data.4276	22	231	high-gap	0.191066509248	0.471861471861	0.272727272727	0.186147186147	143	6.79020979021	4	17	0.0592369477912	0.143665158371
4277	train	data_pandit/aa/4277/data.4277	4	128	mid-gap	0.072265625	0.140625	0.140625	0.078125	14	2.64285714286	2	6	0.0592369477912	0.143665158371
4278	train	data_pandit/aa/4278/data.4278	22	486	high-gap	0.591844369622	0.685185185185	0.654320987654	0.586419753086	186	34.0215053763	13	211	0.0592369477912	0.143665158371
4283	train	data_pandit/aa/4283/data.4283	11	68	mid-gap	0.0614973262032	0.308823529412	0.0882352941176	0	18	2.55555555556	3	4	0.0592369477912	0.143665158371
4284	train	data_pandit/aa/4284/data.4284	21	109	high-gap	0.199213630406	0.623853211009	0.192660550459	0.174311926606	110	4.14545454545	4	7	0.0592369477912	0.143665158371
4285	train	data_pandit/aa/4285/data.4285	12	59	low-gap	0.0197740112994	0.203389830508	0	0	4	3.5	1	1	0.0592369477912	0.143665158371
4286	train	data_pandit/aa/4286/data.4286	10	116	low-gap	0.048275862069	0.189655172414	0.051724137931	0.0431034482759	27	2.07407407407	1	4	0.0592369477912	0.143665158371
4290	train	data_pandit/aa/4290/data.4290	8	49	low-gap	0.0127551020408	0.0204081632653	0.0204081632653	0.0204081632653	5	1	1	1	0.0592369477912	0.143665158371
4291	train	data_pandit/aa/4291/data.4291	16	94	low-gap	0.00265957446809	0.0425531914894	0	0	1	4	4	4	0.0592369477912	0.143665158371
4294	train	data_pandit/aa/4294/data.4294	4	98	low-gap	0.0102040816327	0.0204081632653	0.0204081632653	0.0102040816327	4	1	1	1	0.0592369477912	0.143665158371
4296	train	data_pandit/aa/4296/data.4296	4	326	low-gap	0	0	0	0	0	0	0	0	0.0592369477912	0.143665158371
4297	train	data_pandit/aa/4297/data.4297	9	262	low-gap	0.0458015267176	0.0954198473282	0.0496183206107	0.0458015267176	41	2.63414634146	2	6	0.0592369477912	0.143665158371
4298	train	data_pandit/aa/4298/data.4298	8	148	low-gap	0.0498310810811	0.0810810810811	0.0743243243243	0.0540540540541	33	1.78787878788	1	4	0.0592369477912	0.143665158371
4299	train	data_pandit/aa/4299/data.4299	8	226	low-gap	0.0276548672566	0.0486725663717	0.0486725663717	0.0353982300885	27	1.85185185185	1	3	0.0592369477912	0.143665158371
4300	train	data_pandit/aa/4300/data.4300	39	212	high-gap	0.241896468312	0.566037735849	0.311320754717	0.221698113208	589	3.39558573854	2	8	0.0592369477912	0.143665158371
4301	train	data_pandit/aa/4301/data.4301	9	501	mid-gap	0.123974273675	0.299401197605	0.151696606786	0.107784431138	179	3.12290502793	2	10	0.0592369477912	0.143665158371
4302	train	data_pandit/aa/4302/data.4302	12	73	low-gap	0.0148401826484	0.123287671233	0.013698630137	0	11	1.18181818182	1	1	0.0592369477912	0.143665158371
4304	train	data_pandit/aa/4304/data.4304	16	282	high-gap	0.159796099291	0.425531914894	0.163120567376	0.156028368794	166	4.34337349398	2	10	0.0592369477912	0.143665158371
4305	train	data_pandit/aa/4305/data.4305	10	84	high-gap	0.144047619048	0.285714285714	0.178571428571	0.142857142857	48	2.52083333333	2	5	0.0592369477912	0.143665158371
4307	train	data_pandit/aa/4307/data.4307	5	145	mid-gap	0.088275862069	0.172413793103	0.103448275862	0.0827586206897	36	1.77777777778	1	4	0.0592369477912	0.143665158371
4308	train	data_pandit/aa/4308/data.4308	10	356	mid-gap	0.098595505618	0.230337078652	0.109550561798	0.10393258427	103	3.40776699029	2	7	0.0592369477912	0.143665158371
4310	train	data_pandit/aa/4310/data.4310	8	472	mid-gap	0.0826271186441	0.150423728814	0.118644067797	0.0953389830508	123	2.53658536585	2	5	0.0592369477912	0.143665158371
4313	train	data_pandit/aa/4313/data.4313	9	524	mid-gap	0.111959287532	0.31106870229	0.146946564885	0.0839694656489	107	4.93457943925	4	10	0.0592369477912	0.143665158371
4314	train	data_pandit/aa/4314/data.4314	7	150	low-gap	0.0495238095238	0.0866666666667	0.0533333333333	0.0533333333333	38	1.36842105263	1	2	0.0592369477912	0.143665158371
4315	train	data_pandit/aa/4315/data.4315	7	1137	low-gap	0.0492524186456	0.106420404573	0.0870712401055	0.0527704485488	118	3.32203389831	3	6	0.0592369477912	0.143665158371
4317	train	data_pandit/aa/4317/data.4317	9	49	low-gap	0.047619047619	0.204081632653	0.0816326530612	0.0204081632653	14	1.5	1	2	0.0592369477912	0.143665158371
4318	train	data_pandit/aa/4318/data.4318	12	40	low-gap	0.025	0.1	0.025	0.025	9	1.33333333333	1	2	0.0592369477912	0.143665158371
4320	train	data_pandit/aa/4320/data.4320	109	187	high-gap	0.379384781436	0.732620320856	0.417112299465	0.406417112299	1224	6.31781045752	3	12	0.0592369477912	0.143665158371
4321	train	data_pandit/aa/4321/data.4321	10	186	high-gap	0.195161290323	0.258064516129	0.220430107527	0.215053763441	25	14.52	19	21	0.0592369477912	0.143665158371
4322	train	data_pandit/aa/4322/data.4322	6	186	low-gap	0.0277777777778	0.0913978494624	0.0268817204301	0.0161290322581	16	1.9375	1	2	0.0592369477912	0.143665158371
4324	train	data_pandit/aa/4324/data.4324	5	149	low-gap	0.0134228187919	0.0201342281879	0.0201342281879	0.0134228187919	6	1.66666666667	2	2	0.0592369477912	0.143665158371
4325	train	data_pandit/aa/4325/data.4325	13	177	mid-gap	0.102564102564	0.225988700565	0.107344632768	0.090395480226	64	3.6875	1.5	12	0.0592369477912	0.143665158371
4328	train	data_pandit/aa/4328/data.4328	7	820	mid-gap	0.128571428571	0.271951219512	0.164634146341	0.120731707317	130	5.67692307692	3	14	0.0592369477912	0.143665158371
4330	train	data_pandit/aa/4330/data.4330	17	285	high-gap	0.358513931889	0.638596491228	0.40350877193	0.357894736842	349	4.9770773639	2	16	0.0592369477912	0.143665158371
4331	train	data_pandit/aa/4331/data.4331	11	171	high-gap	0.344497607656	0.672514619883	0.438596491228	0.362573099415	103	6.29126213592	2	14	0.0592369477912	0.143665158371
4332	train	data_pandit/aa/4332/data.4332	6	146	low-gap	0.0422374429224	0.0684931506849	0.0479452054795	0.0479452054795	22	1.68181818182	1	4	0.0592369477912	0.143665158371
4334	train	data_pandit/aa/4334/data.4334	5	411	high-gap	0.14598540146	0.296836982968	0.206812652068	0.160583941606	78	3.84615384615	1	8	0.0592369477912	0.143665158371
4335	train	data_pandit/aa/4335/data.4335	7	230	mid-gap	0.0695652173913	0.208695652174	0.0826086956522	0.0565217391304	38	2.94736842105	2	5	0.0592369477912	0.143665158371
4336	train	data_pandit/aa/4336/data.4336	5	73	mid-gap	0.106849315068	0.369863013699	0.13698630137	0.027397260274	14	2.78571428571	3	4	0.0592369477912	0.143665158371
4337	train	data_pandit/aa/4337/data.4337	6	31	mid-gap	0.10752688172	0.225806451613	0.161290322581	0.161290322581	9	2.22222222222	2	3	0.0592369477912	0.143665158371
4344	train	data_pandit/aa/4344/data.4344	12	121	low-gap	0.0179063360882	0.0661157024793	0.0165289256198	0.0165289256198	23	1.13043478261	1	1	0.0592369477912	0.143665158371
4345	train	data_pandit/aa/4345/data.4345	9	354	low-gap	0.0166352793471	0.0621468926554	0.0169491525424	0.0141242937853	47	1.12765957447	1	1	0.0592369477912	0.143665158371
4347	train	data_pandit/aa/4347/data.4347	14	126	mid-gap	0.0821995464853	0.206349206349	0.103174603175	0.0873015873016	61	2.37704918033	2	5	0.0592369477912	0.143665158371
4348	train	data_pandit/aa/4348/data.4348	5	547	high-gap	0.151736745887	0.239488117002	0.19012797075	0.177330895795	42	9.88095238095	4	26	0.0592369477912	0.143665158371
4349	train	data_pandit/aa/4349/data.4349	7	542	mid-gap	0.118344754876	0.256457564576	0.228782287823	0.0830258302583	51	8.80392156863	2	38	0.0592369477912	0.143665158371
4350	train	data_pandit/aa/4350/data.4350	5	807	high-gap	0.148698884758	0.240396530359	0.182156133829	0.16604708798	76	7.89473684211	1.5	12	0.0592369477912	0.143665158371
4351	train	data_pandit/aa/4351/data.4351	9	321	low-gap	0.0415368639668	0.13707165109	0.0560747663551	0.0342679127726	53	2.2641509434	1	4	0.0592369477912	0.143665158371
4352	train	data_pandit/aa/4352/data.4352	9	248	high-gap	0.165322580645	0.491935483871	0.209677419355	0.161290322581	62	5.95161290323	2	15	0.0592369477912	0.143665158371
4353	train	data_pandit/aa/4353/data.4353	5	304	mid-gap	0.110526315789	0.266447368421	0.148026315789	0.0756578947368	38	4.42105263158	2	6	0.0592369477912	0.143665158371
4354	train	data_pandit/aa/4354/data.4354	5	318	mid-gap	0.108176100629	0.383647798742	0.110062893082	0.0251572327044	27	6.37037037037	2	7	0.0592369477912	0.143665158371
4355	train	data_pandit/aa/4355/data.4355	10	64	low-gap	0.0234375	0.109375	0.046875	0	5	3	4	4	0.0592369477912	0.143665158371
4356	train	data_pandit/aa/4356/data.4356	6	29	low-gap	0.0402298850575	0.0689655172414	0.0689655172414	0.0344827586207	7	1	1	1	0.0592369477912	0.143665158371
4359	train	data_pandit/aa/4359/data.4359	13	210	mid-gap	0.127106227106	0.252380952381	0.133333333333	0.133333333333	145	2.39310344828	1	5	0.0592369477912	0.143665158371
4363	train	data_pandit/aa/4363/data.4363	5	213	high-gap	0.184037558685	0.403755868545	0.230046948357	0.183098591549	43	4.55813953488	2	13	0.0592369477912	0.143665158371
4365	train	data_pandit/aa/4365/data.4365	8	183	mid-gap	0.108606557377	0.153005464481	0.142076502732	0.136612021858	41	3.87804878049	2	17	0.0592369477912	0.143665158371
4369	train	data_pandit/aa/4369/data.4369	10	145	low-gap	0.0303448275862	0.103448275862	0.0344827586207	0.0206896551724	33	1.33333333333	1	2	0.0592369477912	0.143665158371
4371	train	data_pandit/aa/4371/data.4371	12	113	low-gap	0.033185840708	0.141592920354	0.0353982300885	0.0176991150442	30	1.5	1	2	0.0592369477912	0.143665158371
4373	train	data_pandit/aa/4373/data.4373	6	292	mid-gap	0.0896118721461	0.167808219178	0.150684931507	0.0993150684932	36	4.36111111111	2	7	0.0592369477912	0.143665158371
4374	train	data_pandit/aa/4374/data.4374	8	234	mid-gap	0.107371794872	0.200854700855	0.17094017094	0.123931623932	33	6.09090909091	5	11	0.0592369477912	0.143665158371
4375	train	data_pandit/aa/4375/data.4375	7	67	low-gap	0.00852878464819	0.0149253731343	0.0149253731343	0.0149253731343	4	1	1	1	0.0592369477912	0.143665158371
4378	train	data_pandit/aa/4378/data.4378	7	315	low-gap	0.0471655328798	0.171428571429	0.0825396825397	0.0253968253968	24	4.33333333333	3	10	0.0592369477912	0.143665158371
4379	train	data_pandit/aa/4379/data.4379	6	123	high-gap	0.233062330623	0.422764227642	0.39837398374	0.341463414634	25	6.88	1	29	0.0592369477912	0.143665158371
4381	train	data_pandit/aa/4381/data.4381	8	259	mid-gap	0.0593629343629	0.131274131274	0.0965250965251	0.0617760617761	64	1.921875	2	3	0.0592369477912	0.143665158371
4382	train	data_pandit/aa/4382/data.4382	11	241	mid-gap	0.130139569974	0.336099585062	0.236514522822	0.0995850622407	59	5.84745762712	3	12	0.0592369477912	0.143665158371
4385	train	data_pandit/aa/4385/data.4385	9	100	low-gap	0.0288888888889	0.05	0.03	0.03	26	1	1	1	0.0592369477912	0.143665158371
4386	train	data_pandit/aa/4386/data.4386	8	327	high-gap	0.153669724771	0.31498470948	0.195718654434	0.159021406728	92	4.36956521739	2	10	0.0592369477912	0.143665158371
4387	train	data_pandit/aa/4387/data.4387	24	213	high-gap	0.173513302034	0.488262910798	0.173708920188	0.173708920188	246	3.60569105691	2	9	0.0592369477912	0.143665158371
4388	train	data_pandit/aa/4388/data.4388	9	116	high-gap	0.185823754789	0.405172413793	0.241379310345	0.189655172414	64	3.03125	2	6	0.0592369477912	0.143665158371
4389	train	data_pandit/aa/4389/data.4389	10	145	mid-gap	0.132413793103	0.179310344828	0.165517241379	0.158620689655	60	3.2	2	11	0.0592369477912	0.143665158371
4390	train	data_pandit/aa/4390/data.4390	10	239	high-gap	0.187447698745	0.430962343096	0.26359832636	0.225941422594	44	10.1818181818	5	32	0.0592369477912	0.143665158371
4391	train	data_pandit/aa/4391/data.4391	50	107	high-gap	0.364859813084	0.542056074766	0.411214953271	0.383177570093	329	5.93313069909	5	13	0.0592369477912	0.143665158371
4393	train	data_pandit/aa/4393/data.4393	9	280	mid-gap	0.0900793650794	0.192857142857	0.128571428571	0.0785714285714	70	3.24285714286	1	9	0.0592369477912	0.143665158371
4394	train	data_pandit/aa/4394/data.4394	6	411	high-gap	0.212084347121	0.435523114355	0.294403892944	0.233576642336	88	5.94318181818	3.5	10	0.0592369477912	0.143665158371
4397	train	data_pandit/aa/4397/data.4397	8	110	mid-gap	0.0829545454545	0.127272727273	0.109090909091	0.0909090909091	29	2.51724137931	3	3	0.0592369477912	0.143665158371
4401	train	data_pandit/aa/4401/data.4401	8	217	high-gap	0.268433179724	0.705069124424	0.479262672811	0.202764976959	30	15.5333333333	7.5	43	0.0592369477912	0.143665158371
4402	train	data_pandit/aa/4402/data.4402	4	61	low-gap	0.016393442623	0.0655737704918	0.0655737704918	0	1	4	4	4	0.0592369477912	0.143665158371
4403	train	data_pandit/aa/4403/data.4403	7	82	mid-gap	0.0783972125436	0.182926829268	0.109756097561	0.0609756097561	28	1.60714285714	2	2	0.0592369477912	0.143665158371
4405	train	data_pandit/aa/4405/data.4405	10	153	high-gap	0.266013071895	0.601307189542	0.339869281046	0.261437908497	18	22.6111111111	14	45	0.0592369477912	0.143665158371
4409	train	data_pandit/aa/4409/data.4409	10	155	mid-gap	0.061935483871	0.141935483871	0.0774193548387	0.0709677419355	37	2.59459459459	1	9	0.0592369477912	0.143665158371
4410	train	data_pandit/aa/4410/data.4410	7	266	low-gap	0.0569280343716	0.15037593985	0.0902255639098	0.0526315789474	39	2.71794871795	2	6	0.0592369477912	0.143665158371
4411	train	data_pandit/aa/4411/data.4411	5	160	mid-gap	0.12875	0.24375	0.15625	0.125	17	6.05882352941	4	13	0.0592369477912	0.143665158371
4412	train	data_pandit/aa/4412/data.4412	4	184	high-gap	0.222826086957	0.461956521739	0.461956521739	0.228260869565	22	7.45454545455	2	5	0.0592369477912	0.143665158371
4414	train	data_pandit/aa/4414/data.4414	4	361	mid-gap	0.0872576177285	0.216066481994	0.216066481994	0.0831024930748	45	2.8	1	8	0.0592369477912	0.143665158371
4418	train	data_pandit/aa/4418/data.4418	4	231	low-gap	0.0519480519481	0.112554112554	0.112554112554	0.0735930735931	18	2.66666666667	1.5	3	0.0592369477912	0.143665158371
4421	train	data_pandit/aa/4421/data.4421	4	77	low-gap	0.00324675324675	0.012987012987	0.012987012987	0	1	1	1	1	0.0592369477912	0.143665158371
4425	train	data_pandit/aa/4425/data.4425	67	266	high-gap	0.472618112445	0.917293233083	0.492481203008	0.451127819549	1331	6.32832456799	4	16	0.0592369477912	0.143665158371
4428	train	data_pandit/aa/4428/data.4428	7	120	mid-gap	0.136904761905	0.183333333333	0.175	0.175	35	3.28571428571	2	10	0.0592369477912	0.143665158371
4429	train	data_pandit/aa/4429/data.4429	10	100	mid-gap	0.102	0.22	0.11	0.11	31	3.29032258065	3	5	0.0592369477912	0.143665158371
4431	train	data_pandit/aa/4431/data.4431	19	76	mid-gap	0.0782548476454	0.236842105263	0.0789473684211	0.0789473684211	69	1.63768115942	2	2	0.0592369477912	0.143665158371
4432	train	data_pandit/aa/4432/data.4432	6	203	low-gap	0.0492610837438	0.0738916256158	0.0591133004926	0.0591133004926	19	3.15789473684	2	8	0.0592369477912	0.143665158371
4435	train	data_pandit/aa/4435/data.4435	4	113	mid-gap	0.0973451327434	0.141592920354	0.141592920354	0.12389380531	4	11	14	14	0.0592369477912	0.143665158371
4439	train	data_pandit/aa/4439/data.4439	7	162	low-gap	0.0361552028219	0.0432098765432	0.0432098765432	0.0432098765432	17	2.41176470588	1	5	0.0592369477912	0.143665158371
4443	train	data_pandit/aa/4443/data.4443	7	294	low-gap	0.025267249757	0.0918367346939	0.030612244898	0.0136054421769	32	1.625	1	3	0.0592369477912	0.143665158371
4444	train	data_pandit/aa/4444/data.4444	6	773	mid-gap	0.125916343251	0.293661060802	0.163001293661	0.131953428202	106	5.50943396226	2	6	0.0592369477912	0.143665158371
4445	train	data_pandit/aa/4445/data.4445	7	1331	mid-gap	0.101427498122	0.214124718257	0.15026296018	0.099173553719	199	4.74874371859	2	11	0.0592369477912	0.143665158371
4447	train	data_pandit/aa/4447/data.4447	9	176	mid-gap	0.107954545455	0.227272727273	0.142045454545	0.130681818182	39	4.38461538462	3	9	0.0592369477912	0.143665158371
4449	train	data_pandit/aa/4449/data.4449	14	135	high-gap	0.266137566138	0.466666666667	0.333333333333	0.325925925926	73	6.8904109589	6	9	0.0592369477912	0.143665158371
4452	train	data_pandit/aa/4452/data.4452	7	870	mid-gap	0.0950738916256	0.331034482759	0.126436781609	0.0528735632184	169	3.42603550296	1	6	0.0592369477912	0.143665158371
4453	train	data_pandit/aa/4453/data.4453	9	162	low-gap	0.0185185185185	0.0617283950617	0.0185185185185	0.0185185185185	21	1.28571428571	1	2	0.0592369477912	0.143665158371
4454	train	data_pandit/aa/4454/data.4454	5	388	low-gap	0.0164948453608	0.0257731958763	0.0257731958763	0.0180412371134	13	2.46153846154	1	6	0.0592369477912	0.143665158371
4456	train	data_pandit/aa/4456/data.4456	6	101	low-gap	0.00825082508251	0.049504950495	0	0	1	5	5	5	0.0592369477912	0.143665158371
4460	train	data_pandit/aa/4460/data.4460	8	192	mid-gap	0.0735677083333	0.140625	0.119791666667	0.078125	20	5.65	2.5	10	0.0592369477912	0.143665158371
4461	train	data_pandit/aa/4461/data.4461	6	182	low-gap	0.0430402930403	0.104395604396	0.0494505494505	0.043956043956	19	2.47368421053	2	3	0.0592369477912	0.143665158371
4462	train	data_pandit/aa/4462/data.4462	15	266	high-gap	0.33007518797	0.53007518797	0.387218045113	0.330827067669	119	11.0672268908	5	27	0.0592369477912	0.143665158371
4464	train	data_pandit/aa/4464/data.4464	10	297	low-gap	0.0535353535354	0.13468013468	0.0808080808081	0.0673400673401	72	2.20833333333	1	2	0.0592369477912	0.143665158371
4465	train	data_pandit/aa/4465/data.4465	13	271	high-gap	0.283281294351	0.649446494465	0.376383763838	0.243542435424	159	6.27672955975	2	29	0.0592369477912	0.143665158371
4467	train	data_pandit/aa/4467/data.4467	19	319	high-gap	0.295660782049	0.542319749216	0.435736677116	0.322884012539	122	14.6885245902	9	40	0.0592369477912	0.143665158371
4468	train	data_pandit/aa/4468/data.4468	5	60	low-gap	0.0133333333333	0.0666666666667	0	0	2	2	2	1	0.0592369477912	0.143665158371
4470	train	data_pandit/aa/4470/data.4470	61	65	high-gap	0.192433795712	0.246153846154	0.2	0.2	281	2.7153024911	1	5	0.0592369477912	0.143665158371
4472	train	data_pandit/aa/4472/data.4472	6	1095	high-gap	0.155859969559	0.298630136986	0.213698630137	0.185388127854	208	4.92307692308	3	12	0.0592369477912	0.143665158371
4473	train	data_pandit/aa/4473/data.4473	6	154	low-gap	0.047619047619	0.103896103896	0.0584415584416	0.0519480519481	22	2	1	4	0.0592369477912	0.143665158371
4474	train	data_pandit/aa/4474/data.4474	9	148	high-gap	0.147147147147	0.277027027027	0.195945945946	0.135135135135	63	3.11111111111	1	6	0.0592369477912	0.143665158371
4477	train	data_pandit/aa/4477/data.4477	5	103	mid-gap	0.0621359223301	0.165048543689	0.0873786407767	0.0388349514563	18	1.77777777778	1	3	0.0592369477912	0.143665158371
4478	train	data_pandit/aa/4478/data.4478	8	228	high-gap	0.225328947368	0.350877192982	0.30701754386	0.280701754386	78	5.26923076923	1	14	0.0592369477912	0.143665158371
4479	train	data_pandit/aa/4479/data.4479	13	219	mid-gap	0.0867579908676	0.223744292237	0.123287671233	0.0639269406393	61	4.04918032787	3	6	0.0592369477912	0.143665158371
4480	train	data_pandit/aa/4480/data.4480	18	63	low-gap	0.0502645502646	0.31746031746	0.047619047619	0.047619047619	31	1.83870967742	1	3	0.0592369477912	0.143665158371
4481	train	data_pandit/aa/4481/data.4481	7	121	low-gap	0.00118063754427	0.00826446280992	0	0	1	1	1	1	0.0592369477912	0.143665158371
4483	train	data_pandit/aa/4483/data.4483	94	162	high-gap	0.407013396375	0.555555555556	0.425925925926	0.41975308642	2127	2.91396332863	2	6	0.0592369477912	0.143665158371
4484	train	data_pandit/aa/4484/data.4484	20	142	high-gap	0.240492957746	0.549295774648	0.359154929577	0.204225352113	134	5.09701492537	4	9	0.0592369477912	0.143665158371
4485	train	data_pandit/aa/4485/data.4485	9	157	low-gap	0.0537862703468	0.15923566879	0.0891719745223	0.0445859872611	31	2.45161290323	1	4	0.0592369477912	0.143665158371
4487	train	data_pandit/aa/4487/data.4487	11	99	mid-gap	0.0716253443526	0.0909090909091	0.0808080808081	0.0808080808081	59	1.32203389831	1	2	0.0592369477912	0.143665158371
4489	train	data_pandit/aa/4489/data.4489	13	486	low-gap	0.056821779044	0.179012345679	0.0555555555556	0.0473251028807	200	1.795	1	3	0.0592369477912	0.143665158371
4490	train	data_pandit/aa/4490/data.4490	15	132	mid-gap	0.0914141414141	0.189393939394	0.106060606061	0.106060606061	83	2.18072289157	1	9	0.0592369477912	0.143665158371
4491	train	data_pandit/aa/4491/data.4491	14	412	high-gap	0.190533980583	0.436893203883	0.211165048544	0.191747572816	124	8.86290322581	8	20	0.0592369477912	0.143665158371
4492	train	data_pandit/aa/4492/data.4492	12	61	low-gap	0.0177595628415	0.0491803278689	0.016393442623	0.016393442623	12	1.08333333333	1	1	0.0592369477912	0.143665158371
4493	train	data_pandit/aa/4493/data.4493	16	162	high-gap	0.152777777778	0.444444444444	0.271604938272	0.0925925925926	82	4.82926829268	2.5	8	0.0592369477912	0.143665158371
4495	train	data_pandit/aa/4495/data.4495	10	272	mid-gap	0.0977941176471	0.279411764706	0.125	0.0919117647059	118	2.25423728814	2	3	0.0592369477912	0.143665158371
4496	train	data_pandit/aa/4496/data.4496	5	151	low-gap	0.041059602649	0.0860927152318	0.0397350993377	0.0397350993377	15	2.06666666667	2	3	0.0592369477912	0.143665158371
4497	train	data_pandit/aa/4497/data.4497	9	270	mid-gap	0.0670781893004	0.174074074074	0.0814814814815	0.062962962963	59	2.76271186441	2	5	0.0592369477912	0.143665158371
4498	train	data_pandit/aa/4498/data.4498	6	290	mid-gap	0.0954022988506	0.21724137931	0.124137931034	0.0965517241379	57	2.91228070175	2	7	0.0592369477912	0.143665158371
4503	train	data_pandit/aa/4503/data.4503	5	96	mid-gap	0.06875	0.166666666667	0.0729166666667	0.0729166666667	13	2.53846153846	2	4	0.0592369477912	0.143665158371
4504	train	data_pandit/aa/4504/data.4504	10	207	high-gap	0.206280193237	0.338164251208	0.222222222222	0.222222222222	96	4.44791666667	3	10	0.0592369477912	0.143665158371
4506	train	data_pandit/aa/4506/data.4506	8	153	mid-gap	0.0596405228758	0.21568627451	0.111111111111	0.0392156862745	34	2.14705882353	2	3	0.0592369477912	0.143665158371
4507	train	data_pandit/aa/4507/data.4507	5	171	low-gap	0.0105263157895	0.046783625731	0.00584795321637	0	3	3	2	2	0.0592369477912	0.143665158371
4508	train	data_pandit/aa/4508/data.4508	6	114	mid-gap	0.105263157895	0.166666666667	0.149122807018	0.114035087719	22	3.27272727273	3	7	0.0592369477912	0.143665158371
4509	train	data_pandit/aa/4509/data.4509	5	481	mid-gap	0.143035343035	0.349272349272	0.191268191268	0.110187110187	103	3.33980582524	2	8	0.0592369477912	0.143665158371
4517	train	data_pandit/aa/4517/data.4517	10	123	low-gap	0.0243902439024	0.0487804878049	0.0243902439024	0.0243902439024	19	1.57894736842	1	2	0.0592369477912	0.143665158371
4518	train	data_pandit/aa/4518/data.4518	25	42	low-gap	0.0438095238095	0.142857142857	0.047619047619	0.047619047619	27	1.7037037037	2	2	0.0592369477912	0.143665158371
4519	train	data_pandit/aa/4519/data.4519	23	295	mid-gap	0.13647752395	0.261016949153	0.216949152542	0.172881355932	213	4.34741784038	2	7	0.0592369477912	0.143665158371
4520	train	data_pandit/aa/4520/data.4520	19	281	high-gap	0.147218580258	0.466192170819	0.188612099644	0.14590747331	215	3.65581395349	2	7	0.0592369477912	0.143665158371
4523	train	data_pandit/aa/4523/data.4523	25	109	low-gap	0.0557798165138	0.119266055046	0.0825688073394	0.0550458715596	90	1.68888888889	2	3	0.0592369477912	0.143665158371
4525	train	data_pandit/aa/4525/data.4525	4	232	low-gap	0.00431034482759	0.00862068965517	0.00862068965517	0.00431034482759	4	1	1	1	0.0592369477912	0.143665158371
4527	train	data_pandit/aa/4527/data.4527	11	166	mid-gap	0.0952902519168	0.246987951807	0.150602409639	0.078313253012	66	2.63636363636	2	4	0.0592369477912	0.143665158371
4528	train	data_pandit/aa/4528/data.4528	23	539	high-gap	0.162458659353	0.517625231911	0.166975881262	0.148423005566	494	4.07692307692	1	13	0.0592369477912	0.143665158371
4529	train	data_pandit/aa/4529/data.4529	14	389	high-gap	0.285897906721	0.424164524422	0.313624678663	0.300771208226	324	4.80555555556	3	10	0.0592369477912	0.143665158371
4530	train	data_pandit/aa/4530/data.4530	7	92	mid-gap	0.0807453416149	0.315217391304	0.0760869565217	0.0760869565217	14	3.71428571429	2	6	0.0592369477912	0.143665158371
4531	train	data_pandit/aa/4531/data.4531	8	96	low-gap	0.00651041666667	0.03125	0.0104166666667	0	4	1.25	1	1	0.0592369477912	0.143665158371
4532	train	data_pandit/aa/4532/data.4532	16	59	mid-gap	0.0720338983051	0.186440677966	0.0677966101695	0.0677966101695	47	1.44680851064	1	2	0.0592369477912	0.143665158371
4534	train	data_pandit/aa/4534/data.4534	7	264	low-gap	0.0135281385281	0.0833333333333	0.0113636363636	0	8	3.125	1.5	4	0.0592369477912	0.143665158371
4536	train	data_pandit/aa/4536/data.4536	55	112	high-gap	0.164772727273	0.598214285714	0.142857142857	0.142857142857	199	5.10050251256	2	13	0.0592369477912	0.143665158371
4537	train	data_pandit/aa/4537/data.4537	7	53	low-gap	0.00269541778976	0.0188679245283	0	0	1	1	1	1	0.0592369477912	0.143665158371
4538	train	data_pandit/aa/4538/data.4538	6	197	high-gap	0.169204737733	0.304568527919	0.228426395939	0.177664974619	51	3.92156862745	4	6	0.0592369477912	0.143665158371
4540	train	data_pandit/aa/4540/data.4540	14	238	high-gap	0.217587034814	0.394957983193	0.285714285714	0.256302521008	171	4.23976608187	1	12	0.0592369477912	0.143665158371
4542	train	data_pandit/aa/4542/data.4542	6	116	mid-gap	0.135057471264	0.310344827586	0.189655172414	0.103448275862	24	3.91666666667	4	7	0.0592369477912	0.143665158371
4543	train	data_pandit/aa/4543/data.4543	5	54	low-gap	0	0	0	0	0	0	0	0	0.0592369477912	0.143665158371
4544	train	data_pandit/aa/4544/data.4544	6	62	mid-gap	0.131720430108	0.435483870968	0.112903225806	0.0967741935484	17	2.88235294118	2	6	0.0592369477912	0.143665158371
4546	train	data_pandit/aa/4546/data.4546	9	280	high-gap	0.155952380952	0.271428571429	0.189285714286	0.164285714286	57	6.89473684211	2	18	0.0592369477912	0.143665158371
4547	train	data_pandit/aa/4547/data.4547	12	49	low-gap	0	0	0	0	0	0	0	0	0.0592369477912	0.143665158371
4548	train	data_pandit/aa/4548/data.4548	5	336	low-gap	0.0541666666667	0.130952380952	0.0654761904762	0.0505952380952	31	2.93548387097	2	7	0.0592369477912	0.143665158371
4552	train	data_pandit/aa/4552/data.4552	15	69	mid-gap	0.107246376812	0.217391304348	0.130434782609	0.130434782609	27	4.11111111111	4	5	0.0592369477912	0.143665158371
4553	train	data_pandit/aa/4553/data.4553	7	317	high-gap	0.279855790897	0.416403785489	0.388012618297	0.312302839117	52	11.9423076923	6	28	0.0592369477912	0.143665158371
4554	train	data_pandit/aa/4554/data.4554	5	63	low-gap	0	0	0	0	0	0	0	0	0.0592369477912	0.143665158371
4555	train	data_pandit/aa/4555/data.4555	9	275	high-gap	0.332121212121	0.527272727273	0.4	0.370909090909	81	10.1481481481	5	31	0.0592369477912	0.143665158371
4557	train	data_pandit/aa/4557/data.4557	5	337	mid-gap	0.0919881305638	0.204747774481	0.127596439169	0.0741839762611	19	8.15789473684	3	14	0.0592369477912	0.143665158371
4559	train	data_pandit/aa/4559/data.4559	57	339	high-gap	0.483724059411	0.787610619469	0.578171091445	0.530973451327	803	11.6400996264	9	28	0.0592369477912	0.143665158371
4560	train	data_pandit/aa/4560/data.4560	9	135	low-gap	0.0131687242798	0.0148148148148	0.0148148148148	0.0148148148148	16	1	1	1	0.0592369477912	0.143665158371
4561	train	data_pandit/aa/4561/data.4561	5	505	mid-gap	0.0625742574257	0.120792079208	0.0653465346535	0.0633663366337	26	6.07692307692	6	18	0.0592369477912	0.143665158371
4563	train	data_pandit/aa/4563/data.4563	8	322	high-gap	0.259316770186	0.403726708075	0.33850931677	0.295031055901	147	4.54421768707	2	10	0.0592369477912	0.143665158371
4564	train	data_pandit/aa/4564/data.4564	4	191	low-gap	0.0196335078534	0.0732984293194	0.0732984293194	0.00523560209424	7	2.14285714286	2	4	0.0592369477912	0.143665158371
4565	train	data_pandit/aa/4565/data.4565	30	840	high-gap	0.649841269841	0.77619047619	0.733333333333	0.725	369	44.379403794	7	174	0.0592369477912	0.143665158371
4567	train	data_pandit/aa/4567/data.4567	8	143	low-gap	0.0410839160839	0.111888111888	0.0839160839161	0.013986013986	16	2.9375	2	5	0.0592369477912	0.143665158371
4568	train	data_pandit/aa/4568/data.4568	26	461	high-gap	0.268313031871	0.581344902386	0.301518438178	0.258134490239	508	6.33070866142	4	17	0.0592369477912	0.143665158371
4569	train	data_pandit/aa/4569/data.4569	12	216	low-gap	0	0	0	0	0	0	0	0	0.0592369477912	0.143665158371
4570	train	data_pandit/aa/4570/data.4570	8	343	low-gap	0.0572157434402	0.107871720117	0.0583090379009	0.0583090379009	67	2.34328358209	2	5	0.0592369477912	0.143665158371
4571	train	data_pandit/aa/4571/data.4571	6	58	low-gap	0.0287356321839	0.051724137931	0.0344827586207	0.0344827586207	10	1	1	1	0.0592369477912	0.143665158371
4573	train	data_pandit/aa/4573/data.4573	31	390	high-gap	0.365756823821	0.633333333333	0.507692307692	0.333333333333	372	11.8870967742	5	33	0.0592369477912	0.143665158371
4577	train	data_pandit/aa/4577/data.4577	6	374	high-gap	0.188948306595	0.377005347594	0.264705882353	0.243315508021	71	5.97183098592	2	17	0.0592369477912	0.143665158371
4578	train	data_pandit/aa/4578/data.4578	8	368	mid-gap	0.143342391304	0.426630434783	0.304347826087	0.103260869565	82	5.14634146341	3	8	0.0592369477912	0.143665158371
4579	train	data_pandit/aa/4579/data.4579	6	153	high-gap	0.148148148148	0.307189542484	0.267973856209	0.137254901961	34	4	3	9	0.0592369477912	0.143665158371
4581	train	data_pandit/aa/4581/data.4581	9	439	mid-gap	0.118957226019	0.332574031891	0.150341685649	0.0865603644647	115	4.08695652174	2	12	0.0592369477912	0.143665158371
4582	train	data_pandit/aa/4582/data.4582	10	304	high-gap	0.229605263158	0.368421052632	0.263157894737	0.226973684211	122	5.72131147541	1	10	0.0592369477912	0.143665158371
4586	train	data_pandit/aa/4586/data.4586	7	410	mid-gap	0.0777003484321	0.143902439024	0.109756097561	0.090243902439	63	3.53968253968	2	5	0.0592369477912	0.143665158371
4591	train	data_pandit/aa/4591/data.4591	5	173	mid-gap	0.11676300578	0.242774566474	0.219653179191	0.0635838150289	13	7.76923076923	6	9	0.0592369477912	0.143665158371
4592	train	data_pandit/aa/4592/data.4592	8	651	high-gap	0.357142857143	0.628264208909	0.42242703533	0.390168970814	78	23.8461538462	14.5	62	0.0592369477912	0.143665158371
4594	train	data_pandit/aa/4594/data.4594	15	36	low-gap	0.0037037037037	0.0555555555556	0	0	2	1	1	1	0.0592369477912	0.143665158371
4597	train	data_pandit/aa/4597/data.4597	5	296	high-gap	0.180405405405	0.347972972973	0.25	0.189189189189	33	8.09090909091	3	17	0.0592369477912	0.143665158371
4598	train	data_pandit/aa/4598/data.4598	4	377	mid-gap	0.0848806366048	0.167108753316	0.167108753316	0.0981432360743	31	4.12903225806	3	8	0.0592369477912	0.143665158371
4601	train	data_pandit/aa/4601/data.4601	21	210	high-gap	0.255328798186	0.385714285714	0.32380952381	0.290476190476	124	9.08064516129	8	17	0.0592369477912	0.143665158371
4602	train	data_pandit/aa/4602/data.4602	11	289	mid-gap	0.0644856873231	0.186851211073	0.103806228374	0.0449826989619	92	2.22826086957	2	3	0.0592369477912	0.143665158371
4603	train	data_pandit/aa/4603/data.4603	11	114	low-gap	0.048644338118	0.19298245614	0.0526315789474	0.0350877192982	21	2.90476190476	3	5	0.0592369477912	0.143665158371
4607	train	data_pandit/aa/4607/data.4607	10	103	mid-gap	0.0611650485437	0.31067961165	0.0388349514563	0.0388349514563	21	3	2	2	0.0592369477912	0.143665158371
4613	train	data_pandit/aa/4613/data.4613	4	434	low-gap	0.0483870967742	0.117511520737	0.117511520737	0.0483870967742	34	2.47058823529	1.5	6	0.0592369477912	0.143665158371
4614	train	data_pandit/aa/4614/data.4614	6	104	low-gap	0.0576923076923	0.144230769231	0.0865384615385	0.0576923076923	10	3.6	4	6	0.0592369477912	0.143665158371
4615	train	data_pandit/aa/4615/data.4615	140	730	high-gap	0.613590998043	0.946575342466	0.672602739726	0.628767123288	7546	8.31023058574	2	21	0.0592369477912	0.143665158371
4619	train	data_pandit/aa/4619/data.4619	7	485	mid-gap	0.0618556701031	0.142268041237	0.0824742268041	0.059793814433	96	2.1875	1	4	0.0592369477912	0.143665158371
4620	train	data_pandit/aa/4620/data.4620	9	131	low-gap	0.00932994062765	0.0381679389313	0.00763358778626	0	7	1.57142857143	1	3	0.0592369477912	0.143665158371
4621	train	data_pandit/aa/4621/data.4621	9	65	low-gap	0.0444444444444	0.0769230769231	0.0615384615385	0.0615384615385	19	1.36842105263	1	2	0.0592369477912	0.143665158371
4622	train	data_pandit/aa/4622/data.4622	7	742	high-gap	0.224489795918	0.385444743935	0.277628032345	0.250673854447	239	4.87866108787	3	11	0.0592369477912	0.143665158371
4624	train	data_pandit/aa/4624/data.4624	9	175	mid-gap	0.0609523809524	0.114285714286	0.0857142857143	0.0685714285714	29	3.31034482759	3	5	0.0592369477912	0.143665158371
4625	train	data_pandit/aa/4625/data.4625	8	278	high-gap	0.315197841727	0.402877697842	0.370503597122	0.348920863309	57	12.298245614	2	85	0.0592369477912	0.143665158371
4627	train	data_pandit/aa/4627/data.4627	6	274	high-gap	0.158759124088	0.229927007299	0.200729927007	0.193430656934	25	10.44	9	20	0.0592369477912	0.143665158371
4628	train	data_pandit/aa/4628/data.4628	5	479	high-gap	0.183716075157	0.327766179541	0.237995824635	0.206680584551	83	5.30120481928	4	11	0.0592369477912	0.143665158371
4630	train	data_pandit/aa/4630/data.4630	5	372	low-gap	0.00322580645161	0.00806451612903	0.00268817204301	0.00268817204301	6	1	1	1	0.0592369477912	0.143665158371
4633	train	data_pandit/aa/4633/data.4633	16	65	low-gap	0.0442307692308	0.153846153846	0.0769230769231	0.0461538461538	39	1.17948717949	1	2	0.0592369477912	0.143665158371
4634	train	data_pandit/aa/4634/data.4634	20	383	high-gap	0.488381201044	0.506527415144	0.493472584856	0.493472584856	153	24.4509803922	4	157	0.0592369477912	0.143665158371
4635	train	data_pandit/aa/4635/data.4635	9	455	mid-gap	0.138217338217	0.340659340659	0.178021978022	0.114285714286	151	3.74834437086	1	8	0.0592369477912	0.143665158371
4636	train	data_pandit/aa/4636/data.4636	10	132	high-gap	0.256060606061	0.431818181818	0.393939393939	0.25	16	21.125	23	42	0.0592369477912	0.143665158371
4637	train	data_pandit/aa/4637/data.4637	5	821	mid-gap	0.063580998782	0.172959805116	0.0779537149817	0.0426309378806	48	5.4375	4	10	0.0592369477912	0.143665158371
4639	train	data_pandit/aa/4639/data.4639	6	135	high-gap	0.201234567901	0.281481481481	0.259259259259	0.237037037037	22	7.40909090909	7	13	0.0592369477912	0.143665158371
4640	train	data_pandit/aa/4640/data.4640	10	230	mid-gap	0.0952173913043	0.313043478261	0.139130434783	0.0695652173913	38	5.76315789474	3	11	0.0592369477912	0.143665158371
4642	train	data_pandit/aa/4642/data.4642	11	154	low-gap	0.0312868949233	0.292207792208	0.00649350649351	0.00649350649351	12	4.41666666667	1	3	0.0592369477912	0.143665158371
4644	train	data_pandit/aa/4644/data.4644	6	198	mid-gap	0.108585858586	0.242424242424	0.136363636364	0.111111111111	24	5.375	4	11	0.0592369477912	0.143665158371
4646	train	data_pandit/aa/4646/data.4646	7	947	mid-gap	0.0712022929552	0.135163674762	0.0918690601901	0.0770855332629	106	4.45283018868	2	11	0.0592369477912	0.143665158371
4647	train	data_pandit/aa/4647/data.4647	20	38	mid-gap	0.0855263157895	0.157894736842	0.157894736842	0.0526315789474	52	1.25	1	2	0.0592369477912	0.143665158371
4648	train	data_pandit/aa/4648/data.4648	4	451	mid-gap	0.131374722838	0.352549889135	0.352549889135	0.141906873614	40	5.925	2	9	0.0592369477912	0.143665158371
4649	train	data_pandit/aa/4649/data.4649	4	137	mid-gap	0.140510948905	0.226277372263	0.226277372263	0.175182481752	14	5.5	3.5	13	0.0592369477912	0.143665158371
4650	train	data_pandit/aa/4650/data.4650	26	45	low-gap	0.0529914529915	0.222222222222	0.0888888888889	0.0222222222222	24	2.58333333333	3	4	0.0592369477912	0.143665158371
4651	train	data_pandit/aa/4651/data.4651	9	143	mid-gap	0.132867132867	0.216783216783	0.174825174825	0.146853146853	22	7.77272727273	7	12	0.0592369477912	0.143665158371
4652	train	data_pandit/aa/4652/data.4652	5	223	low-gap	0.0358744394619	0.067264573991	0.0627802690583	0.0448430493274	15	2.66666666667	1	8	0.0592369477912	0.143665158371
4654	train	data_pandit/aa/4654/data.4654	5	182	mid-gap	0.0857142857143	0.115384615385	0.104395604396	0.104395604396	12	6.5	7	9	0.0592369477912	0.143665158371
4655	train	data_pandit/aa/4655/data.4655	11	384	high-gap	0.22040719697	0.354166666667	0.260416666667	0.236979166667	127	7.33070866142	4	16	0.0592369477912	0.143665158371
4657	train	data_pandit/aa/4657/data.4657	33	357	high-gap	0.205415499533	0.459383753501	0.266106442577	0.182072829132	427	5.66744730679	3	12	0.0592369477912	0.143665158371
4658	train	data_pandit/aa/4658/data.4658	8	97	low-gap	0.0090206185567	0.0412371134021	0.0103092783505	0.0103092783505	6	1.16666666667	1	1	0.0592369477912	0.143665158371
4660	train	data_pandit/aa/4660/data.4660	5	185	low-gap	0.0324324324324	0.0756756756757	0.0378378378378	0.027027027027	14	2.14285714286	2	3	0.0592369477912	0.143665158371
4661	train	data_pandit/aa/4661/data.4661	5	80	low-gap	0.0075	0.0375	0	0	2	1.5	1.5	1	0.0592369477912	0.143665158371
4663	train	data_pandit/aa/4663/data.4663	7	347	low-gap	0.028818443804	0.0489913544669	0.0374639769452	0.0317002881844	31	2.25806451613	2	4	0.0592369477912	0.143665158371
4665	train	data_pandit/aa/4665/data.4665	18	301	low-gap	0.0492801771872	0.106312292359	0.0564784053156	0.0498338870432	74	3.60810810811	2	10	0.0592369477912	0.143665158371
4666	train	data_pandit/aa/4666/data.4666	5	219	low-gap	0.0529680365297	0.114155251142	0.0502283105023	0.0502283105023	9	6.44444444444	9	10	0.0592369477912	0.143665158371
4668	train	data_pandit/aa/4668/data.4668	22	206	low-gap	0.0461165048544	0.101941747573	0.0679611650485	0.0533980582524	117	1.78632478632	1	4	0.0592369477912	0.143665158371
4669	train	data_pandit/aa/4669/data.4669	26	52	mid-gap	0.0798816568047	0.134615384615	0.0961538461538	0.0961538461538	72	1.5	1.5	2	0.0592369477912	0.143665158371
4670	train	data_pandit/aa/4670/data.4670	22	106	mid-gap	0.0934819897084	0.22641509434	0.0943396226415	0.0849056603774	65	3.35384615385	3	5	0.0592369477912	0.143665158371
4671	train	data_pandit/aa/4671/data.4671	9	418	high-gap	0.152046783626	0.337320574163	0.200956937799	0.150717703349	86	6.6511627907	5	15	0.0592369477912	0.143665158371
4672	train	data_pandit/aa/4672/data.4672	30	53	low-gap	0	0	0	0	0	0	0	0	0.0592369477912	0.143665158371
4674	train	data_pandit/aa/4674/data.4674	14	129	high-gap	0.312292358804	0.527131782946	0.333333333333	0.317829457364	132	4.27272727273	2.5	10	0.0592369477912	0.143665158371
4675	train	data_pandit/aa/4675/data.4675	9	84	low-gap	0.0462962962963	0.214285714286	0.0238095238095	0.0238095238095	15	2.33333333333	2	2	0.0592369477912	0.143665158371
4678	train	data_pandit/aa/4678/data.4678	6	224	high-gap	0.209821428571	0.450892857143	0.330357142857	0.209821428571	20	14.1	7.5	26	0.0592369477912	0.143665158371
4679	train	data_pandit/aa/4679/data.4679	5	171	high-gap	0.173099415205	0.263157894737	0.216374269006	0.210526315789	13	11.3846153846	13	23	0.0592369477912	0.143665158371
4680	train	data_pandit/aa/4680/data.4680	4	166	mid-gap	0.0707831325301	0.126506024096	0.126506024096	0.0903614457831	16	2.9375	2.5	5	0.0592369477912	0.143665158371
4684	train	data_pandit/aa/4684/data.4684	6	136	low-gap	0.0575980392157	0.198529411765	0.0661764705882	0.0294117647059	14	3.35714285714	3	6	0.0592369477912	0.143665158371
4685	train	data_pandit/aa/4685/data.4685	17	285	high-gap	0.179979360165	0.357894736842	0.228070175439	0.189473684211	154	5.66233766234	5	12	0.0592369477912	0.143665158371
4686	train	data_pandit/aa/4686/data.4686	8	148	mid-gap	0.0929054054054	0.216216216216	0.155405405405	0.0743243243243	43	2.55813953488	3	5	0.0592369477912	0.143665158371
4687	train	data_pandit/aa/4687/data.4687	114	365	high-gap	0.536481614996	0.717808219178	0.621917808219	0.558904109589	983	22.7090539166	14	79	0.0592369477912	0.143665158371
4689	train	data_pandit/aa/4689/data.4689	6	172	low-gap	0.0145348837209	0.0290697674419	0.0290697674419	0.0116279069767	13	1.15384615385	1	1	0.0592369477912	0.143665158371
4690	train	data_pandit/aa/4690/data.4690	11	299	high-gap	0.358771663119	0.585284280936	0.441471571906	0.391304347826	178	6.62921348315	3	16	0.0592369477912	0.143665158371
4691	train	data_pandit/aa/4691/data.4691	7	482	mid-gap	0.123592175459	0.340248962656	0.203319502075	0.0871369294606	65	6.41538461538	4	11	0.0592369477912	0.143665158371
4693	train	data_pandit/aa/4693/data.4693	4	264	mid-gap	0.109848484848	0.212121212121	0.212121212121	0.170454545455	28	4.14285714286	3	11	0.0592369477912	0.143665158371
4696	train	data_pandit/aa/4696/data.4696	74	205	mid-gap	0.0705998681608	0.209756097561	0.107317073171	0.0975609756098	452	2.36946902655	1	5	0.0592369477912	0.143665158371
4697	train	data_pandit/aa/4697/data.4697	9	107	mid-gap	0.079958463136	0.177570093458	0.130841121495	0.0467289719626	30	2.56666666667	1	6	0.0592369477912	0.143665158371
4698	train	data_pandit/aa/4698/data.4698	6	82	low-gap	0.00813008130081	0.0121951219512	0.0121951219512	0.0121951219512	4	1	1	1	0.0592369477912	0.143665158371
4699	train	data_pandit/aa/4699/data.4699	15	46	low-gap	0.00289855072464	0.0434782608696	0	0	2	1	1	1	0.0592369477912	0.143665158371
4700	train	data_pandit/aa/4700/data.4700	4	456	low-gap	0.03125	0.0679824561404	0.0679824561404	0.0350877192982	20	2.85	1.5	6	0.0592369477912	0.143665158371
4702	train	data_pandit/aa/4702/data.4702	27	793	high-gap	0.651627668021	0.665825977301	0.65447667087	0.650693568726	253	55.1462450593	2	284	0.0592369477912	0.143665158371
4703	train	data_pandit/aa/4703/data.4703	7	97	low-gap	0.00294550810015	0.020618556701	0	0	2	1	1	1	0.0592369477912	0.143665158371
4704	train	data_pandit/aa/4704/data.4704	111	151	high-gap	0.325338583617	0.602649006623	0.456953642384	0.264900662252	855	6.37777777778	3	12	0.0592369477912	0.143665158371
4707	train	data_pandit/aa/4707/data.4707	7	93	low-gap	0.0506912442396	0.129032258065	0.0860215053763	0.0537634408602	7	4.71428571429	5	7	0.0592369477912	0.143665158371
4708	train	data_pandit/aa/4708/data.4708	7	360	high-gap	0.163492063492	0.372222222222	0.211111111111	0.141666666667	102	4.03921568627	2	10	0.0592369477912	0.143665158371
4709	train	data_pandit/aa/4709/data.4709	7	115	low-gap	0.0509316770186	0.104347826087	0.0695652173913	0.0695652173913	18	2.27777777778	2	4	0.0592369477912	0.143665158371
4710	train	data_pandit/aa/4710/data.4710	9	157	low-gap	0.0283085633404	0.108280254777	0.0254777070064	0.0191082802548	26	1.53846153846	1	3	0.0592369477912	0.143665158371
4711	train	data_pandit/aa/4711/data.4711	7	323	high-gap	0.165413533835	0.250773993808	0.210526315789	0.198142414861	59	6.33898305085	4	14	0.0592369477912	0.143665158371
4714	train	data_pandit/aa/4714/data.4714	14	223	mid-gap	0.0685458039718	0.121076233184	0.0986547085202	0.067264573991	43	4.97674418605	5	7	0.0592369477912	0.143665158371
4716	train	data_pandit/aa/4716/data.4716	5	121	low-gap	0.0264462809917	0.0495867768595	0.0330578512397	0.0247933884298	11	1.45454545455	1	2	0.0592369477912	0.143665158371
4722	train	data_pandit/aa/4722/data.4722	7	196	low-gap	0.0269679300292	0.0357142857143	0.030612244898	0.030612244898	31	1.1935483871	1	2	0.0592369477912	0.143665158371
4723	train	data_pandit/aa/4723/data.4723	5	220	low-gap	0.00727272727273	0.0227272727273	0.00909090909091	0.00454545454545	7	1.14285714286	1	1	0.0592369477912	0.143665158371
4725	train	data_pandit/aa/4725/data.4725	6	339	mid-gap	0.143067846608	0.351032448378	0.280235988201	0.12389380531	50	5.82	4	13	0.0592369477912	0.143665158371
4726	train	data_pandit/aa/4726/data.4726	6	99	low-gap	0.0420875420875	0.10101010101	0.0707070707071	0.0505050505051	13	1.92307692308	2	3	0.0592369477912	0.143665158371
4728	train	data_pandit/aa/4728/data.4728	7	198	low-gap	0.0440115440115	0.0808080808081	0.0606060606061	0.0454545454545	23	2.65217391304	2	6	0.0592369477912	0.143665158371
4729	train	data_pandit/aa/4729/data.4729	16	153	mid-gap	0.117238562092	0.254901960784	0.169934640523	0.104575163399	75	3.82666666667	4	7	0.0592369477912	0.143665158371
4730	train	data_pandit/aa/4730/data.4730	5	87	low-gap	0.0505747126437	0.183908045977	0.0229885057471	0.0229885057471	4	5.5	2	2	0.0592369477912	0.143665158371
4731	train	data_pandit/aa/4731/data.4731	6	434	high-gap	0.179339477727	0.251152073733	0.223502304147	0.218894009217	60	7.78333333333	3.5	22	0.0592369477912	0.143665158371
4732	train	data_pandit/aa/4732/data.4732	5	716	high-gap	0.293296089385	0.618715083799	0.463687150838	0.231843575419	100	10.5	3	32	0.0592369477912	0.143665158371
4733	train	data_pandit/aa/4733/data.4733	4	78	mid-gap	0.115384615385	0.153846153846	0.153846153846	0.153846153846	3	12	12	12	0.0592369477912	0.143665158371
4740	train	data_pandit/aa/4740/data.4740	6	147	mid-gap	0.0657596371882	0.142857142857	0.102040816327	0.0748299319728	16	3.625	2.5	7	0.0592369477912	0.143665158371
4741	train	data_pandit/aa/4741/data.4741	4	194	low-gap	0.0128865979381	0.020618556701	0.020618556701	0.0154639175258	4	2.5	3	3	0.0592369477912	0.143665158371
4743	train	data_pandit/aa/4743/data.4743	4	420	high-gap	0.151785714286	0.288095238095	0.288095238095	0.195238095238	63	4.04761904762	3	11	0.0592369477912	0.143665158371
4745	train	data_pandit/aa/4745/data.4745	9	174	low-gap	0.00574712643678	0.051724137931	0	0	3	3	1	1	0.0592369477912	0.143665158371
4749	train	data_pandit/aa/4749/data.4749	5	78	mid-gap	0.141025641026	0.282051282051	0.166666666667	0.128205128205	9	6.11111111111	9	10	0.0592369477912	0.143665158371
4750	train	data_pandit/aa/4750/data.4750	20	105	high-gap	0.261904761905	0.314285714286	0.295238095238	0.295238095238	59	9.32203389831	11	19	0.0592369477912	0.143665158371
4751	train	data_pandit/aa/4751/data.4751	10	333	mid-gap	0.0738738738739	0.108108108108	0.105105105105	0.105105105105	10	24.6	28.5	36	0.0592369477912	0.143665158371
4752	train	data_pandit/aa/4752/data.4752	6	384	low-gap	0.0438368055556	0.114583333333	0.0677083333333	0.0572916666667	30	3.36666666667	1.5	6	0.0592369477912	0.143665158371
4753	train	data_pandit/aa/4753/data.4753	9	270	mid-gap	0.124691358025	0.196296296296	0.137037037037	0.137037037037	32	9.46875	5.5	28	0.0592369477912	0.143665158371
4754	train	data_pandit/aa/4754/data.4754	7	69	mid-gap	0.0786749482402	0.101449275362	0.101449275362	0.101449275362	22	1.72727272727	2	2	0.0592369477912	0.143665158371
4755	train	data_pandit/aa/4755/data.4755	6	83	mid-gap	0.0883534136546	0.204819277108	0.0963855421687	0.0963855421687	21	2.09523809524	2	4	0.0592369477912	0.143665158371
4758	train	data_pandit/aa/4758/data.4758	7	374	mid-gap	0.0966386554622	0.171122994652	0.128342245989	0.101604278075	57	4.43859649123	3	8	0.0592369477912	0.143665158371
4759	train	data_pandit/aa/4759/data.4759	8	499	mid-gap	0.10621242485	0.310621242485	0.160320641283	0.0881763527054	114	3.71929824561	2	9	0.0592369477912	0.143665158371
4760	train	data_pandit/aa/4760/data.4760	14	302	high-gap	0.305345316935	0.546357615894	0.407284768212	0.298013245033	145	8.90344827586	8	17	0.0592369477912	0.143665158371
4761	train	data_pandit/aa/4761/data.4761	6	1079	high-gap	0.298270003089	0.470806302132	0.452270620945	0.437442075996	82	23.5487804878	5	89	0.0592369477912	0.143665158371
4763	train	data_pandit/aa/4763/data.4763	4	505	high-gap	0.231683168317	0.350495049505	0.350495049505	0.30099009901	26	18	1.5	10	0.0592369477912	0.143665158371
4764	train	data_pandit/aa/4764/data.4764	4	328	mid-gap	0.077743902439	0.210365853659	0.210365853659	0.0823170731707	23	4.4347826087	2	4	0.0592369477912	0.143665158371
4765	train	data_pandit/aa/4765/data.4765	26	94	mid-gap	0.140752864157	0.36170212766	0.18085106383	0.117021276596	78	4.41025641026	3	12	0.0592369477912	0.143665158371
4766	train	data_pandit/aa/4766/data.4766	11	198	mid-gap	0.131313131313	0.292929292929	0.232323232323	0.106060606061	97	2.94845360825	2	6	0.0592369477912	0.143665158371
4767	train	data_pandit/aa/4767/data.4767	8	123	low-gap	0.00609756097561	0.0487804878049	0	0	1	6	6	6	0.0592369477912	0.143665158371
4768	train	data_pandit/aa/4768/data.4768	25	324	high-gap	0.163209876543	0.336419753086	0.222222222222	0.194444444444	248	5.33064516129	3	8	0.0592369477912	0.143665158371
4769	train	data_pandit/aa/4769/data.4769	6	197	mid-gap	0.141285956007	0.335025380711	0.228426395939	0.131979695431	26	6.42307692308	4	14	0.0592369477912	0.143665158371
4770	train	data_pandit/aa/4770/data.4770	7	314	high-gap	0.197452229299	0.789808917197	0.210191082803	0.12101910828	41	10.5853658537	3	15	0.0592369477912	0.143665158371
4771	train	data_pandit/aa/4771/data.4771	4	195	mid-gap	0.0833333333333	0.169230769231	0.169230769231	0.128205128205	10	6.5	1.5	23	0.0592369477912	0.143665158371
4773	train	data_pandit/aa/4773/data.4773	10	122	high-gap	0.161475409836	0.418032786885	0.237704918033	0.139344262295	41	4.80487804878	4	9	0.0592369477912	0.143665158371
4775	train	data_pandit/aa/4775/data.4775	6	225	mid-gap	0.139259259259	0.328888888889	0.2	0.191111111111	26	7.23076923077	2.5	18	0.0592369477912	0.143665158371
4776	train	data_pandit/aa/4776/data.4776	5	501	high-gap	0.259481037924	0.455089820359	0.335329341317	0.275449101796	34	19.1176470588	8.5	61	0.0592369477912	0.143665158371
4778	train	data_pandit/aa/4778/data.4778	5	90	high-gap	0.153333333333	0.233333333333	0.188888888889	0.177777777778	17	4.05882352941	3	9	0.0592369477912	0.143665158371
4779	train	data_pandit/aa/4779/data.4779	7	179	mid-gap	0.0654429369513	0.100558659218	0.0893854748603	0.072625698324	16	5.125	4	10	0.0592369477912	0.143665158371
4782	train	data_pandit/aa/4782/data.4782	6	157	low-gap	0.031847133758	0.0828025477707	0.0382165605096	0.031847133758	15	2	1	4	0.0592369477912	0.143665158371
4783	train	data_pandit/aa/4783/data.4783	11	67	low-gap	0.0149253731343	0.0298507462687	0.0149253731343	0.0149253731343	11	1	1	1	0.0592369477912	0.143665158371
4787	train	data_pandit/aa/4787/data.4787	5	984	mid-gap	0.0853658536585	0.188008130081	0.12093495935	0.0741869918699	67	6.26865671642	2	17	0.0592369477912	0.143665158371
4792	train	data_pandit/aa/4792/data.4792	6	609	mid-gap	0.0955117679256	0.170771756979	0.136288998358	0.106732348112	105	3.32380952381	2	6	0.0592369477912	0.143665158371
4793	train	data_pandit/aa/4793/data.4793	7	579	mid-gap	0.0944979027881	0.210708117444	0.136442141623	0.0949913644214	131	2.92366412214	2	8	0.0592369477912	0.143665158371
4795	train	data_pandit/aa/4795/data.4795	7	497	low-gap	0.0163840183961	0.0221327967807	0.0201207243461	0.0201207243461	29	1.96551724138	1	4	0.0592369477912	0.143665158371
4796	train	data_pandit/aa/4796/data.4796	5	632	mid-gap	0.132594936709	0.325949367089	0.183544303797	0.123417721519	84	4.9880952381	2	8	0.0592369477912	0.143665158371
4801	train	data_pandit/aa/4801/data.4801	8	239	mid-gap	0.129184100418	0.230125523013	0.167364016736	0.142259414226	62	3.98387096774	1	8	0.0592369477912	0.143665158371
4802	train	data_pandit/aa/4802/data.4802	11	91	low-gap	0.043956043956	0.0659340659341	0.0659340659341	0.0549450549451	24	1.83333333333	2	2	0.0592369477912	0.143665158371
4806	train	data_pandit/aa/4806/data.4806	13	146	high-gap	0.175974710221	0.746575342466	0.171232876712	0.143835616438	50	6.68	2	16	0.0592369477912	0.143665158371
4807	train	data_pandit/aa/4807/data.4807	5	106	mid-gap	0.0679245283019	0.122641509434	0.0943396226415	0.0754716981132	13	2.76923076923	2	3	0.0592369477912	0.143665158371
4809	train	data_pandit/aa/4809/data.4809	7	524	mid-gap	0.0804252998909	0.164122137405	0.125954198473	0.0782442748092	91	3.24175824176	2	7	0.0592369477912	0.143665158371
4811	train	data_pandit/aa/4811/data.4811	8	1430	high-gap	0.153583916084	0.337062937063	0.274825174825	0.148251748252	301	5.83720930233	2	16	0.0592369477912	0.143665158371
4812	train	data_pandit/aa/4812/data.4812	4	454	mid-gap	0.0820484581498	0.149779735683	0.149779735683	0.105726872247	18	8.27777777778	4	26	0.0592369477912	0.143665158371
4815	train	data_pandit/aa/4815/data.4815	7	311	mid-gap	0.106568672485	0.167202572347	0.128617363344	0.11575562701	49	4.73469387755	1	22	0.0592369477912	0.143665158371
4816	train	data_pandit/aa/4816/data.4816	6	32	low-gap	0.0260416666667	0.03125	0.03125	0.03125	5	1	1	1	0.0592369477912	0.143665158371
4817	train	data_pandit/aa/4817/data.4817	5	412	low-gap	0.018932038835	0.0533980582524	0.0194174757282	0.0121359223301	21	1.85714285714	1	3	0.0592369477912	0.143665158371
4819	train	data_pandit/aa/4819/data.4819	14	192	high-gap	0.168526785714	0.317708333333	0.208333333333	0.161458333333	84	5.39285714286	4	12	0.0592369477912	0.143665158371
4822	train	data_pandit/aa/4822/data.4822	7	90	low-gap	0.0111111111111	0.0444444444444	0.0111111111111	0.0111111111111	6	1.16666666667	1	1	0.0592369477912	0.143665158371
4824	train	data_pandit/aa/4824/data.4824	4	324	mid-gap	0.0925925925926	0.246913580247	0.246913580247	0.0895061728395	25	4.8	2	7	0.0592369477912	0.143665158371
4826	train	data_pandit/aa/4826/data.4826	5	345	low-gap	0.0347826086957	0.0753623188406	0.0376811594203	0.0347826086957	28	2.14285714286	2	4	0.0592369477912	0.143665158371
4827	train	data_pandit/aa/4827/data.4827	4	494	low-gap	0.0328947368421	0.0647773279352	0.0647773279352	0.0425101214575	27	2.40740740741	2	4	0.0592369477912	0.143665158371
4828	train	data_pandit/aa/4828/data.4828	18	223	high-gap	0.18086696562	0.394618834081	0.251121076233	0.201793721973	98	7.40816326531	4	27	0.0592369477912	0.143665158371
4829	train	data_pandit/aa/4829/data.4829	4	299	low-gap	0.0175585284281	0.0367892976589	0.0367892976589	0.0334448160535	2	10.5	10.5	10	0.0592369477912	0.143665158371
4830	train	data_pandit/aa/4830/data.4830	6	64	low-gap	0.0364583333333	0.09375	0.03125	0.03125	7	2	2	2	0.0592369477912	0.143665158371
4834	train	data_pandit/aa/4834/data.4834	5	486	mid-gap	0.0831275720165	0.183127572016	0.125514403292	0.0802469135802	53	3.81132075472	3	8	0.0592369477912	0.143665158371
4836	train	data_pandit/aa/4836/data.4836	9	106	mid-gap	0.0974842767296	0.311320754717	0.141509433962	0.0754716981132	37	2.51351351351	2	3	0.0592369477912	0.143665158371
4837	train	data_pandit/aa/4837/data.4837	4	384	mid-gap	0.0618489583333	0.135416666667	0.135416666667	0.0859375	25	3.8	2	6	0.0592369477912	0.143665158371
4838	train	data_pandit/aa/4838/data.4838	11	177	mid-gap	0.0924499229584	0.169491525424	0.124293785311	0.0847457627119	29	6.20689655172	3	14	0.0592369477912	0.143665158371
4840	train	data_pandit/aa/4840/data.4840	10	427	high-gap	0.212412177986	0.494145199063	0.320843091335	0.213114754098	152	5.96710526316	4	16	0.0592369477912	0.143665158371
4843	train	data_pandit/aa/4843/data.4843	8	177	mid-gap	0.124293785311	0.389830508475	0.242937853107	0.090395480226	23	7.65217391304	2	18	0.0592369477912	0.143665158371
4844	train	data_pandit/aa/4844/data.4844	7	309	high-gap	0.171983356449	0.336569579288	0.284789644013	0.220064724919	53	7.01886792453	4	19	0.0592369477912	0.143665158371
4845	train	data_pandit/aa/4845/data.4845	8	340	mid-gap	0.0650735294118	0.105882352941	0.0852941176471	0.0735294117647	50	3.54	3	7	0.0592369477912	0.143665158371
4846	train	data_pandit/aa/4846/data.4846	7	412	mid-gap	0.104715672677	0.182038834951	0.150485436893	0.128640776699	79	3.82278481013	3	8	0.0592369477912	0.143665158371
4851	train	data_pandit/aa/4851/data.4851	8	334	mid-gap	0.0920658682635	0.137724550898	0.119760479042	0.110778443114	55	4.47272727273	4	9	0.0592369477912	0.143665158371
4852	train	data_pandit/aa/4852/data.4852	7	265	low-gap	0.0366576819407	0.0754716981132	0.0415094339623	0.0415094339623	44	1.54545454545	1	2	0.0592369477912	0.143665158371
4854	train	data_pandit/aa/4854/data.4854	10	102	mid-gap	0.102941176471	0.264705882353	0.147058823529	0.107843137255	48	2.1875	1	6	0.0592369477912	0.143665158371
4856	train	data_pandit/aa/4856/data.4856	26	161	high-gap	0.309364548495	0.55900621118	0.341614906832	0.329192546584	183	7.07650273224	2	38	0.0592369477912	0.143665158371
4857	train	data_pandit/aa/4857/data.4857	5	345	mid-gap	0.120579710145	0.217391304348	0.142028985507	0.130434782609	59	3.52542372881	2	9	0.0592369477912	0.143665158371
4860	train	data_pandit/aa/4860/data.4860	14	123	mid-gap	0.120789779326	0.252032520325	0.130081300813	0.121951219512	69	3.01449275362	3	4	0.0592369477912	0.143665158371
4862	train	data_pandit/aa/4862/data.4862	14	207	high-gap	0.180124223602	0.323671497585	0.231884057971	0.19806763285	74	7.05405405405	5.5	14	0.0592369477912	0.143665158371
4863	train	data_pandit/aa/4863/data.4863	16	138	high-gap	0.309782608696	0.5	0.369565217391	0.311594202899	83	8.24096385542	7	21	0.0592369477912	0.143665158371
4864	train	data_pandit/aa/4864/data.4864	4	261	mid-gap	0.0622605363985	0.149425287356	0.149425287356	0.0574712643678	17	3.82352941176	3	9	0.0592369477912	0.143665158371
4865	train	data_pandit/aa/4865/data.4865	5	82	low-gap	0.00243902439024	0.0121951219512	0	0	1	1	1	1	0.0592369477912	0.143665158371
4866	train	data_pandit/aa/4866/data.4866	4	468	mid-gap	0.0817307692308	0.260683760684	0.260683760684	0.0470085470085	21	7.28571428571	3	17	0.0592369477912	0.143665158371
4871	train	data_pandit/aa/4871/data.4871	7	143	high-gap	0.28971028971	0.405594405594	0.391608391608	0.377622377622	14	20.7142857143	5	49	0.0592369477912	0.143665158371
4872	train	data_pandit/aa/4872/data.4872	36	153	mid-gap	0.118917937545	0.359477124183	0.143790849673	0.104575163399	234	2.79914529915	2	4	0.0592369477912	0.143665158371
4873	train	data_pandit/aa/4873/data.4873	5	65	high-gap	0.16	0.2	0.2	0.2	8	6.5	6.5	7	0.0592369477912	0.143665158371
4874	train	data_pandit/aa/4874/data.4874	35	200	high-gap	0.149285714286	0.24	0.18	0.15	288	3.62847222222	2	13	0.0592369477912	0.143665158371
4877	train	data_pandit/aa/4877/data.4877	6	237	mid-gap	0.113924050633	0.274261603376	0.147679324895	0.113924050633	26	6.23076923077	6	7	0.0592369477912	0.143665158371
4878	train	data_pandit/aa/4878/data.4878	8	323	mid-gap	0.140479876161	0.269349845201	0.216718266254	0.173374613003	88	4.125	2	8	0.0592369477912	0.143665158371
4879	train	data_pandit/aa/4879/data.4879	8	69	low-gap	0.0344202898551	0.0579710144928	0.0579710144928	0.0434782608696	13	1.46153846154	1	2	0.0592369477912	0.143665158371
4880	train	data_pandit/aa/4880/data.4880	5	53	low-gap	0.00377358490566	0.0188679245283	0	0	1	1	1	1	0.0592369477912	0.143665158371
4881	train	data_pandit/aa/4881/data.4881	8	64	low-gap	0.037109375	0.0625	0.0625	0.046875	9	2.11111111111	3	3	0.0592369477912	0.143665158371
4884	train	data_pandit/aa/4884/data.4884	8	657	high-gap	0.274923896499	0.374429223744	0.356164383562	0.330289193303	194	7.44845360825	6	16	0.0592369477912	0.143665158371
4885	train	data_pandit/aa/4885/data.4885	16	43	low-gap	0.0218023255814	0.0232558139535	0.0232558139535	0.0232558139535	15	1	1	1	0.0592369477912	0.143665158371
4887	train	data_pandit/aa/4887/data.4887	47	214	high-gap	0.372141578843	0.696261682243	0.420560747664	0.383177570093	857	4.36756126021	4	7	0.0592369477912	0.143665158371
4888	train	data_pandit/aa/4888/data.4888	20	127	high-gap	0.197637795276	0.40157480315	0.244094488189	0.204724409449	122	4.11475409836	3	12	0.0592369477912	0.143665158371
4889	train	data_pandit/aa/4889/data.4889	52	120	high-gap	0.220192307692	0.4	0.233333333333	0.233333333333	506	2.71541501976	3	4	0.0592369477912	0.143665158371
4890	train	data_pandit/aa/4890/data.4890	36	38	low-gap	0.0504385964912	0.131578947368	0.0526315789474	0.0526315789474	69	1	1	1	0.0592369477912	0.143665158371
4891	train	data_pandit/aa/4891/data.4891	34	345	high-gap	0.377834612106	0.489855072464	0.397101449275	0.379710144928	336	13.1904761905	3	15	0.0592369477912	0.143665158371
4893	train	data_pandit/aa/4893/data.4893	22	137	high-gap	0.410086264101	0.664233576642	0.540145985401	0.386861313869	130	9.50769230769	5	22	0.0592369477912	0.143665158371
4894	train	data_pandit/aa/4894/data.4894	17	169	high-gap	0.185868430212	0.337278106509	0.201183431953	0.201183431953	139	3.84172661871	2	10	0.0592369477912	0.143665158371
4895	train	data_pandit/aa/4895/data.4895	6	62	mid-gap	0.0779569892473	0.129032258065	0.0967741935484	0.0806451612903	7	4.14285714286	5	5	0.0592369477912	0.143665158371
4897	train	data_pandit/aa/4897/data.4897	39	76	low-gap	0.00202429149798	0.0526315789474	0	0	6	1	1	1	0.0592369477912	0.143665158371
4899	train	data_pandit/aa/4899/data.4899	40	166	mid-gap	0.121084337349	0.475903614458	0.10843373494	0.0843373493976	242	3.32231404959	2	5	0.0592369477912	0.143665158371
4905	train	data_pandit/aa/4905/data.4905	8	461	high-gap	0.171095444685	0.251626898048	0.236442516269	0.216919739696	85	7.42352941176	5	11	0.0592369477912	0.143665158371
4906	train	data_pandit/aa/4906/data.4906	8	118	mid-gap	0.133474576271	0.305084745763	0.169491525424	0.161016949153	54	2.33333333333	2	3	0.0592369477912	0.143665158371
4907	train	data_pandit/aa/4907/data.4907	6	356	high-gap	0.224719101124	0.393258426966	0.289325842697	0.266853932584	56	8.57142857143	6	19	0.0592369477912	0.143665158371
4911	train	data_pandit/aa/4911/data.4911	6	260	low-gap	0.0339743589744	0.0461538461538	0.0423076923077	0.0384615384615	18	2.94444444444	2	7	0.0592369477912	0.143665158371
4912	train	data_pandit/aa/4912/data.4912	4	239	low-gap	0.00836820083682	0.0209205020921	0.0209205020921	0.0125523012552	2	4	4	4	0.0592369477912	0.143665158371
4915	train	data_pandit/aa/4915/data.4915	7	195	low-gap	0.0446886446886	0.0974358974359	0.0820512820513	0.0410256410256	26	2.34615384615	1.5	4	0.0592369477912	0.143665158371
4916	train	data_pandit/aa/4916/data.4916	4	296	mid-gap	0.103885135135	0.226351351351	0.226351351351	0.101351351351	30	4.1	2	8	0.0592369477912	0.143665158371
4918	train	data_pandit/aa/4918/data.4918	9	502	high-gap	0.427401505091	0.474103585657	0.470119521912	0.466135458167	63	30.6507936508	4	164	0.0592369477912	0.143665158371
4919	train	data_pandit/aa/4919/data.4919	45	144	mid-gap	0.0723765432099	0.298611111111	0.0763888888889	0.0555555555556	330	1.42121212121	1	2	0.0592369477912	0.143665158371
4921	train	data_pandit/aa/4921/data.4921	18	291	high-gap	0.345360824742	0.618556701031	0.508591065292	0.398625429553	148	12.222972973	5.5	31	0.0592369477912	0.143665158371
4922	train	data_pandit/aa/4922/data.4922	32	52	mid-gap	0.133413461538	0.326923076923	0.153846153846	0.134615384615	77	2.88311688312	2	5	0.0592369477912	0.143665158371
4923	train	data_pandit/aa/4923/data.4923	21	417	high-gap	0.317917094896	0.599520383693	0.374100719424	0.309352517986	393	7.08396946565	4	20	0.0592369477912	0.143665158371
4925	train	data_pandit/aa/4925/data.4925	16	186	mid-gap	0.113911290323	0.258064516129	0.150537634409	0.139784946237	123	2.75609756098	1	5	0.0592369477912	0.143665158371
4926	train	data_pandit/aa/4926/data.4926	44	80	high-gap	0.23125	0.4625	0.2875	0.25	251	3.24302788845	2	7	0.0592369477912	0.143665158371
4928	train	data_pandit/aa/4928/data.4928	33	371	high-gap	0.241117373193	0.636118598383	0.274932614555	0.196765498652	370	7.97837837838	6	21	0.0592369477912	0.143665158371
4929	train	data_pandit/aa/4929/data.4929	16	68	low-gap	0	0	0	0	0	0	0	0	0.0592369477912	0.143665158371
4930	train	data_pandit/aa/4930/data.4930	21	41	low-gap	0.00696864111498	0.121951219512	0	0	3	2	1	1	0.0592369477912	0.143665158371
4932	train	data_pandit/aa/4932/data.4932	19	358	high-gap	0.249632461041	0.670391061453	0.349162011173	0.22905027933	76	22.3421052632	15	61	0.0592369477912	0.143665158371
4933	train	data_pandit/aa/4933/data.4933	10	322	high-gap	0.218944099379	0.506211180124	0.301242236025	0.242236024845	89	7.92134831461	4	26	0.0592369477912	0.143665158371
4934	train	data_pandit/aa/4934/data.4934	59	111	high-gap	0.185982592762	0.54954954955	0.198198198198	0.153153153153	375	3.248	2	6	0.0592369477912	0.143665158371
4937	train	data_pandit/aa/4937/data.4937	16	70	mid-gap	0.1	0.2	0.1	0.1	46	2.4347826087	2	3	0.0592369477912	0.143665158371
4939	train	data_pandit/aa/4939/data.4939	4	142	mid-gap	0.0616197183099	0.140845070423	0.140845070423	0.105633802817	9	3.88888888889	4	8	0.0592369477912	0.143665158371
4941	train	data_pandit/aa/4941/data.4941	4	240	low-gap	0.0520833333333	0.208333333333	0.208333333333	0	6	8.33333333333	3	8	0.0592369477912	0.143665158371
4942	train	data_pandit/aa/4942/data.4942	4	96	low-gap	0.0520833333333	0.104166666667	0.104166666667	0.104166666667	2	10	10	10	0.0592369477912	0.143665158371
4944	train	data_pandit/aa/4944/data.4944	5	109	low-gap	0.0366972477064	0.045871559633	0.045871559633	0.045871559633	20	1	1	1	0.0592369477912	0.143665158371
4945	train	data_pandit/aa/4945/data.4945	6	115	mid-gap	0.0782608695652	0.121739130435	0.0869565217391	0.0869565217391	12	4.5	2	9	0.0592369477912	0.143665158371
4946	train	data_pandit/aa/4946/data.4946	6	324	mid-gap	0.0663580246914	0.135802469136	0.0833333333333	0.0648148148148	31	4.16129032258	3	10	0.0592369477912	0.143665158371
4949	train	data_pandit/aa/4949/data.4949	11	214	mid-gap	0.0692438402719	0.126168224299	0.102803738318	0.0700934579439	72	2.26388888889	1.5	4	0.0592369477912	0.143665158371
4952	train	data_pandit/aa/4952/data.4952	4	179	mid-gap	0.0796089385475	0.145251396648	0.145251396648	0.111731843575	20	2.85	2	6	0.0592369477912	0.143665158371
4953	train	data_pandit/aa/4953/data.4953	7	89	low-gap	0.00963081861958	0.0112359550562	0.0112359550562	0.0112359550562	6	1	1	1	0.0592369477912	0.143665158371
4954	train	data_pandit/aa/4954/data.4954	98	183	high-gap	0.31643805063	0.612021857923	0.387978142077	0.327868852459	722	7.86011080332	8	16	0.0592369477912	0.143665158371
4955	train	data_pandit/aa/4955/data.4955	6	292	high-gap	0.392123287671	0.568493150685	0.469178082192	0.445205479452	34	20.2058823529	6	94	0.0592369477912	0.143665158371
4956	train	data_pandit/aa/4956/data.4956	11	124	high-gap	0.160557184751	0.290322580645	0.193548387097	0.16935483871	41	5.34146341463	3	10	0.0592369477912	0.143665158371
4958	train	data_pandit/aa/4958/data.4958	4	655	mid-gap	0.1	0.309923664122	0.309923664122	0.0641221374046	25	10.48	4	19	0.0592369477912	0.143665158371
4960	train	data_pandit/aa/4960/data.4960	4	139	mid-gap	0.118705035971	0.237410071942	0.237410071942	0.230215827338	6	11	1	31	0.0592369477912	0.143665158371
4961	train	data_pandit/aa/4961/data.4961	9	63	low-gap	0.0335097001764	0.047619047619	0.047619047619	0.047619047619	13	1.46153846154	1	2	0.0592369477912	0.143665158371
4962	train	data_pandit/aa/4962/data.4962	7	212	mid-gap	0.0768194070081	0.183962264151	0.122641509434	0.0566037735849	23	4.95652173913	5	7	0.0592369477912	0.143665158371
4964	train	data_pandit/aa/4964/data.4964	6	278	mid-gap	0.0611510791367	0.118705035971	0.0935251798561	0.0611510791367	46	2.21739130435	2	5	0.0592369477912	0.143665158371
4966	train	data_pandit/aa/4966/data.4966	11	163	mid-gap	0.124930284439	0.288343558282	0.141104294479	0.110429447853	71	3.15492957746	2	7	0.0592369477912	0.143665158371
4967	train	data_pandit/aa/4967/data.4967	4	118	low-gap	0.00423728813559	0.00847457627119	0.00847457627119	0.00847457627119	2	1	1	1	0.0592369477912	0.143665158371
4969	train	data_pandit/aa/4969/data.4969	5	187	low-gap	0.0128342245989	0.0160427807487	0.0160427807487	0.0160427807487	8	1.5	1.5	2	0.0592369477912	0.143665158371
4970	train	data_pandit/aa/4970/data.4970	10	243	mid-gap	0.0995884773663	0.168724279835	0.127572016461	0.119341563786	69	3.50724637681	2	10	0.0592369477912	0.143665158371
4971	train	data_pandit/aa/4971/data.4971	9	261	low-gap	0.0536398467433	0.137931034483	0.0613026819923	0.0613026819923	53	2.37735849057	1	5	0.0592369477912	0.143665158371
4972	train	data_pandit/aa/4972/data.4972	4	243	low-gap	0.0185185185185	0.0411522633745	0.0411522633745	0.0246913580247	11	1.63636363636	1	3	0.0592369477912	0.143665158371
4973	train	data_pandit/aa/4973/data.4973	10	409	high-gap	0.170660146699	0.444987775061	0.195599022005	0.168704156479	137	5.09489051095	3	12	0.0592369477912	0.143665158371
4976	train	data_pandit/aa/4976/data.4976	4	187	low-gap	0.00935828877005	0.0267379679144	0.0267379679144	0.00534759358289	4	1.75	1	1	0.0592369477912	0.143665158371
4977	train	data_pandit/aa/4977/data.4977	4	265	high-gap	0.181132075472	0.520754716981	0.520754716981	0.158490566038	24	8	4	15	0.0592369477912	0.143665158371
4978	train	data_pandit/aa/4978/data.4978	5	391	mid-gap	0.127877237852	0.352941176471	0.153452685422	0.0843989769821	40	6.25	2	13	0.0592369477912	0.143665158371
4979	train	data_pandit/aa/4979/data.4979	4	215	high-gap	0.16511627907	0.344186046512	0.344186046512	0.2	31	4.58064516129	2	7	0.0592369477912	0.143665158371
4980	train	data_pandit/aa/4980/data.4980	11	118	mid-gap	0.130970724191	0.194915254237	0.152542372881	0.14406779661	91	1.86813186813	1	4	0.0592369477912	0.143665158371
4981	train	data_pandit/aa/4981/data.4981	6	406	high-gap	0.233169129721	0.463054187192	0.369458128079	0.307881773399	84	6.7619047619	4	17	0.0592369477912	0.143665158371
4983	train	data_pandit/aa/4983/data.4983	5	225	high-gap	0.209777777778	0.368888888889	0.257777777778	0.244444444444	19	12.4210526316	12	30	0.0592369477912	0.143665158371
4987	train	data_pandit/aa/4987/data.4987	6	344	mid-gap	0.102228682171	0.154069767442	0.133720930233	0.122093023256	33	6.39393939394	3	14	0.0592369477912	0.143665158371
4990	train	data_pandit/aa/4990/data.4990	6	34	low-gap	0.0441176470588	0.117647058824	0.0588235294118	0.0588235294118	5	1.8	2	2	0.0592369477912	0.143665158371
4992	train	data_pandit/aa/4992/data.4992	20	306	low-gap	0.0259803921569	0.179738562092	0.0294117647059	0.016339869281	62	2.56451612903	2	5	0.0592369477912	0.143665158371
4995	train	data_pandit/aa/4995/data.4995	12	124	low-gap	0.0221774193548	0.0483870967742	0.0241935483871	0.0241935483871	33	1	1	1	0.0592369477912	0.143665158371
4997	train	data_pandit/aa/4997/data.4997	5	123	low-gap	0.0260162601626	0.0487804878049	0.0325203252033	0.0243902439024	11	1.45454545455	1	2	0.0592369477912	0.143665158371
4998	train	data_pandit/aa/4998/data.4998	6	164	low-gap	0.0355691056911	0.0914634146341	0.0853658536585	0.0182926829268	7	5	6	10	0.0592369477912	0.143665158371
4999	train	data_pandit/aa/4999/data.4999	6	132	mid-gap	0.0984848484848	0.174242424242	0.106060606061	0.106060606061	11	7.09090909091	3	11	0.0592369477912	0.143665158371
5001	train	data_pandit/aa/5001/data.5001	11	127	high-gap	0.191839656407	0.267716535433	0.212598425197	0.212598425197	79	3.39240506329	2	11	0.0592369477912	0.143665158371
5002	train	data_pandit/aa/5002/data.5002	9	134	high-gap	0.289386401327	0.440298507463	0.320895522388	0.320895522388	25	13.96	3	38	0.0592369477912	0.143665158371
5004	train	data_pandit/aa/5004/data.5004	6	271	high-gap	0.179581795818	0.682656826568	0.173431734317	0.132841328413	39	7.48717948718	3	19	0.0592369477912	0.143665158371
5007	train	data_pandit/aa/5007/data.5007	9	364	high-gap	0.236568986569	0.392857142857	0.302197802198	0.285714285714	71	10.9154929577	8	25	0.0592369477912	0.143665158371
5010	train	data_pandit/aa/5010/data.5010	11	313	mid-gap	0.0978797560267	0.210862619808	0.162939297125	0.105431309904	95	3.54736842105	2	8	0.0592369477912	0.143665158371
5012	train	data_pandit/aa/5012/data.5012	5	415	high-gap	0.157590361446	0.315662650602	0.238554216867	0.156626506024	65	5.03076923077	2	10	0.0592369477912	0.143665158371
5015	train	data_pandit/aa/5015/data.5015	13	265	high-gap	0.233671988389	0.384905660377	0.279245283019	0.252830188679	135	5.96296296296	3	13	0.0592369477912	0.143665158371
5016	train	data_pandit/aa/5016/data.5016	6	177	mid-gap	0.0659133709981	0.118644067797	0.0847457627119	0.0790960451977	43	1.62790697674	1	3	0.0592369477912	0.143665158371
5022	train	data_pandit/aa/5022/data.5022	5	137	mid-gap	0.0846715328467	0.131386861314	0.109489051095	0.102189781022	26	2.23076923077	2	4	0.0592369477912	0.143665158371
5025	train	data_pandit/aa/5025/data.5025	7	124	low-gap	0.0230414746544	0.161290322581	0	0	1	20	20	20	0.0592369477912	0.143665158371
5026	train	data_pandit/aa/5026/data.5026	14	138	high-gap	0.166149068323	0.260869565217	0.202898550725	0.188405797101	67	4.79104477612	3	12	0.0592369477912	0.143665158371
5028	train	data_pandit/aa/5028/data.5028	10	181	mid-gap	0.0922651933702	0.381215469613	0.0883977900552	0.0773480662983	61	2.73770491803	2	6	0.0592369477912	0.143665158371
5032	train	data_pandit/aa/5032/data.5032	7	331	high-gap	0.200690548123	0.296072507553	0.223564954683	0.223564954683	134	3.47014925373	2	7	0.0592369477912	0.143665158371
5035	train	data_pandit/aa/5035/data.5035	5	773	high-gap	0.269081500647	0.54851228978	0.443725743855	0.248382923674	143	7.27272727273	4	16	0.0592369477912	0.143665158371
5038	train	data_pandit/aa/5038/data.5038	70	372	high-gap	0.219700460829	0.518817204301	0.228494623656	0.204301075269	2480	2.30685483871	2	4	0.0592369477912	0.143665158371
5041	train	data_pandit/aa/5041/data.5041	9	593	high-gap	0.446692898632	0.659359190556	0.514333895447	0.455311973019	71	33.5774647887	11	155	0.0592369477912	0.143665158371
5042	train	data_pandit/aa/5042/data.5042	26	76	mid-gap	0.12044534413	0.263157894737	0.144736842105	0.131578947368	53	4.49056603774	3	8	0.0592369477912	0.143665158371
5043	train	data_pandit/aa/5043/data.5043	7	134	low-gap	0.0341151385928	0.0820895522388	0.0671641791045	0.0223880597015	19	1.68421052632	1	3	0.0592369477912	0.143665158371
5044	train	data_pandit/aa/5044/data.5044	6	183	low-gap	0.0482695810565	0.153005464481	0.0546448087432	0.0382513661202	34	1.55882352941	1	2	0.0592369477912	0.143665158371
5045	train	data_pandit/aa/5045/data.5045	4	253	high-gap	0.25395256917	0.624505928854	0.624505928854	0.296442687747	34	7.55882352941	4	17	0.0592369477912	0.143665158371
5046	train	data_pandit/aa/5046/data.5046	6	162	mid-gap	0.0812757201646	0.135802469136	0.111111111111	0.111111111111	14	5.64285714286	2	15	0.0592369477912	0.143665158371
5049	train	data_pandit/aa/5049/data.5049	6	78	low-gap	0.00854700854701	0.0512820512821	0	0	1	4	4	4	0.0592369477912	0.143665158371
5053	train	data_pandit/aa/5053/data.5053	7	164	low-gap	0.0400696864111	0.115853658537	0.0548780487805	0.0365853658537	22	2.09090909091	2	3	0.0592369477912	0.143665158371
5054	train	data_pandit/aa/5054/data.5054	20	54	low-gap	0.0259259259259	0.185185185185	0.0185185185185	0.0185185185185	21	1.33333333333	1	1	0.0592369477912	0.143665158371
5055	train	data_pandit/aa/5055/data.5055	4	147	low-gap	0	0	0	0	0	0	0	0	0.0592369477912	0.143665158371
5062	train	data_pandit/aa/5062/data.5062	26	363	high-gap	0.264568764569	0.426997245179	0.380165289256	0.3608815427	338	7.3875739645	3	27	0.0592369477912	0.143665158371
5065	train	data_pandit/aa/5065/data.5065	7	52	low-gap	0.0247252747253	0.0576923076923	0.0576923076923	0	3	3	3	3	0.0592369477912	0.143665158371
5067	train	data_pandit/aa/5067/data.5067	4	103	low-gap	0.0145631067961	0.0291262135922	0.0291262135922	0.0291262135922	4	1.5	1.5	2	0.0592369477912	0.143665158371
5069	train	data_pandit/aa/5069/data.5069	7	127	mid-gap	0.0967379077615	0.244094488189	0.173228346457	0.0551181102362	31	2.77419354839	1	7	0.0592369477912	0.143665158371
5070	train	data_pandit/aa/5070/data.5070	67	262	high-gap	0.325395921158	0.648854961832	0.389312977099	0.332061068702	568	10.0563380282	6	28	0.0592369477912	0.143665158371
5072	train	data_pandit/aa/5072/data.5072	9	173	mid-gap	0.072575465639	0.150289017341	0.0751445086705	0.0693641618497	66	1.71212121212	2	2	0.0592369477912	0.143665158371
5073	train	data_pandit/aa/5073/data.5073	13	114	mid-gap	0.0715249662618	0.210526315789	0.105263157895	0.0526315789474	34	3.11764705882	2	7	0.0592369477912	0.143665158371
5075	train	data_pandit/aa/5075/data.5075	36	72	high-gap	0.169367283951	0.263888888889	0.25	0.180555555556	56	7.83928571429	12	12	0.0592369477912	0.143665158371
5077	train	data_pandit/aa/5077/data.5077	5	114	low-gap	0.00175438596491	0.00877192982456	0	0	1	1	1	1	0.0592369477912	0.143665158371
5080	train	data_pandit/aa/5080/data.5080	4	121	mid-gap	0.0764462809917	0.132231404959	0.132231404959	0.107438016529	12	3.08333333333	2	6	0.0592369477912	0.143665158371
5082	train	data_pandit/aa/5082/data.5082	5	286	mid-gap	0.0636363636364	0.125874125874	0.0839160839161	0.0734265734266	32	2.84375	3	5	0.0592369477912	0.143665158371
5083	train	data_pandit/aa/5083/data.5083	8	22	low-gap	0.00568181818182	0.0454545454545	0	0	1	1	1	1	0.0592369477912	0.143665158371
5084	train	data_pandit/aa/5084/data.5084	4	81	low-gap	0.00925925925926	0.0123456790123	0.0123456790123	0.0123456790123	3	1	1	1	0.0592369477912	0.143665158371
5093	train	data_pandit/aa/5093/data.5093	8	82	low-gap	0	0	0	0	0	0	0	0	0.0592369477912	0.143665158371
5096	train	data_pandit/aa/5096/data.5096	6	215	low-gap	0.0387596899225	0.0837209302326	0.0837209302326	0.0418604651163	14	3.57142857143	3.5	5	0.0592369477912	0.143665158371
5099	train	data_pandit/aa/5099/data.5099	4	257	high-gap	0.206225680934	0.357976653696	0.357976653696	0.256809338521	24	8.83333333333	7.5	11	0.0592369477912	0.143665158371
5100	train	data_pandit/aa/5100/data.5100	5	305	low-gap	0.0413114754098	0.0852459016393	0.0459016393443	0.0393442622951	16	3.9375	3.5	6	0.0592369477912	0.143665158371
5102	train	data_pandit/aa/5102/data.5102	4	146	mid-gap	0.11301369863	0.212328767123	0.212328767123	0.123287671233	24	2.75	1	7	0.0592369477912	0.143665158371
5103	train	data_pandit/aa/5103/data.5103	4	110	low-gap	0.0272727272727	0.0545454545455	0.0545454545455	0.0454545454545	8	1.5	1	3	0.0592369477912	0.143665158371
5108	train	data_pandit/aa/5108/data.5108	4	161	low-gap	0	0	0	0	0	0	0	0	0.0592369477912	0.143665158371
5110	train	data_pandit/aa/5110/data.5110	10	176	high-gap	0.222727272727	0.392045454545	0.272727272727	0.232954545455	114	3.43859649123	3	7	0.0592369477912	0.143665158371
5111	train	data_pandit/aa/5111/data.5111	7	418	high-gap	0.158236500342	0.313397129187	0.208133971292	0.184210526316	77	6.01298701299	2	20	0.0592369477912	0.143665158371
5113	train	data_pandit/aa/5113/data.5113	4	658	high-gap	0.255699088146	0.512158054711	0.512158054711	0.314589665653	56	12.0178571429	3.5	30	0.0592369477912	0.143665158371
5115	train	data_pandit/aa/5115/data.5115	4	1167	mid-gap	0.0700514138817	0.160239931448	0.160239931448	0.0976863753213	43	7.60465116279	3	15	0.0592369477912	0.143665158371
5116	train	data_pandit/aa/5116/data.5116	13	344	high-gap	0.156305903399	0.473837209302	0.139534883721	0.122093023256	288	2.42708333333	2	4	0.0592369477912	0.143665158371
5117	train	data_pandit/aa/5117/data.5117	5	483	high-gap	0.201242236025	0.275362318841	0.246376811594	0.242236024845	36	13.5	3.5	18	0.0592369477912	0.143665158371
5120	train	data_pandit/aa/5120/data.5120	5	180	mid-gap	0.107777777778	0.177777777778	0.133333333333	0.133333333333	32	3.03125	2.5	4	0.0592369477912	0.143665158371
5121	train	data_pandit/aa/5121/data.5121	17	245	mid-gap	0.0811524609844	0.212244897959	0.122448979592	0.069387755102	125	2.704	2	5	0.0592369477912	0.143665158371
5122	train	data_pandit/aa/5122/data.5122	6	209	low-gap	0.0446570972887	0.1004784689	0.0765550239234	0.0622009569378	35	1.6	1	3	0.0592369477912	0.143665158371
5125	train	data_pandit/aa/5125/data.5125	5	176	high-gap	0.160227272727	0.335227272727	0.164772727273	0.153409090909	18	7.83333333333	8	12	0.0592369477912	0.143665158371
5127	train	data_pandit/aa/5127/data.5127	4	87	low-gap	0.0258620689655	0.0804597701149	0.0804597701149	0.0114942528736	5	1.8	1	1	0.0592369477912	0.143665158371
5128	train	data_pandit/aa/5128/data.5128	7	107	low-gap	0.018691588785	0.0747663551402	0.018691588785	0.00934579439252	11	1.27272727273	1	2	0.0592369477912	0.143665158371
5130	train	data_pandit/aa/5130/data.5130	4	120	low-gap	0.0395833333333	0.0583333333333	0.0583333333333	0.05	13	1.46153846154	1	2	0.0592369477912	0.143665158371
5134	train	data_pandit/aa/5134/data.5134	17	165	mid-gap	0.134046345811	0.242424242424	0.169696969697	0.139393939394	42	8.95238095238	3	28	0.0592369477912	0.143665158371
5136	train	data_pandit/aa/5136/data.5136	9	485	mid-gap	0.098510882016	0.19587628866	0.111340206186	0.105154639175	157	2.73885350318	2	7	0.0592369477912	0.143665158371
5137	train	data_pandit/aa/5137/data.5137	11	330	low-gap	0.0347107438017	0.0727272727273	0.0515151515152	0.030303030303	78	1.61538461538	1	3	0.0592369477912	0.143665158371
5142	train	data_pandit/aa/5142/data.5142	4	30	low-gap	0.05	0.0666666666667	0.0666666666667	0.0666666666667	3	2	2	2	0.0592369477912	0.143665158371
5144	train	data_pandit/aa/5144/data.5144	5	185	mid-gap	0.0789189189189	0.12972972973	0.124324324324	0.0864864864865	17	4.29411764706	3	8	0.0592369477912	0.143665158371
5148	train	data_pandit/aa/5148/data.5148	20	289	high-gap	0.223010380623	0.342560553633	0.307958477509	0.221453287197	141	9.14184397163	2	37	0.0592369477912	0.143665158371
5149	train	data_pandit/aa/5149/data.5149	9	496	high-gap	0.427867383513	0.637096774194	0.504032258065	0.475806451613	98	19.4897959184	11	47	0.0592369477912	0.143665158371
5150	train	data_pandit/aa/5150/data.5150	8	401	high-gap	0.213528678304	0.334164588529	0.27680798005	0.219451371571	25	27.4	2	84	0.0592369477912	0.143665158371
5151	train	data_pandit/aa/5151/data.5151	5	465	high-gap	0.156129032258	0.243010752688	0.212903225806	0.167741935484	16	22.6875	14.5	47	0.0592369477912	0.143665158371
5154	train	data_pandit/aa/5154/data.5154	4	521	high-gap	0.253358925144	0.489443378119	0.489443378119	0.299424184261	26	20.3076923077	9.5	58	0.0592369477912	0.143665158371
5155	train	data_pandit/aa/5155/data.5155	4	243	mid-gap	0.059670781893	0.115226337449	0.115226337449	0.0699588477366	27	2.14814814815	1	5	0.0592369477912	0.143665158371
5156	train	data_pandit/aa/5156/data.5156	6	143	mid-gap	0.100233100233	0.167832167832	0.13986013986	0.13986013986	22	3.90909090909	4	8	0.0592369477912	0.143665158371
5160	train	data_pandit/aa/5160/data.5160	6	312	low-gap	0.0448717948718	0.105769230769	0.0961538461538	0.0320512820513	28	3	2	5	0.0592369477912	0.143665158371
5162	train	data_pandit/aa/5162/data.5162	4	706	high-gap	0.162535410765	0.375354107649	0.375354107649	0.181303116147	13	35.3076923077	5	62	0.0592369477912	0.143665158371
5164	train	data_pandit/aa/5164/data.5164	4	280	low-gap	0.0580357142857	0.121428571429	0.121428571429	0.0964285714286	20	3.25	1	6	0.0592369477912	0.143665158371
5165	train	data_pandit/aa/5165/data.5165	4	264	mid-gap	0.107954545455	0.30303030303	0.30303030303	0.094696969697	32	3.5625	2	6	0.0592369477912	0.143665158371
5170	train	data_pandit/aa/5170/data.5170	5	610	mid-gap	0.103278688525	0.226229508197	0.127868852459	0.0934426229508	66	4.77272727273	3	7	0.0592369477912	0.143665158371
5171	train	data_pandit/aa/5171/data.5171	4	58	low-gap	0.0344827586207	0.0689655172414	0.0689655172414	0.0689655172414	4	2	2	3	0.0592369477912	0.143665158371
5172	train	data_pandit/aa/5172/data.5172	51	112	high-gap	0.264705882353	0.5	0.321428571429	0.267857142857	311	4.86173633441	5	10	0.0592369477912	0.143665158371
5173	train	data_pandit/aa/5173/data.5173	5	77	low-gap	0.00779220779221	0.025974025974	0.012987012987	0	2	1.5	1.5	1	0.0592369477912	0.143665158371
5175	train	data_pandit/aa/5175/data.5175	32	65	mid-gap	0.0817307692308	0.215384615385	0.0769230769231	0.0769230769231	104	1.63461538462	1	3	0.0592369477912	0.143665158371
5176	train	data_pandit/aa/5176/data.5176	37	79	low-gap	0.00205268559699	0.0253164556962	0	0	4	1.5	1.5	2	0.0592369477912	0.143665158371
5177	train	data_pandit/aa/5177/data.5177	5	176	low-gap	0.0465909090909	0.113636363636	0.0568181818182	0.0340909090909	20	2.05	2	3	0.0592369477912	0.143665158371
5179	train	data_pandit/aa/5179/data.5179	17	194	mid-gap	0.0736810187993	0.268041237113	0.0876288659794	0.0618556701031	106	2.29245283019	2	6	0.0592369477912	0.143665158371
5180	train	data_pandit/aa/5180/data.5180	22	96	high-gap	0.200284090909	0.395833333333	0.28125	0.208333333333	90	4.7	3	9	0.0592369477912	0.143665158371
5181	train	data_pandit/aa/5181/data.5181	35	54	low-gap	0.0354497354497	0.0925925925926	0.037037037037	0.037037037037	31	2.16129032258	2	4	0.0592369477912	0.143665158371
5182	train	data_pandit/aa/5182/data.5182	10	151	high-gap	0.207947019868	0.390728476821	0.278145695364	0.192052980132	50	6.28	1.5	23	0.0592369477912	0.143665158371
5183	train	data_pandit/aa/5183/data.5183	22	81	high-gap	0.189674523008	0.41975308642	0.197530864198	0.172839506173	102	3.3137254902	2	5	0.0592369477912	0.143665158371
5185	train	data_pandit/aa/5185/data.5185	10	446	mid-gap	0.0809417040359	0.226457399103	0.12331838565	0.0762331838565	89	4.05617977528	3	10	0.0592369477912	0.143665158371
5186	train	data_pandit/aa/5186/data.5186	7	114	low-gap	0.0563909774436	0.166666666667	0.0614035087719	0.0526315789474	19	2.36842105263	2	4	0.0592369477912	0.143665158371
5187	train	data_pandit/aa/5187/data.5187	4	561	high-gap	0.209001782531	0.360071301248	0.360071301248	0.260249554367	31	15.1290322581	6	40	0.0592369477912	0.143665158371
5188	train	data_pandit/aa/5188/data.5188	6	411	mid-gap	0.107461476075	0.21897810219	0.1800486618	0.119221411192	37	7.16216216216	2	16	0.0592369477912	0.143665158371
5189	train	data_pandit/aa/5189/data.5189	23	191	mid-gap	0.106988390621	0.287958115183	0.120418848168	0.104712041885	250	1.88	2	3	0.0592369477912	0.143665158371
5190	train	data_pandit/aa/5190/data.5190	4	724	low-gap	0.0193370165746	0.0552486187845	0.0552486187845	0.0110497237569	17	3.29411764706	2	4	0.0592369477912	0.143665158371
5191	train	data_pandit/aa/5191/data.5191	21	114	high-gap	0.231829573935	0.5	0.254385964912	0.219298245614	111	5	3	11	0.0592369477912	0.143665158371
5192	train	data_pandit/aa/5192/data.5192	4	152	mid-gap	0.0953947368421	0.164473684211	0.164473684211	0.118421052632	11	5.27272727273	5	9	0.0592369477912	0.143665158371
5194	train	data_pandit/aa/5194/data.5194	5	123	high-gap	0.360975609756	0.463414634146	0.455284552846	0.455284552846	4	55.5	56	56	0.0592369477912	0.143665158371
5195	train	data_pandit/aa/5195/data.5195	4	462	high-gap	0.145562770563	0.251082251082	0.251082251082	0.181818181818	72	3.73611111111	3	7	0.0592369477912	0.143665158371
5196	train	data_pandit/aa/5196/data.5196	4	97	low-gap	0.0309278350515	0.0824742268041	0.0824742268041	0.0412371134021	5	2.4	3	3	0.0592369477912	0.143665158371
5200	train	data_pandit/aa/5200/data.5200	5	142	low-gap	0.0183098591549	0.0352112676056	0.0281690140845	0.0281690140845	4	3.25	4	4	0.0592369477912	0.143665158371
5202	train	data_pandit/aa/5202/data.5202	7	831	mid-gap	0.0991920233797	0.216606498195	0.173285198556	0.086642599278	114	5.06140350877	2	10	0.0592369477912	0.143665158371
5204	train	data_pandit/aa/5204/data.5204	4	113	low-gap	0.0154867256637	0.0265486725664	0.0265486725664	0.0176991150442	4	1.75	2	2	0.0592369477912	0.143665158371
5205	train	data_pandit/aa/5205/data.5205	7	73	mid-gap	0.0802348336595	0.150684931507	0.123287671233	0.109589041096	14	2.92857142857	3	5	0.0592369477912	0.143665158371
5206	train	data_pandit/aa/5206/data.5206	8	135	low-gap	0.0259259259259	0.0296296296296	0.0296296296296	0.0296296296296	21	1.33333333333	1	2	0.0592369477912	0.143665158371
5207	train	data_pandit/aa/5207/data.5207	46	128	low-gap	0.0337975543478	0.203125	0.0390625	0.015625	129	1.54263565891	1	3	0.0592369477912	0.143665158371
5209	train	data_pandit/aa/5209/data.5209	8	201	mid-gap	0.122512437811	0.323383084577	0.208955223881	0.129353233831	37	5.32432432432	3	9	0.0592369477912	0.143665158371
5210	train	data_pandit/aa/5210/data.5210	4	186	low-gap	0.00268817204301	0.010752688172	0.010752688172	0	1	2	2	2	0.0592369477912	0.143665158371
5216	train	data_pandit/aa/5216/data.5216	24	53	low-gap	0.0369496855346	0.132075471698	0.0377358490566	0.0377358490566	23	2.04347826087	2	2	0.0592369477912	0.143665158371
5217	train	data_pandit/aa/5217/data.5217	5	176	high-gap	0.217045454545	0.340909090909	0.306818181818	0.272727272727	17	11.2352941176	14	15	0.0592369477912	0.143665158371
5222	train	data_pandit/aa/5222/data.5222	4	412	mid-gap	0.0788834951456	0.177184466019	0.177184466019	0.0970873786408	26	5	4	9	0.0592369477912	0.143665158371
5224	train	data_pandit/aa/5224/data.5224	5	427	mid-gap	0.110538641686	0.290398126464	0.19906323185	0.0374707259953	35	6.74285714286	2	12	0.0592369477912	0.143665158371
5226	train	data_pandit/aa/5226/data.5226	14	351	mid-gap	0.0765160765161	0.139601139601	0.0769230769231	0.0740740740741	110	3.41818181818	2	12	0.0592369477912	0.143665158371
5229	train	data_pandit/aa/5229/data.5229	5	706	mid-gap	0.071671388102	0.126062322946	0.0949008498584	0.0807365439093	67	3.77611940299	3	9	0.0592369477912	0.143665158371
5231	train	data_pandit/aa/5231/data.5231	7	382	low-gap	0.0482423335826	0.0890052356021	0.0680628272251	0.0471204188482	33	3.90909090909	3	9	0.0592369477912	0.143665158371
5232	train	data_pandit/aa/5232/data.5232	5	168	low-gap	0.00238095238095	0.0119047619048	0	0	1	2	2	2	0.0592369477912	0.143665158371
5238	train	data_pandit/aa/5238/data.5238	4	311	high-gap	0.150321543408	0.308681672026	0.308681672026	0.237942122186	24	7.79166666667	8	14	0.0592369477912	0.143665158371
5239	train	data_pandit/aa/5239/data.5239	6	793	mid-gap	0.10508617066	0.261034047919	0.180327868852	0.104665825977	92	5.4347826087	3	12	0.0592369477912	0.143665158371
5240	train	data_pandit/aa/5240/data.5240	6	251	high-gap	0.182602921647	0.589641434263	0.247011952191	0.167330677291	42	6.54761904762	2	12	0.0592369477912	0.143665158371
5241	train	data_pandit/aa/5241/data.5241	13	359	mid-gap	0.090207842297	0.194986072423	0.122562674095	0.08356545961	79	5.32911392405	3	15	0.0592369477912	0.143665158371
5246	train	data_pandit/aa/5246/data.5246	12	135	high-gap	0.155555555556	0.318518518519	0.214814814815	0.148148148148	87	2.89655172414	2	7	0.0592369477912	0.143665158371
5247	train	data_pandit/aa/5247/data.5247	10	175	mid-gap	0.0868571428571	0.142857142857	0.108571428571	0.102857142857	52	2.92307692308	2	7	0.0592369477912	0.143665158371
5249	train	data_pandit/aa/5249/data.5249	5	1085	low-gap	0.0420276497696	0.0783410138249	0.0589861751152	0.0442396313364	115	1.98260869565	2	4	0.0592369477912	0.143665158371
5251	train	data_pandit/aa/5251/data.5251	12	97	low-gap	0.0120274914089	0.0515463917526	0.020618556701	0.0103092783505	9	1.55555555556	1	3	0.0592369477912	0.143665158371
5255	train	data_pandit/aa/5255/data.5255	11	156	low-gap	0.0320512820513	0.0769230769231	0.0576923076923	0.025641025641	43	1.27906976744	1	2	0.0592369477912	0.143665158371
5259	train	data_pandit/aa/5259/data.5259	13	499	mid-gap	0.135655927239	0.276553106212	0.156312625251	0.13627254509	380	2.31578947368	2	5	0.0592369477912	0.143665158371
5260	train	data_pandit/aa/5260/data.5260	4	211	low-gap	0	0	0	0	0	0	0	0	0.0592369477912	0.143665158371
5261	train	data_pandit/aa/5261/data.5261	6	461	mid-gap	0.0795372378886	0.156182212581	0.0911062906725	0.0780911062907	72	3.05555555556	1	6	0.0592369477912	0.143665158371
5262	train	data_pandit/aa/5262/data.5262	6	224	low-gap	0.0238095238095	0.0401785714286	0.03125	0.0267857142857	12	2.66666666667	1	5	0.0592369477912	0.143665158371
5266	train	data_pandit/aa/5266/data.5266	6	73	low-gap	0.013698630137	0.0547945205479	0.013698630137	0.013698630137	5	1.2	1	1	0.0592369477912	0.143665158371
5271	train	data_pandit/aa/5271/data.5271	7	65	low-gap	0.0131868131868	0.0153846153846	0.0153846153846	0.0153846153846	6	1	1	1	0.0592369477912	0.143665158371
5273	train	data_pandit/aa/5273/data.5273	14	167	low-gap	0.043627031651	0.0718562874251	0.0538922155689	0.0419161676647	39	2.61538461538	3	4	0.0592369477912	0.143665158371
5274	train	data_pandit/aa/5274/data.5274	5	999	mid-gap	0.122322322322	0.268268268268	0.23023023023	0.0780780780781	104	5.875	2	7	0.0592369477912	0.143665158371
5277	train	data_pandit/aa/5277/data.5277	5	114	mid-gap	0.129824561404	0.429824561404	0.105263157895	0.0614035087719	20	3.7	2	6	0.0592369477912	0.143665158371
5283	train	data_pandit/aa/5283/data.5283	8	598	mid-gap	0.0831939799331	0.1872909699	0.122073578595	0.0869565217391	75	5.30666666667	4	12	0.0592369477912	0.143665158371
5286	train	data_pandit/aa/5286/data.5286	8	234	high-gap	0.160256410256	0.452991452991	0.269230769231	0.128205128205	48	6.25	3	16	0.0592369477912	0.143665158371
5288	train	data_pandit/aa/5288/data.5288	6	185	mid-gap	0.0702702702703	0.135135135135	0.12972972973	0.124324324324	16	4.875	2	19	0.0592369477912	0.143665158371
5290	train	data_pandit/aa/5290/data.5290	9	122	mid-gap	0.114754098361	0.139344262295	0.139344262295	0.139344262295	8	15.75	17	17	0.0592369477912	0.143665158371
5295	train	data_pandit/aa/5295/data.5295	4	210	low-gap	0.0357142857143	0.1	0.1	0.0333333333333	10	3	3	5	0.0592369477912	0.143665158371
5297	train	data_pandit/aa/5297/data.5297	4	141	mid-gap	0.0815602836879	0.163120567376	0.163120567376	0.0851063829787	12	3.83333333333	2	9	0.0592369477912	0.143665158371
5298	train	data_pandit/aa/5298/data.5298	11	160	high-gap	0.198863636364	0.4375	0.40625	0.1375	41	8.53658536585	6	15	0.0592369477912	0.143665158371
5300	train	data_pandit/aa/5300/data.5300	8	195	mid-gap	0.120512820513	0.2	0.164102564103	0.128205128205	36	5.22222222222	2	14	0.0592369477912	0.143665158371
5302	train	data_pandit/aa/5302/data.5302	4	746	low-gap	0.0502680965147	0.117962466488	0.117962466488	0.0482573726542	40	3.75	2	10	0.0592369477912	0.143665158371
5303	train	data_pandit/aa/5303/data.5303	10	339	mid-gap	0.126843657817	0.318584070796	0.174041297935	0.117994100295	83	5.18072289157	4	10	0.0592369477912	0.143665158371
5305	train	data_pandit/aa/5305/data.5305	7	533	high-gap	0.264540337711	0.437148217636	0.363977485929	0.266416510319	121	8.15702479339	4	13	0.0592369477912	0.143665158371
5306	train	data_pandit/aa/5306/data.5306	13	554	high-gap	0.296306581505	0.416967509025	0.339350180505	0.323104693141	222	9.61261261261	4	30	0.0592369477912	0.143665158371
5307	train	data_pandit/aa/5307/data.5307	7	89	high-gap	0.158908507223	0.370786516854	0.314606741573	0.112359550562	15	6.6	5	14	0.0592369477912	0.143665158371
5308	train	data_pandit/aa/5308/data.5308	4	204	high-gap	0.149509803922	0.210784313725	0.210784313725	0.196078431373	21	5.80952380952	4	20	0.0592369477912	0.143665158371
5311	train	data_pandit/aa/5311/data.5311	4	389	mid-gap	0.107969151671	0.251928020566	0.251928020566	0.0925449871465	23	7.30434782609	3	28	0.0592369477912	0.143665158371
5313	train	data_pandit/aa/5313/data.5313	7	446	mid-gap	0.127162075593	0.239910313901	0.19730941704	0.127802690583	93	4.2688172043	4	8	0.0592369477912	0.143665158371
5314	train	data_pandit/aa/5314/data.5314	5	418	mid-gap	0.077990430622	0.181818181818	0.0980861244019	0.066985645933	33	4.93939393939	1	11	0.0592369477912	0.143665158371
5315	train	data_pandit/aa/5315/data.5315	10	118	low-gap	0.0576271186441	0.127118644068	0.0677966101695	0.0677966101695	16	4.25	5	6	0.0592369477912	0.143665158371
5316	train	data_pandit/aa/5316/data.5316	10	447	mid-gap	0.136017897092	0.241610738255	0.190156599553	0.136465324385	110	5.52727272727	4.5	10	0.0592369477912	0.143665158371
5317	train	data_pandit/aa/5317/data.5317	14	330	high-gap	0.241558441558	0.39696969697	0.351515151515	0.278787878788	112	9.96428571429	5.5	29	0.0592369477912	0.143665158371
5318	train	data_pandit/aa/5318/data.5318	23	163	mid-gap	0.137369965324	0.300613496933	0.226993865031	0.153374233129	92	5.59782608696	4	13	0.0592369477912	0.143665158371
5319	train	data_pandit/aa/5319/data.5319	5	72	mid-gap	0.0916666666667	0.152777777778	0.152777777778	0.152777777778	6	5.5	5.5	8	0.0592369477912	0.143665158371
5321	train	data_pandit/aa/5321/data.5321	35	96	high-gap	0.267857142857	0.510416666667	0.3125	0.291666666667	160	5.625	4	12	0.0592369477912	0.143665158371
5322	train	data_pandit/aa/5322/data.5322	4	1020	high-gap	0.242892156863	0.425490196078	0.425490196078	0.352941176471	35	28.3142857143	7	74	0.0592369477912	0.143665158371
5325	train	data_pandit/aa/5325/data.5325	6	688	high-gap	0.191375968992	0.335755813953	0.300872093023	0.286337209302	71	11.1267605634	5	27	0.0592369477912	0.143665158371
5326	train	data_pandit/aa/5326/data.5326	4	110	low-gap	0	0	0	0	0	0	0	0	0.0592369477912	0.143665158371
5328	train	data_pandit/aa/5328/data.5328	13	268	high-gap	0.144087256028	0.294776119403	0.190298507463	0.175373134328	74	6.78378378378	3	18	0.0592369477912	0.143665158371
5331	train	data_pandit/aa/5331/data.5331	9	310	low-gap	0.0516129032258	0.196774193548	0.0516129032258	0.0258064516129	53	2.71698113208	2	5	0.0592369477912	0.143665158371
5333	train	data_pandit/aa/5333/data.5333	10	312	mid-gap	0.0592948717949	0.272435897436	0.0384615384615	0.0384615384615	46	4.02173913043	2	8	0.0592369477912	0.143665158371
5335	train	data_pandit/aa/5335/data.5335	30	210	high-gap	0.415555555556	0.680952380952	0.519047619048	0.466666666667	175	14.96	9	37	0.0592369477912	0.143665158371
5340	train	data_pandit/aa/5340/data.5340	14	328	mid-gap	0.0851480836237	0.207317073171	0.118902439024	0.0823170731707	85	4.6	4	10	0.0592369477912	0.143665158371
5343	train	data_pandit/aa/5343/data.5343	7	1074	high-gap	0.150837988827	0.3947858473	0.196461824953	0.135940409683	114	9.94736842105	5	22	0.0592369477912	0.143665158371
5345	train	data_pandit/aa/5345/data.5345	4	56	mid-gap	0.107142857143	0.214285714286	0.214285714286	0.214285714286	4	6	6	9	0.0592369477912	0.143665158371
5346	train	data_pandit/aa/5346/data.5346	4	655	mid-gap	0.119465648855	0.32213740458	0.32213740458	0.106870229008	38	8.23684210526	4	16	0.0592369477912	0.143665158371
5347	train	data_pandit/aa/5347/data.5347	8	104	low-gap	0.0192307692308	0.0961538461538	0.00961538461538	0.00961538461538	8	2	1	1	0.0592369477912	0.143665158371
5348	train	data_pandit/aa/5348/data.5348	40	109	high-gap	0.144266055046	0.321100917431	0.201834862385	0.174311926606	144	4.36805555556	2	11	0.0592369477912	0.143665158371
5352	train	data_pandit/aa/5352/data.5352	7	172	low-gap	0.00581395348837	0.0116279069767	0.00581395348837	0.00581395348837	7	1	1	1	0.0592369477912	0.143665158371
5353	train	data_pandit/aa/5353/data.5353	7	241	low-gap	0.0450503852993	0.240663900415	0.0165975103734	0.0165975103734	12	6.33333333333	2	2	0.0592369477912	0.143665158371
5357	train	data_pandit/aa/5357/data.5357	7	684	high-gap	0.233082706767	0.415204678363	0.326023391813	0.232456140351	142	7.85915492958	3	20	0.0592369477912	0.143665158371
5359	train	data_pandit/aa/5359/data.5359	26	318	mid-gap	0.137155297533	0.261006289308	0.154088050314	0.147798742138	454	2.49779735683	1	7	0.0592369477912	0.143665158371
5360	train	data_pandit/aa/5360/data.5360	8	1453	high-gap	0.202167928424	0.39366827254	0.306951135582	0.217481073641	193	12.1761658031	5	21	0.0592369477912	0.143665158371
5361	train	data_pandit/aa/5361/data.5361	14	222	mid-gap	0.0633848133848	0.121621621622	0.0945945945946	0.0585585585586	67	2.94029850746	2	6	0.0592369477912	0.143665158371
5362	train	data_pandit/aa/5362/data.5362	6	400	low-gap	0.055	0.105	0.1	0.065	40	3.3	3	5	0.0592369477912	0.143665158371
5363	train	data_pandit/aa/5363/data.5363	181	183	high-gap	0.393201098934	0.655737704918	0.431693989071	0.393442622951	1968	6.61788617886	7	12	0.0592369477912	0.143665158371
5364	train	data_pandit/aa/5364/data.5364	5	439	mid-gap	0.0697038724374	0.107061503417	0.0865603644647	0.0842824601367	20	7.65	3.5	27	0.0592369477912	0.143665158371
5365	train	data_pandit/aa/5365/data.5365	9	168	mid-gap	0.10582010582	0.244047619048	0.14880952381	0.077380952381	45	3.55555555556	3	8	0.0592369477912	0.143665158371
5366	train	data_pandit/aa/5366/data.5366	5	47	low-gap	0.00425531914894	0.0212765957447	0	0	1	1	1	1	0.0592369477912	0.143665158371
5369	train	data_pandit/aa/5369/data.5369	11	889	mid-gap	0.137846405563	0.230596175478	0.206974128234	0.161979752531	218	6.18348623853	2	13	0.0592369477912	0.143665158371
5372	train	data_pandit/aa/5372/data.5372	8	487	low-gap	0.0487679671458	0.129363449692	0.0965092402464	0.0390143737166	68	2.79411764706	2	6	0.0592369477912	0.143665158371
5379	train	data_pandit/aa/5379/data.5379	17	576	high-gap	0.339358660131	0.875	0.564236111111	0.182291666667	157	21.1656050955	6	64	0.0592369477912	0.143665158371
5383	train	data_pandit/aa/5383/data.5383	11	296	mid-gap	0.131142506143	0.246621621622	0.182432432432	0.135135135135	106	4.02830188679	4	6	0.0592369477912	0.143665158371
5385	train	data_pandit/aa/5385/data.5385	19	322	high-gap	0.395063746322	0.583850931677	0.490683229814	0.419254658385	396	6.10353535354	2	9	0.0592369477912	0.143665158371
5386	train	data_pandit/aa/5386/data.5386	7	179	low-gap	0.0550678371907	0.167597765363	0.100558659218	0.0279329608939	16	4.3125	2	9	0.0592369477912	0.143665158371
5389	train	data_pandit/aa/5389/data.5389	8	276	mid-gap	0.0788043478261	0.115942028986	0.0978260869565	0.0978260869565	40	4.35	1	20	0.0592369477912	0.143665158371
5390	train	data_pandit/aa/5390/data.5390	10	613	high-gap	0.463132137031	0.724306688418	0.624796084829	0.582381729201	138	20.5724637681	6	68	0.0592369477912	0.143665158371
5391	train	data_pandit/aa/5391/data.5391	27	61	high-gap	0.22525804493	0.524590163934	0.295081967213	0.213114754098	98	3.78571428571	4	7	0.0592369477912	0.143665158371
5392	train	data_pandit/aa/5392/data.5392	6	215	low-gap	0.0457364341085	0.139534883721	0.046511627907	0.0372093023256	25	2.36	1	3	0.0592369477912	0.143665158371
5393	train	data_pandit/aa/5393/data.5393	12	62	low-gap	0.0120967741935	0.0161290322581	0.0161290322581	0.0161290322581	9	1	1	1	0.0592369477912	0.143665158371
5394	train	data_pandit/aa/5394/data.5394	5	988	mid-gap	0.141497975709	0.297570850202	0.261133603239	0.12955465587	125	5.592	2	10	0.0592369477912	0.143665158371
5396	train	data_pandit/aa/5396/data.5396	6	389	low-gap	0.0171379605827	0.0411311053985	0.0282776349614	0.012853470437	29	1.37931034483	1	2	0.0592369477912	0.143665158371
5397	train	data_pandit/aa/5397/data.5397	5	305	high-gap	0.154098360656	0.203278688525	0.190163934426	0.190163934426	26	9.03846153846	3	27	0.0592369477912	0.143665158371
5399	train	data_pandit/aa/5399/data.5399	39	315	high-gap	0.305494505495	0.685714285714	0.403174603175	0.32380952381	468	8.01923076923	4	25	0.0592369477912	0.143665158371
5401	train	data_pandit/aa/5401/data.5401	12	236	mid-gap	0.120056497175	0.322033898305	0.186440677966	0.0889830508475	128	2.65625	2	4	0.0592369477912	0.143665158371
5402	train	data_pandit/aa/5402/data.5402	35	79	high-gap	0.438336347197	0.632911392405	0.443037974684	0.443037974684	210	5.77142857143	1	29	0.0592369477912	0.143665158371
5403	train	data_pandit/aa/5403/data.5403	40	139	high-gap	0.244064748201	0.374100719424	0.280575539568	0.26618705036	345	3.93333333333	3	11	0.0592369477912	0.143665158371
5404	train	data_pandit/aa/5404/data.5404	9	141	mid-gap	0.0882584712372	0.241134751773	0.0992907801418	0.0851063829787	38	2.94736842105	2	6	0.0592369477912	0.143665158371
5405	train	data_pandit/aa/5405/data.5405	11	209	mid-gap	0.124836885602	0.267942583732	0.157894736842	0.105263157895	65	4.41538461538	2	13	0.0592369477912	0.143665158371
5407	train	data_pandit/aa/5407/data.5407	8	81	high-gap	0.175925925926	0.259259259259	0.197530864198	0.197530864198	49	2.32653061224	2	4	0.0592369477912	0.143665158371
5408	train	data_pandit/aa/5408/data.5408	9	564	high-gap	0.310874704492	0.5	0.450354609929	0.370567375887	126	12.5238095238	4	33	0.0592369477912	0.143665158371
5409	train	data_pandit/aa/5409/data.5409	4	199	high-gap	0.154522613065	0.236180904523	0.236180904523	0.21608040201	8	15.375	1	41	0.0592369477912	0.143665158371
5410	train	data_pandit/aa/5410/data.5410	4	326	low-gap	0.0391104294479	0.079754601227	0.079754601227	0.0460122699387	24	2.125	2	3	0.0592369477912	0.143665158371
5411	train	data_pandit/aa/5411/data.5411	12	253	low-gap	0.0513833992095	0.0948616600791	0.0632411067194	0.0553359683794	68	2.29411764706	1	7	0.0592369477912	0.143665158371
5413	train	data_pandit/aa/5413/data.5413	4	191	low-gap	0.032722513089	0.0628272251309	0.0628272251309	0.0366492146597	13	1.92307692308	1	4	0.0592369477912	0.143665158371
5414	train	data_pandit/aa/5414/data.5414	15	159	high-gap	0.150104821803	0.289308176101	0.194968553459	0.176100628931	79	4.53164556962	4	9	0.0592369477912	0.143665158371
5418	train	data_pandit/aa/5418/data.5418	13	337	high-gap	0.223236703949	0.53115727003	0.261127596439	0.216617210682	260	3.76153846154	2.5	9	0.0592369477912	0.143665158371
5419	train	data_pandit/aa/5419/data.5419	6	443	high-gap	0.177577125658	0.395033860045	0.329571106095	0.162528216704	54	8.74074074074	4	24	0.0592369477912	0.143665158371
5421	train	data_pandit/aa/5421/data.5421	5	161	mid-gap	0.139130434783	0.354037267081	0.242236024845	0.0496894409938	14	8	7	13	0.0592369477912	0.143665158371
5425	train	data_pandit/aa/5425/data.5425	4	300	low-gap	0	0	0	0	0	0	0	0	0.0592369477912	0.143665158371
5426	train	data_pandit/aa/5426/data.5426	11	160	low-gap	0.0352272727273	0.08125	0.0375	0.0375	33	1.87878787879	2	3	0.0592369477912	0.143665158371
5427	train	data_pandit/aa/5427/data.5427	7	173	low-gap	0.047068538398	0.127167630058	0.0520231213873	0.0346820809249	25	2.28	1	4	0.0592369477912	0.143665158371
5428	train	data_pandit/aa/5428/data.5428	6	184	low-gap	0.0298913043478	0.0597826086957	0.054347826087	0.0326086956522	23	1.4347826087	1	2	0.0592369477912	0.143665158371
5429	train	data_pandit/aa/5429/data.5429	21	72	low-gap	0.0568783068783	0.444444444444	0.0416666666667	0.0277777777778	51	1.6862745098	1	3	0.0592369477912	0.143665158371
5430	train	data_pandit/aa/5430/data.5430	6	222	low-gap	0.0503003003003	0.189189189189	0.0675675675676	0.045045045045	7	9.57142857143	11	11	0.0592369477912	0.143665158371
5431	train	data_pandit/aa/5431/data.5431	4	650	high-gap	0.456923076923	0.783076923077	0.783076923077	0.54	25	47.52	3	119	0.0592369477912	0.143665158371
5432	train	data_pandit/aa/5432/data.5432	10	231	mid-gap	0.129437229437	0.294372294372	0.164502164502	0.134199134199	101	2.9603960396	1	6	0.0592369477912	0.143665158371
5436	train	data_pandit/aa/5436/data.5436	10	466	high-gap	0.194206008584	0.427038626609	0.24678111588	0.218884120172	192	4.71354166667	2	11	0.0592369477912	0.143665158371
5437	train	data_pandit/aa/5437/data.5437	17	309	mid-gap	0.12887873596	0.423948220065	0.184466019417	0.0873786407767	197	3.43654822335	2	9	0.0592369477912	0.143665158371
5438	train	data_pandit/aa/5438/data.5438	21	167	mid-gap	0.11747932706	0.275449101796	0.161676646707	0.0958083832335	112	3.67857142857	3	7	0.0592369477912	0.143665158371
5441	train	data_pandit/aa/5441/data.5441	4	225	mid-gap	0.0966666666667	0.182222222222	0.182222222222	0.111111111111	22	3.95454545455	2	7	0.0592369477912	0.143665158371
5442	train	data_pandit/aa/5442/data.5442	5	95	low-gap	0.0336842105263	0.115789473684	0.0421052631579	0.0105263157895	9	1.77777777778	1	4	0.0592369477912	0.143665158371
5444	train	data_pandit/aa/5444/data.5444	6	240	high-gap	0.205555555556	0.320833333333	0.258333333333	0.229166666667	22	13.4545454545	4	44	0.0592369477912	0.143665158371
5445	train	data_pandit/aa/5445/data.5445	6	364	mid-gap	0.14010989011	0.211538461538	0.164835164835	0.162087912088	48	6.375	2	23	0.0592369477912	0.143665158371
5448	train	data_pandit/aa/5448/data.5448	59	222	high-gap	0.47465261872	0.68018018018	0.558558558559	0.504504504505	433	14.3579676674	6	36	0.0592369477912	0.143665158371
5449	train	data_pandit/aa/5449/data.5449	6	195	high-gap	0.162393162393	0.282051282051	0.220512820513	0.174358974359	21	9.04761904762	3	26	0.0592369477912	0.143665158371
5450	train	data_pandit/aa/5450/data.5450	8	150	mid-gap	0.0625	0.153333333333	0.0666666666667	0.0666666666667	30	2.5	1	5	0.0592369477912	0.143665158371
5454	train	data_pandit/aa/5454/data.5454	11	149	low-gap	0.0335570469799	0.0671140939597	0.0604026845638	0.0201342281879	34	1.61764705882	1.5	2	0.0592369477912	0.143665158371
5458	train	data_pandit/aa/5458/data.5458	4	527	mid-gap	0.0972485768501	0.231499051233	0.231499051233	0.100569259962	42	4.88095238095	2	12	0.0592369477912	0.143665158371
5459	train	data_pandit/aa/5459/data.5459	18	409	high-gap	0.157837544146	0.325183374083	0.178484107579	0.158924205379	279	4.16487455197	1	11	0.0592369477912	0.143665158371
5462	train	data_pandit/aa/5462/data.5462	16	890	high-gap	0.385393258427	0.695505617978	0.547191011236	0.369662921348	501	10.9540918164	5	27	0.0592369477912	0.143665158371
5463	train	data_pandit/aa/5463/data.5463	4	1355	low-gap	0.0369003690037	0.0656826568266	0.0656826568266	0.0428044280443	57	3.50877192982	2	10	0.0592369477912	0.143665158371
5468	train	data_pandit/aa/5468/data.5468	6	579	mid-gap	0.106793321819	0.246977547496	0.134715025907	0.101899827288	115	3.22608695652	2	5	0.0592369477912	0.143665158371
5469	train	data_pandit/aa/5469/data.5469	11	683	high-gap	0.332756555304	0.493411420205	0.405563689605	0.360175695461	225	11.1111111111	4	39	0.0592369477912	0.143665158371
5470	train	data_pandit/aa/5470/data.5470	11	490	high-gap	0.290723562152	0.610204081633	0.422448979592	0.255102040816	147	10.6598639456	3	24	0.0592369477912	0.143665158371
5472	train	data_pandit/aa/5472/data.5472	6	374	mid-gap	0.122103386809	0.385026737968	0.152406417112	0.096256684492	54	5.07407407407	1.5	12	0.0592369477912	0.143665158371
5475	train	data_pandit/aa/5475/data.5475	5	105	low-gap	0.0209523809524	0.047619047619	0.0285714285714	0.0285714285714	5	2.2	3	3	0.0592369477912	0.143665158371
5478	train	data_pandit/aa/5478/data.5478	6	87	low-gap	0	0	0	0	0	0	0	0	0.0592369477912	0.143665158371
5479	train	data_pandit/aa/5479/data.5479	4	869	high-gap	0.155350978136	0.256616800921	0.256616800921	0.188722669735	49	11.0204081633	3	27	0.0592369477912	0.143665158371
5480	train	data_pandit/aa/5480/data.5480	9	233	mid-gap	0.13924654268	0.244635193133	0.171673819742	0.163090128755	47	6.21276595745	6	17	0.0592369477912	0.143665158371
5481	train	data_pandit/aa/5481/data.5481	6	282	high-gap	0.209810874704	0.336879432624	0.244680851064	0.237588652482	32	11.09375	1	60	0.0592369477912	0.143665158371
5483	train	data_pandit/aa/5483/data.5483	4	179	mid-gap	0.0656424581006	0.145251396648	0.145251396648	0.0782122905028	8	5.875	7	9	0.0592369477912	0.143665158371
5484	train	data_pandit/aa/5484/data.5484	4	185	low-gap	0.0175675675676	0.0378378378378	0.0378378378378	0.0162162162162	4	3.25	3	3	0.0592369477912	0.143665158371
5486	train	data_pandit/aa/5486/data.5486	6	139	low-gap	0.0563549160671	0.194244604317	0.0791366906475	0.0431654676259	13	3.61538461538	3	4	0.0592369477912	0.143665158371
5487	train	data_pandit/aa/5487/data.5487	12	138	mid-gap	0.117149758454	0.239130434783	0.224637681159	0.13768115942	20	9.7	10	14	0.0592369477912	0.143665158371
5490	train	data_pandit/aa/5490/data.5490	11	414	mid-gap	0.111769872639	0.217391304348	0.161835748792	0.113526570048	113	4.50442477876	3	10	0.0592369477912	0.143665158371
5491	train	data_pandit/aa/5491/data.5491	14	350	low-gap	0.0514285714286	0.162857142857	0.0514285714286	0.0428571428571	80	3.15	3	5	0.0592369477912	0.143665158371
5492	train	data_pandit/aa/5492/data.5492	4	712	mid-gap	0.0832162921348	0.199438202247	0.199438202247	0.11095505618	73	3.24657534247	2	6	0.0592369477912	0.143665158371
5494	train	data_pandit/aa/5494/data.5494	5	725	high-gap	0.222344827586	0.503448275862	0.405517241379	0.139310344828	44	18.3181818182	2.5	49	0.0592369477912	0.143665158371
5495	train	data_pandit/aa/5495/data.5495	11	195	low-gap	0.0391608391608	0.0769230769231	0.0666666666667	0.0358974358974	29	2.89655172414	2	5	0.0592369477912	0.143665158371
5497	train	data_pandit/aa/5497/data.5497	4	253	low-gap	0.0207509881423	0.0316205533597	0.0316205533597	0.0276679841897	18	1.16666666667	1	2	0.0592369477912	0.143665158371
5498	train	data_pandit/aa/5498/data.5498	9	156	low-gap	0.0178062678063	0.0576923076923	0.0128205128205	0.0128205128205	22	1.13636363636	1	1	0.0592369477912	0.143665158371
5501	train	data_pandit/aa/5501/data.5501	9	103	low-gap	0.0269687162891	0.0679611650485	0.0291262135922	0.0291262135922	25	1	1	1	0.0592369477912	0.143665158371
5502	train	data_pandit/aa/5502/data.5502	5	480	mid-gap	0.104583333333	0.302083333333	0.0958333333333	0.06875	57	4.40350877193	2	12	0.0592369477912	0.143665158371
5507	train	data_pandit/aa/5507/data.5507	21	515	high-gap	0.155709662506	0.479611650485	0.178640776699	0.133980582524	258	6.52713178295	2	19	0.0592369477912	0.143665158371
5508	train	data_pandit/aa/5508/data.5508	20	442	mid-gap	0.129751131222	0.230769230769	0.199095022624	0.153846153846	345	3.32463768116	3	6	0.0592369477912	0.143665158371
5509	train	data_pandit/aa/5509/data.5509	4	144	mid-gap	0.078125	0.229166666667	0.229166666667	0.0555555555556	20	2.25	1	4	0.0592369477912	0.143665158371
5510	train	data_pandit/aa/5510/data.5510	7	157	mid-gap	0.104640582348	0.191082802548	0.184713375796	0.127388535032	23	5	6	11	0.0592369477912	0.143665158371
5514	train	data_pandit/aa/5514/data.5514	8	482	mid-gap	0.123443983402	0.209543568465	0.161825726141	0.132780082988	93	5.11827956989	3	12	0.0592369477912	0.143665158371
5517	train	data_pandit/aa/5517/data.5517	6	326	mid-gap	0.14263803681	0.282208588957	0.199386503067	0.165644171779	52	5.36538461538	2	17	0.0592369477912	0.143665158371
5519	train	data_pandit/aa/5519/data.5519	11	220	mid-gap	0.117355371901	0.213636363636	0.122727272727	0.118181818182	44	6.45454545455	3	15	0.0592369477912	0.143665158371
5520	train	data_pandit/aa/5520/data.5520	6	99	mid-gap	0.0791245791246	0.111111111111	0.0909090909091	0.0909090909091	21	2.2380952381	2	4	0.0592369477912	0.143665158371
5521	train	data_pandit/aa/5521/data.5521	9	410	mid-gap	0.126558265583	0.221951219512	0.165853658537	0.139024390244	114	4.09649122807	2	14	0.0592369477912	0.143665158371
5522	train	data_pandit/aa/5522/data.5522	11	156	low-gap	0.0384615384615	0.102564102564	0.0576923076923	0.025641025641	37	1.78378378378	1	2	0.0592369477912	0.143665158371
5524	train	data_pandit/aa/5524/data.5524	4	252	low-gap	0.0128968253968	0.0436507936508	0.0436507936508	0.00793650793651	9	1.44444444444	1	2	0.0592369477912	0.143665158371
5525	train	data_pandit/aa/5525/data.5525	10	153	low-gap	0.0398692810458	0.0849673202614	0.0522875816993	0.0392156862745	29	2.10344827586	1	4	0.0592369477912	0.143665158371
5526	train	data_pandit/aa/5526/data.5526	12	328	mid-gap	0.115599593496	0.216463414634	0.167682926829	0.149390243902	116	3.9224137931	1	19	0.0592369477912	0.143665158371
5527	train	data_pandit/aa/5527/data.5527	5	98	low-gap	0.0591836734694	0.122448979592	0.112244897959	0.0510204081633	8	3.625	4	7	0.0592369477912	0.143665158371
5529	train	data_pandit/aa/5529/data.5529	6	169	low-gap	0.00493096646943	0.00591715976331	0.00591715976331	0.00591715976331	5	1	1	1	0.0592369477912	0.143665158371
5530	train	data_pandit/aa/5530/data.5530	6	146	high-gap	0.151826484018	0.390410958904	0.164383561644	0.13698630137	47	2.82978723404	2	4	0.0592369477912	0.143665158371
5531	train	data_pandit/aa/5531/data.5531	4	151	low-gap	0.0496688741722	0.105960264901	0.105960264901	0.0728476821192	11	2.72727272727	1	8	0.0592369477912	0.143665158371
5532	train	data_pandit/aa/5532/data.5532	65	161	high-gap	0.215097945533	0.434782608696	0.285714285714	0.248447204969	525	4.28761904762	2	7	0.0592369477912	0.143665158371
5533	train	data_pandit/aa/5533/data.5533	9	396	mid-gap	0.091189674523	0.116161616162	0.106060606061	0.103535353535	49	6.63265306122	1	28	0.0592369477912	0.143665158371
5541	train	data_pandit/aa/5541/data.5541	5	209	high-gap	0.167464114833	0.349282296651	0.186602870813	0.172248803828	29	6.03448275862	4	14	0.0592369477912	0.143665158371
5542	train	data_pandit/aa/5542/data.5542	4	161	low-gap	0.00310559006211	0.0124223602484	0.0124223602484	0	2	1	1	1	0.0592369477912	0.143665158371
5543	train	data_pandit/aa/5543/data.5543	8	218	high-gap	0.18119266055	0.256880733945	0.220183486239	0.206422018349	42	7.52380952381	3	19	0.0592369477912	0.143665158371
5544	train	data_pandit/aa/5544/data.5544	11	542	mid-gap	0.0716202616572	0.145756457565	0.0922509225092	0.0682656826568	96	4.44791666667	1	15	0.0592369477912	0.143665158371
5545	train	data_pandit/aa/5545/data.5545	5	180	mid-gap	0.0866666666667	0.116666666667	0.111111111111	0.105555555556	19	4.10526315789	2	8	0.0592369477912	0.143665158371
5548	train	data_pandit/aa/5548/data.5548	11	670	mid-gap	0.131886024423	0.231343283582	0.205970149254	0.144776119403	256	3.796875	2	12	0.0592369477912	0.143665158371
5551	train	data_pandit/aa/5551/data.5551	8	816	mid-gap	0.0922181372549	0.209558823529	0.145833333333	0.101715686275	104	5.78846153846	4	13	0.0592369477912	0.143665158371
5553	train	data_pandit/aa/5553/data.5553	5	423	low-gap	0.0468085106383	0.080378250591	0.0567375886525	0.0543735224586	40	2.475	1	7	0.0592369477912	0.143665158371
5554	train	data_pandit/aa/5554/data.5554	5	105	mid-gap	0.0933333333333	0.152380952381	0.142857142857	0.104761904762	17	2.88235294118	3	6	0.0592369477912	0.143665158371
5555	train	data_pandit/aa/5555/data.5555	11	160	high-gap	0.158522727273	0.275	0.23125	0.15625	86	3.24418604651	2	8	0.0592369477912	0.143665158371
5560	train	data_pandit/aa/5560/data.5560	7	345	high-gap	0.144513457557	0.339130434783	0.28115942029	0.130434782609	44	7.93181818182	2.5	22	0.0592369477912	0.143665158371
5561	train	data_pandit/aa/5561/data.5561	9	252	mid-gap	0.126102292769	0.238095238095	0.150793650794	0.123015873016	62	4.61290322581	4	11	0.0592369477912	0.143665158371
5563	train	data_pandit/aa/5563/data.5563	4	481	low-gap	0.00519750519751	0.00831600831601	0.00831600831601	0.00623700623701	6	1.66666666667	2	2	0.0592369477912	0.143665158371
5567	train	data_pandit/aa/5567/data.5567	17	393	high-gap	0.14668462805	0.318066157761	0.178117048346	0.142493638677	270	3.62962962963	2	9	0.0592369477912	0.143665158371
5569	train	data_pandit/aa/5569/data.5569	8	222	low-gap	0.00563063063063	0.018018018018	0.0045045045045	0.0045045045045	9	1.11111111111	1	1	0.0592369477912	0.143665158371
5570	train	data_pandit/aa/5570/data.5570	10	38	low-gap	0.0447368421053	0.342105263158	0.0263157894737	0	9	1.88888888889	1	2	0.0592369477912	0.143665158371
5571	train	data_pandit/aa/5571/data.5571	6	116	high-gap	0.149425287356	0.344827586207	0.327586206897	0.189655172414	12	8.66666666667	1	21	0.0592369477912	0.143665158371
5572	train	data_pandit/aa/5572/data.5572	15	156	high-gap	0.188034188034	0.480769230769	0.205128205128	0.205128205128	107	4.11214953271	3	13	0.0592369477912	0.143665158371
5573	train	data_pandit/aa/5573/data.5573	6	960	high-gap	0.253472222222	0.640625	0.469791666667	0.216666666667	126	11.5873015873	4	30	0.0592369477912	0.143665158371
5574	train	data_pandit/aa/5574/data.5574	4	336	high-gap	0.246279761905	0.508928571429	0.508928571429	0.315476190476	40	8.275	3	18	0.0592369477912	0.143665158371
5577	train	data_pandit/aa/5577/data.5577	7	210	mid-gap	0.0761904761905	0.171428571429	0.0952380952381	0.0761904761905	73	1.53424657534	1	3	0.0592369477912	0.143665158371
5578	train	data_pandit/aa/5578/data.5578	6	286	mid-gap	0.0909090909091	0.241258741259	0.132867132867	0.0874125874126	33	4.72727272727	3	6	0.0592369477912	0.143665158371
5580	train	data_pandit/aa/5580/data.5580	9	931	high-gap	0.261845088913	0.635875402793	0.451127819549	0.1858216971	226	9.70796460177	3	22	0.0592369477912	0.143665158371
5581	train	data_pandit/aa/5581/data.5581	6	183	high-gap	0.265027322404	0.420765027322	0.382513661202	0.377049180328	20	14.55	1	66	0.0592369477912	0.143665158371
5583	train	data_pandit/aa/5583/data.5583	4	382	low-gap	0.00719895287958	0.0130890052356	0.0130890052356	0.00785340314136	8	1.375	1	2	0.0592369477912	0.143665158371
5584	train	data_pandit/aa/5584/data.5584	4	148	high-gap	0.16722972973	0.310810810811	0.310810810811	0.182432432432	8	12.375	2.5	26	0.0592369477912	0.143665158371
5585	train	data_pandit/aa/5585/data.5585	5	336	high-gap	0.316071428571	0.494047619048	0.416666666667	0.348214285714	34	15.6176470588	7	34	0.0592369477912	0.143665158371
5587	train	data_pandit/aa/5587/data.5587	6	750	high-gap	0.154888888889	0.301333333333	0.22	0.173333333333	136	5.125	2	10	0.0592369477912	0.143665158371
5591	train	data_pandit/aa/5591/data.5591	6	22	low-gap	0.0454545454545	0.0909090909091	0.0909090909091	0.0454545454545	4	1.5	1.5	2	0.0592369477912	0.143665158371
5593	train	data_pandit/aa/5593/data.5593	9	141	low-gap	0.00788022064618	0.0212765957447	0.00709219858156	0.00709219858156	9	1.11111111111	1	1	0.0592369477912	0.143665158371
5596	train	data_pandit/aa/5596/data.5596	5	291	mid-gap	0.0611683848797	0.147766323024	0.0790378006873	0.0515463917526	37	2.40540540541	2	5	0.0592369477912	0.143665158371
5597	train	data_pandit/aa/5597/data.5597	24	58	mid-gap	0.112787356322	0.172413793103	0.120689655172	0.120689655172	48	3.27083333333	1	6	0.0592369477912	0.143665158371
5598	train	data_pandit/aa/5598/data.5598	19	45	low-gap	0	0	0	0	0	0	0	0	0.0592369477912	0.143665158371
5599	train	data_pandit/aa/5599/data.5599	36	133	mid-gap	0.102339181287	0.338345864662	0.12030075188	0.0827067669173	250	1.96	1	3	0.0592369477912	0.143665158371
5600	train	data_pandit/aa/5600/data.5600	18	48	low-gap	0.00115740740741	0.0208333333333	0	0	1	1	1	1	0.0592369477912	0.143665158371
5602	train	data_pandit/aa/5602/data.5602	8	649	mid-gap	0.125	0.300462249615	0.237288135593	0.118644067797	153	4.24183006536	2	10	0.0592369477912	0.143665158371
5605	train	data_pandit/aa/5605/data.5605	24	131	high-gap	0.16762086514	0.381679389313	0.206106870229	0.160305343511	158	3.33544303797	3	7	0.0592369477912	0.143665158371
5606	train	data_pandit/aa/5606/data.5606	16	115	low-gap	0.05	0.15652173913	0.0521739130435	0.0521739130435	61	1.50819672131	1	2	0.0592369477912	0.143665158371
5607	train	data_pandit/aa/5607/data.5607	14	397	low-gap	0.0491183879093	0.2040302267	0.0604534005038	0.0352644836272	139	1.96402877698	1	3	0.0592369477912	0.143665158371
5608	train	data_pandit/aa/5608/data.5608	6	342	low-gap	0.0233918128655	0.0643274853801	0.0292397660819	0.0263157894737	42	1.14285714286	1	2	0.0592369477912	0.143665158371
5609	train	data_pandit/aa/5609/data.5609	25	160	mid-gap	0.06325	0.24375	0.0875	0.03125	67	3.77611940299	3	9	0.0592369477912	0.143665158371
5610	train	data_pandit/aa/5610/data.5610	15	509	mid-gap	0.0712508185986	0.100196463654	0.0825147347741	0.0766208251473	175	3.10857142857	4	5	0.0592369477912	0.143665158371
5612	train	data_pandit/aa/5612/data.5612	7	132	low-gap	0.038961038961	0.0909090909091	0.0681818181818	0.030303030303	22	1.63636363636	1.5	2	0.0592369477912	0.143665158371
5613	train	data_pandit/aa/5613/data.5613	14	692	mid-gap	0.120561519405	0.281791907514	0.153179190751	0.106936416185	341	3.42521994135	2	9	0.0592369477912	0.143665158371
5617	train	data_pandit/aa/5617/data.5617	8	54	mid-gap	0.0625	0.166666666667	0.0925925925926	0.0555555555556	7	3.85714285714	3	5	0.0592369477912	0.143665158371
5619	train	data_pandit/aa/5619/data.5619	12	389	mid-gap	0.136032562125	0.249357326478	0.172236503856	0.156812339332	128	4.9609375	2	6	0.0592369477912	0.143665158371
5624	train	data_pandit/aa/5624/data.5624	11	218	mid-gap	0.107589658048	0.266055045872	0.165137614679	0.0871559633028	100	2.58	2	6	0.0592369477912	0.143665158371
5625	train	data_pandit/aa/5625/data.5625	12	600	mid-gap	0.09625	0.221666666667	0.115	0.0983333333333	260	2.66538461538	1	8	0.0592369477912	0.143665158371
5626	train	data_pandit/aa/5626/data.5626	4	70	low-gap	0.025	0.0428571428571	0.0428571428571	0.0285714285714	7	1	1	1	0.0592369477912	0.143665158371
5627	train	data_pandit/aa/5627/data.5627	14	269	high-gap	0.271640998407	0.405204460967	0.31970260223	0.28624535316	151	6.77483443709	4	15	0.0592369477912	0.143665158371
5630	train	data_pandit/aa/5630/data.5630	18	100	mid-gap	0.129444444444	0.41	0.18	0.12	51	4.56862745098	4	6	0.0592369477912	0.143665158371
5634	train	data_pandit/aa/5634/data.5634	17	35	mid-gap	0.0672268907563	0.371428571429	0.0571428571429	0.0571428571429	31	1.29032258065	1	1	0.0592369477912	0.143665158371
5635	train	data_pandit/aa/5635/data.5635	11	266	mid-gap	0.0727956254272	0.165413533835	0.101503759398	0.0526315789474	57	3.73684210526	2	9	0.0592369477912	0.143665158371
5639	train	data_pandit/aa/5639/data.5639	12	163	low-gap	0.0322085889571	0.0920245398773	0.0306748466258	0.0306748466258	34	1.85294117647	1	3	0.0592369477912	0.143665158371
5640	train	data_pandit/aa/5640/data.5640	11	409	mid-gap	0.0851300288953	0.18826405868	0.168704156479	0.0268948655257	67	5.71641791045	2	4	0.0592369477912	0.143665158371
5643	train	data_pandit/aa/5643/data.5643	11	159	low-gap	0.0171526586621	0.0503144654088	0.0188679245283	0.0125786163522	23	1.30434782609	1	2	0.0592369477912	0.143665158371
5645	train	data_pandit/aa/5645/data.5645	10	156	mid-gap	0.0647435897436	0.173076923077	0.0961538461538	0.0641025641026	47	2.14893617021	2	3	0.0592369477912	0.143665158371
5646	train	data_pandit/aa/5646/data.5646	7	411	high-gap	0.17587765033	0.282238442822	0.240875912409	0.204379562044	61	8.29508196721	3	15	0.0592369477912	0.143665158371
5647	train	data_pandit/aa/5647/data.5647	4	172	low-gap	0.030523255814	0.0697674418605	0.0697674418605	0.0348837209302	13	1.61538461538	2	2	0.0592369477912	0.143665158371
5649	train	data_pandit/aa/5649/data.5649	10	246	low-gap	0.0373983739837	0.10162601626	0.0487804878049	0.0487804878049	36	2.55555555556	1	7	0.0592369477912	0.143665158371
5651	train	data_pandit/aa/5651/data.5651	7	416	mid-gap	0.104395604396	0.21875	0.161057692308	0.0841346153846	50	6.08	3.5	9	0.0592369477912	0.143665158371
5652	train	data_pandit/aa/5652/data.5652	12	338	high-gap	0.29758382643	0.440828402367	0.384615384615	0.319526627219	128	9.4296875	4	16	0.0592369477912	0.143665158371
5653	train	data_pandit/aa/5653/data.5653	6	183	low-gap	0.0391621129326	0.0655737704918	0.0437158469945	0.0437158469945	24	1.79166666667	2	2	0.0592369477912	0.143665158371
5654	train	data_pandit/aa/5654/data.5654	13	335	high-gap	0.296670493685	0.462686567164	0.331343283582	0.313432835821	196	6.59183673469	3	19	0.0592369477912	0.143665158371
5655	train	data_pandit/aa/5655/data.5655	13	181	mid-gap	0.0654483637909	0.138121546961	0.0828729281768	0.0662983425414	84	1.83333333333	1	4	0.0592369477912	0.143665158371
5656	train	data_pandit/aa/5656/data.5656	5	136	low-gap	0.025	0.125	0	0	1	17	17	17	0.0592369477912	0.143665158371
5659	train	data_pandit/aa/5659/data.5659	9	229	high-gap	0.248908296943	0.497816593886	0.296943231441	0.235807860262	41	12.512195122	11	28	0.0592369477912	0.143665158371
5660	train	data_pandit/aa/5660/data.5660	14	243	mid-gap	0.0676072898295	0.238683127572	0.0987654320988	0.0576131687243	105	2.19047619048	1	5	0.0592369477912	0.143665158371
5661	train	data_pandit/aa/5661/data.5661	10	234	mid-gap	0.0931623931624	0.162393162393	0.106837606838	0.0982905982906	52	4.19230769231	4	9	0.0592369477912	0.143665158371
5663	train	data_pandit/aa/5663/data.5663	14	600	high-gap	0.28	0.495	0.408333333333	0.285	363	6.47933884298	3	13	0.0592369477912	0.143665158371
5664	train	data_pandit/aa/5664/data.5664	4	229	mid-gap	0.0622270742358	0.117903930131	0.117903930131	0.0786026200873	19	3	3	6	0.0592369477912	0.143665158371
5665	train	data_pandit/aa/5665/data.5665	7	61	low-gap	0.0444964871194	0.16393442623	0.0491803278689	0.0491803278689	5	3.8	3	3	0.0592369477912	0.143665158371
5669	train	data_pandit/aa/5669/data.5669	10	88	mid-gap	0.113636363636	0.204545454545	0.181818181818	0.102272727273	12	8.33333333333	9	9	0.0592369477912	0.143665158371
5670	train	data_pandit/aa/5670/data.5670	10	78	mid-gap	0.0717948717949	0.102564102564	0.102564102564	0.0641025641026	31	1.8064516129	1	3	0.0592369477912	0.143665158371
5671	train	data_pandit/aa/5671/data.5671	7	280	low-gap	0.0030612244898	0.00357142857143	0.00357142857143	0.00357142857143	6	1	1	1	0.0592369477912	0.143665158371
5673	train	data_pandit/aa/5673/data.5673	10	144	mid-gap	0.0701388888889	0.159722222222	0.125	0.0902777777778	17	5.94117647059	5	11	0.0592369477912	0.143665158371
5674	train	data_pandit/aa/5674/data.5674	7	271	mid-gap	0.0769636267791	0.140221402214	0.129151291513	0.125461254613	33	4.42424242424	3	7	0.0592369477912	0.143665158371
5675	train	data_pandit/aa/5675/data.5675	7	678	mid-gap	0.0693215339233	0.137168141593	0.109144542773	0.0545722713864	87	3.7816091954	2	6	0.0592369477912	0.143665158371
5676	train	data_pandit/aa/5676/data.5676	8	440	high-gap	0.300284090909	0.427272727273	0.365909090909	0.345454545455	93	11.3655913978	5	41	0.0592369477912	0.143665158371
5678	train	data_pandit/aa/5678/data.5678	9	64	low-gap	0.03125	0.0625	0.03125	0.03125	10	1.8	2	2	0.0592369477912	0.143665158371
5679	train	data_pandit/aa/5679/data.5679	5	79	mid-gap	0.0708860759494	0.126582278481	0.0886075949367	0.0886075949367	8	3.5	3.5	5	0.0592369477912	0.143665158371
5680	train	data_pandit/aa/5680/data.5680	4	1323	low-gap	0.0230536659108	0.047619047619	0.047619047619	0.026455026455	60	2.03333333333	1	3	0.0592369477912	0.143665158371
5681	train	data_pandit/aa/5681/data.5681	29	256	high-gap	0.225484913793	0.453125	0.28515625	0.22265625	324	5.16666666667	4	10	0.0592369477912	0.143665158371
5685	train	data_pandit/aa/5685/data.5685	6	303	low-gap	0.0225522552255	0.046204620462	0.026402640264	0.026402640264	15	2.73333333333	2	5	0.0592369477912	0.143665158371
5687	train	data_pandit/aa/5687/data.5687	8	317	mid-gap	0.107649842271	0.302839116719	0.16403785489	0.0883280757098	76	3.59210526316	2	5	0.0592369477912	0.143665158371
5689	train	data_pandit/aa/5689/data.5689	9	691	high-gap	0.402797877472	0.587554269175	0.506512301013	0.461649782923	78	32.1153846154	10.5	71	0.0592369477912	0.143665158371
5690	train	data_pandit/aa/5690/data.5690	59	204	high-gap	0.145480225989	0.333333333333	0.161764705882	0.156862745098	825	2.12242424242	2	4	0.0592369477912	0.143665158371
5691	train	data_pandit/aa/5691/data.5691	7	398	high-gap	0.145728643216	0.20351758794	0.178391959799	0.155778894472	26	15.6153846154	2	60	0.0592369477912	0.143665158371
5693	train	data_pandit/aa/5693/data.5693	11	148	high-gap	0.199017199017	0.290540540541	0.256756756757	0.202702702703	63	5.14285714286	4	11	0.0592369477912	0.143665158371
5701	train	data_pandit/aa/5701/data.5701	17	494	low-gap	0.00904977375566	0.0222672064777	0.0121457489879	0.0101214574899	67	1.13432835821	1	2	0.0592369477912	0.143665158371
5702	train	data_pandit/aa/5702/data.5702	5	147	low-gap	0.047619047619	0.115646258503	0.115646258503	0.00680272108844	11	3.18181818182	1	9	0.0592369477912	0.143665158371
5703	train	data_pandit/aa/5703/data.5703	13	203	mid-gap	0.120121258052	0.147783251232	0.142857142857	0.137931034483	78	4.0641025641	2	10	0.0592369477912	0.143665158371
5704	train	data_pandit/aa/5704/data.5704	12	210	high-gap	0.206746031746	0.352380952381	0.261904761905	0.209523809524	98	5.31632653061	4	16	0.0592369477912	0.143665158371
5707	train	data_pandit/aa/5707/data.5707	8	281	high-gap	0.248220640569	0.683274021352	0.384341637011	0.249110320285	53	10.5283018868	3	16	0.0592369477912	0.143665158371
5708	train	data_pandit/aa/5708/data.5708	11	854	high-gap	0.170215030871	0.399297423888	0.236533957845	0.147540983607	208	7.6875	3	22	0.0592369477912	0.143665158371
5710	train	data_pandit/aa/5710/data.5710	6	303	low-gap	0.00770077007701	0.016501650165	0.00990099009901	0.00990099009901	13	1.07692307692	1	1	0.0592369477912	0.143665158371
5712	train	data_pandit/aa/5712/data.5712	15	494	high-gap	0.227530364372	0.356275303644	0.301619433198	0.234817813765	193	8.73575129534	2	14	0.0592369477912	0.143665158371
5714	train	data_pandit/aa/5714/data.5714	5	156	low-gap	0.0294871794872	0.0448717948718	0.0384615384615	0.0320512820513	10	2.3	1.5	4	0.0592369477912	0.143665158371
5715	train	data_pandit/aa/5715/data.5715	9	324	high-gap	0.198559670782	0.438271604938	0.243827160494	0.191358024691	79	7.32911392405	5	18	0.0592369477912	0.143665158371
5717	train	data_pandit/aa/5717/data.5717	12	199	mid-gap	0.115577889447	0.195979899497	0.145728643216	0.115577889447	40	6.9	2.5	19	0.0592369477912	0.143665158371
5719	train	data_pandit/aa/5719/data.5719	12	194	low-gap	0.0115979381443	0.0567010309278	0.0154639175258	0.0103092783505	19	1.42105263158	1	2	0.0592369477912	0.143665158371
5720	train	data_pandit/aa/5720/data.5720	9	131	low-gap	0.0559796437659	0.0839694656489	0.0610687022901	0.0610687022901	25	2.64	3	4	0.0592369477912	0.143665158371
5721	train	data_pandit/aa/5721/data.5721	9	112	low-gap	0.0575396825397	0.107142857143	0.0892857142857	0.0446428571429	19	3.05263157895	2	4	0.0592369477912	0.143665158371
5722	train	data_pandit/aa/5722/data.5722	4	633	low-gap	0.0134281200632	0.0221169036335	0.0221169036335	0.0189573459716	11	3.09090909091	1	8	0.0592369477912	0.143665158371
5724	train	data_pandit/aa/5724/data.5724	8	124	low-gap	0.0372983870968	0.0645161290323	0.0645161290323	0.0403225806452	19	1.94736842105	2	3	0.0592369477912	0.143665158371
5725	train	data_pandit/aa/5725/data.5725	13	113	mid-gap	0.0939414567733	0.159292035398	0.132743362832	0.12389380531	46	3	1	10	0.0592369477912	0.143665158371
5727	train	data_pandit/aa/5727/data.5727	4	100	low-gap	0.0075	0.02	0.02	0.01	2	1.5	1.5	1	0.0592369477912	0.143665158371
5728	train	data_pandit/aa/5728/data.5728	7	279	low-gap	0.0174091141833	0.0286738351254	0.0250896057348	0.0179211469534	23	1.47826086957	1	2	0.0592369477912	0.143665158371
5729	train	data_pandit/aa/5729/data.5729	17	328	low-gap	0.0356886657102	0.158536585366	0.0487804878049	0.030487804878	60	3.31666666667	2	8	0.0592369477912	0.143665158371
5731	train	data_pandit/aa/5731/data.5731	7	1164	high-gap	0.283996072656	0.603092783505	0.481099656357	0.272336769759	120	19.2833333333	6	55	0.0592369477912	0.143665158371
5732	train	data_pandit/aa/5732/data.5732	45	88	low-gap	0.0444444444444	0.0454545454545	0.0454545454545	0.0454545454545	88	2	2	3	0.0592369477912	0.143665158371
5733	train	data_pandit/aa/5733/data.5733	9	59	low-gap	0	0	0	0	0	0	0	0	0.0592369477912	0.143665158371
5735	train	data_pandit/aa/5735/data.5735	8	549	mid-gap	0.0630692167577	0.173041894353	0.105646630237	0.0582877959927	86	3.22093023256	2	5	0.0592369477912	0.143665158371
5736	train	data_pandit/aa/5736/data.5736	6	790	high-gap	0.231856540084	0.492405063291	0.330379746835	0.26582278481	81	13.5679012346	8	30	0.0592369477912	0.143665158371
5738	train	data_pandit/aa/5738/data.5738	4	230	low-gap	0.0413043478261	0.108695652174	0.108695652174	0.0521739130435	12	3.16666666667	3	6	0.0592369477912	0.143665158371
5740	train	data_pandit/aa/5740/data.5740	7	327	low-gap	0.0292704237658	0.0795107033639	0.0489296636086	0.0244648318043	45	1.48888888889	1	2	0.0592369477912	0.143665158371
5741	train	data_pandit/aa/5741/data.5741	6	218	mid-gap	0.0680428134557	0.114678899083	0.0963302752294	0.0779816513761	22	4.04545454545	3	7	0.0592369477912	0.143665158371
5743	train	data_pandit/aa/5743/data.5743	6	824	mid-gap	0.127224919094	0.222087378641	0.166262135922	0.139563106796	93	6.76344086022	3	15	0.0592369477912	0.143665158371
5745	train	data_pandit/aa/5745/data.5745	5	183	mid-gap	0.0688524590164	0.136612021858	0.0710382513661	0.0710382513661	25	2.52	1	6	0.0592369477912	0.143665158371
5746	train	data_pandit/aa/5746/data.5746	7	62	low-gap	0.0299539170507	0.112903225806	0.0322580645161	0.0161290322581	7	1.85714285714	1	3	0.0592369477912	0.143665158371
5749	train	data_pandit/aa/5749/data.5749	11	254	high-gap	0.300644237652	0.57874015748	0.40157480315	0.334645669291	73	11.5068493151	5	28	0.0592369477912	0.143665158371
5750	train	data_pandit/aa/5750/data.5750	11	346	mid-gap	0.0725170782974	0.161849710983	0.104046242775	0.0491329479769	44	6.27272727273	5	10	0.0592369477912	0.143665158371
5754	train	data_pandit/aa/5754/data.5754	9	104	low-gap	0.0245726495726	0.134615384615	0.00961538461538	0	8	2.875	2	4	0.0592369477912	0.143665158371
5759	train	data_pandit/aa/5759/data.5759	8	60	low-gap	0.00833333333333	0.0666666666667	0	0	2	2	2	2	0.0592369477912	0.143665158371
5760	train	data_pandit/aa/5760/data.5760	8	509	low-gap	0.0203831041257	0.0530451866405	0.0216110019646	0.0176817288802	42	1.97619047619	1	4	0.0592369477912	0.143665158371
5761	train	data_pandit/aa/5761/data.5761	9	587	mid-gap	0.0810145750521	0.155025553663	0.107325383305	0.0868824531516	153	2.79738562092	1	7	0.0592369477912	0.143665158371
5764	train	data_pandit/aa/5764/data.5764	7	201	low-gap	0.0127931769723	0.044776119403	0.044776119403	0	4	4.5	4.5	8	0.0592369477912	0.143665158371
5765	train	data_pandit/aa/5765/data.5765	6	285	mid-gap	0.128070175439	0.221052631579	0.168421052632	0.136842105263	42	5.21428571429	5	10	0.0592369477912	0.143665158371
5768	train	data_pandit/aa/5768/data.5768	10	134	high-gap	0.172388059701	0.246268656716	0.194029850746	0.194029850746	58	3.98275862069	1	9	0.0592369477912	0.143665158371
5773	train	data_pandit/aa/5773/data.5773	79	204	high-gap	0.401216182676	0.696078431373	0.446078431373	0.406862745098	443	14.5959367946	16	26	0.0592369477912	0.143665158371
5777	train	data_pandit/aa/5777/data.5777	16	106	mid-gap	0.0683962264151	0.22641509434	0.11320754717	0.0566037735849	54	2.14814814815	1	5	0.0592369477912	0.143665158371
5778	train	data_pandit/aa/5778/data.5778	18	111	high-gap	0.237737737738	0.576576576577	0.306306306306	0.234234234234	87	5.45977011494	5	10	0.0592369477912	0.143665158371
5781	train	data_pandit/aa/5781/data.5781	10	512	mid-gap	0.122265625	0.328125	0.166015625	0.10546875	188	3.32978723404	3	7	0.0592369477912	0.143665158371
5782	train	data_pandit/aa/5782/data.5782	10	494	mid-gap	0.113765182186	0.208502024291	0.135627530364	0.123481781377	116	4.84482758621	3	9	0.0592369477912	0.143665158371
5784	train	data_pandit/aa/5784/data.5784	5	109	low-gap	0.0422018348624	0.0917431192661	0.0917431192661	0.0183486238532	15	1.53333333333	1	2	0.0592369477912	0.143665158371
5786	train	data_pandit/aa/5786/data.5786	13	172	mid-gap	0.106440071556	0.279069767442	0.156976744186	0.110465116279	71	3.35211267606	2	10	0.0592369477912	0.143665158371
5788	train	data_pandit/aa/5788/data.5788	7	110	low-gap	0.0168831168831	0.0727272727273	0.0181818181818	0.00909090909091	8	1.625	1	3	0.0592369477912	0.143665158371
5789	train	data_pandit/aa/5789/data.5789	7	204	low-gap	0.0168067226891	0.0294117647059	0.0245098039216	0.0196078431373	19	1.26315789474	1	2	0.0592369477912	0.143665158371
5791	train	data_pandit/aa/5791/data.5791	5	112	low-gap	0.00714285714286	0.0178571428571	0.00892857142857	0.00892857142857	4	1	1	1	0.0592369477912	0.143665158371
5792	train	data_pandit/aa/5792/data.5792	10	108	low-gap	0.0037037037037	0.037037037037	0	0	2	2	2	1	0.0592369477912	0.143665158371
5793	train	data_pandit/aa/5793/data.5793	5	417	low-gap	0.000959232613909	0.00239808153477	0.00239808153477	0	2	1	1	1	0.0592369477912	0.143665158371
5794	train	data_pandit/aa/5794/data.5794	8	80	low-gap	0.009375	0.05	0.025	0	5	1.2	1	1	0.0592369477912	0.143665158371
5795	train	data_pandit/aa/5795/data.5795	7	472	high-gap	0.25181598063	0.485169491525	0.370762711864	0.254237288136	84	9.90476190476	5.5	29	0.0592369477912	0.143665158371
5796	train	data_pandit/aa/5796/data.5796	9	188	high-gap	0.295508274232	0.664893617021	0.521276595745	0.234042553191	53	9.43396226415	4	22	0.0592369477912	0.143665158371
5797	train	data_pandit/aa/5797/data.5797	5	131	low-gap	0.0198473282443	0.0763358778626	0.00763358778626	0.00763358778626	7	1.85714285714	1	2	0.0592369477912	0.143665158371
5798	train	data_pandit/aa/5798/data.5798	6	154	mid-gap	0.0887445887446	0.123376623377	0.116883116883	0.116883116883	16	5.125	5.5	10	0.0592369477912	0.143665158371
5799	train	data_pandit/aa/5799/data.5799	9	85	low-gap	0.0483660130719	0.211764705882	0.0235294117647	0.0235294117647	21	1.7619047619	1	5	0.0592369477912	0.143665158371
5800	train	data_pandit/aa/5800/data.5800	7	133	low-gap	0.00429645542427	0.015037593985	0.00751879699248	0	4	1	1	1	0.0592369477912	0.143665158371
5801	train	data_pandit/aa/5801/data.5801	9	109	mid-gap	0.134556574924	0.275229357798	0.192660550459	0.146788990826	22	6	4	11	0.0592369477912	0.143665158371
5802	train	data_pandit/aa/5802/data.5802	25	363	mid-gap	0.136418732782	0.316804407713	0.157024793388	0.143250688705	282	4.39007092199	3	9	0.0592369477912	0.143665158371
5804	train	data_pandit/aa/5804/data.5804	8	172	high-gap	0.18386627907	0.28488372093	0.273255813953	0.21511627907	35	7.22857142857	4	15	0.0592369477912	0.143665158371
5805	train	data_pandit/aa/5805/data.5805	6	259	mid-gap	0.13963963964	0.335907335907	0.15444015444	0.135135135135	39	5.5641025641	2	12	0.0592369477912	0.143665158371
5806	train	data_pandit/aa/5806/data.5806	4	806	mid-gap	0.105148883375	0.204714640199	0.204714640199	0.126550868486	49	6.91836734694	3	17	0.0592369477912	0.143665158371
5808	train	data_pandit/aa/5808/data.5808	17	62	mid-gap	0.073055028463	0.193548387097	0.0967741935484	0.0645161290323	51	1.50980392157	1	3	0.0592369477912	0.143665158371
5809	train	data_pandit/aa/5809/data.5809	8	458	mid-gap	0.0884279475983	0.146288209607	0.137554585153	0.10480349345	44	7.36363636364	2	19	0.0592369477912	0.143665158371
5810	train	data_pandit/aa/5810/data.5810	5	392	mid-gap	0.0933673469388	0.262755102041	0.094387755102	0.0739795918367	38	4.81578947368	3.5	10	0.0592369477912	0.143665158371
5811	train	data_pandit/aa/5811/data.5811	11	109	low-gap	0.00917431192661	0.100917431193	0	0	2	5.5	5.5	3	0.0592369477912	0.143665158371
5812	train	data_pandit/aa/5812/data.5812	4	105	low-gap	0	0	0	0	0	0	0	0	0.0592369477912	0.143665158371
5813	train	data_pandit/aa/5813/data.5813	8	87	low-gap	0.00862068965517	0.0574712643678	0.0114942528736	0	4	1.5	1.5	2	0.0592369477912	0.143665158371
5814	train	data_pandit/aa/5814/data.5814	10	128	mid-gap	0.11953125	0.2578125	0.15625	0.109375	13	11.7692307692	13	19	0.0592369477912	0.143665158371
5815	train	data_pandit/aa/5815/data.5815	8	356	high-gap	0.179073033708	0.359550561798	0.269662921348	0.219101123596	69	7.39130434783	3	18	0.0592369477912	0.143665158371
5816	train	data_pandit/aa/5816/data.5816	8	88	low-gap	0.0227272727273	0.0454545454545	0.0227272727273	0.0227272727273	8	2	2	2	0.0592369477912	0.143665158371
5817	train	data_pandit/aa/5817/data.5817	5	247	low-gap	0.0558704453441	0.109311740891	0.080971659919	0.0607287449393	17	4.05882352941	3	7	0.0592369477912	0.143665158371
5818	train	data_pandit/aa/5818/data.5818	10	564	low-gap	0.00443262411348	0.00886524822695	0.00531914893617	0.00354609929078	25	1	1	1	0.0592369477912	0.143665158371
5820	train	data_pandit/aa/5820/data.5820	6	193	high-gap	0.144214162349	0.264248704663	0.20207253886	0.155440414508	27	6.18518518519	7	11	0.0592369477912	0.143665158371
5824	train	data_pandit/aa/5824/data.5824	8	331	mid-gap	0.0679758308157	0.0966767371601	0.0966767371601	0.0906344410876	45	4	2	12	0.0592369477912	0.143665158371
5825	train	data_pandit/aa/5825/data.5825	9	313	mid-gap	0.140220092297	0.239616613419	0.201277955272	0.17571884984	66	5.98484848485	3	18	0.0592369477912	0.143665158371
5826	train	data_pandit/aa/5826/data.5826	9	224	mid-gap	0.130456349206	0.205357142857	0.178571428571	0.138392857143	50	5.26	3	12	0.0592369477912	0.143665158371
5827	train	data_pandit/aa/5827/data.5827	24	80	low-gap	0.0354166666667	0.125	0.05	0.0375	66	1.0303030303	1	1	0.0592369477912	0.143665158371
5828	train	data_pandit/aa/5828/data.5828	13	87	low-gap	0.00176834659593	0.0229885057471	0	0	1	2	2	2	0.0592369477912	0.143665158371
5829	train	data_pandit/aa/5829/data.5829	14	139	mid-gap	0.112024665982	0.223021582734	0.151079136691	0.10071942446	41	5.31707317073	5	9	0.0592369477912	0.143665158371
5830	train	data_pandit/aa/5830/data.5830	20	182	high-gap	0.237637362637	0.335164835165	0.28021978022	0.252747252747	159	5.44025157233	4	15	0.0592369477912	0.143665158371
5831	train	data_pandit/aa/5831/data.5831	4	151	low-gap	0.0115894039735	0.0198675496689	0.0198675496689	0.0132450331126	7	1	1	1	0.0592369477912	0.143665158371
5834	train	data_pandit/aa/5834/data.5834	12	173	mid-gap	0.0736994219653	0.248554913295	0.0982658959538	0.0809248554913	70	2.18571428571	1	4	0.0592369477912	0.143665158371
5835	train	data_pandit/aa/5835/data.5835	10	236	mid-gap	0.0737288135593	0.220338983051	0.0847457627119	0.0805084745763	87	2	1	4	0.0592369477912	0.143665158371
5836	train	data_pandit/aa/5836/data.5836	4	141	low-gap	0.0425531914894	0.0992907801418	0.0992907801418	0.0354609929078	5	4.8	5	5	0.0592369477912	0.143665158371
5838	train	data_pandit/aa/5838/data.5838	8	426	low-gap	0.0554577464789	0.119718309859	0.0727699530516	0.0586854460094	31	6.09677419355	4	16	0.0592369477912	0.143665158371
5839	train	data_pandit/aa/5839/data.5839	12	254	mid-gap	0.0826771653543	0.216535433071	0.0866141732283	0.0826771653543	80	3.15	3	7	0.0592369477912	0.143665158371
5840	train	data_pandit/aa/5840/data.5840	12	69	mid-gap	0.0797101449275	0.36231884058	0.0869565217391	0.0579710144928	26	2.53846153846	2	2	0.0592369477912	0.143665158371
5843	train	data_pandit/aa/5843/data.5843	8	152	low-gap	0.00986842105263	0.0394736842105	0.0197368421053	0.00657894736842	10	1.2	1	2	0.0592369477912	0.143665158371
5845	train	data_pandit/aa/5845/data.5845	6	192	low-gap	0.0173611111111	0.03125	0.03125	0.03125	11	1.81818181818	1	4	0.0592369477912	0.143665158371
5846	train	data_pandit/aa/5846/data.5846	9	288	mid-gap	0.0694444444444	0.128472222222	0.0972222222222	0.0694444444444	81	2.22222222222	1	4	0.0592369477912	0.143665158371
5847	train	data_pandit/aa/5847/data.5847	5	84	low-gap	0.00714285714286	0.0119047619048	0.0119047619048	0.0119047619048	3	1	1	1	0.0592369477912	0.143665158371
5848	train	data_pandit/aa/5848/data.5848	7	151	low-gap	0.0160832544939	0.046357615894	0.0132450331126	0.0132450331126	14	1.21428571429	1	1	0.0592369477912	0.143665158371
5852	train	data_pandit/aa/5852/data.5852	8	168	low-gap	0.0446428571429	0.208333333333	0.0595238095238	0.0119047619048	27	2.22222222222	1	4	0.0592369477912	0.143665158371
5853	train	data_pandit/aa/5853/data.5853	6	80	low-gap	0.0416666666667	0.0625	0.0625	0.0625	4	5	5	5	0.0592369477912	0.143665158371
5856	train	data_pandit/aa/5856/data.5856	7	184	mid-gap	0.11102484472	0.173913043478	0.146739130435	0.135869565217	22	6.5	3	17	0.0592369477912	0.143665158371
5857	train	data_pandit/aa/5857/data.5857	24	36	low-gap	0.00231481481481	0.0277777777778	0	0	2	1	1	1	0.0592369477912	0.143665158371
5858	train	data_pandit/aa/5858/data.5858	13	185	high-gap	0.188773388773	0.367567567568	0.216216216216	0.183783783784	101	4.49504950495	2	16	0.0592369477912	0.143665158371
5861	train	data_pandit/aa/5861/data.5861	17	73	mid-gap	0.112812248187	0.369863013699	0.150684931507	0.0958904109589	48	2.91666666667	2.5	6	0.0592369477912	0.143665158371
5862	train	data_pandit/aa/5862/data.5862	20	92	low-gap	0.020652173913	0.173913043478	0.0217391304348	0.0108695652174	31	1.22580645161	1	1	0.0592369477912	0.143665158371
5864	train	data_pandit/aa/5864/data.5864	13	255	mid-gap	0.110407239819	0.282352941176	0.141176470588	0.105882352941	127	2.88188976378	3	5	0.0592369477912	0.143665158371
5870	train	data_pandit/aa/5870/data.5870	10	800	high-gap	0.204	0.28	0.24125	0.24	133	12.2706766917	3	59	0.0592369477912	0.143665158371
5873	train	data_pandit/aa/5873/data.5873	7	123	mid-gap	0.0627177700348	0.113821138211	0.0650406504065	0.0650406504065	21	2.57142857143	1	6	0.0592369477912	0.143665158371
5874	train	data_pandit/aa/5874/data.5874	4	421	mid-gap	0.0783847980998	0.116389548694	0.116389548694	0.0997624703088	41	3.21951219512	2	8	0.0592369477912	0.143665158371
5879	train	data_pandit/aa/5879/data.5879	5	103	low-gap	0.0116504854369	0.0388349514563	0.00970873786408	0.00970873786408	4	1.5	1	1	0.0592369477912	0.143665158371
5880	train	data_pandit/aa/5880/data.5880	9	405	low-gap	0.040329218107	0.123456790123	0.0518518518519	0.037037037037	61	2.40983606557	1	7	0.0592369477912	0.143665158371
5881	train	data_pandit/aa/5881/data.5881	18	175	high-gap	0.217142857143	0.462857142857	0.251428571429	0.211428571429	171	4	2	12	0.0592369477912	0.143665158371
5882	train	data_pandit/aa/5882/data.5882	9	232	mid-gap	0.0905172413793	0.168103448276	0.125	0.0775862068966	66	2.86363636364	2	8	0.0592369477912	0.143665158371
5888	train	data_pandit/aa/5888/data.5888	5	140	mid-gap	0.0628571428571	0.0857142857143	0.0857142857143	0.0714285714286	20	2.2	1	5	0.0592369477912	0.143665158371
5889	train	data_pandit/aa/5889/data.5889	6	82	low-gap	0	0	0	0	0	0	0	0	0.0592369477912	0.143665158371
5892	train	data_pandit/aa/5892/data.5892	7	164	high-gap	0.18118466899	0.335365853659	0.268292682927	0.182926829268	36	5.77777777778	5.5	12	0.0592369477912	0.143665158371
5893	train	data_pandit/aa/5893/data.5893	6	108	mid-gap	0.087962962963	0.268518518519	0.240740740741	0.00925925925926	6	9.5	1	26	0.0592369477912	0.143665158371
5895	train	data_pandit/aa/5895/data.5895	4	243	low-gap	0.0462962962963	0.123456790123	0.123456790123	0.0411522633745	13	3.46153846154	2	5	0.0592369477912	0.143665158371
5896	train	data_pandit/aa/5896/data.5896	15	147	low-gap	0.0507936507937	0.163265306122	0.0748299319728	0.047619047619	42	2.66666666667	2.5	4	0.0592369477912	0.143665158371
5898	train	data_pandit/aa/5898/data.5898	4	165	low-gap	0.019696969697	0.0363636363636	0.0363636363636	0.0242424242424	6	2.16666666667	2	2	0.0592369477912	0.143665158371
5899	train	data_pandit/aa/5899/data.5899	7	90	low-gap	0	0	0	0	0	0	0	0	0.0592369477912	0.143665158371
5901	train	data_pandit/aa/5901/data.5901	10	451	mid-gap	0.105986696231	0.266075388027	0.157427937916	0.0886917960089	126	3.79365079365	3	10	0.0592369477912	0.143665158371
5903	train	data_pandit/aa/5903/data.5903	5	231	mid-gap	0.0606060606061	0.116883116883	0.0779220779221	0.0735930735931	14	5	2	16	0.0592369477912	0.143665158371
5904	train	data_pandit/aa/5904/data.5904	5	685	mid-gap	0.134598540146	0.318248175182	0.204379562044	0.105109489051	80	5.7625	3	17	0.0592369477912	0.143665158371
5908	train	data_pandit/aa/5908/data.5908	8	160	mid-gap	0.1109375	0.2875	0.2	0.0875	29	4.89655172414	4	11	0.0592369477912	0.143665158371
5909	train	data_pandit/aa/5909/data.5909	8	517	low-gap	0.0261121856867	0.0541586073501	0.036750483559	0.0251450676983	61	1.77049180328	1	4	0.0592369477912	0.143665158371
5910	train	data_pandit/aa/5910/data.5910	5	187	high-gap	0.211764705882	0.475935828877	0.288770053476	0.192513368984	28	7.07142857143	3	15	0.0592369477912	0.143665158371
5912	train	data_pandit/aa/5912/data.5912	5	203	mid-gap	0.128078817734	0.266009852217	0.206896551724	0.15763546798	24	5.41666666667	3	9	0.0592369477912	0.143665158371
5913	train	data_pandit/aa/5913/data.5913	11	80	mid-gap	0.0693181818182	0.15	0.0875	0.075	11	5.54545454545	6	7	0.0592369477912	0.143665158371
5914	train	data_pandit/aa/5914/data.5914	6	407	high-gap	0.183865683866	0.351351351351	0.304668304668	0.277641277641	39	11.5128205128	3	23	0.0592369477912	0.143665158371
5915	train	data_pandit/aa/5915/data.5915	6	197	mid-gap	0.103214890017	0.243654822335	0.121827411168	0.111675126904	31	3.93548387097	3	8	0.0592369477912	0.143665158371
5918	train	data_pandit/aa/5918/data.5918	9	122	low-gap	0.0500910746812	0.106557377049	0.0983606557377	0.0245901639344	15	3.66666666667	2	10	0.0592369477912	0.143665158371
5921	train	data_pandit/aa/5921/data.5921	10	87	low-gap	0.00344827586207	0.0229885057471	0	0	3	1	1	1	0.0592369477912	0.143665158371
5923	train	data_pandit/aa/5923/data.5923	6	292	mid-gap	0.108447488584	0.260273972603	0.147260273973	0.102739726027	24	7.91666666667	5	17	0.0592369477912	0.143665158371
5924	train	data_pandit/aa/5924/data.5924	24	135	high-gap	0.173765432099	0.318518518519	0.244444444444	0.177777777778	241	2.33609958506	2	4	0.0592369477912	0.143665158371
5925	train	data_pandit/aa/5925/data.5925	5	53	low-gap	0	0	0	0	0	0	0	0	0.0592369477912	0.143665158371
5927	train	data_pandit/aa/5927/data.5927	46	250	high-gap	0.425826086957	0.672	0.476	0.46	244	20.0696721311	7	59	0.0592369477912	0.143665158371
5930	train	data_pandit/aa/5930/data.5930	9	514	low-gap	0.0533938607869	0.118677042802	0.0583657587549	0.0525291828794	92	2.6847826087	1	5	0.0592369477912	0.143665158371
5932	train	data_pandit/aa/5932/data.5932	6	324	high-gap	0.204732510288	0.33024691358	0.265432098765	0.231481481481	46	8.65217391304	5	22	0.0592369477912	0.143665158371
5933	train	data_pandit/aa/5933/data.5933	4	479	low-gap	0.0146137787056	0.0417536534447	0.0417536534447	0.0125260960334	19	1.47368421053	1	3	0.0592369477912	0.143665158371
5934	train	data_pandit/aa/5934/data.5934	7	121	low-gap	0.0106257378985	0.0743801652893	0	0	1	9	9	9	0.0592369477912	0.143665158371
5937	train	data_pandit/aa/5937/data.5937	7	134	low-gap	0.0245202558635	0.044776119403	0.0298507462687	0.0298507462687	11	2.09090909091	1	3	0.0592369477912	0.143665158371
5939	train	data_pandit/aa/5939/data.5939	4	640	high-gap	0.187109375	0.3015625	0.3015625	0.278125	39	12.2820512821	2	37	0.0592369477912	0.143665158371
5943	train	data_pandit/aa/5943/data.5943	4	88	low-gap	0	0	0	0	0	0	0	0	0.0592369477912	0.143665158371
5944	train	data_pandit/aa/5944/data.5944	10	60	low-gap	0	0	0	0	0	0	0	0	0.0592369477912	0.143665158371
5947	train	data_pandit/aa/5947/data.5947	14	226	mid-gap	0.0869152970923	0.185840707965	0.146017699115	0.0796460176991	84	3.27380952381	2	7	0.0592369477912	0.143665158371
5948	train	data_pandit/aa/5948/data.5948	7	167	mid-gap	0.0829769033362	0.209580838323	0.155688622754	0.0778443113772	22	4.40909090909	3.5	9	0.0592369477912	0.143665158371
5949	train	data_pandit/aa/5949/data.5949	7	133	low-gap	0.0494092373792	0.18045112782	0.0601503759398	0.0375939849624	15	3.06666666667	2	4	0.0592369477912	0.143665158371
5950	train	data_pandit/aa/5950/data.5950	7	126	mid-gap	0.0612244897959	0.111111111111	0.0952380952381	0.047619047619	17	3.17647058824	3	5	0.0592369477912	0.143665158371
5951	train	data_pandit/aa/5951/data.5951	14	112	mid-gap	0.0688775510204	0.321428571429	0.0535714285714	0.0535714285714	54	2	1	3	0.0592369477912	0.143665158371
5956	train	data_pandit/aa/5956/data.5956	4	149	low-gap	0.00167785234899	0.00671140939597	0.00671140939597	0	1	1	1	1	0.0592369477912	0.143665158371
5957	train	data_pandit/aa/5957/data.5957	6	105	low-gap	0.0301587301587	0.104761904762	0.047619047619	0.0190476190476	10	1.9	1.5	3	0.0592369477912	0.143665158371
5963	train	data_pandit/aa/5963/data.5963	5	165	mid-gap	0.133333333333	0.448484848485	0.10303030303	0.0727272727273	18	6.11111111111	5.5	13	0.0592369477912	0.143665158371
5967	train	data_pandit/aa/5967/data.5967	5	577	low-gap	0.021143847487	0.0346620450607	0.0259965337955	0.0225303292894	30	2.03333333333	1.5	5	0.0592369477912	0.143665158371
5969	train	data_pandit/aa/5969/data.5969	4	2297	low-gap	0.0401610796691	0.0875054418807	0.0875054418807	0.0548541575969	169	2.18343195266	1	4	0.0592369477912	0.143665158371
5970	train	data_pandit/aa/5970/data.5970	7	158	low-gap	0.00542495479204	0.0379746835443	0	0	2	3	3	1	0.0592369477912	0.143665158371
5972	train	data_pandit/aa/5972/data.5972	4	373	low-gap	0.058981233244	0.0991957104558	0.0991957104558	0.0857908847185	37	2.37837837838	2	5	0.0592369477912	0.143665158371
5973	train	data_pandit/aa/5973/data.5973	4	64	low-gap	0.0078125	0.03125	0.03125	0	1	2	2	2	0.0592369477912	0.143665158371
5976	train	data_pandit/aa/5976/data.5976	31	493	high-gap	0.390237518812	0.545638945233	0.421906693712	0.399594320487	1607	3.7112632234	3	7	0.0592369477912	0.143665158371
5977	train	data_pandit/aa/5977/data.5977	5	234	low-gap	0.0589743589744	0.15811965812	0.0854700854701	0.0512820512821	16	4.3125	4	6	0.0592369477912	0.143665158371
5978	train	data_pandit/aa/5978/data.5978	9	127	high-gap	0.144356955381	0.44094488189	0.212598425197	0.102362204724	23	7.17391304348	3	12	0.0592369477912	0.143665158371
5982	train	data_pandit/aa/5982/data.5982	6	72	low-gap	0.0486111111111	0.0972222222222	0.0694444444444	0.0694444444444	14	1.5	1	3	0.0592369477912	0.143665158371
5983	train	data_pandit/aa/5983/data.5983	4	680	high-gap	0.147794117647	0.322058823529	0.322058823529	0.161764705882	76	5.28947368421	4	10	0.0592369477912	0.143665158371
5985	train	data_pandit/aa/5985/data.5985	5	204	low-gap	0.00588235294118	0.0196078431373	0.00490196078431	0.00490196078431	4	1.5	1	1	0.0592369477912	0.143665158371
5987	train	data_pandit/aa/5987/data.5987	8	147	low-gap	0.0348639455782	0.115646258503	0.0612244897959	0.0408163265306	22	1.86363636364	1	3	0.0592369477912	0.143665158371
5988	train	data_pandit/aa/5988/data.5988	5	190	low-gap	0.0221052631579	0.0684210526316	0.0263157894737	0.0157894736842	12	1.75	1.5	2	0.0592369477912	0.143665158371
5989	train	data_pandit/aa/5989/data.5989	7	130	low-gap	0.0153846153846	0.0307692307692	0.0230769230769	0.0153846153846	9	1.55555555556	2	2	0.0592369477912	0.143665158371
5990	train	data_pandit/aa/5990/data.5990	5	358	mid-gap	0.0703910614525	0.139664804469	0.0810055865922	0.0698324022346	47	2.68085106383	2	5	0.0592369477912	0.143665158371
5992	train	data_pandit/aa/5992/data.5992	6	315	low-gap	0.0428571428571	0.0761904761905	0.0666666666667	0.0571428571429	31	2.61290322581	2	6	0.0592369477912	0.143665158371
5995	train	data_pandit/aa/5995/data.5995	4	181	mid-gap	0.10773480663	0.187845303867	0.187845303867	0.121546961326	48	1.625	1	3	0.0592369477912	0.143665158371
5996	train	data_pandit/aa/5996/data.5996	6	142	low-gap	0.0199530516432	0.0633802816901	0.0492957746479	0.00704225352113	4	4.25	4.5	7	0.0592369477912	0.143665158371
5999	train	data_pandit/aa/5999/data.5999	7	187	low-gap	0.0305576776165	0.0588235294118	0.0534759358289	0.0267379679144	12	3.33333333333	1	7	0.0592369477912	0.143665158371
6007	train	data_pandit/aa/6007/data.6007	6	39	mid-gap	0.0940170940171	0.205128205128	0.153846153846	0.128205128205	13	1.69230769231	2	2	0.0592369477912	0.143665158371
6010	train	data_pandit/aa/6010/data.6010	4	102	low-gap	0.0147058823529	0.0196078431373	0.0196078431373	0.0196078431373	6	1	1	1	0.0592369477912	0.143665158371
6012	train	data_pandit/aa/6012/data.6012	4	396	low-gap	0.0290404040404	0.0555555555556	0.0555555555556	0.0328282828283	17	2.70588235294	2	6	0.0592369477912	0.143665158371
6013	train	data_pandit/aa/6013/data.6013	5	133	low-gap	0.015037593985	0.0451127819549	0.0300751879699	0	5	2	2	3	0.0592369477912	0.143665158371
6014	train	data_pandit/aa/6014/data.6014	24	263	high-gap	0.229562737643	0.562737642586	0.307984790875	0.239543726236	308	4.70454545455	3	12	0.0592369477912	0.143665158371
6018	train	data_pandit/aa/6018/data.6018	17	394	high-gap	0.432218572708	0.604060913706	0.543147208122	0.522842639594	167	17.3353293413	3	76	0.0592369477912	0.143665158371
6025	train	data_pandit/aa/6025/data.6025	4	40	low-gap	0.01875	0.075	0.075	0	3	1	1	1	0.0592369477912	0.143665158371
6029	train	data_pandit/aa/6029/data.6029	12	100	low-gap	0.0483333333333	0.17	0.07	0.03	42	1.38095238095	1	2	0.0592369477912	0.143665158371
6030	train	data_pandit/aa/6030/data.6030	12	311	high-gap	0.234994640943	0.504823151125	0.398713826367	0.202572347267	98	8.94897959184	3	31	0.0592369477912	0.143665158371
6035	train	data_pandit/aa/6035/data.6035	7	207	low-gap	0.0345065562457	0.0917874396135	0.0434782608696	0.0338164251208	33	1.51515151515	1	2	0.0592369477912	0.143665158371
6036	train	data_pandit/aa/6036/data.6036	8	23	mid-gap	0.125	0.173913043478	0.173913043478	0.173913043478	7	3.28571428571	4	4	0.0592369477912	0.143665158371
6038	train	data_pandit/aa/6038/data.6038	11	77	low-gap	0.0200708382527	0.116883116883	0.012987012987	0.012987012987	12	1.41666666667	1	1	0.0592369477912	0.143665158371
6042	train	data_pandit/aa/6042/data.6042	8	565	high-gap	0.342699115044	0.58407079646	0.493805309735	0.414159292035	151	10.2582781457	3	33	0.0592369477912	0.143665158371
6044	train	data_pandit/aa/6044/data.6044	4	134	mid-gap	0.0746268656716	0.10447761194	0.10447761194	0.0970149253731	7	5.71428571429	4	9	0.0592369477912	0.143665158371
6045	train	data_pandit/aa/6045/data.6045	5	248	mid-gap	0.133064516129	0.225806451613	0.165322580645	0.137096774194	43	3.83720930233	3	11	0.0592369477912	0.143665158371
6047	train	data_pandit/aa/6047/data.6047	12	105	high-gap	0.292857142857	0.533333333333	0.428571428571	0.333333333333	74	4.98648648649	2	15	0.0592369477912	0.143665158371
6049	train	data_pandit/aa/6049/data.6049	7	333	low-gap	0.042042042042	0.0780780780781	0.0510510510511	0.045045045045	62	1.58064516129	1	3	0.0592369477912	0.143665158371
6051	train	data_pandit/aa/6051/data.6051	7	488	low-gap	0.036299765808	0.0819672131148	0.0409836065574	0.0389344262295	57	2.17543859649	1	3	0.0592369477912	0.143665158371
6054	train	data_pandit/aa/6054/data.6054	5	72	mid-gap	0.075	0.125	0.0972222222222	0.0833333333333	14	1.92857142857	2	3	0.0592369477912	0.143665158371
6056	train	data_pandit/aa/6056/data.6056	9	230	low-gap	0.0458937198068	0.195652173913	0.0478260869565	0.0391304347826	34	2.79411764706	1	7	0.0592369477912	0.143665158371
6057	train	data_pandit/aa/6057/data.6057	35	395	mid-gap	0.0940325497288	0.227848101266	0.101265822785	0.0860759493671	743	1.74966352624	1	3	0.0592369477912	0.143665158371
6058	train	data_pandit/aa/6058/data.6058	8	210	mid-gap	0.105357142857	0.180952380952	0.171428571429	0.104761904762	23	7.69565217391	4	15	0.0592369477912	0.143665158371
6059	train	data_pandit/aa/6059/data.6059	8	184	high-gap	0.15285326087	0.423913043478	0.201086956522	0.135869565217	23	9.78260869565	3	23	0.0592369477912	0.143665158371
6060	train	data_pandit/aa/6060/data.6060	64	301	mid-gap	0.0769310631229	0.159468438538	0.0863787375415	0.0764119601329	288	5.14583333333	1	20	0.0592369477912	0.143665158371
6063	train	data_pandit/aa/6063/data.6063	46	115	low-gap	0.0557655954631	0.234782608696	0.0521739130435	0.0521739130435	96	3.07291666667	2	4	0.0592369477912	0.143665158371
6064	train	data_pandit/aa/6064/data.6064	35	171	mid-gap	0.125480367586	0.239766081871	0.163742690058	0.122807017544	116	6.47413793103	2	19	0.0592369477912	0.143665158371
6066	train	data_pandit/aa/6066/data.6066	9	172	high-gap	0.153100775194	0.348837209302	0.203488372093	0.133720930233	26	9.11538461538	4.5	17	0.0592369477912	0.143665158371
6067	train	data_pandit/aa/6067/data.6067	7	188	mid-gap	0.123860182371	0.329787234043	0.164893617021	0.0957446808511	60	2.71666666667	2	6	0.0592369477912	0.143665158371
6069	train	data_pandit/aa/6069/data.6069	8	236	mid-gap	0.104872881356	0.173728813559	0.127118644068	0.110169491525	65	3.04615384615	3	6	0.0592369477912	0.143665158371
6074	train	data_pandit/aa/6074/data.6074	8	256	high-gap	0.15966796875	0.41015625	0.2421875	0.12109375	63	5.19047619048	3	13	0.0592369477912	0.143665158371
6075	train	data_pandit/aa/6075/data.6075	5	343	low-gap	0.00408163265306	0.00874635568513	0.00583090379009	0.00291545189504	7	1	1	1	0.0592369477912	0.143665158371
6089	train	data_pandit/aa/6089/data.6089	8	477	mid-gap	0.14177148847	0.276729559748	0.188679245283	0.157232704403	71	7.61971830986	5	20	0.0592369477912	0.143665158371
6090	train	data_pandit/aa/6090/data.6090	11	164	high-gap	0.230598669623	0.408536585366	0.335365853659	0.280487804878	56	7.42857142857	2	27	0.0592369477912	0.143665158371
6091	train	data_pandit/aa/6091/data.6091	4	66	low-gap	0.0113636363636	0.0454545454545	0.0454545454545	0	1	3	3	3	0.0592369477912	0.143665158371
6092	train	data_pandit/aa/6092/data.6092	5	522	low-gap	0.0134099616858	0.0210727969349	0.0191570881226	0.0134099616858	20	1.75	1	4	0.0592369477912	0.143665158371
6093	train	data_pandit/aa/6093/data.6093	11	202	mid-gap	0.0945094509451	0.143564356436	0.108910891089	0.0990099009901	87	2.41379310345	2	8	0.0592369477912	0.143665158371
6099	train	data_pandit/aa/6099/data.6099	11	365	high-gap	0.249564134496	0.578082191781	0.350684931507	0.238356164384	75	13.36	9	29	0.0592369477912	0.143665158371
6100	train	data_pandit/aa/6100/data.6100	8	316	mid-gap	0.0925632911392	0.316455696203	0.158227848101	0.0537974683544	47	4.97872340426	2	10	0.0592369477912	0.143665158371
6104	train	data_pandit/aa/6104/data.6104	15	121	high-gap	0.159228650138	0.446280991736	0.231404958678	0.214876033058	38	7.60526315789	2	25	0.0592369477912	0.143665158371
6105	train	data_pandit/aa/6105/data.6105	10	121	high-gap	0.414049586777	0.586776859504	0.446280991736	0.446280991736	23	21.7826086957	19	35	0.0592369477912	0.143665158371
6106	train	data_pandit/aa/6106/data.6106	4	277	mid-gap	0.0785198555957	0.13357400722	0.13357400722	0.0938628158845	28	3.10714285714	2	6	0.0592369477912	0.143665158371
6107	train	data_pandit/aa/6107/data.6107	42	45	high-gap	0.156084656085	0.311111111111	0.222222222222	0.177777777778	48	6.14583333333	6	10	0.0592369477912	0.143665158371
6108	train	data_pandit/aa/6108/data.6108	11	307	high-gap	0.198697068404	0.328990228013	0.237785016287	0.198697068404	64	10.484375	2	51	0.0592369477912	0.143665158371
6110	train	data_pandit/aa/6110/data.6110	98	157	high-gap	0.26049655531	0.59872611465	0.28025477707	0.242038216561	780	5.13846153846	4	10	0.0592369477912	0.143665158371
6111	train	data_pandit/aa/6111/data.6111	6	608	low-gap	0.0230263157895	0.0526315789474	0.0345394736842	0.0279605263158	39	2.15384615385	2	4	0.0592369477912	0.143665158371
6112	train	data_pandit/aa/6112/data.6112	26	333	mid-gap	0.138484638485	0.189189189189	0.156156156156	0.153153153153	265	4.52452830189	3	11	0.0592369477912	0.143665158371
6114	train	data_pandit/aa/6114/data.6114	14	113	high-gap	0.14412136536	0.318584070796	0.194690265487	0.176991150442	39	5.84615384615	2	17	0.0592369477912	0.143665158371
6115	train	data_pandit/aa/6115/data.6115	6	206	mid-gap	0.0954692556634	0.194174757282	0.131067961165	0.0873786407767	55	2.14545454545	2	4	0.0592369477912	0.143665158371
6120	train	data_pandit/aa/6120/data.6120	109	274	high-gap	0.47113774861	0.799270072993	0.518248175182	0.5	1367	10.2933430871	6	16	0.0592369477912	0.143665158371
6121	train	data_pandit/aa/6121/data.6121	29	68	high-gap	0.299188640974	0.426470588235	0.308823529412	0.308823529412	110	5.36363636364	4	13	0.0592369477912	0.143665158371
6122	train	data_pandit/aa/6122/data.6122	8	370	high-gap	0.196283783784	0.408108108108	0.297297297297	0.240540540541	44	13.2045454545	3.5	30	0.0592369477912	0.143665158371
6124	train	data_pandit/aa/6124/data.6124	5	414	mid-gap	0.142028985507	0.335748792271	0.246376811594	0.108695652174	44	6.68181818182	1	7	0.0592369477912	0.143665158371
6125	train	data_pandit/aa/6125/data.6125	8	308	mid-gap	0.0876623376623	0.194805194805	0.113636363636	0.0974025974026	68	3.17647058824	2	8	0.0592369477912	0.143665158371
6127	train	data_pandit/aa/6127/data.6127	5	127	low-gap	0.0393700787402	0.0866141732283	0.0551181102362	0.0314960629921	17	1.47058823529	1	2	0.0592369477912	0.143665158371
6130	train	data_pandit/aa/6130/data.6130	7	127	mid-gap	0.11361079865	0.291338582677	0.212598425197	0.0787401574803	20	5.05	5	11	0.0592369477912	0.143665158371
6131	train	data_pandit/aa/6131/data.6131	8	144	low-gap	0.0199652777778	0.0347222222222	0.0347222222222	0.0277777777778	13	1.76923076923	1	3	0.0592369477912	0.143665158371
6134	train	data_pandit/aa/6134/data.6134	7	163	mid-gap	0.0648553900088	0.0920245398773	0.0858895705521	0.0736196319018	21	3.52380952381	4	6	0.0592369477912	0.143665158371
6135	train	data_pandit/aa/6135/data.6135	10	110	mid-gap	0.0963636363636	0.3	0.209090909091	0.0545454545455	30	3.53333333333	1	11	0.0592369477912	0.143665158371
6136	train	data_pandit/aa/6136/data.6136	7	102	low-gap	0.015406162465	0.0882352941176	0.00980392156863	0	4	2.75	1	1	0.0592369477912	0.143665158371
6142	train	data_pandit/aa/6142/data.6142	16	107	low-gap	0.035046728972	0.0373831775701	0.0373831775701	0.0373831775701	15	4	4	4	0.0592369477912	0.143665158371
6143	train	data_pandit/aa/6143/data.6143	9	178	low-gap	0.0255930087391	0.112359550562	0.0168539325843	0.0168539325843	24	1.70833333333	1.5	2	0.0592369477912	0.143665158371
6144	train	data_pandit/aa/6144/data.6144	19	85	low-gap	0.0340557275542	0.141176470588	0.0352941176471	0.0235294117647	46	1.19565217391	1	2	0.0592369477912	0.143665158371
6147	train	data_pandit/aa/6147/data.6147	7	270	high-gap	0.293121693122	0.437037037037	0.362962962963	0.322222222222	56	9.89285714286	4	24	0.0592369477912	0.143665158371
6149	train	data_pandit/aa/6149/data.6149	19	354	high-gap	0.360838537021	0.675141242938	0.429378531073	0.344632768362	575	4.22086956522	3	11	0.0592369477912	0.143665158371
6150	train	data_pandit/aa/6150/data.6150	7	34	mid-gap	0.109243697479	0.176470588235	0.117647058824	0.117647058824	8	3.25	4	4	0.0592369477912	0.143665158371
6153	train	data_pandit/aa/6153/data.6153	6	333	low-gap	0.0535535535536	0.0840840840841	0.0630630630631	0.0600600600601	42	2.54761904762	1	5	0.0592369477912	0.143665158371
6158	train	data_pandit/aa/6158/data.6158	5	196	mid-gap	0.0683673469388	0.15306122449	0.0969387755102	0.0612244897959	10	6.7	1.5	14	0.0592369477912	0.143665158371
6159	train	data_pandit/aa/6159/data.6159	5	88	low-gap	0.00909090909091	0.0113636363636	0.0113636363636	0.0113636363636	4	1	1	1	0.0592369477912	0.143665158371
6162	train	data_pandit/aa/6162/data.6162	5	233	mid-gap	0.138197424893	0.248927038627	0.197424892704	0.19313304721	20	8.05	2	27	0.0592369477912	0.143665158371
6165	train	data_pandit/aa/6165/data.6165	5	40	low-gap	0.03	0.075	0.025	0.025	5	1.2	1	1	0.0592369477912	0.143665158371
6167	train	data_pandit/aa/6167/data.6167	6	138	mid-gap	0.0760869565217	0.108695652174	0.0869565217391	0.0869565217391	18	3.5	1	10	0.0592369477912	0.143665158371
6168	train	data_pandit/aa/6168/data.6168	4	86	low-gap	0	0	0	0	0	0	0	0	0.0592369477912	0.143665158371
6169	train	data_pandit/aa/6169/data.6169	8	213	low-gap	0.00645539906103	0.0140845070423	0.0093896713615	0.00469483568075	11	1	1	1	0.0592369477912	0.143665158371
6171	train	data_pandit/aa/6171/data.6171	4	221	low-gap	0.0441176470588	0.131221719457	0.131221719457	0.0407239819005	14	2.78571428571	2	4	0.0592369477912	0.143665158371
6173	train	data_pandit/aa/6173/data.6173	5	98	low-gap	0.0510204081633	0.234693877551	0.0102040816327	0.0102040816327	4	6.25	1	1	0.0592369477912	0.143665158371
6178	train	data_pandit/aa/6178/data.6178	5	474	high-gap	0.151054852321	0.327004219409	0.213080168776	0.143459915612	63	5.68253968254	4	10	0.0592369477912	0.143665158371
6179	train	data_pandit/aa/6179/data.6179	4	57	mid-gap	0.105263157895	0.140350877193	0.140350877193	0.140350877193	3	8	8	8	0.0592369477912	0.143665158371
6180	train	data_pandit/aa/6180/data.6180	4	154	low-gap	0.0422077922078	0.116883116883	0.116883116883	0.0519480519481	6	4.33333333333	3.5	7	0.0592369477912	0.143665158371
6181	train	data_pandit/aa/6181/data.6181	4	414	low-gap	0.0048309178744	0.00724637681159	0.00724637681159	0.00724637681159	8	1	1	1	0.0592369477912	0.143665158371
6182	train	data_pandit/aa/6182/data.6182	6	359	high-gap	0.298978644383	0.679665738162	0.381615598886	0.295264623955	86	7.48837209302	3	20	0.0592369477912	0.143665158371
6183	train	data_pandit/aa/6183/data.6183	4	162	high-gap	0.16975308642	0.475308641975	0.475308641975	0.12962962963	17	6.47058823529	2	5	0.0592369477912	0.143665158371
6184	train	data_pandit/aa/6184/data.6184	7	689	mid-gap	0.119013062409	0.364296081277	0.232220609579	0.0537010159652	93	6.17204301075	3	12	0.0592369477912	0.143665158371
6186	train	data_pandit/aa/6186/data.6186	5	298	mid-gap	0.0597315436242	0.107382550336	0.10067114094	0.0503355704698	24	3.70833333333	1	13	0.0592369477912	0.143665158371
6187	train	data_pandit/aa/6187/data.6187	5	260	mid-gap	0.11	0.253846153846	0.142307692308	0.0923076923077	51	2.80392156863	2	4	0.0592369477912	0.143665158371
6188	train	data_pandit/aa/6188/data.6188	5	203	mid-gap	0.0610837438424	0.192118226601	0.0492610837438	0.0344827586207	7	8.85714285714	8	16	0.0592369477912	0.143665158371
6191	train	data_pandit/aa/6191/data.6191	9	218	low-gap	0.0361875637105	0.119266055046	0.0688073394495	0.0183486238532	30	2.36666666667	1	3	0.0592369477912	0.143665158371
6193	train	data_pandit/aa/6193/data.6193	4	182	mid-gap	0.0686813186813	0.137362637363	0.137362637363	0.0879120879121	19	2.63157894737	2	5	0.0592369477912	0.143665158371
6195	train	data_pandit/aa/6195/data.6195	6	190	mid-gap	0.0868421052632	0.194736842105	0.142105263158	0.121052631579	24	4.125	4.5	6	0.0592369477912	0.143665158371
6196	train	data_pandit/aa/6196/data.6196	6	143	low-gap	0.0501165501166	0.13986013986	0.041958041958	0.041958041958	17	2.52941176471	1	4	0.0592369477912	0.143665158371
6197	train	data_pandit/aa/6197/data.6197	9	213	low-gap	0.00730307772561	0.018779342723	0.0093896713615	0.00469483568075	14	1	1	1	0.0592369477912	0.143665158371
6199	train	data_pandit/aa/6199/data.6199	17	38	low-gap	0.0433436532508	0.0526315789474	0.0526315789474	0.0526315789474	28	1	1	1	0.0592369477912	0.143665158371
6202	train	data_pandit/aa/6202/data.6202	16	40	low-gap	0.0078125	0.1	0	0	3	1.66666666667	1	1	0.0592369477912	0.143665158371
6203	train	data_pandit/aa/6203/data.6203	6	71	low-gap	0.018779342723	0.056338028169	0.056338028169	0	2	4	4	4	0.0592369477912	0.143665158371
6204	train	data_pandit/aa/6204/data.6204	7	223	low-gap	0.0506085842409	0.107623318386	0.0807174887892	0.0448430493274	35	2.25714285714	1	5	0.0592369477912	0.143665158371
6205	train	data_pandit/aa/6205/data.6205	11	154	mid-gap	0.0755608028335	0.285714285714	0.0909090909091	0.0649350649351	58	2.20689655172	1	6	0.0592369477912	0.143665158371
6211	train	data_pandit/aa/6211/data.6211	5	161	low-gap	0	0	0	0	0	0	0	0	0.0592369477912	0.143665158371
6214	train	data_pandit/aa/6214/data.6214	67	88	low-gap	0.047829036635	0.136363636364	0.0568181818182	0.0568181818182	171	1.64912280702	2	2	0.0592369477912	0.143665158371
6216	train	data_pandit/aa/6216/data.6216	13	29	low-gap	0.0344827586207	0.206896551724	0.0344827586207	0	7	1.85714285714	1	3	0.0592369477912	0.143665158371
6217	train	data_pandit/aa/6217/data.6217	4	399	mid-gap	0.124686716792	0.390977443609	0.390977443609	0.0751879699248	39	5.10256410256	2	8	0.0592369477912	0.143665158371
6219	train	data_pandit/aa/6219/data.6219	4	247	low-gap	0.0161943319838	0.0323886639676	0.0323886639676	0.0161943319838	9	1.77777777778	1	3	0.0592369477912	0.143665158371
6225	train	data_pandit/aa/6225/data.6225	4	73	low-gap	0	0	0	0	0	0	0	0	0.0592369477912	0.143665158371
6227	train	data_pandit/aa/6227/data.6227	25	53	mid-gap	0.138867924528	0.283018867925	0.207547169811	0.188679245283	57	3.22807017544	3	6	0.0592369477912	0.143665158371
6229	train	data_pandit/aa/6229/data.6229	6	39	low-gap	0.00854700854701	0.0512820512821	0	0	2	1	1	1	0.0592369477912	0.143665158371
6231	train	data_pandit/aa/6231/data.6231	37	39	mid-gap	0.130977130977	0.410256410256	0.128205128205	0.128205128205	67	2.82089552239	2	5	0.0592369477912	0.143665158371
6235	train	data_pandit/aa/6235/data.6235	52	180	high-gap	0.328418803419	0.711111111111	0.35	0.344444444444	231	13.3073593074	3	51	0.0592369477912	0.143665158371
6237	train	data_pandit/aa/6237/data.6237	4	191	mid-gap	0.0641361256545	0.141361256545	0.141361256545	0.0732984293194	15	3.26666666667	3	5	0.0592369477912	0.143665158371
6238	train	data_pandit/aa/6238/data.6238	5	504	high-gap	0.255555555556	0.333333333333	0.331349206349	0.319444444444	40	16.1	1.5	10	0.0592369477912	0.143665158371
6239	train	data_pandit/aa/6239/data.6239	5	250	low-gap	0.02	0.032	0.028	0.028	11	2.27272727273	3	3	0.0592369477912	0.143665158371
6244	train	data_pandit/aa/6244/data.6244	9	82	low-gap	0.0189701897019	0.0487804878049	0.0243902439024	0.0243902439024	9	1.55555555556	2	2	0.0592369477912	0.143665158371
6245	train	data_pandit/aa/6245/data.6245	4	77	low-gap	0.00324675324675	0.012987012987	0.012987012987	0	1	1	1	1	0.0592369477912	0.143665158371
6246	train	data_pandit/aa/6246/data.6246	4	249	mid-gap	0.109437751004	0.232931726908	0.232931726908	0.184738955823	10	10.9	6.5	29	0.0592369477912	0.143665158371
6250	train	data_pandit/aa/6250/data.6250	8	306	high-gap	0.21568627451	0.552287581699	0.421568627451	0.196078431373	116	4.55172413793	3	8	0.0592369477912	0.143665158371
6254	train	data_pandit/aa/6254/data.6254	4	337	mid-gap	0.105341246291	0.243323442136	0.243323442136	0.115727002967	49	2.89795918367	2	6	0.0592369477912	0.143665158371
6256	train	data_pandit/aa/6256/data.6256	14	29	low-gap	0.0246305418719	0.241379310345	0	0	4	2.5	3	3	0.0592369477912	0.143665158371
6257	train	data_pandit/aa/6257/data.6257	6	66	low-gap	0.0277777777778	0.0454545454545	0.030303030303	0.030303030303	11	1	1	1	0.0592369477912	0.143665158371
6259	train	data_pandit/aa/6259/data.6259	6	309	low-gap	0.0388349514563	0.106796116505	0.042071197411	0.0323624595469	37	1.94594594595	1	3	0.0592369477912	0.143665158371
6261	train	data_pandit/aa/6261/data.6261	24	55	low-gap	0.0181818181818	0.0363636363636	0.0181818181818	0.0181818181818	24	1	1	1	0.0592369477912	0.143665158371
6267	train	data_pandit/aa/6267/data.6267	7	110	high-gap	0.22987012987	0.436363636364	0.372727272727	0.281818181818	22	8.04545454545	7	15	0.0592369477912	0.143665158371
6269	train	data_pandit/aa/6269/data.6269	5	399	mid-gap	0.0761904761905	0.167919799499	0.0977443609023	0.0601503759398	73	2.08219178082	1	3	0.0592369477912	0.143665158371
6271	train	data_pandit/aa/6271/data.6271	5	559	mid-gap	0.0869409660107	0.150268336315	0.109123434705	0.100178890877	47	5.17021276596	4	11	0.0592369477912	0.143665158371
6272	train	data_pandit/aa/6272/data.6272	4	76	low-gap	0.00986842105263	0.0394736842105	0.0394736842105	0	2	1.5	1.5	1	0.0592369477912	0.143665158371
6273	train	data_pandit/aa/6273/data.6273	4	245	mid-gap	0.109183673469	0.236734693878	0.236734693878	0.134693877551	30	3.56666666667	1.5	7	0.0592369477912	0.143665158371
6276	train	data_pandit/aa/6276/data.6276	5	280	mid-gap	0.112142857143	0.221428571429	0.171428571429	0.110714285714	26	6.03846153846	5	12	0.0592369477912	0.143665158371
6277	train	data_pandit/aa/6277/data.6277	6	81	low-gap	0.0329218106996	0.0617283950617	0.0617283950617	0.0493827160494	12	1.33333333333	1	1	0.0592369477912	0.143665158371
6279	train	data_pandit/aa/6279/data.6279	6	171	low-gap	0.0448343079922	0.111111111111	0.0584795321637	0.0409356725146	16	2.875	3	4	0.0592369477912	0.143665158371
6280	train	data_pandit/aa/6280/data.6280	4	128	low-gap	0.00390625	0.0078125	0.0078125	0.0078125	2	1	1	1	0.0592369477912	0.143665158371
6281	train	data_pandit/aa/6281/data.6281	8	81	mid-gap	0.0632716049383	0.111111111111	0.0864197530864	0.0740740740741	25	1.64	2	2	0.0592369477912	0.143665158371
6282	train	data_pandit/aa/6282/data.6282	11	361	high-gap	0.223117602619	0.709141274238	0.252077562327	0.185595567867	234	3.78632478632	2	8	0.0592369477912	0.143665158371
6283	train	data_pandit/aa/6283/data.6283	6	71	low-gap	0.0281690140845	0.0704225352113	0.0281690140845	0.0281690140845	11	1.09090909091	1	1	0.0592369477912	0.143665158371
6286	train	data_pandit/aa/6286/data.6286	8	132	low-gap	0.0359848484848	0.0606060606061	0.0378787878788	0.0378787878788	23	1.65217391304	2	2	0.0592369477912	0.143665158371
6289	train	data_pandit/aa/6289/data.6289	4	160	mid-gap	0.075	0.1375	0.1375	0.0875	8	6	4	11	0.0592369477912	0.143665158371
6291	train	data_pandit/aa/6291/data.6291	6	206	mid-gap	0.0898058252427	0.23786407767	0.106796116505	0.0679611650485	32	3.46875	3	9	0.0592369477912	0.143665158371
6295	train	data_pandit/aa/6295/data.6295	6	416	mid-gap	0.0657051282051	0.151442307692	0.0913461538462	0.0697115384615	62	2.64516129032	3	4	0.0592369477912	0.143665158371
6296	train	data_pandit/aa/6296/data.6296	6	75	low-gap	0.00222222222222	0.0133333333333	0	0	1	1	1	1	0.0592369477912	0.143665158371
6303	train	data_pandit/aa/6303/data.6303	5	366	mid-gap	0.0945355191257	0.191256830601	0.139344262295	0.0901639344262	68	2.54411764706	2	5	0.0592369477912	0.143665158371
6304	train	data_pandit/aa/6304/data.6304	5	314	low-gap	0.0420382165605	0.0700636942675	0.0668789808917	0.0636942675159	21	3.14285714286	1	10	0.0592369477912	0.143665158371
6305	train	data_pandit/aa/6305/data.6305	6	162	mid-gap	0.0977366255144	0.135802469136	0.123456790123	0.123456790123	10	9.5	7.5	18	0.0592369477912	0.143665158371
6316	train	data_pandit/aa/6316/data.6316	4	314	mid-gap	0.107484076433	0.203821656051	0.203821656051	0.124203821656	28	4.82142857143	1.5	9	0.0592369477912	0.143665158371
6318	train	data_pandit/aa/6318/data.6318	30	42	low-gap	0.047619047619	0.166666666667	0.047619047619	0.047619047619	34	1.76470588235	2	2	0.0592369477912	0.143665158371
6320	train	data_pandit/aa/6320/data.6320	4	261	low-gap	0.0383141762452	0.103448275862	0.103448275862	0.0421455938697	17	2.35294117647	2	4	0.0592369477912	0.143665158371
6324	train	data_pandit/aa/6324/data.6324	10	135	mid-gap	0.0777777777778	0.162962962963	0.103703703704	0.0814814814815	42	2.5	2	5	0.0592369477912	0.143665158371
6328	train	data_pandit/aa/6328/data.6328	4	216	mid-gap	0.0625	0.180555555556	0.180555555556	0.037037037037	16	3.375	2.5	6	0.0592369477912	0.143665158371
6330	train	data_pandit/aa/6330/data.6330	6	243	low-gap	0.0507544581619	0.144032921811	0.0576131687243	0.037037037037	40	1.85	1	4	0.0592369477912	0.143665158371
6335	train	data_pandit/aa/6335/data.6335	6	252	mid-gap	0.0621693121693	0.123015873016	0.0833333333333	0.0595238095238	29	3.24137931034	1	8	0.0592369477912	0.143665158371
6338	train	data_pandit/aa/6338/data.6338	9	93	mid-gap	0.135005973716	0.204301075269	0.150537634409	0.139784946237	8	14.125	13	15	0.0592369477912	0.143665158371
6341	train	data_pandit/aa/6341/data.6341	8	114	mid-gap	0.105263157895	0.149122807018	0.122807017544	0.122807017544	40	2.4	2	6	0.0592369477912	0.143665158371
6346	train	data_pandit/aa/6346/data.6346	4	163	low-gap	0.0475460122699	0.0920245398773	0.0920245398773	0.0490797546012	7	4.42857142857	3	8	0.0592369477912	0.143665158371
6347	train	data_pandit/aa/6347/data.6347	24	159	low-gap	0.0243710691824	0.0880503144654	0.0314465408805	0.0188679245283	30	3.1	3	5	0.0592369477912	0.143665158371
6351	train	data_pandit/aa/6351/data.6351	32	341	low-gap	0.0356488269795	0.0703812316716	0.0410557184751	0.0410557184751	182	2.13736263736	2	5	0.0592369477912	0.143665158371
6352	train	data_pandit/aa/6352/data.6352	15	83	mid-gap	0.118875502008	0.228915662651	0.132530120482	0.120481927711	43	3.44186046512	3	6	0.0592369477912	0.143665158371
6353	train	data_pandit/aa/6353/data.6353	44	82	high-gap	0.148835920177	0.329268292683	0.243902439024	0.19512195122	118	4.55084745763	2	16	0.0592369477912	0.143665158371
6356	train	data_pandit/aa/6356/data.6356	6	178	low-gap	0.0140449438202	0.0393258426966	0.0112359550562	0.0112359550562	13	1.15384615385	1	1	0.0592369477912	0.143665158371
6359	train	data_pandit/aa/6359/data.6359	9	298	low-gap	0.0492170022371	0.0738255033557	0.0536912751678	0.0536912751678	43	3.06976744186	2	10	0.0592369477912	0.143665158371
6361	train	data_pandit/aa/6361/data.6361	8	187	low-gap	0.0167112299465	0.0427807486631	0.0374331550802	0.0160427807487	21	1.19047619048	1	1	0.0592369477912	0.143665158371
6362	train	data_pandit/aa/6362/data.6362	11	275	high-gap	0.312396694215	0.647272727273	0.501818181818	0.316363636364	129	7.32558139535	3	17	0.0592369477912	0.143665158371
6363	train	data_pandit/aa/6363/data.6363	20	102	mid-gap	0.116176470588	0.294117647059	0.156862745098	0.117647058824	60	3.95	3	8	0.0592369477912	0.143665158371
6364	train	data_pandit/aa/6364/data.6364	22	81	mid-gap	0.0852974186308	0.382716049383	0.0987654320988	0.037037037037	76	2	1	4	0.0592369477912	0.143665158371
6365	train	data_pandit/aa/6365/data.6365	35	209	mid-gap	0.0805194805195	0.368421052632	0.0861244019139	0.0765550239234	270	2.18148148148	2	4	0.0592369477912	0.143665158371
6367	train	data_pandit/aa/6367/data.6367	22	38	high-gap	0.254784688995	0.394736842105	0.342105263158	0.263157894737	42	5.07142857143	4.5	7	0.0592369477912	0.143665158371
6368	train	data_pandit/aa/6368/data.6368	10	142	mid-gap	0.143661971831	0.37323943662	0.218309859155	0.133802816901	76	2.68421052632	2	5	0.0592369477912	0.143665158371
6369	train	data_pandit/aa/6369/data.6369	31	152	high-gap	0.219227504244	0.473684210526	0.243421052632	0.203947368421	340	3.03823529412	2	6	0.0592369477912	0.143665158371
6372	train	data_pandit/aa/6372/data.6372	32	126	mid-gap	0.134424603175	0.380952380952	0.206349206349	0.103174603175	227	2.38766519824	1	4	0.0592369477912	0.143665158371
6373	train	data_pandit/aa/6373/data.6373	14	153	high-gap	0.165732959851	0.477124183007	0.274509803922	0.0980392156863	51	6.96078431373	6	16	0.0592369477912	0.143665158371
6376	train	data_pandit/aa/6376/data.6376	14	124	mid-gap	0.0777649769585	0.266129032258	0.104838709677	0.0483870967742	46	2.9347826087	2	4	0.0592369477912	0.143665158371
6377	train	data_pandit/aa/6377/data.6377	53	130	high-gap	0.257764876633	0.530769230769	0.330769230769	0.3	191	9.29842931937	1	41	0.0592369477912	0.143665158371
6378	train	data_pandit/aa/6378/data.6378	12	453	low-gap	0.0206033848418	0.0353200883002	0.0242825607064	0.0220750551876	43	2.60465116279	3	5	0.0592369477912	0.143665158371
6381	train	data_pandit/aa/6381/data.6381	11	165	mid-gap	0.10303030303	0.139393939394	0.109090909091	0.109090909091	45	4.15555555556	4	7	0.0592369477912	0.143665158371
6383	train	data_pandit/aa/6383/data.6383	6	79	mid-gap	0.0632911392405	0.139240506329	0.101265822785	0.0886075949367	15	2	2	3	0.0592369477912	0.143665158371
6384	train	data_pandit/aa/6384/data.6384	15	77	low-gap	0.0285714285714	0.0909090909091	0.025974025974	0.025974025974	15	2.2	2	2	0.0592369477912	0.143665158371
6385	train	data_pandit/aa/6385/data.6385	11	71	mid-gap	0.0691421254802	0.112676056338	0.0985915492958	0.056338028169	26	2.07692307692	3	3	0.0592369477912	0.143665158371
6390	train	data_pandit/aa/6390/data.6390	9	265	high-gap	0.157232704403	0.328301886792	0.188679245283	0.154716981132	64	5.859375	3.5	14	0.0592369477912	0.143665158371
6391	train	data_pandit/aa/6391/data.6391	4	338	low-gap	0.0110946745562	0.0207100591716	0.0207100591716	0.0118343195266	10	1.5	1	2	0.0592369477912	0.143665158371
6392	train	data_pandit/aa/6392/data.6392	15	68	low-gap	0.0333333333333	0.161764705882	0.0294117647059	0.0294117647059	28	1.21428571429	1	1	0.0592369477912	0.143665158371
6393	train	data_pandit/aa/6393/data.6393	4	337	low-gap	0.00222551928783	0.00593471810089	0.00593471810089	0.00296735905045	3	1	1	1	0.0592369477912	0.143665158371
6394	train	data_pandit/aa/6394/data.6394	13	85	low-gap	0.0542986425339	0.0588235294118	0.0588235294118	0.0588235294118	24	2.5	2.5	4	0.0592369477912	0.143665158371
6395	train	data_pandit/aa/6395/data.6395	8	211	mid-gap	0.071682464455	0.161137440758	0.113744075829	0.0805687203791	43	2.81395348837	2	8	0.0592369477912	0.143665158371
6396	train	data_pandit/aa/6396/data.6396	11	93	mid-gap	0.0830889540567	0.301075268817	0.0860215053763	0.0645161290323	25	3.4	3	6	0.0592369477912	0.143665158371
6401	train	data_pandit/aa/6401/data.6401	18	147	mid-gap	0.0861678004535	0.142857142857	0.108843537415	0.0952380952381	112	2.03571428571	1	5	0.0592369477912	0.143665158371
6402	train	data_pandit/aa/6402/data.6402	10	158	low-gap	0.0113924050633	0.0696202531646	0.00632911392405	0.00632911392405	12	1.5	1	2	0.0592369477912	0.143665158371
6405	train	data_pandit/aa/6405/data.6405	11	158	mid-gap	0.11334867664	0.23417721519	0.151898734177	0.113924050633	57	3.45614035088	2	6	0.0592369477912	0.143665158371
6412	train	data_pandit/aa/6412/data.6412	4	166	low-gap	0.0376506024096	0.066265060241	0.066265060241	0.0602409638554	8	3.125	1.5	8	0.0592369477912	0.143665158371
6413	train	data_pandit/aa/6413/data.6413	6	257	low-gap	0.0311284046693	0.0466926070039	0.0428015564202	0.0350194552529	27	1.77777777778	1	3	0.0592369477912	0.143665158371
6414	train	data_pandit/aa/6414/data.6414	11	251	high-gap	0.149945671858	0.450199203187	0.195219123506	0.127490039841	80	5.175	2	18	0.0592369477912	0.143665158371
6415	train	data_pandit/aa/6415/data.6415	5	411	low-gap	0.0267639902676	0.0462287104623	0.0340632603406	0.0267639902676	33	1.66666666667	1	3	0.0592369477912	0.143665158371
6419	train	data_pandit/aa/6419/data.6419	10	60	low-gap	0.05	0.166666666667	0.05	0.0333333333333	18	1.66666666667	1	3	0.0592369477912	0.143665158371
6421	train	data_pandit/aa/6421/data.6421	7	639	low-gap	0.0420299575229	0.0876369327074	0.0719874804382	0.0391236306729	87	2.16091954023	1	5	0.0592369477912	0.143665158371
6423	train	data_pandit/aa/6423/data.6423	17	285	mid-gap	0.0627450980392	0.129824561404	0.0842105263158	0.059649122807	115	2.64347826087	2	6	0.0592369477912	0.143665158371
6426	train	data_pandit/aa/6426/data.6426	24	58	low-gap	0	0	0	0	0	0	0	0	0.0592369477912	0.143665158371
6427	train	data_pandit/aa/6427/data.6427	6	342	low-gap	0.0292397660819	0.0526315789474	0.0380116959064	0.0350877192982	27	2.22222222222	2	3	0.0592369477912	0.143665158371
6428	train	data_pandit/aa/6428/data.6428	14	209	mid-gap	0.105946684894	0.253588516746	0.143540669856	0.0956937799043	100	3.1	2	5	0.0592369477912	0.143665158371
6430	train	data_pandit/aa/6430/data.6430	6	279	low-gap	0.0221027479092	0.0394265232975	0.0286738351254	0.0250896057348	31	1.1935483871	1	2	0.0592369477912	0.143665158371
6431	train	data_pandit/aa/6431/data.6431	74	81	mid-gap	0.101601601602	0.345679012346	0.123456790123	0.123456790123	142	4.28873239437	3	9	0.0592369477912	0.143665158371
6433	train	data_pandit/aa/6433/data.6433	5	162	low-gap	0.0432098765432	0.135802469136	0.0555555555556	0.0185185185185	14	2.5	2.5	4	0.0592369477912	0.143665158371
6434	train	data_pandit/aa/6434/data.6434	27	62	low-gap	0.00418160095579	0.0483870967742	0	0	7	1	1	1	0.0592369477912	0.143665158371
6435	train	data_pandit/aa/6435/data.6435	15	259	low-gap	0.0481338481338	0.200772200772	0.0617760617761	0.042471042471	67	2.79104477612	2	5	0.0592369477912	0.143665158371
6436	train	data_pandit/aa/6436/data.6436	16	313	mid-gap	0.073482428115	0.20447284345	0.102236421725	0.0670926517572	141	2.60992907801	1	5	0.0592369477912	0.143665158371
6439	train	data_pandit/aa/6439/data.6439	42	76	mid-gap	0.0839598997494	0.447368421053	0.0789473684211	0.0789473684211	218	1.22935779817	1	2	0.0592369477912	0.143665158371
6440	train	data_pandit/aa/6440/data.6440	6	221	mid-gap	0.128205128205	0.316742081448	0.158371040724	0.117647058824	24	7.08333333333	7	13	0.0592369477912	0.143665158371
6441	train	data_pandit/aa/6441/data.6441	6	115	low-gap	0.0579710144928	0.191304347826	0.0608695652174	0.0434782608696	15	2.66666666667	2	5	0.0592369477912	0.143665158371
6442	train	data_pandit/aa/6442/data.6442	24	206	high-gap	0.164441747573	0.252427184466	0.179611650485	0.169902912621	186	4.37096774194	3	12	0.0592369477912	0.143665158371
6443	train	data_pandit/aa/6443/data.6443	5	267	low-gap	0.0262172284644	0.104868913858	0.0149812734082	0.00749063670412	21	1.66666666667	1	3	0.0592369477912	0.143665158371
6444	train	data_pandit/aa/6444/data.6444	18	78	high-gap	0.169515669516	0.294871794872	0.217948717949	0.217948717949	76	3.13157894737	2	8	0.0592369477912	0.143665158371
6445	train	data_pandit/aa/6445/data.6445	14	424	low-gap	0.0554245283019	0.0778301886792	0.063679245283	0.061320754717	123	2.67479674797	2	4	0.0592369477912	0.143665158371
6447	train	data_pandit/aa/6447/data.6447	34	189	mid-gap	0.104108309991	0.195767195767	0.174603174603	0.111111111111	200	3.345	1	10	0.0592369477912	0.143665158371
6449	train	data_pandit/aa/6449/data.6449	10	49	mid-gap	0.126530612245	0.428571428571	0.204081632653	0.102040816327	23	2.69565217391	2	4	0.0592369477912	0.143665158371
6450	train	data_pandit/aa/6450/data.6450	8	333	low-gap	0.0191441441441	0.036036036036	0.027027027027	0.018018018018	32	1.59375	1	3	0.0592369477912	0.143665158371
6451	train	data_pandit/aa/6451/data.6451	11	57	low-gap	0	0	0	0	0	0	0	0	0.0592369477912	0.143665158371
6452	train	data_pandit/aa/6452/data.6452	19	118	high-gap	0.206066012489	0.372881355932	0.21186440678	0.21186440678	58	7.96551724138	8	15	0.0592369477912	0.143665158371
6454	train	data_pandit/aa/6454/data.6454	9	258	mid-gap	0.0654608096469	0.135658914729	0.108527131783	0.093023255814	40	3.8	3	8	0.0592369477912	0.143665158371
6455	train	data_pandit/aa/6455/data.6455	7	321	low-gap	0.0360480640854	0.0841121495327	0.0654205607477	0.0280373831776	40	2.025	2	3	0.0592369477912	0.143665158371
6456	train	data_pandit/aa/6456/data.6456	17	191	mid-gap	0.0794579611949	0.167539267016	0.0890052356021	0.0732984293194	108	2.38888888889	1	6	0.0592369477912	0.143665158371
6457	train	data_pandit/aa/6457/data.6457	7	131	low-gap	0.00763358778626	0.0152671755725	0.00763358778626	0.00763358778626	7	1	1	1	0.0592369477912	0.143665158371
6464	train	data_pandit/aa/6464/data.6464	14	194	low-gap	0.029823269514	0.0824742268041	0.0360824742268	0.0257731958763	25	3.24	4	5	0.0592369477912	0.143665158371
6465	train	data_pandit/aa/6465/data.6465	10	92	low-gap	0.0130434782609	0.0434782608696	0.0108695652174	0.0108695652174	11	1.09090909091	1	1	0.0592369477912	0.143665158371
6466	train	data_pandit/aa/6466/data.6466	14	268	mid-gap	0.079157782516	0.152985074627	0.0820895522388	0.0746268656716	119	2.49579831933	1	5	0.0592369477912	0.143665158371
6467	train	data_pandit/aa/6467/data.6467	9	83	mid-gap	0.0722891566265	0.132530120482	0.0722891566265	0.0722891566265	17	3.17647058824	4	4	0.0592369477912	0.143665158371
6469	train	data_pandit/aa/6469/data.6469	15	186	low-gap	0.0258064516129	0.0483870967742	0.0322580645161	0.0215053763441	30	2.4	1	4	0.0592369477912	0.143665158371
6470	train	data_pandit/aa/6470/data.6470	17	142	mid-gap	0.125517812759	0.246478873239	0.147887323944	0.133802816901	93	3.25806451613	2	12	0.0592369477912	0.143665158371
6471	train	data_pandit/aa/6471/data.6471	12	203	low-gap	0	0	0	0	0	0	0	0	0.0592369477912	0.143665158371
6472	train	data_pandit/aa/6472/data.6472	7	152	low-gap	0.0216165413534	0.0328947368421	0.0328947368421	0.0263157894737	19	1.21052631579	1	2	0.0592369477912	0.143665158371
6473	train	data_pandit/aa/6473/data.6473	8	194	mid-gap	0.0644329896907	0.211340206186	0.0927835051546	0.0567010309278	47	2.12765957447	1	3	0.0592369477912	0.143665158371
6474	train	data_pandit/aa/6474/data.6474	9	147	low-gap	0.0551776266062	0.102040816327	0.0680272108844	0.0612244897959	28	2.60714285714	3	5	0.0592369477912	0.143665158371
6476	train	data_pandit/aa/6476/data.6476	20	67	low-gap	0.0268656716418	0.0746268656716	0.044776119403	0.0298507462687	27	1.33333333333	1	2	0.0592369477912	0.143665158371
6478	train	data_pandit/aa/6478/data.6478	9	101	low-gap	0.020902090209	0.039603960396	0.039603960396	0.019801980198	11	1.72727272727	1	3	0.0592369477912	0.143665158371
6479	train	data_pandit/aa/6479/data.6479	25	61	low-gap	0.055737704918	0.131147540984	0.0655737704918	0.0491803278689	35	2.42857142857	3	3	0.0592369477912	0.143665158371
6480	train	data_pandit/aa/6480/data.6480	5	112	low-gap	0.0178571428571	0.0446428571429	0.0178571428571	0.0178571428571	10	1	1	1	0.0592369477912	0.143665158371
6484	train	data_pandit/aa/6484/data.6484	36	143	high-gap	0.17365967366	0.433566433566	0.202797202797	0.181818181818	266	3.36090225564	2	8	0.0592369477912	0.143665158371
6486	train	data_pandit/aa/6486/data.6486	11	94	low-gap	0.00580270793037	0.0106382978723	0.0106382978723	0.0106382978723	6	1	1	1	0.0592369477912	0.143665158371
6488	train	data_pandit/aa/6488/data.6488	11	138	mid-gap	0.111330698287	0.18115942029	0.115942028986	0.115942028986	71	2.38028169014	2	5	0.0592369477912	0.143665158371
6490	train	data_pandit/aa/6490/data.6490	7	465	high-gap	0.176958525346	0.356989247312	0.268817204301	0.167741935484	90	6.4	3	10	0.0592369477912	0.143665158371
6491	train	data_pandit/aa/6491/data.6491	4	209	low-gap	0.0287081339713	0.0813397129187	0.0813397129187	0.0334928229665	9	2.66666666667	3	3	0.0592369477912	0.143665158371
6494	train	data_pandit/aa/6494/data.6494	11	653	low-gap	0.0187943756091	0.0474732006126	0.0245022970904	0.0168453292496	68	1.98529411765	2	3	0.0592369477912	0.143665158371
6496	train	data_pandit/aa/6496/data.6496	18	81	mid-gap	0.139231824417	0.345679012346	0.20987654321	0.123456790123	83	2.44578313253	2	5	0.0592369477912	0.143665158371
6497	train	data_pandit/aa/6497/data.6497	6	110	low-gap	0	0	0	0	0	0	0	0	0.0592369477912	0.143665158371
6498	train	data_pandit/aa/6498/data.6498	9	179	mid-gap	0.104903786468	0.189944134078	0.162011173184	0.0782122905028	40	4.225	3	9	0.0592369477912	0.143665158371
6499	train	data_pandit/aa/6499/data.6499	11	149	mid-gap	0.123856009762	0.234899328859	0.161073825503	0.127516778523	71	2.85915492958	3	6	0.0592369477912	0.143665158371
6501	train	data_pandit/aa/6501/data.6501	5	128	low-gap	0.05625	0.09375	0.0625	0.0625	14	2.57142857143	2	4	0.0592369477912	0.143665158371
6505	train	data_pandit/aa/6505/data.6505	11	60	low-gap	0.0515151515152	0.116666666667	0.05	0.05	21	1.61904761905	2	2	0.0592369477912	0.143665158371
6511	train	data_pandit/aa/6511/data.6511	4	166	low-gap	0.0271084337349	0.0361445783133	0.0361445783133	0.0361445783133	9	2	2	3	0.0592369477912	0.143665158371
6512	train	data_pandit/aa/6512/data.6512	10	366	mid-gap	0.0633879781421	0.125683060109	0.0819672131148	0.0737704918033	87	2.66666666667	2	5	0.0592369477912	0.143665158371
6513	train	data_pandit/aa/6513/data.6513	7	151	mid-gap	0.0974456007569	0.211920529801	0.198675496689	0.0728476821192	19	5.42105263158	6	9	0.0592369477912	0.143665158371
6516	train	data_pandit/aa/6516/data.6516	12	171	low-gap	0.0448343079922	0.0643274853801	0.0526315789474	0.0526315789474	31	2.96774193548	4	4	0.0592369477912	0.143665158371
6521	train	data_pandit/aa/6521/data.6521	6	65	low-gap	0.0128205128205	0.0153846153846	0.0153846153846	0.0153846153846	5	1	1	1	0.0592369477912	0.143665158371
6522	train	data_pandit/aa/6522/data.6522	8	140	low-gap	0.0151785714286	0.05	0.0285714285714	0.00714285714286	15	1.13333333333	1	1	0.0592369477912	0.143665158371
6523	train	data_pandit/aa/6523/data.6523	13	124	low-gap	0.0446650124069	0.16935483871	0.0645161290323	0.0322580645161	29	2.48275862069	2	6	0.0592369477912	0.143665158371
6526	train	data_pandit/aa/6526/data.6526	4	229	low-gap	0.0305676855895	0.0524017467249	0.0524017467249	0.0436681222707	13	2.15384615385	1	3	0.0592369477912	0.143665158371
6528	train	data_pandit/aa/6528/data.6528	5	168	mid-gap	0.0869047619048	0.190476190476	0.136904761905	0.0892857142857	17	4.29411764706	3	8	0.0592369477912	0.143665158371
6530	train	data_pandit/aa/6530/data.6530	7	408	mid-gap	0.130952380952	0.28431372549	0.223039215686	0.120098039216	49	7.63265306122	6	17	0.0592369477912	0.143665158371
6531	train	data_pandit/aa/6531/data.6531	33	231	mid-gap	0.114521841795	0.220779220779	0.142857142857	0.112554112554	247	3.53441295547	2	8	0.0592369477912	0.143665158371
6533	train	data_pandit/aa/6533/data.6533	4	148	mid-gap	0.0793918918919	0.162162162162	0.162162162162	0.135135135135	11	4.27272727273	2	10	0.0592369477912	0.143665158371
6534	train	data_pandit/aa/6534/data.6534	7	116	low-gap	0.0369458128079	0.112068965517	0.051724137931	0.0258620689655	18	1.66666666667	1	2	0.0592369477912	0.143665158371
6536	train	data_pandit/aa/6536/data.6536	10	226	mid-gap	0.0703539823009	0.234513274336	0.0884955752212	0.0530973451327	42	3.78571428571	4	5	0.0592369477912	0.143665158371
6538	train	data_pandit/aa/6538/data.6538	10	195	mid-gap	0.0917948717949	0.328205128205	0.0769230769231	0.0769230769231	46	3.89130434783	3	7	0.0592369477912	0.143665158371
6541	train	data_pandit/aa/6541/data.6541	7	139	mid-gap	0.132579650565	0.237410071942	0.215827338129	0.215827338129	11	11.7272727273	2	28	0.0592369477912	0.143665158371
6543	train	data_pandit/aa/6543/data.6543	12	195	high-gap	0.155555555556	0.389743589744	0.184615384615	0.138461538462	159	2.2893081761	1	5	0.0592369477912	0.143665158371
6550	train	data_pandit/aa/6550/data.6550	6	754	low-gap	0.0245358090186	0.0490716180371	0.0477453580902	0.025198938992	50	2.22	1	4	0.0592369477912	0.143665158371
6553	train	data_pandit/aa/6553/data.6553	7	172	low-gap	0.0207641196013	0.0697674418605	0.0174418604651	0.0174418604651	13	1.92307692308	2	2	0.0592369477912	0.143665158371
6554	train	data_pandit/aa/6554/data.6554	6	126	mid-gap	0.0806878306878	0.166666666667	0.111111111111	0.111111111111	10	6.1	3.5	13	0.0592369477912	0.143665158371
6555	train	data_pandit/aa/6555/data.6555	5	184	mid-gap	0.0630434782609	0.103260869565	0.070652173913	0.070652173913	19	3.05263157895	2	7	0.0592369477912	0.143665158371
6557	train	data_pandit/aa/6557/data.6557	5	107	low-gap	0	0	0	0	0	0	0	0	0.0592369477912	0.143665158371
6559	train	data_pandit/aa/6559/data.6559	6	139	mid-gap	0.0923261390887	0.158273381295	0.136690647482	0.129496402878	20	3.85	3	7	0.0592369477912	0.143665158371
6562	train	data_pandit/aa/6562/data.6562	10	109	low-gap	0.0110091743119	0.0183486238532	0.0183486238532	0.0183486238532	6	2	2	2	0.0592369477912	0.143665158371
6563	train	data_pandit/aa/6563/data.6563	8	114	low-gap	0.0285087719298	0.0789473684211	0.0438596491228	0.0350877192982	13	2	2	3	0.0592369477912	0.143665158371
6564	train	data_pandit/aa/6564/data.6564	10	90	low-gap	0.0555555555556	0.188888888889	0.0555555555556	0.0333333333333	25	2	2	3	0.0592369477912	0.143665158371
6569	train	data_pandit/aa/6569/data.6569	8	111	low-gap	0.0202702702703	0.0990990990991	0.018018018018	0.00900900900901	10	1.8	1	4	0.0592369477912	0.143665158371
6570	train	data_pandit/aa/6570/data.6570	61	68	high-gap	0.257232401157	0.485294117647	0.308823529412	0.264705882353	188	5.67553191489	3	14	0.0592369477912	0.143665158371
6572	train	data_pandit/aa/6572/data.6572	5	444	low-gap	0.0581081081081	0.15990990991	0.0833333333333	0.0315315315315	54	2.38888888889	1.5	4	0.0592369477912	0.143665158371
6573	train	data_pandit/aa/6573/data.6573	10	183	mid-gap	0.130054644809	0.453551912568	0.169398907104	0.103825136612	74	3.21621621622	3	7	0.0592369477912	0.143665158371
6576	train	data_pandit/aa/6576/data.6576	19	148	low-gap	0.0590327169275	0.135135135135	0.0675675675676	0.0608108108108	49	3.38775510204	4	5	0.0592369477912	0.143665158371
6578	train	data_pandit/aa/6578/data.6578	25	234	high-gap	0.167521367521	0.457264957265	0.192307692308	0.175213675214	260	3.76923076923	2	11	0.0592369477912	0.143665158371
6579	train	data_pandit/aa/6579/data.6579	22	423	mid-gap	0.0964968837309	0.191489361702	0.130023640662	0.108747044917	101	8.89108910891	2	41	0.0592369477912	0.143665158371
6580	train	data_pandit/aa/6580/data.6580	12	277	high-gap	0.156137184116	0.28880866426	0.209386281588	0.15523465704	143	3.62937062937	2	7	0.0592369477912	0.143665158371
6581	train	data_pandit/aa/6581/data.6581	13	84	low-gap	0.003663003663	0.0357142857143	0	0	4	1	1	1	0.0592369477912	0.143665158371
6582	train	data_pandit/aa/6582/data.6582	62	125	high-gap	0.226322580645	0.504	0.288	0.272	599	2.92821368948	2	5	0.0592369477912	0.143665158371
6583	train	data_pandit/aa/6583/data.6583	101	175	high-gap	0.334653465347	0.622857142857	0.342857142857	0.325714285714	1967	3.00711743772	2	6	0.0592369477912	0.143665158371
6584	train	data_pandit/aa/6584/data.6584	24	78	low-gap	0.0373931623932	0.294871794872	0.025641025641	0.025641025641	49	1.42857142857	1	1	0.0592369477912	0.143665158371
6587	train	data_pandit/aa/6587/data.6587	16	213	mid-gap	0.120011737089	0.234741784038	0.12676056338	0.117370892019	106	3.85849056604	3	8	0.0592369477912	0.143665158371
6590	train	data_pandit/aa/6590/data.6590	22	77	mid-gap	0.0873671782763	0.337662337662	0.116883116883	0.0779220779221	60	2.46666666667	1	7	0.0592369477912	0.143665158371
6592	train	data_pandit/aa/6592/data.6592	5	171	high-gap	0.147368421053	0.374269005848	0.169590643275	0.116959064327	25	5.04	2	7	0.0592369477912	0.143665158371
6593	train	data_pandit/aa/6593/data.6593	4	163	mid-gap	0.0782208588957	0.159509202454	0.159509202454	0.0858895705521	17	3	3	4	0.0592369477912	0.143665158371
6595	train	data_pandit/aa/6595/data.6595	22	176	high-gap	0.245609504132	0.556818181818	0.284090909091	0.244318181818	121	7.85950413223	7	17	0.0592369477912	0.143665158371
6597	train	data_pandit/aa/6597/data.6597	9	101	mid-gap	0.123212321232	0.287128712871	0.158415841584	0.138613861386	38	2.94736842105	3	5	0.0592369477912	0.143665158371
6598	train	data_pandit/aa/6598/data.6598	19	215	high-gap	0.291309669523	0.590697674419	0.386046511628	0.26976744186	106	11.2264150943	4	41	0.0592369477912	0.143665158371
6599	train	data_pandit/aa/6599/data.6599	10	38	low-gap	0.0578947368421	0.184210526316	0.0789473684211	0.0263157894737	12	1.83333333333	1	3	0.0592369477912	0.143665158371
6601	train	data_pandit/aa/6601/data.6601	11	68	low-gap	0.0534759358289	0.102941176471	0.0735294117647	0.0588235294118	33	1.21212121212	1	2	0.0592369477912	0.143665158371
6604	train	data_pandit/aa/6604/data.6604	5	308	mid-gap	0.105194805195	0.230519480519	0.12012987013	0.103896103896	58	2.79310344828	2	6	0.0592369477912	0.143665158371
6606	train	data_pandit/aa/6606/data.6606	13	124	mid-gap	0.060794044665	0.145161290323	0.0725806451613	0.0564516129032	39	2.51282051282	2	4	0.0592369477912	0.143665158371
6609	train	data_pandit/aa/6609/data.6609	19	368	high-gap	0.166332951945	0.282608695652	0.201086956522	0.16847826087	218	5.33486238532	4	13	0.0592369477912	0.143665158371
6610	train	data_pandit/aa/6610/data.6610	6	258	low-gap	0.0213178294574	0.0581395348837	0.0271317829457	0.0232558139535	25	1.32	1	2	0.0592369477912	0.143665158371
6611	train	data_pandit/aa/6611/data.6611	9	131	low-gap	0.0568278201866	0.0839694656489	0.0610687022901	0.0610687022901	49	1.36734693878	1	3	0.0592369477912	0.143665158371
6612	train	data_pandit/aa/6612/data.6612	10	378	mid-gap	0.128571428571	0.285714285714	0.201058201058	0.174603174603	66	7.36363636364	2	16	0.0592369477912	0.143665158371
6614	train	data_pandit/aa/6614/data.6614	4	197	mid-gap	0.0913705583756	0.263959390863	0.263959390863	0.0812182741117	23	3.13043478261	1	6	0.0592369477912	0.143665158371
6615	train	data_pandit/aa/6615/data.6615	24	176	high-gap	0.164299242424	0.335227272727	0.210227272727	0.176136363636	223	3.11210762332	2	8	0.0592369477912	0.143665158371
6616	train	data_pandit/aa/6616/data.6616	8	267	low-gap	0.0159176029963	0.0486891385768	0.0187265917603	0.0149812734082	24	1.41666666667	1	2	0.0592369477912	0.143665158371
6617	train	data_pandit/aa/6617/data.6617	18	30	high-gap	0.183333333333	0.566666666667	0.266666666667	0.133333333333	43	2.3023255814	1	5	0.0592369477912	0.143665158371
6618	train	data_pandit/aa/6618/data.6618	10	231	low-gap	0.0519480519481	0.103896103896	0.0735930735931	0.0562770562771	42	2.85714285714	3	6	0.0592369477912	0.143665158371
6620	train	data_pandit/aa/6620/data.6620	16	116	mid-gap	0.141163793103	0.258620689655	0.198275862069	0.181034482759	63	4.15873015873	3	12	0.0592369477912	0.143665158371
6621	train	data_pandit/aa/6621/data.6621	10	131	mid-gap	0.129770992366	0.282442748092	0.152671755725	0.129770992366	20	8.5	4.5	17	0.0592369477912	0.143665158371
6624	train	data_pandit/aa/6624/data.6624	22	42	high-gap	0.172077922078	0.190476190476	0.190476190476	0.190476190476	57	2.78947368421	1	6	0.0592369477912	0.143665158371
6625	train	data_pandit/aa/6625/data.6625	5	190	low-gap	0.0505263157895	0.157894736842	0.0631578947368	0.0210526315789	14	3.42857142857	2.5	5	0.0592369477912	0.143665158371
6626	train	data_pandit/aa/6626/data.6626	5	273	low-gap	0.0358974358974	0.0586080586081	0.043956043956	0.043956043956	24	2.04166666667	2	3	0.0592369477912	0.143665158371
6630	train	data_pandit/aa/6630/data.6630	5	114	low-gap	0.00350877192982	0.0175438596491	0	0	2	1	1	1	0.0592369477912	0.143665158371
6632	train	data_pandit/aa/6632/data.6632	7	195	low-gap	0.0168498168498	0.0461538461538	0.0307692307692	0.0102564102564	7	3.28571428571	2	6	0.0592369477912	0.143665158371
6635	train	data_pandit/aa/6635/data.6635	7	260	low-gap	0.0208791208791	0.0576923076923	0.0269230769231	0.0192307692308	27	1.40740740741	1	2	0.0592369477912	0.143665158371
6636	train	data_pandit/aa/6636/data.6636	23	148	mid-gap	0.0919506462985	0.324324324324	0.141891891892	0.0405405405405	76	4.11842105263	4	11	0.0592369477912	0.143665158371
6638	train	data_pandit/aa/6638/data.6638	8	96	low-gap	0.0221354166667	0.0520833333333	0.03125	0.0208333333333	15	1.13333333333	1	1	0.0592369477912	0.143665158371
6641	train	data_pandit/aa/6641/data.6641	8	144	low-gap	0.0546875	0.0972222222222	0.0833333333333	0.0694444444444	33	1.90909090909	2	3	0.0592369477912	0.143665158371
6642	train	data_pandit/aa/6642/data.6642	6	189	mid-gap	0.125220458554	0.222222222222	0.21164021164	0.126984126984	19	7.47368421053	3	19	0.0592369477912	0.143665158371
6645	train	data_pandit/aa/6645/data.6645	6	365	mid-gap	0.120091324201	0.249315068493	0.2	0.153424657534	35	7.51428571429	4	17	0.0592369477912	0.143665158371
6646	train	data_pandit/aa/6646/data.6646	5	167	low-gap	0.0359281437126	0.14371257485	0.0359281437126	0	11	2.72727272727	1	6	0.0592369477912	0.143665158371
6648	train	data_pandit/aa/6648/data.6648	4	122	low-gap	0.0348360655738	0.0737704918033	0.0737704918033	0.0655737704918	2	8.5	8.5	8	0.0592369477912	0.143665158371
6650	train	data_pandit/aa/6650/data.6650	4	298	mid-gap	0.0964765100671	0.241610738255	0.241610738255	0.0805369127517	35	3.28571428571	2	7	0.0592369477912	0.143665158371
6651	train	data_pandit/aa/6651/data.6651	7	214	mid-gap	0.0707610146862	0.140186915888	0.107476635514	0.0794392523364	29	3.65517241379	4	6	0.0592369477912	0.143665158371
6654	train	data_pandit/aa/6654/data.6654	12	48	low-gap	0.00347222222222	0.0416666666667	0	0	1	2	2	2	0.0592369477912	0.143665158371
6656	train	data_pandit/aa/6656/data.6656	16	96	low-gap	0.0358072916667	0.0729166666667	0.0416666666667	0.03125	53	1.03773584906	1	1	0.0592369477912	0.143665158371
6658	train	data_pandit/aa/6658/data.6658	7	137	low-gap	0.0250260688217	0.036496350365	0.036496350365	0.029197080292	18	1.33333333333	1	2	0.0592369477912	0.143665158371
6661	train	data_pandit/aa/6661/data.6661	7	148	low-gap	0.027027027027	0.0472972972973	0.0405405405405	0.0337837837838	14	2	1	4	0.0592369477912	0.143665158371
6663	train	data_pandit/aa/6663/data.6663	5	117	high-gap	0.148717948718	0.316239316239	0.205128205128	0.17094017094	24	3.625	3	5	0.0592369477912	0.143665158371
6666	train	data_pandit/aa/6666/data.6666	11	402	low-gap	0.033921302578	0.0671641791045	0.0422885572139	0.0298507462687	86	1.74418604651	1	4	0.0592369477912	0.143665158371
6667	train	data_pandit/aa/6667/data.6667	5	131	low-gap	0.0274809160305	0.106870229008	0.030534351145	0	3	6	5	5	0.0592369477912	0.143665158371
6672	train	data_pandit/aa/6672/data.6672	6	96	mid-gap	0.100694444444	0.145833333333	0.125	0.125	6	9.66666666667	12	12	0.0592369477912	0.143665158371
6674	train	data_pandit/aa/6674/data.6674	9	125	mid-gap	0.126222222222	0.328	0.12	0.112	20	7.1	3	10	0.0592369477912	0.143665158371
6675	train	data_pandit/aa/6675/data.6675	4	322	mid-gap	0.122670807453	0.192546583851	0.192546583851	0.183229813665	23	6.86956521739	8	11	0.0592369477912	0.143665158371
6676	train	data_pandit/aa/6676/data.6676	8	508	high-gap	0.356545275591	0.531496062992	0.466535433071	0.411417322835	135	10.7333333333	2	32	0.0592369477912	0.143665158371
6681	train	data_pandit/aa/6681/data.6681	9	238	mid-gap	0.0690943043884	0.117647058824	0.113445378151	0.0840336134454	44	3.36363636364	1	10	0.0592369477912	0.143665158371
6682	train	data_pandit/aa/6682/data.6682	5	223	low-gap	0.0439461883408	0.143497757848	0.0358744394619	0.0224215246637	16	3.0625	1.5	6	0.0592369477912	0.143665158371
6683	train	data_pandit/aa/6683/data.6683	6	251	low-gap	0.0245683930943	0.0478087649402	0.0278884462151	0.0278884462151	25	1.48	1	2	0.0592369477912	0.143665158371
6684	train	data_pandit/aa/6684/data.6684	8	86	mid-gap	0.0828488372093	0.127906976744	0.127906976744	0.0697674418605	17	3.35294117647	4	6	0.0592369477912	0.143665158371
6687	train	data_pandit/aa/6687/data.6687	6	81	low-gap	0.0246913580247	0.0740740740741	0.037037037037	0.037037037037	5	2.4	3	3	0.0592369477912	0.143665158371
6688	train	data_pandit/aa/6688/data.6688	9	231	mid-gap	0.0827320827321	0.147186147186	0.112554112554	0.103896103896	37	4.64864864865	4	11	0.0592369477912	0.143665158371
6690	train	data_pandit/aa/6690/data.6690	7	144	low-gap	0.00793650793651	0.0277777777778	0.00694444444444	0.00694444444444	5	1.6	1	1	0.0592369477912	0.143665158371
6693	train	data_pandit/aa/6693/data.6693	5	229	low-gap	0.0436681222707	0.0960698689956	0.0524017467249	0.0349344978166	18	2.77777777778	2.5	4	0.0592369477912	0.143665158371
6694	train	data_pandit/aa/6694/data.6694	4	186	mid-gap	0.130376344086	0.268817204301	0.268817204301	0.150537634409	18	5.38888888889	2.5	15	0.0592369477912	0.143665158371
6696	train	data_pandit/aa/6696/data.6696	5	204	mid-gap	0.0843137254902	0.186274509804	0.107843137255	0.093137254902	26	3.30769230769	2	6	0.0592369477912	0.143665158371
6697	train	data_pandit/aa/6697/data.6697	9	97	low-gap	0.0515463917526	0.134020618557	0.0721649484536	0.0412371134021	24	1.875	1.5	3	0.0592369477912	0.143665158371
6699	train	data_pandit/aa/6699/data.6699	6	607	mid-gap	0.0628775398133	0.130148270181	0.123558484349	0.108731466227	50	4.58	2	16	0.0592369477912	0.143665158371
6700	train	data_pandit/aa/6700/data.6700	4	254	low-gap	0.0226377952756	0.0393700787402	0.0393700787402	0.0393700787402	12	1.91666666667	2	2	0.0592369477912	0.143665158371
6701	train	data_pandit/aa/6701/data.6701	6	254	low-gap	0.0288713910761	0.0984251968504	0.0393700787402	0.0275590551181	17	2.58823529412	1	6	0.0592369477912	0.143665158371
6702	train	data_pandit/aa/6702/data.6702	4	245	low-gap	0.0224489795918	0.0734693877551	0.0734693877551	0.0163265306122	5	4.4	2	2	0.0592369477912	0.143665158371
6703	train	data_pandit/aa/6703/data.6703	6	727	high-gap	0.183172856488	0.441540577717	0.253094910591	0.188445667125	108	7.39814814815	4	20	0.0592369477912	0.143665158371
6708	train	data_pandit/aa/6708/data.6708	4	116	low-gap	0.0258620689655	0.0775862068966	0.0775862068966	0.0258620689655	3	4	4	4	0.0592369477912	0.143665158371
6709	train	data_pandit/aa/6709/data.6709	10	200	mid-gap	0.1315	0.25	0.2	0.135	42	6.2619047619	5	8	0.0592369477912	0.143665158371
6710	train	data_pandit/aa/6710/data.6710	5	124	low-gap	0.0451612903226	0.104838709677	0.0403225806452	0.0403225806452	7	4	5	5	0.0592369477912	0.143665158371
6712	train	data_pandit/aa/6712/data.6712	4	96	low-gap	0.015625	0.0208333333333	0.0208333333333	0.0208333333333	3	2	2	2	0.0592369477912	0.143665158371
6713	train	data_pandit/aa/6713/data.6713	10	281	mid-gap	0.128113879004	0.270462633452	0.142348754448	0.124555160142	50	7.2	4	16	0.0592369477912	0.143665158371
6716	train	data_pandit/aa/6716/data.6716	4	205	low-gap	0.0231707317073	0.0878048780488	0.0878048780488	0.00487804878049	5	3.8	3	3	0.0592369477912	0.143665158371
6717	train	data_pandit/aa/6717/data.6717	4	123	mid-gap	0.109756097561	0.178861788618	0.178861788618	0.154471544715	9	6	3	15	0.0592369477912	0.143665158371
6719	train	data_pandit/aa/6719/data.6719	15	101	low-gap	0.0349834983498	0.0990099009901	0.039603960396	0.039603960396	11	4.81818181818	4	7	0.0592369477912	0.143665158371
6722	train	data_pandit/aa/6722/data.6722	7	98	low-gap	0.036443148688	0.0816326530612	0.0408163265306	0.0408163265306	18	1.38888888889	1	2	0.0592369477912	0.143665158371
6723	train	data_pandit/aa/6723/data.6723	4	187	low-gap	0.00534759358289	0.0106951871658	0.0106951871658	0.0106951871658	4	1	1	1	0.0592369477912	0.143665158371
6727	train	data_pandit/aa/6727/data.6727	5	97	low-gap	0.0494845360825	0.0824742268041	0.0824742268041	0.0412371134021	6	4	4	4	0.0592369477912	0.143665158371
6728	train	data_pandit/aa/6728/data.6728	7	85	high-gap	0.154621848739	0.317647058824	0.235294117647	0.152941176471	25	3.68	4	4	0.0592369477912	0.143665158371
6729	train	data_pandit/aa/6729/data.6729	6	91	low-gap	0.043956043956	0.0659340659341	0.0659340659341	0.0659340659341	16	1.5	1.5	2	0.0592369477912	0.143665158371
6730	train	data_pandit/aa/6730/data.6730	4	30	low-gap	0.00833333333333	0.0333333333333	0.0333333333333	0	1	1	1	1	0.0592369477912	0.143665158371
6734	train	data_pandit/aa/6734/data.6734	6	186	low-gap	0.0322580645161	0.0645161290323	0.0483870967742	0.0376344086022	20	1.8	2	2	0.0592369477912	0.143665158371
6738	train	data_pandit/aa/6738/data.6738	6	75	low-gap	0.00888888888889	0.0266666666667	0.0266666666667	0	2	2	2	2	0.0592369477912	0.143665158371
6740	train	data_pandit/aa/6740/data.6740	4	417	mid-gap	0.106714628297	0.254196642686	0.254196642686	0.10551558753	26	6.84615384615	5.5	14	0.0592369477912	0.143665158371
6741	train	data_pandit/aa/6741/data.6741	4	377	high-gap	0.157161803714	0.334217506631	0.334217506631	0.201591511936	33	7.18181818182	5	13	0.0592369477912	0.143665158371
6742	train	data_pandit/aa/6742/data.6742	7	416	mid-gap	0.119162087912	0.269230769231	0.177884615385	0.105769230769	102	3.40196078431	2	7	0.0592369477912	0.143665158371
6744	train	data_pandit/aa/6744/data.6744	9	262	low-gap	0.058524173028	0.125954198473	0.0572519083969	0.0496183206107	39	3.53846153846	3	6	0.0592369477912	0.143665158371
6750	train	data_pandit/aa/6750/data.6750	15	29	low-gap	0.0183908045977	0.206896551724	0	0	4	2	1	1	0.0592369477912	0.143665158371
6751	train	data_pandit/aa/6751/data.6751	7	289	low-gap	0.0469599604548	0.0934256055363	0.0588235294118	0.0484429065744	51	1.86274509804	1	5	0.0592369477912	0.143665158371
6756	train	data_pandit/aa/6756/data.6756	5	299	low-gap	0.0588628762542	0.14381270903	0.0769230769231	0.0635451505017	14	6.28571428571	3	15	0.0592369477912	0.143665158371
6757	train	data_pandit/aa/6757/data.6757	5	420	mid-gap	0.11619047619	0.252380952381	0.171428571429	0.121428571429	29	8.41379310345	5	20	0.0592369477912	0.143665158371
6758	train	data_pandit/aa/6758/data.6758	4	247	low-gap	0.0101214574899	0.0323886639676	0.0323886639676	0.00404858299595	3	3.33333333333	1	1	0.0592369477912	0.143665158371
6759	train	data_pandit/aa/6759/data.6759	9	181	low-gap	0.0049109883364	0.0220994475138	0	0	6	1.33333333333	1	2	0.0592369477912	0.143665158371
6761	train	data_pandit/aa/6761/data.6761	6	164	mid-gap	0.0670731707317	0.0975609756098	0.0853658536585	0.0853658536585	7	9.42857142857	14	14	0.0592369477912	0.143665158371
6762	train	data_pandit/aa/6762/data.6762	8	182	low-gap	0.0116758241758	0.0274725274725	0.010989010989	0.010989010989	10	1.7	2	2	0.0592369477912	0.143665158371
6763	train	data_pandit/aa/6763/data.6763	5	386	mid-gap	0.0642487046632	0.220207253886	0.0518134715026	0.0336787564767	41	3.0243902439	2	6	0.0592369477912	0.143665158371
6764	train	data_pandit/aa/6764/data.6764	10	97	low-gap	0.0350515463918	0.0412371134021	0.0412371134021	0.0412371134021	16	2.125	3	3	0.0592369477912	0.143665158371
6766	train	data_pandit/aa/6766/data.6766	5	313	low-gap	0.038338658147	0.0958466453674	0.038338658147	0.0319488817891	17	3.52941176471	2	7	0.0592369477912	0.143665158371
6772	train	data_pandit/aa/6772/data.6772	5	230	low-gap	0.0504347826087	0.108695652174	0.0782608695652	0.0434782608696	9	6.44444444444	7	9	0.0592369477912	0.143665158371
6773	train	data_pandit/aa/6773/data.6773	4	125	low-gap	0	0	0	0	0	0	0	0	0.0592369477912	0.143665158371
6774	train	data_pandit/aa/6774/data.6774	39	178	low-gap	0.0355805243446	0.0898876404494	0.0505617977528	0.0337078651685	149	1.65771812081	2	2	0.0592369477912	0.143665158371
6775	train	data_pandit/aa/6775/data.6775	5	341	low-gap	0.0551319648094	0.228739002933	0.0263929618768	0.0117302052786	15	6.26666666667	2	12	0.0592369477912	0.143665158371
6777	train	data_pandit/aa/6777/data.6777	6	186	low-gap	0.0206093189964	0.0430107526882	0.0322580645161	0.0322580645161	17	1.35294117647	1	2	0.0592369477912	0.143665158371
6778	train	data_pandit/aa/6778/data.6778	15	192	mid-gap	0.1	0.4375	0.109375	0.078125	91	3.16483516484	2	6	0.0592369477912	0.143665158371
6780	train	data_pandit/aa/6780/data.6780	6	148	low-gap	0.0405405405405	0.148648648649	0.0540540540541	0.0135135135135	16	2.25	1	5	0.0592369477912	0.143665158371
6783	train	data_pandit/aa/6783/data.6783	10	135	mid-gap	0.0622222222222	0.140740740741	0.0666666666667	0.0592592592593	40	2.1	2	4	0.0592369477912	0.143665158371
6784	train	data_pandit/aa/6784/data.6784	6	71	low-gap	0.0328638497653	0.0704225352113	0.0422535211268	0.0281690140845	14	1	1	1	0.0592369477912	0.143665158371
6788	train	data_pandit/aa/6788/data.6788	5	206	low-gap	0.0194174757282	0.0436893203883	0.0194174757282	0.0194174757282	10	2	1.5	3	0.0592369477912	0.143665158371
6789	train	data_pandit/aa/6789/data.6789	6	308	low-gap	0.00811688311688	0.0194805194805	0.0162337662338	0.012987012987	5	3	4	4	0.0592369477912	0.143665158371
6790	train	data_pandit/aa/6790/data.6790	6	336	mid-gap	0.0659722222222	0.14880952381	0.0714285714286	0.0595238095238	35	3.8	2	8	0.0592369477912	0.143665158371
6792	train	data_pandit/aa/6792/data.6792	6	178	low-gap	0.0365168539326	0.0674157303371	0.0505617977528	0.0337078651685	12	3.25	3.5	4	0.0592369477912	0.143665158371
6793	train	data_pandit/aa/6793/data.6793	4	398	low-gap	0.0175879396985	0.0326633165829	0.0326633165829	0.0326633165829	5	5.6	2	11	0.0592369477912	0.143665158371
6794	train	data_pandit/aa/6794/data.6794	6	181	low-gap	0.00920810313076	0.0110497237569	0.0110497237569	0.0110497237569	10	1	1	1	0.0592369477912	0.143665158371
6797	train	data_pandit/aa/6797/data.6797	4	183	low-gap	0.00409836065574	0.00546448087432	0.00546448087432	0.00546448087432	3	1	1	1	0.0592369477912	0.143665158371
6801	train	data_pandit/aa/6801/data.6801	24	96	mid-gap	0.115885416667	0.302083333333	0.125	0.125	100	2.67	2	6	0.0592369477912	0.143665158371
6806	train	data_pandit/aa/6806/data.6806	6	151	low-gap	0.00662251655629	0.0132450331126	0.0132450331126	0.0132450331126	6	1	1	1	0.0592369477912	0.143665158371
6807	train	data_pandit/aa/6807/data.6807	10	151	mid-gap	0.115231788079	0.735099337748	0.00662251655629	0.00662251655629	17	10.2352941176	1	21	0.0592369477912	0.143665158371
6808	train	data_pandit/aa/6808/data.6808	9	196	mid-gap	0.133219954649	0.331632653061	0.204081632653	0.132653061224	53	4.43396226415	2	12	0.0592369477912	0.143665158371
6809	train	data_pandit/aa/6809/data.6809	4	189	mid-gap	0.0661375661376	0.148148148148	0.148148148148	0.0634920634921	16	3.125	1	8	0.0592369477912	0.143665158371
6810	train	data_pandit/aa/6810/data.6810	4	75	low-gap	0.0266666666667	0.0666666666667	0.0666666666667	0.0266666666667	5	1.6	2	2	0.0592369477912	0.143665158371
6812	train	data_pandit/aa/6812/data.6812	4	98	low-gap	0.0127551020408	0.030612244898	0.030612244898	0.0204081632653	4	1.25	1	1	0.0592369477912	0.143665158371
6814	train	data_pandit/aa/6814/data.6814	5	140	low-gap	0.0542857142857	0.15	0.0714285714286	0.0285714285714	16	2.375	1	4	0.0592369477912	0.143665158371
6816	train	data_pandit/aa/6816/data.6816	7	174	low-gap	0.00246305418719	0.0172413793103	0	0	2	1.5	1.5	1	0.0592369477912	0.143665158371
6823	train	data_pandit/aa/6823/data.6823	4	103	mid-gap	0.0752427184466	0.126213592233	0.126213592233	0.0970873786408	11	2.81818181818	2	5	0.0592369477912	0.143665158371
6828	train	data_pandit/aa/6828/data.6828	20	470	high-gap	0.271170212766	0.587234042553	0.297872340426	0.268085106383	973	2.6197327852	2	5	0.0592369477912	0.143665158371
6836	train	data_pandit/aa/6836/data.6836	4	560	low-gap	0.0357142857143	0.121428571429	0.121428571429	0.0142857142857	22	3.63636363636	1	5	0.0592369477912	0.143665158371
6838	train	data_pandit/aa/6838/data.6838	5	207	mid-gap	0.130434782609	0.260869565217	0.202898550725	0.106280193237	17	7.94117647059	5	19	0.0592369477912	0.143665158371
6840	train	data_pandit/aa/6840/data.6840	6	124	low-gap	0.0161290322581	0.0725806451613	0.0241935483871	0	9	1.33333333333	1	1	0.0592369477912	0.143665158371
6842	train	data_pandit/aa/6842/data.6842	7	103	mid-gap	0.0638002773925	0.116504854369	0.0776699029126	0.0679611650485	9	5.11111111111	6	7	0.0592369477912	0.143665158371
6844	train	data_pandit/aa/6844/data.6844	8	119	low-gap	0.0252100840336	0.0420168067227	0.0336134453782	0.0252100840336	7	3.42857142857	3	4	0.0592369477912	0.143665158371
6845	train	data_pandit/aa/6845/data.6845	5	115	low-gap	0.00869565217391	0.0347826086957	0.00869565217391	0	4	1.25	1	1	0.0592369477912	0.143665158371
6847	train	data_pandit/aa/6847/data.6847	6	136	mid-gap	0.104166666667	0.316176470588	0.132352941176	0.0588235294118	27	3.14814814815	2	4	0.0592369477912	0.143665158371
6848	train	data_pandit/aa/6848/data.6848	7	89	low-gap	0.0192616372392	0.0224719101124	0.0224719101124	0.0224719101124	6	2	2	2	0.0592369477912	0.143665158371
6849	train	data_pandit/aa/6849/data.6849	14	118	high-gap	0.164648910412	0.381355932203	0.161016949153	0.152542372881	134	2.02985074627	2	4	0.0592369477912	0.143665158371
6855	train	data_pandit/aa/6855/data.6855	11	158	mid-gap	0.0949367088608	0.284810126582	0.0886075949367	0.0759493670886	55	3	3	4	0.0592369477912	0.143665158371
6857	train	data_pandit/aa/6857/data.6857	8	286	high-gap	0.151223776224	0.293706293706	0.181818181818	0.157342657343	118	2.93220338983	2	7	0.0592369477912	0.143665158371
6858	train	data_pandit/aa/6858/data.6858	4	322	low-gap	0.0108695652174	0.0310559006211	0.0310559006211	0.00931677018634	6	2.33333333333	1.5	2	0.0592369477912	0.143665158371
6859	train	data_pandit/aa/6859/data.6859	6	106	low-gap	0.0157232704403	0.0943396226415	0	0	3	3.33333333333	3	3	0.0592369477912	0.143665158371
6868	train	data_pandit/aa/6868/data.6868	4	162	low-gap	0.0200617283951	0.0617283950617	0.0617283950617	0.0185185185185	5	2.6	2	3	0.0592369477912	0.143665158371
6880	train	data_pandit/aa/6880/data.6880	11	238	high-gap	0.273873185638	0.428571428571	0.382352941176	0.302521008403	90	7.96666666667	4	13	0.0592369477912	0.143665158371
6882	train	data_pandit/aa/6882/data.6882	7	286	high-gap	0.205794205794	0.272727272727	0.255244755245	0.230769230769	40	10.3	6	44	0.0592369477912	0.143665158371
6883	train	data_pandit/aa/6883/data.6883	5	160	low-gap	0.0225	0.0375	0.03125	0.03125	5	3.6	5	5	0.0592369477912	0.143665158371
6885	train	data_pandit/aa/6885/data.6885	13	49	low-gap	0.010989010989	0.0816326530612	0	0	2	3.5	3.5	3	0.0592369477912	0.143665158371
6886	train	data_pandit/aa/6886/data.6886	5	193	low-gap	0.0414507772021	0.0673575129534	0.0466321243523	0.0466321243523	10	4	2	7	0.0592369477912	0.143665158371
6887	train	data_pandit/aa/6887/data.6887	72	85	high-gap	0.184803921569	0.329411764706	0.2	0.188235294118	403	2.8064516129	2	7	0.0592369477912	0.143665158371
6888	train	data_pandit/aa/6888/data.6888	4	164	low-gap	0.0350609756098	0.0792682926829	0.0792682926829	0.0426829268293	11	2.09090909091	1	3	0.0592369477912	0.143665158371
6889	train	data_pandit/aa/6889/data.6889	8	143	low-gap	0.0122377622378	0.027972027972	0.013986013986	0.013986013986	8	1.75	2	2	0.0592369477912	0.143665158371
6892	train	data_pandit/aa/6892/data.6892	4	387	mid-gap	0.0988372093023	0.152454780362	0.152454780362	0.12661498708	26	5.88461538462	3	18	0.0592369477912	0.143665158371
6893	train	data_pandit/aa/6893/data.6893	10	76	mid-gap	0.0631578947368	0.105263157895	0.105263157895	0.0921052631579	14	3.42857142857	2	6	0.0592369477912	0.143665158371
6894	train	data_pandit/aa/6894/data.6894	6	375	mid-gap	0.0697777777778	0.109333333333	0.106666666667	0.0986666666667	38	4.13157894737	3.5	5	0.0592369477912	0.143665158371
6896	train	data_pandit/aa/6896/data.6896	5	185	low-gap	0.00540540540541	0.0162162162162	0.00540540540541	0.00540540540541	4	1.25	1	1	0.0592369477912	0.143665158371
6897	train	data_pandit/aa/6897/data.6897	4	92	low-gap	0.0326086956522	0.0434782608696	0.0434782608696	0.0434782608696	6	2	2	2	0.0592369477912	0.143665158371
6898	train	data_pandit/aa/6898/data.6898	5	81	low-gap	0.0320987654321	0.0493827160494	0.037037037037	0.037037037037	4	3.25	3	3	0.0592369477912	0.143665158371
6899	train	data_pandit/aa/6899/data.6899	4	220	low-gap	0.0113636363636	0.0318181818182	0.0318181818182	0.00909090909091	7	1.42857142857	1	1	0.0592369477912	0.143665158371
6900	train	data_pandit/aa/6900/data.6900	5	150	low-gap	0.0133333333333	0.04	0.0266666666667	0	3	3.33333333333	4	4	0.0592369477912	0.143665158371
6903	train	data_pandit/aa/6903/data.6903	7	224	mid-gap	0.0988520408163	0.205357142857	0.169642857143	0.147321428571	24	6.45833333333	2	19	0.0592369477912	0.143665158371
6904	train	data_pandit/aa/6904/data.6904	5	221	low-gap	0.0343891402715	0.0678733031674	0.0542986425339	0.0407239819005	18	2.11111111111	1.5	5	0.0592369477912	0.143665158371
6905	train	data_pandit/aa/6905/data.6905	8	117	low-gap	0.0245726495726	0.0940170940171	0.0512820512821	0	13	1.76923076923	2	2	0.0592369477912	0.143665158371
6906	train	data_pandit/aa/6906/data.6906	5	151	low-gap	0	0	0	0	0	0	0	0	0.0592369477912	0.143665158371
6908	train	data_pandit/aa/6908/data.6908	10	115	mid-gap	0.114782608696	0.173913043478	0.147826086957	0.113043478261	54	2.44444444444	2	3	0.0592369477912	0.143665158371
6912	train	data_pandit/aa/6912/data.6912	4	234	mid-gap	0.0630341880342	0.128205128205	0.128205128205	0.0854700854701	13	4.53846153846	1	3	0.0592369477912	0.143665158371
6913	train	data_pandit/aa/6913/data.6913	18	84	high-gap	0.179894179894	0.190476190476	0.190476190476	0.190476190476	34	8	8	14	0.0592369477912	0.143665158371
6914	train	data_pandit/aa/6914/data.6914	7	118	low-gap	0.0496368038741	0.203389830508	0.0338983050847	0.0338983050847	13	3.15384615385	2	3	0.0592369477912	0.143665158371
6918	train	data_pandit/aa/6918/data.6918	7	252	high-gap	0.149092970522	0.198412698413	0.178571428571	0.178571428571	64	4.109375	2	8	0.0592369477912	0.143665158371
6920	train	data_pandit/aa/6920/data.6920	6	95	low-gap	0.0157894736842	0.0315789473684	0.0210526315789	0.0210526315789	5	1.8	2	2	0.0592369477912	0.143665158371
6925	train	data_pandit/aa/6925/data.6925	60	265	high-gap	0.471446540881	0.698113207547	0.479245283019	0.475471698113	2263	3.31241714538	3	7	0.0592369477912	0.143665158371
6928	train	data_pandit/aa/6928/data.6928	5	170	low-gap	0.0294117647059	0.0764705882353	0.0411764705882	0.0294117647059	10	2.5	2	5	0.0592369477912	0.143665158371
6934	train	data_pandit/aa/6934/data.6934	6	90	low-gap	0.0351851851852	0.1	0.0333333333333	0.0333333333333	10	1.9	1.5	2	0.0592369477912	0.143665158371
6938	train	data_pandit/aa/6938/data.6938	4	88	high-gap	0.164772727273	0.352272727273	0.352272727273	0.170454545455	13	4.46153846154	5	7	0.0592369477912	0.143665158371
6939	train	data_pandit/aa/6939/data.6939	5	258	mid-gap	0.0697674418605	0.12015503876	0.104651162791	0.0736434108527	35	2.57142857143	3	4	0.0592369477912	0.143665158371
6940	train	data_pandit/aa/6940/data.6940	13	210	high-gap	0.153846153846	0.37619047619	0.17619047619	0.157142857143	96	4.375	2	8	0.0592369477912	0.143665158371
6941	train	data_pandit/aa/6941/data.6941	15	42	high-gap	0.260317460317	0.428571428571	0.333333333333	0.261904761905	56	2.92857142857	2	5	0.0592369477912	0.143665158371
6948	train	data_pandit/aa/6948/data.6948	4	187	high-gap	0.156417112299	0.288770053476	0.288770053476	0.181818181818	20	5.85	5	16	0.0592369477912	0.143665158371
6949	train	data_pandit/aa/6949/data.6949	6	104	low-gap	0.0176282051282	0.0480769230769	0.0288461538462	0.00961538461538	8	1.375	1	2	0.0592369477912	0.143665158371
6952	train	data_pandit/aa/6952/data.6952	6	178	low-gap	0.0196629213483	0.0280898876404	0.0224719101124	0.0224719101124	6	3.5	4	4	0.0592369477912	0.143665158371
6957	train	data_pandit/aa/6957/data.6957	4	185	low-gap	0.00405405405405	0.00540540540541	0.00540540540541	0.00540540540541	3	1	1	1	0.0592369477912	0.143665158371
6958	train	data_pandit/aa/6958/data.6958	5	275	low-gap	0.0210909090909	0.0581818181818	0.0218181818182	0.0145454545455	17	1.70588235294	1	2	0.0592369477912	0.143665158371
6959	train	data_pandit/aa/6959/data.6959	4	351	low-gap	0.00641025641026	0.014245014245	0.014245014245	0.00569800569801	5	1.8	2	2	0.0592369477912	0.143665158371
6962	train	data_pandit/aa/6962/data.6962	4	61	low-gap	0.0368852459016	0.0491803278689	0.0491803278689	0.0491803278689	6	1.5	1.5	2	0.0592369477912	0.143665158371
6965	train	data_pandit/aa/6965/data.6965	8	108	low-gap	0.0532407407407	0.101851851852	0.101851851852	0.0555555555556	17	2.70588235294	1	9	0.0592369477912	0.143665158371
6967	train	data_pandit/aa/6967/data.6967	4	112	low-gap	0.015625	0.0535714285714	0.0535714285714	0.00892857142857	2	3.5	3.5	2	0.0592369477912	0.143665158371
6970	train	data_pandit/aa/6970/data.6970	5	122	low-gap	0	0	0	0	0	0	0	0	0.0592369477912	0.143665158371
6972	train	data_pandit/aa/6972/data.6972	7	230	low-gap	0.0527950310559	0.0782608695652	0.0652173913043	0.0652173913043	36	2.36111111111	1	8	0.0592369477912	0.143665158371
6973	train	data_pandit/aa/6973/data.6973	5	92	low-gap	0.054347826087	0.0869565217391	0.0869565217391	0.054347826087	7	3.57142857143	4	7	0.0592369477912	0.143665158371
6974	train	data_pandit/aa/6974/data.6974	6	146	low-gap	0.0228310502283	0.0958904109589	0.013698630137	0.013698630137	8	2.5	2	3	0.0592369477912	0.143665158371
6975	train	data_pandit/aa/6975/data.6975	4	94	low-gap	0.0345744680851	0.0531914893617	0.0531914893617	0.0425531914894	4	3.25	4	4	0.0592369477912	0.143665158371
6976	train	data_pandit/aa/6976/data.6976	6	117	low-gap	0.0541310541311	0.111111111111	0.0598290598291	0.0512820512821	22	1.72727272727	1	3	0.0592369477912	0.143665158371
6981	train	data_pandit/aa/6981/data.6981	4	115	mid-gap	0.0695652173913	0.147826086957	0.147826086957	0.0695652173913	11	2.90909090909	3	3	0.0592369477912	0.143665158371
6982	train	data_pandit/aa/6982/data.6982	6	127	low-gap	0.0157480314961	0.0393700787402	0.0157480314961	0.0157480314961	10	1.2	1	1	0.0592369477912	0.143665158371
6989	train	data_pandit/aa/6989/data.6989	6	230	low-gap	0.0195652173913	0.0434782608696	0.0260869565217	0.0217391304348	14	1.92857142857	2	2	0.0592369477912	0.143665158371
6990	train	data_pandit/aa/6990/data.6990	6	126	low-gap	0.0224867724868	0.0396825396825	0.0396825396825	0.0396825396825	8	2.125	2	3	0.0592369477912	0.143665158371
6998	train	data_pandit/aa/6998/data.6998	51	558	high-gap	0.271909480638	0.55376344086	0.313620071685	0.263440860215	1175	6.58553191489	4	14	0.0592369477912	0.143665158371
6999	train	data_pandit/aa/6999/data.6999	5	275	mid-gap	0.0690909090909	0.210909090909	0.0727272727273	0.04	21	4.52380952381	2	7	0.0592369477912	0.143665158371
7000	train	data_pandit/aa/7000/data.7000	14	526	high-gap	0.299701249321	0.541825095057	0.359315589354	0.317490494297	438	5.03881278539	3	12	0.0592369477912	0.143665158371
7002	train	data_pandit/aa/7002/data.7002	5	274	mid-gap	0.0788321167883	0.160583941606	0.120437956204	0.0802919708029	41	2.63414634146	2	5	0.0592369477912	0.143665158371
7005	train	data_pandit/aa/7005/data.7005	4	116	low-gap	0.0215517241379	0.0862068965517	0.0862068965517	0	5	2	2	2	0.0592369477912	0.143665158371
7010	train	data_pandit/aa/7010/data.7010	5	91	low-gap	0.0043956043956	0.021978021978	0	0	1	2	2	2	0.0592369477912	0.143665158371
7013	train	data_pandit/aa/7013/data.7013	20	50	low-gap	0.022	0.06	0.02	0.02	22	1	1	1	0.0592369477912	0.143665158371
7014	train	data_pandit/aa/7014/data.7014	4	221	mid-gap	0.131221719457	0.262443438914	0.262443438914	0.140271493213	14	8.28571428571	6	13	0.0592369477912	0.143665158371
7015	train	data_pandit/aa/7015/data.7015	6	314	mid-gap	0.111995753715	0.216560509554	0.165605095541	0.133757961783	45	4.68888888889	4	9	0.0592369477912	0.143665158371
7020	train	data_pandit/aa/7020/data.7020	4	142	low-gap	0.0457746478873	0.0985915492958	0.0985915492958	0.0422535211268	10	2.6	2.5	4	0.0592369477912	0.143665158371
7023	train	data_pandit/aa/7023/data.7023	34	191	high-gap	0.373575608254	0.65445026178	0.439790575916	0.408376963351	241	10.0663900415	6	27	0.0592369477912	0.143665158371
7027	train	data_pandit/aa/7027/data.7027	6	130	low-gap	0.0448717948718	0.138461538462	0.0384615384615	0.0307692307692	16	2.1875	2	3	0.0592369477912	0.143665158371
7031	train	data_pandit/aa/7031/data.7031	6	373	low-gap	0.0402144772118	0.088471849866	0.0509383378016	0.0428954423592	23	3.91304347826	3	6	0.0592369477912	0.143665158371
7033	train	data_pandit/aa/7033/data.7033	9	370	low-gap	0.0393393393393	0.0810810810811	0.0594594594595	0.0378378378378	53	2.47169811321	1	4	0.0592369477912	0.143665158371
7034	train	data_pandit/aa/7034/data.7034	5	394	mid-gap	0.0842639593909	0.162436548223	0.111675126904	0.0862944162437	55	3.01818181818	2	5	0.0592369477912	0.143665158371
7039	train	data_pandit/aa/7039/data.7039	4	124	low-gap	0.0504032258065	0.104838709677	0.104838709677	0.0967741935484	5	5	1	11	0.0592369477912	0.143665158371
7040	train	data_pandit/aa/7040/data.7040	6	79	low-gap	0.0126582278481	0.0253164556962	0.0126582278481	0.0126582278481	5	1.2	1	1	0.0592369477912	0.143665158371
7041	train	data_pandit/aa/7041/data.7041	4	55	low-gap	0	0	0	0	0	0	0	0	0.0592369477912	0.143665158371
7042	train	data_pandit/aa/7042/data.7042	6	84	low-gap	0	0	0	0	0	0	0	0	0.0592369477912	0.143665158371
7043	train	data_pandit/aa/7043/data.7043	6	178	low-gap	0.0271535580524	0.0561797752809	0.0561797752809	0.0505617977528	12	2.41666666667	2	4	0.0592369477912	0.143665158371
7046	train	data_pandit/aa/7046/data.7046	4	139	low-gap	0.0413669064748	0.151079136691	0.151079136691	0.0143884892086	7	3.28571428571	1	5	0.0592369477912	0.143665158371
7049	train	data_pandit/aa/7049/data.7049	8	331	low-gap	0.00679758308157	0.00906344410876	0.00906344410876	0.00906344410876	18	1	1	1	0.0592369477912	0.143665158371
7050	train	data_pandit/aa/7050/data.7050	27	150	high-gap	0.218271604938	0.446666666667	0.313333333333	0.18	165	5.35757575758	3	12	0.0592369477912	0.143665158371
7054	train	data_pandit/aa/7054/data.7054	10	168	mid-gap	0.120833333333	0.172619047619	0.142857142857	0.130952380952	43	4.72093023256	3	12	0.0592369477912	0.143665158371
7060	train	data_pandit/aa/7060/data.7060	4	582	low-gap	0.0567010309278	0.13058419244	0.13058419244	0.085910652921	18	7.33333333333	2.5	22	0.0592369477912	0.143665158371
7064	train	data_pandit/aa/7064/data.7064	5	321	mid-gap	0.0722741433022	0.13707165109	0.0965732087227	0.0716510903427	34	3.41176470588	2	6	0.0592369477912	0.143665158371
7067	train	data_pandit/aa/7067/data.7067	17	58	low-gap	0.0283975659229	0.224137931034	0.0172413793103	0	11	2.54545454545	1	7	0.0592369477912	0.143665158371
7070	train	data_pandit/aa/7070/data.7070	5	109	low-gap	0.0201834862385	0.0275229357798	0.0275229357798	0.0275229357798	11	1	1	1	0.0592369477912	0.143665158371
7072	train	data_pandit/aa/7072/data.7072	7	212	mid-gap	0.0950134770889	0.146226415094	0.132075471698	0.103773584906	46	3.0652173913	2	7	0.0592369477912	0.143665158371
7073	train	data_pandit/aa/7073/data.7073	4	184	low-gap	0.0122282608696	0.0217391304348	0.0217391304348	0.0217391304348	7	1.28571428571	1	2	0.0592369477912	0.143665158371
7074	train	data_pandit/aa/7074/data.7074	4	254	low-gap	0.0137795275591	0.0196850393701	0.0196850393701	0.0196850393701	11	1.27272727273	1	2	0.0592369477912	0.143665158371
7075	train	data_pandit/aa/7075/data.7075	13	238	low-gap	0.0407239819005	0.0588235294118	0.0546218487395	0.0504201680672	64	1.96875	2	4	0.0592369477912	0.143665158371
7078	train	data_pandit/aa/7078/data.7078	9	57	low-gap	0.00389863547758	0.0350877192982	0	0	1	2	2	2	0.0592369477912	0.143665158371
7081	train	data_pandit/aa/7081/data.7081	9	109	low-gap	0.0530071355759	0.128440366972	0.0733944954128	0.0275229357798	29	1.79310344828	1	3	0.0592369477912	0.143665158371
7082	train	data_pandit/aa/7082/data.7082	40	103	high-gap	0.458252427184	0.728155339806	0.533980582524	0.446601941748	188	10.0425531915	6	29	0.0592369477912	0.143665158371
7086	train	data_pandit/aa/7086/data.7086	12	348	low-gap	0.0557950191571	0.112068965517	0.0747126436782	0.0574712643678	60	3.88333333333	3	8	0.0592369477912	0.143665158371
7089	train	data_pandit/aa/7089/data.7089	10	64	mid-gap	0.1359375	0.234375	0.1875	0.140625	11	7.90909090909	10	11	0.0592369477912	0.143665158371
7094	train	data_pandit/aa/7094/data.7094	23	60	high-gap	0.181884057971	0.416666666667	0.2	0.2	63	3.98412698413	4	6	0.0592369477912	0.143665158371
7096	train	data_pandit/aa/7096/data.7096	47	51	high-gap	0.156445556946	0.235294117647	0.156862745098	0.156862745098	185	2.02702702703	2	3	0.0592369477912	0.143665158371
7097	train	data_pandit/aa/7097/data.7097	45	52	mid-gap	0.100427350427	0.173076923077	0.115384615385	0.115384615385	44	5.34090909091	6	7	0.0592369477912	0.143665158371
7098	train	data_pandit/aa/7098/data.7098	28	134	mid-gap	0.134861407249	0.380597014925	0.15671641791	0.141791044776	81	6.24691358025	3	15	0.0592369477912	0.143665158371
7099	train	data_pandit/aa/7099/data.7099	42	101	high-gap	0.197784064121	0.386138613861	0.207920792079	0.19801980198	289	2.90311418685	1	10	0.0592369477912	0.143665158371
7100	train	data_pandit/aa/7100/data.7100	7	110	mid-gap	0.133766233766	0.245454545455	0.190909090909	0.127272727273	29	3.55172413793	2	6	0.0592369477912	0.143665158371
7103	train	data_pandit/aa/7103/data.7103	10	371	high-gap	0.266307277628	0.398921832884	0.374663072776	0.318059299191	90	10.9777777778	3	39	0.0592369477912	0.143665158371
7104	train	data_pandit/aa/7104/data.7104	15	212	high-gap	0.171383647799	0.405660377358	0.268867924528	0.127358490566	158	3.44936708861	2	9	0.0592369477912	0.143665158371
7105	train	data_pandit/aa/7105/data.7105	4	353	mid-gap	0.116147308782	0.237960339943	0.237960339943	0.13597733711	45	3.64444444444	2	9	0.0592369477912	0.143665158371
7107	train	data_pandit/aa/7107/data.7107	4	178	low-gap	0.0266853932584	0.0561797752809	0.0561797752809	0.0280898876404	9	2.11111111111	2	4	0.0592369477912	0.143665158371
7109	train	data_pandit/aa/7109/data.7109	5	119	low-gap	0.018487394958	0.0588235294118	0.0168067226891	0.00840336134454	8	1.375	1	1	0.0592369477912	0.143665158371
7110	train	data_pandit/aa/7110/data.7110	6	218	high-gap	0.196483180428	0.293577981651	0.270642201835	0.252293577982	68	3.77941176471	3	7	0.0592369477912	0.143665158371
7111	train	data_pandit/aa/7111/data.7111	5	319	low-gap	0.0376175548589	0.0564263322884	0.0438871473354	0.0438871473354	18	3.33333333333	3	5	0.0592369477912	0.143665158371
7113	train	data_pandit/aa/7113/data.7113	7	143	mid-gap	0.124875124875	0.188811188811	0.13986013986	0.13986013986	34	3.67647058824	3	8	0.0592369477912	0.143665158371
7115	train	data_pandit/aa/7115/data.7115	70	468	high-gap	0.429334554335	0.470085470085	0.433760683761	0.431623931624	766	18.361618799	5	8	0.0592369477912	0.143665158371
7116	train	data_pandit/aa/7116/data.7116	8	610	high-gap	0.217008196721	0.395081967213	0.334426229508	0.254098360656	170	6.22941176471	4	15	0.0592369477912	0.143665158371
7119	train	data_pandit/aa/7119/data.7119	17	145	high-gap	0.292494929006	0.579310344828	0.372413793103	0.337931034483	42	17.1666666667	9	42	0.0592369477912	0.143665158371
7120	train	data_pandit/aa/7120/data.7120	47	90	high-gap	0.224586288416	0.322222222222	0.255555555556	0.244444444444	199	4.77386934673	6	8	0.0592369477912	0.143665158371
7121	train	data_pandit/aa/7121/data.7121	15	82	mid-gap	0.0634146341463	0.170731707317	0.0609756097561	0.0609756097561	73	1.06849315068	1	1	0.0592369477912	0.143665158371
7123	train	data_pandit/aa/7123/data.7123	27	197	high-gap	0.31415679639	0.527918781726	0.360406091371	0.299492385787	260	6.42692307692	5	12	0.0592369477912	0.143665158371
7125	train	data_pandit/aa/7125/data.7125	6	262	mid-gap	0.0776081424936	0.179389312977	0.114503816794	0.0725190839695	39	3.12820512821	2	6	0.0592369477912	0.143665158371
7128	train	data_pandit/aa/7128/data.7128	6	99	low-gap	0.016835016835	0.0505050505051	0.020202020202	0.010101010101	7	1.42857142857	1	2	0.0592369477912	0.143665158371
7129	train	data_pandit/aa/7129/data.7129	40	92	high-gap	0.347826086957	0.467391304348	0.358695652174	0.358695652174	277	4.62093862816	2	17	0.0592369477912	0.143665158371
7131	train	data_pandit/aa/7131/data.7131	22	197	high-gap	0.28703276419	0.56345177665	0.324873096447	0.299492385787	289	4.3044982699	3	9	0.0592369477912	0.143665158371
7132	train	data_pandit/aa/7132/data.7132	11	49	low-gap	0.00371057513915	0.0204081632653	0	0	2	1	1	1	0.0592369477912	0.143665158371
7133	train	data_pandit/aa/7133/data.7133	45	91	mid-gap	0.0979242979243	0.263736263736	0.10989010989	0.0879120879121	122	3.2868852459	3	6	0.0592369477912	0.143665158371
7136	train	data_pandit/aa/7136/data.7136	7	151	mid-gap	0.0860927152318	0.304635761589	0.0927152317881	0.0596026490066	24	3.79166666667	3	5	0.0592369477912	0.143665158371
7137	train	data_pandit/aa/7137/data.7137	9	105	mid-gap	0.0888888888889	0.152380952381	0.104761904762	0.104761904762	19	4.42105263158	2	10	0.0592369477912	0.143665158371
7138	train	data_pandit/aa/7138/data.7138	21	193	high-gap	0.384900074019	0.476683937824	0.419689119171	0.414507772021	173	9.01734104046	3	35	0.0592369477912	0.143665158371
7139	train	data_pandit/aa/7139/data.7139	11	178	high-gap	0.209397344229	0.292134831461	0.258426966292	0.23595505618	69	5.94202898551	3	14	0.0592369477912	0.143665158371
7141	train	data_pandit/aa/7141/data.7141	7	92	mid-gap	0.104037267081	0.29347826087	0.184782608696	0.119565217391	13	5.15384615385	2	11	0.0592369477912	0.143665158371
7149	train	data_pandit/aa/7149/data.7149	12	64	mid-gap	0.0598958333333	0.09375	0.0625	0.0625	23	2	2	3	0.0592369477912	0.143665158371
7150	train	data_pandit/aa/7150/data.7150	20	55	mid-gap	0.119090909091	0.163636363636	0.127272727273	0.127272727273	31	4.22580645161	6	6	0.0592369477912	0.143665158371
7152	train	data_pandit/aa/7152/data.7152	15	369	high-gap	0.166395663957	0.325203252033	0.222222222222	0.151761517615	214	4.30373831776	3	10	0.0592369477912	0.143665158371
7153	train	data_pandit/aa/7153/data.7153	7	244	mid-gap	0.0948477751756	0.110655737705	0.110655737705	0.110655737705	18	9	9	16	0.0592369477912	0.143665158371
7154	train	data_pandit/aa/7154/data.7154	15	28	mid-gap	0.0714285714286	0.178571428571	0.0714285714286	0.0714285714286	27	1.11111111111	1	1	0.0592369477912	0.143665158371
7155	train	data_pandit/aa/7155/data.7155	5	57	low-gap	0.0385964912281	0.140350877193	0.0175438596491	0.0175438596491	5	2.2	1	1	0.0592369477912	0.143665158371
7156	train	data_pandit/aa/7156/data.7156	52	231	high-gap	0.456043956044	0.705627705628	0.519480519481	0.484848484848	529	10.3553875236	9	28	0.0592369477912	0.143665158371
7157	train	data_pandit/aa/7157/data.7157	5	144	mid-gap	0.113888888889	0.180555555556	0.145833333333	0.131944444444	17	4.82352941176	3	7	0.0592369477912	0.143665158371
7158	train	data_pandit/aa/7158/data.7158	10	65	high-gap	0.312307692308	0.4	0.4	0.4	18	11.2777777778	2	24	0.0592369477912	0.143665158371
7159	train	data_pandit/aa/7159/data.7159	38	38	low-gap	0.0470914127424	0.184210526316	0.0526315789474	0.0263157894737	62	1.09677419355	1	1	0.0592369477912	0.143665158371
7160	train	data_pandit/aa/7160/data.7160	8	54	low-gap	0.00694444444444	0.037037037037	0.0185185185185	0	2	1.5	1.5	1	0.0592369477912	0.143665158371
7162	train	data_pandit/aa/7162/data.7162	9	289	mid-gap	0.114186851211	0.290657439446	0.155709342561	0.0968858131488	42	7.07142857143	7	11	0.0592369477912	0.143665158371
7163	train	data_pandit/aa/7163/data.7163	9	52	low-gap	0	0	0	0	0	0	0	0	0.0592369477912	0.143665158371
7165	train	data_pandit/aa/7165/data.7165	93	102	high-gap	0.153594771242	0.333333333333	0.176470588235	0.166666666667	353	4.12747875354	4	6	0.0592369477912	0.143665158371
7166	train	data_pandit/aa/7166/data.7166	10	283	high-gap	0.23038869258	0.409893992933	0.318021201413	0.240282685512	63	10.3492063492	2	31	0.0592369477912	0.143665158371
7168	train	data_pandit/aa/7168/data.7168	12	113	mid-gap	0.128318584071	0.345132743363	0.132743362832	0.12389380531	46	3.78260869565	2	10	0.0592369477912	0.143665158371
7169	train	data_pandit/aa/7169/data.7169	7	87	mid-gap	0.0952380952381	0.183908045977	0.126436781609	0.103448275862	21	2.7619047619	1	7	0.0592369477912	0.143665158371
7170	train	data_pandit/aa/7170/data.7170	4	99	mid-gap	0.108585858586	0.30303030303	0.30303030303	0.111111111111	12	3.58333333333	1	3	0.0592369477912	0.143665158371
7171	train	data_pandit/aa/7171/data.7171	11	259	high-gap	0.276588276588	0.405405405405	0.389961389961	0.328185328185	52	15.1538461538	8.5	40	0.0592369477912	0.143665158371
7172	train	data_pandit/aa/7172/data.7172	16	743	high-gap	0.245962314939	0.460296096904	0.309555854643	0.250336473755	700	4.17714285714	3	10	0.0592369477912	0.143665158371
7173	train	data_pandit/aa/7173/data.7173	8	112	low-gap	0.0212053571429	0.0535714285714	0.0446428571429	0.0178571428571	10	1.9	1	4	0.0592369477912	0.143665158371
7174	train	data_pandit/aa/7174/data.7174	10	64	low-gap	0.0484375	0.203125	0.0625	0.0625	10	3.1	4	4	0.0592369477912	0.143665158371
7175	train	data_pandit/aa/7175/data.7175	11	74	low-gap	0.0282555282555	0.0675675675676	0.027027027027	0.027027027027	11	2.09090909091	2	2	0.0592369477912	0.143665158371
7177	train	data_pandit/aa/7177/data.7177	7	813	mid-gap	0.0829379722369	0.177121771218	0.134071340713	0.0713407134071	158	2.98734177215	2	8	0.0592369477912	0.143665158371
7179	train	data_pandit/aa/7179/data.7179	9	55	low-gap	0	0	0	0	0	0	0	0	0.0592369477912	0.143665158371
7180	train	data_pandit/aa/7180/data.7180	40	265	high-gap	0.189339622642	0.509433962264	0.245283018868	0.177358490566	281	7.14234875445	5	12	0.0592369477912	0.143665158371
7182	train	data_pandit/aa/7182/data.7182	6	391	mid-gap	0.107843137255	0.240409207161	0.13810741688	0.117647058824	65	3.89230769231	2	8	0.0592369477912	0.143665158371
7183	train	data_pandit/aa/7183/data.7183	13	408	high-gap	0.156485671192	0.296568627451	0.196078431373	0.161764705882	158	5.25316455696	4	12	0.0592369477912	0.143665158371
7184	train	data_pandit/aa/7184/data.7184	41	425	high-gap	0.392711621234	0.588235294118	0.421176470588	0.390588235294	660	10.3681818182	4	13	0.0592369477912	0.143665158371
7185	train	data_pandit/aa/7185/data.7185	7	175	high-gap	0.14612244898	0.285714285714	0.194285714286	0.137142857143	75	2.38666666667	2	4	0.0592369477912	0.143665158371
7186	train	data_pandit/aa/7186/data.7186	18	44	high-gap	0.160353535354	0.318181818182	0.204545454545	0.136363636364	79	1.60759493671	2	2	0.0592369477912	0.143665158371
7189	train	data_pandit/aa/7189/data.7189	4	324	low-gap	0.0555555555556	0.126543209877	0.126543209877	0.0555555555556	28	2.57142857143	2	4	0.0592369477912	0.143665158371
7190	train	data_pandit/aa/7190/data.7190	23	104	high-gap	0.313127090301	0.625	0.317307692308	0.307692307692	316	2.37025316456	2	4	0.0592369477912	0.143665158371
7193	train	data_pandit/aa/7193/data.7193	74	605	high-gap	0.513982577619	0.904132231405	0.611570247934	0.527272727273	2258	10.1908768822	4	31	0.0592369477912	0.143665158371
7196	train	data_pandit/aa/7196/data.7196	9	167	low-gap	0.0299401197605	0.14371257485	0.0239520958084	0.0239520958084	23	1.95652173913	1	2	0.0592369477912	0.143665158371
7197	train	data_pandit/aa/7197/data.7197	26	29	low-gap	0.0331564986737	0.0344827586207	0.0344827586207	0.0344827586207	25	1	1	1	0.0592369477912	0.143665158371
7199	train	data_pandit/aa/7199/data.7199	24	139	high-gap	0.486510791367	0.669064748201	0.575539568345	0.532374100719	164	9.89634146341	7	29	0.0592369477912	0.143665158371
7201	train	data_pandit/aa/7201/data.7201	19	113	high-gap	0.473684210526	0.814159292035	0.601769911504	0.530973451327	78	13.0384615385	2	54	0.0592369477912	0.143665158371
7202	train	data_pandit/aa/7202/data.7202	4	156	low-gap	0.0320512820513	0.0705128205128	0.0705128205128	0.0320512820513	12	1.66666666667	2	2	0.0592369477912	0.143665158371
7203	train	data_pandit/aa/7203/data.7203	4	137	mid-gap	0.0711678832117	0.182481751825	0.182481751825	0.0510948905109	15	2.6	2	4	0.0592369477912	0.143665158371
7206	train	data_pandit/aa/7206/data.7206	9	46	low-gap	0.00966183574879	0.0869565217391	0	0	1	4	4	4	0.0592369477912	0.143665158371
7208	train	data_pandit/aa/7208/data.7208	6	199	mid-gap	0.0829145728643	0.201005025126	0.120603015075	0.105527638191	35	2.82857142857	2	7	0.0592369477912	0.143665158371
7209	train	data_pandit/aa/7209/data.7209	5	400	mid-gap	0.1075	0.18	0.13	0.12	44	4.88636363636	2	11	0.0592369477912	0.143665158371
7210	train	data_pandit/aa/7210/data.7210	6	83	low-gap	0.0261044176707	0.0361445783133	0.0361445783133	0.0361445783133	8	1.625	2	2	0.0592369477912	0.143665158371
7211	train	data_pandit/aa/7211/data.7211	6	122	low-gap	0.0204918032787	0.0573770491803	0.0245901639344	0.0245901639344	13	1.15384615385	1	1	0.0592369477912	0.143665158371
7212	train	data_pandit/aa/7212/data.7212	5	57	low-gap	0.0315789473684	0.157894736842	0	0	5	1.8	1	1	0.0592369477912	0.143665158371
7213	train	data_pandit/aa/7213/data.7213	7	91	mid-gap	0.0722135007849	0.0989010989011	0.0879120879121	0.0769230769231	16	2.875	2	5	0.0592369477912	0.143665158371
7216	train	data_pandit/aa/7216/data.7216	6	412	low-gap	0.0428802588997	0.116504854369	0.0655339805825	0.0485436893204	31	3.41935483871	2	7	0.0592369477912	0.143665158371
7222	train	data_pandit/aa/7222/data.7222	7	46	mid-gap	0.136645962733	0.304347826087	0.217391304348	0.108695652174	19	2.31578947368	1	3	0.0592369477912	0.143665158371
7224	train	data_pandit/aa/7224/data.7224	13	132	low-gap	0.0262237762238	0.0454545454545	0.030303030303	0.030303030303	43	1.04651162791	1	1	0.0592369477912	0.143665158371
7225	train	data_pandit/aa/7225/data.7225	7	296	mid-gap	0.114382239382	0.266891891892	0.185810810811	0.101351351351	70	3.38571428571	1	9	0.0592369477912	0.143665158371
7227	train	data_pandit/aa/7227/data.7227	51	63	mid-gap	0.123560535325	0.47619047619	0.253968253968	0.0793650793651	114	3.48245614035	1.5	12	0.0592369477912	0.143665158371
7229	train	data_pandit/aa/7229/data.7229	14	66	low-gap	0.0292207792208	0.0454545454545	0.030303030303	0.030303030303	26	1.03846153846	1	1	0.0592369477912	0.143665158371
7230	train	data_pandit/aa/7230/data.7230	7	212	mid-gap	0.109838274933	0.183962264151	0.132075471698	0.127358490566	35	4.65714285714	1	16	0.0592369477912	0.143665158371
7236	train	data_pandit/aa/7236/data.7236	4	35	low-gap	0.0142857142857	0.0571428571429	0.0571428571429	0	1	2	2	2	0.0592369477912	0.143665158371
7237	train	data_pandit/aa/7237/data.7237	19	57	high-gap	0.242843951985	0.508771929825	0.298245614035	0.245614035088	85	3.09411764706	3	6	0.0592369477912	0.143665158371
7238	train	data_pandit/aa/7238/data.7238	47	70	high-gap	0.296656534954	0.557142857143	0.342857142857	0.3	139	7.02158273381	6	16	0.0592369477912	0.143665158371
7240	train	data_pandit/aa/7240/data.7240	71	95	high-gap	0.481393624907	0.810526315789	0.547368421053	0.484210526316	662	4.90483383686	4	10	0.0592369477912	0.143665158371
7245	train	data_pandit/aa/7245/data.7245	39	153	high-gap	0.595776772247	0.745098039216	0.653594771242	0.647058823529	450	7.9	5	17	0.0592369477912	0.143665158371
7247	train	data_pandit/aa/7247/data.7247	14	109	high-gap	0.187418086501	0.403669724771	0.266055045872	0.247706422018	38	7.52631578947	5	18	0.0592369477912	0.143665158371
7249	train	data_pandit/aa/7249/data.7249	24	90	high-gap	0.151388888889	0.333333333333	0.177777777778	0.133333333333	102	3.20588235294	3	6	0.0592369477912	0.143665158371
7253	train	data_pandit/aa/7253/data.7253	53	298	high-gap	0.289793592503	0.44966442953	0.315436241611	0.295302013423	585	7.82393162393	5	27	0.0592369477912	0.143665158371
7256	train	data_pandit/aa/7256/data.7256	16	79	high-gap	0.271360759494	0.443037974684	0.278481012658	0.278481012658	49	7	7	14	0.0592369477912	0.143665158371
7257	train	data_pandit/aa/7257/data.7257	11	138	mid-gap	0.096837944664	0.289855072464	0.188405797101	0.0579710144928	30	4.9	4	5	0.0592369477912	0.143665158371
7258	train	data_pandit/aa/7258/data.7258	6	134	mid-gap	0.140547263682	0.238805970149	0.179104477612	0.171641791045	27	4.18518518519	3	13	0.0592369477912	0.143665158371
7260	train	data_pandit/aa/7260/data.7260	8	107	low-gap	0.0478971962617	0.0934579439252	0.0841121495327	0.0654205607477	15	2.73333333333	2	5	0.0592369477912	0.143665158371
7261	train	data_pandit/aa/7261/data.7261	247	319	high-gap	0.6449430787	0.777429467085	0.69592476489	0.680250783699	2032	25.0083661417	12	66	0.0592369477912	0.143665158371
7262	train	data_pandit/aa/7262/data.7262	19	46	mid-gap	0.112128146453	0.260869565217	0.108695652174	0.108695652174	20	4.9	5	5	0.0592369477912	0.143665158371
7263	train	data_pandit/aa/7263/data.7263	7	312	mid-gap	0.135073260073	0.233974358974	0.182692307692	0.150641025641	57	5.17543859649	2	6	0.0592369477912	0.143665158371
7264	train	data_pandit/aa/7264/data.7264	21	39	low-gap	0	0	0	0	0	0	0	0	0.0592369477912	0.143665158371
7265	train	data_pandit/aa/7265/data.7265	13	81	mid-gap	0.108262108262	0.20987654321	0.135802469136	0.135802469136	43	2.6511627907	2	6	0.0592369477912	0.143665158371
7269	train	data_pandit/aa/7269/data.7269	58	348	high-gap	0.301179151803	0.603448275862	0.364942528736	0.307471264368	1165	5.21802575107	2	12	0.0592369477912	0.143665158371
7270	train	data_pandit/aa/7270/data.7270	58	114	high-gap	0.198729582577	0.271929824561	0.201754385965	0.201754385965	335	3.9223880597	1	12	0.0592369477912	0.143665158371
7271	train	data_pandit/aa/7271/data.7271	6	146	low-gap	0.0547945205479	0.157534246575	0.0890410958904	0.0616438356164	22	2.18181818182	2	3	0.0592369477912	0.143665158371
7272	train	data_pandit/aa/7272/data.7272	108	182	high-gap	0.370624745625	0.791208791209	0.412087912088	0.379120879121	805	9.04968944099	7	18	0.0592369477912	0.143665158371
7275	train	data_pandit/aa/7275/data.7275	20	67	mid-gap	0.0679104477612	0.223880597015	0.0597014925373	0.0597014925373	58	1.56896551724	1	3	0.0592369477912	0.143665158371
7276	train	data_pandit/aa/7276/data.7276	90	198	high-gap	0.210157126824	0.540404040404	0.257575757576	0.20202020202	892	4.19843049327	2	12	0.0592369477912	0.143665158371
7277	train	data_pandit/aa/7277/data.7277	121	200	high-gap	0.418595041322	0.815	0.485	0.4	1310	7.73282442748	4	20	0.0592369477912	0.143665158371
7282	train	data_pandit/aa/7282/data.7282	34	200	high-gap	0.270882352941	0.56	0.32	0.305	239	7.70711297071	6	19	0.0592369477912	0.143665158371
7284	train	data_pandit/aa/7284/data.7284	23	922	high-gap	0.608318400453	0.765726681128	0.703904555315	0.674620390456	415	31.0843373494	3	128	0.0592369477912	0.143665158371
7285	train	data_pandit/aa/7285/data.7285	27	108	mid-gap	0.135459533608	0.25	0.194444444444	0.185185185185	102	3.87254901961	1	16	0.0592369477912	0.143665158371
7288	train	data_pandit/aa/7288/data.7288	22	426	high-gap	0.435232607768	0.607981220657	0.5	0.469483568075	187	21.8128342246	9	70	0.0592369477912	0.143665158371
7289	train	data_pandit/aa/7289/data.7289	25	230	high-gap	0.163130434783	0.34347826087	0.191304347826	0.178260869565	156	6.01282051282	5	15	0.0592369477912	0.143665158371
7290	train	data_pandit/aa/7290/data.7290	51	76	high-gap	0.359907120743	0.473684210526	0.368421052632	0.368421052632	352	3.96306818182	4	7	0.0592369477912	0.143665158371
7291	train	data_pandit/aa/7291/data.7291	16	176	low-gap	0.0358664772727	0.0681818181818	0.0568181818182	0.0284090909091	72	1.40277777778	1	2	0.0592369477912	0.143665158371
7292	train	data_pandit/aa/7292/data.7292	20	274	high-gap	0.231934306569	0.434306569343	0.273722627737	0.259124087591	79	16.0886075949	6	63	0.0592369477912	0.143665158371
7294	train	data_pandit/aa/7294/data.7294	74	240	high-gap	0.366328828829	0.529166666667	0.4125	0.391666666667	1024	6.353515625	3	13	0.0592369477912	0.143665158371
7297	train	data_pandit/aa/7297/data.7297	7	55	high-gap	0.241558441558	0.309090909091	0.290909090909	0.272727272727	15	6.2	4	11	0.0592369477912	0.143665158371
7298	train	data_pandit/aa/7298/data.7298	88	108	low-gap	0.0516624579125	0.185185185185	0.0462962962963	0.0462962962963	478	1.02719665272	1	1	0.0592369477912	0.143665158371
7301	train	data_pandit/aa/7301/data.7301	9	46	low-gap	0.0507246376812	0.108695652174	0.0869565217391	0.0652173913043	7	3	4	4	0.0592369477912	0.143665158371
7304	train	data_pandit/aa/7304/data.7304	7	94	low-gap	0.0531914893617	0.0744680851064	0.063829787234	0.063829787234	19	1.84210526316	1	4	0.0592369477912	0.143665158371
7309	train	data_pandit/aa/7309/data.7309	15	362	high-gap	0.221546961326	0.370165745856	0.245856353591	0.237569060773	186	6.46774193548	2	16	0.0592369477912	0.143665158371
7311	train	data_pandit/aa/7311/data.7311	18	39	mid-gap	0.128205128205	0.25641025641	0.179487179487	0.128205128205	34	2.64705882353	3	3	0.0592369477912	0.143665158371
7313	train	data_pandit/aa/7313/data.7313	46	261	high-gap	0.176578377478	0.39846743295	0.229885057471	0.16091954023	622	3.40836012862	2	8	0.0592369477912	0.143665158371
7315	train	data_pandit/aa/7315/data.7315	146	257	high-gap	0.335909599702	0.677042801556	0.416342412451	0.354085603113	1386	9.0937950938	8	17	0.0592369477912	0.143665158371
7317	train	data_pandit/aa/7317/data.7317	55	138	low-gap	0.0450592885375	0.0652173913043	0.0507246376812	0.0507246376812	215	1.59069767442	1	4	0.0592369477912	0.143665158371
7318	train	data_pandit/aa/7318/data.7318	104	277	mid-gap	0.0718897528464	0.379061371841	0.072202166065	0.072202166065	990	2.09191919192	2	6	0.0592369477912	0.143665158371
7319	train	data_pandit/aa/7319/data.7319	41	381	high-gap	0.345176365149	0.664041994751	0.412073490814	0.367454068241	569	9.4762741652	6	24	0.0592369477912	0.143665158371
7320	train	data_pandit/aa/7320/data.7320	107	144	mid-gap	0.1252596054	0.263888888889	0.145833333333	0.131944444444	571	3.38003502627	3	6	0.0592369477912	0.143665158371
7322	train	data_pandit/aa/7322/data.7322	136	225	high-gap	0.395359477124	0.764444444444	0.466666666667	0.417777777778	1224	9.8839869281	4	27	0.0592369477912	0.143665158371
7325	train	data_pandit/aa/7325/data.7325	113	295	high-gap	0.435398230088	0.935593220339	0.501694915254	0.464406779661	3324	4.36642599278	2	11	0.0592369477912	0.143665158371
7329	train	data_pandit/aa/7329/data.7329	28	159	high-gap	0.170260557053	0.327044025157	0.22641509434	0.169811320755	250	3.032	2	7	0.0592369477912	0.143665158371
7330	train	data_pandit/aa/7330/data.7330	25	152	mid-gap	0.135526315789	0.361842105263	0.164473684211	0.125	149	3.45637583893	3	7	0.0592369477912	0.143665158371
7332	train	data_pandit/aa/7332/data.7332	16	155	high-gap	0.311693548387	0.509677419355	0.354838709677	0.354838709677	69	11.2028985507	9	26	0.0592369477912	0.143665158371
7333	train	data_pandit/aa/7333/data.7333	14	121	low-gap	0.0342384887839	0.0743801652893	0.0661157024793	0.0330578512397	31	1.87096774194	2	3	0.0592369477912	0.143665158371
7334	train	data_pandit/aa/7334/data.7334	28	83	mid-gap	0.0649741824441	0.168674698795	0.0963855421687	0.0602409638554	55	2.74545454545	3	5	0.0592369477912	0.143665158371
7337	train	data_pandit/aa/7337/data.7337	7	96	low-gap	0.0208333333333	0.09375	0.0104166666667	0.0104166666667	7	2	1	1	0.0592369477912	0.143665158371
7338	train	data_pandit/aa/7338/data.7338	6	81	mid-gap	0.0761316872428	0.123456790123	0.123456790123	0.0740740740741	16	2.3125	1	4	0.0592369477912	0.143665158371
7339	train	data_pandit/aa/7339/data.7339	47	925	high-gap	0.507372052904	0.843243243243	0.634594594595	0.548108108108	1511	14.5982792852	7	33	0.0592369477912	0.143665158371
7340	train	data_pandit/aa/7340/data.7340	13	98	low-gap	0.041601255887	0.173469387755	0.030612244898	0.030612244898	33	1.60606060606	1	3	0.0592369477912	0.143665158371
7341	train	data_pandit/aa/7341/data.7341	8	194	high-gap	0.156572164948	0.30412371134	0.226804123711	0.164948453608	42	5.78571428571	3.5	10	0.0592369477912	0.143665158371
7342	train	data_pandit/aa/7342/data.7342	19	262	high-gap	0.168943350743	0.31679389313	0.232824427481	0.175572519084	150	5.60666666667	3	13	0.0592369477912	0.143665158371
7344	train	data_pandit/aa/7344/data.7344	9	233	low-gap	0.0233667143538	0.0515021459227	0.0343347639485	0.0128755364807	31	1.58064516129	1	4	0.0592369477912	0.143665158371
7345	train	data_pandit/aa/7345/data.7345	21	24	mid-gap	0.138888888889	0.291666666667	0.25	0.25	15	4.66666666667	6	6	0.0592369477912	0.143665158371
7347	train	data_pandit/aa/7347/data.7347	7	369	low-gap	0.054587688734	0.124661246612	0.0867208672087	0.0379403794038	25	5.64	3	9	0.0592369477912	0.143665158371
7348	train	data_pandit/aa/7348/data.7348	6	266	high-gap	0.155388471178	0.236842105263	0.225563909774	0.206766917293	45	5.51111111111	3	9	0.0592369477912	0.143665158371
7349	train	data_pandit/aa/7349/data.7349	9	191	mid-gap	0.0791157649796	0.151832460733	0.104712041885	0.0890052356021	37	3.67567567568	4	7	0.0592369477912	0.143665158371
7350	train	data_pandit/aa/7350/data.7350	8	321	low-gap	0.0101246105919	0.01246105919	0.01246105919	0.01246105919	13	2	2	2	0.0592369477912	0.143665158371
7353	train	data_pandit/aa/7353/data.7353	16	161	high-gap	0.190605590062	0.360248447205	0.285714285714	0.173913043478	157	3.12738853503	2	6	0.0592369477912	0.143665158371
7356	train	data_pandit/aa/7356/data.7356	13	79	low-gap	0.0564751703992	0.0632911392405	0.0632911392405	0.0632911392405	24	2.41666666667	2.5	3	0.0592369477912	0.143665158371
7358	train	data_pandit/aa/7358/data.7358	6	458	mid-gap	0.140465793304	0.286026200873	0.203056768559	0.165938864629	81	4.76543209877	3	11	0.0592369477912	0.143665158371
7360	train	data_pandit/aa/7360/data.7360	14	35	low-gap	0.0122448979592	0.0857142857143	0.0285714285714	0	4	1.5	1	1	0.0592369477912	0.143665158371
7363	train	data_pandit/aa/7363/data.7363	13	121	high-gap	0.165289256198	0.330578512397	0.264462809917	0.214876033058	44	5.90909090909	2	24	0.0592369477912	0.143665158371
7365	train	data_pandit/aa/7365/data.7365	13	314	mid-gap	0.108280254777	0.235668789809	0.124203821656	0.101910828025	131	3.37404580153	2	9	0.0592369477912	0.143665158371
7366	train	data_pandit/aa/7366/data.7366	9	534	low-gap	0.0314190595089	0.0524344569288	0.0430711610487	0.0393258426966	48	3.14583333333	2	8	0.0592369477912	0.143665158371
7369	train	data_pandit/aa/7369/data.7369	5	530	mid-gap	0.0845283018868	0.245283018868	0.12641509434	0.0358490566038	40	5.6	2	16	0.0592369477912	0.143665158371
7370	train	data_pandit/aa/7370/data.7370	6	253	mid-gap	0.0691699604743	0.122529644269	0.114624505929	0.098814229249	22	4.77272727273	4.5	8	0.0592369477912	0.143665158371
7371	train	data_pandit/aa/7371/data.7371	13	230	mid-gap	0.123411371237	0.447826086957	0.121739130435	0.113043478261	72	5.125	4	11	0.0592369477912	0.143665158371
7372	train	data_pandit/aa/7372/data.7372	4	785	mid-gap	0.0675159235669	0.135031847134	0.135031847134	0.135031847134	40	5.3	3.5	13	0.0592369477912	0.143665158371
7373	train	data_pandit/aa/7373/data.7373	11	219	high-gap	0.154420921544	0.433789954338	0.178082191781	0.132420091324	81	4.59259259259	4	11	0.0592369477912	0.143665158371
7375	train	data_pandit/aa/7375/data.7375	14	83	low-gap	0.0464716006885	0.0722891566265	0.0722891566265	0.0602409638554	23	2.34782608696	1	5	0.0592369477912	0.143665158371
7378	train	data_pandit/aa/7378/data.7378	4	265	low-gap	0.0509433962264	0.0905660377358	0.0905660377358	0.0754716981132	12	4.5	2	8	0.0592369477912	0.143665158371
7379	train	data_pandit/aa/7379/data.7379	7	126	low-gap	0.0328798185941	0.0714285714286	0.031746031746	0.031746031746	14	2.07142857143	2	2	0.0592369477912	0.143665158371
7381	train	data_pandit/aa/7381/data.7381	11	159	mid-gap	0.131503716409	0.270440251572	0.150943396226	0.125786163522	47	4.89361702128	4	10	0.0592369477912	0.143665158371
7382	train	data_pandit/aa/7382/data.7382	9	125	low-gap	0.00266666666667	0.016	0	0	3	1	1	1	0.0592369477912	0.143665158371
7383	train	data_pandit/aa/7383/data.7383	6	668	mid-gap	0.131986027944	0.23502994012	0.185628742515	0.155688622754	83	6.3734939759	4	15	0.0592369477912	0.143665158371
7384	train	data_pandit/aa/7384/data.7384	8	874	mid-gap	0.129290617849	0.24942791762	0.215102974828	0.161327231121	146	6.19178082192	3	19	0.0592369477912	0.143665158371
7386	train	data_pandit/aa/7386/data.7386	5	266	high-gap	0.184210526316	0.353383458647	0.278195488722	0.195488721805	44	5.56818181818	2	16	0.0592369477912	0.143665158371
7387	train	data_pandit/aa/7387/data.7387	11	306	mid-gap	0.112002376708	0.192810457516	0.169934640523	0.140522875817	64	5.890625	2	8	0.0592369477912	0.143665158371
7388	train	data_pandit/aa/7388/data.7388	13	52	low-gap	0.0340236686391	0.0384615384615	0.0384615384615	0.0384615384615	12	1.91666666667	2	2	0.0592369477912	0.143665158371
7389	train	data_pandit/aa/7389/data.7389	9	237	high-gap	0.150492264416	0.236286919831	0.189873417722	0.189873417722	24	13.375	15	18	0.0592369477912	0.143665158371
7391	train	data_pandit/aa/7391/data.7391	8	166	mid-gap	0.0956325301205	0.234939759036	0.150602409639	0.0963855421687	8	15.875	15	25	0.0592369477912	0.143665158371
7392	train	data_pandit/aa/7392/data.7392	12	158	low-gap	0.0168776371308	0.101265822785	0.0126582278481	0.0126582278481	17	1.88235294118	1	4	0.0592369477912	0.143665158371
7393	train	data_pandit/aa/7393/data.7393	8	78	low-gap	0.0416666666667	0.115384615385	0.0897435897436	0.025641025641	16	1.625	1	1	0.0592369477912	0.143665158371
7395	train	data_pandit/aa/7395/data.7395	45	101	high-gap	0.179317931793	0.267326732673	0.207920792079	0.19801980198	130	6.26923076923	6	9	0.0592369477912	0.143665158371
7396	train	data_pandit/aa/7396/data.7396	20	128	high-gap	0.351953125	0.5	0.4296875	0.3671875	109	8.26605504587	8	14	0.0592369477912	0.143665158371
7397	train	data_pandit/aa/7397/data.7397	10	39	low-gap	0.0512820512821	0.205128205128	0.0512820512821	0.025641025641	13	1.53846153846	1	2	0.0592369477912	0.143665158371
7399	train	data_pandit/aa/7399/data.7399	8	295	high-gap	0.209322033898	0.427118644068	0.349152542373	0.193220338983	64	7.71875	5	14	0.0592369477912	0.143665158371
7400	train	data_pandit/aa/7400/data.7400	6	124	low-gap	0.0510752688172	0.0887096774194	0.0887096774194	0.0564516129032	19	2	1	3	0.0592369477912	0.143665158371
7403	train	data_pandit/aa/7403/data.7403	8	120	low-gap	0.009375	0.05	0.0166666666667	0	5	1.8	2	2	0.0592369477912	0.143665158371
7405	train	data_pandit/aa/7405/data.7405	4	387	mid-gap	0.0678294573643	0.147286821705	0.147286821705	0.0826873385013	23	4.5652173913	2	8	0.0592369477912	0.143665158371
7406	train	data_pandit/aa/7406/data.7406	6	81	low-gap	0.0308641975309	0.0864197530864	0.0246913580247	0.0246913580247	5	3	2	2	0.0592369477912	0.143665158371
7407	train	data_pandit/aa/7407/data.7407	11	277	high-gap	0.257302264522	0.516245487365	0.4440433213	0.274368231047	76	10.3157894737	10	21	0.0592369477912	0.143665158371
7408	train	data_pandit/aa/7408/data.7408	10	295	mid-gap	0.138305084746	0.315254237288	0.183050847458	0.172881355932	80	5.1	3	11	0.0592369477912	0.143665158371
7410	train	data_pandit/aa/7410/data.7410	6	1139	high-gap	0.160959906351	0.333625987709	0.241439859526	0.16769095698	186	5.91397849462	2	18	0.0592369477912	0.143665158371
7419	train	data_pandit/aa/7419/data.7419	6	84	low-gap	0.0515873015873	0.0714285714286	0.0714285714286	0.0714285714286	10	2.6	2	4	0.0592369477912	0.143665158371
7420	train	data_pandit/aa/7420/data.7420	54	75	low-gap	0.0232098765432	0.106666666667	0.0133333333333	0	34	2.76470588235	1	7	0.0592369477912	0.143665158371
7421	train	data_pandit/aa/7421/data.7421	13	101	mid-gap	0.0799695354151	0.158415841584	0.0792079207921	0.0792079207921	39	2.69230769231	3	4	0.0592369477912	0.143665158371
7423	train	data_pandit/aa/7423/data.7423	7	48	low-gap	0.0327380952381	0.145833333333	0.0208333333333	0.0208333333333	5	2.2	1	1	0.0592369477912	0.143665158371
7424	train	data_pandit/aa/7424/data.7424	12	69	mid-gap	0.0664251207729	0.0724637681159	0.0724637681159	0.0724637681159	22	2.5	2.5	4	0.0592369477912	0.143665158371
7425	train	data_pandit/aa/7425/data.7425	17	202	mid-gap	0.109493302271	0.153465346535	0.118811881188	0.118811881188	55	6.83636363636	11	11	0.0592369477912	0.143665158371
7426	train	data_pandit/aa/7426/data.7426	17	126	mid-gap	0.0980392156863	0.277777777778	0.0873015873016	0.0873015873016	99	2.12121212121	1	3	0.0592369477912	0.143665158371
7428	train	data_pandit/aa/7428/data.7428	16	117	high-gap	0.268696581197	0.384615384615	0.333333333333	0.299145299145	108	4.65740740741	4	8	0.0592369477912	0.143665158371
7429	train	data_pandit/aa/7429/data.7429	7	556	mid-gap	0.100462487153	0.197841726619	0.143884892086	0.11690647482	74	5.28378378378	2	12	0.0592369477912	0.143665158371
7430	train	data_pandit/aa/7430/data.7430	14	118	mid-gap	0.124697336562	0.313559322034	0.127118644068	0.127118644068	13	15.8461538462	15	29	0.0592369477912	0.143665158371
7431	train	data_pandit/aa/7431/data.7431	4	102	high-gap	0.156862745098	0.294117647059	0.294117647059	0.186274509804	12	5.33333333333	3	8	0.0592369477912	0.143665158371
7432	train	data_pandit/aa/7432/data.7432	9	127	mid-gap	0.076990376203	0.141732283465	0.110236220472	0.0551181102362	36	2.44444444444	2	4	0.0592369477912	0.143665158371
7434	train	data_pandit/aa/7434/data.7434	14	292	high-gap	0.1978962818	0.41095890411	0.284246575342	0.202054794521	150	5.39333333333	4	11	0.0592369477912	0.143665158371
7435	train	data_pandit/aa/7435/data.7435	13	272	mid-gap	0.0681561085973	0.209558823529	0.0955882352941	0.0330882352941	69	3.49275362319	2	11	0.0592369477912	0.143665158371
7436	train	data_pandit/aa/7436/data.7436	28	42	low-gap	0	0	0	0	0	0	0	0	0.0592369477912	0.143665158371
7437	train	data_pandit/aa/7437/data.7437	5	112	mid-gap	0.116071428571	0.1875	0.133928571429	0.133928571429	15	4.33333333333	6	7	0.0592369477912	0.143665158371
7438	train	data_pandit/aa/7438/data.7438	4	332	low-gap	0.0112951807229	0.0210843373494	0.0210843373494	0.0180722891566	8	1.875	2	3	0.0592369477912	0.143665158371
7439	train	data_pandit/aa/7439/data.7439	30	188	high-gap	0.303723404255	0.579787234043	0.372340425532	0.31914893617	296	5.78716216216	3	14	0.0592369477912	0.143665158371
7440	train	data_pandit/aa/7440/data.7440	30	56	high-gap	0.164285714286	0.267857142857	0.232142857143	0.178571428571	53	5.20754716981	5	7	0.0592369477912	0.143665158371
7441	train	data_pandit/aa/7441/data.7441	6	374	mid-gap	0.0695187165775	0.120320855615	0.0935828877005	0.072192513369	35	4.45714285714	4	9	0.0592369477912	0.143665158371
7442	train	data_pandit/aa/7442/data.7442	6	209	high-gap	0.220893141946	0.430622009569	0.334928229665	0.282296650718	31	8.93548387097	9	20	0.0592369477912	0.143665158371
7443	train	data_pandit/aa/7443/data.7443	5	274	high-gap	0.183941605839	0.302919708029	0.273722627737	0.211678832117	19	13.2631578947	7	21	0.0592369477912	0.143665158371
7444	train	data_pandit/aa/7444/data.7444	6	277	mid-gap	0.0776173285199	0.162454873646	0.119133574007	0.0902527075812	27	4.77777777778	4	7	0.0592369477912	0.143665158371
7445	train	data_pandit/aa/7445/data.7445	7	127	low-gap	0.0269966254218	0.0629921259843	0.0472440944882	0.0157480314961	12	2	2	3	0.0592369477912	0.143665158371
7446	train	data_pandit/aa/7446/data.7446	134	355	high-gap	0.401324364095	0.67323943662	0.456338028169	0.408450704225	4837	3.94686789332	2	7	0.0592369477912	0.143665158371
7450	train	data_pandit/aa/7450/data.7450	7	77	high-gap	0.168831168831	0.220779220779	0.207792207792	0.207792207792	23	3.95652173913	2	8	0.0592369477912	0.143665158371
7454	train	data_pandit/aa/7454/data.7454	6	81	low-gap	0.0349794238683	0.0987654320988	0.037037037037	0.037037037037	5	3.4	3	3	0.0592369477912	0.143665158371
7456	train	data_pandit/aa/7456/data.7456	21	67	mid-gap	0.0625444207534	0.164179104478	0.0597014925373	0.0597014925373	40	2.2	3	3	0.0592369477912	0.143665158371
7457	train	data_pandit/aa/7457/data.7457	8	50	low-gap	0	0	0	0	0	0	0	0	0.0592369477912	0.143665158371
7460	train	data_pandit/aa/7460/data.7460	7	81	low-gap	0.00881834215168	0.0123456790123	0.0123456790123	0.0123456790123	5	1	1	1	0.0592369477912	0.143665158371
7461	train	data_pandit/aa/7461/data.7461	6	81	high-gap	0.218106995885	0.654320987654	0.259259259259	0.172839506173	18	5.88888888889	3.5	10	0.0592369477912	0.143665158371
7465	train	data_pandit/aa/7465/data.7465	11	72	low-gap	0.0277777777778	0.180555555556	0.0277777777778	0	12	1.83333333333	2	2	0.0592369477912	0.143665158371
7466	train	data_pandit/aa/7466/data.7466	12	67	low-gap	0.0348258706468	0.044776119403	0.044776119403	0.044776119403	20	1.4	1	2	0.0592369477912	0.143665158371
7467	train	data_pandit/aa/7467/data.7467	11	362	high-gap	0.22250125565	0.370165745856	0.32044198895	0.21546961326	186	4.76344086022	3	8	0.0592369477912	0.143665158371
7468	train	data_pandit/aa/7468/data.7468	7	173	low-gap	0.0222956234517	0.0982658959538	0.0115606936416	0.0115606936416	10	2.7	2	6	0.0592369477912	0.143665158371
7469	train	data_pandit/aa/7469/data.7469	7	189	low-gap	0.0551776266062	0.179894179894	0.0529100529101	0.042328042328	19	3.84210526316	2	7	0.0592369477912	0.143665158371
7471	train	data_pandit/aa/7471/data.7471	41	177	high-gap	0.208901750034	0.38418079096	0.248587570621	0.214689265537	391	3.87723785166	2	11	0.0592369477912	0.143665158371
7474	train	data_pandit/aa/7474/data.7474	9	365	high-gap	0.160121765601	0.257534246575	0.175342465753	0.161643835616	82	6.41463414634	2	11	0.0592369477912	0.143665158371
7476	train	data_pandit/aa/7476/data.7476	8	126	mid-gap	0.078373015873	0.285714285714	0.285714285714	0.00793650793651	12	6.58333333333	2	9	0.0592369477912	0.143665158371
7477	train	data_pandit/aa/7477/data.7477	10	184	high-gap	0.247282608696	0.483695652174	0.33152173913	0.288043478261	57	7.98245614035	6	18	0.0592369477912	0.143665158371
7478	train	data_pandit/aa/7478/data.7478	8	296	high-gap	0.158361486486	0.246621621622	0.209459459459	0.179054054054	71	5.28169014085	4	12	0.0592369477912	0.143665158371
7479	train	data_pandit/aa/7479/data.7479	11	121	mid-gap	0.0713749060856	0.115702479339	0.0909090909091	0.0661157024793	36	2.63888888889	2	5	0.0592369477912	0.143665158371
7480	train	data_pandit/aa/7480/data.7480	25	519	high-gap	0.319691714836	0.605009633911	0.398843930636	0.335260115607	750	5.53066666667	3	12	0.0592369477912	0.143665158371
7482	train	data_pandit/aa/7482/data.7482	13	267	high-gap	0.197637568424	0.337078651685	0.243445692884	0.23595505618	98	7	3	19	0.0592369477912	0.143665158371
7484	train	data_pandit/aa/7484/data.7484	7	313	high-gap	0.20903696942	0.603833865815	0.313099041534	0.140575079872	47	9.74468085106	4	26	0.0592369477912	0.143665158371
7485	train	data_pandit/aa/7485/data.7485	31	196	high-gap	0.339861751152	0.647959183673	0.433673469388	0.387755102041	288	7.17013888889	4	17	0.0592369477912	0.143665158371
7486	train	data_pandit/aa/7486/data.7486	12	314	low-gap	0.0586518046709	0.194267515924	0.0923566878981	0.0445859872611	77	2.87012987013	2	6	0.0592369477912	0.143665158371
7487	train	data_pandit/aa/7487/data.7487	6	220	low-gap	0.0227272727273	0.0636363636364	0.0363636363636	0.0363636363636	17	1.76470588235	2	2	0.0592369477912	0.143665158371
7490	train	data_pandit/aa/7490/data.7490	6	125	low-gap	0.0373333333333	0.08	0.072	0.032	14	2	2	3	0.0592369477912	0.143665158371
7492	train	data_pandit/aa/7492/data.7492	27	147	mid-gap	0.129755605946	0.244897959184	0.136054421769	0.136054421769	178	2.89325842697	2	9	0.0592369477912	0.143665158371
7493	train	data_pandit/aa/7493/data.7493	8	303	mid-gap	0.095297029703	0.250825082508	0.168316831683	0.0858085808581	68	3.39705882353	2	7	0.0592369477912	0.143665158371
7494	train	data_pandit/aa/7494/data.7494	25	253	low-gap	0.0414229249012	0.0750988142292	0.0474308300395	0.0395256916996	112	2.33928571429	2	4	0.0592369477912	0.143665158371
7495	train	data_pandit/aa/7495/data.7495	23	50	low-gap	0.0330434782609	0.08	0.04	0.04	37	1.02702702703	1	1	0.0592369477912	0.143665158371
7498	train	data_pandit/aa/7498/data.7498	16	165	high-gap	0.266666666667	0.424242424242	0.345454545455	0.278787878788	84	8.38095238095	7	22	0.0592369477912	0.143665158371
7500	train	data_pandit/aa/7500/data.7500	4	250	mid-gap	0.136	0.232	0.232	0.2	25	5.44	3	13	0.0592369477912	0.143665158371
7502	train	data_pandit/aa/7502/data.7502	26	92	high-gap	0.269230769231	0.597826086957	0.391304347826	0.25	102	6.3137254902	5	12	0.0592369477912	0.143665158371
7505	train	data_pandit/aa/7505/data.7505	5	172	mid-gap	0.102325581395	0.18023255814	0.133720930233	0.116279069767	23	3.82608695652	3	9	0.0592369477912	0.143665158371
7509	train	data_pandit/aa/7509/data.7509	9	392	high-gap	0.222222222222	0.426020408163	0.267857142857	0.214285714286	109	7.19266055046	5	16	0.0592369477912	0.143665158371
7511	train	data_pandit/aa/7511/data.7511	9	276	mid-gap	0.12037037037	0.235507246377	0.159420289855	0.115942028986	33	9.06060606061	7	14	0.0592369477912	0.143665158371
7514	train	data_pandit/aa/7514/data.7514	18	227	high-gap	0.20680372002	0.348017621145	0.237885462555	0.220264317181	150	5.63333333333	2	11	0.0592369477912	0.143665158371
7516	train	data_pandit/aa/7516/data.7516	7	222	high-gap	0.200772200772	0.292792792793	0.247747747748	0.216216216216	52	6	4	15	0.0592369477912	0.143665158371
7518	train	data_pandit/aa/7518/data.7518	13	235	high-gap	0.192471358429	0.395744680851	0.212765957447	0.195744680851	124	4.74193548387	3	10	0.0592369477912	0.143665158371
7520	train	data_pandit/aa/7520/data.7520	15	83	high-gap	0.155020080321	0.385542168675	0.180722891566	0.156626506024	54	3.57407407407	3	6	0.0592369477912	0.143665158371
7521	train	data_pandit/aa/7521/data.7521	8	250	high-gap	0.154	0.304	0.176	0.156	61	5.04918032787	3	13	0.0592369477912	0.143665158371
7528	train	data_pandit/aa/7528/data.7528	20	768	high-gap	0.302408854167	0.424479166667	0.373697916667	0.34375	643	7.22395023328	5	17	0.0592369477912	0.143665158371
7530	train	data_pandit/aa/7530/data.7530	24	227	high-gap	0.192914831131	0.370044052863	0.233480176211	0.20704845815	282	3.72695035461	3	8	0.0592369477912	0.143665158371
7534	train	data_pandit/aa/7534/data.7534	10	235	mid-gap	0.136170212766	0.327659574468	0.234042553191	0.123404255319	97	3.29896907216	2	6	0.0592369477912	0.143665158371
7537	train	data_pandit/aa/7537/data.7537	7	214	high-gap	0.208277703605	0.35046728972	0.294392523364	0.238317757009	40	7.8	6	10	0.0592369477912	0.143665158371
7538	train	data_pandit/aa/7538/data.7538	9	199	high-gap	0.304857621441	0.48743718593	0.402010050251	0.321608040201	72	7.58333333333	4.5	13	0.0592369477912	0.143665158371
7539	train	data_pandit/aa/7539/data.7539	8	161	mid-gap	0.129658385093	0.291925465839	0.192546583851	0.11801242236	47	3.55319148936	3	6	0.0592369477912	0.143665158371
7542	train	data_pandit/aa/7542/data.7542	6	486	high-gap	0.160836762689	0.362139917695	0.218106995885	0.166666666667	102	4.59803921569	2	11	0.0592369477912	0.143665158371
7543	train	data_pandit/aa/7543/data.7543	7	137	mid-gap	0.0636079249218	0.29197080292	0.0875912408759	0.00729927007299	12	5.08333333333	4	8	0.0592369477912	0.143665158371
7544	train	data_pandit/aa/7544/data.7544	7	252	mid-gap	0.0634920634921	0.134920634921	0.0714285714286	0.0595238095238	34	3.29411764706	2	11	0.0592369477912	0.143665158371
7547	train	data_pandit/aa/7547/data.7547	6	846	high-gap	0.1731678487	0.418439716312	0.263593380615	0.182033096927	142	6.19014084507	4	15	0.0592369477912	0.143665158371
7548	train	data_pandit/aa/7548/data.7548	35	102	high-gap	0.181792717087	0.303921568627	0.225490196078	0.186274509804	240	2.70416666667	1	5	0.0592369477912	0.143665158371
7550	train	data_pandit/aa/7550/data.7550	5	122	low-gap	0.00819672131148	0.016393442623	0.00819672131148	0.00819672131148	5	1	1	1	0.0592369477912	0.143665158371
7551	train	data_pandit/aa/7551/data.7551	19	300	high-gap	0.155087719298	0.31	0.23	0.17	267	3.31086142322	2	6	0.0592369477912	0.143665158371
7553	train	data_pandit/aa/7553/data.7553	27	245	mid-gap	0.140136054422	0.379591836735	0.191836734694	0.14693877551	275	3.37090909091	2	10	0.0592369477912	0.143665158371
7555	train	data_pandit/aa/7555/data.7555	38	140	mid-gap	0.132518796992	0.3	0.178571428571	0.142857142857	128	5.5078125	4	10	0.0592369477912	0.143665158371
7558	train	data_pandit/aa/7558/data.7558	16	63	high-gap	0.204365079365	0.31746031746	0.301587301587	0.222222222222	15	13.7333333333	14	19	0.0592369477912	0.143665158371
7559	train	data_pandit/aa/7559/data.7559	13	224	high-gap	0.241414835165	0.419642857143	0.28125	0.258928571429	100	7.03	1	19	0.0592369477912	0.143665158371
7561	train	data_pandit/aa/7561/data.7561	29	107	mid-gap	0.0721882049629	0.261682242991	0.0841121495327	0.0654205607477	134	1.67164179104	2	2	0.0592369477912	0.143665158371
7565	train	data_pandit/aa/7565/data.7565	25	466	low-gap	0.0282403433476	0.103004291845	0.0236051502146	0.0214592274678	171	1.92397660819	1	3	0.0592369477912	0.143665158371
7568	train	data_pandit/aa/7568/data.7568	13	56	low-gap	0.010989010989	0.0714285714286	0.0178571428571	0	7	1.14285714286	1	1	0.0592369477912	0.143665158371
7569	train	data_pandit/aa/7569/data.7569	10	120	low-gap	0.0133333333333	0.0583333333333	0.00833333333333	0.00833333333333	12	1.33333333333	1	1	0.0592369477912	0.143665158371
7570	train	data_pandit/aa/7570/data.7570	14	79	low-gap	0.0316455696203	0.126582278481	0.0379746835443	0.0253164556962	23	1.52173913043	1	2	0.0592369477912	0.143665158371
7572	train	data_pandit/aa/7572/data.7572	7	63	low-gap	0	0	0	0	0	0	0	0	0.0592369477912	0.143665158371
7575	train	data_pandit/aa/7575/data.7575	152	556	high-gap	0.644961662249	0.897482014388	0.694244604317	0.651079136691	4716	11.5578880407	4	18	0.0592369477912	0.143665158371
7577	train	data_pandit/aa/7577/data.7577	38	573	high-gap	0.487737668779	0.650959860384	0.588132635253	0.44502617801	760	13.9736842105	3	23	0.0592369477912	0.143665158371
7578	train	data_pandit/aa/7578/data.7578	16	109	low-gap	0.016628440367	0.0550458715596	0.0275229357798	0.00917431192661	27	1.07407407407	1	1	0.0592369477912	0.143665158371
7579	train	data_pandit/aa/7579/data.7579	5	243	low-gap	0.0172839506173	0.0329218106996	0.0329218106996	0.0164609053498	11	1.90909090909	2	3	0.0592369477912	0.143665158371
7580	train	data_pandit/aa/7580/data.7580	16	131	mid-gap	0.0658396946565	0.12213740458	0.0992366412214	0.0839694656489	64	2.15625	1.5	4	0.0592369477912	0.143665158371
7581	train	data_pandit/aa/7581/data.7581	5	199	mid-gap	0.0693467336683	0.185929648241	0.130653266332	0.0251256281407	20	3.45	2	8	0.0592369477912	0.143665158371
7583	train	data_pandit/aa/7583/data.7583	16	123	low-gap	0.00914634146341	0.0243902439024	0.0162601626016	0.00813008130081	12	1.5	1	2	0.0592369477912	0.143665158371
7584	train	data_pandit/aa/7584/data.7584	4	238	low-gap	0.0567226890756	0.163865546218	0.163865546218	0.0546218487395	21	2.57142857143	2	4	0.0592369477912	0.143665158371
7585	train	data_pandit/aa/7585/data.7585	18	138	low-gap	0.0161030595813	0.130434782609	0.0144927536232	0.00724637681159	26	1.53846153846	1	3	0.0592369477912	0.143665158371
7586	train	data_pandit/aa/7586/data.7586	11	326	low-gap	0.0153374233129	0.0490797546012	0.0153374233129	0.0153374233129	50	1.1	1	1	0.0592369477912	0.143665158371
7587	train	data_pandit/aa/7587/data.7587	6	131	low-gap	0	0	0	0	0	0	0	0	0.0592369477912	0.143665158371
7589	train	data_pandit/aa/7589/data.7589	5	182	low-gap	0.00659340659341	0.021978021978	0.010989010989	0	4	1.5	1	1	0.0592369477912	0.143665158371
7592	train	data_pandit/aa/7592/data.7592	5	39	low-gap	0.0205128205128	0.025641025641	0.025641025641	0.025641025641	4	1	1	1	0.0592369477912	0.143665158371
7593	train	data_pandit/aa/7593/data.7593	19	152	low-gap	0.00554016620499	0.0394736842105	0	0	11	1.45454545455	1	3	0.0592369477912	0.143665158371
7596	train	data_pandit/aa/7596/data.7596	11	429	low-gap	0.0120788302606	0.030303030303	0.011655011655	0.011655011655	32	1.78125	2	2	0.0592369477912	0.143665158371
7597	train	data_pandit/aa/7597/data.7597	11	386	mid-gap	0.0805463966086	0.152849740933	0.126943005181	0.0984455958549	88	3.88636363636	3	6	0.0592369477912	0.143665158371
7599	train	data_pandit/aa/7599/data.7599	13	462	mid-gap	0.0947385947386	0.242424242424	0.125541125541	0.0887445887446	126	4.51587301587	1	11	0.0592369477912	0.143665158371
7601	train	data_pandit/aa/7601/data.7601	15	24	low-gap	0.0361111111111	0.208333333333	0	0	4	3.25	4	4	0.0592369477912	0.143665158371
7605	train	data_pandit/aa/7605/data.7605	20	172	high-gap	0.343895348837	0.517441860465	0.436046511628	0.418604651163	182	6.5	4	8	0.0592369477912	0.143665158371
7607	train	data_pandit/aa/7607/data.7607	4	126	low-gap	0.047619047619	0.0793650793651	0.0793650793651	0.0634920634921	15	1.6	1	2	0.0592369477912	0.143665158371
7608	train	data_pandit/aa/7608/data.7608	38	148	mid-gap	0.10793029872	0.256756756757	0.128378378378	0.0945945945946	179	3.39106145251	4	7	0.0592369477912	0.143665158371
7610	train	data_pandit/aa/7610/data.7610	19	322	high-gap	0.466001961425	0.614906832298	0.55900621118	0.540372670807	208	13.7067307692	7	36	0.0592369477912	0.143665158371
7613	train	data_pandit/aa/7613/data.7613	58	113	high-gap	0.180500457736	0.407079646018	0.256637168142	0.247787610619	168	7.04166666667	7.5	13	0.0592369477912	0.143665158371
7614	train	data_pandit/aa/7614/data.7614	7	67	low-gap	0.0106609808102	0.0746268656716	0	0	1	5	5	5	0.0592369477912	0.143665158371
7618	train	data_pandit/aa/7618/data.7618	14	56	high-gap	0.369897959184	0.482142857143	0.428571428571	0.410714285714	38	7.63157894737	3	18	0.0592369477912	0.143665158371
7619	train	data_pandit/aa/7619/data.7619	11	31	high-gap	0.33137829912	0.387096774194	0.387096774194	0.354838709677	10	11.3	11	12	0.0592369477912	0.143665158371
7621	train	data_pandit/aa/7621/data.7621	18	53	low-gap	0	0	0	0	0	0	0	0	0.0592369477912	0.143665158371
7622	train	data_pandit/aa/7622/data.7622	5	317	high-gap	0.204416403785	0.334384858044	0.296529968454	0.236593059937	35	9.25714285714	6	25	0.0592369477912	0.143665158371
7624	train	data_pandit/aa/7624/data.7624	4	16	low-gap	0.015625	0.0625	0.0625	0	1	1	1	1	0.0592369477912	0.143665158371
7630	train	data_pandit/aa/7630/data.7630	4	28	mid-gap	0.0625	0.25	0.25	0	3	2.33333333333	3	3	0.0592369477912	0.143665158371
7634	train	data_pandit/aa/7634/data.7634	8	162	mid-gap	0.141975308642	0.401234567901	0.308641975309	0.111111111111	32	5.75	3	8	0.0592369477912	0.143665158371
7635	train	data_pandit/aa/7635/data.7635	18	76	low-gap	0.0292397660819	0.144736842105	0.0394736842105	0.0131578947368	28	1.42857142857	1	3	0.0592369477912	0.143665158371
7636	train	data_pandit/aa/7636/data.7636	49	54	low-gap	0.0196523053666	0.0740740740741	0.0185185185185	0.0185185185185	50	1.04	1	1	0.0592369477912	0.143665158371
7637	train	data_pandit/aa/7637/data.7637	7	35	mid-gap	0.0857142857143	0.285714285714	0.114285714286	0.0571428571429	6	3.5	3.5	4	0.0592369477912	0.143665158371
7638	train	data_pandit/aa/7638/data.7638	6	23	low-gap	0.0434782608696	0.130434782609	0.0434782608696	0.0434782608696	4	1.5	1	1	0.0592369477912	0.143665158371
7639	train	data_pandit/aa/7639/data.7639	12	57	low-gap	0.0423976608187	0.0526315789474	0.0526315789474	0.0526315789474	19	1.52631578947	2	2	0.0592369477912	0.143665158371
7642	train	data_pandit/aa/7642/data.7642	14	96	low-gap	0.0580357142857	0.145833333333	0.09375	0.0729166666667	36	2.16666666667	2	4	0.0592369477912	0.143665158371
7644	train	data_pandit/aa/7644/data.7644	18	61	low-gap	0.0546448087432	0.311475409836	0.0655737704918	0.0327868852459	32	1.875	1	3	0.0592369477912	0.143665158371
7651	train	data_pandit/aa/7651/data.7651	8	53	low-gap	0.0117924528302	0.0188679245283	0.0188679245283	0.0188679245283	5	1	1	1	0.0592369477912	0.143665158371
7658	train	data_pandit/aa/7658/data.7658	16	156	low-gap	0.0348557692308	0.160256410256	0.025641025641	0.025641025641	21	4.14285714286	4	5	0.0592369477912	0.143665158371
7659	train	data_pandit/aa/7659/data.7659	12	447	mid-gap	0.0906040268456	0.212527964206	0.089485458613	0.0872483221477	117	4.15384615385	3	11	0.0592369477912	0.143665158371
7661	train	data_pandit/aa/7661/data.7661	19	43	low-gap	0.0452876376989	0.139534883721	0.0697674418605	0.0232558139535	28	1.32142857143	1	3	0.0592369477912	0.143665158371
7664	train	data_pandit/aa/7664/data.7664	5	44	mid-gap	0.104545454545	0.204545454545	0.204545454545	0.113636363636	12	1.91666666667	1	3	0.0592369477912	0.143665158371
7666	train	data_pandit/aa/7666/data.7666	30	66	mid-gap	0.140404040404	0.257575757576	0.181818181818	0.151515151515	78	3.5641025641	3	8	0.0592369477912	0.143665158371
7674	train	data_pandit/aa/7674/data.7674	7	63	mid-gap	0.092970521542	0.206349206349	0.111111111111	0.0952380952381	21	1.95238095238	1	4	0.0592369477912	0.143665158371
7677	train	data_pandit/aa/7677/data.7677	16	263	mid-gap	0.0983840304183	0.216730038023	0.155893536122	0.0722433460076	109	3.79816513761	3	10	0.0592369477912	0.143665158371
7683	train	data_pandit/aa/7683/data.7683	9	54	low-gap	0.0349794238683	0.0555555555556	0.0555555555556	0.0555555555556	7	2.42857142857	3	3	0.0592369477912	0.143665158371
7689	train	data_pandit/aa/7689/data.7689	5	63	high-gap	0.193650793651	0.539682539683	0.206349206349	0.111111111111	11	5.54545454545	5	7	0.0592369477912	0.143665158371
7691	train	data_pandit/aa/7691/data.7691	7	59	low-gap	0.0145278450363	0.0169491525424	0.0169491525424	0.0169491525424	6	1	1	1	0.0592369477912	0.143665158371
7692	train	data_pandit/aa/7692/data.7692	29	93	mid-gap	0.110493140527	0.279569892473	0.139784946237	0.0860215053763	125	2.384	2	5	0.0592369477912	0.143665158371
7694	train	data_pandit/aa/7694/data.7694	4	160	mid-gap	0.0875	0.23125	0.23125	0.075	11	5.09090909091	6	6	0.0592369477912	0.143665158371
7695	train	data_pandit/aa/7695/data.7695	13	269	low-gap	0.0388904775522	0.152416356877	0.0520446096654	0.0260223048327	55	2.47272727273	2	6	0.0592369477912	0.143665158371
7696	train	data_pandit/aa/7696/data.7696	14	178	high-gap	0.156902086677	0.280898876404	0.247191011236	0.162921348315	43	9.09302325581	5	24	0.0592369477912	0.143665158371
7697	train	data_pandit/aa/7697/data.7697	12	70	mid-gap	0.105952380952	0.228571428571	0.171428571429	0.1	40	2.225	2	4	0.0592369477912	0.143665158371
7698	train	data_pandit/aa/7698/data.7698	37	204	mid-gap	0.077106518283	0.196078431373	0.093137254902	0.0686274509804	264	2.20454545455	1	5	0.0592369477912	0.143665158371
7699	train	data_pandit/aa/7699/data.7699	17	81	low-gap	0.0145243282498	0.0246913580247	0.0246913580247	0.0123456790123	13	1.53846153846	2	2	0.0592369477912	0.143665158371
7700	train	data_pandit/aa/7700/data.7700	7	79	low-gap	0.0325497287523	0.113924050633	0.0506329113924	0.0126582278481	8	2.25	2	3	0.0592369477912	0.143665158371
7701	train	data_pandit/aa/7701/data.7701	5	72	low-gap	0.00277777777778	0.0138888888889	0	0	1	1	1	1	0.0592369477912	0.143665158371
7702	train	data_pandit/aa/7702/data.7702	10	105	mid-gap	0.0666666666667	0.104761904762	0.0761904761905	0.0761904761905	36	1.94444444444	1.5	4	0.0592369477912	0.143665158371
7703	train	data_pandit/aa/7703/data.7703	19	139	mid-gap	0.0628549791746	0.165467625899	0.0791366906475	0.0575539568345	110	1.50909090909	1	2	0.0592369477912	0.143665158371
7704	train	data_pandit/aa/7704/data.7704	23	72	mid-gap	0.0911835748792	0.194444444444	0.152777777778	0.0833333333333	63	2.39682539683	1	5	0.0592369477912	0.143665158371
7705	train	data_pandit/aa/7705/data.7705	12	55	low-gap	0.0106060606061	0.0545454545455	0.0363636363636	0	4	1.75	2	2	0.0592369477912	0.143665158371
7706	train	data_pandit/aa/7706/data.7706	33	68	low-gap	0.0254010695187	0.132352941176	0.0441176470588	0.0147058823529	36	1.58333333333	1	2	0.0592369477912	0.143665158371
7708	train	data_pandit/aa/7708/data.7708	13	53	low-gap	0.0174165457184	0.0188679245283	0.0188679245283	0.0188679245283	12	1	1	1	0.0592369477912	0.143665158371
7710	train	data_pandit/aa/7710/data.7710	5	143	mid-gap	0.0909090909091	0.181818181818	0.13986013986	0.111888111888	16	4.0625	1	9	0.0592369477912	0.143665158371
7711	train	data_pandit/aa/7711/data.7711	17	206	low-gap	0.03912050257	0.126213592233	0.0485436893204	0.0388349514563	80	1.7125	1	3	0.0592369477912	0.143665158371
7713	train	data_pandit/aa/7713/data.7713	4	410	low-gap	0.034756097561	0.0829268292683	0.0829268292683	0.0292682926829	21	2.71428571429	1	6	0.0592369477912	0.143665158371
7715	train	data_pandit/aa/7715/data.7715	12	67	low-gap	0.0161691542289	0.0298507462687	0.0149253731343	0.0149253731343	13	1	1	1	0.0592369477912	0.143665158371
7721	train	data_pandit/aa/7721/data.7721	4	89	low-gap	0.0421348314607	0.123595505618	0.123595505618	0.0337078651685	7	2.14285714286	1	3	0.0592369477912	0.143665158371
7722	train	data_pandit/aa/7722/data.7722	11	262	mid-gap	0.121790423317	0.301526717557	0.156488549618	0.125954198473	71	4.94366197183	3	13	0.0592369477912	0.143665158371
7723	train	data_pandit/aa/7723/data.7723	12	28	low-gap	0	0	0	0	0	0	0	0	0.0592369477912	0.143665158371
7724	train	data_pandit/aa/7724/data.7724	8	244	mid-gap	0.117827868852	0.241803278689	0.209016393443	0.139344262295	58	3.96551724138	2	12	0.0592369477912	0.143665158371
7728	train	data_pandit/aa/7728/data.7728	4	57	low-gap	0.0394736842105	0.0526315789474	0.0526315789474	0.0526315789474	3	3	3	3	0.0592369477912	0.143665158371
7729	train	data_pandit/aa/7729/data.7729	4	47	mid-gap	0.0744680851064	0.212765957447	0.212765957447	0.0425531914894	4	3.5	2	2	0.0592369477912	0.143665158371
7735	train	data_pandit/aa/7735/data.7735	16	344	high-gap	0.165879360465	0.386627906977	0.325581395349	0.145348837209	112	8.15178571429	2	21	0.0592369477912	0.143665158371
