label	split	msa_id	recon_mse
synthetic_fixed	synthetic	syn_000000	0.010569001548
synthetic_fixed	synthetic	syn_000001	0.00545204430819
synthetic_fixed	synthetic	syn_000002	0.00633460562676
synthetic_fixed	synthetic	syn_000003	0.00582719501108
synthetic_fixed	synthetic	syn_000004	0.00630598608404
synthetic_fixed	synthetic	syn_000005	0.00841909274459
synthetic_fixed	synthetic	syn_000006	0.00815474893898
synthetic_fixed	synthetic	syn_000007	0.00561582110822
synthetic_fixed	synthetic	syn_000008	0.0050978763029
synthetic_fixed	synthetic	syn_000009	0.00522125232965
synthetic_fixed	synthetic	syn_000010	0.00654588360339
synthetic_fixed	synthetic	syn_000011	0.0104702450335
synthetic_fixed	synthetic	syn_000012	0.00547599839047
synthetic_fixed	synthetic	syn_000013	0.00356270000339
synthetic_fixed	synthetic	syn_000014	0.00674779992551
synthetic_fixed	synthetic	syn_000015	0.00574722606689
synthetic_fixed	synthetic	syn_000016	0.00628397241235
synthetic_fixed	synthetic	syn_000017	0.00589844025671
synthetic_fixed	synthetic	syn_000018	0.00453675724566
synthetic_fixed	synthetic	syn_000019	0.00722453556955
synthetic_fixed	synthetic	syn_000020	0.00913581997156
synthetic_fixed	synthetic	syn_000021	0.00403709989041
synthetic_fixed	synthetic	syn_000022	0.00575433112681
synthetic_fixed	synthetic	syn_000023	0.0123972781003
synthetic_fixed	synthetic	syn_000024	0.00523862149566
synthetic_fixed	synthetic	syn_000025	0.0118675865233
synthetic_fixed	synthetic	syn_000026	0.00712396390736
synthetic_fixed	synthetic	syn_000027	0.00606858544052
synthetic_fixed	synthetic	syn_000028	0.00836323574185
synthetic_fixed	synthetic	syn_000029	0.00631302548572
synthetic_fixed	synthetic	syn_000030	0.00606066547334
synthetic_fixed	synthetic	syn_000031	0.00499012600631
synthetic_fixed	synthetic	syn_000032	0.00505720078945
synthetic_fixed	synthetic	syn_000033	0.00949371326715
synthetic_fixed	synthetic	syn_000034	0.00617936765775
synthetic_fixed	synthetic	syn_000035	0.00565109169111
synthetic_fixed	synthetic	syn_000036	0.00861478410661
synthetic_fixed	synthetic	syn_000037	0.00624167034402
synthetic_fixed	synthetic	syn_000038	0.00977432355285
synthetic_fixed	synthetic	syn_000039	0.00841630809009
synthetic_fixed	synthetic	syn_000040	0.00733529077843
synthetic_fixed	synthetic	syn_000041	0.0142336711287
synthetic_fixed	synthetic	syn_000042	0.00840423069894
synthetic_fixed	synthetic	syn_000043	0.00591312907636
synthetic_fixed	synthetic	syn_000044	0.00851844064891
synthetic_fixed	synthetic	syn_000045	0.00647930148989
synthetic_fixed	synthetic	syn_000046	0.00861794222146
synthetic_fixed	synthetic	syn_000047	0.00512554496527
synthetic_fixed	synthetic	syn_000048	0.00932573992759
synthetic_fixed	synthetic	syn_000049	0.00493301916867
synthetic_fixed	synthetic	syn_000050	0.00786452740431
synthetic_fixed	synthetic	syn_000051	0.0108930058777
synthetic_fixed	synthetic	syn_000052	0.0051249214448
synthetic_fixed	synthetic	syn_000053	0.00699455477297
synthetic_fixed	synthetic	syn_000054	0.00592333450913
synthetic_fixed	synthetic	syn_000055	0.00658048782498
synthetic_fixed	synthetic	syn_000056	0.00849303044379
synthetic_fixed	synthetic	syn_000057	0.00465138396248
synthetic_fixed	synthetic	syn_000058	0.0096204392612
synthetic_fixed	synthetic	syn_000059	0.0113192442805
synthetic_fixed	synthetic	syn_000060	0.0106441015378
synthetic_fixed	synthetic	syn_000061	0.00952070299536
synthetic_fixed	synthetic	syn_000062	0.00649185664952
synthetic_fixed	synthetic	syn_000063	0.00375639018603
synthetic_fixed	synthetic	syn_000064	0.00632213940844
synthetic_fixed	synthetic	syn_000065	0.00942997261882
synthetic_fixed	synthetic	syn_000066	0.0092991348356
synthetic_fixed	synthetic	syn_000067	0.00617934344336
synthetic_fixed	synthetic	syn_000068	0.00585588533431
synthetic_fixed	synthetic	syn_000069	0.00705169793218
synthetic_fixed	synthetic	syn_000070	0.00620111264288
synthetic_fixed	synthetic	syn_000071	0.00975123234093
synthetic_fixed	synthetic	syn_000072	0.00512863509357
synthetic_fixed	synthetic	syn_000073	0.00842194166034
synthetic_fixed	synthetic	syn_000074	0.00600090809166
synthetic_fixed	synthetic	syn_000075	0.0105938222259
synthetic_fixed	synthetic	syn_000076	0.00906485505402
synthetic_fixed	synthetic	syn_000077	0.0120676290244
synthetic_fixed	synthetic	syn_000078	0.00942985061556
synthetic_fixed	synthetic	syn_000079	0.0115282945335
synthetic_fixed	synthetic	syn_000080	0.00795009080321
synthetic_fixed	synthetic	syn_000081	0.00988798215985
synthetic_fixed	synthetic	syn_000082	0.00902432948351
synthetic_fixed	synthetic	syn_000083	0.00800802372396
synthetic_fixed	synthetic	syn_000084	0.00865413621068
synthetic_fixed	synthetic	syn_000085	0.00877173617482
synthetic_fixed	synthetic	syn_000086	0.00473802024499
synthetic_fixed	synthetic	syn_000087	0.00512888096273
synthetic_fixed	synthetic	syn_000088	0.00663518160582
synthetic_fixed	synthetic	syn_000089	0.00964439753443
synthetic_fixed	synthetic	syn_000090	0.00698991212994
synthetic_fixed	synthetic	syn_000091	0.00879034306854
synthetic_fixed	synthetic	syn_000092	0.0087395105511
synthetic_fixed	synthetic	syn_000093	0.00524468161166
synthetic_fixed	synthetic	syn_000094	0.0104592833668
synthetic_fixed	synthetic	syn_000095	0.0106015885249
synthetic_fixed	synthetic	syn_000096	0.00392778450623
synthetic_fixed	synthetic	syn_000097	0.00439201807603
synthetic_fixed	synthetic	syn_000098	0.00768513884395
synthetic_fixed	synthetic	syn_000099	0.00856664218009
synthetic_fixed	synthetic	syn_000100	0.00542879384011
synthetic_fixed	synthetic	syn_000101	0.00467039691284
synthetic_fixed	synthetic	syn_000102	0.0114065762609
synthetic_fixed	synthetic	syn_000103	0.00894287601113
synthetic_fixed	synthetic	syn_000104	0.0105052944273
synthetic_fixed	synthetic	syn_000105	0.00493986299261
synthetic_fixed	synthetic	syn_000106	0.00754117872566
synthetic_fixed	synthetic	syn_000107	0.00611616764218
synthetic_fixed	synthetic	syn_000108	0.0112668396905
synthetic_fixed	synthetic	syn_000109	0.00896954070777
synthetic_fixed	synthetic	syn_000110	0.00779787823558
synthetic_fixed	synthetic	syn_000111	0.00679018255323
synthetic_fixed	synthetic	syn_000112	0.00634564971551
synthetic_fixed	synthetic	syn_000113	0.00638798996806
synthetic_fixed	synthetic	syn_000114	0.00720604788512
synthetic_fixed	synthetic	syn_000115	0.00905472785234
synthetic_fixed	synthetic	syn_000116	0.00570996198803
synthetic_fixed	synthetic	syn_000117	0.0108271399513
synthetic_fixed	synthetic	syn_000118	0.00463501689956
synthetic_fixed	synthetic	syn_000119	0.00593692995608
synthetic_fixed	synthetic	syn_000120	0.00641727540642
synthetic_fixed	synthetic	syn_000121	0.0053368289955
synthetic_fixed	synthetic	syn_000122	0.00908900238574
synthetic_fixed	synthetic	syn_000123	0.00715017551556
synthetic_fixed	synthetic	syn_000124	0.00775528559461
synthetic_fixed	synthetic	syn_000125	0.00781243061647
synthetic_fixed	synthetic	syn_000126	0.00657709687948
synthetic_fixed	synthetic	syn_000127	0.00536127574742
synthetic_fixed	synthetic	syn_000128	0.00678516551852
synthetic_fixed	synthetic	syn_000129	0.00714936386794
synthetic_fixed	synthetic	syn_000130	0.00506258383393
synthetic_fixed	synthetic	syn_000131	0.00804227590561
synthetic_fixed	synthetic	syn_000132	0.0147836953402
synthetic_fixed	synthetic	syn_000133	0.00611246842891
synthetic_fixed	synthetic	syn_000134	0.00587604101747
synthetic_fixed	synthetic	syn_000135	0.00701246503741
synthetic_fixed	synthetic	syn_000136	0.00979643501341
synthetic_fixed	synthetic	syn_000137	0.00699980463833
synthetic_fixed	synthetic	syn_000138	0.00492973811924
synthetic_fixed	synthetic	syn_000139	0.00809890031815
synthetic_fixed	synthetic	syn_000140	0.00510012172163
synthetic_fixed	synthetic	syn_000141	0.00839394144714
synthetic_fixed	synthetic	syn_000142	0.0106921140105
synthetic_fixed	synthetic	syn_000143	0.012561631389
synthetic_fixed	synthetic	syn_000144	0.00877290591598
synthetic_fixed	synthetic	syn_000145	0.0165426563472
synthetic_fixed	synthetic	syn_000146	0.00632336642593
synthetic_fixed	synthetic	syn_000147	0.00960966199636
synthetic_fixed	synthetic	syn_000148	0.00916626583785
synthetic_fixed	synthetic	syn_000149	0.00652181031182
synthetic_fixed	synthetic	syn_000150	0.0091632399708
synthetic_fixed	synthetic	syn_000151	0.00631628371775
synthetic_fixed	synthetic	syn_000152	0.010429863818
synthetic_fixed	synthetic	syn_000153	0.00732972845435
synthetic_fixed	synthetic	syn_000154	0.00601233309135
synthetic_fixed	synthetic	syn_000155	0.0126231526956
synthetic_fixed	synthetic	syn_000156	0.00731918634847
synthetic_fixed	synthetic	syn_000157	0.00562947290018
synthetic_fixed	synthetic	syn_000158	0.0081804599613
synthetic_fixed	synthetic	syn_000159	0.00595126394182
synthetic_fixed	synthetic	syn_000160	0.00977425090969
synthetic_fixed	synthetic	syn_000161	0.0064979782328
synthetic_fixed	synthetic	syn_000162	0.0057965638116
synthetic_fixed	synthetic	syn_000163	0.00474433042109
synthetic_fixed	synthetic	syn_000164	0.00701957615092
synthetic_fixed	synthetic	syn_000165	0.0113885197788
synthetic_fixed	synthetic	syn_000166	0.00611168006435
synthetic_fixed	synthetic	syn_000167	0.00637018727139
synthetic_fixed	synthetic	syn_000168	0.00738667603582
synthetic_fixed	synthetic	syn_000169	0.00361321261153
synthetic_fixed	synthetic	syn_000170	0.00949488207698
synthetic_fixed	synthetic	syn_000171	0.0219179131091
synthetic_fixed	synthetic	syn_000172	0.00745935831219
synthetic_fixed	synthetic	syn_000173	0.0101491305977
synthetic_fixed	synthetic	syn_000174	0.00699719041586
synthetic_fixed	synthetic	syn_000175	0.00660173641518
synthetic_fixed	synthetic	syn_000176	0.00628660060465
synthetic_fixed	synthetic	syn_000177	0.015421894379
synthetic_fixed	synthetic	syn_000178	0.00534971896559
synthetic_fixed	synthetic	syn_000179	0.00843030866235
synthetic_fixed	synthetic	syn_000180	0.00750019215047
synthetic_fixed	synthetic	syn_000181	0.00859961751848
synthetic_fixed	synthetic	syn_000182	0.0134401842952
synthetic_fixed	synthetic	syn_000183	0.00713296188042
synthetic_fixed	synthetic	syn_000184	0.0094889011234
synthetic_fixed	synthetic	syn_000185	0.00620599836111
synthetic_fixed	synthetic	syn_000186	0.00755467778072
synthetic_fixed	synthetic	syn_000187	0.00834030192345
synthetic_fixed	synthetic	syn_000188	0.00723625905812
synthetic_fixed	synthetic	syn_000189	0.00916291866452
synthetic_fixed	synthetic	syn_000190	0.00923338159919
synthetic_fixed	synthetic	syn_000191	0.00869554840028
synthetic_fixed	synthetic	syn_000192	0.0108637139201
synthetic_fixed	synthetic	syn_000193	0.0195854716003
synthetic_fixed	synthetic	syn_000194	0.00674200616777
synthetic_fixed	synthetic	syn_000195	0.0092109516263
synthetic_fixed	synthetic	syn_000196	0.00435807183385
synthetic_fixed	synthetic	syn_000197	0.00793705321848
synthetic_fixed	synthetic	syn_000198	0.00710559496656
synthetic_fixed	synthetic	syn_000199	0.00753492629156
synthetic_fixed	synthetic	syn_000200	0.00558036752045
synthetic_fixed	synthetic	syn_000201	0.00602350290865
synthetic_fixed	synthetic	syn_000202	0.00594155676663
synthetic_fixed	synthetic	syn_000203	0.00449068937451
synthetic_fixed	synthetic	syn_000204	0.0080126747489
synthetic_fixed	synthetic	syn_000205	0.00816596113145
synthetic_fixed	synthetic	syn_000206	0.0115994783118
synthetic_fixed	synthetic	syn_000207	0.0106779085472
synthetic_fixed	synthetic	syn_000208	0.00876574032009
synthetic_fixed	synthetic	syn_000209	0.0109641524032
synthetic_fixed	synthetic	syn_000210	0.00697086425498
synthetic_fixed	synthetic	syn_000211	0.00914221443236
synthetic_fixed	synthetic	syn_000212	0.00677272072062
synthetic_fixed	synthetic	syn_000213	0.0062242243439
synthetic_fixed	synthetic	syn_000214	0.00925397872925
synthetic_fixed	synthetic	syn_000215	0.00981088913977
synthetic_fixed	synthetic	syn_000216	0.00583073403686
synthetic_fixed	synthetic	syn_000217	0.00539102964103
synthetic_fixed	synthetic	syn_000218	0.00956346280873
synthetic_fixed	synthetic	syn_000219	0.00531692057848
synthetic_fixed	synthetic	syn_000220	0.00903959386051
synthetic_fixed	synthetic	syn_000221	0.00644824374467
synthetic_fixed	synthetic	syn_000222	0.00893867015839
synthetic_fixed	synthetic	syn_000223	0.00576712470502
synthetic_fixed	synthetic	syn_000224	0.00806810893118
synthetic_fixed	synthetic	syn_000225	0.00554171390831
synthetic_fixed	synthetic	syn_000226	0.0104955416173
synthetic_fixed	synthetic	syn_000227	0.00603549554944
synthetic_fixed	synthetic	syn_000228	0.00452591571957
synthetic_fixed	synthetic	syn_000229	0.00761610874906
synthetic_fixed	synthetic	syn_000230	0.0073020211421
synthetic_fixed	synthetic	syn_000231	0.00742392847314
synthetic_fixed	synthetic	syn_000232	0.00652014836669
synthetic_fixed	synthetic	syn_000233	0.00550577789545
synthetic_fixed	synthetic	syn_000234	0.00744885951281
synthetic_fixed	synthetic	syn_000235	0.00667144358158
synthetic_fixed	synthetic	syn_000236	0.00732698664069
synthetic_fixed	synthetic	syn_000237	0.00425617722794
synthetic_fixed	synthetic	syn_000238	0.00970973074436
synthetic_fixed	synthetic	syn_000239	0.00414161756635
synthetic_fixed	synthetic	syn_000240	0.00811668299139
synthetic_fixed	synthetic	syn_000241	0.0083326343447
synthetic_fixed	synthetic	syn_000242	0.00918305199593
synthetic_fixed	synthetic	syn_000243	0.00833187066019
synthetic_fixed	synthetic	syn_000244	0.0186585113406
synthetic_fixed	synthetic	syn_000245	0.00696456478909
synthetic_fixed	synthetic	syn_000246	0.00725153367966
synthetic_fixed	synthetic	syn_000247	0.0124791786075
synthetic_fixed	synthetic	syn_000248	0.00807245075703
synthetic_fixed	synthetic	syn_000249	0.00684247259051
synthetic_fixed	synthetic	syn_000250	0.00623177364469
synthetic_fixed	synthetic	syn_000251	0.00711958296597
synthetic_fixed	synthetic	syn_000252	0.00777541333809
synthetic_fixed	synthetic	syn_000253	0.00638793688267
synthetic_fixed	synthetic	syn_000254	0.0372416749597
synthetic_fixed	synthetic	syn_000255	0.00916137360036
synthetic_fixed	synthetic	syn_000256	0.00489560002461
synthetic_fixed	synthetic	syn_000257	0.00588353397325
synthetic_fixed	synthetic	syn_000258	0.00951136276126
synthetic_fixed	synthetic	syn_000259	0.00722125498578
synthetic_fixed	synthetic	syn_000260	0.00553773902357
synthetic_fixed	synthetic	syn_000261	0.00994744617492
synthetic_fixed	synthetic	syn_000262	0.00583498412743
synthetic_fixed	synthetic	syn_000263	0.00645344983786
synthetic_fixed	synthetic	syn_000264	0.00811811164021
synthetic_fixed	synthetic	syn_000265	0.0055745257996
synthetic_fixed	synthetic	syn_000266	0.00697670318186
synthetic_fixed	synthetic	syn_000267	0.00865497626364
synthetic_fixed	synthetic	syn_000268	0.00678845401853
synthetic_fixed	synthetic	syn_000269	0.00762762827799
synthetic_fixed	synthetic	syn_000270	0.00439808890224
synthetic_fixed	synthetic	syn_000271	0.010319871828
synthetic_fixed	synthetic	syn_000272	0.0122788026929
synthetic_fixed	synthetic	syn_000273	0.00587056949735
synthetic_fixed	synthetic	syn_000274	0.00691127311438
synthetic_fixed	synthetic	syn_000275	0.00851483643055
synthetic_fixed	synthetic	syn_000276	0.00589646399021
synthetic_fixed	synthetic	syn_000277	0.00815064646304
synthetic_fixed	synthetic	syn_000278	0.00514685641974
synthetic_fixed	synthetic	syn_000279	0.0063849450089
synthetic_fixed	synthetic	syn_000280	0.00800267234445
synthetic_fixed	synthetic	syn_000281	0.00745072029531
synthetic_fixed	synthetic	syn_000282	0.00515456218272
synthetic_fixed	synthetic	syn_000283	0.00552792288363
synthetic_fixed	synthetic	syn_000284	0.0073878983967
synthetic_fixed	synthetic	syn_000285	0.00709887966514
synthetic_fixed	synthetic	syn_000286	0.00731848180294
synthetic_fixed	synthetic	syn_000287	0.0181825272739
synthetic_fixed	synthetic	syn_000288	0.00757357943803
synthetic_fixed	synthetic	syn_000289	0.00896635279059
synthetic_fixed	synthetic	syn_000290	0.0135912680998
synthetic_fixed	synthetic	syn_000291	0.00730850920081
synthetic_fixed	synthetic	syn_000292	0.00867427885532
synthetic_fixed	synthetic	syn_000293	0.00659917993471
synthetic_fixed	synthetic	syn_000294	0.0061824535951
synthetic_fixed	synthetic	syn_000295	0.0110188322142
synthetic_fixed	synthetic	syn_000296	0.00384205812588
synthetic_fixed	synthetic	syn_000297	0.00762767717242
synthetic_fixed	synthetic	syn_000298	0.00690594641492
synthetic_fixed	synthetic	syn_000299	0.0132190957665
synthetic_fixed	synthetic	syn_000300	0.00734443496913
synthetic_fixed	synthetic	syn_000301	0.00650082342327
synthetic_fixed	synthetic	syn_000302	0.0120774246752
synthetic_fixed	synthetic	syn_000303	0.00633444264531
synthetic_fixed	synthetic	syn_000304	0.005969023332
synthetic_fixed	synthetic	syn_000305	0.00913758762181
synthetic_fixed	synthetic	syn_000306	0.00832325778902
synthetic_fixed	synthetic	syn_000307	0.0103724226356
synthetic_fixed	synthetic	syn_000308	0.00686604809016
synthetic_fixed	synthetic	syn_000309	0.00839927140623
synthetic_fixed	synthetic	syn_000310	0.00402804929763
synthetic_fixed	synthetic	syn_000311	0.00854182615876
synthetic_fixed	synthetic	syn_000312	0.00492867920548
synthetic_fixed	synthetic	syn_000313	0.0153113715351
synthetic_fixed	synthetic	syn_000314	0.00799014791846
synthetic_fixed	synthetic	syn_000315	0.00641904724762
synthetic_fixed	synthetic	syn_000316	0.00373530620709
synthetic_fixed	synthetic	syn_000317	0.00853068567812
synthetic_fixed	synthetic	syn_000318	0.00446581840515
synthetic_fixed	synthetic	syn_000319	0.00700311828405
synthetic_fixed	synthetic	syn_000320	0.00404917122796
synthetic_fixed	synthetic	syn_000321	0.0065596094355
synthetic_fixed	synthetic	syn_000322	0.00806711614132
synthetic_fixed	synthetic	syn_000323	0.00763641670346
synthetic_fixed	synthetic	syn_000324	0.00756103172898
synthetic_fixed	synthetic	syn_000325	0.0124482642859
synthetic_fixed	synthetic	syn_000326	0.0153754036874
synthetic_fixed	synthetic	syn_000327	0.00725653395057
synthetic_fixed	synthetic	syn_000328	0.00757402181625
synthetic_fixed	synthetic	syn_000329	0.00766457151622
synthetic_fixed	synthetic	syn_000330	0.00626492500305
synthetic_fixed	synthetic	syn_000331	0.0066979448311
synthetic_fixed	synthetic	syn_000332	0.0100476630032
synthetic_fixed	synthetic	syn_000333	0.00821688212454
synthetic_fixed	synthetic	syn_000334	0.00830949470401
synthetic_fixed	synthetic	syn_000335	0.011333823204
synthetic_fixed	synthetic	syn_000336	0.0112845692784
synthetic_fixed	synthetic	syn_000337	0.00613815477118
synthetic_fixed	synthetic	syn_000338	0.00437309127301
synthetic_fixed	synthetic	syn_000339	0.0107140876353
synthetic_fixed	synthetic	syn_000340	0.00787602365017
synthetic_fixed	synthetic	syn_000341	0.00948693975806
synthetic_fixed	synthetic	syn_000342	0.0102455848828
synthetic_fixed	synthetic	syn_000343	0.00617959210649
synthetic_fixed	synthetic	syn_000344	0.0059081572108
synthetic_fixed	synthetic	syn_000345	0.00773185584694
synthetic_fixed	synthetic	syn_000346	0.0137946056202
synthetic_fixed	synthetic	syn_000347	0.010175765492
synthetic_fixed	synthetic	syn_000348	0.00811671465635
synthetic_fixed	synthetic	syn_000349	0.010059395805
synthetic_fixed	synthetic	syn_000350	0.00345442118123
synthetic_fixed	synthetic	syn_000351	0.00721715856344
synthetic_fixed	synthetic	syn_000352	0.00687419204041
synthetic_fixed	synthetic	syn_000353	0.0126113472506
synthetic_fixed	synthetic	syn_000354	0.00644959555939
synthetic_fixed	synthetic	syn_000355	0.00582617707551
synthetic_fixed	synthetic	syn_000356	0.00658010132611
synthetic_fixed	synthetic	syn_000357	0.00822054408491
synthetic_fixed	synthetic	syn_000358	0.0115389358252
synthetic_fixed	synthetic	syn_000359	0.0110960360616
synthetic_fixed	synthetic	syn_000360	0.00644916947931
synthetic_fixed	synthetic	syn_000361	0.00504849059507
synthetic_fixed	synthetic	syn_000362	0.00844859983772
synthetic_fixed	synthetic	syn_000363	0.00970356166363
synthetic_fixed	synthetic	syn_000364	0.00526340119541
synthetic_fixed	synthetic	syn_000365	0.00818540155888
synthetic_fixed	synthetic	syn_000366	0.00646057166159
synthetic_fixed	synthetic	syn_000367	0.00418759975582
synthetic_fixed	synthetic	syn_000368	0.0112527953461
synthetic_fixed	synthetic	syn_000369	0.0119990389794
synthetic_fixed	synthetic	syn_000370	0.00605955347419
synthetic_fixed	synthetic	syn_000371	0.00434271572158
synthetic_fixed	synthetic	syn_000372	0.00615385826677
synthetic_fixed	synthetic	syn_000373	0.00813618674874
synthetic_fixed	synthetic	syn_000374	0.0101646343246
synthetic_fixed	synthetic	syn_000375	0.00648954603821
synthetic_fixed	synthetic	syn_000376	0.00322441151366
synthetic_fixed	synthetic	syn_000377	0.00734251318499
synthetic_fixed	synthetic	syn_000378	0.0125734135509
synthetic_fixed	synthetic	syn_000379	0.00655608717352
synthetic_fixed	synthetic	syn_000380	0.00842015631497
synthetic_fixed	synthetic	syn_000381	0.00863631907851
synthetic_fixed	synthetic	syn_000382	0.00666156411171
synthetic_fixed	synthetic	syn_000383	0.00801054760814
synthetic_fixed	synthetic	syn_000384	0.00937217380852
synthetic_fixed	synthetic	syn_000385	0.00766587816179
synthetic_fixed	synthetic	syn_000386	0.00537764653563
synthetic_fixed	synthetic	syn_000387	0.0055058603175
synthetic_fixed	synthetic	syn_000388	0.006992388051
synthetic_fixed	synthetic	syn_000389	0.0101255178452
synthetic_fixed	synthetic	syn_000390	0.00856409035623
synthetic_fixed	synthetic	syn_000391	0.00578258698806
synthetic_fixed	synthetic	syn_000392	0.00792900472879
synthetic_fixed	synthetic	syn_000393	0.00864634476602
synthetic_fixed	synthetic	syn_000394	0.0106797339395
synthetic_fixed	synthetic	syn_000395	0.007313686423
synthetic_fixed	synthetic	syn_000396	0.00843587797135
synthetic_fixed	synthetic	syn_000397	0.00683882646263
synthetic_fixed	synthetic	syn_000398	0.00627913838252
synthetic_fixed	synthetic	syn_000399	0.00995907001197
synthetic_fixed	synthetic	syn_000400	0.00739652803168
synthetic_fixed	synthetic	syn_000401	0.0115407053381
synthetic_fixed	synthetic	syn_000402	0.0073998067528
synthetic_fixed	synthetic	syn_000403	0.00534568168223
synthetic_fixed	synthetic	syn_000404	0.00662541110069
synthetic_fixed	synthetic	syn_000405	0.0109034022316
synthetic_fixed	synthetic	syn_000406	0.00698824739084
synthetic_fixed	synthetic	syn_000407	0.00999614596367
synthetic_fixed	synthetic	syn_000408	0.00589220412076
synthetic_fixed	synthetic	syn_000409	0.00945662427694
synthetic_fixed	synthetic	syn_000410	0.00676418095827
synthetic_fixed	synthetic	syn_000411	0.00608131755143
synthetic_fixed	synthetic	syn_000412	0.00842574145645
synthetic_fixed	synthetic	syn_000413	0.00387961859815
synthetic_fixed	synthetic	syn_000414	0.00658996962011
synthetic_fixed	synthetic	syn_000415	0.00838188268244
synthetic_fixed	synthetic	syn_000416	0.00691528199241
synthetic_fixed	synthetic	syn_000417	0.00799023918808
synthetic_fixed	synthetic	syn_000418	0.00479912944138
synthetic_fixed	synthetic	syn_000419	0.0052675367333
synthetic_fixed	synthetic	syn_000420	0.00567220756784
synthetic_fixed	synthetic	syn_000421	0.00827721506357
synthetic_fixed	synthetic	syn_000422	0.00466901343316
synthetic_fixed	synthetic	syn_000423	0.0058565614745
synthetic_fixed	synthetic	syn_000424	0.00908278301358
synthetic_fixed	synthetic	syn_000425	0.00653763301671
synthetic_fixed	synthetic	syn_000426	0.00636443356052
synthetic_fixed	synthetic	syn_000427	0.00480266939849
synthetic_fixed	synthetic	syn_000428	0.00762697588652
synthetic_fixed	synthetic	syn_000429	0.0134548759088
synthetic_fixed	synthetic	syn_000430	0.00788901932538
synthetic_fixed	synthetic	syn_000431	0.00576784927398
synthetic_fixed	synthetic	syn_000432	0.00612884899601
synthetic_fixed	synthetic	syn_000433	0.00866281427443
synthetic_fixed	synthetic	syn_000434	0.0164929106832
synthetic_fixed	synthetic	syn_000435	0.00945846922696
synthetic_fixed	synthetic	syn_000436	0.00751691358164
synthetic_fixed	synthetic	syn_000437	0.0132696405053
synthetic_fixed	synthetic	syn_000438	0.013062665239
synthetic_fixed	synthetic	syn_000439	0.00633029732853
synthetic_fixed	synthetic	syn_000440	0.00801895931363
synthetic_fixed	synthetic	syn_000441	0.00884913373739
synthetic_fixed	synthetic	syn_000442	0.00726009439677
synthetic_fixed	synthetic	syn_000443	0.00601137802005
synthetic_fixed	synthetic	syn_000444	0.00756213441491
synthetic_fixed	synthetic	syn_000445	0.0058113662526
synthetic_fixed	synthetic	syn_000446	0.0157531369478
synthetic_fixed	synthetic	syn_000447	0.0117930239066
synthetic_fixed	synthetic	syn_000448	0.00707979779691
synthetic_fixed	synthetic	syn_000449	0.0105014164001
synthetic_fixed	synthetic	syn_000450	0.00875811837614
synthetic_fixed	synthetic	syn_000451	0.00766397546977
synthetic_fixed	synthetic	syn_000452	0.0111870178953
synthetic_fixed	synthetic	syn_000453	0.0061949454248
synthetic_fixed	synthetic	syn_000454	0.0124934725463
synthetic_fixed	synthetic	syn_000455	0.00544466823339
synthetic_fixed	synthetic	syn_000456	0.0056832972914
synthetic_fixed	synthetic	syn_000457	0.00674585718662
synthetic_fixed	synthetic	syn_000458	0.00989568606019
synthetic_fixed	synthetic	syn_000459	0.0198873002082
synthetic_fixed	synthetic	syn_000460	0.00765282846987
synthetic_fixed	synthetic	syn_000461	0.0108188483864
synthetic_fixed	synthetic	syn_000462	0.00932864565402
synthetic_fixed	synthetic	syn_000463	0.00468414695933
synthetic_fixed	synthetic	syn_000464	0.00676516396925
synthetic_fixed	synthetic	syn_000465	0.00729287276044
synthetic_fixed	synthetic	syn_000466	0.00592047907412
synthetic_fixed	synthetic	syn_000467	0.00963565148413
synthetic_fixed	synthetic	syn_000468	0.00506964791566
synthetic_fixed	synthetic	syn_000469	0.0130556039512
synthetic_fixed	synthetic	syn_000470	0.00920069683343
synthetic_fixed	synthetic	syn_000471	0.00581300165504
synthetic_fixed	synthetic	syn_000472	0.00666575692594
synthetic_fixed	synthetic	syn_000473	0.00761660048738
synthetic_fixed	synthetic	syn_000474	0.011078806594
synthetic_fixed	synthetic	syn_000475	0.0146109405905
synthetic_fixed	synthetic	syn_000476	0.00744630303234
synthetic_fixed	synthetic	syn_000477	0.00476940115914
synthetic_fixed	synthetic	syn_000478	0.00630983430892
synthetic_fixed	synthetic	syn_000479	0.0103334337473
synthetic_fixed	synthetic	syn_000480	0.00644094590098
synthetic_fixed	synthetic	syn_000481	0.0076835625805
synthetic_fixed	synthetic	syn_000482	0.0071323774755
synthetic_fixed	synthetic	syn_000483	0.0103443823755
synthetic_fixed	synthetic	syn_000484	0.00831094570458
synthetic_fixed	synthetic	syn_000485	0.00473272241652
synthetic_fixed	synthetic	syn_000486	0.00608854088932
synthetic_fixed	synthetic	syn_000487	0.00420369533822
synthetic_fixed	synthetic	syn_000488	0.0107134673744
synthetic_fixed	synthetic	syn_000489	0.0181835461408
synthetic_fixed	synthetic	syn_000490	0.00694445241243
synthetic_fixed	synthetic	syn_000491	0.0080304145813
synthetic_fixed	synthetic	syn_000492	0.00518962554634
synthetic_fixed	synthetic	syn_000493	0.0112669989467
synthetic_fixed	synthetic	syn_000494	0.00789673067629
synthetic_fixed	synthetic	syn_000495	0.00969662517309
synthetic_fixed	synthetic	syn_000496	0.00830341130495
synthetic_fixed	synthetic	syn_000497	0.00677311327308
synthetic_fixed	synthetic	syn_000498	0.00836023036391
synthetic_fixed	synthetic	syn_000499	0.00873963627964
synthetic_fixed	synthetic	syn_000500	0.00695033743978
synthetic_fixed	synthetic	syn_000501	0.00725505221635
synthetic_fixed	synthetic	syn_000502	0.00734400143847
synthetic_fixed	synthetic	syn_000503	0.00688187917694
synthetic_fixed	synthetic	syn_000504	0.00919780135155
synthetic_fixed	synthetic	syn_000505	0.00747311161831
synthetic_fixed	synthetic	syn_000506	0.00623723585159
synthetic_fixed	synthetic	syn_000507	0.00742750475183
synthetic_fixed	synthetic	syn_000508	0.00370797142386
synthetic_fixed	synthetic	syn_000509	0.00620401557535
synthetic_fixed	synthetic	syn_000510	0.00508931465447
synthetic_fixed	synthetic	syn_000511	0.00655034836382
synthetic_fixed	synthetic	syn_000512	0.0149003732949
synthetic_fixed	synthetic	syn_000513	0.00502179982141
synthetic_fixed	synthetic	syn_000514	0.00701894937083
synthetic_fixed	synthetic	syn_000515	0.0101895071566
synthetic_fixed	synthetic	syn_000516	0.00823408551514
synthetic_fixed	synthetic	syn_000517	0.00722714373842
synthetic_fixed	synthetic	syn_000518	0.00802106689662
synthetic_fixed	synthetic	syn_000519	0.00477345660329
synthetic_fixed	synthetic	syn_000520	0.0094342622906
synthetic_fixed	synthetic	syn_000521	0.00904223416001
synthetic_fixed	synthetic	syn_000522	0.00984852015972
synthetic_fixed	synthetic	syn_000523	0.00928885303438
synthetic_fixed	synthetic	syn_000524	0.00544258393347
synthetic_fixed	synthetic	syn_000525	0.00756210554391
synthetic_fixed	synthetic	syn_000526	0.00500033656135
synthetic_fixed	synthetic	syn_000527	0.00485941302031
synthetic_fixed	synthetic	syn_000528	0.00633555278182
synthetic_fixed	synthetic	syn_000529	0.00521855708212
synthetic_fixed	synthetic	syn_000530	0.00653295312077
synthetic_fixed	synthetic	syn_000531	0.00663815904409
synthetic_fixed	synthetic	syn_000532	0.00575096067041
synthetic_fixed	synthetic	syn_000533	0.00648902868852
synthetic_fixed	synthetic	syn_000534	0.00732664484531
synthetic_fixed	synthetic	syn_000535	0.00877529196441
synthetic_fixed	synthetic	syn_000536	0.00797641091049
synthetic_fixed	synthetic	syn_000537	0.00494037661701
synthetic_fixed	synthetic	syn_000538	0.00836797244847
synthetic_fixed	synthetic	syn_000539	0.00812974199653
synthetic_fixed	synthetic	syn_000540	0.00888041779399
synthetic_fixed	synthetic	syn_000541	0.00662894779816
synthetic_fixed	synthetic	syn_000542	0.00691996887326
synthetic_fixed	synthetic	syn_000543	0.00791676342487
synthetic_fixed	synthetic	syn_000544	0.0109368246049
synthetic_fixed	synthetic	syn_000545	0.00639393925667
synthetic_fixed	synthetic	syn_000546	0.0084355250001
synthetic_fixed	synthetic	syn_000547	0.00923781003803
synthetic_fixed	synthetic	syn_000548	0.00994375627488
synthetic_fixed	synthetic	syn_000549	0.0121340993792
synthetic_fixed	synthetic	syn_000550	0.00633921194822
synthetic_fixed	synthetic	syn_000551	0.00929121300578
synthetic_fixed	synthetic	syn_000552	0.00603927578777
synthetic_fixed	synthetic	syn_000553	0.0116410851479
synthetic_fixed	synthetic	syn_000554	0.0253491438925
synthetic_fixed	synthetic	syn_000555	0.00761626753956
synthetic_fixed	synthetic	syn_000556	0.00533065153286
synthetic_fixed	synthetic	syn_000557	0.00624463148415
synthetic_fixed	synthetic	syn_000558	0.00743545638397
synthetic_fixed	synthetic	syn_000559	0.00769648980349
synthetic_fixed	synthetic	syn_000560	0.00564136076719
synthetic_fixed	synthetic	syn_000561	0.00902188755572
synthetic_fixed	synthetic	syn_000562	0.00611688615754
synthetic_fixed	synthetic	syn_000563	0.00669963099062
synthetic_fixed	synthetic	syn_000564	0.00885728187859
synthetic_fixed	synthetic	syn_000565	0.0127465296537
synthetic_fixed	synthetic	syn_000566	0.0103555005044
synthetic_fixed	synthetic	syn_000567	0.00519681349397
synthetic_fixed	synthetic	syn_000568	0.0108326524496
synthetic_fixed	synthetic	syn_000569	0.00757996179163
synthetic_fixed	synthetic	syn_000570	0.00508923316374
synthetic_fixed	synthetic	syn_000571	0.00699442531914
synthetic_fixed	synthetic	syn_000572	0.00912593211979
synthetic_fixed	synthetic	syn_000573	0.00867384206504
synthetic_fixed	synthetic	syn_000574	0.00699036801234
synthetic_fixed	synthetic	syn_000575	0.00667392089963
synthetic_fixed	synthetic	syn_000576	0.00762097816914
synthetic_fixed	synthetic	syn_000577	0.00716312136501
synthetic_fixed	synthetic	syn_000578	0.0061354553327
synthetic_fixed	synthetic	syn_000579	0.00743935443461
synthetic_fixed	synthetic	syn_000580	0.00751672312617
synthetic_fixed	synthetic	syn_000581	0.00653789704666
synthetic_fixed	synthetic	syn_000582	0.00866125896573
synthetic_fixed	synthetic	syn_000583	0.00939253997058
synthetic_fixed	synthetic	syn_000584	0.00658462755382
synthetic_fixed	synthetic	syn_000585	0.00508301192895
synthetic_fixed	synthetic	syn_000586	0.00641293823719
synthetic_fixed	synthetic	syn_000587	0.0088071487844
synthetic_fixed	synthetic	syn_000588	0.0131392795593
synthetic_fixed	synthetic	syn_000589	0.00748482439667
synthetic_fixed	synthetic	syn_000590	0.00510860746726
synthetic_fixed	synthetic	syn_000591	0.00531351054087
synthetic_fixed	synthetic	syn_000592	0.00470634689555
synthetic_fixed	synthetic	syn_000593	0.00682838028297
synthetic_fixed	synthetic	syn_000594	0.00891081057489
synthetic_fixed	synthetic	syn_000595	0.0101554142311
synthetic_fixed	synthetic	syn_000596	0.00527464598417
synthetic_fixed	synthetic	syn_000597	0.00548900943249
synthetic_fixed	synthetic	syn_000598	0.00688315602019
synthetic_fixed	synthetic	syn_000599	0.00823862478137
synthetic_fixed	synthetic	syn_000600	0.00484901340678
synthetic_fixed	synthetic	syn_000601	0.00710679683834
synthetic_fixed	synthetic	syn_000602	0.00624609366059
synthetic_fixed	synthetic	syn_000603	0.0396058931947
synthetic_fixed	synthetic	syn_000604	0.00795517116785
synthetic_fixed	synthetic	syn_000605	0.00998275820166
synthetic_fixed	synthetic	syn_000606	0.00318836886436
synthetic_fixed	synthetic	syn_000607	0.00635053403676
synthetic_fixed	synthetic	syn_000608	0.00671256706119
synthetic_fixed	synthetic	syn_000609	0.0085270376876
synthetic_fixed	synthetic	syn_000610	0.00735985906795
synthetic_fixed	synthetic	syn_000611	0.00569667015225
synthetic_fixed	synthetic	syn_000612	0.00997296720743
synthetic_fixed	synthetic	syn_000613	0.0055870921351
synthetic_fixed	synthetic	syn_000614	0.0108454432338
synthetic_fixed	synthetic	syn_000615	0.00637605972588
synthetic_fixed	synthetic	syn_000616	0.00522902421653
synthetic_fixed	synthetic	syn_000617	0.0110207367688
synthetic_fixed	synthetic	syn_000618	0.00948884151876
synthetic_fixed	synthetic	syn_000619	0.00994746293873
synthetic_fixed	synthetic	syn_000620	0.0105689838529
synthetic_fixed	synthetic	syn_000621	0.00803316105157
synthetic_fixed	synthetic	syn_000622	0.00569555629045
synthetic_fixed	synthetic	syn_000623	0.00491139525548
synthetic_fixed	synthetic	syn_000624	0.00980703905225
synthetic_fixed	synthetic	syn_000625	0.00611185701564
synthetic_fixed	synthetic	syn_000626	0.0128747671843
synthetic_fixed	synthetic	syn_000627	0.0119387507439
synthetic_fixed	synthetic	syn_000628	0.00629362883046
synthetic_fixed	synthetic	syn_000629	0.009520964697
synthetic_fixed	synthetic	syn_000630	0.00641498249024
synthetic_fixed	synthetic	syn_000631	0.0146668329835
synthetic_fixed	synthetic	syn_000632	0.00489691179246
synthetic_fixed	synthetic	syn_000633	0.00593024864793
synthetic_fixed	synthetic	syn_000634	0.00614486029372
synthetic_fixed	synthetic	syn_000635	0.0115711512044
synthetic_fixed	synthetic	syn_000636	0.00561443343759
synthetic_fixed	synthetic	syn_000637	0.00661735422909
synthetic_fixed	synthetic	syn_000638	0.00673105288297
synthetic_fixed	synthetic	syn_000639	0.00574917020276
synthetic_fixed	synthetic	syn_000640	0.00709113385528
synthetic_fixed	synthetic	syn_000641	0.0159440338612
synthetic_fixed	synthetic	syn_000642	0.00491132866591
synthetic_fixed	synthetic	syn_000643	0.00608541350812
synthetic_fixed	synthetic	syn_000644	0.0100249275565
synthetic_fixed	synthetic	syn_000645	0.00768466154113
synthetic_fixed	synthetic	syn_000646	0.00584254134446
synthetic_fixed	synthetic	syn_000647	0.00979082565755
synthetic_fixed	synthetic	syn_000648	0.00603987462819
synthetic_fixed	synthetic	syn_000649	0.00690278597176
synthetic_fixed	synthetic	syn_000650	0.00583047186956
synthetic_fixed	synthetic	syn_000651	0.00756570650265
synthetic_fixed	synthetic	syn_000652	0.00551080610603
synthetic_fixed	synthetic	syn_000653	0.0109613612294
synthetic_fixed	synthetic	syn_000654	0.0069038560614
synthetic_fixed	synthetic	syn_000655	0.00717577571049
synthetic_fixed	synthetic	syn_000656	0.00801865477115
synthetic_fixed	synthetic	syn_000657	0.0109169203788
synthetic_fixed	synthetic	syn_000658	0.00854872539639
synthetic_fixed	synthetic	syn_000659	0.00752566661686
synthetic_fixed	synthetic	syn_000660	0.00709203211591
synthetic_fixed	synthetic	syn_000661	0.0068603255786
synthetic_fixed	synthetic	syn_000662	0.00769621878862
synthetic_fixed	synthetic	syn_000663	0.00838388130069
synthetic_fixed	synthetic	syn_000664	0.0125357639045
synthetic_fixed	synthetic	syn_000665	0.00755575159565
synthetic_fixed	synthetic	syn_000666	0.00644667912275
synthetic_fixed	synthetic	syn_000667	0.00646947044879
synthetic_fixed	synthetic	syn_000668	0.00635928381234
synthetic_fixed	synthetic	syn_000669	0.00557796563953
synthetic_fixed	synthetic	syn_000670	0.00867360644042
synthetic_fixed	synthetic	syn_000671	0.00780566968024
synthetic_fixed	synthetic	syn_000672	0.00809004623443
synthetic_fixed	synthetic	syn_000673	0.00628122221678
synthetic_fixed	synthetic	syn_000674	0.0120653947815
synthetic_fixed	synthetic	syn_000675	0.00530480127782
synthetic_fixed	synthetic	syn_000676	0.0103252129629
synthetic_fixed	synthetic	syn_000677	0.00895546842366
synthetic_fixed	synthetic	syn_000678	0.0076572666876
synthetic_fixed	synthetic	syn_000679	0.00488701742142
synthetic_fixed	synthetic	syn_000680	0.00995617546141
synthetic_fixed	synthetic	syn_000681	0.00992824696004
synthetic_fixed	synthetic	syn_000682	0.00357188680209
synthetic_fixed	synthetic	syn_000683	0.00765187013894
synthetic_fixed	synthetic	syn_000684	0.00526602379978
synthetic_fixed	synthetic	syn_000685	0.00553470244631
synthetic_fixed	synthetic	syn_000686	0.00808435771614
synthetic_fixed	synthetic	syn_000687	0.0067649492994
synthetic_fixed	synthetic	syn_000688	0.00444583874196
synthetic_fixed	synthetic	syn_000689	0.00582651235163
synthetic_fixed	synthetic	syn_000690	0.0106040015817
synthetic_fixed	synthetic	syn_000691	0.0125747453421
synthetic_fixed	synthetic	syn_000692	0.0102101769298
synthetic_fixed	synthetic	syn_000693	0.00930706877261
synthetic_fixed	synthetic	syn_000694	0.00590765569359
synthetic_fixed	synthetic	syn_000695	0.00757642230019
synthetic_fixed	synthetic	syn_000696	0.00642098905519
synthetic_fixed	synthetic	syn_000697	0.00741826975718
synthetic_fixed	synthetic	syn_000698	0.00825120136142
synthetic_fixed	synthetic	syn_000699	0.00630437163636
synthetic_fixed	synthetic	syn_000700	0.0119897658005
synthetic_fixed	synthetic	syn_000701	0.00877495575696
synthetic_fixed	synthetic	syn_000702	0.00728445593268
synthetic_fixed	synthetic	syn_000703	0.00458962656558
synthetic_fixed	synthetic	syn_000704	0.00706471316516
synthetic_fixed	synthetic	syn_000705	0.00864930264652
synthetic_fixed	synthetic	syn_000706	0.00882438383996
synthetic_fixed	synthetic	syn_000707	0.00499009527266
synthetic_fixed	synthetic	syn_000708	0.00977101270109
synthetic_fixed	synthetic	syn_000709	0.00792430900037
synthetic_fixed	synthetic	syn_000710	0.00826060399413
synthetic_fixed	synthetic	syn_000711	0.00720571726561
synthetic_fixed	synthetic	syn_000712	0.0102354008704
synthetic_fixed	synthetic	syn_000713	0.00685901101679
synthetic_fixed	synthetic	syn_000714	0.00987341068685
synthetic_fixed	synthetic	syn_000715	0.00582895427942
synthetic_fixed	synthetic	syn_000716	0.00555360410362
synthetic_fixed	synthetic	syn_000717	0.00908720307052
synthetic_fixed	synthetic	syn_000718	0.00492384191602
synthetic_fixed	synthetic	syn_000719	0.00720267836004
synthetic_fixed	synthetic	syn_000720	0.00910901930183
synthetic_fixed	synthetic	syn_000721	0.00862360093743
synthetic_fixed	synthetic	syn_000722	0.00854869838804
synthetic_fixed	synthetic	syn_000723	0.00915125384927
synthetic_fixed	synthetic	syn_000724	0.00525043625385
synthetic_fixed	synthetic	syn_000725	0.00821238383651
synthetic_fixed	synthetic	syn_000726	0.00936862826347
synthetic_fixed	synthetic	syn_000727	0.0109919914976
synthetic_fixed	synthetic	syn_000728	0.00846829731017
synthetic_fixed	synthetic	syn_000729	0.00604484369978
synthetic_fixed	synthetic	syn_000730	0.0084427036345
synthetic_fixed	synthetic	syn_000731	0.00510887382552
synthetic_fixed	synthetic	syn_000732	0.00823458470404
synthetic_fixed	synthetic	syn_000733	0.00760700041428
synthetic_fixed	synthetic	syn_000734	0.00507702631876
synthetic_fixed	synthetic	syn_000735	0.00428232271224
synthetic_fixed	synthetic	syn_000736	0.00418391404673
synthetic_fixed	synthetic	syn_000737	0.00612763222307
synthetic_fixed	synthetic	syn_000738	0.00720429420471
synthetic_fixed	synthetic	syn_000739	0.0077053247951
synthetic_fixed	synthetic	syn_000740	0.00684890244156
synthetic_fixed	synthetic	syn_000741	0.00636859983206
synthetic_fixed	synthetic	syn_000742	0.011462460272
synthetic_fixed	synthetic	syn_000743	0.00909364409745
synthetic_fixed	synthetic	syn_000744	0.0068277567625
synthetic_fixed	synthetic	syn_000745	0.00905216112733
synthetic_fixed	synthetic	syn_000746	0.00983140058815
synthetic_fixed	synthetic	syn_000747	0.00868641957641
synthetic_fixed	synthetic	syn_000748	0.00561687536538
synthetic_fixed	synthetic	syn_000749	0.00522565748543
synthetic_fixed	synthetic	syn_000750	0.0114595061168
synthetic_fixed	synthetic	syn_000751	0.00699302833527
synthetic_fixed	synthetic	syn_000752	0.0130789540708
synthetic_fixed	synthetic	syn_000753	0.00761126261204
synthetic_fixed	synthetic	syn_000754	0.00586547981948
synthetic_fixed	synthetic	syn_000755	0.0073194927536
synthetic_fixed	synthetic	syn_000756	0.00394640257582
synthetic_fixed	synthetic	syn_000757	0.00660930247977
synthetic_fixed	synthetic	syn_000758	0.00824466347694
synthetic_fixed	synthetic	syn_000759	0.0086078774184
synthetic_fixed	synthetic	syn_000760	0.00277872034349
synthetic_fixed	synthetic	syn_000761	0.00460889143869
synthetic_fixed	synthetic	syn_000762	0.00532583612949
synthetic_fixed	synthetic	syn_000763	0.00677270069718
synthetic_fixed	synthetic	syn_000764	0.00659040175378
synthetic_fixed	synthetic	syn_000765	0.00704954192042
synthetic_fixed	synthetic	syn_000766	0.0139875523746
synthetic_fixed	synthetic	syn_000767	0.00544728897512
synthetic_fixed	synthetic	syn_000768	0.00918069574982
synthetic_fixed	synthetic	syn_000769	0.00833577848971
synthetic_fixed	synthetic	syn_000770	0.00686319172382
synthetic_fixed	synthetic	syn_000771	0.00735757872462
synthetic_fixed	synthetic	syn_000772	0.00865083560348
synthetic_fixed	synthetic	syn_000773	0.00885559991002
synthetic_fixed	synthetic	syn_000774	0.00593970716
synthetic_fixed	synthetic	syn_000775	0.0113129429519
synthetic_fixed	synthetic	syn_000776	0.00672147981822
synthetic_fixed	synthetic	syn_000777	0.00648031244054
synthetic_fixed	synthetic	syn_000778	0.0104071740061
synthetic_fixed	synthetic	syn_000779	0.0123459948227
synthetic_fixed	synthetic	syn_000780	0.00495589151978
synthetic_fixed	synthetic	syn_000781	0.00873567350209
synthetic_fixed	synthetic	syn_000782	0.00487964972854
synthetic_fixed	synthetic	syn_000783	0.0108045302331
synthetic_fixed	synthetic	syn_000784	0.00838509202003
synthetic_fixed	synthetic	syn_000785	0.00680968398228
synthetic_fixed	synthetic	syn_000786	0.0110626807436
synthetic_fixed	synthetic	syn_000787	0.00646418333054
synthetic_fixed	synthetic	syn_000788	0.00836258195341
synthetic_fixed	synthetic	syn_000789	0.0100107863545
synthetic_fixed	synthetic	syn_000790	0.00841896981001
synthetic_fixed	synthetic	syn_000791	0.00683272909373
synthetic_fixed	synthetic	syn_000792	0.00623842701316
synthetic_fixed	synthetic	syn_000793	0.00722120795399
synthetic_fixed	synthetic	syn_000794	0.00852257758379
synthetic_fixed	synthetic	syn_000795	0.00782874133438
synthetic_fixed	synthetic	syn_000796	0.00424524163827
synthetic_fixed	synthetic	syn_000797	0.0124014560133
synthetic_fixed	synthetic	syn_000798	0.00717760715634
synthetic_fixed	synthetic	syn_000799	0.00531205162406
synthetic_fixed	synthetic	syn_000800	0.00570404436439
synthetic_fixed	synthetic	syn_000801	0.00786656048149
synthetic_fixed	synthetic	syn_000802	0.00569102074951
synthetic_fixed	synthetic	syn_000803	0.0069969794713
synthetic_fixed	synthetic	syn_000804	0.0060846041888
synthetic_fixed	synthetic	syn_000805	0.0045175794512
synthetic_fixed	synthetic	syn_000806	0.00669480627403
synthetic_fixed	synthetic	syn_000807	0.00544152501971
synthetic_fixed	synthetic	syn_000808	0.00892822444439
synthetic_fixed	synthetic	syn_000809	0.00796188414097
synthetic_fixed	synthetic	syn_000810	0.00844006054103
synthetic_fixed	synthetic	syn_000811	0.0089493021369
synthetic_fixed	synthetic	syn_000812	0.00950583443046
synthetic_fixed	synthetic	syn_000813	0.00529943872243
synthetic_fixed	synthetic	syn_000814	0.00862411595881
synthetic_fixed	synthetic	syn_000815	0.0071220821701
synthetic_fixed	synthetic	syn_000816	0.0076804831624
synthetic_fixed	synthetic	syn_000817	0.00794866867363
synthetic_fixed	synthetic	syn_000818	0.00863247737288
synthetic_fixed	synthetic	syn_000819	0.0105288159102
synthetic_fixed	synthetic	syn_000820	0.0072715850547
synthetic_fixed	synthetic	syn_000821	0.00903767347336
synthetic_fixed	synthetic	syn_000822	0.00989738851786
synthetic_fixed	synthetic	syn_000823	0.00650816597044
synthetic_fixed	synthetic	syn_000824	0.0100508248433
synthetic_fixed	synthetic	syn_000825	0.00748898461461
synthetic_fixed	synthetic	syn_000826	0.0067878048867
synthetic_fixed	synthetic	syn_000827	0.012866942212
synthetic_fixed	synthetic	syn_000828	0.00916137173772
synthetic_fixed	synthetic	syn_000829	0.00527567369863
synthetic_fixed	synthetic	syn_000830	0.00681602861732
synthetic_fixed	synthetic	syn_000831	0.00638103205711
synthetic_fixed	synthetic	syn_000832	0.00845603365451
synthetic_fixed	synthetic	syn_000833	0.00650199968368
synthetic_fixed	synthetic	syn_000834	0.00802121963352
synthetic_fixed	synthetic	syn_000835	0.0082195661962
synthetic_fixed	synthetic	syn_000836	0.00580142531544
synthetic_fixed	synthetic	syn_000837	0.00691528199241
synthetic_fixed	synthetic	syn_000838	0.00524011440575
synthetic_fixed	synthetic	syn_000839	0.00762030668557
synthetic_fixed	synthetic	syn_000840	0.00817067176104
synthetic_fixed	synthetic	syn_000841	0.0123429195955
synthetic_fixed	synthetic	syn_000842	0.00486348709092
synthetic_fixed	synthetic	syn_000843	0.00698378495872
synthetic_fixed	synthetic	syn_000844	0.00754380039871
synthetic_fixed	synthetic	syn_000845	0.0096496231854
synthetic_fixed	synthetic	syn_000846	0.0104699805379
synthetic_fixed	synthetic	syn_000847	0.00757173495367
synthetic_fixed	synthetic	syn_000848	0.00974860601127
synthetic_fixed	synthetic	syn_000849	0.00534969847649
synthetic_fixed	synthetic	syn_000850	0.00648392084986
synthetic_fixed	synthetic	syn_000851	0.00571797881275
synthetic_fixed	synthetic	syn_000852	0.00712228473276
synthetic_fixed	synthetic	syn_000853	0.015127228573
synthetic_fixed	synthetic	syn_000854	0.0121278576553
synthetic_fixed	synthetic	syn_000855	0.00722069200128
synthetic_fixed	synthetic	syn_000856	0.00426733167842
synthetic_fixed	synthetic	syn_000857	0.00546462321654
synthetic_fixed	synthetic	syn_000858	0.00854120776057
synthetic_fixed	synthetic	syn_000859	0.00913604348898
synthetic_fixed	synthetic	syn_000860	0.00471264403313
synthetic_fixed	synthetic	syn_000861	0.00977544859052
synthetic_fixed	synthetic	syn_000862	0.00677267601714
synthetic_fixed	synthetic	syn_000863	0.00795050431043
synthetic_fixed	synthetic	syn_000864	0.00859986525029
synthetic_fixed	synthetic	syn_000865	0.00658868253231
synthetic_fixed	synthetic	syn_000866	0.0101283816621
synthetic_fixed	synthetic	syn_000867	0.00572234485298
synthetic_fixed	synthetic	syn_000868	0.0055791111663
synthetic_fixed	synthetic	syn_000869	0.00961405225098
synthetic_fixed	synthetic	syn_000870	0.0111717842519
synthetic_fixed	synthetic	syn_000871	0.00826971791685
synthetic_fixed	synthetic	syn_000872	0.0061841304414
synthetic_fixed	synthetic	syn_000873	0.00472125504166
synthetic_fixed	synthetic	syn_000874	0.00517181493342
synthetic_fixed	synthetic	syn_000875	0.00911784917116
synthetic_fixed	synthetic	syn_000876	0.00477152038366
synthetic_fixed	synthetic	syn_000877	0.00931613054127
synthetic_fixed	synthetic	syn_000878	0.00391556695104
synthetic_fixed	synthetic	syn_000879	0.00723215332255
synthetic_fixed	synthetic	syn_000880	0.00613996665925
synthetic_fixed	synthetic	syn_000881	0.00681025441736
synthetic_fixed	synthetic	syn_000882	0.0104963593185
synthetic_fixed	synthetic	syn_000883	0.00882134679705
synthetic_fixed	synthetic	syn_000884	0.00675465818495
synthetic_fixed	synthetic	syn_000885	0.00681704562157
synthetic_fixed	synthetic	syn_000886	0.00501545192674
synthetic_fixed	synthetic	syn_000887	0.00868618302047
synthetic_fixed	synthetic	syn_000888	0.0066857226193
synthetic_fixed	synthetic	syn_000889	0.00751954922453
synthetic_fixed	synthetic	syn_000890	0.0135030075908
synthetic_fixed	synthetic	syn_000891	0.00804378464818
synthetic_fixed	synthetic	syn_000892	0.00552697945386
synthetic_fixed	synthetic	syn_000893	0.00687423627824
synthetic_fixed	synthetic	syn_000894	0.00597871281207
synthetic_fixed	synthetic	syn_000895	0.0108578447253
synthetic_fixed	synthetic	syn_000896	0.00513171125203
synthetic_fixed	synthetic	syn_000897	0.00887861102819
synthetic_fixed	synthetic	syn_000898	0.00709554040805
synthetic_fixed	synthetic	syn_000899	0.00791258644313
synthetic_fixed	synthetic	syn_000900	0.00438962643966
synthetic_fixed	synthetic	syn_000901	0.0100709777325
synthetic_fixed	synthetic	syn_000902	0.00546572636813
synthetic_fixed	synthetic	syn_000903	0.00811096839607
synthetic_fixed	synthetic	syn_000904	0.00776861235499
synthetic_fixed	synthetic	syn_000905	0.00436865631491
synthetic_fixed	synthetic	syn_000906	0.00661070737988
synthetic_fixed	synthetic	syn_000907	0.00781660713255
synthetic_fixed	synthetic	syn_000908	0.00757111934945
synthetic_fixed	synthetic	syn_000909	0.00637071253732
synthetic_fixed	synthetic	syn_000910	0.0100678149611
synthetic_fixed	synthetic	syn_000911	0.00726325903088
synthetic_fixed	synthetic	syn_000912	0.00672433990985
synthetic_fixed	synthetic	syn_000913	0.00567472353578
synthetic_fixed	synthetic	syn_000914	0.00635723117739
synthetic_fixed	synthetic	syn_000915	0.00667743757367
synthetic_fixed	synthetic	syn_000916	0.00736186141148
synthetic_fixed	synthetic	syn_000917	0.00819205492735
synthetic_fixed	synthetic	syn_000918	0.00573728326708
synthetic_fixed	synthetic	syn_000919	0.00704145198688
synthetic_fixed	synthetic	syn_000920	0.00704327318817
synthetic_fixed	synthetic	syn_000921	0.00713041983545
synthetic_fixed	synthetic	syn_000922	0.0110723040998
synthetic_fixed	synthetic	syn_000923	0.00496855005622
synthetic_fixed	synthetic	syn_000924	0.00775256380439
synthetic_fixed	synthetic	syn_000925	0.00846438668668
synthetic_fixed	synthetic	syn_000926	0.009466631338
synthetic_fixed	synthetic	syn_000927	0.00657755322754
synthetic_fixed	synthetic	syn_000928	0.0124439112842
synthetic_fixed	synthetic	syn_000929	0.00848708488047
synthetic_fixed	synthetic	syn_000930	0.0111779347062
synthetic_fixed	synthetic	syn_000931	0.00917446333915
synthetic_fixed	synthetic	syn_000932	0.0134280575439
synthetic_fixed	synthetic	syn_000933	0.00587238837034
synthetic_fixed	synthetic	syn_000934	0.00776803027838
synthetic_fixed	synthetic	syn_000935	0.00524891261011
synthetic_fixed	synthetic	syn_000936	0.00624039210379
synthetic_fixed	synthetic	syn_000937	0.0147412437946
synthetic_fixed	synthetic	syn_000938	0.00462886039168
synthetic_fixed	synthetic	syn_000939	0.00786639750004
synthetic_fixed	synthetic	syn_000940	0.00904788821936
synthetic_fixed	synthetic	syn_000941	0.00550591619685
synthetic_fixed	synthetic	syn_000942	0.00733280740678
synthetic_fixed	synthetic	syn_000943	0.00536285992712
synthetic_fixed	synthetic	syn_000944	0.0126932431012
synthetic_fixed	synthetic	syn_000945	0.00833820179105
synthetic_fixed	synthetic	syn_000946	0.00729776918888
synthetic_fixed	synthetic	syn_000947	0.00816591084003
synthetic_fixed	synthetic	syn_000948	0.00915384758264
synthetic_fixed	synthetic	syn_000949	0.00858802814037
synthetic_fixed	synthetic	syn_000950	0.0108970394358
synthetic_fixed	synthetic	syn_000951	0.00794612895697
synthetic_fixed	synthetic	syn_000952	0.00797147583216
synthetic_fixed	synthetic	syn_000953	0.00755853392184
synthetic_fixed	synthetic	syn_000954	0.00598092656583
synthetic_fixed	synthetic	syn_000955	0.00710260216147
synthetic_fixed	synthetic	syn_000956	0.00507712783292
synthetic_fixed	synthetic	syn_000957	0.0101149659604
synthetic_fixed	synthetic	syn_000958	0.00904787890613
synthetic_fixed	synthetic	syn_000959	0.00376607943326
synthetic_fixed	synthetic	syn_000960	0.00710451137275
synthetic_fixed	synthetic	syn_000961	0.00798536650836
synthetic_fixed	synthetic	syn_000962	0.0114524001256
synthetic_fixed	synthetic	syn_000963	0.00958630442619
synthetic_fixed	synthetic	syn_000964	0.00569448759779
synthetic_fixed	synthetic	syn_000965	0.00807096343488
synthetic_fixed	synthetic	syn_000966	0.00884254649282
synthetic_fixed	synthetic	syn_000967	0.00623146537691
synthetic_fixed	synthetic	syn_000968	0.00635151099414
synthetic_fixed	synthetic	syn_000969	0.00750791747123
synthetic_fixed	synthetic	syn_000970	0.00529488781467
synthetic_fixed	synthetic	syn_000971	0.0108464639634
synthetic_fixed	synthetic	syn_000972	0.00549148302525
synthetic_fixed	synthetic	syn_000973	0.00773255201057
synthetic_fixed	synthetic	syn_000974	0.0111726569012
synthetic_fixed	synthetic	syn_000975	0.00832827948034
synthetic_fixed	synthetic	syn_000976	0.00780812371522
synthetic_fixed	synthetic	syn_000977	0.0136370640248
synthetic_fixed	synthetic	syn_000978	0.0128203276545
synthetic_fixed	synthetic	syn_000979	0.00962821114808
synthetic_fixed	synthetic	syn_000980	0.0105715878308
synthetic_fixed	synthetic	syn_000981	0.00693203695118
synthetic_fixed	synthetic	syn_000982	0.00947045069188
synthetic_fixed	synthetic	syn_000983	0.00907339900732
synthetic_fixed	synthetic	syn_000984	0.0056419945322
synthetic_fixed	synthetic	syn_000985	0.0133155845106
synthetic_fixed	synthetic	syn_000986	0.00885236077011
synthetic_fixed	synthetic	syn_000987	0.00957537256181
synthetic_fixed	synthetic	syn_000988	0.00954815745354
synthetic_fixed	synthetic	syn_000989	0.00785865262151
synthetic_fixed	synthetic	syn_000990	0.00515168393031
synthetic_fixed	synthetic	syn_000991	0.00751500949264
synthetic_fixed	synthetic	syn_000992	0.00713585782796
synthetic_fixed	synthetic	syn_000993	0.00403683679178
synthetic_fixed	synthetic	syn_000994	0.0303535982966
synthetic_fixed	synthetic	syn_000995	0.0121381897479
synthetic_fixed	synthetic	syn_000996	0.00558132212609
synthetic_fixed	synthetic	syn_000997	0.00801259372383
synthetic_fixed	synthetic	syn_000998	0.00849578157067
synthetic_fixed	synthetic	syn_000999	0.0110253356397
synthetic_fixed	synthetic	syn_001000	0.00714135263115
synthetic_fixed	synthetic	syn_001001	0.00809081736952
synthetic_fixed	synthetic	syn_001002	0.00573223736137
synthetic_fixed	synthetic	syn_001003	0.00471779052168
synthetic_fixed	synthetic	syn_001004	0.00650019198656
synthetic_fixed	synthetic	syn_001005	0.00751993153244
synthetic_fixed	synthetic	syn_001006	0.0120360907167
synthetic_fixed	synthetic	syn_001007	0.00783996749669
synthetic_fixed	synthetic	syn_001008	0.00939265079796
synthetic_fixed	synthetic	syn_001009	0.008341293782
synthetic_fixed	synthetic	syn_001010	0.00574635341763
synthetic_fixed	synthetic	syn_001011	0.00737297628075
synthetic_fixed	synthetic	syn_001012	0.00770645262673
synthetic_fixed	synthetic	syn_001013	0.00466995313764
synthetic_fixed	synthetic	syn_001014	0.0134068410844
synthetic_fixed	synthetic	syn_001015	0.00822151824832
synthetic_fixed	synthetic	syn_001016	0.00617428869009
synthetic_fixed	synthetic	syn_001017	0.00632481276989
synthetic_fixed	synthetic	syn_001018	0.00687117129564
synthetic_fixed	synthetic	syn_001019	0.00698554795235
synthetic_fixed	synthetic	syn_001020	0.00814853794873
synthetic_fixed	synthetic	syn_001021	0.00774160167202
synthetic_fixed	synthetic	syn_001022	0.0145260430872
synthetic_fixed	synthetic	syn_001023	0.00630750134587
synthetic_fixed	synthetic	syn_001024	0.00861789099872
synthetic_fixed	synthetic	syn_001025	0.0103377997875
synthetic_fixed	synthetic	syn_001026	0.00837327539921
synthetic_fixed	synthetic	syn_001027	0.00605524610728
synthetic_fixed	synthetic	syn_001028	0.00562040694058
synthetic_fixed	synthetic	syn_001029	0.0129574090242
synthetic_fixed	synthetic	syn_001030	0.00896724220365
synthetic_fixed	synthetic	syn_001031	0.0132385808975
synthetic_fixed	synthetic	syn_001032	0.00875839497894
synthetic_fixed	synthetic	syn_001033	0.0108562484384
synthetic_fixed	synthetic	syn_001034	0.0048978952691
synthetic_fixed	synthetic	syn_001035	0.007035584189
synthetic_fixed	synthetic	syn_001036	0.00864889658988
synthetic_fixed	synthetic	syn_001037	0.010862249881
synthetic_fixed	synthetic	syn_001038	0.00575030827895
synthetic_fixed	synthetic	syn_001039	0.0103925671428
synthetic_fixed	synthetic	syn_001040	0.00911202095449
synthetic_fixed	synthetic	syn_001041	0.00874731317163
synthetic_fixed	synthetic	syn_001042	0.00764601770788
synthetic_fixed	synthetic	syn_001043	0.00528894783929
synthetic_fixed	synthetic	syn_001044	0.0108322892338
synthetic_fixed	synthetic	syn_001045	0.0090041346848
synthetic_fixed	synthetic	syn_001046	0.00638199225068
synthetic_fixed	synthetic	syn_001047	0.00744694750756
synthetic_fixed	synthetic	syn_001048	0.0130310952663
synthetic_fixed	synthetic	syn_001049	0.0139278583229
synthetic_fixed	synthetic	syn_001050	0.00685412809253
synthetic_fixed	synthetic	syn_001051	0.00903701595962
synthetic_fixed	synthetic	syn_001052	0.00784136541188
synthetic_fixed	synthetic	syn_001053	0.00516927056015
synthetic_fixed	synthetic	syn_001054	0.00541688967496
synthetic_fixed	synthetic	syn_001055	0.0103819109499
synthetic_fixed	synthetic	syn_001056	0.00573643669486
synthetic_fixed	synthetic	syn_001057	0.0129211712629
synthetic_fixed	synthetic	syn_001058	0.00703618116677
synthetic_fixed	synthetic	syn_001059	0.00921993516386
synthetic_fixed	synthetic	syn_001060	0.00627519935369
synthetic_fixed	synthetic	syn_001061	0.00893813371658
synthetic_fixed	synthetic	syn_001062	0.00873507279903
synthetic_fixed	synthetic	syn_001063	0.0160577148199
synthetic_fixed	synthetic	syn_001064	0.00809208210558
synthetic_fixed	synthetic	syn_001065	0.00820544175804
synthetic_fixed	synthetic	syn_001066	0.0111658712849
synthetic_fixed	synthetic	syn_001067	0.00415880093351
synthetic_fixed	synthetic	syn_001068	0.00765018397942
synthetic_fixed	synthetic	syn_001069	0.00651035923511
synthetic_fixed	synthetic	syn_001070	0.00643916614354
synthetic_fixed	synthetic	syn_001071	0.0081164482981
synthetic_fixed	synthetic	syn_001072	0.0045628445223
synthetic_fixed	synthetic	syn_001073	0.00773547682911
synthetic_fixed	synthetic	syn_001074	0.00666059274226
synthetic_fixed	synthetic	syn_001075	0.00592584814876
synthetic_fixed	synthetic	syn_001076	0.00560304615647
synthetic_fixed	synthetic	syn_001077	0.00839234888554
synthetic_fixed	synthetic	syn_001078	0.00762323150411
synthetic_fixed	synthetic	syn_001079	0.00662197871134
synthetic_fixed	synthetic	syn_001080	0.00531437154859
synthetic_fixed	synthetic	syn_001081	0.0102184582502
synthetic_fixed	synthetic	syn_001082	0.0129398405552
synthetic_fixed	synthetic	syn_001083	0.00491386279464
synthetic_fixed	synthetic	syn_001084	0.00986391399056
synthetic_fixed	synthetic	syn_001085	0.00777401030064
synthetic_fixed	synthetic	syn_001086	0.00964011438191
synthetic_fixed	synthetic	syn_001087	0.00812045484781
synthetic_fixed	synthetic	syn_001088	0.00544909993187
synthetic_fixed	synthetic	syn_001089	0.00867243018001
synthetic_fixed	synthetic	syn_001090	0.00543511472642
synthetic_fixed	synthetic	syn_001091	0.0113924704492
synthetic_fixed	synthetic	syn_001092	0.00522611662745
synthetic_fixed	synthetic	syn_001093	0.00748036522418
synthetic_fixed	synthetic	syn_001094	0.00894778501242
synthetic_fixed	synthetic	syn_001095	0.0065701091662
synthetic_fixed	synthetic	syn_001096	0.00527803367004
synthetic_fixed	synthetic	syn_001097	0.0095601035282
synthetic_fixed	synthetic	syn_001098	0.00651001278311
synthetic_fixed	synthetic	syn_001099	0.00487948395312
synthetic_fixed	synthetic	syn_001100	0.00513523910195
synthetic_fixed	synthetic	syn_001101	0.00464394222945
synthetic_fixed	synthetic	syn_001102	0.00528930313885
synthetic_fixed	synthetic	syn_001103	0.00628366135061
synthetic_fixed	synthetic	syn_001104	0.00749718304724
synthetic_fixed	synthetic	syn_001105	0.00724371522665
synthetic_fixed	synthetic	syn_001106	0.00612264871597
synthetic_fixed	synthetic	syn_001107	0.0165443886071
synthetic_fixed	synthetic	syn_001108	0.00740396231413
synthetic_fixed	synthetic	syn_001109	0.00627403333783
synthetic_fixed	synthetic	syn_001110	0.00773976836354
synthetic_fixed	synthetic	syn_001111	0.00779391825199
synthetic_fixed	synthetic	syn_001112	0.00663876160979
synthetic_fixed	synthetic	syn_001113	0.00512488372624
synthetic_fixed	synthetic	syn_001114	0.00761175295338
synthetic_fixed	synthetic	syn_001115	0.0197005905211
synthetic_fixed	synthetic	syn_001116	0.00731274485588
synthetic_fixed	synthetic	syn_001117	0.00770083628595
synthetic_fixed	synthetic	syn_001118	0.00774488179013
synthetic_fixed	synthetic	syn_001119	0.00695980992168
synthetic_fixed	synthetic	syn_001120	0.00764752551913
synthetic_fixed	synthetic	syn_001121	0.00639286451042
synthetic_fixed	synthetic	syn_001122	0.007510418538
synthetic_fixed	synthetic	syn_001123	0.00952442828566
synthetic_fixed	synthetic	syn_001124	0.00982763059437
synthetic_fixed	synthetic	syn_001125	0.00609960407019
synthetic_fixed	synthetic	syn_001126	0.00504895905033
synthetic_fixed	synthetic	syn_001127	0.00792402774096
synthetic_fixed	synthetic	syn_001128	0.00994763430208
synthetic_fixed	synthetic	syn_001129	0.00367379235104
synthetic_fixed	synthetic	syn_001130	0.00574439577758
synthetic_fixed	synthetic	syn_001131	0.00600776169449
synthetic_fixed	synthetic	syn_001132	0.0114362761378
synthetic_fixed	synthetic	syn_001133	0.00432936893776
synthetic_fixed	synthetic	syn_001134	0.00884180050343
synthetic_fixed	synthetic	syn_001135	0.00685719773173
synthetic_fixed	synthetic	syn_001136	0.00868364050984
synthetic_fixed	synthetic	syn_001137	0.0058304797858
synthetic_fixed	synthetic	syn_001138	0.00844954699278
synthetic_fixed	synthetic	syn_001139	0.00785812363029
synthetic_fixed	synthetic	syn_001140	0.0173253156245
synthetic_fixed	synthetic	syn_001141	0.00811390206218
synthetic_fixed	synthetic	syn_001142	0.00824066158384
synthetic_fixed	synthetic	syn_001143	0.0107090175152
synthetic_fixed	synthetic	syn_001144	0.00742974411696
synthetic_fixed	synthetic	syn_001145	0.00571131054312
synthetic_fixed	synthetic	syn_001146	0.00634301034734
synthetic_fixed	synthetic	syn_001147	0.00646086549386
synthetic_fixed	synthetic	syn_001148	0.00707334838808
synthetic_fixed	synthetic	syn_001149	0.00789542123675
synthetic_fixed	synthetic	syn_001150	0.00841814465821
synthetic_fixed	synthetic	syn_001151	0.00599270826206
synthetic_fixed	synthetic	syn_001152	0.00565419439226
synthetic_fixed	synthetic	syn_001153	0.0082355234772
synthetic_fixed	synthetic	syn_001154	0.00506873335689
synthetic_fixed	synthetic	syn_001155	0.00576194468886
synthetic_fixed	synthetic	syn_001156	0.00438232347369
synthetic_fixed	synthetic	syn_001157	0.0111794341356
synthetic_fixed	synthetic	syn_001158	0.013971128501
synthetic_fixed	synthetic	syn_001159	0.0124011309817
synthetic_fixed	synthetic	syn_001160	0.00772756803781
synthetic_fixed	synthetic	syn_001161	0.00522012636065
synthetic_fixed	synthetic	syn_001162	0.00646119611338
synthetic_fixed	synthetic	syn_001163	0.00712308520451
synthetic_fixed	synthetic	syn_001164	0.00909680128098
synthetic_fixed	synthetic	syn_001165	0.00654606940225
synthetic_fixed	synthetic	syn_001166	0.00945702940226
synthetic_fixed	synthetic	syn_001167	0.00691297464073
synthetic_fixed	synthetic	syn_001168	0.0064355339855
synthetic_fixed	synthetic	syn_001169	0.00918790977448
synthetic_fixed	synthetic	syn_001170	0.00710038561374
synthetic_fixed	synthetic	syn_001171	0.00569561123848
synthetic_fixed	synthetic	syn_001172	0.00883129797876
synthetic_fixed	synthetic	syn_001173	0.00858949311078
synthetic_fixed	synthetic	syn_001174	0.00735300220549
synthetic_fixed	synthetic	syn_001175	0.00439653918147
synthetic_fixed	synthetic	syn_001176	0.00515114190057
synthetic_fixed	synthetic	syn_001177	0.00800017360598
synthetic_fixed	synthetic	syn_001178	0.0144836176187
synthetic_fixed	synthetic	syn_001179	0.00707731954753
synthetic_fixed	synthetic	syn_001180	0.0105514954776
synthetic_fixed	synthetic	syn_001181	0.00472629256546
synthetic_fixed	synthetic	syn_001182	0.009247392416
synthetic_fixed	synthetic	syn_001183	0.00650205416605
synthetic_fixed	synthetic	syn_001184	0.00747293327004
synthetic_fixed	synthetic	syn_001185	0.00454927748069
synthetic_fixed	synthetic	syn_001186	0.00871431361884
synthetic_fixed	synthetic	syn_001187	0.00603928882629
synthetic_fixed	synthetic	syn_001188	0.005674877204
synthetic_fixed	synthetic	syn_001189	0.00410864315927
synthetic_fixed	synthetic	syn_001190	0.0085382796824
synthetic_fixed	synthetic	syn_001191	0.0123730208725
synthetic_fixed	synthetic	syn_001192	0.00752341747284
synthetic_fixed	synthetic	syn_001193	0.00609565759078
synthetic_fixed	synthetic	syn_001194	0.00597531953827
synthetic_fixed	synthetic	syn_001195	0.0111565003172
synthetic_fixed	synthetic	syn_001196	0.0095824431628
synthetic_fixed	synthetic	syn_001197	0.00916720554233
synthetic_fixed	synthetic	syn_001198	0.00506175868213
synthetic_fixed	synthetic	syn_001199	0.00758199300617
synthetic_fixed	synthetic	syn_001200	0.00749864242971
synthetic_fixed	synthetic	syn_001201	0.00624728295952
synthetic_fixed	synthetic	syn_001202	0.00657861027867
synthetic_fixed	synthetic	syn_001203	0.0105729624629
synthetic_fixed	synthetic	syn_001204	0.00812040269375
synthetic_fixed	synthetic	syn_001205	0.0074008628726
synthetic_fixed	synthetic	syn_001206	0.00693798996508
synthetic_fixed	synthetic	syn_001207	0.00561844743788
synthetic_fixed	synthetic	syn_001208	0.00595651986077
synthetic_fixed	synthetic	syn_001209	0.00877169985324
synthetic_fixed	synthetic	syn_001210	0.0097227524966
synthetic_fixed	synthetic	syn_001211	0.0102515257895
synthetic_fixed	synthetic	syn_001212	0.0098223797977
synthetic_fixed	synthetic	syn_001213	0.00784790795296
synthetic_fixed	synthetic	syn_001214	0.00608195969835
synthetic_fixed	synthetic	syn_001215	0.00883572362363
synthetic_fixed	synthetic	syn_001216	0.0164266172796
synthetic_fixed	synthetic	syn_001217	0.00845310743898
synthetic_fixed	synthetic	syn_001218	0.0100517831743
synthetic_fixed	synthetic	syn_001219	0.0084082512185
synthetic_fixed	synthetic	syn_001220	0.0127058355138
synthetic_fixed	synthetic	syn_001221	0.005645618774
synthetic_fixed	synthetic	syn_001222	0.00750264618546
synthetic_fixed	synthetic	syn_001223	0.00714665930718
synthetic_fixed	synthetic	syn_001224	0.00816380791366
synthetic_fixed	synthetic	syn_001225	0.0111728832126
synthetic_fixed	synthetic	syn_001226	0.00531667238101
synthetic_fixed	synthetic	syn_001227	0.0176624823362
synthetic_fixed	synthetic	syn_001228	0.011035845615
synthetic_fixed	synthetic	syn_001229	0.00795985851437
synthetic_fixed	synthetic	syn_001230	0.00751689029858
synthetic_fixed	synthetic	syn_001231	0.00714749423787
synthetic_fixed	synthetic	syn_001232	0.00556939374655
synthetic_fixed	synthetic	syn_001233	0.0105424905196
synthetic_fixed	synthetic	syn_001234	0.009092643857
synthetic_fixed	synthetic	syn_001235	0.0124129541218
synthetic_fixed	synthetic	syn_001236	0.00966304074973
synthetic_fixed	synthetic	syn_001237	0.00680484436452
synthetic_fixed	synthetic	syn_001238	0.00478770677
synthetic_fixed	synthetic	syn_001239	0.00573449302465
synthetic_fixed	synthetic	syn_001240	0.00587800052017
synthetic_fixed	synthetic	syn_001241	0.012048269622
synthetic_fixed	synthetic	syn_001242	0.00850275624543
synthetic_fixed	synthetic	syn_001243	0.0134206982329
synthetic_fixed	synthetic	syn_001244	0.00631398009136
synthetic_fixed	synthetic	syn_001245	0.00824953056872
synthetic_fixed	synthetic	syn_001246	0.00926099624485
synthetic_fixed	synthetic	syn_001247	0.00716353394091
synthetic_fixed	synthetic	syn_001248	0.00970972049981
synthetic_fixed	synthetic	syn_001249	0.00889596901834
synthetic_fixed	synthetic	syn_001250	0.00796350557357
synthetic_fixed	synthetic	syn_001251	0.00754646910354
synthetic_fixed	synthetic	syn_001252	0.0108427703381
synthetic_fixed	synthetic	syn_001253	0.00755900144577
synthetic_fixed	synthetic	syn_001254	0.00671841576695
synthetic_fixed	synthetic	syn_001255	0.0039282925427
synthetic_fixed	synthetic	syn_001256	0.00927307270467
synthetic_fixed	synthetic	syn_001257	0.00611950084567
synthetic_fixed	synthetic	syn_001258	0.0155822467059
synthetic_fixed	synthetic	syn_001259	0.0053789075464
synthetic_fixed	synthetic	syn_001260	0.0091493614018
synthetic_fixed	synthetic	syn_001261	0.00764443539083
synthetic_fixed	synthetic	syn_001262	0.00919328816235
synthetic_fixed	synthetic	syn_001263	0.00517216231674
synthetic_fixed	synthetic	syn_001264	0.00765173789114
synthetic_fixed	synthetic	syn_001265	0.00744733167812
synthetic_fixed	synthetic	syn_001266	0.0080661829561
synthetic_fixed	synthetic	syn_001267	0.0151956640184
synthetic_fixed	synthetic	syn_001268	0.00828128866851
synthetic_fixed	synthetic	syn_001269	0.0071588922292
synthetic_fixed	synthetic	syn_001270	0.00926749967039
synthetic_fixed	synthetic	syn_001271	0.00529344705865
synthetic_fixed	synthetic	syn_001272	0.00904467888176
synthetic_fixed	synthetic	syn_001273	0.0033520469442
synthetic_fixed	synthetic	syn_001274	0.00727658905089
synthetic_fixed	synthetic	syn_001275	0.00914691574872
synthetic_fixed	synthetic	syn_001276	0.0100079849362
synthetic_fixed	synthetic	syn_001277	0.00899289920926
synthetic_fixed	synthetic	syn_001278	0.00565688032657
synthetic_fixed	synthetic	syn_001279	0.00862485729158
synthetic_fixed	synthetic	syn_001280	0.0066603301093
synthetic_fixed	synthetic	syn_001281	0.00647786166519
synthetic_fixed	synthetic	syn_001282	0.00547885010019
synthetic_fixed	synthetic	syn_001283	0.00656754942611
synthetic_fixed	synthetic	syn_001284	0.00602565892041
synthetic_fixed	synthetic	syn_001285	0.0146778412163
synthetic_fixed	synthetic	syn_001286	0.0101497080177
synthetic_fixed	synthetic	syn_001287	0.00682452972978
synthetic_fixed	synthetic	syn_001288	0.00394603190944
synthetic_fixed	synthetic	syn_001289	0.00879124738276
synthetic_fixed	synthetic	syn_001290	0.00511033041403
synthetic_fixed	synthetic	syn_001291	0.00791594386101
synthetic_fixed	synthetic	syn_001292	0.00752015225589
synthetic_fixed	synthetic	syn_001293	0.00610702671111
synthetic_fixed	synthetic	syn_001294	0.00829547457397
synthetic_fixed	synthetic	syn_001295	0.00824793614447
synthetic_fixed	synthetic	syn_001296	0.0122141744941
synthetic_fixed	synthetic	syn_001297	0.00760253798217
synthetic_fixed	synthetic	syn_001298	0.00902646314353
synthetic_fixed	synthetic	syn_001299	0.00707420893013
synthetic_fixed	synthetic	syn_001300	0.00471735093743
synthetic_fixed	synthetic	syn_001301	0.00730375852436
synthetic_fixed	synthetic	syn_001302	0.00741902273148
synthetic_fixed	synthetic	syn_001303	0.0090594869107
synthetic_fixed	synthetic	syn_001304	0.00526205217466
synthetic_fixed	synthetic	syn_001305	0.00712511874735
synthetic_fixed	synthetic	syn_001306	0.00951970089227
synthetic_fixed	synthetic	syn_001307	0.00497102318332
synthetic_fixed	synthetic	syn_001308	0.00720936059952
synthetic_fixed	synthetic	syn_001309	0.00790657754987
synthetic_fixed	synthetic	syn_001310	0.00530634541065
synthetic_fixed	synthetic	syn_001311	0.00607355684042
synthetic_fixed	synthetic	syn_001312	0.00851033814251
synthetic_fixed	synthetic	syn_001313	0.00708898995072
synthetic_fixed	synthetic	syn_001314	0.00410880893469
synthetic_fixed	synthetic	syn_001315	0.0035589793697
synthetic_fixed	synthetic	syn_001316	0.0070446273312
synthetic_fixed	synthetic	syn_001317	0.00487174652517
synthetic_fixed	synthetic	syn_001318	0.0119795426726
synthetic_fixed	synthetic	syn_001319	0.00562965357676
synthetic_fixed	synthetic	syn_001320	0.00826550088823
synthetic_fixed	synthetic	syn_001321	0.00590672763065
synthetic_fixed	synthetic	syn_001322	0.0128913596272
synthetic_fixed	synthetic	syn_001323	0.00538477813825
synthetic_fixed	synthetic	syn_001324	0.00575138069689
synthetic_fixed	synthetic	syn_001325	0.00592780485749
synthetic_fixed	synthetic	syn_001326	0.00687098689377
synthetic_fixed	synthetic	syn_001327	0.00733948219568
synthetic_fixed	synthetic	syn_001328	0.00542663782835
synthetic_fixed	synthetic	syn_001329	0.00870065018535
synthetic_fixed	synthetic	syn_001330	0.0098686683923
synthetic_fixed	synthetic	syn_001331	0.00656740600243
synthetic_fixed	synthetic	syn_001332	0.00814024917781
synthetic_fixed	synthetic	syn_001333	0.0148204695433
synthetic_fixed	synthetic	syn_001334	0.0038837203756
synthetic_fixed	synthetic	syn_001335	0.00927440915257
synthetic_fixed	synthetic	syn_001336	0.00530852889642
synthetic_fixed	synthetic	syn_001337	0.00591387506574
synthetic_fixed	synthetic	syn_001338	0.00675848219544
synthetic_fixed	synthetic	syn_001339	0.00614862516522
synthetic_fixed	synthetic	syn_001340	0.00529853440821
synthetic_fixed	synthetic	syn_001341	0.00414326647297
synthetic_fixed	synthetic	syn_001342	0.00594231579453
synthetic_fixed	synthetic	syn_001343	0.00919984001666
synthetic_fixed	synthetic	syn_001344	0.0137547552586
synthetic_fixed	synthetic	syn_001345	0.00413312064484
synthetic_fixed	synthetic	syn_001346	0.00719338469207
synthetic_fixed	synthetic	syn_001347	0.00596603192389
synthetic_fixed	synthetic	syn_001348	0.00576733704656
synthetic_fixed	synthetic	syn_001349	0.00599417462945
synthetic_fixed	synthetic	syn_001350	0.0100892204791
synthetic_fixed	synthetic	syn_001351	0.00641484931111
synthetic_fixed	synthetic	syn_001352	0.00511840498075
synthetic_fixed	synthetic	syn_001353	0.0115303043276
synthetic_fixed	synthetic	syn_001354	0.00605350593105
synthetic_fixed	synthetic	syn_001355	0.00834477972239
synthetic_fixed	synthetic	syn_001356	0.00882820226252
synthetic_fixed	synthetic	syn_001357	0.0100181140006
synthetic_fixed	synthetic	syn_001358	0.0129241868854
synthetic_fixed	synthetic	syn_001359	0.00412389729172
synthetic_fixed	synthetic	syn_001360	0.00565858697519
synthetic_fixed	synthetic	syn_001361	0.00828420277685
synthetic_fixed	synthetic	syn_001362	0.00688611110672
synthetic_fixed	synthetic	syn_001363	0.0109091363847
synthetic_fixed	synthetic	syn_001364	0.00571327656507
synthetic_fixed	synthetic	syn_001365	0.00744875892997
synthetic_fixed	synthetic	syn_001366	0.00664834911004
synthetic_fixed	synthetic	syn_001367	0.00545072881505
synthetic_fixed	synthetic	syn_001368	0.00491645047441
synthetic_fixed	synthetic	syn_001369	0.00741287134588
synthetic_fixed	synthetic	syn_001370	0.00781595055014
synthetic_fixed	synthetic	syn_001371	0.00809988938272
synthetic_fixed	synthetic	syn_001372	0.00935144722462
synthetic_fixed	synthetic	syn_001373	0.0053917421028
synthetic_fixed	synthetic	syn_001374	0.00901552662253
synthetic_fixed	synthetic	syn_001375	0.00703676231205
synthetic_fixed	synthetic	syn_001376	0.00858016684651
synthetic_fixed	synthetic	syn_001377	0.00474991742522
synthetic_fixed	synthetic	syn_001378	0.0038326382637
synthetic_fixed	synthetic	syn_001379	0.0156822185963
synthetic_fixed	synthetic	syn_001380	0.00693695992231
synthetic_fixed	synthetic	syn_001381	0.00865384377539
synthetic_fixed	synthetic	syn_001382	0.00697479350492
synthetic_fixed	synthetic	syn_001383	0.00718738418072
synthetic_fixed	synthetic	syn_001384	0.00524152303115
synthetic_fixed	synthetic	syn_001385	0.00976773165166
synthetic_fixed	synthetic	syn_001386	0.00811738148332
synthetic_fixed	synthetic	syn_001387	0.0114744259045
synthetic_fixed	synthetic	syn_001388	0.00766727887094
synthetic_fixed	synthetic	syn_001389	0.00754857854918
synthetic_fixed	synthetic	syn_001390	0.00691994465888
synthetic_fixed	synthetic	syn_001391	0.00751434126869
synthetic_fixed	synthetic	syn_001392	0.00419140607119
synthetic_fixed	synthetic	syn_001393	0.0089258030057
synthetic_fixed	synthetic	syn_001394	0.00581628270447
synthetic_fixed	synthetic	syn_001395	0.00884839054197
synthetic_fixed	synthetic	syn_001396	0.00716973282397
synthetic_fixed	synthetic	syn_001397	0.0167610868812
synthetic_fixed	synthetic	syn_001398	0.00703096110374
synthetic_fixed	synthetic	syn_001399	0.00797125417739
synthetic_fixed	synthetic	syn_001400	0.00738965999335
synthetic_fixed	synthetic	syn_001401	0.00650889100507
synthetic_fixed	synthetic	syn_001402	0.00769309932366
synthetic_fixed	synthetic	syn_001403	0.0057683470659
synthetic_fixed	synthetic	syn_001404	0.00568869151175
synthetic_fixed	synthetic	syn_001405	0.0113569023088
synthetic_fixed	synthetic	syn_001406	0.00591830164194
synthetic_fixed	synthetic	syn_001407	0.00482157431543
synthetic_fixed	synthetic	syn_001408	0.00463295169175
synthetic_fixed	synthetic	syn_001409	0.00702389376238
synthetic_fixed	synthetic	syn_001410	0.00677769398317
synthetic_fixed	synthetic	syn_001411	0.00740399770439
synthetic_fixed	synthetic	syn_001412	0.00781114632264
synthetic_fixed	synthetic	syn_001413	0.0110747758299
synthetic_fixed	synthetic	syn_001414	0.00825821701437
synthetic_fixed	synthetic	syn_001415	0.0074910079129
synthetic_fixed	synthetic	syn_001416	0.00595799274743
synthetic_fixed	synthetic	syn_001417	0.00614823400974
synthetic_fixed	synthetic	syn_001418	0.00495064957067
synthetic_fixed	synthetic	syn_001419	0.00450521800667
synthetic_fixed	synthetic	syn_001420	0.00954547058791
synthetic_fixed	synthetic	syn_001421	0.00398088153452
synthetic_fixed	synthetic	syn_001422	0.00964601524174
synthetic_fixed	synthetic	syn_001423	0.00696647679433
synthetic_fixed	synthetic	syn_001424	0.0168948955834
synthetic_fixed	synthetic	syn_001425	0.00421693827957
synthetic_fixed	synthetic	syn_001426	0.00424581672996
synthetic_fixed	synthetic	syn_001427	0.00966425053775
synthetic_fixed	synthetic	syn_001428	0.00435382686555
synthetic_fixed	synthetic	syn_001429	0.00513470824808
synthetic_fixed	synthetic	syn_001430	0.00516525330022
synthetic_fixed	synthetic	syn_001431	0.00944063253701
synthetic_fixed	synthetic	syn_001432	0.00568725168705
synthetic_fixed	synthetic	syn_001433	0.00421543885022
synthetic_fixed	synthetic	syn_001434	0.00819533877075
synthetic_fixed	synthetic	syn_001435	0.00887683033943
synthetic_fixed	synthetic	syn_001436	0.00946287810802
synthetic_fixed	synthetic	syn_001437	0.0088362460956
synthetic_fixed	synthetic	syn_001438	0.00860520638525
synthetic_fixed	synthetic	syn_001439	0.00793233513832
synthetic_fixed	synthetic	syn_001440	0.00829033460468
synthetic_fixed	synthetic	syn_001441	0.014389988035
synthetic_fixed	synthetic	syn_001442	0.00333778234199
synthetic_fixed	synthetic	syn_001443	0.0119162350893
synthetic_fixed	synthetic	syn_001444	0.00825416110456
synthetic_fixed	synthetic	syn_001445	0.0151078132913
synthetic_fixed	synthetic	syn_001446	0.00595777947456
synthetic_fixed	synthetic	syn_001447	0.0150446882471
synthetic_fixed	synthetic	syn_001448	0.0133164580911
synthetic_fixed	synthetic	syn_001449	0.00703792879358
synthetic_fixed	synthetic	syn_001450	0.00952039659023
synthetic_fixed	synthetic	syn_001451	0.00537548260763
synthetic_fixed	synthetic	syn_001452	0.00849247258157
synthetic_fixed	synthetic	syn_001453	0.00494664721191
synthetic_fixed	synthetic	syn_001454	0.0070227952674
synthetic_fixed	synthetic	syn_001455	0.0116879623383
synthetic_fixed	synthetic	syn_001456	0.0102012045681
synthetic_fixed	synthetic	syn_001457	0.00511228479445
synthetic_fixed	synthetic	syn_001458	0.00975809618831
synthetic_fixed	synthetic	syn_001459	0.00748952617869
synthetic_fixed	synthetic	syn_001460	0.00837318785489
synthetic_fixed	synthetic	syn_001461	0.00710162241012
synthetic_fixed	synthetic	syn_001462	0.00587829668075
synthetic_fixed	synthetic	syn_001463	0.00692085456103
synthetic_fixed	synthetic	syn_001464	0.00790097936988
synthetic_fixed	synthetic	syn_001465	0.0112551730126
synthetic_fixed	synthetic	syn_001466	0.00794910825789
synthetic_fixed	synthetic	syn_001467	0.0177917871624
synthetic_fixed	synthetic	syn_001468	0.00837949290872
synthetic_fixed	synthetic	syn_001469	0.0063964840956
synthetic_fixed	synthetic	syn_001470	0.00381786818616
synthetic_fixed	synthetic	syn_001471	0.010004196316
synthetic_fixed	synthetic	syn_001472	0.0039249099791
synthetic_fixed	synthetic	syn_001473	0.00654149521142
synthetic_fixed	synthetic	syn_001474	0.00799372605979
synthetic_fixed	synthetic	syn_001475	0.00424484163523
synthetic_fixed	synthetic	syn_001476	0.0070533240214
synthetic_fixed	synthetic	syn_001477	0.00660368707031
synthetic_fixed	synthetic	syn_001478	0.00847579259425
synthetic_fixed	synthetic	syn_001479	0.00738238822669
synthetic_fixed	synthetic	syn_001480	0.0076045631431
synthetic_fixed	synthetic	syn_001481	0.0114122256637
synthetic_fixed	synthetic	syn_001482	0.00533424923196
synthetic_fixed	synthetic	syn_001483	0.00794681627303
synthetic_fixed	synthetic	syn_001484	0.00521817384288
synthetic_fixed	synthetic	syn_001485	0.00964200310409
synthetic_fixed	synthetic	syn_001486	0.0169807542115
synthetic_fixed	synthetic	syn_001487	0.00655249319971
synthetic_fixed	synthetic	syn_001488	0.0105137862265
synthetic_fixed	synthetic	syn_001489	0.00952736102045
synthetic_fixed	synthetic	syn_001490	0.0144968349487
synthetic_fixed	synthetic	syn_001491	0.00415001623333
synthetic_fixed	synthetic	syn_001492	0.00558286719024
synthetic_fixed	synthetic	syn_001493	0.00627162586898
synthetic_fixed	synthetic	syn_001494	0.00505880918354
synthetic_fixed	synthetic	syn_001495	0.00669239275157
synthetic_fixed	synthetic	syn_001496	0.00666409963742
synthetic_fixed	synthetic	syn_001497	0.0118599589914
synthetic_fixed	synthetic	syn_001498	0.00825843960047
synthetic_fixed	synthetic	syn_001499	0.00465913116932
synthetic_fixed	synthetic	syn_001500	0.00815711542964
synthetic_fixed	synthetic	syn_001501	0.00502735050395
synthetic_fixed	synthetic	syn_001502	0.00677307322621
synthetic_fixed	synthetic	syn_001503	0.00981949456036
synthetic_fixed	synthetic	syn_001504	0.0108812153339
synthetic_fixed	synthetic	syn_001505	0.00631980178878
synthetic_fixed	synthetic	syn_001506	0.008495176211
synthetic_fixed	synthetic	syn_001507	0.00740927597508
synthetic_fixed	synthetic	syn_001508	0.0122520364821
synthetic_fixed	synthetic	syn_001509	0.00777305383235
synthetic_fixed	synthetic	syn_001510	0.00606806529686
synthetic_fixed	synthetic	syn_001511	0.00745598552749
synthetic_fixed	synthetic	syn_001512	0.00772906886414
synthetic_fixed	synthetic	syn_001513	0.00560109317303
synthetic_fixed	synthetic	syn_001514	0.00900228600949
synthetic_fixed	synthetic	syn_001515	0.00540443416685
synthetic_fixed	synthetic	syn_001516	0.00495286472142
synthetic_fixed	synthetic	syn_001517	0.00561224203557
synthetic_fixed	synthetic	syn_001518	0.0122275389731
synthetic_fixed	synthetic	syn_001519	0.0116267148405
synthetic_fixed	synthetic	syn_001520	0.00844566244632
synthetic_fixed	synthetic	syn_001521	0.0153656061739
synthetic_fixed	synthetic	syn_001522	0.00663370778784
synthetic_fixed	synthetic	syn_001523	0.0134143047035
synthetic_fixed	synthetic	syn_001524	0.00873588770628
synthetic_fixed	synthetic	syn_001525	0.00767383072525
synthetic_fixed	synthetic	syn_001526	0.00492041977122
synthetic_fixed	synthetic	syn_001527	0.00842681713402
synthetic_fixed	synthetic	syn_001528	0.00666529219598
synthetic_fixed	synthetic	syn_001529	0.00811852514744
synthetic_fixed	synthetic	syn_001530	0.0114970700815
synthetic_fixed	synthetic	syn_001531	0.00737613812089
synthetic_fixed	synthetic	syn_001532	0.00840738601983
synthetic_fixed	synthetic	syn_001533	0.00706820655614
synthetic_fixed	synthetic	syn_001534	0.00534022878855
synthetic_fixed	synthetic	syn_001535	0.00497209653258
synthetic_fixed	synthetic	syn_001536	0.0119469631463
synthetic_fixed	synthetic	syn_001537	0.00513073382899
synthetic_fixed	synthetic	syn_001538	0.00527292815968
synthetic_fixed	synthetic	syn_001539	0.00824854895473
synthetic_fixed	synthetic	syn_001540	0.00689075281844
synthetic_fixed	synthetic	syn_001541	0.00866811070591
synthetic_fixed	synthetic	syn_001542	0.00605973275378
synthetic_fixed	synthetic	syn_001543	0.00765366852283
synthetic_fixed	synthetic	syn_001544	0.00863357074559
synthetic_fixed	synthetic	syn_001545	0.00662314891815
synthetic_fixed	synthetic	syn_001546	0.00808659382164
synthetic_fixed	synthetic	syn_001547	0.0067539778538
synthetic_fixed	synthetic	syn_001548	0.00761246262118
synthetic_fixed	synthetic	syn_001549	0.0112067982554
synthetic_fixed	synthetic	syn_001550	0.00794027745724
synthetic_fixed	synthetic	syn_001551	0.00837275013328
synthetic_fixed	synthetic	syn_001552	0.005515396595
synthetic_fixed	synthetic	syn_001553	0.00841679237783
synthetic_fixed	synthetic	syn_001554	0.0102579444647
synthetic_fixed	synthetic	syn_001555	0.0074087139219
synthetic_fixed	synthetic	syn_001556	0.004738018848
synthetic_fixed	synthetic	syn_001557	0.00634682178497
synthetic_fixed	synthetic	syn_001558	0.00829876773059
synthetic_fixed	synthetic	syn_001559	0.00575055973604
synthetic_fixed	synthetic	syn_001560	0.00841184239835
synthetic_fixed	synthetic	syn_001561	0.00709360046312
synthetic_fixed	synthetic	syn_001562	0.00767184142023
synthetic_fixed	synthetic	syn_001563	0.00711292214692
synthetic_fixed	synthetic	syn_001564	0.0080611621961
synthetic_fixed	synthetic	syn_001565	0.00777906971052
synthetic_fixed	synthetic	syn_001566	0.00758455460891
synthetic_fixed	synthetic	syn_001567	0.0119924563915
synthetic_fixed	synthetic	syn_001568	0.00472173094749
synthetic_fixed	synthetic	syn_001569	0.00608323235065
synthetic_fixed	synthetic	syn_001570	0.0086077041924
synthetic_fixed	synthetic	syn_001571	0.00827491655946
synthetic_fixed	synthetic	syn_001572	0.0201114267111
synthetic_fixed	synthetic	syn_001573	0.00622489489615
synthetic_fixed	synthetic	syn_001574	0.0081763677299
synthetic_fixed	synthetic	syn_001575	0.00752813182771
synthetic_fixed	synthetic	syn_001576	0.00714290421456
synthetic_fixed	synthetic	syn_001577	0.00672925310209
synthetic_fixed	synthetic	syn_001578	0.00656014028937
synthetic_fixed	synthetic	syn_001579	0.00755310291424
synthetic_fixed	synthetic	syn_001580	0.00968062039465
synthetic_fixed	synthetic	syn_001581	0.00860721431673
synthetic_fixed	synthetic	syn_001582	0.00709369871765
synthetic_fixed	synthetic	syn_001583	0.00590746942908
synthetic_fixed	synthetic	syn_001584	0.0061599588953
synthetic_fixed	synthetic	syn_001585	0.00657174177468
synthetic_fixed	synthetic	syn_001586	0.00576508231461
synthetic_fixed	synthetic	syn_001587	0.0053345663473
synthetic_fixed	synthetic	syn_001588	0.00800185278058
synthetic_fixed	synthetic	syn_001589	0.00650042900816
synthetic_fixed	synthetic	syn_001590	0.00657089054585
synthetic_fixed	synthetic	syn_001591	0.00973521266133
synthetic_fixed	synthetic	syn_001592	0.00884562171996
synthetic_fixed	synthetic	syn_001593	0.00768810417503
synthetic_fixed	synthetic	syn_001594	0.0106881055981
synthetic_fixed	synthetic	syn_001595	0.0102586522698
synthetic_fixed	synthetic	syn_001596	0.00561872590333
synthetic_fixed	synthetic	syn_001597	0.0103236138821
synthetic_fixed	synthetic	syn_001598	0.00353598431684
synthetic_fixed	synthetic	syn_001599	0.00729798339307
synthetic_fixed	synthetic	syn_001600	0.0160324983299
synthetic_fixed	synthetic	syn_001601	0.00415805587545
synthetic_fixed	synthetic	syn_001602	0.00651668291539
synthetic_fixed	synthetic	syn_001603	0.00733992643654
synthetic_fixed	synthetic	syn_001604	0.00607982324436
synthetic_fixed	synthetic	syn_001605	0.00902388058603
synthetic_fixed	synthetic	syn_001606	0.00810249522328
synthetic_fixed	synthetic	syn_001607	0.00667090900242
synthetic_fixed	synthetic	syn_001608	0.00634555704892
synthetic_fixed	synthetic	syn_001609	0.00636192597449
synthetic_fixed	synthetic	syn_001610	0.0057432288304
synthetic_fixed	synthetic	syn_001611	0.00641256151721
synthetic_fixed	synthetic	syn_001612	0.00538186123595
synthetic_fixed	synthetic	syn_001613	0.00636568246409
synthetic_fixed	synthetic	syn_001614	0.00917158648372
synthetic_fixed	synthetic	syn_001615	0.00941302534193
synthetic_fixed	synthetic	syn_001616	0.00607512984425
synthetic_fixed	synthetic	syn_001617	0.00776891037822
synthetic_fixed	synthetic	syn_001618	0.00615441799164
synthetic_fixed	synthetic	syn_001619	0.00642017740756
synthetic_fixed	synthetic	syn_001620	0.00991780497134
synthetic_fixed	synthetic	syn_001621	0.00683981180191
synthetic_fixed	synthetic	syn_001622	0.00652861874551
synthetic_fixed	synthetic	syn_001623	0.0109767466784
synthetic_fixed	synthetic	syn_001624	0.00728728994727
synthetic_fixed	synthetic	syn_001625	0.00757208326831
synthetic_fixed	synthetic	syn_001626	0.0113504230976
synthetic_fixed	synthetic	syn_001627	0.00656734686345
synthetic_fixed	synthetic	syn_001628	0.00352483149618
synthetic_fixed	synthetic	syn_001629	0.00763735547662
synthetic_fixed	synthetic	syn_001630	0.00553895067424
synthetic_fixed	synthetic	syn_001631	0.00721963029355
synthetic_fixed	synthetic	syn_001632	0.00820887647569
synthetic_fixed	synthetic	syn_001633	0.00464336480945
synthetic_fixed	synthetic	syn_001634	0.011418136768
synthetic_fixed	synthetic	syn_001635	0.00836280919611
synthetic_fixed	synthetic	syn_001636	0.00902313739061
synthetic_fixed	synthetic	syn_001637	0.00473572360352
synthetic_fixed	synthetic	syn_001638	0.0045534116216
synthetic_fixed	synthetic	syn_001639	0.0101720495149
synthetic_fixed	synthetic	syn_001640	0.00685107940808
synthetic_fixed	synthetic	syn_001641	0.00551908789203
synthetic_fixed	synthetic	syn_001642	0.0113027403131
synthetic_fixed	synthetic	syn_001643	0.00476167537272
synthetic_fixed	synthetic	syn_001644	0.018023878336
synthetic_fixed	synthetic	syn_001645	0.00715641025454
synthetic_fixed	synthetic	syn_001646	0.00708047393709
synthetic_fixed	synthetic	syn_001647	0.00767538743094
synthetic_fixed	synthetic	syn_001648	0.0105636753142
synthetic_fixed	synthetic	syn_001649	0.00604004692286
synthetic_fixed	synthetic	syn_001650	0.00817465223372
synthetic_fixed	synthetic	syn_001651	0.00790172070265
synthetic_fixed	synthetic	syn_001652	0.00689892424271
synthetic_fixed	synthetic	syn_001653	0.0129858925939
synthetic_fixed	synthetic	syn_001654	0.00691137835383
synthetic_fixed	synthetic	syn_001655	0.0111178550869
synthetic_fixed	synthetic	syn_001656	0.00816080346704
synthetic_fixed	synthetic	syn_001657	0.0101780686527
synthetic_fixed	synthetic	syn_001658	0.00635557994246
synthetic_fixed	synthetic	syn_001659	0.00370183447376
synthetic_fixed	synthetic	syn_001660	0.00922018662095
synthetic_fixed	synthetic	syn_001661	0.00835094880313
synthetic_fixed	synthetic	syn_001662	0.00535895861685
synthetic_fixed	synthetic	syn_001663	0.00720093119889
synthetic_fixed	synthetic	syn_001664	0.0128844836727
synthetic_fixed	synthetic	syn_001665	0.00629857182503
synthetic_fixed	synthetic	syn_001666	0.0128465564921
synthetic_fixed	synthetic	syn_001667	0.00639558536932
synthetic_fixed	synthetic	syn_001668	0.00765907112509
synthetic_fixed	synthetic	syn_001669	0.00614804960787
synthetic_fixed	synthetic	syn_001670	0.0145033486187
synthetic_fixed	synthetic	syn_001671	0.0115208486095
synthetic_fixed	synthetic	syn_001672	0.00561256613582
synthetic_fixed	synthetic	syn_001673	0.00760517176241
synthetic_fixed	synthetic	syn_001674	0.00800435431302
synthetic_fixed	synthetic	syn_001675	0.00527621153742
synthetic_fixed	synthetic	syn_001676	0.00811347737908
synthetic_fixed	synthetic	syn_001677	0.00915853120387
synthetic_fixed	synthetic	syn_001678	0.00432193372399
synthetic_fixed	synthetic	syn_001679	0.0070661236532
synthetic_fixed	synthetic	syn_001680	0.00824359524995
synthetic_fixed	synthetic	syn_001681	0.00728887040168
synthetic_fixed	synthetic	syn_001682	0.00377007061616
synthetic_fixed	synthetic	syn_001683	0.00542705971748
synthetic_fixed	synthetic	syn_001684	0.00484808720648
synthetic_fixed	synthetic	syn_001685	0.0165686886758
synthetic_fixed	synthetic	syn_001686	0.00468153692782
synthetic_fixed	synthetic	syn_001687	0.00864586047828
synthetic_fixed	synthetic	syn_001688	0.00917083304375
synthetic_fixed	synthetic	syn_001689	0.0108235068619
synthetic_fixed	synthetic	syn_001690	0.0100707262754
synthetic_fixed	synthetic	syn_001691	0.00452124373987
synthetic_fixed	synthetic	syn_001692	0.00392839033157
synthetic_fixed	synthetic	syn_001693	0.0101490998641
synthetic_fixed	synthetic	syn_001694	0.00533273769543
synthetic_fixed	synthetic	syn_001695	0.00881678983569
synthetic_fixed	synthetic	syn_001696	0.00873459782451
synthetic_fixed	synthetic	syn_001697	0.00629757810384
synthetic_fixed	synthetic	syn_001698	0.00781392119825
synthetic_fixed	synthetic	syn_001699	0.0117123425007
synthetic_fixed	synthetic	syn_001700	0.00969804637134
synthetic_fixed	synthetic	syn_001701	0.00653382577002
synthetic_fixed	synthetic	syn_001702	0.00617490289733
synthetic_fixed	synthetic	syn_001703	0.00503044668585
synthetic_fixed	synthetic	syn_001704	0.0120016988367
synthetic_fixed	synthetic	syn_001705	0.00788302812725
synthetic_fixed	synthetic	syn_001706	0.00578662287444
synthetic_fixed	synthetic	syn_001707	0.00412071682513
synthetic_fixed	synthetic	syn_001708	0.00787504017353
synthetic_fixed	synthetic	syn_001709	0.00858192052692
synthetic_fixed	synthetic	syn_001710	0.0109052974731
synthetic_fixed	synthetic	syn_001711	0.0053075607866
synthetic_fixed	synthetic	syn_001712	0.0064804321155
synthetic_fixed	synthetic	syn_001713	0.00858179200441
synthetic_fixed	synthetic	syn_001714	0.00852331146598
synthetic_fixed	synthetic	syn_001715	0.0036770212464
synthetic_fixed	synthetic	syn_001716	0.00844990648329
synthetic_fixed	synthetic	syn_001717	0.00586697645485
synthetic_fixed	synthetic	syn_001718	0.00497493613511
synthetic_fixed	synthetic	syn_001719	0.00807358324528
synthetic_fixed	synthetic	syn_001720	0.0068391142413
synthetic_fixed	synthetic	syn_001721	0.00792836211622
synthetic_fixed	synthetic	syn_001722	0.00808812584728
synthetic_fixed	synthetic	syn_001723	0.0131824538112
synthetic_fixed	synthetic	syn_001724	0.00397541839629
synthetic_fixed	synthetic	syn_001725	0.00937116146088
synthetic_fixed	synthetic	syn_001726	0.00420318171382
synthetic_fixed	synthetic	syn_001727	0.0113206990063
synthetic_fixed	synthetic	syn_001728	0.00879095494747
synthetic_fixed	synthetic	syn_001729	0.0231160335243
synthetic_fixed	synthetic	syn_001730	0.00945619121194
synthetic_fixed	synthetic	syn_001731	0.00657758722082
synthetic_fixed	synthetic	syn_001732	0.00526485824957
synthetic_fixed	synthetic	syn_001733	0.00598284229636
synthetic_fixed	synthetic	syn_001734	0.00273014511913
synthetic_fixed	synthetic	syn_001735	0.00673169782385
synthetic_fixed	synthetic	syn_001736	0.00823199562728
synthetic_fixed	synthetic	syn_001737	0.00558588607237
synthetic_fixed	synthetic	syn_001738	0.00799554400146
synthetic_fixed	synthetic	syn_001739	0.00653929961845
synthetic_fixed	synthetic	syn_001740	0.00375388702378
synthetic_fixed	synthetic	syn_001741	0.00503991963342
synthetic_fixed	synthetic	syn_001742	0.0061112716794
synthetic_fixed	synthetic	syn_001743	0.00802923366427
synthetic_fixed	synthetic	syn_001744	0.0202633365989
synthetic_fixed	synthetic	syn_001745	0.00799825135618
synthetic_fixed	synthetic	syn_001746	0.00398622266948
synthetic_fixed	synthetic	syn_001747	0.00959359295666
synthetic_fixed	synthetic	syn_001748	0.00939259491861
synthetic_fixed	synthetic	syn_001749	0.00544059742242
synthetic_fixed	synthetic	syn_001750	0.00797527562827
synthetic_fixed	synthetic	syn_001751	0.00575748085976
synthetic_fixed	synthetic	syn_001752	0.00952401943505
synthetic_fixed	synthetic	syn_001753	0.00763724558055
synthetic_fixed	synthetic	syn_001754	0.00924126803875
synthetic_fixed	synthetic	syn_001755	0.0117748714983
synthetic_fixed	synthetic	syn_001756	0.00792000349611
synthetic_fixed	synthetic	syn_001757	0.0147599540651
synthetic_fixed	synthetic	syn_001758	0.00697557069361
synthetic_fixed	synthetic	syn_001759	0.00526160560548
synthetic_fixed	synthetic	syn_001760	0.00636833719909
synthetic_fixed	synthetic	syn_001761	0.00965371541679
synthetic_fixed	synthetic	syn_001762	0.00513960514218
synthetic_fixed	synthetic	syn_001763	0.0081625059247
synthetic_fixed	synthetic	syn_001764	0.00643637776375
synthetic_fixed	synthetic	syn_001765	0.00448173191398
synthetic_fixed	synthetic	syn_001766	0.00508857565001
synthetic_fixed	synthetic	syn_001767	0.0115362927318
synthetic_fixed	synthetic	syn_001768	0.00672831013799
synthetic_fixed	synthetic	syn_001769	0.00622439710423
synthetic_fixed	synthetic	syn_001770	0.00941113848239
synthetic_fixed	synthetic	syn_001771	0.00691899936646
synthetic_fixed	synthetic	syn_001772	0.00587153062224
synthetic_fixed	synthetic	syn_001773	0.00464004604146
synthetic_fixed	synthetic	syn_001774	0.00622578617185
synthetic_fixed	synthetic	syn_001775	0.0124980444089
synthetic_fixed	synthetic	syn_001776	0.00927532371134
synthetic_fixed	synthetic	syn_001777	0.0106656532735
synthetic_fixed	synthetic	syn_001778	0.0070433258079
synthetic_fixed	synthetic	syn_001779	0.00616441806778
synthetic_fixed	synthetic	syn_001780	0.00835306197405
synthetic_fixed	synthetic	syn_001781	0.00983898434788
synthetic_fixed	synthetic	syn_001782	0.00883406586945
synthetic_fixed	synthetic	syn_001783	0.00680133979768
synthetic_fixed	synthetic	syn_001784	0.00795259233564
synthetic_fixed	synthetic	syn_001785	0.0042771268636
synthetic_fixed	synthetic	syn_001786	0.0218719504774
synthetic_fixed	synthetic	syn_001787	0.0093671772629
synthetic_fixed	synthetic	syn_001788	0.00597621314228
synthetic_fixed	synthetic	syn_001789	0.00494088605046
synthetic_fixed	synthetic	syn_001790	0.00605172570795
synthetic_fixed	synthetic	syn_001791	0.00948061048985
synthetic_fixed	synthetic	syn_001792	0.00708916177973
synthetic_fixed	synthetic	syn_001793	0.00855196081102
synthetic_fixed	synthetic	syn_001794	0.00928336381912
synthetic_fixed	synthetic	syn_001795	0.0105193722993
synthetic_fixed	synthetic	syn_001796	0.00588341942057
synthetic_fixed	synthetic	syn_001797	0.00558897200972
synthetic_fixed	synthetic	syn_001798	0.00732125900686
synthetic_fixed	synthetic	syn_001799	0.00810443982482
synthetic_fixed	synthetic	syn_001800	0.00961276516318
synthetic_fixed	synthetic	syn_001801	0.00748314475641
synthetic_fixed	synthetic	syn_001802	0.00669750664383
synthetic_fixed	synthetic	syn_001803	0.00843928474933
synthetic_fixed	synthetic	syn_001804	0.00811058469117
synthetic_fixed	synthetic	syn_001805	0.00473990850151
synthetic_fixed	synthetic	syn_001806	0.00448752753437
synthetic_fixed	synthetic	syn_001807	0.00681978091598
synthetic_fixed	synthetic	syn_001808	0.00823151413351
synthetic_fixed	synthetic	syn_001809	0.00691077765077
synthetic_fixed	synthetic	syn_001810	0.00706411432475
synthetic_fixed	synthetic	syn_001811	0.00653696618974
synthetic_fixed	synthetic	syn_001812	0.0103112552315
synthetic_fixed	synthetic	syn_001813	0.00762375444174
synthetic_fixed	synthetic	syn_001814	0.0065055238083
synthetic_fixed	synthetic	syn_001815	0.00728972349316
synthetic_fixed	synthetic	syn_001816	0.00903806369752
synthetic_fixed	synthetic	syn_001817	0.00643928116187
synthetic_fixed	synthetic	syn_001818	0.00519332848489
synthetic_fixed	synthetic	syn_001819	0.00520554929972
synthetic_fixed	synthetic	syn_001820	0.00965483020991
synthetic_fixed	synthetic	syn_001821	0.00550579791889
synthetic_fixed	synthetic	syn_001822	0.00892571918666
synthetic_fixed	synthetic	syn_001823	0.00396993011236
synthetic_fixed	synthetic	syn_001824	0.00907311961055
synthetic_fixed	synthetic	syn_001825	0.00597703130916
synthetic_fixed	synthetic	syn_001826	0.00454087648541
synthetic_fixed	synthetic	syn_001827	0.0116555802524
synthetic_fixed	synthetic	syn_001828	0.00988089293242
synthetic_fixed	synthetic	syn_001829	0.00656560063362
synthetic_fixed	synthetic	syn_001830	0.00624980311841
synthetic_fixed	synthetic	syn_001831	0.00679605640471
synthetic_fixed	synthetic	syn_001832	0.00546931382269
synthetic_fixed	synthetic	syn_001833	0.00610671006143
synthetic_fixed	synthetic	syn_001834	0.0115462215617
synthetic_fixed	synthetic	syn_001835	0.0109132286161
synthetic_fixed	synthetic	syn_001836	0.00515384273604
synthetic_fixed	synthetic	syn_001837	0.0088971555233
synthetic_fixed	synthetic	syn_001838	0.00976408459246
synthetic_fixed	synthetic	syn_001839	0.0202066078782
synthetic_fixed	synthetic	syn_001840	0.0101259993389
synthetic_fixed	synthetic	syn_001841	0.00675757415593
synthetic_fixed	synthetic	syn_001842	0.00719365570694
synthetic_fixed	synthetic	syn_001843	0.0154185201973
synthetic_fixed	synthetic	syn_001844	0.00505212554708
synthetic_fixed	synthetic	syn_001845	0.00733432173729
synthetic_fixed	synthetic	syn_001846	0.00621173391119
synthetic_fixed	synthetic	syn_001847	0.00623173266649
synthetic_fixed	synthetic	syn_001848	0.00819795206189
synthetic_fixed	synthetic	syn_001849	0.00624637352303
synthetic_fixed	synthetic	syn_001850	0.00873595476151
synthetic_fixed	synthetic	syn_001851	0.00648486986756
synthetic_fixed	synthetic	syn_001852	0.0083603207022
synthetic_fixed	synthetic	syn_001853	0.00643919222057
synthetic_fixed	synthetic	syn_001854	0.0144069306552
synthetic_fixed	synthetic	syn_001855	0.0112480465323
synthetic_fixed	synthetic	syn_001856	0.0129649108276
synthetic_fixed	synthetic	syn_001857	0.00964277144521
synthetic_fixed	synthetic	syn_001858	0.00520602380857
synthetic_fixed	synthetic	syn_001859	0.00770163163543
synthetic_fixed	synthetic	syn_001860	0.00628598406911
synthetic_fixed	synthetic	syn_001861	0.0113279046491
synthetic_fixed	synthetic	syn_001862	0.00883093476295
synthetic_fixed	synthetic	syn_001863	0.012154052034
synthetic_fixed	synthetic	syn_001864	0.00622939504683
synthetic_fixed	synthetic	syn_001865	0.00622375681996
synthetic_fixed	synthetic	syn_001866	0.0100663835183
synthetic_fixed	synthetic	syn_001867	0.0144509132951
synthetic_fixed	synthetic	syn_001868	0.00966238416731
synthetic_fixed	synthetic	syn_001869	0.00759030971676
synthetic_fixed	synthetic	syn_001870	0.00672720465809
synthetic_fixed	synthetic	syn_001871	0.00834063999355
synthetic_fixed	synthetic	syn_001872	0.00568680325523
synthetic_fixed	synthetic	syn_001873	0.00750219449401
synthetic_fixed	synthetic	syn_001874	0.00879078544676
synthetic_fixed	synthetic	syn_001875	0.00759810302407
synthetic_fixed	synthetic	syn_001876	0.00926647521555
synthetic_fixed	synthetic	syn_001877	0.00579541223124
synthetic_fixed	synthetic	syn_001878	0.0069375038147
synthetic_fixed	synthetic	syn_001879	0.00837787240744
synthetic_fixed	synthetic	syn_001880	0.00880140531808
synthetic_fixed	synthetic	syn_001881	0.00956705212593
synthetic_fixed	synthetic	syn_001882	0.00820595119148
synthetic_fixed	synthetic	syn_001883	0.00754407048225
synthetic_fixed	synthetic	syn_001884	0.00942082330585
synthetic_fixed	synthetic	syn_001885	0.00823466572911
synthetic_fixed	synthetic	syn_001886	0.00817310903221
synthetic_fixed	synthetic	syn_001887	0.00873690657318
synthetic_fixed	synthetic	syn_001888	0.00523120816797
synthetic_fixed	synthetic	syn_001889	0.0133497184142
synthetic_fixed	synthetic	syn_001890	0.0109848864377
synthetic_fixed	synthetic	syn_001891	0.00848527252674
synthetic_fixed	synthetic	syn_001892	0.0090598911047
synthetic_fixed	synthetic	syn_001893	0.00842333398759
synthetic_fixed	synthetic	syn_001894	0.00662125274539
synthetic_fixed	synthetic	syn_001895	0.00818940252066
synthetic_fixed	synthetic	syn_001896	0.00472217611969
synthetic_fixed	synthetic	syn_001897	0.00769865559414
synthetic_fixed	synthetic	syn_001898	0.00794305559248
synthetic_fixed	synthetic	syn_001899	0.0101159932092
synthetic_fixed	synthetic	syn_001900	0.00532423751429
synthetic_fixed	synthetic	syn_001901	0.00867470446974
synthetic_fixed	synthetic	syn_001902	0.00605227053165
synthetic_fixed	synthetic	syn_001903	0.00408962462097
synthetic_fixed	synthetic	syn_001904	0.00841046590358
synthetic_fixed	synthetic	syn_001905	0.00505210552365
synthetic_fixed	synthetic	syn_001906	0.0053783012554
synthetic_fixed	synthetic	syn_001907	0.00514941290021
synthetic_fixed	synthetic	syn_001908	0.00993748754263
synthetic_fixed	synthetic	syn_001909	0.00751342903823
synthetic_fixed	synthetic	syn_001910	0.00529067032039
synthetic_fixed	synthetic	syn_001911	0.00656394194812
synthetic_fixed	synthetic	syn_001912	0.00400075176731
synthetic_fixed	synthetic	syn_001913	0.00819043628871
synthetic_fixed	synthetic	syn_001914	0.00903339870274
synthetic_fixed	synthetic	syn_001915	0.00666638230905
synthetic_fixed	synthetic	syn_001916	0.00507101975381
synthetic_fixed	synthetic	syn_001917	0.00654787011445
synthetic_fixed	synthetic	syn_001918	0.00605133594945
synthetic_fixed	synthetic	syn_001919	0.00875954050571
synthetic_fixed	synthetic	syn_001920	0.00735457055271
synthetic_fixed	synthetic	syn_001921	0.00921014882624
synthetic_fixed	synthetic	syn_001922	0.0090040974319
synthetic_fixed	synthetic	syn_001923	0.00750597100705
synthetic_fixed	synthetic	syn_001924	0.00538001069799
synthetic_fixed	synthetic	syn_001925	0.00434883777052
synthetic_fixed	synthetic	syn_001926	0.00464064115658
synthetic_fixed	synthetic	syn_001927	0.00634951889515
synthetic_fixed	synthetic	syn_001928	0.00732611026615
synthetic_fixed	synthetic	syn_001929	0.00489379744977
synthetic_fixed	synthetic	syn_001930	0.00744067272171
synthetic_fixed	synthetic	syn_001931	0.0097269853577
synthetic_fixed	synthetic	syn_001932	0.0109006110579
synthetic_fixed	synthetic	syn_001933	0.00615455722436
synthetic_fixed	synthetic	syn_001934	0.0107512939721
synthetic_fixed	synthetic	syn_001935	0.00979992561042
synthetic_fixed	synthetic	syn_001936	0.00478129647672
synthetic_fixed	synthetic	syn_001937	0.00750897219405
synthetic_fixed	synthetic	syn_001938	0.00731515884399
synthetic_fixed	synthetic	syn_001939	0.0074941907078
synthetic_fixed	synthetic	syn_001940	0.0148227624595
synthetic_fixed	synthetic	syn_001941	0.00799860060215
synthetic_fixed	synthetic	syn_001942	0.00405456870794
synthetic_fixed	synthetic	syn_001943	0.00467352475971
synthetic_fixed	synthetic	syn_001944	0.00621994910762
synthetic_fixed	synthetic	syn_001945	0.0109186898917
synthetic_fixed	synthetic	syn_001946	0.00745786167681
synthetic_fixed	synthetic	syn_001947	0.00567552587017
synthetic_fixed	synthetic	syn_001948	0.00850535370409
synthetic_fixed	synthetic	syn_001949	0.00581265799701
synthetic_fixed	synthetic	syn_001950	0.0115251541138
synthetic_fixed	synthetic	syn_001951	0.00476044323295
synthetic_fixed	synthetic	syn_001952	0.00798716209829
synthetic_fixed	synthetic	syn_001953	0.00653942022473
synthetic_fixed	synthetic	syn_001954	0.00394473969936
synthetic_fixed	synthetic	syn_001955	0.00645986292511
synthetic_fixed	synthetic	syn_001956	0.0057655274868
synthetic_fixed	synthetic	syn_001957	0.00984324887395
synthetic_fixed	synthetic	syn_001958	0.00694689713418
synthetic_fixed	synthetic	syn_001959	0.00532218720764
synthetic_fixed	synthetic	syn_001960	0.0165388993919
synthetic_fixed	synthetic	syn_001961	0.00758930295706
synthetic_fixed	synthetic	syn_001962	0.00733914412558
synthetic_fixed	synthetic	syn_001963	0.00685358420014
synthetic_fixed	synthetic	syn_001964	0.00636237487197
synthetic_fixed	synthetic	syn_001965	0.0114808883518
synthetic_fixed	synthetic	syn_001966	0.00719782430679
synthetic_fixed	synthetic	syn_001967	0.00421204790473
synthetic_fixed	synthetic	syn_001968	0.0100916810334
synthetic_fixed	synthetic	syn_001969	0.00657182140276
synthetic_fixed	synthetic	syn_001970	0.0115477014333
synthetic_fixed	synthetic	syn_001971	0.00467043183744
synthetic_fixed	synthetic	syn_001972	0.00554239284247
synthetic_fixed	synthetic	syn_001973	0.00474109081551
synthetic_fixed	synthetic	syn_001974	0.00706283934414
synthetic_fixed	synthetic	syn_001975	0.0111500844359
synthetic_fixed	synthetic	syn_001976	0.011457759887
synthetic_fixed	synthetic	syn_001977	0.00935332942754
synthetic_fixed	synthetic	syn_001978	0.00885560363531
synthetic_fixed	synthetic	syn_001979	0.00643732678145
synthetic_fixed	synthetic	syn_001980	0.00749212643132
synthetic_fixed	synthetic	syn_001981	0.00837079063058
synthetic_fixed	synthetic	syn_001982	0.00789182726294
synthetic_fixed	synthetic	syn_001983	0.00793333351612
synthetic_fixed	synthetic	syn_001984	0.00649087224156
synthetic_fixed	synthetic	syn_001985	0.00607506465167
synthetic_fixed	synthetic	syn_001986	0.0101633071899
synthetic_fixed	synthetic	syn_001987	0.0104656312615
synthetic_fixed	synthetic	syn_001988	0.0093962373212
synthetic_fixed	synthetic	syn_001989	0.00686929235235
synthetic_fixed	synthetic	syn_001990	0.00850090011954
synthetic_fixed	synthetic	syn_001991	0.0101924687624
synthetic_fixed	synthetic	syn_001992	0.00965098664165
synthetic_fixed	synthetic	syn_001993	0.00932007096708
synthetic_fixed	synthetic	syn_001994	0.00849947705865
synthetic_fixed	synthetic	syn_001995	0.00685945991427
synthetic_fixed	synthetic	syn_001996	0.0112864486873
synthetic_fixed	synthetic	syn_001997	0.00768097955734
synthetic_fixed	synthetic	syn_001998	0.0100246425718
synthetic_fixed	synthetic	syn_001999	0.00902336183935
synthetic_fixed	synthetic	syn_002000	0.00858016870916
synthetic_fixed	synthetic	syn_002001	0.00834658741951
synthetic_fixed	synthetic	syn_002002	0.00395155418664
synthetic_fixed	synthetic	syn_002003	0.0175295639783
synthetic_fixed	synthetic	syn_002004	0.0126803833991
synthetic_fixed	synthetic	syn_002005	0.0102622574195
synthetic_fixed	synthetic	syn_002006	0.00890892185271
synthetic_fixed	synthetic	syn_002007	0.00595880206674
synthetic_fixed	synthetic	syn_002008	0.0181899294257
synthetic_fixed	synthetic	syn_002009	0.00656946003437
synthetic_fixed	synthetic	syn_002010	0.00573082035407
synthetic_fixed	synthetic	syn_002011	0.00663750106469
synthetic_fixed	synthetic	syn_002012	0.00957196298987
synthetic_fixed	synthetic	syn_002013	0.00458001252264
synthetic_fixed	synthetic	syn_002014	0.006142700091
synthetic_fixed	synthetic	syn_002015	0.00504315039143
synthetic_fixed	synthetic	syn_002016	0.00760437082499
synthetic_fixed	synthetic	syn_002017	0.00694878026843
synthetic_fixed	synthetic	syn_002018	0.00767843984067
synthetic_fixed	synthetic	syn_002019	0.00792625546455
synthetic_fixed	synthetic	syn_002020	0.00451962603256
synthetic_fixed	synthetic	syn_002021	0.0148312095553
synthetic_fixed	synthetic	syn_002022	0.00544543378055
synthetic_fixed	synthetic	syn_002023	0.00862882658839
synthetic_fixed	synthetic	syn_002024	0.00903404224664
synthetic_fixed	synthetic	syn_002025	0.0077269943431
synthetic_fixed	synthetic	syn_002026	0.00693526444957
synthetic_fixed	synthetic	syn_002027	0.00397239020094
synthetic_fixed	synthetic	syn_002028	0.00591023731977
synthetic_fixed	synthetic	syn_002029	0.00765709439293
synthetic_fixed	synthetic	syn_002030	0.00744054745883
synthetic_fixed	synthetic	syn_002031	0.00840245187283
synthetic_fixed	synthetic	syn_002032	0.00562417367473
synthetic_fixed	synthetic	syn_002033	0.00961077492684
synthetic_fixed	synthetic	syn_002034	0.00713012041524
synthetic_fixed	synthetic	syn_002035	0.00641761533916
synthetic_fixed	synthetic	syn_002036	0.00515141151845
synthetic_fixed	synthetic	syn_002037	0.00852071493864
synthetic_fixed	synthetic	syn_002038	0.00492678396404
synthetic_fixed	synthetic	syn_002039	0.0176666285843
synthetic_fixed	synthetic	syn_002040	0.0052949488163
synthetic_fixed	synthetic	syn_002041	0.00942126102746
synthetic_fixed	synthetic	syn_002042	0.00834773667157
synthetic_fixed	synthetic	syn_002043	0.00753033161163
synthetic_fixed	synthetic	syn_002044	0.00944245047867
synthetic_fixed	synthetic	syn_002045	0.00815904606134
synthetic_fixed	synthetic	syn_002046	0.0111345611513
synthetic_fixed	synthetic	syn_002047	0.01102421619
synthetic_fixed	synthetic	syn_002048	0.00738743878901
synthetic_fixed	synthetic	syn_002049	0.00573692191392
synthetic_fixed	synthetic	syn_002050	0.00589050585404
synthetic_fixed	synthetic	syn_002051	0.00325013417751
synthetic_fixed	synthetic	syn_002052	0.00710561312735
synthetic_fixed	synthetic	syn_002053	0.00798104889691
synthetic_fixed	synthetic	syn_002054	0.0065670912154
synthetic_fixed	synthetic	syn_002055	0.00580292521045
synthetic_fixed	synthetic	syn_002056	0.00503610773012
synthetic_fixed	synthetic	syn_002057	0.00983533728868
synthetic_fixed	synthetic	syn_002058	0.00965613778681
synthetic_fixed	synthetic	syn_002059	0.00926528684795
synthetic_fixed	synthetic	syn_002060	0.00476443767548
synthetic_fixed	synthetic	syn_002061	0.00913011748344
synthetic_fixed	synthetic	syn_002062	0.00491349026561
synthetic_fixed	synthetic	syn_002063	0.00665269931778
synthetic_fixed	synthetic	syn_002064	0.00783935189247
synthetic_fixed	synthetic	syn_002065	0.00808765366673
synthetic_fixed	synthetic	syn_002066	0.00765572115779
synthetic_fixed	synthetic	syn_002067	0.0100715579465
synthetic_fixed	synthetic	syn_002068	0.00683073699474
synthetic_fixed	synthetic	syn_002069	0.0121855139732
synthetic_fixed	synthetic	syn_002070	0.0054558897391
synthetic_fixed	synthetic	syn_002071	0.0104243569076
synthetic_fixed	synthetic	syn_002072	0.00659221922979
synthetic_fixed	synthetic	syn_002073	0.0091261556372
synthetic_fixed	synthetic	syn_002074	0.00816090404987
synthetic_fixed	synthetic	syn_002075	0.00755724404007
synthetic_fixed	synthetic	syn_002076	0.00692978920415
synthetic_fixed	synthetic	syn_002077	0.00623729359359
synthetic_fixed	synthetic	syn_002078	0.00945775769651
synthetic_fixed	synthetic	syn_002079	0.00543848006055
synthetic_fixed	synthetic	syn_002080	0.00625227298588
synthetic_fixed	synthetic	syn_002081	0.00992704927921
synthetic_fixed	synthetic	syn_002082	0.00525258760899
synthetic_fixed	synthetic	syn_002083	0.0073347594589
synthetic_fixed	synthetic	syn_002084	0.00518686976284
synthetic_fixed	synthetic	syn_002085	0.00810985453427
synthetic_fixed	synthetic	syn_002086	0.0108435973525
synthetic_fixed	synthetic	syn_002087	0.00645043514669
synthetic_fixed	synthetic	syn_002088	0.00642979191616
synthetic_fixed	synthetic	syn_002089	0.00720608374104
synthetic_fixed	synthetic	syn_002090	0.00782264396548
synthetic_fixed	synthetic	syn_002091	0.00921594910324
synthetic_fixed	synthetic	syn_002092	0.00905166659504
synthetic_fixed	synthetic	syn_002093	0.00482598133385
synthetic_fixed	synthetic	syn_002094	0.00816665031016
synthetic_fixed	synthetic	syn_002095	0.00671652331948
synthetic_fixed	synthetic	syn_002096	0.0122102368623
synthetic_fixed	synthetic	syn_002097	0.0111615536734
synthetic_fixed	synthetic	syn_002098	0.00763812474906
synthetic_fixed	synthetic	syn_002099	0.00559140741825
synthetic_fixed	synthetic	syn_002100	0.00493726832792
synthetic_fixed	synthetic	syn_002101	0.00897924229503
synthetic_fixed	synthetic	syn_002102	0.00663846544921
synthetic_fixed	synthetic	syn_002103	0.00667134299874
synthetic_fixed	synthetic	syn_002104	0.0113759040833
synthetic_fixed	synthetic	syn_002105	0.00819360930473
synthetic_fixed	synthetic	syn_002106	0.00603445246816
synthetic_fixed	synthetic	syn_002107	0.00590181769803
synthetic_fixed	synthetic	syn_002108	0.00501939281821
synthetic_fixed	synthetic	syn_002109	0.00729842949659
synthetic_fixed	synthetic	syn_002110	0.00721510965377
synthetic_fixed	synthetic	syn_002111	0.00435141846538
synthetic_fixed	synthetic	syn_002112	0.00729550840333
synthetic_fixed	synthetic	syn_002113	0.00760629214346
synthetic_fixed	synthetic	syn_002114	0.00728557258844
synthetic_fixed	synthetic	syn_002115	0.0104996189475
synthetic_fixed	synthetic	syn_002116	0.0048348410055
synthetic_fixed	synthetic	syn_002117	0.00818311888725
synthetic_fixed	synthetic	syn_002118	0.00870219431818
synthetic_fixed	synthetic	syn_002119	0.00818129070103
synthetic_fixed	synthetic	syn_002120	0.00887282006443
synthetic_fixed	synthetic	syn_002121	0.00648811040446
synthetic_fixed	synthetic	syn_002122	0.00948643684387
synthetic_fixed	synthetic	syn_002123	0.00613261386752
synthetic_fixed	synthetic	syn_002124	0.00862432084978
synthetic_fixed	synthetic	syn_002125	0.00930133461952
synthetic_fixed	synthetic	syn_002126	0.00757838413119
synthetic_fixed	synthetic	syn_002127	0.00812804140151
synthetic_fixed	synthetic	syn_002128	0.00805039703846
synthetic_fixed	synthetic	syn_002129	0.0101038422436
synthetic_fixed	synthetic	syn_002130	0.00743851205334
synthetic_fixed	synthetic	syn_002131	0.00821809098125
synthetic_fixed	synthetic	syn_002132	0.00806252472103
synthetic_fixed	synthetic	syn_002133	0.0090427454561
synthetic_fixed	synthetic	syn_002134	0.00612533232197
synthetic_fixed	synthetic	syn_002135	0.00445529818535
synthetic_fixed	synthetic	syn_002136	0.0056432755664
synthetic_fixed	synthetic	syn_002137	0.0118239205331
synthetic_fixed	synthetic	syn_002138	0.00684336852282
synthetic_fixed	synthetic	syn_002139	0.00839830655605
synthetic_fixed	synthetic	syn_002140	0.00920879468322
synthetic_fixed	synthetic	syn_002141	0.00606359681115
synthetic_fixed	synthetic	syn_002142	0.00667002890259
synthetic_fixed	synthetic	syn_002143	0.00657285237685
synthetic_fixed	synthetic	syn_002144	0.0115074459463
synthetic_fixed	synthetic	syn_002145	0.00886994041502
synthetic_fixed	synthetic	syn_002146	0.00599514925852
synthetic_fixed	synthetic	syn_002147	0.00800743699074
synthetic_fixed	synthetic	syn_002148	0.0094345510006
synthetic_fixed	synthetic	syn_002149	0.0079668527469
synthetic_fixed	synthetic	syn_002150	0.00531492009759
synthetic_fixed	synthetic	syn_002151	0.00631749164313
synthetic_fixed	synthetic	syn_002152	0.00644587678835
synthetic_fixed	synthetic	syn_002153	0.00637889560312
synthetic_fixed	synthetic	syn_002154	0.00597187969834
synthetic_fixed	synthetic	syn_002155	0.00748908892274
synthetic_fixed	synthetic	syn_002156	0.0104019222781
synthetic_fixed	synthetic	syn_002157	0.00506014376879
synthetic_fixed	synthetic	syn_002158	0.0106360251084
synthetic_fixed	synthetic	syn_002159	0.00942207314074
synthetic_fixed	synthetic	syn_002160	0.00709185888991
synthetic_fixed	synthetic	syn_002161	0.00650027114898
synthetic_fixed	synthetic	syn_002162	0.00628928747028
synthetic_fixed	synthetic	syn_002163	0.00533496867865
synthetic_fixed	synthetic	syn_002164	0.00974973104894
synthetic_fixed	synthetic	syn_002165	0.00719034858048
synthetic_fixed	synthetic	syn_002166	0.00569743849337
synthetic_fixed	synthetic	syn_002167	0.00879151187837
synthetic_fixed	synthetic	syn_002168	0.00900813844055
synthetic_fixed	synthetic	syn_002169	0.00585028063506
synthetic_fixed	synthetic	syn_002170	0.00665989983827
synthetic_fixed	synthetic	syn_002171	0.00746080605313
synthetic_fixed	synthetic	syn_002172	0.00869410205632
synthetic_fixed	synthetic	syn_002173	0.00912204384804
synthetic_fixed	synthetic	syn_002174	0.00448399875313
synthetic_fixed	synthetic	syn_002175	0.0105964932591
synthetic_fixed	synthetic	syn_002176	0.00868392176926
synthetic_fixed	synthetic	syn_002177	0.00803156755865
synthetic_fixed	synthetic	syn_002178	0.00940130185336
synthetic_fixed	synthetic	syn_002179	0.0106121534482
synthetic_fixed	synthetic	syn_002180	0.0066958158277
synthetic_fixed	synthetic	syn_002181	0.00689613213763
synthetic_fixed	synthetic	syn_002182	0.0114159332588
synthetic_fixed	synthetic	syn_002183	0.00849170796573
synthetic_fixed	synthetic	syn_002184	0.00837735272944
synthetic_fixed	synthetic	syn_002185	0.00570655521005
synthetic_fixed	synthetic	syn_002186	0.00846487097442
synthetic_fixed	synthetic	syn_002187	0.00684488425031
synthetic_fixed	synthetic	syn_002188	0.0118689201772
synthetic_fixed	synthetic	syn_002189	0.00785529334098
synthetic_fixed	synthetic	syn_002190	0.00521026318893
synthetic_fixed	synthetic	syn_002191	0.00728887366131
synthetic_fixed	synthetic	syn_002192	0.00514133507386
synthetic_fixed	synthetic	syn_002193	0.00570583157241
synthetic_fixed	synthetic	syn_002194	0.0118596004322
synthetic_fixed	synthetic	syn_002195	0.00691854627803
synthetic_fixed	synthetic	syn_002196	0.00817571952939
synthetic_fixed	synthetic	syn_002197	0.00547568872571
synthetic_fixed	synthetic	syn_002198	0.00552464555949
synthetic_fixed	synthetic	syn_002199	0.00836976990104
synthetic_fixed	synthetic	syn_002200	0.00784724857658
synthetic_fixed	synthetic	syn_002201	0.00392832700163
synthetic_fixed	synthetic	syn_002202	0.00845284108073
synthetic_fixed	synthetic	syn_002203	0.00563544174656
synthetic_fixed	synthetic	syn_002204	0.00754457525909
synthetic_fixed	synthetic	syn_002205	0.00752994138747
synthetic_fixed	synthetic	syn_002206	0.00520680239424
synthetic_fixed	synthetic	syn_002207	0.00627139722928
synthetic_fixed	synthetic	syn_002208	0.00568495504558
synthetic_fixed	synthetic	syn_002209	0.00599356461316
synthetic_fixed	synthetic	syn_002210	0.00805158540606
synthetic_fixed	synthetic	syn_002211	0.00781076122075
synthetic_fixed	synthetic	syn_002212	0.018881957978
synthetic_fixed	synthetic	syn_002213	0.0162910241634
synthetic_fixed	synthetic	syn_002214	0.00641079898924
synthetic_fixed	synthetic	syn_002215	0.00607210583985
synthetic_fixed	synthetic	syn_002216	0.00595800997689
synthetic_fixed	synthetic	syn_002217	0.0116027593613
synthetic_fixed	synthetic	syn_002218	0.0101369768381
synthetic_fixed	synthetic	syn_002219	0.00773109123111
synthetic_fixed	synthetic	syn_002220	0.0140573699027
synthetic_fixed	synthetic	syn_002221	0.0057755978778
synthetic_fixed	synthetic	syn_002222	0.00662611331791
synthetic_fixed	synthetic	syn_002223	0.00553099671379
synthetic_fixed	synthetic	syn_002224	0.00704877637327
synthetic_fixed	synthetic	syn_002225	0.00648461235687
synthetic_fixed	synthetic	syn_002226	0.0101363342255
synthetic_fixed	synthetic	syn_002227	0.00613605231047
synthetic_fixed	synthetic	syn_002228	0.0149746295065
synthetic_fixed	synthetic	syn_002229	0.0109433457255
synthetic_fixed	synthetic	syn_002230	0.00475442409515
synthetic_fixed	synthetic	syn_002231	0.00757663883269
synthetic_fixed	synthetic	syn_002232	0.00894619710743
synthetic_fixed	synthetic	syn_002233	0.00649948744103
synthetic_fixed	synthetic	syn_002234	0.00706860050559
synthetic_fixed	synthetic	syn_002235	0.00560355465859
synthetic_fixed	synthetic	syn_002236	0.00821973755956
synthetic_fixed	synthetic	syn_002237	0.00807891972363
synthetic_fixed	synthetic	syn_002238	0.00637900829315
synthetic_fixed	synthetic	syn_002239	0.0139569239691
synthetic_fixed	synthetic	syn_002240	0.00463194027543
synthetic_fixed	synthetic	syn_002241	0.00542851630598
synthetic_fixed	synthetic	syn_002242	0.00573321431875
synthetic_fixed	synthetic	syn_002243	0.00532550504431
synthetic_fixed	synthetic	syn_002244	0.00586862396449
synthetic_fixed	synthetic	syn_002245	0.00398990232497
synthetic_fixed	synthetic	syn_002246	0.00805902294815
synthetic_fixed	synthetic	syn_002247	0.00750154536217
synthetic_fixed	synthetic	syn_002248	0.00632428284734
synthetic_fixed	synthetic	syn_002249	0.00607994012535
synthetic_fixed	synthetic	syn_002250	0.00747908465564
synthetic_fixed	synthetic	syn_002251	0.00746536720544
synthetic_fixed	synthetic	syn_002252	0.00711684580892
synthetic_fixed	synthetic	syn_002253	0.00902847014368
synthetic_fixed	synthetic	syn_002254	0.00516899954528
synthetic_fixed	synthetic	syn_002255	0.0108064394444
synthetic_fixed	synthetic	syn_002256	0.00648091547191
synthetic_fixed	synthetic	syn_002257	0.0104854283854
synthetic_fixed	synthetic	syn_002258	0.0139564275742
synthetic_fixed	synthetic	syn_002259	0.0065324595198
synthetic_fixed	synthetic	syn_002260	0.00709845591336
synthetic_fixed	synthetic	syn_002261	0.00742185348645
synthetic_fixed	synthetic	syn_002262	0.00804046634585
synthetic_fixed	synthetic	syn_002263	0.00566560775042
synthetic_fixed	synthetic	syn_002264	0.00617748126388
synthetic_fixed	synthetic	syn_002265	0.00733598507941
synthetic_fixed	synthetic	syn_002266	0.005119017791
synthetic_fixed	synthetic	syn_002267	0.00900567136705
synthetic_fixed	synthetic	syn_002268	0.0103227309883
synthetic_fixed	synthetic	syn_002269	0.00447347247973
synthetic_fixed	synthetic	syn_002270	0.00573782483116
synthetic_fixed	synthetic	syn_002271	0.0072007891722
synthetic_fixed	synthetic	syn_002272	0.00672479066998
synthetic_fixed	synthetic	syn_002273	0.00725158769637
synthetic_fixed	synthetic	syn_002274	0.00572917889804
synthetic_fixed	synthetic	syn_002275	0.00537306815386
synthetic_fixed	synthetic	syn_002276	0.00675189681351
synthetic_fixed	synthetic	syn_002277	0.00764166750014
synthetic_fixed	synthetic	syn_002278	0.00735974404961
synthetic_fixed	synthetic	syn_002279	0.00385738094337
synthetic_fixed	synthetic	syn_002280	0.0056816758588
synthetic_fixed	synthetic	syn_002281	0.0106096714735
synthetic_fixed	synthetic	syn_002282	0.00888644810766
synthetic_fixed	synthetic	syn_002283	0.00677388999611
synthetic_fixed	synthetic	syn_002284	0.00790750607848
synthetic_fixed	synthetic	syn_002285	0.00893102958798
synthetic_fixed	synthetic	syn_002286	0.00884747877717
synthetic_fixed	synthetic	syn_002287	0.00446405867115
synthetic_fixed	synthetic	syn_002288	0.00364549201913
synthetic_fixed	synthetic	syn_002289	0.00578168127686
synthetic_fixed	synthetic	syn_002290	0.00670044356957
synthetic_fixed	synthetic	syn_002291	0.00411776825786
synthetic_fixed	synthetic	syn_002292	0.00871763285249
synthetic_fixed	synthetic	syn_002293	0.00992135796696
synthetic_fixed	synthetic	syn_002294	0.00808045826852
synthetic_fixed	synthetic	syn_002295	0.00676427502185
synthetic_fixed	synthetic	syn_002296	0.00857527181506
synthetic_fixed	synthetic	syn_002297	0.0084181483835
synthetic_fixed	synthetic	syn_002298	0.0128989052027
synthetic_fixed	synthetic	syn_002299	0.00976422615349
synthetic_fixed	synthetic	syn_002300	0.0115663874894
synthetic_fixed	synthetic	syn_002301	0.00489802798256
synthetic_fixed	synthetic	syn_002302	0.00605053920299
synthetic_fixed	synthetic	syn_002303	0.0112081319094
synthetic_fixed	synthetic	syn_002304	0.00721430405974
synthetic_fixed	synthetic	syn_002305	0.0044002761133
synthetic_fixed	synthetic	syn_002306	0.00578487385064
synthetic_fixed	synthetic	syn_002307	0.0106110647321
synthetic_fixed	synthetic	syn_002308	0.0069378092885
synthetic_fixed	synthetic	syn_002309	0.00762731675059
synthetic_fixed	synthetic	syn_002310	0.00923655927181
synthetic_fixed	synthetic	syn_002311	0.00946085713804
synthetic_fixed	synthetic	syn_002312	0.00863825250417
synthetic_fixed	synthetic	syn_002313	0.00689372699708
synthetic_fixed	synthetic	syn_002314	0.00836912542582
synthetic_fixed	synthetic	syn_002315	0.010891860351
synthetic_fixed	synthetic	syn_002316	0.00871565751731
synthetic_fixed	synthetic	syn_002317	0.00621437793598
synthetic_fixed	synthetic	syn_002318	0.00812233332545
synthetic_fixed	synthetic	syn_002319	0.00604113563895
synthetic_fixed	synthetic	syn_002320	0.00670209527016
synthetic_fixed	synthetic	syn_002321	0.00884440355003
synthetic_fixed	synthetic	syn_002322	0.00720085157081
synthetic_fixed	synthetic	syn_002323	0.00822443887591
synthetic_fixed	synthetic	syn_002324	0.00945876911283
synthetic_fixed	synthetic	syn_002325	0.00744312768802
synthetic_fixed	synthetic	syn_002326	0.00720200035721
synthetic_fixed	synthetic	syn_002327	0.0073890616186
synthetic_fixed	synthetic	syn_002328	0.00549904815853
synthetic_fixed	synthetic	syn_002329	0.00830082036555
synthetic_fixed	synthetic	syn_002330	0.00738364178687
synthetic_fixed	synthetic	syn_002331	0.0110153025016
synthetic_fixed	synthetic	syn_002332	0.00995962508023
synthetic_fixed	synthetic	syn_002333	0.00674021802843
synthetic_fixed	synthetic	syn_002334	0.00676985131577
synthetic_fixed	synthetic	syn_002335	0.00889707170427
synthetic_fixed	synthetic	syn_002336	0.00651785358787
synthetic_fixed	synthetic	syn_002337	0.0040127155371
synthetic_fixed	synthetic	syn_002338	0.00734477397054
synthetic_fixed	synthetic	syn_002339	0.00602010823786
synthetic_fixed	synthetic	syn_002340	0.00929326750338
synthetic_fixed	synthetic	syn_002341	0.00744107924402
synthetic_fixed	synthetic	syn_002342	0.0072310580872
synthetic_fixed	synthetic	syn_002343	0.00848245248199
synthetic_fixed	synthetic	syn_002344	0.00692365784198
synthetic_fixed	synthetic	syn_002345	0.00590291852131
synthetic_fixed	synthetic	syn_002346	0.00451457547024
synthetic_fixed	synthetic	syn_002347	0.0104098236188
synthetic_fixed	synthetic	syn_002348	0.00872380193323
synthetic_fixed	synthetic	syn_002349	0.00585444131866
synthetic_fixed	synthetic	syn_002350	0.0040124678053
synthetic_fixed	synthetic	syn_002351	0.0069862944074
synthetic_fixed	synthetic	syn_002352	0.0104110874236
synthetic_fixed	synthetic	syn_002353	0.00610804231837
synthetic_fixed	synthetic	syn_002354	0.00750507321209
synthetic_fixed	synthetic	syn_002355	0.00902351737022
synthetic_fixed	synthetic	syn_002356	0.00725448457524
synthetic_fixed	synthetic	syn_002357	0.00705559039488
synthetic_fixed	synthetic	syn_002358	0.00390237523243
synthetic_fixed	synthetic	syn_002359	0.00549426116049
synthetic_fixed	synthetic	syn_002360	0.00803751498461
synthetic_fixed	synthetic	syn_002361	0.00904606375843
synthetic_fixed	synthetic	syn_002362	0.00599092012271
synthetic_fixed	synthetic	syn_002363	0.00611095596105
synthetic_fixed	synthetic	syn_002364	0.00729979109019
synthetic_fixed	synthetic	syn_002365	0.00803708098829
synthetic_fixed	synthetic	syn_002366	0.00917504634708
synthetic_fixed	synthetic	syn_002367	0.00670806178823
synthetic_fixed	synthetic	syn_002368	0.0109195206314
synthetic_fixed	synthetic	syn_002369	0.0104803806171
synthetic_fixed	synthetic	syn_002370	0.00546976178885
synthetic_fixed	synthetic	syn_002371	0.0115354992449
synthetic_fixed	synthetic	syn_002372	0.00767978606746
synthetic_fixed	synthetic	syn_002373	0.0073381816037
synthetic_fixed	synthetic	syn_002374	0.00786271505058
synthetic_fixed	synthetic	syn_002375	0.00877882912755
synthetic_fixed	synthetic	syn_002376	0.0108619295061
synthetic_fixed	synthetic	syn_002377	0.00614507868886
synthetic_fixed	synthetic	syn_002378	0.00375156337395
synthetic_fixed	synthetic	syn_002379	0.00925807841122
synthetic_fixed	synthetic	syn_002380	0.00605454109609
synthetic_fixed	synthetic	syn_002381	0.00850263610482
synthetic_fixed	synthetic	syn_002382	0.0085779838264
synthetic_fixed	synthetic	syn_002383	0.00505818799138
synthetic_fixed	synthetic	syn_002384	0.00681100878865
synthetic_fixed	synthetic	syn_002385	0.00726809166372
synthetic_fixed	synthetic	syn_002386	0.00792488642037
synthetic_fixed	synthetic	syn_002387	0.00475504202768
synthetic_fixed	synthetic	syn_002388	0.0117670558393
synthetic_fixed	synthetic	syn_002389	0.00656632706523
synthetic_fixed	synthetic	syn_002390	0.0054877367802
synthetic_fixed	synthetic	syn_002391	0.0113560073078
synthetic_fixed	synthetic	syn_002392	0.0108666028827
synthetic_fixed	synthetic	syn_002393	0.00751091446728
synthetic_fixed	synthetic	syn_002394	0.00584553414956
synthetic_fixed	synthetic	syn_002395	0.00822586379945
synthetic_fixed	synthetic	syn_002396	0.00912242662162
synthetic_fixed	synthetic	syn_002397	0.00444658333436
synthetic_fixed	synthetic	syn_002398	0.00486904010177
synthetic_fixed	synthetic	syn_002399	0.0102930450812
synthetic_fixed	synthetic	syn_002400	0.00614229217172
synthetic_fixed	synthetic	syn_002401	0.00644324626774
synthetic_fixed	synthetic	syn_002402	0.00861225090921
synthetic_fixed	synthetic	syn_002403	0.00849933736026
synthetic_fixed	synthetic	syn_002404	0.00562274409458
synthetic_fixed	synthetic	syn_002405	0.00599768199027
synthetic_fixed	synthetic	syn_002406	0.0058186352253
synthetic_fixed	synthetic	syn_002407	0.00861367769539
synthetic_fixed	synthetic	syn_002408	0.00663386750966
synthetic_fixed	synthetic	syn_002409	0.00599860865623
synthetic_fixed	synthetic	syn_002410	0.00564080430195
synthetic_fixed	synthetic	syn_002411	0.00910580903292
synthetic_fixed	synthetic	syn_002412	0.00660737045109
synthetic_fixed	synthetic	syn_002413	0.00453005358577
synthetic_fixed	synthetic	syn_002414	0.00562137551606
synthetic_fixed	synthetic	syn_002415	0.00840817764401
synthetic_fixed	synthetic	syn_002416	0.00744466017932
synthetic_fixed	synthetic	syn_002417	0.00954608246684
synthetic_fixed	synthetic	syn_002418	0.00667114835232
synthetic_fixed	synthetic	syn_002419	0.00907585583627
synthetic_fixed	synthetic	syn_002420	0.00581361167133
synthetic_fixed	synthetic	syn_002421	0.00411540456116
synthetic_fixed	synthetic	syn_002422	0.00855266489089
synthetic_fixed	synthetic	syn_002423	0.00616375124082
synthetic_fixed	synthetic	syn_002424	0.00775764882565
synthetic_fixed	synthetic	syn_002425	0.00674401130527
synthetic_fixed	synthetic	syn_002426	0.0055326661095
synthetic_fixed	synthetic	syn_002427	0.010459668003
synthetic_fixed	synthetic	syn_002428	0.00510839559138
synthetic_fixed	synthetic	syn_002429	0.00529411993921
synthetic_fixed	synthetic	syn_002430	0.00514121865854
synthetic_fixed	synthetic	syn_002431	0.00619295425713
synthetic_fixed	synthetic	syn_002432	0.00655401218683
synthetic_fixed	synthetic	syn_002433	0.00696516036987
synthetic_fixed	synthetic	syn_002434	0.00522807752714
synthetic_fixed	synthetic	syn_002435	0.00685409456491
synthetic_fixed	synthetic	syn_002436	0.00719673279673
synthetic_fixed	synthetic	syn_002437	0.00926085561514
synthetic_fixed	synthetic	syn_002438	0.0047298008576
synthetic_fixed	synthetic	syn_002439	0.00910867378116
synthetic_fixed	synthetic	syn_002440	0.00416140817106
synthetic_fixed	synthetic	syn_002441	0.00880453083664
synthetic_fixed	synthetic	syn_002442	0.00818018242717
synthetic_fixed	synthetic	syn_002443	0.00798823963851
synthetic_fixed	synthetic	syn_002444	0.00663021067157
synthetic_fixed	synthetic	syn_002445	0.0101494053379
synthetic_fixed	synthetic	syn_002446	0.00522487610579
synthetic_fixed	synthetic	syn_002447	0.0067996843718
synthetic_fixed	synthetic	syn_002448	0.0104168904945
synthetic_fixed	synthetic	syn_002449	0.00380557845347
synthetic_fixed	synthetic	syn_002450	0.0105897421017
synthetic_fixed	synthetic	syn_002451	0.0044978838414
synthetic_fixed	synthetic	syn_002452	0.00704997498542
synthetic_fixed	synthetic	syn_002453	0.00716591905802
synthetic_fixed	synthetic	syn_002454	0.0109716337174
synthetic_fixed	synthetic	syn_002455	0.00813760049641
synthetic_fixed	synthetic	syn_002456	0.00993211381137
synthetic_fixed	synthetic	syn_002457	0.0115158539265
synthetic_fixed	synthetic	syn_002458	0.0112529359758
synthetic_fixed	synthetic	syn_002459	0.00795632880181
synthetic_fixed	synthetic	syn_002460	0.00597188388929
synthetic_fixed	synthetic	syn_002461	0.0129462564364
synthetic_fixed	synthetic	syn_002462	0.00498193781823
synthetic_fixed	synthetic	syn_002463	0.0101308915764
synthetic_fixed	synthetic	syn_002464	0.0048771398142
synthetic_fixed	synthetic	syn_002465	0.00786682125181
synthetic_fixed	synthetic	syn_002466	0.00536925718188
synthetic_fixed	synthetic	syn_002467	0.0114538222551
synthetic_fixed	synthetic	syn_002468	0.00473214592785
synthetic_fixed	synthetic	syn_002469	0.00652677798644
synthetic_fixed	synthetic	syn_002470	0.0169807896018
synthetic_fixed	synthetic	syn_002471	0.00809782650322
synthetic_fixed	synthetic	syn_002472	0.0053431247361
synthetic_fixed	synthetic	syn_002473	0.00820731185377
synthetic_fixed	synthetic	syn_002474	0.00742071727291
synthetic_fixed	synthetic	syn_002475	0.00582781992853
synthetic_fixed	synthetic	syn_002476	0.00612544175237
synthetic_fixed	synthetic	syn_002477	0.00569157674909
synthetic_fixed	synthetic	syn_002478	0.00869627390057
synthetic_fixed	synthetic	syn_002479	0.00954372435808
synthetic_fixed	synthetic	syn_002480	0.00519176851958
synthetic_fixed	synthetic	syn_002481	0.00774665176868
synthetic_fixed	synthetic	syn_002482	0.00520433206111
synthetic_fixed	synthetic	syn_002483	0.00491673499346
synthetic_fixed	synthetic	syn_002484	0.00654209079221
synthetic_fixed	synthetic	syn_002485	0.0122175272554
synthetic_fixed	synthetic	syn_002486	0.00622499082237
synthetic_fixed	synthetic	syn_002487	0.00670218560845
synthetic_fixed	synthetic	syn_002488	0.00918853934854
synthetic_fixed	synthetic	syn_002489	0.00743406219408
synthetic_fixed	synthetic	syn_002490	0.0109176151454
synthetic_fixed	synthetic	syn_002491	0.00733311055228
synthetic_fixed	synthetic	syn_002492	0.0104370340705
synthetic_fixed	synthetic	syn_002493	0.0122175486758
synthetic_fixed	synthetic	syn_002494	0.00619468837976
synthetic_fixed	synthetic	syn_002495	0.00828033871949
synthetic_fixed	synthetic	syn_002496	0.0118150431663
synthetic_fixed	synthetic	syn_002497	0.00830527581275
synthetic_fixed	synthetic	syn_002498	0.00990652106702
synthetic_fixed	synthetic	syn_002499	0.00564686767757
synthetic_fixed	synthetic	syn_002500	0.00971720833331
synthetic_fixed	synthetic	syn_002501	0.00779479788616
synthetic_fixed	synthetic	syn_002502	0.00650299526751
synthetic_fixed	synthetic	syn_002503	0.00748086161911
synthetic_fixed	synthetic	syn_002504	0.00520964758471
synthetic_fixed	synthetic	syn_002505	0.00419804640114
synthetic_fixed	synthetic	syn_002506	0.00927645899355
synthetic_fixed	synthetic	syn_002507	0.00989323481917
synthetic_fixed	synthetic	syn_002508	0.00694245751947
synthetic_fixed	synthetic	syn_002509	0.00530730001628
synthetic_fixed	synthetic	syn_002510	0.00538660027087
synthetic_fixed	synthetic	syn_002511	0.00439430773258
synthetic_fixed	synthetic	syn_002512	0.00678098527715
synthetic_fixed	synthetic	syn_002513	0.0093161733821
synthetic_fixed	synthetic	syn_002514	0.00633478350937
synthetic_fixed	synthetic	syn_002515	0.00666939187795
synthetic_fixed	synthetic	syn_002516	0.00747774541378
synthetic_fixed	synthetic	syn_002517	0.0056729381904
synthetic_fixed	synthetic	syn_002518	0.00573338381946
synthetic_fixed	synthetic	syn_002519	0.0170475635678
synthetic_fixed	synthetic	syn_002520	0.00754745863378
synthetic_fixed	synthetic	syn_002521	0.0062653850764
synthetic_fixed	synthetic	syn_002522	0.0123703591526
synthetic_fixed	synthetic	syn_002523	0.00886434968561
synthetic_fixed	synthetic	syn_002524	0.005665268749
synthetic_fixed	synthetic	syn_002525	0.00586238317192
synthetic_fixed	synthetic	syn_002526	0.0122256632894
synthetic_fixed	synthetic	syn_002527	0.00602588988841
synthetic_fixed	synthetic	syn_002528	0.00696124788374
synthetic_fixed	synthetic	syn_002529	0.00721137877554
synthetic_fixed	synthetic	syn_002530	0.0059871529229
synthetic_fixed	synthetic	syn_002531	0.00818272121251
synthetic_fixed	synthetic	syn_002532	0.010022463277
synthetic_fixed	synthetic	syn_002533	0.00728018488735
synthetic_fixed	synthetic	syn_002534	0.00623237900436
synthetic_fixed	synthetic	syn_002535	0.00593548407778
synthetic_fixed	synthetic	syn_002536	0.00944747217
synthetic_fixed	synthetic	syn_002537	0.0111377974972
synthetic_fixed	synthetic	syn_002538	0.00807038322091
synthetic_fixed	synthetic	syn_002539	0.00693584838882
synthetic_fixed	synthetic	syn_002540	0.00906116329134
synthetic_fixed	synthetic	syn_002541	0.00682555465028
synthetic_fixed	synthetic	syn_002542	0.00584698468447
synthetic_fixed	synthetic	syn_002543	0.00751827890053
synthetic_fixed	synthetic	syn_002544	0.00622051209211
synthetic_fixed	synthetic	syn_002545	0.00743330363184
synthetic_fixed	synthetic	syn_002546	0.00525935180485
synthetic_fixed	synthetic	syn_002547	0.00654677953571
synthetic_fixed	synthetic	syn_002548	0.0105920257047
synthetic_fixed	synthetic	syn_002549	0.00543792033568
synthetic_fixed	synthetic	syn_002550	0.0114622367546
synthetic_fixed	synthetic	syn_002551	0.0101017253473
synthetic_fixed	synthetic	syn_002552	0.0237266272306
synthetic_fixed	synthetic	syn_002553	0.00616699364036
synthetic_fixed	synthetic	syn_002554	0.00632574036717
synthetic_fixed	synthetic	syn_002555	0.00622271932662
synthetic_fixed	synthetic	syn_002556	0.0111646670848
synthetic_fixed	synthetic	syn_002557	0.00809403136373
synthetic_fixed	synthetic	syn_002558	0.01381499134
synthetic_fixed	synthetic	syn_002559	0.00874904543161
synthetic_fixed	synthetic	syn_002560	0.0076506040059
synthetic_fixed	synthetic	syn_002561	0.00934026762843
synthetic_fixed	synthetic	syn_002562	0.010129689239
synthetic_fixed	synthetic	syn_002563	0.0105539793149
synthetic_fixed	synthetic	syn_002564	0.00897829327732
synthetic_fixed	synthetic	syn_002565	0.00854182057083
synthetic_fixed	synthetic	syn_002566	0.00581088103354
synthetic_fixed	synthetic	syn_002567	0.00356198195368
synthetic_fixed	synthetic	syn_002568	0.00656024552882
synthetic_fixed	synthetic	syn_002569	0.00730660185218
synthetic_fixed	synthetic	syn_002570	0.00858016870916
synthetic_fixed	synthetic	syn_002571	0.00891625974327
synthetic_fixed	synthetic	syn_002572	0.00837761629373
synthetic_fixed	synthetic	syn_002573	0.00545003870502
synthetic_fixed	synthetic	syn_002574	0.00861501414329
synthetic_fixed	synthetic	syn_002575	0.0126315094531
synthetic_fixed	synthetic	syn_002576	0.00994374789298
synthetic_fixed	synthetic	syn_002577	0.00647282507271
synthetic_fixed	synthetic	syn_002578	0.00890599936247
synthetic_fixed	synthetic	syn_002579	0.00551296863705
synthetic_fixed	synthetic	syn_002580	0.00715600280091
synthetic_fixed	synthetic	syn_002581	0.00537214428186
synthetic_fixed	synthetic	syn_002582	0.0106449369341
synthetic_fixed	synthetic	syn_002583	0.0075574577786
synthetic_fixed	synthetic	syn_002584	0.00985320843756
synthetic_fixed	synthetic	syn_002585	0.00673917355016
synthetic_fixed	synthetic	syn_002586	0.00897175073624
synthetic_fixed	synthetic	syn_002587	0.00721696903929
synthetic_fixed	synthetic	syn_002588	0.00432337075472
synthetic_fixed	synthetic	syn_002589	0.00435912702233
synthetic_fixed	synthetic	syn_002590	0.0120363393798
synthetic_fixed	synthetic	syn_002591	0.00568186817691
synthetic_fixed	synthetic	syn_002592	0.0105462260544
synthetic_fixed	synthetic	syn_002593	0.00634400732815
synthetic_fixed	synthetic	syn_002594	0.00788067094982
synthetic_fixed	synthetic	syn_002595	0.00465934816748
synthetic_fixed	synthetic	syn_002596	0.00956199131906
synthetic_fixed	synthetic	syn_002597	0.00778915081173
synthetic_fixed	synthetic	syn_002598	0.00634639477357
synthetic_fixed	synthetic	syn_002599	0.00791661813855
synthetic_fixed	synthetic	syn_002600	0.00528775248677
synthetic_fixed	synthetic	syn_002601	0.00717212352902
synthetic_fixed	synthetic	syn_002602	0.00533992238343
synthetic_fixed	synthetic	syn_002603	0.010149108246
synthetic_fixed	synthetic	syn_002604	0.00809553451836
synthetic_fixed	synthetic	syn_002605	0.00409460021183
synthetic_fixed	synthetic	syn_002606	0.00637750467286
synthetic_fixed	synthetic	syn_002607	0.0104327891022
synthetic_fixed	synthetic	syn_002608	0.0041834441945
synthetic_fixed	synthetic	syn_002609	0.00486588152125
synthetic_fixed	synthetic	syn_002610	0.00837397668511
synthetic_fixed	synthetic	syn_002611	0.00939981173724
synthetic_fixed	synthetic	syn_002612	0.00574499741197
synthetic_fixed	synthetic	syn_002613	0.0130336629227
synthetic_fixed	synthetic	syn_002614	0.00506561715156
synthetic_fixed	synthetic	syn_002615	0.00710323825479
synthetic_fixed	synthetic	syn_002616	0.00633219815791
synthetic_fixed	synthetic	syn_002617	0.00852612964809
synthetic_fixed	synthetic	syn_002618	0.00589804118499
synthetic_fixed	synthetic	syn_002619	0.0119017530233
synthetic_fixed	synthetic	syn_002620	0.00984886009246
synthetic_fixed	synthetic	syn_002621	0.0088879968971
synthetic_fixed	synthetic	syn_002622	0.00652136653662
synthetic_fixed	synthetic	syn_002623	0.00516279321164
synthetic_fixed	synthetic	syn_002624	0.0166765339673
synthetic_fixed	synthetic	syn_002625	0.00914501212537
synthetic_fixed	synthetic	syn_002626	0.00591951981187
synthetic_fixed	synthetic	syn_002627	0.00681476294994
synthetic_fixed	synthetic	syn_002628	0.00781241571531
synthetic_fixed	synthetic	syn_002629	0.00612183939666
synthetic_fixed	synthetic	syn_002630	0.00885880272835
synthetic_fixed	synthetic	syn_002631	0.00470170611516
synthetic_fixed	synthetic	syn_002632	0.00619841273874
synthetic_fixed	synthetic	syn_002633	0.00647431798279
synthetic_fixed	synthetic	syn_002634	0.0124470982701
synthetic_fixed	synthetic	syn_002635	0.00622744299471
synthetic_fixed	synthetic	syn_002636	0.00912777055055
synthetic_fixed	synthetic	syn_002637	0.0037722629495
synthetic_fixed	synthetic	syn_002638	0.00594262033701
synthetic_fixed	synthetic	syn_002639	0.0115435505286
synthetic_fixed	synthetic	syn_002640	0.00368938734755
synthetic_fixed	synthetic	syn_002641	0.00498865358531
synthetic_fixed	synthetic	syn_002642	0.005465217866
synthetic_fixed	synthetic	syn_002643	0.00333848129958
synthetic_fixed	synthetic	syn_002644	0.0110703362152
synthetic_fixed	synthetic	syn_002645	0.0131342299283
synthetic_fixed	synthetic	syn_002646	0.00533152883872
synthetic_fixed	synthetic	syn_002647	0.00900882668793
synthetic_fixed	synthetic	syn_002648	0.007015472278
synthetic_fixed	synthetic	syn_002649	0.00720441574231
synthetic_fixed	synthetic	syn_002650	0.00518776522949
synthetic_fixed	synthetic	syn_002651	0.00617564748973
synthetic_fixed	synthetic	syn_002652	0.0120305176824
synthetic_fixed	synthetic	syn_002653	0.00430638808757
synthetic_fixed	synthetic	syn_002654	0.00554995425045
synthetic_fixed	synthetic	syn_002655	0.0105283753946
synthetic_fixed	synthetic	syn_002656	0.00811395887285
synthetic_fixed	synthetic	syn_002657	0.0126837603748
synthetic_fixed	synthetic	syn_002658	0.00529356952757
synthetic_fixed	synthetic	syn_002659	0.00333644333296
synthetic_fixed	synthetic	syn_002660	0.00818333867937
synthetic_fixed	synthetic	syn_002661	0.0174117125571
synthetic_fixed	synthetic	syn_002662	0.00724015431479
synthetic_fixed	synthetic	syn_002663	0.0109060257673
synthetic_fixed	synthetic	syn_002664	0.00825633108616
synthetic_fixed	synthetic	syn_002665	0.00542000355199
synthetic_fixed	synthetic	syn_002666	0.00744930654764
synthetic_fixed	synthetic	syn_002667	0.00502139702439
synthetic_fixed	synthetic	syn_002668	0.00543178897351
synthetic_fixed	synthetic	syn_002669	0.0109834158793
synthetic_fixed	synthetic	syn_002670	0.00619854731485
synthetic_fixed	synthetic	syn_002671	0.00623773830011
synthetic_fixed	synthetic	syn_002672	0.00806339923292
synthetic_fixed	synthetic	syn_002673	0.00681962678209
synthetic_fixed	synthetic	syn_002674	0.00794871989638
synthetic_fixed	synthetic	syn_002675	0.0052169887349
synthetic_fixed	synthetic	syn_002676	0.00825379602611
synthetic_fixed	synthetic	syn_002677	0.00439398176968
synthetic_fixed	synthetic	syn_002678	0.00802530255169
synthetic_fixed	synthetic	syn_002679	0.00527340639383
synthetic_fixed	synthetic	syn_002680	0.0100507941097
synthetic_fixed	synthetic	syn_002681	0.0115234069526
synthetic_fixed	synthetic	syn_002682	0.00457390397787
synthetic_fixed	synthetic	syn_002683	0.00515471305698
synthetic_fixed	synthetic	syn_002684	0.00766150094569
synthetic_fixed	synthetic	syn_002685	0.00670004729182
synthetic_fixed	synthetic	syn_002686	0.00566517049447
synthetic_fixed	synthetic	syn_002687	0.00723983813077
synthetic_fixed	synthetic	syn_002688	0.00723015610129
synthetic_fixed	synthetic	syn_002689	0.00775250699371
synthetic_fixed	synthetic	syn_002690	0.00579297542572
synthetic_fixed	synthetic	syn_002691	0.00591783272102
synthetic_fixed	synthetic	syn_002692	0.00457509513944
synthetic_fixed	synthetic	syn_002693	0.00507350172848
synthetic_fixed	synthetic	syn_002694	0.00926952715963
synthetic_fixed	synthetic	syn_002695	0.00485662184656
synthetic_fixed	synthetic	syn_002696	0.0087833693251
synthetic_fixed	synthetic	syn_002697	0.00917344074696
synthetic_fixed	synthetic	syn_002698	0.00651328125969
synthetic_fixed	synthetic	syn_002699	0.00592385884374
synthetic_fixed	synthetic	syn_002700	0.00911536440253
synthetic_fixed	synthetic	syn_002701	0.00893874838948
synthetic_fixed	synthetic	syn_002702	0.00700419209898
synthetic_fixed	synthetic	syn_002703	0.0130403488874
synthetic_fixed	synthetic	syn_002704	0.0040489891544
synthetic_fixed	synthetic	syn_002705	0.00504659255967
synthetic_fixed	synthetic	syn_002706	0.00601793034002
synthetic_fixed	synthetic	syn_002707	0.00955595634878
synthetic_fixed	synthetic	syn_002708	0.00868112314492
synthetic_fixed	synthetic	syn_002709	0.00484678801149
synthetic_fixed	synthetic	syn_002710	0.0105798672885
synthetic_fixed	synthetic	syn_002711	0.00804468616843
synthetic_fixed	synthetic	syn_002712	0.00596651248634
synthetic_fixed	synthetic	syn_002713	0.00443994812667
synthetic_fixed	synthetic	syn_002714	0.0096206991002
synthetic_fixed	synthetic	syn_002715	0.00551080144942
synthetic_fixed	synthetic	syn_002716	0.00698901154101
synthetic_fixed	synthetic	syn_002717	0.00813655462116
synthetic_fixed	synthetic	syn_002718	0.00542396027595
synthetic_fixed	synthetic	syn_002719	0.00426028296351
synthetic_fixed	synthetic	syn_002720	0.00866803154349
synthetic_fixed	synthetic	syn_002721	0.0102485921234
synthetic_fixed	synthetic	syn_002722	0.00808863528073
synthetic_fixed	synthetic	syn_002723	0.00754950288683
synthetic_fixed	synthetic	syn_002724	0.00797285698354
synthetic_fixed	synthetic	syn_002725	0.0048512998037
synthetic_fixed	synthetic	syn_002726	0.0084822550416
synthetic_fixed	synthetic	syn_002727	0.00602751411498
synthetic_fixed	synthetic	syn_002728	0.00978428032249
synthetic_fixed	synthetic	syn_002729	0.0073188082315
synthetic_fixed	synthetic	syn_002730	0.00555854104459
synthetic_fixed	synthetic	syn_002731	0.00642850669101
synthetic_fixed	synthetic	syn_002732	0.00547025725245
synthetic_fixed	synthetic	syn_002733	0.00778620271012
synthetic_fixed	synthetic	syn_002734	0.00600737240165
synthetic_fixed	synthetic	syn_002735	0.00815360900015
synthetic_fixed	synthetic	syn_002736	0.00945845711976
synthetic_fixed	synthetic	syn_002737	0.00727262347937
synthetic_fixed	synthetic	syn_002738	0.00665561296046
synthetic_fixed	synthetic	syn_002739	0.00731499586254
synthetic_fixed	synthetic	syn_002740	0.00936174113303
synthetic_fixed	synthetic	syn_002741	0.00530573958531
synthetic_fixed	synthetic	syn_002742	0.020187664777
synthetic_fixed	synthetic	syn_002743	0.00663357228041
synthetic_fixed	synthetic	syn_002744	0.00666539836675
synthetic_fixed	synthetic	syn_002745	0.00526658631861
synthetic_fixed	synthetic	syn_002746	0.0134917702526
synthetic_fixed	synthetic	syn_002747	0.00941133126616
synthetic_fixed	synthetic	syn_002748	0.00723922764882
synthetic_fixed	synthetic	syn_002749	0.00684202834964
synthetic_fixed	synthetic	syn_002750	0.00615754071623
synthetic_fixed	synthetic	syn_002751	0.00848657824099
synthetic_fixed	synthetic	syn_002752	0.00615070946515
synthetic_fixed	synthetic	syn_002753	0.0101474002004
synthetic_fixed	synthetic	syn_002754	0.00916332472116
synthetic_fixed	synthetic	syn_002755	0.00335361016914
synthetic_fixed	synthetic	syn_002756	0.00974723137915
synthetic_fixed	synthetic	syn_002757	0.00674415845424
synthetic_fixed	synthetic	syn_002758	0.013745514676
synthetic_fixed	synthetic	syn_002759	0.00613691844046
synthetic_fixed	synthetic	syn_002760	0.00626942515373
synthetic_fixed	synthetic	syn_002761	0.00579315889627
synthetic_fixed	synthetic	syn_002762	0.00834221299738
synthetic_fixed	synthetic	syn_002763	0.00770112173632
synthetic_fixed	synthetic	syn_002764	0.00696182344109
synthetic_fixed	synthetic	syn_002765	0.00554930558428
synthetic_fixed	synthetic	syn_002766	0.00864663161337
synthetic_fixed	synthetic	syn_002767	0.00461714994162
synthetic_fixed	synthetic	syn_002768	0.00879109278321
synthetic_fixed	synthetic	syn_002769	0.00537149980664
synthetic_fixed	synthetic	syn_002770	0.00752536114305
synthetic_fixed	synthetic	syn_002771	0.00678531080484
synthetic_fixed	synthetic	syn_002772	0.0052204914391
synthetic_fixed	synthetic	syn_002773	0.00616776524112
synthetic_fixed	synthetic	syn_002774	0.00544604565948
synthetic_fixed	synthetic	syn_002775	0.0131059102714
synthetic_fixed	synthetic	syn_002776	0.00560139026493
synthetic_fixed	synthetic	syn_002777	0.00591601897031
synthetic_fixed	synthetic	syn_002778	0.0104291252792
synthetic_fixed	synthetic	syn_002779	0.0077545857057
synthetic_fixed	synthetic	syn_002780	0.00689487811178
synthetic_fixed	synthetic	syn_002781	0.0120127759874
synthetic_fixed	synthetic	syn_002782	0.0127143505961
synthetic_fixed	synthetic	syn_002783	0.0103489812464
synthetic_fixed	synthetic	syn_002784	0.00531060062349
synthetic_fixed	synthetic	syn_002785	0.00478979479522
synthetic_fixed	synthetic	syn_002786	0.00696491170675
synthetic_fixed	synthetic	syn_002787	0.00732143782079
synthetic_fixed	synthetic	syn_002788	0.00567058008164
synthetic_fixed	synthetic	syn_002789	0.0110260648653
synthetic_fixed	synthetic	syn_002790	0.0193791016936
synthetic_fixed	synthetic	syn_002791	0.00830467883497
synthetic_fixed	synthetic	syn_002792	0.00403250334784
synthetic_fixed	synthetic	syn_002793	0.0074948258698
synthetic_fixed	synthetic	syn_002794	0.00708403624594
synthetic_fixed	synthetic	syn_002795	0.0146280247718
synthetic_fixed	synthetic	syn_002796	0.00724781630561
synthetic_fixed	synthetic	syn_002797	0.0084709264338
synthetic_fixed	synthetic	syn_002798	0.00600846018642
synthetic_fixed	synthetic	syn_002799	0.00775582250208
synthetic_fixed	synthetic	syn_002800	0.0148879960179
synthetic_fixed	synthetic	syn_002801	0.00603184569627
synthetic_fixed	synthetic	syn_002802	0.00891083665192
synthetic_fixed	synthetic	syn_002803	0.00771505339071
synthetic_fixed	synthetic	syn_002804	0.00672286329791
synthetic_fixed	synthetic	syn_002805	0.00828559044749
synthetic_fixed	synthetic	syn_002806	0.0041237892583
synthetic_fixed	synthetic	syn_002807	0.00621104054153
synthetic_fixed	synthetic	syn_002808	0.00864656176418
synthetic_fixed	synthetic	syn_002809	0.00672949710861
synthetic_fixed	synthetic	syn_002810	0.00878624245524
synthetic_fixed	synthetic	syn_002811	0.00498107634485
synthetic_fixed	synthetic	syn_002812	0.0149101605639
synthetic_fixed	synthetic	syn_002813	0.00618797633797
synthetic_fixed	synthetic	syn_002814	0.00932668335736
synthetic_fixed	synthetic	syn_002815	0.00493796542287
synthetic_fixed	synthetic	syn_002816	0.0129973422736
synthetic_fixed	synthetic	syn_002817	0.00829809717834
synthetic_fixed	synthetic	syn_002818	0.00676196021959
synthetic_fixed	synthetic	syn_002819	0.00937697477639
synthetic_fixed	synthetic	syn_002820	0.0108313271776
synthetic_fixed	synthetic	syn_002821	0.00570198893547
synthetic_fixed	synthetic	syn_002822	0.00466155260801
synthetic_fixed	synthetic	syn_002823	0.0068396567367
synthetic_fixed	synthetic	syn_002824	0.00876165367663
synthetic_fixed	synthetic	syn_002825	0.00764472968876
synthetic_fixed	synthetic	syn_002826	0.00662261433899
synthetic_fixed	synthetic	syn_002827	0.00468563847244
synthetic_fixed	synthetic	syn_002828	0.00687270145863
synthetic_fixed	synthetic	syn_002829	0.0234574601054
synthetic_fixed	synthetic	syn_002830	0.0147641003132
synthetic_fixed	synthetic	syn_002831	0.00855477713048
synthetic_fixed	synthetic	syn_002832	0.00645120814443
synthetic_fixed	synthetic	syn_002833	0.0103887636214
synthetic_fixed	synthetic	syn_002834	0.00927008315921
synthetic_fixed	synthetic	syn_002835	0.00439022108912
synthetic_fixed	synthetic	syn_002836	0.00615970417857
synthetic_fixed	synthetic	syn_002837	0.00637993589044
synthetic_fixed	synthetic	syn_002838	0.00731807015836
synthetic_fixed	synthetic	syn_002839	0.0125828217715
synthetic_fixed	synthetic	syn_002840	0.00502478517592
synthetic_fixed	synthetic	syn_002841	0.00714599620551
synthetic_fixed	synthetic	syn_002842	0.00961759034544
synthetic_fixed	synthetic	syn_002843	0.0105450125411
synthetic_fixed	synthetic	syn_002844	0.0113309370354
synthetic_fixed	synthetic	syn_002845	0.00747521221638
synthetic_fixed	synthetic	syn_002846	0.00712191592902
synthetic_fixed	synthetic	syn_002847	0.00680300081149
synthetic_fixed	synthetic	syn_002848	0.0115127116442
synthetic_fixed	synthetic	syn_002849	0.00527369882911
synthetic_fixed	synthetic	syn_002850	0.00714187417179
synthetic_fixed	synthetic	syn_002851	0.00933801755309
synthetic_fixed	synthetic	syn_002852	0.00883514992893
synthetic_fixed	synthetic	syn_002853	0.00984618067741
synthetic_fixed	synthetic	syn_002854	0.00831535365433
synthetic_fixed	synthetic	syn_002855	0.00915306340903
synthetic_fixed	synthetic	syn_002856	0.0163314361125
synthetic_fixed	synthetic	syn_002857	0.00978365261108
synthetic_fixed	synthetic	syn_002858	0.0121328001842
synthetic_fixed	synthetic	syn_002859	0.00738109555095
synthetic_fixed	synthetic	syn_002860	0.00465158978477
synthetic_fixed	synthetic	syn_002861	0.00345445470884
synthetic_fixed	synthetic	syn_002862	0.0151887312531
synthetic_fixed	synthetic	syn_002863	0.00894279778004
synthetic_fixed	synthetic	syn_002864	0.00625069392845
synthetic_fixed	synthetic	syn_002865	0.00520287454128
synthetic_fixed	synthetic	syn_002866	0.00860914308578
synthetic_fixed	synthetic	syn_002867	0.00762320682406
synthetic_fixed	synthetic	syn_002868	0.00544494949281
synthetic_fixed	synthetic	syn_002869	0.00360372802243
synthetic_fixed	synthetic	syn_002870	0.0062771756202
synthetic_fixed	synthetic	syn_002871	0.00670709833503
synthetic_fixed	synthetic	syn_002872	0.00737118069082
synthetic_fixed	synthetic	syn_002873	0.00462448364124
synthetic_fixed	synthetic	syn_002874	0.00998710934073
synthetic_fixed	synthetic	syn_002875	0.0100314803421
synthetic_fixed	synthetic	syn_002876	0.0037799931597
synthetic_fixed	synthetic	syn_002877	0.00545345619321
synthetic_fixed	synthetic	syn_002878	0.00626969942823
synthetic_fixed	synthetic	syn_002879	0.0124213751405
synthetic_fixed	synthetic	syn_002880	0.00302957324311
synthetic_fixed	synthetic	syn_002881	0.0109044024721
synthetic_fixed	synthetic	syn_002882	0.00365424691699
synthetic_fixed	synthetic	syn_002883	0.00912866555154
synthetic_fixed	synthetic	syn_002884	0.00868748873472
synthetic_fixed	synthetic	syn_002885	0.00548509322107
synthetic_fixed	synthetic	syn_002886	0.00966580677778
synthetic_fixed	synthetic	syn_002887	0.00858230795711
synthetic_fixed	synthetic	syn_002888	0.00551754469052
synthetic_fixed	synthetic	syn_002889	0.00730358948931
synthetic_fixed	synthetic	syn_002890	0.0114197432995
synthetic_fixed	synthetic	syn_002891	0.0117904022336
synthetic_fixed	synthetic	syn_002892	0.012050839141
synthetic_fixed	synthetic	syn_002893	0.00423255749047
synthetic_fixed	synthetic	syn_002894	0.00501727312803
synthetic_fixed	synthetic	syn_002895	0.00452068261802
synthetic_fixed	synthetic	syn_002896	0.00682352203876
synthetic_fixed	synthetic	syn_002897	0.00754170957953
synthetic_fixed	synthetic	syn_002898	0.00615875562653
synthetic_fixed	synthetic	syn_002899	0.00619305949658
synthetic_fixed	synthetic	syn_002900	0.00667661940679
synthetic_fixed	synthetic	syn_002901	0.00900601688772
synthetic_fixed	synthetic	syn_002902	0.00899732578546
synthetic_fixed	synthetic	syn_002903	0.0116146281362
synthetic_fixed	synthetic	syn_002904	0.0099196350202
synthetic_fixed	synthetic	syn_002905	0.00612990930676
synthetic_fixed	synthetic	syn_002906	0.00875644572079
synthetic_fixed	synthetic	syn_002907	0.00905117578804
synthetic_fixed	synthetic	syn_002908	0.00702935410663
synthetic_fixed	synthetic	syn_002909	0.00721094245091
synthetic_fixed	synthetic	syn_002910	0.0056072967127
synthetic_fixed	synthetic	syn_002911	0.0107478331774
synthetic_fixed	synthetic	syn_002912	0.00382565241307
synthetic_fixed	synthetic	syn_002913	0.00883970595896
synthetic_fixed	synthetic	syn_002914	0.0126048177481
synthetic_fixed	synthetic	syn_002915	0.00752796418965
synthetic_fixed	synthetic	syn_002916	0.00742602767423
synthetic_fixed	synthetic	syn_002917	0.00572270527482
synthetic_fixed	synthetic	syn_002918	0.00708157848567
synthetic_fixed	synthetic	syn_002919	0.00444875098765
synthetic_fixed	synthetic	syn_002920	0.00812316592783
synthetic_fixed	synthetic	syn_002921	0.00666187796742
synthetic_fixed	synthetic	syn_002922	0.0114088095725
synthetic_fixed	synthetic	syn_002923	0.00917656999081
synthetic_fixed	synthetic	syn_002924	0.00549090001732
synthetic_fixed	synthetic	syn_002925	0.00629774387926
synthetic_fixed	synthetic	syn_002926	0.005969687365
synthetic_fixed	synthetic	syn_002927	0.00684307003394
synthetic_fixed	synthetic	syn_002928	0.00593254389241
synthetic_fixed	synthetic	syn_002929	0.0117540527135
synthetic_fixed	synthetic	syn_002930	0.0107807470486
synthetic_fixed	synthetic	syn_002931	0.00712331430987
synthetic_fixed	synthetic	syn_002932	0.00608141999692
synthetic_fixed	synthetic	syn_002933	0.00975992158055
synthetic_fixed	synthetic	syn_002934	0.00454727839679
synthetic_fixed	synthetic	syn_002935	0.007220284082
synthetic_fixed	synthetic	syn_002936	0.0092013059184
synthetic_fixed	synthetic	syn_002937	0.0074088270776
synthetic_fixed	synthetic	syn_002938	0.00622800458223
synthetic_fixed	synthetic	syn_002939	0.0109138740227
synthetic_fixed	synthetic	syn_002940	0.00924343988299
synthetic_fixed	synthetic	syn_002941	0.00870766211301
synthetic_fixed	synthetic	syn_002942	0.0188427511603
synthetic_fixed	synthetic	syn_002943	0.0046637034975
synthetic_fixed	synthetic	syn_002944	0.00578212970868
synthetic_fixed	synthetic	syn_002945	0.00557204568759
synthetic_fixed	synthetic	syn_002946	0.00976733677089
synthetic_fixed	synthetic	syn_002947	0.00893821194768
synthetic_fixed	synthetic	syn_002948	0.00528330495581
synthetic_fixed	synthetic	syn_002949	0.00667625013739
synthetic_fixed	synthetic	syn_002950	0.00770726148039
synthetic_fixed	synthetic	syn_002951	0.00613236241043
synthetic_fixed	synthetic	syn_002952	0.00688326871023
synthetic_fixed	synthetic	syn_002953	0.00361185381189
synthetic_fixed	synthetic	syn_002954	0.00507780443877
synthetic_fixed	synthetic	syn_002955	0.0078072855249
synthetic_fixed	synthetic	syn_002956	0.00531103461981
synthetic_fixed	synthetic	syn_002957	0.0114312693477
synthetic_fixed	synthetic	syn_002958	0.0163774490356
synthetic_fixed	synthetic	syn_002959	0.00634746998549
synthetic_fixed	synthetic	syn_002960	0.00740578956902
synthetic_fixed	synthetic	syn_002961	0.00442871265113
synthetic_fixed	synthetic	syn_002962	0.0050760563463
synthetic_fixed	synthetic	syn_002963	0.0086403824389
synthetic_fixed	synthetic	syn_002964	0.00734511436895
synthetic_fixed	synthetic	syn_002965	0.00481757428497
synthetic_fixed	synthetic	syn_002966	0.00991529598832
synthetic_fixed	synthetic	syn_002967	0.00854225642979
synthetic_fixed	synthetic	syn_002968	0.0070640258491
synthetic_fixed	synthetic	syn_002969	0.00809968076646
synthetic_fixed	synthetic	syn_002970	0.00546611053869
synthetic_fixed	synthetic	syn_002971	0.00620492734015
synthetic_fixed	synthetic	syn_002972	0.00829716492444
synthetic_fixed	synthetic	syn_002973	0.0112033449113
synthetic_fixed	synthetic	syn_002974	0.00663325050846
synthetic_fixed	synthetic	syn_002975	0.00647905282676
synthetic_fixed	synthetic	syn_002976	0.00978611409664
synthetic_fixed	synthetic	syn_002977	0.00667901616544
synthetic_fixed	synthetic	syn_002978	0.00466017983854
synthetic_fixed	synthetic	syn_002979	0.019193045795
synthetic_fixed	synthetic	syn_002980	0.00642641354352
synthetic_fixed	synthetic	syn_002981	0.00862986408174
synthetic_fixed	synthetic	syn_002982	0.0040449956432
synthetic_fixed	synthetic	syn_002983	0.0107898339629
synthetic_fixed	synthetic	syn_002984	0.00986633449793
synthetic_fixed	synthetic	syn_002985	0.00612080143765
synthetic_fixed	synthetic	syn_002986	0.0075407307595
synthetic_fixed	synthetic	syn_002987	0.0069980295375
synthetic_fixed	synthetic	syn_002988	0.00689968280494
synthetic_fixed	synthetic	syn_002989	0.0120122628286
synthetic_fixed	synthetic	syn_002990	0.00514799589291
synthetic_fixed	synthetic	syn_002991	0.0047701774165
synthetic_fixed	synthetic	syn_002992	0.00636114971712
synthetic_fixed	synthetic	syn_002993	0.00457959715277
synthetic_fixed	synthetic	syn_002994	0.00737032108009
synthetic_fixed	synthetic	syn_002995	0.00762852048501
synthetic_fixed	synthetic	syn_002996	0.00453333882615
synthetic_fixed	synthetic	syn_002997	0.00710958382115
synthetic_fixed	synthetic	syn_002998	0.00836754683405
synthetic_fixed	synthetic	syn_002999	0.00576360616833
synthetic_fixed	synthetic	syn_003000	0.00854505971074
synthetic_fixed	synthetic	syn_003001	0.00851908978075
synthetic_fixed	synthetic	syn_003002	0.0101787578315
synthetic_fixed	synthetic	syn_003003	0.00808134116232
synthetic_fixed	synthetic	syn_003004	0.00881515815854
synthetic_fixed	synthetic	syn_003005	0.00810890551656
synthetic_fixed	synthetic	syn_003006	0.00751473288983
synthetic_fixed	synthetic	syn_003007	0.00523597793654
synthetic_fixed	synthetic	syn_003008	0.00415418110788
synthetic_fixed	synthetic	syn_003009	0.0128077752888
synthetic_fixed	synthetic	syn_003010	0.00810201000422
synthetic_fixed	synthetic	syn_003011	0.00844852998853
synthetic_fixed	synthetic	syn_003012	0.00702395569533
synthetic_fixed	synthetic	syn_003013	0.00564233865589
synthetic_fixed	synthetic	syn_003014	0.00623102160171
synthetic_fixed	synthetic	syn_003015	0.00726969540119
synthetic_fixed	synthetic	syn_003016	0.0101868929341
synthetic_fixed	synthetic	syn_003017	0.00789768900722
synthetic_fixed	synthetic	syn_003018	0.00603023497388
synthetic_fixed	synthetic	syn_003019	0.00563358515501
synthetic_fixed	synthetic	syn_003020	0.0111398100853
synthetic_fixed	synthetic	syn_003021	0.0105504784733
synthetic_fixed	synthetic	syn_003022	0.00944976881146
synthetic_fixed	synthetic	syn_003023	0.00728569179773
synthetic_fixed	synthetic	syn_003024	0.0077135884203
synthetic_fixed	synthetic	syn_003025	0.00634481245652
synthetic_fixed	synthetic	syn_003026	0.00413520075381
synthetic_fixed	synthetic	syn_003027	0.00357594783418
synthetic_fixed	synthetic	syn_003028	0.00692194141448
synthetic_fixed	synthetic	syn_003029	0.00697583006695
synthetic_fixed	synthetic	syn_003030	0.00604625837877
synthetic_fixed	synthetic	syn_003031	0.00706293014809
synthetic_fixed	synthetic	syn_003032	0.00706047425047
synthetic_fixed	synthetic	syn_003033	0.00388493319042
synthetic_fixed	synthetic	syn_003034	0.0073667075485
synthetic_fixed	synthetic	syn_003035	0.00748557783663
synthetic_fixed	synthetic	syn_003036	0.00494315195829
synthetic_fixed	synthetic	syn_003037	0.018154554069
synthetic_fixed	synthetic	syn_003038	0.00581843126565
synthetic_fixed	synthetic	syn_003039	0.0074807992205
synthetic_fixed	synthetic	syn_003040	0.00730416877195
synthetic_fixed	synthetic	syn_003041	0.0073479716666
synthetic_fixed	synthetic	syn_003042	0.00661775423214
synthetic_fixed	synthetic	syn_003043	0.0100481864065
synthetic_fixed	synthetic	syn_003044	0.00720635987818
synthetic_fixed	synthetic	syn_003045	0.00812365859747
synthetic_fixed	synthetic	syn_003046	0.00526695232838
synthetic_fixed	synthetic	syn_003047	0.00807177927345
synthetic_fixed	synthetic	syn_003048	0.00681019574404
synthetic_fixed	synthetic	syn_003049	0.0112696103752
synthetic_fixed	synthetic	syn_003050	0.00972020253539
synthetic_fixed	synthetic	syn_003051	0.00734239909798
synthetic_fixed	synthetic	syn_003052	0.0117879658937
synthetic_fixed	synthetic	syn_003053	0.0102237835526
synthetic_fixed	synthetic	syn_003054	0.00512267556041
synthetic_fixed	synthetic	syn_003055	0.00982513278723
synthetic_fixed	synthetic	syn_003056	0.00655465386808
synthetic_fixed	synthetic	syn_003057	0.0103076137602
synthetic_fixed	synthetic	syn_003058	0.00485243229195
synthetic_fixed	synthetic	syn_003059	0.0060460162349
synthetic_fixed	synthetic	syn_003060	0.00840088445693
synthetic_fixed	synthetic	syn_003061	0.0077487481758
synthetic_fixed	synthetic	syn_003062	0.00638091890141
synthetic_fixed	synthetic	syn_003063	0.00754415988922
synthetic_fixed	synthetic	syn_003064	0.00934183225036
synthetic_fixed	synthetic	syn_003065	0.00620356760919
synthetic_fixed	synthetic	syn_003066	0.00562302488834
synthetic_fixed	synthetic	syn_003067	0.00689243106171
synthetic_fixed	synthetic	syn_003068	0.00854175910354
synthetic_fixed	synthetic	syn_003069	0.0117707373574
synthetic_fixed	synthetic	syn_003070	0.00512166880071
synthetic_fixed	synthetic	syn_003071	0.00567698432133
synthetic_fixed	synthetic	syn_003072	0.0103921964765
synthetic_fixed	synthetic	syn_003073	0.0105289090425
synthetic_fixed	synthetic	syn_003074	0.00604640552774
synthetic_fixed	synthetic	syn_003075	0.00871749129146
synthetic_fixed	synthetic	syn_003076	0.00742955319583
synthetic_fixed	synthetic	syn_003077	0.00757728749886
synthetic_fixed	synthetic	syn_003078	0.00532975466922
synthetic_fixed	synthetic	syn_003079	0.00409496901557
synthetic_fixed	synthetic	syn_003080	0.0118486788124
synthetic_fixed	synthetic	syn_003081	0.00640365993604
synthetic_fixed	synthetic	syn_003082	0.00669910293072
synthetic_fixed	synthetic	syn_003083	0.00872889533639
synthetic_fixed	synthetic	syn_003084	0.00666625238955
synthetic_fixed	synthetic	syn_003085	0.0113905407488
synthetic_fixed	synthetic	syn_003086	0.00583042530343
synthetic_fixed	synthetic	syn_003087	0.00619157310575
synthetic_fixed	synthetic	syn_003088	0.00857556052506
synthetic_fixed	synthetic	syn_003089	0.00665395148098
synthetic_fixed	synthetic	syn_003090	0.00998711772263
synthetic_fixed	synthetic	syn_003091	0.00729236751795
synthetic_fixed	synthetic	syn_003092	0.00534948613495
synthetic_fixed	synthetic	syn_003093	0.00941382721066
synthetic_fixed	synthetic	syn_003094	0.00507493456826
synthetic_fixed	synthetic	syn_003095	0.00457218848169
synthetic_fixed	synthetic	syn_003096	0.0128950914368
synthetic_fixed	synthetic	syn_003097	0.00923984777182
synthetic_fixed	synthetic	syn_003098	0.00838524010032
synthetic_fixed	synthetic	syn_003099	0.00893486570567
synthetic_fixed	synthetic	syn_003100	0.00920205377042
synthetic_fixed	synthetic	syn_003101	0.0109398774803
synthetic_fixed	synthetic	syn_003102	0.00690293684602
synthetic_fixed	synthetic	syn_003103	0.0078768869862
synthetic_fixed	synthetic	syn_003104	0.00633377488703
synthetic_fixed	synthetic	syn_003105	0.00937301199883
synthetic_fixed	synthetic	syn_003106	0.00927585177124
synthetic_fixed	synthetic	syn_003107	0.00417894916609
synthetic_fixed	synthetic	syn_003108	0.00970455352217
synthetic_fixed	synthetic	syn_003109	0.00991987809539
synthetic_fixed	synthetic	syn_003110	0.00864055287093
synthetic_fixed	synthetic	syn_003111	0.00775211490691
synthetic_fixed	synthetic	syn_003112	0.00762079656124
synthetic_fixed	synthetic	syn_003113	0.00521132955328
synthetic_fixed	synthetic	syn_003114	0.00482227001339
synthetic_fixed	synthetic	syn_003115	0.00325793307275
synthetic_fixed	synthetic	syn_003116	0.00808062870055
synthetic_fixed	synthetic	syn_003117	0.00527231860906
synthetic_fixed	synthetic	syn_003118	0.00658080819994
synthetic_fixed	synthetic	syn_003119	0.00381548795849
synthetic_fixed	synthetic	syn_003120	0.0117540638894
synthetic_fixed	synthetic	syn_003121	0.00722315488383
synthetic_fixed	synthetic	syn_003122	0.00471330434084
synthetic_fixed	synthetic	syn_003123	0.00543998973444
synthetic_fixed	synthetic	syn_003124	0.00887993350625
synthetic_fixed	synthetic	syn_003125	0.00833902880549
synthetic_fixed	synthetic	syn_003126	0.00712258368731
synthetic_fixed	synthetic	syn_003127	0.00601449655369
synthetic_fixed	synthetic	syn_003128	0.00788929499686
synthetic_fixed	synthetic	syn_003129	0.00783927738667
synthetic_fixed	synthetic	syn_003130	0.00360942515545
synthetic_fixed	synthetic	syn_003131	0.00444997148588
synthetic_fixed	synthetic	syn_003132	0.00638737808913
synthetic_fixed	synthetic	syn_003133	0.0107872718945
synthetic_fixed	synthetic	syn_003134	0.00820343382657
synthetic_fixed	synthetic	syn_003135	0.00747374072671
synthetic_fixed	synthetic	syn_003136	0.00653413217515
synthetic_fixed	synthetic	syn_003137	0.00930598005652
synthetic_fixed	synthetic	syn_003138	0.0055242497474
synthetic_fixed	synthetic	syn_003139	0.0138437915593
synthetic_fixed	synthetic	syn_003140	0.00906608998775
synthetic_fixed	synthetic	syn_003141	0.00831856578588
synthetic_fixed	synthetic	syn_003142	0.00550774671137
synthetic_fixed	synthetic	syn_003143	0.00544607825577
synthetic_fixed	synthetic	syn_003144	0.00659079290926
synthetic_fixed	synthetic	syn_003145	0.016156161204
synthetic_fixed	synthetic	syn_003146	0.00950961839408
synthetic_fixed	synthetic	syn_003147	0.00954901333898
synthetic_fixed	synthetic	syn_003148	0.00719152204692
synthetic_fixed	synthetic	syn_003149	0.00698058027774
synthetic_fixed	synthetic	syn_003150	0.00637986045331
synthetic_fixed	synthetic	syn_003151	0.0100063243881
synthetic_fixed	synthetic	syn_003152	0.00842129159719
synthetic_fixed	synthetic	syn_003153	0.00450615957379
synthetic_fixed	synthetic	syn_003154	0.00701476354152
synthetic_fixed	synthetic	syn_003155	0.00725969392806
synthetic_fixed	synthetic	syn_003156	0.0114563554525
synthetic_fixed	synthetic	syn_003157	0.00901719089597
synthetic_fixed	synthetic	syn_003158	0.00537790777162
synthetic_fixed	synthetic	syn_003159	0.00704746320844
synthetic_fixed	synthetic	syn_003160	0.00812864303589
synthetic_fixed	synthetic	syn_003161	0.00870352610946
synthetic_fixed	synthetic	syn_003162	0.00850885268301
synthetic_fixed	synthetic	syn_003163	0.012137407437
synthetic_fixed	synthetic	syn_003164	0.0131733566523
synthetic_fixed	synthetic	syn_003165	0.00765357445925
synthetic_fixed	synthetic	syn_003166	0.00452954228967
synthetic_fixed	synthetic	syn_003167	0.00627367431298
synthetic_fixed	synthetic	syn_003168	0.0080476179719
synthetic_fixed	synthetic	syn_003169	0.00978859141469
synthetic_fixed	synthetic	syn_003170	0.00825329404324
synthetic_fixed	synthetic	syn_003171	0.0102487737313
synthetic_fixed	synthetic	syn_003172	0.00643475074321
synthetic_fixed	synthetic	syn_003173	0.00843745842576
synthetic_fixed	synthetic	syn_003174	0.0104804923758
synthetic_fixed	synthetic	syn_003175	0.00564151257277
synthetic_fixed	synthetic	syn_003176	0.0045188870281
synthetic_fixed	synthetic	syn_003177	0.00450947275385
synthetic_fixed	synthetic	syn_003178	0.00430812593549
synthetic_fixed	synthetic	syn_003179	0.00822129007429
synthetic_fixed	synthetic	syn_003180	0.00762953562662
synthetic_fixed	synthetic	syn_003181	0.0066404636018
synthetic_fixed	synthetic	syn_003182	0.00652774423361
synthetic_fixed	synthetic	syn_003183	0.00800319109112
synthetic_fixed	synthetic	syn_003184	0.00446436693892
synthetic_fixed	synthetic	syn_003185	0.00669935066253
synthetic_fixed	synthetic	syn_003186	0.0113078225404
synthetic_fixed	synthetic	syn_003187	0.0154323671013
synthetic_fixed	synthetic	syn_003188	0.0160848926753
synthetic_fixed	synthetic	syn_003189	0.00508288713172
synthetic_fixed	synthetic	syn_003190	0.00520754326135
synthetic_fixed	synthetic	syn_003191	0.0100940689445
synthetic_fixed	synthetic	syn_003192	0.0043711643666
synthetic_fixed	synthetic	syn_003193	0.00561468861997
synthetic_fixed	synthetic	syn_003194	0.00803571287543
synthetic_fixed	synthetic	syn_003195	0.00734468363225
synthetic_fixed	synthetic	syn_003196	0.00381934316829
synthetic_fixed	synthetic	syn_003197	0.00584694975987
synthetic_fixed	synthetic	syn_003198	0.00675048446283
synthetic_fixed	synthetic	syn_003199	0.00483974441886
synthetic_fixed	synthetic	syn_003200	0.00822065211833
synthetic_fixed	synthetic	syn_003201	0.00827201642096
synthetic_fixed	synthetic	syn_003202	0.0065948208794
synthetic_fixed	synthetic	syn_003203	0.00499635282904
synthetic_fixed	synthetic	syn_003204	0.00688697118312
synthetic_fixed	synthetic	syn_003205	0.00945764966309
synthetic_fixed	synthetic	syn_003206	0.0065633947961
synthetic_fixed	synthetic	syn_003207	0.008804586716
synthetic_fixed	synthetic	syn_003208	0.00563009176403
synthetic_fixed	synthetic	syn_003209	0.00579135864973
synthetic_fixed	synthetic	syn_003210	0.00773414224386
synthetic_fixed	synthetic	syn_003211	0.00400264328346
synthetic_fixed	synthetic	syn_003212	0.00704145990312
synthetic_fixed	synthetic	syn_003213	0.00931493658572
synthetic_fixed	synthetic	syn_003214	0.0110838636756
synthetic_fixed	synthetic	syn_003215	0.00503563974053
synthetic_fixed	synthetic	syn_003216	0.00506410794333
synthetic_fixed	synthetic	syn_003217	0.0058360574767
synthetic_fixed	synthetic	syn_003218	0.006645899266
synthetic_fixed	synthetic	syn_003219	0.00548374652863
synthetic_fixed	synthetic	syn_003220	0.00758698163554
synthetic_fixed	synthetic	syn_003221	0.0139151103795
synthetic_fixed	synthetic	syn_003222	0.0203404370695
synthetic_fixed	synthetic	syn_003223	0.00597082776949
synthetic_fixed	synthetic	syn_003224	0.00636806990951
synthetic_fixed	synthetic	syn_003225	0.0042347535491
synthetic_fixed	synthetic	syn_003226	0.00728473439813
synthetic_fixed	synthetic	syn_003227	0.0107720168307
synthetic_fixed	synthetic	syn_003228	0.00663404073566
synthetic_fixed	synthetic	syn_003229	0.0085358582437
synthetic_fixed	synthetic	syn_003230	0.00679004751146
synthetic_fixed	synthetic	syn_003231	0.00687861489132
synthetic_fixed	synthetic	syn_003232	0.00485714431852
synthetic_fixed	synthetic	syn_003233	0.00781145785004
synthetic_fixed	synthetic	syn_003234	0.00884385034442
synthetic_fixed	synthetic	syn_003235	0.0110079590231
synthetic_fixed	synthetic	syn_003236	0.00762266851962
synthetic_fixed	synthetic	syn_003237	0.00658649904653
synthetic_fixed	synthetic	syn_003238	0.0109124258161
synthetic_fixed	synthetic	syn_003239	0.00937738455832
synthetic_fixed	synthetic	syn_003240	0.00648158881813
synthetic_fixed	synthetic	syn_003241	0.0183767788112
synthetic_fixed	synthetic	syn_003242	0.00455596577376
synthetic_fixed	synthetic	syn_003243	0.00686726812273
synthetic_fixed	synthetic	syn_003244	0.00733695644885
synthetic_fixed	synthetic	syn_003245	0.0107550881803
synthetic_fixed	synthetic	syn_003246	0.0109706129879
synthetic_fixed	synthetic	syn_003247	0.00791419763118
synthetic_fixed	synthetic	syn_003248	0.00744460243732
synthetic_fixed	synthetic	syn_003249	0.00554761942476
synthetic_fixed	synthetic	syn_003250	0.00648438511416
synthetic_fixed	synthetic	syn_003251	0.0076616066508
synthetic_fixed	synthetic	syn_003252	0.00471791950986
synthetic_fixed	synthetic	syn_003253	0.0127589851618
synthetic_fixed	synthetic	syn_003254	0.00828748848289
synthetic_fixed	synthetic	syn_003255	0.00743195228279
synthetic_fixed	synthetic	syn_003256	0.00753031065688
synthetic_fixed	synthetic	syn_003257	0.00953950826079
synthetic_fixed	synthetic	syn_003258	0.0104286866263
synthetic_fixed	synthetic	syn_003259	0.00669502746314
synthetic_fixed	synthetic	syn_003260	0.00458063650876
synthetic_fixed	synthetic	syn_003261	0.0108842011541
synthetic_fixed	synthetic	syn_003262	0.00733830174431
synthetic_fixed	synthetic	syn_003263	0.00697304680943
synthetic_fixed	synthetic	syn_003264	0.00594309577718
synthetic_fixed	synthetic	syn_003265	0.00731025962159
synthetic_fixed	synthetic	syn_003266	0.00411358615384
synthetic_fixed	synthetic	syn_003267	0.00731736142188
synthetic_fixed	synthetic	syn_003268	0.0107549987733
synthetic_fixed	synthetic	syn_003269	0.0105579774827
synthetic_fixed	synthetic	syn_003270	0.00641475897282
synthetic_fixed	synthetic	syn_003271	0.00541583728045
synthetic_fixed	synthetic	syn_003272	0.00891511980444
synthetic_fixed	synthetic	syn_003273	0.00568890292197
synthetic_fixed	synthetic	syn_003274	0.00746535649523
synthetic_fixed	synthetic	syn_003275	0.00519401673228
synthetic_fixed	synthetic	syn_003276	0.00901304371655
synthetic_fixed	synthetic	syn_003277	0.015045106411
synthetic_fixed	synthetic	syn_003278	0.0052346251905
synthetic_fixed	synthetic	syn_003279	0.00768775027245
synthetic_fixed	synthetic	syn_003280	0.00676490738988
synthetic_fixed	synthetic	syn_003281	0.00800468120724
synthetic_fixed	synthetic	syn_003282	0.00901550799608
synthetic_fixed	synthetic	syn_003283	0.00606217142195
synthetic_fixed	synthetic	syn_003284	0.00623757019639
synthetic_fixed	synthetic	syn_003285	0.00588915962726
synthetic_fixed	synthetic	syn_003286	0.00914411526173
synthetic_fixed	synthetic	syn_003287	0.00615875935182
synthetic_fixed	synthetic	syn_003288	0.0110406149179
synthetic_fixed	synthetic	syn_003289	0.00674948841333
synthetic_fixed	synthetic	syn_003290	0.00903763622046
synthetic_fixed	synthetic	syn_003291	0.0105018336326
synthetic_fixed	synthetic	syn_003292	0.00790415611118
synthetic_fixed	synthetic	syn_003293	0.00834351964295
synthetic_fixed	synthetic	syn_003294	0.00734263006598
synthetic_fixed	synthetic	syn_003295	0.00485467724502
synthetic_fixed	synthetic	syn_003296	0.0129069797695
synthetic_fixed	synthetic	syn_003297	0.00502408947796
synthetic_fixed	synthetic	syn_003298	0.00817167758942
synthetic_fixed	synthetic	syn_003299	0.0034935194999
synthetic_fixed	synthetic	syn_003300	0.0126317394897
synthetic_fixed	synthetic	syn_003301	0.00678031845018
synthetic_fixed	synthetic	syn_003302	0.00791195593774
synthetic_fixed	synthetic	syn_003303	0.0064075072296
synthetic_fixed	synthetic	syn_003304	0.00632257387042
synthetic_fixed	synthetic	syn_003305	0.00780563894659
synthetic_fixed	synthetic	syn_003306	0.0113275628537
synthetic_fixed	synthetic	syn_003307	0.00664591696113
synthetic_fixed	synthetic	syn_003308	0.00748547585681
synthetic_fixed	synthetic	syn_003309	0.00764661375433
synthetic_fixed	synthetic	syn_003310	0.00817486736923
synthetic_fixed	synthetic	syn_003311	0.00668565370142
synthetic_fixed	synthetic	syn_003312	0.00744613911957
synthetic_fixed	synthetic	syn_003313	0.00693924492225
synthetic_fixed	synthetic	syn_003314	0.00705009233207
synthetic_fixed	synthetic	syn_003315	0.00842200499028
synthetic_fixed	synthetic	syn_003316	0.00819240510464
synthetic_fixed	synthetic	syn_003317	0.00862417928874
synthetic_fixed	synthetic	syn_003318	0.00728467851877
synthetic_fixed	synthetic	syn_003319	0.013148996979
synthetic_fixed	synthetic	syn_003320	0.00686044292524
synthetic_fixed	synthetic	syn_003321	0.0054073552601
synthetic_fixed	synthetic	syn_003322	0.0115373255685
synthetic_fixed	synthetic	syn_003323	0.0108658093959
synthetic_fixed	synthetic	syn_003324	0.00582810118794
synthetic_fixed	synthetic	syn_003325	0.0109766861424
synthetic_fixed	synthetic	syn_003326	0.00540866656229
synthetic_fixed	synthetic	syn_003327	0.00615583872423
synthetic_fixed	synthetic	syn_003328	0.00785401277244
synthetic_fixed	synthetic	syn_003329	0.0118990484625
synthetic_fixed	synthetic	syn_003330	0.00556138437241
synthetic_fixed	synthetic	syn_003331	0.00858396664262
synthetic_fixed	synthetic	syn_003332	0.00784095469862
synthetic_fixed	synthetic	syn_003333	0.00598407583311
synthetic_fixed	synthetic	syn_003334	0.00485496316105
synthetic_fixed	synthetic	syn_003335	0.00788430124521
synthetic_fixed	synthetic	syn_003336	0.0126988645643
synthetic_fixed	synthetic	syn_003337	0.00721214711666
synthetic_fixed	synthetic	syn_003338	0.0105082262307
synthetic_fixed	synthetic	syn_003339	0.00497534871101
synthetic_fixed	synthetic	syn_003340	0.00712369848043
synthetic_fixed	synthetic	syn_003341	0.00656830333173
synthetic_fixed	synthetic	syn_003342	0.00546141341329
synthetic_fixed	synthetic	syn_003343	0.00985520612448
synthetic_fixed	synthetic	syn_003344	0.00698125269264
synthetic_fixed	synthetic	syn_003345	0.00373507174663
synthetic_fixed	synthetic	syn_003346	0.00687523046508
synthetic_fixed	synthetic	syn_003347	0.00628543738276
synthetic_fixed	synthetic	syn_003348	0.00605257879943
synthetic_fixed	synthetic	syn_003349	0.00750879524276
synthetic_fixed	synthetic	syn_003350	0.0136622991413
synthetic_fixed	synthetic	syn_003351	0.00753768254071
synthetic_fixed	synthetic	syn_003352	0.00567078683525
synthetic_fixed	synthetic	syn_003353	0.00856014713645
synthetic_fixed	synthetic	syn_003354	0.0043140668422
synthetic_fixed	synthetic	syn_003355	0.00537296943367
synthetic_fixed	synthetic	syn_003356	0.00710271345451
synthetic_fixed	synthetic	syn_003357	0.00818829424679
synthetic_fixed	synthetic	syn_003358	0.00444965995848
synthetic_fixed	synthetic	syn_003359	0.00645458092913
synthetic_fixed	synthetic	syn_003360	0.0111942961812
synthetic_fixed	synthetic	syn_003361	0.0124238282442
synthetic_fixed	synthetic	syn_003362	0.00678017782047
synthetic_fixed	synthetic	syn_003363	0.00795760657638
synthetic_fixed	synthetic	syn_003364	0.00721562188119
synthetic_fixed	synthetic	syn_003365	0.00995639152825
synthetic_fixed	synthetic	syn_003366	0.00717533845454
synthetic_fixed	synthetic	syn_003367	0.00739175826311
synthetic_fixed	synthetic	syn_003368	0.00784809328616
synthetic_fixed	synthetic	syn_003369	0.0074699698016
synthetic_fixed	synthetic	syn_003370	0.0124338241294
synthetic_fixed	synthetic	syn_003371	0.0042636920698
synthetic_fixed	synthetic	syn_003372	0.00679815653712
synthetic_fixed	synthetic	syn_003373	0.00907833594829
synthetic_fixed	synthetic	syn_003374	0.00483308872208
synthetic_fixed	synthetic	syn_003375	0.00717222224921
synthetic_fixed	synthetic	syn_003376	0.00880977604538
synthetic_fixed	synthetic	syn_003377	0.00776190543547
synthetic_fixed	synthetic	syn_003378	0.00758602982387
synthetic_fixed	synthetic	syn_003379	0.0039894040674
synthetic_fixed	synthetic	syn_003380	0.0130116157234
synthetic_fixed	synthetic	syn_003381	0.0135059412569
synthetic_fixed	synthetic	syn_003382	0.00655857799575
synthetic_fixed	synthetic	syn_003383	0.00682868342847
synthetic_fixed	synthetic	syn_003384	0.00655755680054
synthetic_fixed	synthetic	syn_003385	0.0069174785167
synthetic_fixed	synthetic	syn_003386	0.00642887689173
synthetic_fixed	synthetic	syn_003387	0.0123858135194
synthetic_fixed	synthetic	syn_003388	0.00609044637531
synthetic_fixed	synthetic	syn_003389	0.00342086423188
synthetic_fixed	synthetic	syn_003390	0.0101461336017
synthetic_fixed	synthetic	syn_003391	0.00445831427351
synthetic_fixed	synthetic	syn_003392	0.00647279666737
synthetic_fixed	synthetic	syn_003393	0.00920261722058
synthetic_fixed	synthetic	syn_003394	0.00854811258614
synthetic_fixed	synthetic	syn_003395	0.00716928159818
synthetic_fixed	synthetic	syn_003396	0.00868569873273
synthetic_fixed	synthetic	syn_003397	0.00610470864922
synthetic_fixed	synthetic	syn_003398	0.0064676431939
synthetic_fixed	synthetic	syn_003399	0.0161856729537
synthetic_fixed	synthetic	syn_003400	0.00698325457051
synthetic_fixed	synthetic	syn_003401	0.01003754884
synthetic_fixed	synthetic	syn_003402	0.010704564862
synthetic_fixed	synthetic	syn_003403	0.00827221013606
synthetic_fixed	synthetic	syn_003404	0.00914435833693
synthetic_fixed	synthetic	syn_003405	0.00672607542947
synthetic_fixed	synthetic	syn_003406	0.00505269877613
synthetic_fixed	synthetic	syn_003407	0.0149695798755
synthetic_fixed	synthetic	syn_003408	0.00579895824194
synthetic_fixed	synthetic	syn_003409	0.00990463607013
synthetic_fixed	synthetic	syn_003410	0.00979163311422
synthetic_fixed	synthetic	syn_003411	0.0175995901227
synthetic_fixed	synthetic	syn_003412	0.00605661422014
synthetic_fixed	synthetic	syn_003413	0.00936545245349
synthetic_fixed	synthetic	syn_003414	0.00825845263898
synthetic_fixed	synthetic	syn_003415	0.00497769191861
synthetic_fixed	synthetic	syn_003416	0.00612907670438
synthetic_fixed	synthetic	syn_003417	0.0115258628502
synthetic_fixed	synthetic	syn_003418	0.00728759542108
synthetic_fixed	synthetic	syn_003419	0.00659602880478
synthetic_fixed	synthetic	syn_003420	0.00805790908635
synthetic_fixed	synthetic	syn_003421	0.00583105301484
synthetic_fixed	synthetic	syn_003422	0.00982822291553
synthetic_fixed	synthetic	syn_003423	0.00712850503623
synthetic_fixed	synthetic	syn_003424	0.00450114579871
synthetic_fixed	synthetic	syn_003425	0.00625992100686
synthetic_fixed	synthetic	syn_003426	0.00915517471731
synthetic_fixed	synthetic	syn_003427	0.0138360820711
synthetic_fixed	synthetic	syn_003428	0.00595651194453
synthetic_fixed	synthetic	syn_003429	0.00822169333696
synthetic_fixed	synthetic	syn_003430	0.00602849666029
synthetic_fixed	synthetic	syn_003431	0.00941536575556
synthetic_fixed	synthetic	syn_003432	0.0102276094258
synthetic_fixed	synthetic	syn_003433	0.0109527688473
synthetic_fixed	synthetic	syn_003434	0.00868733786047
synthetic_fixed	synthetic	syn_003435	0.00547194294631
synthetic_fixed	synthetic	syn_003436	0.00938908010721
synthetic_fixed	synthetic	syn_003437	0.0127453533933
synthetic_fixed	synthetic	syn_003438	0.00881886482239
synthetic_fixed	synthetic	syn_003439	0.00877401325852
synthetic_fixed	synthetic	syn_003440	0.00509940134361
synthetic_fixed	synthetic	syn_003441	0.0047894269228
synthetic_fixed	synthetic	syn_003442	0.0171942226589
synthetic_fixed	synthetic	syn_003443	0.00961103104055
synthetic_fixed	synthetic	syn_003444	0.00763393240049
synthetic_fixed	synthetic	syn_003445	0.00706938002259
synthetic_fixed	synthetic	syn_003446	0.00470323581249
synthetic_fixed	synthetic	syn_003447	0.00480171665549
synthetic_fixed	synthetic	syn_003448	0.00719119282439
synthetic_fixed	synthetic	syn_003449	0.0107110757381
synthetic_fixed	synthetic	syn_003450	0.00712867919356
synthetic_fixed	synthetic	syn_003451	0.00760099850595
synthetic_fixed	synthetic	syn_003452	0.0100005222484
synthetic_fixed	synthetic	syn_003453	0.00818297360092
synthetic_fixed	synthetic	syn_003454	0.00683280546218
synthetic_fixed	synthetic	syn_003455	0.00499028433114
synthetic_fixed	synthetic	syn_003456	0.00636542821303
synthetic_fixed	synthetic	syn_003457	0.00584825919941
synthetic_fixed	synthetic	syn_003458	0.011179164052
synthetic_fixed	synthetic	syn_003459	0.00548556540161
synthetic_fixed	synthetic	syn_003460	0.00764787523076
synthetic_fixed	synthetic	syn_003461	0.00711866561323
synthetic_fixed	synthetic	syn_003462	0.0073050968349
synthetic_fixed	synthetic	syn_003463	0.00622187089175
synthetic_fixed	synthetic	syn_003464	0.00347387557849
synthetic_fixed	synthetic	syn_003465	0.00546195544302
synthetic_fixed	synthetic	syn_003466	0.00982482358813
synthetic_fixed	synthetic	syn_003467	0.00557803176343
synthetic_fixed	synthetic	syn_003468	0.00669454596937
synthetic_fixed	synthetic	syn_003469	0.00544192036614
synthetic_fixed	synthetic	syn_003470	0.00680461805314
synthetic_fixed	synthetic	syn_003471	0.0084255123511
synthetic_fixed	synthetic	syn_003472	0.00837700627744
synthetic_fixed	synthetic	syn_003473	0.00911299698055
synthetic_fixed	synthetic	syn_003474	0.00792661868036
synthetic_fixed	synthetic	syn_003475	0.00449779210612
synthetic_fixed	synthetic	syn_003476	0.00798573065549
synthetic_fixed	synthetic	syn_003477	0.00876836292446
synthetic_fixed	synthetic	syn_003478	0.00498015526682
synthetic_fixed	synthetic	syn_003479	0.00944132078439
synthetic_fixed	synthetic	syn_003480	0.00331096723676
synthetic_fixed	synthetic	syn_003481	0.0087666856125
synthetic_fixed	synthetic	syn_003482	0.00726405065507
synthetic_fixed	synthetic	syn_003483	0.00805201381445
synthetic_fixed	synthetic	syn_003484	0.00902759470046
synthetic_fixed	synthetic	syn_003485	0.00681386329234
synthetic_fixed	synthetic	syn_003486	0.00676385127008
synthetic_fixed	synthetic	syn_003487	0.00590323517099
synthetic_fixed	synthetic	syn_003488	0.0258150063455
synthetic_fixed	synthetic	syn_003489	0.0078920898959
synthetic_fixed	synthetic	syn_003490	0.00701373629272
synthetic_fixed	synthetic	syn_003491	0.00598357291892
synthetic_fixed	synthetic	syn_003492	0.00695060100406
synthetic_fixed	synthetic	syn_003493	0.0082973241806
synthetic_fixed	synthetic	syn_003494	0.0132931256667
synthetic_fixed	synthetic	syn_003495	0.00793216377497
synthetic_fixed	synthetic	syn_003496	0.00941133499146
synthetic_fixed	synthetic	syn_003497	0.00810158345848
synthetic_fixed	synthetic	syn_003498	0.00630275998265
synthetic_fixed	synthetic	syn_003499	0.00503497384489
synthetic_fixed	synthetic	syn_003500	0.00740899797529
synthetic_fixed	synthetic	syn_003501	0.00987442582846
synthetic_fixed	synthetic	syn_003502	0.00700984755531
synthetic_fixed	synthetic	syn_003503	0.00823088549078
synthetic_fixed	synthetic	syn_003504	0.00799897685647
synthetic_fixed	synthetic	syn_003505	0.0077467141673
synthetic_fixed	synthetic	syn_003506	0.0045364596881
synthetic_fixed	synthetic	syn_003507	0.00763571122661
synthetic_fixed	synthetic	syn_003508	0.00900094024837
synthetic_fixed	synthetic	syn_003509	0.00878178887069
synthetic_fixed	synthetic	syn_003510	0.00694142980501
synthetic_fixed	synthetic	syn_003511	0.0110554210842
synthetic_fixed	synthetic	syn_003512	0.00410716002807
synthetic_fixed	synthetic	syn_003513	0.00889394432306
synthetic_fixed	synthetic	syn_003514	0.0109875109047
synthetic_fixed	synthetic	syn_003515	0.00580270029604
synthetic_fixed	synthetic	syn_003516	0.0172790549695
synthetic_fixed	synthetic	syn_003517	0.00634196214378
synthetic_fixed	synthetic	syn_003518	0.00451323250309
synthetic_fixed	synthetic	syn_003519	0.00887860544026
synthetic_fixed	synthetic	syn_003520	0.00419391784817
synthetic_fixed	synthetic	syn_003521	0.00677590351552
synthetic_fixed	synthetic	syn_003522	0.00975662562996
synthetic_fixed	synthetic	syn_003523	0.0109842699021
synthetic_fixed	synthetic	syn_003524	0.00558663439006
synthetic_fixed	synthetic	syn_003525	0.0100469589233
synthetic_fixed	synthetic	syn_003526	0.00866987556219
synthetic_fixed	synthetic	syn_003527	0.0110381189734
synthetic_fixed	synthetic	syn_003528	0.00767570827156
synthetic_fixed	synthetic	syn_003529	0.00653595197946
synthetic_fixed	synthetic	syn_003530	0.00907799787819
synthetic_fixed	synthetic	syn_003531	0.00588900316507
synthetic_fixed	synthetic	syn_003532	0.00799627043307
synthetic_fixed	synthetic	syn_003533	0.0102023603395
synthetic_fixed	synthetic	syn_003534	0.00582126621157
synthetic_fixed	synthetic	syn_003535	0.0096276300028
synthetic_fixed	synthetic	syn_003536	0.00731133576483
synthetic_fixed	synthetic	syn_003537	0.00567188905552
synthetic_fixed	synthetic	syn_003538	0.0107258912176
synthetic_fixed	synthetic	syn_003539	0.0070652384311
synthetic_fixed	synthetic	syn_003540	0.00791140459478
synthetic_fixed	synthetic	syn_003541	0.00747627019882
synthetic_fixed	synthetic	syn_003542	0.00650330167264
synthetic_fixed	synthetic	syn_003543	0.00535129057243
synthetic_fixed	synthetic	syn_003544	0.0100577957928
synthetic_fixed	synthetic	syn_003545	0.00409536669031
synthetic_fixed	synthetic	syn_003546	0.0121419653296
synthetic_fixed	synthetic	syn_003547	0.00543856341392
synthetic_fixed	synthetic	syn_003548	0.00869689788669
synthetic_fixed	synthetic	syn_003549	0.00736189959571
synthetic_fixed	synthetic	syn_003550	0.00673473998904
synthetic_fixed	synthetic	syn_003551	0.0079337740317
synthetic_fixed	synthetic	syn_003552	0.00677135307342
synthetic_fixed	synthetic	syn_003553	0.0086519587785
synthetic_fixed	synthetic	syn_003554	0.00984306260943
synthetic_fixed	synthetic	syn_003555	0.00887731369585
synthetic_fixed	synthetic	syn_003556	0.0102339554578
synthetic_fixed	synthetic	syn_003557	0.010396739468
synthetic_fixed	synthetic	syn_003558	0.0107426010072
synthetic_fixed	synthetic	syn_003559	0.00407958868891
synthetic_fixed	synthetic	syn_003560	0.00512387929484
synthetic_fixed	synthetic	syn_003561	0.0070041087456
synthetic_fixed	synthetic	syn_003562	0.00601253425702
synthetic_fixed	synthetic	syn_003563	0.00565688638017
synthetic_fixed	synthetic	syn_003564	0.00935802236199
synthetic_fixed	synthetic	syn_003565	0.00565409753472
synthetic_fixed	synthetic	syn_003566	0.00637252116576
synthetic_fixed	synthetic	syn_003567	0.00542128365487
synthetic_fixed	synthetic	syn_003568	0.00912283826619
synthetic_fixed	synthetic	syn_003569	0.0117777641863
synthetic_fixed	synthetic	syn_003570	0.00782149098814
synthetic_fixed	synthetic	syn_003571	0.00573548395187
synthetic_fixed	synthetic	syn_003572	0.00700516114011
synthetic_fixed	synthetic	syn_003573	0.0093283560127
synthetic_fixed	synthetic	syn_003574	0.00890397280455
synthetic_fixed	synthetic	syn_003575	0.0038519478403
synthetic_fixed	synthetic	syn_003576	0.00716903572902
synthetic_fixed	synthetic	syn_003577	0.0095975510776
synthetic_fixed	synthetic	syn_003578	0.0093596149236
synthetic_fixed	synthetic	syn_003579	0.0144107220694
synthetic_fixed	synthetic	syn_003580	0.00946177635342
synthetic_fixed	synthetic	syn_003581	0.0170142855495
synthetic_fixed	synthetic	syn_003582	0.00877693016082
synthetic_fixed	synthetic	syn_003583	0.00704335048795
synthetic_fixed	synthetic	syn_003584	0.00937822833657
synthetic_fixed	synthetic	syn_003585	0.0101445941254
synthetic_fixed	synthetic	syn_003586	0.00834416039288
synthetic_fixed	synthetic	syn_003587	0.00696186861023
synthetic_fixed	synthetic	syn_003588	0.0115754855797
synthetic_fixed	synthetic	syn_003589	0.00612655235454
synthetic_fixed	synthetic	syn_003590	0.0101925749332
synthetic_fixed	synthetic	syn_003591	0.00687291752547
synthetic_fixed	synthetic	syn_003592	0.0120554203168
synthetic_fixed	synthetic	syn_003593	0.00906314235181
synthetic_fixed	synthetic	syn_003594	0.00723133422434
synthetic_fixed	synthetic	syn_003595	0.00584651809186
synthetic_fixed	synthetic	syn_003596	0.0116495033726
synthetic_fixed	synthetic	syn_003597	0.00597341405228
synthetic_fixed	synthetic	syn_003598	0.0120521262288
synthetic_fixed	synthetic	syn_003599	0.00602307077497
synthetic_fixed	synthetic	syn_003600	0.00706684216857
synthetic_fixed	synthetic	syn_003601	0.00771707016975
synthetic_fixed	synthetic	syn_003602	0.0055476045236
synthetic_fixed	synthetic	syn_003603	0.0110518224537
synthetic_fixed	synthetic	syn_003604	0.00662144552916
synthetic_fixed	synthetic	syn_003605	0.00883479043841
synthetic_fixed	synthetic	syn_003606	0.00983635243028
synthetic_fixed	synthetic	syn_003607	0.00651352666318
synthetic_fixed	synthetic	syn_003608	0.00859237462282
synthetic_fixed	synthetic	syn_003609	0.00567091722041
synthetic_fixed	synthetic	syn_003610	0.00986845977604
synthetic_fixed	synthetic	syn_003611	0.00552575662732
synthetic_fixed	synthetic	syn_003612	0.00651439093053
synthetic_fixed	synthetic	syn_003613	0.0115121705458
synthetic_fixed	synthetic	syn_003614	0.00600231345743
synthetic_fixed	synthetic	syn_003615	0.0137617196888
synthetic_fixed	synthetic	syn_003616	0.00563982594758
synthetic_fixed	synthetic	syn_003617	0.00528656598181
synthetic_fixed	synthetic	syn_003618	0.00889555178583
synthetic_fixed	synthetic	syn_003619	0.00638856971636
synthetic_fixed	synthetic	syn_003620	0.0052992599085
synthetic_fixed	synthetic	syn_003621	0.00693058408797
synthetic_fixed	synthetic	syn_003622	0.00814484991133
synthetic_fixed	synthetic	syn_003623	0.00693069491535
synthetic_fixed	synthetic	syn_003624	0.0141314510256
synthetic_fixed	synthetic	syn_003625	0.0171390622854
synthetic_fixed	synthetic	syn_003626	0.00873789004982
synthetic_fixed	synthetic	syn_003627	0.00790389440954
synthetic_fixed	synthetic	syn_003628	0.00627876399085
synthetic_fixed	synthetic	syn_003629	0.00605327496305
synthetic_fixed	synthetic	syn_003630	0.0108771044761
synthetic_fixed	synthetic	syn_003631	0.00464904634282
synthetic_fixed	synthetic	syn_003632	0.00526024401188
synthetic_fixed	synthetic	syn_003633	0.00953665934503
synthetic_fixed	synthetic	syn_003634	0.00653665186837
synthetic_fixed	synthetic	syn_003635	0.00530729815364
synthetic_fixed	synthetic	syn_003636	0.00880586355925
synthetic_fixed	synthetic	syn_003637	0.00671280454844
synthetic_fixed	synthetic	syn_003638	0.0121998563409
synthetic_fixed	synthetic	syn_003639	0.010721500963
synthetic_fixed	synthetic	syn_003640	0.00632125418633
synthetic_fixed	synthetic	syn_003641	0.00744915846735
synthetic_fixed	synthetic	syn_003642	0.0128905512393
synthetic_fixed	synthetic	syn_003643	0.0116860698909
synthetic_fixed	synthetic	syn_003644	0.00462069083005
synthetic_fixed	synthetic	syn_003645	0.0079183280468
synthetic_fixed	synthetic	syn_003646	0.00298356730491
synthetic_fixed	synthetic	syn_003647	0.00661329552531
synthetic_fixed	synthetic	syn_003648	0.00978909619153
synthetic_fixed	synthetic	syn_003649	0.00503287836909
synthetic_fixed	synthetic	syn_003650	0.00607304275036
synthetic_fixed	synthetic	syn_003651	0.00844860915095
synthetic_fixed	synthetic	syn_003652	0.0123260719702
synthetic_fixed	synthetic	syn_003653	0.00793498661369
synthetic_fixed	synthetic	syn_003654	0.00522362207994
synthetic_fixed	synthetic	syn_003655	0.00836369302124
synthetic_fixed	synthetic	syn_003656	0.00656489748508
synthetic_fixed	synthetic	syn_003657	0.00620215432718
synthetic_fixed	synthetic	syn_003658	0.00577460974455
synthetic_fixed	synthetic	syn_003659	0.00754408165812
synthetic_fixed	synthetic	syn_003660	0.00515494309366
synthetic_fixed	synthetic	syn_003661	0.00563991907984
synthetic_fixed	synthetic	syn_003662	0.00866923108697
synthetic_fixed	synthetic	syn_003663	0.00502486946061
synthetic_fixed	synthetic	syn_003664	0.014279583469
synthetic_fixed	synthetic	syn_003665	0.00377982994542
synthetic_fixed	synthetic	syn_003666	0.00761984940618
synthetic_fixed	synthetic	syn_003667	0.00738222710788
synthetic_fixed	synthetic	syn_003668	0.00836979970336
synthetic_fixed	synthetic	syn_003669	0.00410659424961
synthetic_fixed	synthetic	syn_003670	0.00864451006055
synthetic_fixed	synthetic	syn_003671	0.00631420686841
synthetic_fixed	synthetic	syn_003672	0.0155046582222
synthetic_fixed	synthetic	syn_003673	0.005186884664
synthetic_fixed	synthetic	syn_003674	0.00650329282507
synthetic_fixed	synthetic	syn_003675	0.0056221280247
synthetic_fixed	synthetic	syn_003676	0.0133169787005
synthetic_fixed	synthetic	syn_003677	0.00785576365888
synthetic_fixed	synthetic	syn_003678	0.00979903526604
synthetic_fixed	synthetic	syn_003679	0.00913982093334
synthetic_fixed	synthetic	syn_003680	0.00860982667655
synthetic_fixed	synthetic	syn_003681	0.00973904691637
synthetic_fixed	synthetic	syn_003682	0.00984549149871
synthetic_fixed	synthetic	syn_003683	0.00525015965104
synthetic_fixed	synthetic	syn_003684	0.00590410921723
synthetic_fixed	synthetic	syn_003685	0.00602634251118
synthetic_fixed	synthetic	syn_003686	0.00558505672961
synthetic_fixed	synthetic	syn_003687	0.00597809487954
synthetic_fixed	synthetic	syn_003688	0.00510521559045
synthetic_fixed	synthetic	syn_003689	0.0118441805243
synthetic_fixed	synthetic	syn_003690	0.00827889330685
synthetic_fixed	synthetic	syn_003691	0.00813679024577
synthetic_fixed	synthetic	syn_003692	0.00845137983561
synthetic_fixed	synthetic	syn_003693	0.00473544793203
synthetic_fixed	synthetic	syn_003694	0.0059429728426
synthetic_fixed	synthetic	syn_003695	0.00857851468027
synthetic_fixed	synthetic	syn_003696	0.00655742548406
synthetic_fixed	synthetic	syn_003697	0.0107960440218
synthetic_fixed	synthetic	syn_003698	0.00776104675606
synthetic_fixed	synthetic	syn_003699	0.00692419707775
synthetic_fixed	synthetic	syn_003700	0.0148282740265
synthetic_fixed	synthetic	syn_003701	0.0168641302735
synthetic_fixed	synthetic	syn_003702	0.00712087051943
synthetic_fixed	synthetic	syn_003703	0.0120136914775
synthetic_fixed	synthetic	syn_003704	0.00695858057588
synthetic_fixed	synthetic	syn_003705	0.00510046910495
synthetic_fixed	synthetic	syn_003706	0.00565073546022
synthetic_fixed	synthetic	syn_003707	0.00917105749249
synthetic_fixed	synthetic	syn_003708	0.0141566591337
synthetic_fixed	synthetic	syn_003709	0.00636523589492
synthetic_fixed	synthetic	syn_003710	0.00777037907392
synthetic_fixed	synthetic	syn_003711	0.0103601757437
synthetic_fixed	synthetic	syn_003712	0.0160579737276
synthetic_fixed	synthetic	syn_003713	0.00592107325792
synthetic_fixed	synthetic	syn_003714	0.0101339258254
synthetic_fixed	synthetic	syn_003715	0.00837110262364
synthetic_fixed	synthetic	syn_003716	0.0104812914506
synthetic_fixed	synthetic	syn_003717	0.00579122174531
synthetic_fixed	synthetic	syn_003718	0.00634911423549
synthetic_fixed	synthetic	syn_003719	0.00500468863174
synthetic_fixed	synthetic	syn_003720	0.00756429415196
synthetic_fixed	synthetic	syn_003721	0.009904416278
synthetic_fixed	synthetic	syn_003722	0.0117483297363
synthetic_fixed	synthetic	syn_003723	0.00566046312451
synthetic_fixed	synthetic	syn_003724	0.00566243985668
synthetic_fixed	synthetic	syn_003725	0.0110905393958
synthetic_fixed	synthetic	syn_003726	0.00629159761593
synthetic_fixed	synthetic	syn_003727	0.00510984426364
synthetic_fixed	synthetic	syn_003728	0.00853305030614
synthetic_fixed	synthetic	syn_003729	0.00652530323714
synthetic_fixed	synthetic	syn_003730	0.00658215861768
synthetic_fixed	synthetic	syn_003731	0.00718945916742
synthetic_fixed	synthetic	syn_003732	0.00480418931693
synthetic_fixed	synthetic	syn_003733	0.00642871204764
synthetic_fixed	synthetic	syn_003734	0.00896798074245
synthetic_fixed	synthetic	syn_003735	0.00572124868631
synthetic_fixed	synthetic	syn_003736	0.0119285862893
synthetic_fixed	synthetic	syn_003737	0.0113127157092
synthetic_fixed	synthetic	syn_003738	0.00549525255337
synthetic_fixed	synthetic	syn_003739	0.0100699411705
synthetic_fixed	synthetic	syn_003740	0.00785607006401
synthetic_fixed	synthetic	syn_003741	0.00709483167157
synthetic_fixed	synthetic	syn_003742	0.00397014478222
synthetic_fixed	synthetic	syn_003743	0.00645056087524
synthetic_fixed	synthetic	syn_003744	0.0083575444296
synthetic_fixed	synthetic	syn_003745	0.00595188885927
synthetic_fixed	synthetic	syn_003746	0.0143996635452
synthetic_fixed	synthetic	syn_003747	0.0125547880307
synthetic_fixed	synthetic	syn_003748	0.0169308930635
synthetic_fixed	synthetic	syn_003749	0.00540241319686
synthetic_fixed	synthetic	syn_003750	0.00923620723188
synthetic_fixed	synthetic	syn_003751	0.00658721337095
synthetic_fixed	synthetic	syn_003752	0.00474168825895
synthetic_fixed	synthetic	syn_003753	0.00824938155711
synthetic_fixed	synthetic	syn_003754	0.00818245485425
synthetic_fixed	synthetic	syn_003755	0.00507396878675
synthetic_fixed	synthetic	syn_003756	0.0100896246731
synthetic_fixed	synthetic	syn_003757	0.00767647894099
synthetic_fixed	synthetic	syn_003758	0.0133083667606
synthetic_fixed	synthetic	syn_003759	0.00974493101239
synthetic_fixed	synthetic	syn_003760	0.00823492743075
synthetic_fixed	synthetic	syn_003761	0.0113320369273
synthetic_fixed	synthetic	syn_003762	0.00624615140259
synthetic_fixed	synthetic	syn_003763	0.00824382063001
synthetic_fixed	synthetic	syn_003764	0.00917438510805
synthetic_fixed	synthetic	syn_003765	0.00669662468135
synthetic_fixed	synthetic	syn_003766	0.00727927219123
synthetic_fixed	synthetic	syn_003767	0.00750375166535
synthetic_fixed	synthetic	syn_003768	0.00763046601787
synthetic_fixed	synthetic	syn_003769	0.00626653572544
synthetic_fixed	synthetic	syn_003770	0.0104809841141
synthetic_fixed	synthetic	syn_003771	0.00579058844596
synthetic_fixed	synthetic	syn_003772	0.00834530312568
synthetic_fixed	synthetic	syn_003773	0.010346817784
synthetic_fixed	synthetic	syn_003774	0.00808407459408
synthetic_fixed	synthetic	syn_003775	0.00655981432647
synthetic_fixed	synthetic	syn_003776	0.0112154884264
synthetic_fixed	synthetic	syn_003777	0.00627626013011
synthetic_fixed	synthetic	syn_003778	0.00757192075253
synthetic_fixed	synthetic	syn_003779	0.0107784764841
synthetic_fixed	synthetic	syn_003780	0.00543219130486
synthetic_fixed	synthetic	syn_003781	0.00510707031935
synthetic_fixed	synthetic	syn_003782	0.00504189636558
synthetic_fixed	synthetic	syn_003783	0.00989343505353
synthetic_fixed	synthetic	syn_003784	0.00703351292759
synthetic_fixed	synthetic	syn_003785	0.00600318890065
synthetic_fixed	synthetic	syn_003786	0.0096611212939
synthetic_fixed	synthetic	syn_003787	0.00788034778088
synthetic_fixed	synthetic	syn_003788	0.00544500537217
synthetic_fixed	synthetic	syn_003789	0.00745841767639
synthetic_fixed	synthetic	syn_003790	0.00334329390898
synthetic_fixed	synthetic	syn_003791	0.00512019312009
synthetic_fixed	synthetic	syn_003792	0.0106592942029
synthetic_fixed	synthetic	syn_003793	0.00670647621155
synthetic_fixed	synthetic	syn_003794	0.00710107246414
synthetic_fixed	synthetic	syn_003795	0.00909610278904
synthetic_fixed	synthetic	syn_003796	0.00856941007078
synthetic_fixed	synthetic	syn_003797	0.00660301977769
synthetic_fixed	synthetic	syn_003798	0.0107675623149
synthetic_fixed	synthetic	syn_003799	0.0050142663531
synthetic_fixed	synthetic	syn_003800	0.00525396782905
synthetic_fixed	synthetic	syn_003801	0.00731819402426
synthetic_fixed	synthetic	syn_003802	0.00541938468814
synthetic_fixed	synthetic	syn_003803	0.00547474995255
synthetic_fixed	synthetic	syn_003804	0.00512737128884
synthetic_fixed	synthetic	syn_003805	0.0141407418996
synthetic_fixed	synthetic	syn_003806	0.0103096039966
synthetic_fixed	synthetic	syn_003807	0.00234084576368
synthetic_fixed	synthetic	syn_003808	0.00762347830459
synthetic_fixed	synthetic	syn_003809	0.0082991477102
synthetic_fixed	synthetic	syn_003810	0.00447344919667
synthetic_fixed	synthetic	syn_003811	0.00526747992262
synthetic_fixed	synthetic	syn_003812	0.00630656816065
synthetic_fixed	synthetic	syn_003813	0.00564541015774
synthetic_fixed	synthetic	syn_003814	0.00565958488733
synthetic_fixed	synthetic	syn_003815	0.00711516849697
synthetic_fixed	synthetic	syn_003816	0.0120870098472
synthetic_fixed	synthetic	syn_003817	0.00663034059107
synthetic_fixed	synthetic	syn_003818	0.00709728430957
synthetic_fixed	synthetic	syn_003819	0.0091401534155
synthetic_fixed	synthetic	syn_003820	0.00851109437644
synthetic_fixed	synthetic	syn_003821	0.00755184609443
synthetic_fixed	synthetic	syn_003822	0.00636465568095
synthetic_fixed	synthetic	syn_003823	0.00723465159535
synthetic_fixed	synthetic	syn_003824	0.0107909534127
synthetic_fixed	synthetic	syn_003825	0.00833029858768
synthetic_fixed	synthetic	syn_003826	0.0091939587146
synthetic_fixed	synthetic	syn_003827	0.00801727920771
synthetic_fixed	synthetic	syn_003828	0.00889323372394
synthetic_fixed	synthetic	syn_003829	0.00897678360343
synthetic_fixed	synthetic	syn_003830	0.00500934105366
synthetic_fixed	synthetic	syn_003831	0.00767169054598
synthetic_fixed	synthetic	syn_003832	0.00536845298484
synthetic_fixed	synthetic	syn_003833	0.0044630006887
synthetic_fixed	synthetic	syn_003834	0.00450524315238
synthetic_fixed	synthetic	syn_003835	0.00647749193013
synthetic_fixed	synthetic	syn_003836	0.0100860800594
synthetic_fixed	synthetic	syn_003837	0.00822903867811
synthetic_fixed	synthetic	syn_003838	0.00758900912479
synthetic_fixed	synthetic	syn_003839	0.00973699986935
synthetic_fixed	synthetic	syn_003840	0.00583893572912
synthetic_fixed	synthetic	syn_003841	0.00842601619661
synthetic_fixed	synthetic	syn_003842	0.00708178337663
synthetic_fixed	synthetic	syn_003843	0.0103344190866
synthetic_fixed	synthetic	syn_003844	0.00771237164736
synthetic_fixed	synthetic	syn_003845	0.0106926430017
synthetic_fixed	synthetic	syn_003846	0.00715298717842
synthetic_fixed	synthetic	syn_003847	0.00780013110489
synthetic_fixed	synthetic	syn_003848	0.00651064608246
synthetic_fixed	synthetic	syn_003849	0.00771889090538
synthetic_fixed	synthetic	syn_003850	0.00703987386078
synthetic_fixed	synthetic	syn_003851	0.00791294872761
synthetic_fixed	synthetic	syn_003852	0.00596702331677
synthetic_fixed	synthetic	syn_003853	0.0100264716893
synthetic_fixed	synthetic	syn_003854	0.00883626565337
synthetic_fixed	synthetic	syn_003855	0.00801715161651
synthetic_fixed	synthetic	syn_003856	0.00856729503721
synthetic_fixed	synthetic	syn_003857	0.0107630826533
synthetic_fixed	synthetic	syn_003858	0.00515988795087
synthetic_fixed	synthetic	syn_003859	0.00905138999224
synthetic_fixed	synthetic	syn_003860	0.00419593090191
synthetic_fixed	synthetic	syn_003861	0.00368666788563
synthetic_fixed	synthetic	syn_003862	0.0103590339422
synthetic_fixed	synthetic	syn_003863	0.0069642951712
synthetic_fixed	synthetic	syn_003864	0.00626827543601
synthetic_fixed	synthetic	syn_003865	0.0061248941347
synthetic_fixed	synthetic	syn_003866	0.00754932360724
synthetic_fixed	synthetic	syn_003867	0.00954547245055
synthetic_fixed	synthetic	syn_003868	0.0100379493088
synthetic_fixed	synthetic	syn_003869	0.00595918530598
synthetic_fixed	synthetic	syn_003870	0.00480488780886
synthetic_fixed	synthetic	syn_003871	0.00875809416175
synthetic_fixed	synthetic	syn_003872	0.00566644407809
synthetic_fixed	synthetic	syn_003873	0.0082038929686
synthetic_fixed	synthetic	syn_003874	0.00567925348878
synthetic_fixed	synthetic	syn_003875	0.00671122735366
synthetic_fixed	synthetic	syn_003876	0.0155789963901
synthetic_fixed	synthetic	syn_003877	0.00832818541676
synthetic_fixed	synthetic	syn_003878	0.00656606769189
synthetic_fixed	synthetic	syn_003879	0.00636403867975
synthetic_fixed	synthetic	syn_003880	0.00824644882232
synthetic_fixed	synthetic	syn_003881	0.0075283604674
synthetic_fixed	synthetic	syn_003882	0.0087033174932
synthetic_fixed	synthetic	syn_003883	0.00599014014006
synthetic_fixed	synthetic	syn_003884	0.00631674425676
synthetic_fixed	synthetic	syn_003885	0.00310874870047
synthetic_fixed	synthetic	syn_003886	0.00890457630157
synthetic_fixed	synthetic	syn_003887	0.0103650055826
synthetic_fixed	synthetic	syn_003888	0.00618196511641
synthetic_fixed	synthetic	syn_003889	0.00542030762881
synthetic_fixed	synthetic	syn_003890	0.00811561010778
synthetic_fixed	synthetic	syn_003891	0.00502468645573
synthetic_fixed	synthetic	syn_003892	0.0153963677585
synthetic_fixed	synthetic	syn_003893	0.00370917818509
synthetic_fixed	synthetic	syn_003894	0.00708367209882
synthetic_fixed	synthetic	syn_003895	0.00732350163162
synthetic_fixed	synthetic	syn_003896	0.00510713784024
synthetic_fixed	synthetic	syn_003897	0.00449503771961
synthetic_fixed	synthetic	syn_003898	0.0138731924817
synthetic_fixed	synthetic	syn_003899	0.0100480318069
synthetic_fixed	synthetic	syn_003900	0.00948014296591
synthetic_fixed	synthetic	syn_003901	0.00669523375109
synthetic_fixed	synthetic	syn_003902	0.0105791492388
synthetic_fixed	synthetic	syn_003903	0.00667192041874
synthetic_fixed	synthetic	syn_003904	0.00765259657055
synthetic_fixed	synthetic	syn_003905	0.0111235352233
synthetic_fixed	synthetic	syn_003906	0.006412955001
synthetic_fixed	synthetic	syn_003907	0.00573772611097
synthetic_fixed	synthetic	syn_003908	0.00695711281151
synthetic_fixed	synthetic	syn_003909	0.0119760520756
synthetic_fixed	synthetic	syn_003910	0.00644047232345
synthetic_fixed	synthetic	syn_003911	0.00556427938864
synthetic_fixed	synthetic	syn_003912	0.00563001167029
synthetic_fixed	synthetic	syn_003913	0.00732737360522
synthetic_fixed	synthetic	syn_003914	0.00689451210201
synthetic_fixed	synthetic	syn_003915	0.00622967723757
synthetic_fixed	synthetic	syn_003916	0.00587563309819
synthetic_fixed	synthetic	syn_003917	0.00733190169558
synthetic_fixed	synthetic	syn_003918	0.00707763805985
synthetic_fixed	synthetic	syn_003919	0.00610791519284
synthetic_fixed	synthetic	syn_003920	0.0102234017104
synthetic_fixed	synthetic	syn_003921	0.00359788257629
synthetic_fixed	synthetic	syn_003922	0.00637217238545
synthetic_fixed	synthetic	syn_003923	0.00522854784504
synthetic_fixed	synthetic	syn_003924	0.01051105652
synthetic_fixed	synthetic	syn_003925	0.00530613865703
synthetic_fixed	synthetic	syn_003926	0.00573099963367
synthetic_fixed	synthetic	syn_003927	0.00783512089401
synthetic_fixed	synthetic	syn_003928	0.00733308587223
synthetic_fixed	synthetic	syn_003929	0.00703203398734
synthetic_fixed	synthetic	syn_003930	0.00827722810209
synthetic_fixed	synthetic	syn_003931	0.00887130200863
synthetic_fixed	synthetic	syn_003932	0.00393596012145
synthetic_fixed	synthetic	syn_003933	0.0178219415247
synthetic_fixed	synthetic	syn_003934	0.00551555445418
synthetic_fixed	synthetic	syn_003935	0.00558179430664
synthetic_fixed	synthetic	syn_003936	0.00672948593274
synthetic_fixed	synthetic	syn_003937	0.00885672774166
synthetic_fixed	synthetic	syn_003938	0.00683275610209
synthetic_fixed	synthetic	syn_003939	0.00458788406104
synthetic_fixed	synthetic	syn_003940	0.00519824586809
synthetic_fixed	synthetic	syn_003941	0.0069736209698
synthetic_fixed	synthetic	syn_003942	0.00743791554123
synthetic_fixed	synthetic	syn_003943	0.00638624280691
synthetic_fixed	synthetic	syn_003944	0.00785718671978
synthetic_fixed	synthetic	syn_003945	0.0130251199007
synthetic_fixed	synthetic	syn_003946	0.00659595709294
synthetic_fixed	synthetic	syn_003947	0.0097381407395
synthetic_fixed	synthetic	syn_003948	0.0112056452781
synthetic_fixed	synthetic	syn_003949	0.00982241518795
synthetic_fixed	synthetic	syn_003950	0.00597843062133
synthetic_fixed	synthetic	syn_003951	0.00813455972821
synthetic_fixed	synthetic	syn_003952	0.00637053418905
synthetic_fixed	synthetic	syn_003953	0.00557277910411
synthetic_fixed	synthetic	syn_003954	0.00544637953863
synthetic_fixed	synthetic	syn_003955	0.00476121995598
synthetic_fixed	synthetic	syn_003956	0.00638926168904
synthetic_fixed	synthetic	syn_003957	0.0272027365863
synthetic_fixed	synthetic	syn_003958	0.00649240380153
synthetic_fixed	synthetic	syn_003959	0.00813343282789
synthetic_fixed	synthetic	syn_003960	0.00789718609303
synthetic_fixed	synthetic	syn_003961	0.0072753787972
synthetic_fixed	synthetic	syn_003962	0.00825920235366
synthetic_fixed	synthetic	syn_003963	0.00565554481
synthetic_fixed	synthetic	syn_003964	0.00874882750213
synthetic_fixed	synthetic	syn_003965	0.0145341949537
synthetic_fixed	synthetic	syn_003966	0.00804270990193
synthetic_fixed	synthetic	syn_003967	0.0059436741285
synthetic_fixed	synthetic	syn_003968	0.00749099534005
synthetic_fixed	synthetic	syn_003969	0.00558114983141
synthetic_fixed	synthetic	syn_003970	0.00720880832523
synthetic_fixed	synthetic	syn_003971	0.00679284194484
synthetic_fixed	synthetic	syn_003972	0.00966047868133
synthetic_fixed	synthetic	syn_003973	0.00600718986243
synthetic_fixed	synthetic	syn_003974	0.00792357884347
synthetic_fixed	synthetic	syn_003975	0.00792690645903
synthetic_fixed	synthetic	syn_003976	0.00836647674441
synthetic_fixed	synthetic	syn_003977	0.00647334754467
synthetic_fixed	synthetic	syn_003978	0.00521519500762
synthetic_fixed	synthetic	syn_003979	0.00738410837948
synthetic_fixed	synthetic	syn_003980	0.0053047221154
synthetic_fixed	synthetic	syn_003981	0.00660762563348
synthetic_fixed	synthetic	syn_003982	0.00968584045768
synthetic_fixed	synthetic	syn_003983	0.00730491429567
synthetic_fixed	synthetic	syn_003984	0.0049384701997
synthetic_fixed	synthetic	syn_003985	0.00524032814428
synthetic_fixed	synthetic	syn_003986	0.00475965160877
synthetic_fixed	synthetic	syn_003987	0.00718099065125
synthetic_fixed	synthetic	syn_003988	0.0115390624851
synthetic_fixed	synthetic	syn_003989	0.00884417444468
synthetic_fixed	synthetic	syn_003990	0.00723216775805
synthetic_fixed	synthetic	syn_003991	0.0129149090499
synthetic_fixed	synthetic	syn_003992	0.00948167406023
synthetic_fixed	synthetic	syn_003993	0.00494766607881
synthetic_fixed	synthetic	syn_003994	0.00591390486807
synthetic_fixed	synthetic	syn_003995	0.00853834114969
synthetic_fixed	synthetic	syn_003996	0.00656360480934
synthetic_fixed	synthetic	syn_003997	0.0103599214926
synthetic_fixed	synthetic	syn_003998	0.0045937509276
synthetic_fixed	synthetic	syn_003999	0.00725070107728
synthetic_fixed	synthetic	syn_004000	0.00490073533729
synthetic_fixed	synthetic	syn_004001	0.00630242750049
synthetic_fixed	synthetic	syn_004002	0.00813455879688
synthetic_fixed	synthetic	syn_004003	0.00945923663676
synthetic_fixed	synthetic	syn_004004	0.00741849374026
synthetic_fixed	synthetic	syn_004005	0.00976661592722
synthetic_fixed	synthetic	syn_004006	0.00519787427038
synthetic_fixed	synthetic	syn_004007	0.010841589421
synthetic_fixed	synthetic	syn_004008	0.00587273901328
synthetic_fixed	synthetic	syn_004009	0.0126202367246
synthetic_fixed	synthetic	syn_004010	0.010743714869
synthetic_fixed	synthetic	syn_004011	0.00683469232172
synthetic_fixed	synthetic	syn_004012	0.00840326026082
synthetic_fixed	synthetic	syn_004013	0.00655251555145
synthetic_fixed	synthetic	syn_004014	0.00524464203045
synthetic_fixed	synthetic	syn_004015	0.00490487273782
synthetic_fixed	synthetic	syn_004016	0.0117966011167
synthetic_fixed	synthetic	syn_004017	0.00668339431286
synthetic_fixed	synthetic	syn_004018	0.011010279879
synthetic_fixed	synthetic	syn_004019	0.0095604583621
synthetic_fixed	synthetic	syn_004020	0.00616724882275
synthetic_fixed	synthetic	syn_004021	0.00888644531369
synthetic_fixed	synthetic	syn_004022	0.0113376155496
synthetic_fixed	synthetic	syn_004023	0.00662033259869
synthetic_fixed	synthetic	syn_004024	0.00583260972053
synthetic_fixed	synthetic	syn_004025	0.00689442828298
synthetic_fixed	synthetic	syn_004026	0.0085803931579
synthetic_fixed	synthetic	syn_004027	0.0086999181658
synthetic_fixed	synthetic	syn_004028	0.00716033345088
synthetic_fixed	synthetic	syn_004029	0.00947954319417
synthetic_fixed	synthetic	syn_004030	0.00979519635439
synthetic_fixed	synthetic	syn_004031	0.0137745756656
synthetic_fixed	synthetic	syn_004032	0.00640035141259
synthetic_fixed	synthetic	syn_004033	0.0191819109023
synthetic_fixed	synthetic	syn_004034	0.00769749097526
synthetic_fixed	synthetic	syn_004035	0.0102138109505
synthetic_fixed	synthetic	syn_004036	0.00632896274328
synthetic_fixed	synthetic	syn_004037	0.011579439044
synthetic_fixed	synthetic	syn_004038	0.0081577533856
synthetic_fixed	synthetic	syn_004039	0.00652378099039
synthetic_fixed	synthetic	syn_004040	0.007304106839
synthetic_fixed	synthetic	syn_004041	0.00874616391957
synthetic_fixed	synthetic	syn_004042	0.00618365360424
synthetic_fixed	synthetic	syn_004043	0.0113513730466
synthetic_fixed	synthetic	syn_004044	0.00809356849641
synthetic_fixed	synthetic	syn_004045	0.0075683365576
synthetic_fixed	synthetic	syn_004046	0.00829767435789
synthetic_fixed	synthetic	syn_004047	0.00421275570989
synthetic_fixed	synthetic	syn_004048	0.0049732401967
synthetic_fixed	synthetic	syn_004049	0.00642359629273
synthetic_fixed	synthetic	syn_004050	0.00544501515105
synthetic_fixed	synthetic	syn_004051	0.0125061944127
synthetic_fixed	synthetic	syn_004052	0.00955772399902
synthetic_fixed	synthetic	syn_004053	0.00753499148414
synthetic_fixed	synthetic	syn_004054	0.00710728764534
synthetic_fixed	synthetic	syn_004055	0.00980788189918
synthetic_fixed	synthetic	syn_004056	0.00490158144385
synthetic_fixed	synthetic	syn_004057	0.00885370187461
synthetic_fixed	synthetic	syn_004058	0.00962275639176
synthetic_fixed	synthetic	syn_004059	0.0131613686681
synthetic_fixed	synthetic	syn_004060	0.0102996146306
synthetic_fixed	synthetic	syn_004061	0.00481875613332
synthetic_fixed	synthetic	syn_004062	0.00448477594182
synthetic_fixed	synthetic	syn_004063	0.00793483108282
synthetic_fixed	synthetic	syn_004064	0.00611932948232
synthetic_fixed	synthetic	syn_004065	0.00944960210472
synthetic_fixed	synthetic	syn_004066	0.0142694301903
synthetic_fixed	synthetic	syn_004067	0.0073243426159
synthetic_fixed	synthetic	syn_004068	0.0101975146681
synthetic_fixed	synthetic	syn_004069	0.00973207410425
synthetic_fixed	synthetic	syn_004070	0.00819000601768
synthetic_fixed	synthetic	syn_004071	0.016820250079
synthetic_fixed	synthetic	syn_004072	0.0110096335411
synthetic_fixed	synthetic	syn_004073	0.00606401264668
synthetic_fixed	synthetic	syn_004074	0.00636908598244
synthetic_fixed	synthetic	syn_004075	0.00626193080097
synthetic_fixed	synthetic	syn_004076	0.0118945501745
synthetic_fixed	synthetic	syn_004077	0.0143872080371
synthetic_fixed	synthetic	syn_004078	0.00748397083953
synthetic_fixed	synthetic	syn_004079	0.00525078410283
synthetic_fixed	synthetic	syn_004080	0.00918588787317
synthetic_fixed	synthetic	syn_004081	0.00678360229358
synthetic_fixed	synthetic	syn_004082	0.00831259228289
synthetic_fixed	synthetic	syn_004083	0.00609861733392
synthetic_fixed	synthetic	syn_004084	0.00620682816952
synthetic_fixed	synthetic	syn_004085	0.00863209925592
synthetic_fixed	synthetic	syn_004086	0.00691019417718
synthetic_fixed	synthetic	syn_004087	0.00513706030324
synthetic_fixed	synthetic	syn_004088	0.00553447008133
synthetic_fixed	synthetic	syn_004089	0.00427577644587
synthetic_fixed	synthetic	syn_004090	0.00549270864576
synthetic_fixed	synthetic	syn_004091	0.0097689665854
synthetic_fixed	synthetic	syn_004092	0.0108903748915
synthetic_fixed	synthetic	syn_004093	0.00987990945578
synthetic_fixed	synthetic	syn_004094	0.00820290669799
synthetic_fixed	synthetic	syn_004095	0.00820292159915
synthetic_fixed	synthetic	syn_004096	0.00429528020322
synthetic_fixed	synthetic	syn_004097	0.00718515133485
synthetic_fixed	synthetic	syn_004098	0.00884360261261
synthetic_fixed	synthetic	syn_004099	0.0074285552837
synthetic_fixed	synthetic	syn_004100	0.00549269001931
synthetic_fixed	synthetic	syn_004101	0.00487098563462
synthetic_fixed	synthetic	syn_004102	0.00979833398014
synthetic_fixed	synthetic	syn_004103	0.00546074751765
synthetic_fixed	synthetic	syn_004104	0.0067000836134
synthetic_fixed	synthetic	syn_004105	0.00501905661076
synthetic_fixed	synthetic	syn_004106	0.00742897950113
synthetic_fixed	synthetic	syn_004107	0.00771073438227
synthetic_fixed	synthetic	syn_004108	0.00811972282827
synthetic_fixed	synthetic	syn_004109	0.00577968684956
synthetic_fixed	synthetic	syn_004110	0.00760561367497
synthetic_fixed	synthetic	syn_004111	0.00618756469339
synthetic_fixed	synthetic	syn_004112	0.00733937695622
synthetic_fixed	synthetic	syn_004113	0.00923120602965
synthetic_fixed	synthetic	syn_004114	0.00567966047674
synthetic_fixed	synthetic	syn_004115	0.00792231224477
synthetic_fixed	synthetic	syn_004116	0.0076476726681
synthetic_fixed	synthetic	syn_004117	0.0083141727373
synthetic_fixed	synthetic	syn_004118	0.00761661864817
synthetic_fixed	synthetic	syn_004119	0.0062437094748
synthetic_fixed	synthetic	syn_004120	0.00609420984983
synthetic_fixed	synthetic	syn_004121	0.00471992604434
synthetic_fixed	synthetic	syn_004122	0.00569471158087
synthetic_fixed	synthetic	syn_004123	0.00847534276545
synthetic_fixed	synthetic	syn_004124	0.00680531188846
synthetic_fixed	synthetic	syn_004125	0.0078638587147
synthetic_fixed	synthetic	syn_004126	0.00573607487604
synthetic_fixed	synthetic	syn_004127	0.00652758777142
synthetic_fixed	synthetic	syn_004128	0.00948382820934
synthetic_fixed	synthetic	syn_004129	0.0101422443986
synthetic_fixed	synthetic	syn_004130	0.0112406564876
synthetic_fixed	synthetic	syn_004131	0.00607523415238
synthetic_fixed	synthetic	syn_004132	0.00711935944855
synthetic_fixed	synthetic	syn_004133	0.00518254097551
synthetic_fixed	synthetic	syn_004134	0.00703755905852
synthetic_fixed	synthetic	syn_004135	0.00700687477365
synthetic_fixed	synthetic	syn_004136	0.0110635776073
synthetic_fixed	synthetic	syn_004137	0.00986883975565
synthetic_fixed	synthetic	syn_004138	0.0123069994152
synthetic_fixed	synthetic	syn_004139	0.00431302934885
synthetic_fixed	synthetic	syn_004140	0.00483337324113
synthetic_fixed	synthetic	syn_004141	0.0115052256733
synthetic_fixed	synthetic	syn_004142	0.00979156699032
synthetic_fixed	synthetic	syn_004143	0.00723217101768
synthetic_fixed	synthetic	syn_004144	0.00688893301412
synthetic_fixed	synthetic	syn_004145	0.00732275750488
synthetic_fixed	synthetic	syn_004146	0.00413778889924
synthetic_fixed	synthetic	syn_004147	0.00954854022712
synthetic_fixed	synthetic	syn_004148	0.0101222926751
synthetic_fixed	synthetic	syn_004149	0.0084291594103
synthetic_fixed	synthetic	syn_004150	0.00739767542109
synthetic_fixed	synthetic	syn_004151	0.0079903267324
synthetic_fixed	synthetic	syn_004152	0.0120499534532
synthetic_fixed	synthetic	syn_004153	0.00711449049413
synthetic_fixed	synthetic	syn_004154	0.00692471535876
synthetic_fixed	synthetic	syn_004155	0.0157359410077
synthetic_fixed	synthetic	syn_004156	0.00763085577637
synthetic_fixed	synthetic	syn_004157	0.00518057122827
synthetic_fixed	synthetic	syn_004158	0.0059073837474
synthetic_fixed	synthetic	syn_004159	0.00672257272527
synthetic_fixed	synthetic	syn_004160	0.00866692885756
synthetic_fixed	synthetic	syn_004161	0.00908803287894
synthetic_fixed	synthetic	syn_004162	0.0110505623743
synthetic_fixed	synthetic	syn_004163	0.00811178423464
synthetic_fixed	synthetic	syn_004164	0.00531849404797
synthetic_fixed	synthetic	syn_004165	0.016704980284
synthetic_fixed	synthetic	syn_004166	0.0101455096155
synthetic_fixed	synthetic	syn_004167	0.00796997733414
synthetic_fixed	synthetic	syn_004168	0.00538801774383
synthetic_fixed	synthetic	syn_004169	0.00941772107035
synthetic_fixed	synthetic	syn_004170	0.0139827691019
synthetic_fixed	synthetic	syn_004171	0.00423269858584
synthetic_fixed	synthetic	syn_004172	0.00838741194457
synthetic_fixed	synthetic	syn_004173	0.0117334444076
synthetic_fixed	synthetic	syn_004174	0.00840027816594
synthetic_fixed	synthetic	syn_004175	0.0168010368943
synthetic_fixed	synthetic	syn_004176	0.00607614265755
synthetic_fixed	synthetic	syn_004177	0.0069310804829
synthetic_fixed	synthetic	syn_004178	0.00605840142816
synthetic_fixed	synthetic	syn_004179	0.00356694310904
synthetic_fixed	synthetic	syn_004180	0.00542946532369
synthetic_fixed	synthetic	syn_004181	0.0056545897387
synthetic_fixed	synthetic	syn_004182	0.010955195874
synthetic_fixed	synthetic	syn_004183	0.00989358127117
synthetic_fixed	synthetic	syn_004184	0.0049912231043
synthetic_fixed	synthetic	syn_004185	0.0093433149159
synthetic_fixed	synthetic	syn_004186	0.00666892249137
synthetic_fixed	synthetic	syn_004187	0.0064230626449
synthetic_fixed	synthetic	syn_004188	0.00621312856674
synthetic_fixed	synthetic	syn_004189	0.00890010409057
synthetic_fixed	synthetic	syn_004190	0.00759652908891
synthetic_fixed	synthetic	syn_004191	0.00709250289947
synthetic_fixed	synthetic	syn_004192	0.00826720800251
synthetic_fixed	synthetic	syn_004193	0.00551769230515
synthetic_fixed	synthetic	syn_004194	0.00667677540332
synthetic_fixed	synthetic	syn_004195	0.00847637280822
synthetic_fixed	synthetic	syn_004196	0.00504377856851
synthetic_fixed	synthetic	syn_004197	0.00602623727173
synthetic_fixed	synthetic	syn_004198	0.00781328976154
synthetic_fixed	synthetic	syn_004199	0.00422552460805
synthetic_fixed	synthetic	syn_004200	0.0082277636975
synthetic_fixed	synthetic	syn_004201	0.0064755147323
synthetic_fixed	synthetic	syn_004202	0.0110579542816
synthetic_fixed	synthetic	syn_004203	0.00566624989733
synthetic_fixed	synthetic	syn_004204	0.00780491344631
synthetic_fixed	synthetic	syn_004205	0.00857531372458
synthetic_fixed	synthetic	syn_004206	0.00893793255091
synthetic_fixed	synthetic	syn_004207	0.0069492990151
synthetic_fixed	synthetic	syn_004208	0.00721998373047
synthetic_fixed	synthetic	syn_004209	0.00634364970028
synthetic_fixed	synthetic	syn_004210	0.00515777338296
synthetic_fixed	synthetic	syn_004211	0.00471776910126
synthetic_fixed	synthetic	syn_004212	0.00801184214652
synthetic_fixed	synthetic	syn_004213	0.00631938502192
synthetic_fixed	synthetic	syn_004214	0.0106971561909
synthetic_fixed	synthetic	syn_004215	0.0079951249063
synthetic_fixed	synthetic	syn_004216	0.0079136705026
synthetic_fixed	synthetic	syn_004217	0.00817114673555
synthetic_fixed	synthetic	syn_004218	0.00507377367467
synthetic_fixed	synthetic	syn_004219	0.00458294712007
synthetic_fixed	synthetic	syn_004220	0.00625758245587
synthetic_fixed	synthetic	syn_004221	0.0144086778164
synthetic_fixed	synthetic	syn_004222	0.010795943439
synthetic_fixed	synthetic	syn_004223	0.00962369143963
synthetic_fixed	synthetic	syn_004224	0.00592278828844
synthetic_fixed	synthetic	syn_004225	0.00586117524654
synthetic_fixed	synthetic	syn_004226	0.0108796264976
synthetic_fixed	synthetic	syn_004227	0.0111103439704
synthetic_fixed	synthetic	syn_004228	0.00615181168541
synthetic_fixed	synthetic	syn_004229	0.00649070274085
synthetic_fixed	synthetic	syn_004230	0.0103041846305
synthetic_fixed	synthetic	syn_004231	0.0106012653559
synthetic_fixed	synthetic	syn_004232	0.0101858116686
synthetic_fixed	synthetic	syn_004233	0.00725626107305
synthetic_fixed	synthetic	syn_004234	0.00630344590172
synthetic_fixed	synthetic	syn_004235	0.00577518716455
synthetic_fixed	synthetic	syn_004236	0.00957937352359
synthetic_fixed	synthetic	syn_004237	0.00747619709
synthetic_fixed	synthetic	syn_004238	0.00921529717743
synthetic_fixed	synthetic	syn_004239	0.0079640019685
synthetic_fixed	synthetic	syn_004240	0.0116732027382
synthetic_fixed	synthetic	syn_004241	0.00909364875406
synthetic_fixed	synthetic	syn_004242	0.00845948979259
synthetic_fixed	synthetic	syn_004243	0.00616422016174
synthetic_fixed	synthetic	syn_004244	0.00602932646871
synthetic_fixed	synthetic	syn_004245	0.0138317495584
synthetic_fixed	synthetic	syn_004246	0.00598535034806
synthetic_fixed	synthetic	syn_004247	0.00841008964926
synthetic_fixed	synthetic	syn_004248	0.00731131574139
synthetic_fixed	synthetic	syn_004249	0.00952004082501
synthetic_fixed	synthetic	syn_004250	0.00588534399867
synthetic_fixed	synthetic	syn_004251	0.00762484781444
synthetic_fixed	synthetic	syn_004252	0.0057431422174
synthetic_fixed	synthetic	syn_004253	0.0104997595772
synthetic_fixed	synthetic	syn_004254	0.00719788204879
synthetic_fixed	synthetic	syn_004255	0.00781588070095
synthetic_fixed	synthetic	syn_004256	0.00610583648086
synthetic_fixed	synthetic	syn_004257	0.0199838075787
synthetic_fixed	synthetic	syn_004258	0.00668732821941
synthetic_fixed	synthetic	syn_004259	0.00975429266691
synthetic_fixed	synthetic	syn_004260	0.00708307791501
synthetic_fixed	synthetic	syn_004261	0.00822833925486
synthetic_fixed	synthetic	syn_004262	0.00804512295872
synthetic_fixed	synthetic	syn_004263	0.00639729201794
synthetic_fixed	synthetic	syn_004264	0.00596224050969
synthetic_fixed	synthetic	syn_004265	0.00710654025897
synthetic_fixed	synthetic	syn_004266	0.00581716606393
synthetic_fixed	synthetic	syn_004267	0.00977736711502
synthetic_fixed	synthetic	syn_004268	0.0102958157659
synthetic_fixed	synthetic	syn_004269	0.00521822180599
synthetic_fixed	synthetic	syn_004270	0.00610274029896
synthetic_fixed	synthetic	syn_004271	0.00863323174417
synthetic_fixed	synthetic	syn_004272	0.00673541799188
synthetic_fixed	synthetic	syn_004273	0.00673170248047
synthetic_fixed	synthetic	syn_004274	0.00849219784141
synthetic_fixed	synthetic	syn_004275	0.00850526057184
synthetic_fixed	synthetic	syn_004276	0.0100170113146
synthetic_fixed	synthetic	syn_004277	0.00523197557777
synthetic_fixed	synthetic	syn_004278	0.00765875261277
synthetic_fixed	synthetic	syn_004279	0.00853752158582
synthetic_fixed	synthetic	syn_004280	0.00883552618325
synthetic_fixed	synthetic	syn_004281	0.00859615113586
synthetic_fixed	synthetic	syn_004282	0.00586590915918
synthetic_fixed	synthetic	syn_004283	0.00520382635295
synthetic_fixed	synthetic	syn_004284	0.00684830825776
synthetic_fixed	synthetic	syn_004285	0.00486502284184
synthetic_fixed	synthetic	syn_004286	0.00887488201261
synthetic_fixed	synthetic	syn_004287	0.00813858304173
synthetic_fixed	synthetic	syn_004288	0.00648594973609
synthetic_fixed	synthetic	syn_004289	0.00792726688087
synthetic_fixed	synthetic	syn_004290	0.00590175017715
synthetic_fixed	synthetic	syn_004291	0.00875049736351
synthetic_fixed	synthetic	syn_004292	0.003854571376
synthetic_fixed	synthetic	syn_004293	0.00824339129031
synthetic_fixed	synthetic	syn_004294	0.0034236991778
synthetic_fixed	synthetic	syn_004295	0.0100034074858
synthetic_fixed	synthetic	syn_004296	0.00621507456526
synthetic_fixed	synthetic	syn_004297	0.00808933377266
synthetic_fixed	synthetic	syn_004298	0.00530474074185
synthetic_fixed	synthetic	syn_004299	0.00595822557807
synthetic_fixed	synthetic	syn_004300	0.00492332968861
synthetic_fixed	synthetic	syn_004301	0.00706893205643
synthetic_fixed	synthetic	syn_004302	0.00799084641039
synthetic_fixed	synthetic	syn_004303	0.0102061908692
synthetic_fixed	synthetic	syn_004304	0.0048819668591
synthetic_fixed	synthetic	syn_004305	0.0113522298634
synthetic_fixed	synthetic	syn_004306	0.00846640300006
synthetic_fixed	synthetic	syn_004307	0.00840455293655
synthetic_fixed	synthetic	syn_004308	0.00592753104866
synthetic_fixed	synthetic	syn_004309	0.00698002288118
synthetic_fixed	synthetic	syn_004310	0.00871687661856
synthetic_fixed	synthetic	syn_004311	0.00784801226109
synthetic_fixed	synthetic	syn_004312	0.00603859405965
synthetic_fixed	synthetic	syn_004313	0.0115959346294
synthetic_fixed	synthetic	syn_004314	0.00901822187006
synthetic_fixed	synthetic	syn_004315	0.00980966258794
synthetic_fixed	synthetic	syn_004316	0.00989086180925
synthetic_fixed	synthetic	syn_004317	0.0101196076721
synthetic_fixed	synthetic	syn_004318	0.0081311808899
synthetic_fixed	synthetic	syn_004319	0.00635587377474
synthetic_fixed	synthetic	syn_004320	0.00499740988016
synthetic_fixed	synthetic	syn_004321	0.00834851991385
synthetic_fixed	synthetic	syn_004322	0.0087865954265
synthetic_fixed	synthetic	syn_004323	0.00908778049052
synthetic_fixed	synthetic	syn_004324	0.00781731959432
synthetic_fixed	synthetic	syn_004325	0.00703394971788
synthetic_fixed	synthetic	syn_004326	0.00707245524973
synthetic_fixed	synthetic	syn_004327	0.00776203628629
synthetic_fixed	synthetic	syn_004328	0.00709445634857
synthetic_fixed	synthetic	syn_004329	0.0062328055501
synthetic_fixed	synthetic	syn_004330	0.00852946937084
synthetic_fixed	synthetic	syn_004331	0.00702620390803
synthetic_fixed	synthetic	syn_004332	0.0064851231873
synthetic_fixed	synthetic	syn_004333	0.00814081076533
synthetic_fixed	synthetic	syn_004334	0.0103544294834
synthetic_fixed	synthetic	syn_004335	0.0105216987431
synthetic_fixed	synthetic	syn_004336	0.00930543243885
synthetic_fixed	synthetic	syn_004337	0.0094204293564
synthetic_fixed	synthetic	syn_004338	0.00560938939452
synthetic_fixed	synthetic	syn_004339	0.00656070699915
synthetic_fixed	synthetic	syn_004340	0.00933714956045
synthetic_fixed	synthetic	syn_004341	0.00631727371365
synthetic_fixed	synthetic	syn_004342	0.00640648463741
synthetic_fixed	synthetic	syn_004343	0.0141550060362
synthetic_fixed	synthetic	syn_004344	0.00616999343038
synthetic_fixed	synthetic	syn_004345	0.00490521173924
synthetic_fixed	synthetic	syn_004346	0.00883668661118
synthetic_fixed	synthetic	syn_004347	0.00789099745452
synthetic_fixed	synthetic	syn_004348	0.0212386194617
synthetic_fixed	synthetic	syn_004349	0.00977969262749
synthetic_fixed	synthetic	syn_004350	0.00589501392096
synthetic_fixed	synthetic	syn_004351	0.0075915986672
synthetic_fixed	synthetic	syn_004352	0.00587397860363
synthetic_fixed	synthetic	syn_004353	0.00742270145565
synthetic_fixed	synthetic	syn_004354	0.00695031322539
synthetic_fixed	synthetic	syn_004355	0.00908975861967
synthetic_fixed	synthetic	syn_004356	0.00818020291626
synthetic_fixed	synthetic	syn_004357	0.00445615313947
synthetic_fixed	synthetic	syn_004358	0.00709253177047
synthetic_fixed	synthetic	syn_004359	0.00754030887038
synthetic_fixed	synthetic	syn_004360	0.0439292564988
synthetic_fixed	synthetic	syn_004361	0.00668130675331
synthetic_fixed	synthetic	syn_004362	0.00654481956735
synthetic_fixed	synthetic	syn_004363	0.0069275428541
synthetic_fixed	synthetic	syn_004364	0.0072220666334
synthetic_fixed	synthetic	syn_004365	0.00977191701531
synthetic_fixed	synthetic	syn_004366	0.00965122692287
synthetic_fixed	synthetic	syn_004367	0.00595836946741
synthetic_fixed	synthetic	syn_004368	0.0149027258158
synthetic_fixed	synthetic	syn_004369	0.00991305988282
synthetic_fixed	synthetic	syn_004370	0.00634071510285
synthetic_fixed	synthetic	syn_004371	0.00748612126336
synthetic_fixed	synthetic	syn_004372	0.00486363377422
synthetic_fixed	synthetic	syn_004373	0.00817025080323
synthetic_fixed	synthetic	syn_004374	0.00544975139201
synthetic_fixed	synthetic	syn_004375	0.00752477301285
synthetic_fixed	synthetic	syn_004376	0.0087795574218
synthetic_fixed	synthetic	syn_004377	0.0144612817094
synthetic_fixed	synthetic	syn_004378	0.008076434955
synthetic_fixed	synthetic	syn_004379	0.00548616424203
synthetic_fixed	synthetic	syn_004380	0.0138450954109
synthetic_fixed	synthetic	syn_004381	0.0105668520555
synthetic_fixed	synthetic	syn_004382	0.00482288375497
synthetic_fixed	synthetic	syn_004383	0.00663915555924
synthetic_fixed	synthetic	syn_004384	0.00681380042806
synthetic_fixed	synthetic	syn_004385	0.00848113186657
synthetic_fixed	synthetic	syn_004386	0.00655868230388
synthetic_fixed	synthetic	syn_004387	0.0058261230588
synthetic_fixed	synthetic	syn_004388	0.00557696819305
synthetic_fixed	synthetic	syn_004389	0.00881949719042
synthetic_fixed	synthetic	syn_004390	0.00601243320853
synthetic_fixed	synthetic	syn_004391	0.00602192152292
synthetic_fixed	synthetic	syn_004392	0.00289621762931
synthetic_fixed	synthetic	syn_004393	0.0040146689862
synthetic_fixed	synthetic	syn_004394	0.00507398508489
synthetic_fixed	synthetic	syn_004395	0.00674777617678
synthetic_fixed	synthetic	syn_004396	0.0161169692874
synthetic_fixed	synthetic	syn_004397	0.005341402255
synthetic_fixed	synthetic	syn_004398	0.00733323022723
synthetic_fixed	synthetic	syn_004399	0.00758161209524
synthetic_fixed	synthetic	syn_004400	0.00964153278619
synthetic_fixed	synthetic	syn_004401	0.00749079138041
synthetic_fixed	synthetic	syn_004402	0.00575070083141
synthetic_fixed	synthetic	syn_004403	0.00755276251584
synthetic_fixed	synthetic	syn_004404	0.00597904063761
synthetic_fixed	synthetic	syn_004405	0.0127811776474
synthetic_fixed	synthetic	syn_004406	0.00787412654608
synthetic_fixed	synthetic	syn_004407	0.00850061699748
synthetic_fixed	synthetic	syn_004408	0.00886351242661
synthetic_fixed	synthetic	syn_004409	0.0062090754509
synthetic_fixed	synthetic	syn_004410	0.00744113698602
synthetic_fixed	synthetic	syn_004411	0.00843639299273
synthetic_fixed	synthetic	syn_004412	0.0167170278728
synthetic_fixed	synthetic	syn_004413	0.0108310952783
synthetic_fixed	synthetic	syn_004414	0.00759698683396
synthetic_fixed	synthetic	syn_004415	0.00902868527919
synthetic_fixed	synthetic	syn_004416	0.00533532304689
synthetic_fixed	synthetic	syn_004417	0.00719892606139
synthetic_fixed	synthetic	syn_004418	0.00663572270423
synthetic_fixed	synthetic	syn_004419	0.0121101886034
synthetic_fixed	synthetic	syn_004420	0.0060525899753
synthetic_fixed	synthetic	syn_004421	0.00836478173733
synthetic_fixed	synthetic	syn_004422	0.0150365196168
synthetic_fixed	synthetic	syn_004423	0.00527921970934
synthetic_fixed	synthetic	syn_004424	0.0067935725674
synthetic_fixed	synthetic	syn_004425	0.00868893973529
synthetic_fixed	synthetic	syn_004426	0.00785036943853
synthetic_fixed	synthetic	syn_004427	0.00868208147585
synthetic_fixed	synthetic	syn_004428	0.0125674307346
synthetic_fixed	synthetic	syn_004429	0.0108792353421
synthetic_fixed	synthetic	syn_004430	0.00839756149799
synthetic_fixed	synthetic	syn_004431	0.00622106902301
synthetic_fixed	synthetic	syn_004432	0.00314540066756
synthetic_fixed	synthetic	syn_004433	0.0109886303544
synthetic_fixed	synthetic	syn_004434	0.00778890028596
synthetic_fixed	synthetic	syn_004435	0.00621496327221
synthetic_fixed	synthetic	syn_004436	0.00559354573488
synthetic_fixed	synthetic	syn_004437	0.00567105319351
synthetic_fixed	synthetic	syn_004438	0.00736986193806
synthetic_fixed	synthetic	syn_004439	0.0061904611066
synthetic_fixed	synthetic	syn_004440	0.00940897781402
synthetic_fixed	synthetic	syn_004441	0.00783765595406
synthetic_fixed	synthetic	syn_004442	0.00575551297516
synthetic_fixed	synthetic	syn_004443	0.00631443271413
synthetic_fixed	synthetic	syn_004444	0.0065248128958
synthetic_fixed	synthetic	syn_004445	0.00722209969535
synthetic_fixed	synthetic	syn_004446	0.00369345350191
synthetic_fixed	synthetic	syn_004447	0.00749696558341
synthetic_fixed	synthetic	syn_004448	0.0089001422748
synthetic_fixed	synthetic	syn_004449	0.00873942952603
synthetic_fixed	synthetic	syn_004450	0.00728395674378
synthetic_fixed	synthetic	syn_004451	0.00584534415975
synthetic_fixed	synthetic	syn_004452	0.0068219890818
synthetic_fixed	synthetic	syn_004453	0.00792474299669
synthetic_fixed	synthetic	syn_004454	0.00697137555107
synthetic_fixed	synthetic	syn_004455	0.003916147165
synthetic_fixed	synthetic	syn_004456	0.00618408666924
synthetic_fixed	synthetic	syn_004457	0.00509869586676
synthetic_fixed	synthetic	syn_004458	0.00724156294018
synthetic_fixed	synthetic	syn_004459	0.00509439967573
synthetic_fixed	synthetic	syn_004460	0.00465706223622
synthetic_fixed	synthetic	syn_004461	0.00849584303796
synthetic_fixed	synthetic	syn_004462	0.00744529487565
synthetic_fixed	synthetic	syn_004463	0.0064475722611
synthetic_fixed	synthetic	syn_004464	0.00666807079688
synthetic_fixed	synthetic	syn_004465	0.00436852546409
synthetic_fixed	synthetic	syn_004466	0.00604472355917
synthetic_fixed	synthetic	syn_004467	0.00634664623067
synthetic_fixed	synthetic	syn_004468	0.00780800497159
synthetic_fixed	synthetic	syn_004469	0.00598822999746
synthetic_fixed	synthetic	syn_004470	0.00795675627887
synthetic_fixed	synthetic	syn_004471	0.00629287678748
synthetic_fixed	synthetic	syn_004472	0.0043652234599
synthetic_fixed	synthetic	syn_004473	0.00456432905048
synthetic_fixed	synthetic	syn_004474	0.00743457954377
synthetic_fixed	synthetic	syn_004475	0.00711276941001
synthetic_fixed	synthetic	syn_004476	0.00725959520787
synthetic_fixed	synthetic	syn_004477	0.00760048720986
synthetic_fixed	synthetic	syn_004478	0.0151281012222
synthetic_fixed	synthetic	syn_004479	0.00828120298684
synthetic_fixed	synthetic	syn_004480	0.00765189155936
synthetic_fixed	synthetic	syn_004481	0.00826251041144
synthetic_fixed	synthetic	syn_004482	0.00765074044466
synthetic_fixed	synthetic	syn_004483	0.00772085087374
synthetic_fixed	synthetic	syn_004484	0.00630314368755
synthetic_fixed	synthetic	syn_004485	0.00896296091378
synthetic_fixed	synthetic	syn_004486	0.00664122588933
synthetic_fixed	synthetic	syn_004487	0.0058983322233
synthetic_fixed	synthetic	syn_004488	0.00828128494322
synthetic_fixed	synthetic	syn_004489	0.0103413537145
synthetic_fixed	synthetic	syn_004490	0.00994938146323
synthetic_fixed	synthetic	syn_004491	0.00510664563626
synthetic_fixed	synthetic	syn_004492	0.0129703851417
synthetic_fixed	synthetic	syn_004493	0.00469720456749
synthetic_fixed	synthetic	syn_004494	0.00757972989231
synthetic_fixed	synthetic	syn_004495	0.00886816717684
synthetic_fixed	synthetic	syn_004496	0.00748528260738
synthetic_fixed	synthetic	syn_004497	0.0105273090303
synthetic_fixed	synthetic	syn_004498	0.0127861844376
synthetic_fixed	synthetic	syn_004499	0.00486231781542
synthetic_fixed	synthetic	syn_004500	0.00639621634036
synthetic_fixed	synthetic	syn_004501	0.003787699854
synthetic_fixed	synthetic	syn_004502	0.0115622123703
synthetic_fixed	synthetic	syn_004503	0.015166381374
synthetic_fixed	synthetic	syn_004504	0.00663163978606
synthetic_fixed	synthetic	syn_004505	0.00507303792983
synthetic_fixed	synthetic	syn_004506	0.00720797432587
synthetic_fixed	synthetic	syn_004507	0.0122444424778
synthetic_fixed	synthetic	syn_004508	0.00510030984879
synthetic_fixed	synthetic	syn_004509	0.00786923337728
synthetic_fixed	synthetic	syn_004510	0.00976663362235
synthetic_fixed	synthetic	syn_004511	0.00644690729678
synthetic_fixed	synthetic	syn_004512	0.00630742777139
synthetic_fixed	synthetic	syn_004513	0.0172716379166
synthetic_fixed	synthetic	syn_004514	0.0123488847166
synthetic_fixed	synthetic	syn_004515	0.0109054986387
synthetic_fixed	synthetic	syn_004516	0.0100635346025
synthetic_fixed	synthetic	syn_004517	0.00611329264939
synthetic_fixed	synthetic	syn_004518	0.0079115787521
synthetic_fixed	synthetic	syn_004519	0.0056699225679
synthetic_fixed	synthetic	syn_004520	0.00942744873464
synthetic_fixed	synthetic	syn_004521	0.00956013612449
synthetic_fixed	synthetic	syn_004522	0.00802345760167
synthetic_fixed	synthetic	syn_004523	0.00895168446004
synthetic_fixed	synthetic	syn_004524	0.00773129332811
synthetic_fixed	synthetic	syn_004525	0.00628450047225
synthetic_fixed	synthetic	syn_004526	0.0080603165552
synthetic_fixed	synthetic	syn_004527	0.00729776080698
synthetic_fixed	synthetic	syn_004528	0.00598367583007
synthetic_fixed	synthetic	syn_004529	0.00691867619753
synthetic_fixed	synthetic	syn_004530	0.00977506861091
synthetic_fixed	synthetic	syn_004531	0.0074441479519
synthetic_fixed	synthetic	syn_004532	0.00832860916853
synthetic_fixed	synthetic	syn_004533	0.00683170557022
synthetic_fixed	synthetic	syn_004534	0.00828058738261
synthetic_fixed	synthetic	syn_004535	0.00818676780909
synthetic_fixed	synthetic	syn_004536	0.0149967670441
synthetic_fixed	synthetic	syn_004537	0.00894845928997
synthetic_fixed	synthetic	syn_004538	0.00708680972457
synthetic_fixed	synthetic	syn_004539	0.00825960375369
synthetic_fixed	synthetic	syn_004540	0.00877320766449
synthetic_fixed	synthetic	syn_004541	0.00834273546934
synthetic_fixed	synthetic	syn_004542	0.00640319753438
synthetic_fixed	synthetic	syn_004543	0.0062646898441
synthetic_fixed	synthetic	syn_004544	0.0046362131834
synthetic_fixed	synthetic	syn_004545	0.00429048761725
synthetic_fixed	synthetic	syn_004546	0.00875868275762
synthetic_fixed	synthetic	syn_004547	0.00930576305836
synthetic_fixed	synthetic	syn_004548	0.00770240323618
synthetic_fixed	synthetic	syn_004549	0.00757910776883
synthetic_fixed	synthetic	syn_004550	0.0106452209875
synthetic_fixed	synthetic	syn_004551	0.0111782131717
synthetic_fixed	synthetic	syn_004552	0.00900044012815
synthetic_fixed	synthetic	syn_004553	0.00442490028217
synthetic_fixed	synthetic	syn_004554	0.0134754544124
synthetic_fixed	synthetic	syn_004555	0.00676686130464
synthetic_fixed	synthetic	syn_004556	0.0115134455264
synthetic_fixed	synthetic	syn_004557	0.00625790422782
synthetic_fixed	synthetic	syn_004558	0.00300185079686
synthetic_fixed	synthetic	syn_004559	0.00462443847209
synthetic_fixed	synthetic	syn_004560	0.00700613670051
synthetic_fixed	synthetic	syn_004561	0.00691330013797
synthetic_fixed	synthetic	syn_004562	0.0099732382223
synthetic_fixed	synthetic	syn_004563	0.0108755081892
synthetic_fixed	synthetic	syn_004564	0.00610511656851
synthetic_fixed	synthetic	syn_004565	0.00738764135167
synthetic_fixed	synthetic	syn_004566	0.00790878757834
synthetic_fixed	synthetic	syn_004567	0.00940179824829
synthetic_fixed	synthetic	syn_004568	0.00602871971205
synthetic_fixed	synthetic	syn_004569	0.00612666271627
synthetic_fixed	synthetic	syn_004570	0.00725547736511
synthetic_fixed	synthetic	syn_004571	0.010023439303
synthetic_fixed	synthetic	syn_004572	0.00851050019264
synthetic_fixed	synthetic	syn_004573	0.00521538872272
synthetic_fixed	synthetic	syn_004574	0.00751060992479
synthetic_fixed	synthetic	syn_004575	0.00769155379385
synthetic_fixed	synthetic	syn_004576	0.00922975502908
synthetic_fixed	synthetic	syn_004577	0.0073969992809
synthetic_fixed	synthetic	syn_004578	0.0152580263093
synthetic_fixed	synthetic	syn_004579	0.00537499785423
synthetic_fixed	synthetic	syn_004580	0.00578691717237
synthetic_fixed	synthetic	syn_004581	0.00711107626557
synthetic_fixed	synthetic	syn_004582	0.00522439554334
synthetic_fixed	synthetic	syn_004583	0.00458566704765
synthetic_fixed	synthetic	syn_004584	0.00709404144436
synthetic_fixed	synthetic	syn_004585	0.00715362373739
synthetic_fixed	synthetic	syn_004586	0.00335931032896
synthetic_fixed	synthetic	syn_004587	0.00930931791663
synthetic_fixed	synthetic	syn_004588	0.00777856074274
synthetic_fixed	synthetic	syn_004589	0.00585932657123
synthetic_fixed	synthetic	syn_004590	0.00827092863619
synthetic_fixed	synthetic	syn_004591	0.00571787450463
synthetic_fixed	synthetic	syn_004592	0.00972647499293
synthetic_fixed	synthetic	syn_004593	0.00511532835662
synthetic_fixed	synthetic	syn_004594	0.00437252130359
synthetic_fixed	synthetic	syn_004595	0.00692342128605
synthetic_fixed	synthetic	syn_004596	0.00624012947083
synthetic_fixed	synthetic	syn_004597	0.00486556161195
synthetic_fixed	synthetic	syn_004598	0.0075864950195
synthetic_fixed	synthetic	syn_004599	0.00844246335328
synthetic_fixed	synthetic	syn_004600	0.00903170928359
synthetic_fixed	synthetic	syn_004601	0.00340010691434
synthetic_fixed	synthetic	syn_004602	0.00743412273005
synthetic_fixed	synthetic	syn_004603	0.00802658032626
synthetic_fixed	synthetic	syn_004604	0.00911770481616
synthetic_fixed	synthetic	syn_004605	0.00775783741847
synthetic_fixed	synthetic	syn_004606	0.0064385868609
synthetic_fixed	synthetic	syn_004607	0.00667280238122
synthetic_fixed	synthetic	syn_004608	0.00541772320867
synthetic_fixed	synthetic	syn_004609	0.0104564437643
synthetic_fixed	synthetic	syn_004610	0.00832907669246
synthetic_fixed	synthetic	syn_004611	0.0101398322731
synthetic_fixed	synthetic	syn_004612	0.0094480086118
synthetic_fixed	synthetic	syn_004613	0.00683385878801
synthetic_fixed	synthetic	syn_004614	0.00716753862798
synthetic_fixed	synthetic	syn_004615	0.00591187598184
synthetic_fixed	synthetic	syn_004616	0.0129241934046
synthetic_fixed	synthetic	syn_004617	0.00952217169106
synthetic_fixed	synthetic	syn_004618	0.00859469827265
synthetic_fixed	synthetic	syn_004619	0.00459113903344
synthetic_fixed	synthetic	syn_004620	0.00616323761642
synthetic_fixed	synthetic	syn_004621	0.0058719208464
synthetic_fixed	synthetic	syn_004622	0.00674001220614
synthetic_fixed	synthetic	syn_004623	0.00595999509096
synthetic_fixed	synthetic	syn_004624	0.00508813653141
synthetic_fixed	synthetic	syn_004625	0.00868049450219
synthetic_fixed	synthetic	syn_004626	0.00403993390501
synthetic_fixed	synthetic	syn_004627	0.0102545311674
synthetic_fixed	synthetic	syn_004628	0.00870761927217
synthetic_fixed	synthetic	syn_004629	0.00527414493263
synthetic_fixed	synthetic	syn_004630	0.00531854806468
synthetic_fixed	synthetic	syn_004631	0.00646761478856
synthetic_fixed	synthetic	syn_004632	0.00900238379836
synthetic_fixed	synthetic	syn_004633	0.00554886134341
synthetic_fixed	synthetic	syn_004634	0.005460687913
synthetic_fixed	synthetic	syn_004635	0.0064208493568
synthetic_fixed	synthetic	syn_004636	0.00872202031314
synthetic_fixed	synthetic	syn_004637	0.00699945772067
synthetic_fixed	synthetic	syn_004638	0.011926298961
synthetic_fixed	synthetic	syn_004639	0.00524226110429
synthetic_fixed	synthetic	syn_004640	0.00569009687752
synthetic_fixed	synthetic	syn_004641	0.0036878362298
synthetic_fixed	synthetic	syn_004642	0.00460924208164
synthetic_fixed	synthetic	syn_004643	0.00515741435811
synthetic_fixed	synthetic	syn_004644	0.0107301101089
synthetic_fixed	synthetic	syn_004645	0.00913668423891
synthetic_fixed	synthetic	syn_004646	0.00885096378624
synthetic_fixed	synthetic	syn_004647	0.0104767959565
synthetic_fixed	synthetic	syn_004648	0.00797933991998
synthetic_fixed	synthetic	syn_004649	0.00689738243818
synthetic_fixed	synthetic	syn_004650	0.00968960113823
synthetic_fixed	synthetic	syn_004651	0.0078507065773
synthetic_fixed	synthetic	syn_004652	0.00714706676081
synthetic_fixed	synthetic	syn_004653	0.00327531225048
synthetic_fixed	synthetic	syn_004654	0.00563349016011
synthetic_fixed	synthetic	syn_004655	0.00560311414301
synthetic_fixed	synthetic	syn_004656	0.00772062828764
synthetic_fixed	synthetic	syn_004657	0.00332460948266
synthetic_fixed	synthetic	syn_004658	0.00624898076057
synthetic_fixed	synthetic	syn_004659	0.00377638963982
synthetic_fixed	synthetic	syn_004660	0.00537790823728
synthetic_fixed	synthetic	syn_004661	0.00639810692519
synthetic_fixed	synthetic	syn_004662	0.00529582193121
synthetic_fixed	synthetic	syn_004663	0.00652498472482
synthetic_fixed	synthetic	syn_004664	0.00919020175934
synthetic_fixed	synthetic	syn_004665	0.0064879162237
synthetic_fixed	synthetic	syn_004666	0.00838317908347
synthetic_fixed	synthetic	syn_004667	0.0101838996634
synthetic_fixed	synthetic	syn_004668	0.00575246382505
synthetic_fixed	synthetic	syn_004669	0.00719897449017
synthetic_fixed	synthetic	syn_004670	0.00701456516981
synthetic_fixed	synthetic	syn_004671	0.00905055273324
synthetic_fixed	synthetic	syn_004672	0.0105833653361
synthetic_fixed	synthetic	syn_004673	0.00615662895143
synthetic_fixed	synthetic	syn_004674	0.00836045574397
synthetic_fixed	synthetic	syn_004675	0.0110376542434
synthetic_fixed	synthetic	syn_004676	0.00642887502909
synthetic_fixed	synthetic	syn_004677	0.0153915481642
synthetic_fixed	synthetic	syn_004678	0.0108998212963
synthetic_fixed	synthetic	syn_004679	0.00912972167134
synthetic_fixed	synthetic	syn_004680	0.00726485718042
synthetic_fixed	synthetic	syn_004681	0.00914768408984
synthetic_fixed	synthetic	syn_004682	0.0102009233087
synthetic_fixed	synthetic	syn_004683	0.00976438447833
synthetic_fixed	synthetic	syn_004684	0.00911553669721
synthetic_fixed	synthetic	syn_004685	0.00685185566545
synthetic_fixed	synthetic	syn_004686	0.00613309396431
synthetic_fixed	synthetic	syn_004687	0.00719125242904
synthetic_fixed	synthetic	syn_004688	0.00680810958147
synthetic_fixed	synthetic	syn_004689	0.00903346110135
synthetic_fixed	synthetic	syn_004690	0.00822160299867
synthetic_fixed	synthetic	syn_004691	0.00563046289608
synthetic_fixed	synthetic	syn_004692	0.00489356834441
synthetic_fixed	synthetic	syn_004693	0.0121085569263
synthetic_fixed	synthetic	syn_004694	0.00876807793975
synthetic_fixed	synthetic	syn_004695	0.00867649167776
synthetic_fixed	synthetic	syn_004696	0.00598760694265
synthetic_fixed	synthetic	syn_004697	0.00669077178463
synthetic_fixed	synthetic	syn_004698	0.00455917045474
synthetic_fixed	synthetic	syn_004699	0.00361515954137
synthetic_fixed	synthetic	syn_004700	0.00465239258483
synthetic_fixed	synthetic	syn_004701	0.00594734493643
synthetic_fixed	synthetic	syn_004702	0.0155645720661
synthetic_fixed	synthetic	syn_004703	0.00613744789734
synthetic_fixed	synthetic	syn_004704	0.00736976321787
synthetic_fixed	synthetic	syn_004705	0.00634908862412
synthetic_fixed	synthetic	syn_004706	0.00850293412805
synthetic_fixed	synthetic	syn_004707	0.0113739185035
synthetic_fixed	synthetic	syn_004708	0.0135146658868
synthetic_fixed	synthetic	syn_004709	0.0071242377162
synthetic_fixed	synthetic	syn_004710	0.00809878762811
synthetic_fixed	synthetic	syn_004711	0.00490502361208
synthetic_fixed	synthetic	syn_004712	0.00814467668533
synthetic_fixed	synthetic	syn_004713	0.00599621981382
synthetic_fixed	synthetic	syn_004714	0.00555190816522
synthetic_fixed	synthetic	syn_004715	0.00490279728547
synthetic_fixed	synthetic	syn_004716	0.0035659337882
synthetic_fixed	synthetic	syn_004717	0.0088199917227
synthetic_fixed	synthetic	syn_004718	0.0152270942926
synthetic_fixed	synthetic	syn_004719	0.0063655897975
synthetic_fixed	synthetic	syn_004720	0.00860326737165
synthetic_fixed	synthetic	syn_004721	0.00498609337956
synthetic_fixed	synthetic	syn_004722	0.00945790205151
synthetic_fixed	synthetic	syn_004723	0.00920819118619
synthetic_fixed	synthetic	syn_004724	0.00604556920007
synthetic_fixed	synthetic	syn_004725	0.00555141689256
synthetic_fixed	synthetic	syn_004726	0.0075253341347
synthetic_fixed	synthetic	syn_004727	0.0050912713632
synthetic_fixed	synthetic	syn_004728	0.00901363324374
synthetic_fixed	synthetic	syn_004729	0.00799278542399
synthetic_fixed	synthetic	syn_004730	0.00588689930737
synthetic_fixed	synthetic	syn_004731	0.00809879228473
synthetic_fixed	synthetic	syn_004732	0.00725047755986
synthetic_fixed	synthetic	syn_004733	0.00634080078453
synthetic_fixed	synthetic	syn_004734	0.00689867697656
synthetic_fixed	synthetic	syn_004735	0.00626063067466
synthetic_fixed	synthetic	syn_004736	0.00697271060199
synthetic_fixed	synthetic	syn_004737	0.00420451443642
synthetic_fixed	synthetic	syn_004738	0.00851251371205
synthetic_fixed	synthetic	syn_004739	0.00553471921012
synthetic_fixed	synthetic	syn_004740	0.00642451830208
synthetic_fixed	synthetic	syn_004741	0.00390134565532
synthetic_fixed	synthetic	syn_004742	0.00892622955143
synthetic_fixed	synthetic	syn_004743	0.00601127371192
synthetic_fixed	synthetic	syn_004744	0.0060951220803
synthetic_fixed	synthetic	syn_004745	0.00853716395795
synthetic_fixed	synthetic	syn_004746	0.0113383373246
synthetic_fixed	synthetic	syn_004747	0.00472699385136
synthetic_fixed	synthetic	syn_004748	0.00767882727087
synthetic_fixed	synthetic	syn_004749	0.00735162198544
synthetic_fixed	synthetic	syn_004750	0.00599739700556
synthetic_fixed	synthetic	syn_004751	0.00854417867959
synthetic_fixed	synthetic	syn_004752	0.00701851490885
synthetic_fixed	synthetic	syn_004753	0.00664007570595
synthetic_fixed	synthetic	syn_004754	0.00585203245282
synthetic_fixed	synthetic	syn_004755	0.00777783384547
synthetic_fixed	synthetic	syn_004756	0.00742776691914
synthetic_fixed	synthetic	syn_004757	0.00879277475178
synthetic_fixed	synthetic	syn_004758	0.00864443928003
synthetic_fixed	synthetic	syn_004759	0.00873113051057
synthetic_fixed	synthetic	syn_004760	0.0155369602144
synthetic_fixed	synthetic	syn_004761	0.00763381784782
synthetic_fixed	synthetic	syn_004762	0.0135818971321
synthetic_fixed	synthetic	syn_004763	0.00683481851593
synthetic_fixed	synthetic	syn_004764	0.0104661202058
synthetic_fixed	synthetic	syn_004765	0.00807788129896
synthetic_fixed	synthetic	syn_004766	0.00812901649624
synthetic_fixed	synthetic	syn_004767	0.00926645938307
synthetic_fixed	synthetic	syn_004768	0.00805780105293
synthetic_fixed	synthetic	syn_004769	0.00705091096461
synthetic_fixed	synthetic	syn_004770	0.0103958724067
synthetic_fixed	synthetic	syn_004771	0.0108186043799
synthetic_fixed	synthetic	syn_004772	0.00640204222873
synthetic_fixed	synthetic	syn_004773	0.00748796854168
synthetic_fixed	synthetic	syn_004774	0.00371984997764
synthetic_fixed	synthetic	syn_004775	0.0075687202625
synthetic_fixed	synthetic	syn_004776	0.00758617371321
synthetic_fixed	synthetic	syn_004777	0.01103881374
synthetic_fixed	synthetic	syn_004778	0.00699960719794
synthetic_fixed	synthetic	syn_004779	0.0046843579039
synthetic_fixed	synthetic	syn_004780	0.00958160124719
synthetic_fixed	synthetic	syn_004781	0.0134198963642
synthetic_fixed	synthetic	syn_004782	0.00689059495926
synthetic_fixed	synthetic	syn_004783	0.00759222032502
synthetic_fixed	synthetic	syn_004784	0.00474525615573
synthetic_fixed	synthetic	syn_004785	0.00615978986025
synthetic_fixed	synthetic	syn_004786	0.00707941874862
synthetic_fixed	synthetic	syn_004787	0.0122975530103
synthetic_fixed	synthetic	syn_004788	0.00405900832266
synthetic_fixed	synthetic	syn_004789	0.0111828520894
synthetic_fixed	synthetic	syn_004790	0.00708431052044
synthetic_fixed	synthetic	syn_004791	0.00604828353971
synthetic_fixed	synthetic	syn_004792	0.00750903598964
synthetic_fixed	synthetic	syn_004793	0.00601163040847
synthetic_fixed	synthetic	syn_004794	0.00466727372259
synthetic_fixed	synthetic	syn_004795	0.00876123737544
synthetic_fixed	synthetic	syn_004796	0.0048695425503
synthetic_fixed	synthetic	syn_004797	0.00833761692047
synthetic_fixed	synthetic	syn_004798	0.00392333138734
synthetic_fixed	synthetic	syn_004799	0.00897314213216
synthetic_fixed	synthetic	syn_004800	0.0139906248078
synthetic_fixed	synthetic	syn_004801	0.00631581619382
synthetic_fixed	synthetic	syn_004802	0.00904823932797
synthetic_fixed	synthetic	syn_004803	0.00753657985479
synthetic_fixed	synthetic	syn_004804	0.00653148721904
synthetic_fixed	synthetic	syn_004805	0.00514566572383
synthetic_fixed	synthetic	syn_004806	0.00707822851837
synthetic_fixed	synthetic	syn_004807	0.0098761478439
synthetic_fixed	synthetic	syn_004808	0.00661220774055
synthetic_fixed	synthetic	syn_004809	0.0166535433382
synthetic_fixed	synthetic	syn_004810	0.00664742058143
synthetic_fixed	synthetic	syn_004811	0.00699569378048
synthetic_fixed	synthetic	syn_004812	0.0064572962001
synthetic_fixed	synthetic	syn_004813	0.00920428521931
synthetic_fixed	synthetic	syn_004814	0.00876705162227
synthetic_fixed	synthetic	syn_004815	0.00621177814901
synthetic_fixed	synthetic	syn_004816	0.007947742939
synthetic_fixed	synthetic	syn_004817	0.00938751362264
synthetic_fixed	synthetic	syn_004818	0.0073727183044
synthetic_fixed	synthetic	syn_004819	0.00570676103234
synthetic_fixed	synthetic	syn_004820	0.00947729870677
synthetic_fixed	synthetic	syn_004821	0.0116308862343
synthetic_fixed	synthetic	syn_004822	0.00662557594478
synthetic_fixed	synthetic	syn_004823	0.00923539698124
synthetic_fixed	synthetic	syn_004824	0.0073028113693
synthetic_fixed	synthetic	syn_004825	0.00752414390445
synthetic_fixed	synthetic	syn_004826	0.00810832157731
synthetic_fixed	synthetic	syn_004827	0.00714792218059
synthetic_fixed	synthetic	syn_004828	0.00627236627042
synthetic_fixed	synthetic	syn_004829	0.0126407183707
synthetic_fixed	synthetic	syn_004830	0.0130401924253
synthetic_fixed	synthetic	syn_004831	0.00707957381383
synthetic_fixed	synthetic	syn_004832	0.00634585879743
synthetic_fixed	synthetic	syn_004833	0.00805940665305
synthetic_fixed	synthetic	syn_004834	0.00721129495651
synthetic_fixed	synthetic	syn_004835	0.00714264344424
synthetic_fixed	synthetic	syn_004836	0.00501604797319
synthetic_fixed	synthetic	syn_004837	0.00706079695374
synthetic_fixed	synthetic	syn_004838	0.00508590135723
synthetic_fixed	synthetic	syn_004839	0.00691053923219
synthetic_fixed	synthetic	syn_004840	0.00869305897504
synthetic_fixed	synthetic	syn_004841	0.00448817759752
synthetic_fixed	synthetic	syn_004842	0.00611581467092
synthetic_fixed	synthetic	syn_004843	0.00698785949498
synthetic_fixed	synthetic	syn_004844	0.00660885917023
synthetic_fixed	synthetic	syn_004845	0.00627153832465
synthetic_fixed	synthetic	syn_004846	0.0113749597222
synthetic_fixed	synthetic	syn_004847	0.00850341655314
synthetic_fixed	synthetic	syn_004848	0.00720153050497
synthetic_fixed	synthetic	syn_004849	0.00615380425006
synthetic_fixed	synthetic	syn_004850	0.00597860990092
synthetic_fixed	synthetic	syn_004851	0.00892233103514
synthetic_fixed	synthetic	syn_004852	0.0111105982214
synthetic_fixed	synthetic	syn_004853	0.00647333869711
synthetic_fixed	synthetic	syn_004854	0.00556091964245
synthetic_fixed	synthetic	syn_004855	0.00763102481142
synthetic_fixed	synthetic	syn_004856	0.00827574171126
synthetic_fixed	synthetic	syn_004857	0.0103434575722
synthetic_fixed	synthetic	syn_004858	0.0125088989735
synthetic_fixed	synthetic	syn_004859	0.0057820957154
synthetic_fixed	synthetic	syn_004860	0.00414911378175
synthetic_fixed	synthetic	syn_004861	0.00485207047313
synthetic_fixed	synthetic	syn_004862	0.00660716136917
synthetic_fixed	synthetic	syn_004863	0.0122066754848
synthetic_fixed	synthetic	syn_004864	0.00987322628498
synthetic_fixed	synthetic	syn_004865	0.00812529958785
synthetic_fixed	synthetic	syn_004866	0.00690814713016
synthetic_fixed	synthetic	syn_004867	0.00493529904634
synthetic_fixed	synthetic	syn_004868	0.00412530172616
synthetic_fixed	synthetic	syn_004869	0.00954078137875
synthetic_fixed	synthetic	syn_004870	0.00696155242622
synthetic_fixed	synthetic	syn_004871	0.00744393002242
synthetic_fixed	synthetic	syn_004872	0.0147883025929
synthetic_fixed	synthetic	syn_004873	0.00720061454922
synthetic_fixed	synthetic	syn_004874	0.00662588374689
synthetic_fixed	synthetic	syn_004875	0.00800535734743
synthetic_fixed	synthetic	syn_004876	0.0104963332415
synthetic_fixed	synthetic	syn_004877	0.00732968607917
synthetic_fixed	synthetic	syn_004878	0.00683764740825
synthetic_fixed	synthetic	syn_004879	0.00943965557963
synthetic_fixed	synthetic	syn_004880	0.00573909841478
synthetic_fixed	synthetic	syn_004881	0.00676606455818
synthetic_fixed	synthetic	syn_004882	0.0115460455418
synthetic_fixed	synthetic	syn_004883	0.0079167354852
synthetic_fixed	synthetic	syn_004884	0.00824076496065
synthetic_fixed	synthetic	syn_004885	0.00478779757395
synthetic_fixed	synthetic	syn_004886	0.00516319554299
synthetic_fixed	synthetic	syn_004887	0.00640721339732
synthetic_fixed	synthetic	syn_004888	0.00757180992514
synthetic_fixed	synthetic	syn_004889	0.00886773690581
synthetic_fixed	synthetic	syn_004890	0.00702572613955
synthetic_fixed	synthetic	syn_004891	0.00500835198909
synthetic_fixed	synthetic	syn_004892	0.0102212224156
synthetic_fixed	synthetic	syn_004893	0.0099195772782
synthetic_fixed	synthetic	syn_004894	0.00625566486269
synthetic_fixed	synthetic	syn_004895	0.00827822834253
synthetic_fixed	synthetic	syn_004896	0.00602731853724
synthetic_fixed	synthetic	syn_004897	0.0106651764363
synthetic_fixed	synthetic	syn_004898	0.0084181111306
synthetic_fixed	synthetic	syn_004899	0.00747847696766
synthetic_fixed	synthetic	syn_004900	0.00759555213153
synthetic_fixed	synthetic	syn_004901	0.00674197822809
synthetic_fixed	synthetic	syn_004902	0.0049310978502
synthetic_fixed	synthetic	syn_004903	0.00528790894896
synthetic_fixed	synthetic	syn_004904	0.0129030030221
synthetic_fixed	synthetic	syn_004905	0.00929881446064
synthetic_fixed	synthetic	syn_004906	0.00666590500623
synthetic_fixed	synthetic	syn_004907	0.00433725537732
synthetic_fixed	synthetic	syn_004908	0.0100730741397
synthetic_fixed	synthetic	syn_004909	0.00679748319089
synthetic_fixed	synthetic	syn_004910	0.00727413687855
synthetic_fixed	synthetic	syn_004911	0.0152319874614
synthetic_fixed	synthetic	syn_004912	0.00968884117901
synthetic_fixed	synthetic	syn_004913	0.0130466772243
synthetic_fixed	synthetic	syn_004914	0.0101609649137
synthetic_fixed	synthetic	syn_004915	0.00806226115674
synthetic_fixed	synthetic	syn_004916	0.00524445157498
synthetic_fixed	synthetic	syn_004917	0.00764569733292
synthetic_fixed	synthetic	syn_004918	0.00547133758664
synthetic_fixed	synthetic	syn_004919	0.0106159271672
synthetic_fixed	synthetic	syn_004920	0.00727506261319
synthetic_fixed	synthetic	syn_004921	0.00686817057431
synthetic_fixed	synthetic	syn_004922	0.00548716448247
synthetic_fixed	synthetic	syn_004923	0.0117772202939
synthetic_fixed	synthetic	syn_004924	0.00504725333303
synthetic_fixed	synthetic	syn_004925	0.00479066837579
synthetic_fixed	synthetic	syn_004926	0.00634621083736
synthetic_fixed	synthetic	syn_004927	0.00696580065414
synthetic_fixed	synthetic	syn_004928	0.0071620340459
synthetic_fixed	synthetic	syn_004929	0.00742343068123
synthetic_fixed	synthetic	syn_004930	0.00709085166454
synthetic_fixed	synthetic	syn_004931	0.0156614854932
synthetic_fixed	synthetic	syn_004932	0.00690500345081
synthetic_fixed	synthetic	syn_004933	0.00969502236694
synthetic_fixed	synthetic	syn_004934	0.0079789198935
synthetic_fixed	synthetic	syn_004935	0.00878790207207
synthetic_fixed	synthetic	syn_004936	0.010269952938
synthetic_fixed	synthetic	syn_004937	0.00324243190698
synthetic_fixed	synthetic	syn_004938	0.00458346493542
synthetic_fixed	synthetic	syn_004939	0.00747444340959
synthetic_fixed	synthetic	syn_004940	0.0117597226053
synthetic_fixed	synthetic	syn_004941	0.00645009707659
synthetic_fixed	synthetic	syn_004942	0.00852803699672
synthetic_fixed	synthetic	syn_004943	0.0057624457404
synthetic_fixed	synthetic	syn_004944	0.0068473033607
synthetic_fixed	synthetic	syn_004945	0.00617364328355
synthetic_fixed	synthetic	syn_004946	0.00566607154906
synthetic_fixed	synthetic	syn_004947	0.0085024042055
synthetic_fixed	synthetic	syn_004948	0.0134849445894
synthetic_fixed	synthetic	syn_004949	0.0185353197157
synthetic_fixed	synthetic	syn_004950	0.00510035641491
synthetic_fixed	synthetic	syn_004951	0.00592859555036
synthetic_fixed	synthetic	syn_004952	0.00850559212267
synthetic_fixed	synthetic	syn_004953	0.00626054033637
synthetic_fixed	synthetic	syn_004954	0.00653349841014
synthetic_fixed	synthetic	syn_004955	0.0142416898161
synthetic_fixed	synthetic	syn_004956	0.00721010239795
synthetic_fixed	synthetic	syn_004957	0.00876028742641
synthetic_fixed	synthetic	syn_004958	0.0173476357013
synthetic_fixed	synthetic	syn_004959	0.00967693608254
synthetic_fixed	synthetic	syn_004960	0.00596348242834
synthetic_fixed	synthetic	syn_004961	0.006631789729
synthetic_fixed	synthetic	syn_004962	0.00658364687115
synthetic_fixed	synthetic	syn_004963	0.0064521622844
synthetic_fixed	synthetic	syn_004964	0.00906972866505
synthetic_fixed	synthetic	syn_004965	0.00615128409117
synthetic_fixed	synthetic	syn_004966	0.0109047787264
synthetic_fixed	synthetic	syn_004967	0.00618477724493
synthetic_fixed	synthetic	syn_004968	0.0116150649264
synthetic_fixed	synthetic	syn_004969	0.00674469955266
synthetic_fixed	synthetic	syn_004970	0.005913679488
synthetic_fixed	synthetic	syn_004971	0.0127642927691
synthetic_fixed	synthetic	syn_004972	0.00762803154066
synthetic_fixed	synthetic	syn_004973	0.00597193557769
synthetic_fixed	synthetic	syn_004974	0.0100727342069
synthetic_fixed	synthetic	syn_004975	0.00748239271343
synthetic_fixed	synthetic	syn_004976	0.0135043030605
synthetic_fixed	synthetic	syn_004977	0.00780785642564
synthetic_fixed	synthetic	syn_004978	0.00589443789795
synthetic_fixed	synthetic	syn_004979	0.00587934022769
synthetic_fixed	synthetic	syn_004980	0.00313175399788
synthetic_fixed	synthetic	syn_004981	0.00497060455382
synthetic_fixed	synthetic	syn_004982	0.0141922421753
synthetic_fixed	synthetic	syn_004983	0.0044346563518
synthetic_fixed	synthetic	syn_004984	0.00964414235204
synthetic_fixed	synthetic	syn_004985	0.00497933849692
synthetic_fixed	synthetic	syn_004986	0.00992435030639
synthetic_fixed	synthetic	syn_004987	0.00744224851951
synthetic_fixed	synthetic	syn_004988	0.0110918367282
synthetic_fixed	synthetic	syn_004989	0.0141139179468
synthetic_fixed	synthetic	syn_004990	0.00389398471452
synthetic_fixed	synthetic	syn_004991	0.00758999399841
synthetic_fixed	synthetic	syn_004992	0.0104642473161
synthetic_fixed	synthetic	syn_004993	0.0115080606192
synthetic_fixed	synthetic	syn_004994	0.00665483623743
synthetic_fixed	synthetic	syn_004995	0.00591984018683
synthetic_fixed	synthetic	syn_004996	0.00755828246474
synthetic_fixed	synthetic	syn_004997	0.00966042652726
synthetic_fixed	synthetic	syn_004998	0.00403417553753
synthetic_fixed	synthetic	syn_004999	0.00782559998333
synthetic_size_matched	synthetic	syn_000000	0.00458944262937
synthetic_size_matched	synthetic	syn_000001	0.00616084504873
synthetic_size_matched	synthetic	syn_000002	0.00386671070009
synthetic_size_matched	synthetic	syn_000003	0.00898616574705
synthetic_size_matched	synthetic	syn_000004	0.00835467875004
synthetic_size_matched	synthetic	syn_000005	0.00765451975167
synthetic_size_matched	synthetic	syn_000006	0.00972637534142
synthetic_size_matched	synthetic	syn_000007	0.0165389627218
synthetic_size_matched	synthetic	syn_000008	0.00994098745286
synthetic_size_matched	synthetic	syn_000009	0.00687078293413
synthetic_size_matched	synthetic	syn_000010	0.0167575664818
synthetic_size_matched	synthetic	syn_000011	0.00672573409975
synthetic_size_matched	synthetic	syn_000012	0.00729579338804
synthetic_size_matched	synthetic	syn_000013	0.00672225188464
synthetic_size_matched	synthetic	syn_000014	0.00616246555001
synthetic_size_matched	synthetic	syn_000015	0.0101539725438
synthetic_size_matched	synthetic	syn_000016	0.0078025367111
synthetic_size_matched	synthetic	syn_000017	0.00770119298249
synthetic_size_matched	synthetic	syn_000018	0.00526703661308
synthetic_size_matched	synthetic	syn_000019	0.00654217787087
synthetic_size_matched	synthetic	syn_000020	0.00607689516619
synthetic_size_matched	synthetic	syn_000021	0.00960781052709
synthetic_size_matched	synthetic	syn_000022	0.00541499163955
synthetic_size_matched	synthetic	syn_000023	0.00949380733073
synthetic_size_matched	synthetic	syn_000024	0.00567832868546
synthetic_size_matched	synthetic	syn_000025	0.00771401636302
synthetic_size_matched	synthetic	syn_000026	0.00640600873157
synthetic_size_matched	synthetic	syn_000027	0.00701598171145
synthetic_size_matched	synthetic	syn_000028	0.00522973015904
synthetic_size_matched	synthetic	syn_000029	0.0059332982637
synthetic_size_matched	synthetic	syn_000030	0.00610983697698
synthetic_size_matched	synthetic	syn_000031	0.00463603902608
synthetic_size_matched	synthetic	syn_000032	0.00629363534972
synthetic_size_matched	synthetic	syn_000033	0.00366315804422
synthetic_size_matched	synthetic	syn_000034	0.00722284987569
synthetic_size_matched	synthetic	syn_000035	0.0110145909712
synthetic_size_matched	synthetic	syn_000036	0.00798507593572
synthetic_size_matched	synthetic	syn_000037	0.00619041826576
synthetic_size_matched	synthetic	syn_000038	0.00351247237995
synthetic_size_matched	synthetic	syn_000039	0.00988307315856
synthetic_size_matched	synthetic	syn_000040	0.00502945343032
synthetic_size_matched	synthetic	syn_000041	0.0079666627571
synthetic_size_matched	synthetic	syn_000042	0.0067569441162
synthetic_size_matched	synthetic	syn_000043	0.00583702605218
synthetic_size_matched	synthetic	syn_000044	0.0063120755367
synthetic_size_matched	synthetic	syn_000045	0.00901022180915
synthetic_size_matched	synthetic	syn_000046	0.00632592430338
synthetic_size_matched	synthetic	syn_000047	0.00501996325329
synthetic_size_matched	synthetic	syn_000048	0.00916299782693
synthetic_size_matched	synthetic	syn_000049	0.00505311880261
synthetic_size_matched	synthetic	syn_000050	0.00952701363713
synthetic_size_matched	synthetic	syn_000051	0.0096682338044
synthetic_size_matched	synthetic	syn_000052	0.00841495022178
synthetic_size_matched	synthetic	syn_000053	0.00500694941729
synthetic_size_matched	synthetic	syn_000054	0.0100556835532
synthetic_size_matched	synthetic	syn_000055	0.0103688593954
synthetic_size_matched	synthetic	syn_000056	0.0046538519673
synthetic_size_matched	synthetic	syn_000057	0.00654624775052
synthetic_size_matched	synthetic	syn_000058	0.00409991294146
synthetic_size_matched	synthetic	syn_000059	0.00914000160992
synthetic_size_matched	synthetic	syn_000060	0.00925262831151
synthetic_size_matched	synthetic	syn_000061	0.00616077519953
synthetic_size_matched	synthetic	syn_000062	0.0141008403152
synthetic_size_matched	synthetic	syn_000063	0.00622751098126
synthetic_size_matched	synthetic	syn_000064	0.0119661744684
synthetic_size_matched	synthetic	syn_000065	0.00606519402936
synthetic_size_matched	synthetic	syn_000066	0.00591201055795
synthetic_size_matched	synthetic	syn_000067	0.00638850172982
synthetic_size_matched	synthetic	syn_000068	0.0078695807606
synthetic_size_matched	synthetic	syn_000069	0.00753382500261
synthetic_size_matched	synthetic	syn_000070	0.00895022414625
synthetic_size_matched	synthetic	syn_000071	0.00606313534081
synthetic_size_matched	synthetic	syn_000072	0.00704795960337
synthetic_size_matched	synthetic	syn_000073	0.011324797757
synthetic_size_matched	synthetic	syn_000074	0.00923293828964
synthetic_size_matched	synthetic	syn_000075	0.00743031688035
synthetic_size_matched	synthetic	syn_000076	0.00910371355712
synthetic_size_matched	synthetic	syn_000077	0.00873696617782
synthetic_size_matched	synthetic	syn_000078	0.0121135469526
synthetic_size_matched	synthetic	syn_000079	0.0112218353897
synthetic_size_matched	synthetic	syn_000080	0.00929426588118
synthetic_size_matched	synthetic	syn_000081	0.00484682898968
synthetic_size_matched	synthetic	syn_000082	0.00483266543597
synthetic_size_matched	synthetic	syn_000083	0.00476311240345
synthetic_size_matched	synthetic	syn_000084	0.00558485137299
synthetic_size_matched	synthetic	syn_000085	0.00678681023419
synthetic_size_matched	synthetic	syn_000086	0.00534588750452
synthetic_size_matched	synthetic	syn_000087	0.00995831377804
synthetic_size_matched	synthetic	syn_000088	0.00588838383555
synthetic_size_matched	synthetic	syn_000089	0.00512692891061
synthetic_size_matched	synthetic	syn_000090	0.0115118678659
synthetic_size_matched	synthetic	syn_000091	0.00638735573739
synthetic_size_matched	synthetic	syn_000092	0.00705600110814
synthetic_size_matched	synthetic	syn_000093	0.010557230562
synthetic_size_matched	synthetic	syn_000094	0.00688493065536
synthetic_size_matched	synthetic	syn_000095	0.00558857899159
synthetic_size_matched	synthetic	syn_000096	0.0084459874779
synthetic_size_matched	synthetic	syn_000097	0.00405047088861
synthetic_size_matched	synthetic	syn_000098	0.00771935284138
synthetic_size_matched	synthetic	syn_000099	0.00532314460725
synthetic_size_matched	synthetic	syn_000100	0.0145231196657
synthetic_size_matched	synthetic	syn_000101	0.00703462678939
synthetic_size_matched	synthetic	syn_000102	0.00870333611965
synthetic_size_matched	synthetic	syn_000103	0.00860955379903
synthetic_size_matched	synthetic	syn_000104	0.0109983449802
synthetic_size_matched	synthetic	syn_000105	0.0061418605037
synthetic_size_matched	synthetic	syn_000106	0.0134653151035
synthetic_size_matched	synthetic	syn_000107	0.00644594151527
synthetic_size_matched	synthetic	syn_000108	0.00911115109921
synthetic_size_matched	synthetic	syn_000109	0.00701072206721
synthetic_size_matched	synthetic	syn_000110	0.00937416404486
synthetic_size_matched	synthetic	syn_000111	0.00765074137598
synthetic_size_matched	synthetic	syn_000112	0.006332853809
synthetic_size_matched	synthetic	syn_000113	0.00566558819264
synthetic_size_matched	synthetic	syn_000114	0.00562996231019
synthetic_size_matched	synthetic	syn_000115	0.00941617041826
synthetic_size_matched	synthetic	syn_000116	0.00604823278263
synthetic_size_matched	synthetic	syn_000117	0.00627271598205
synthetic_size_matched	synthetic	syn_000118	0.00784131884575
synthetic_size_matched	synthetic	syn_000119	0.00730275735259
synthetic_size_matched	synthetic	syn_000120	0.00872529856861
synthetic_size_matched	synthetic	syn_000121	0.00390016660094
synthetic_size_matched	synthetic	syn_000122	0.00947887543589
synthetic_size_matched	synthetic	syn_000123	0.00544973555952
synthetic_size_matched	synthetic	syn_000124	0.00816260557622
synthetic_size_matched	synthetic	syn_000125	0.00553259812295
synthetic_size_matched	synthetic	syn_000126	0.00800358504057
synthetic_size_matched	synthetic	syn_000127	0.0127502661198
synthetic_size_matched	synthetic	syn_000128	0.010508954525
synthetic_size_matched	synthetic	syn_000129	0.00973471067846
synthetic_size_matched	synthetic	syn_000130	0.00864144042134
synthetic_size_matched	synthetic	syn_000131	0.0165223963559
synthetic_size_matched	synthetic	syn_000132	0.0054074274376
synthetic_size_matched	synthetic	syn_000133	0.0058302776888
synthetic_size_matched	synthetic	syn_000134	0.0104990070686
synthetic_size_matched	synthetic	syn_000135	0.00454270327464
synthetic_size_matched	synthetic	syn_000136	0.00506780249998
synthetic_size_matched	synthetic	syn_000137	0.00733993761241
synthetic_size_matched	synthetic	syn_000138	0.00515422457829
synthetic_size_matched	synthetic	syn_000139	0.00704688485712
synthetic_size_matched	synthetic	syn_000140	0.0070183747448
synthetic_size_matched	synthetic	syn_000141	0.00791384465992
synthetic_size_matched	synthetic	syn_000142	0.00692750979215
synthetic_size_matched	synthetic	syn_000143	0.00535091478378
synthetic_size_matched	synthetic	syn_000144	0.00937015749514
synthetic_size_matched	synthetic	syn_000145	0.00707106105983
synthetic_size_matched	synthetic	syn_000146	0.00784590002149
synthetic_size_matched	synthetic	syn_000147	0.00742428097874
synthetic_size_matched	synthetic	syn_000148	0.0114264963195
synthetic_size_matched	synthetic	syn_000149	0.00629610335454
synthetic_size_matched	synthetic	syn_000150	0.0162964612246
synthetic_size_matched	synthetic	syn_000151	0.00418472802266
synthetic_size_matched	synthetic	syn_000152	0.00706379115582
synthetic_size_matched	synthetic	syn_000153	0.00780206220224
synthetic_size_matched	synthetic	syn_000154	0.0054896781221
synthetic_size_matched	synthetic	syn_000155	0.00780931022018
synthetic_size_matched	synthetic	syn_000156	0.00836447440088
synthetic_size_matched	synthetic	syn_000157	0.00842568930238
synthetic_size_matched	synthetic	syn_000158	0.00719398446381
synthetic_size_matched	synthetic	syn_000159	0.00898510031402
synthetic_size_matched	synthetic	syn_000160	0.00833719596267
synthetic_size_matched	synthetic	syn_000161	0.00460440339521
synthetic_size_matched	synthetic	syn_000162	0.00488594546914
synthetic_size_matched	synthetic	syn_000163	0.00602588057518
synthetic_size_matched	synthetic	syn_000164	0.0071927877143
synthetic_size_matched	synthetic	syn_000165	0.00648537557572
synthetic_size_matched	synthetic	syn_000166	0.0127578983083
synthetic_size_matched	synthetic	syn_000167	0.00358167709783
synthetic_size_matched	synthetic	syn_000168	0.00313535053283
synthetic_size_matched	synthetic	syn_000169	0.0155964791775
synthetic_size_matched	synthetic	syn_000170	0.00960370339453
synthetic_size_matched	synthetic	syn_000171	0.00710851838812
synthetic_size_matched	synthetic	syn_000172	0.0172765292227
synthetic_size_matched	synthetic	syn_000173	0.00578021770343
synthetic_size_matched	synthetic	syn_000174	0.00613666977733
synthetic_size_matched	synthetic	syn_000175	0.00484532490373
synthetic_size_matched	synthetic	syn_000176	0.00694069545716
synthetic_size_matched	synthetic	syn_000177	0.00764721492305
synthetic_size_matched	synthetic	syn_000178	0.00448014866561
synthetic_size_matched	synthetic	syn_000179	0.00482177175581
synthetic_size_matched	synthetic	syn_000180	0.00825416855514
synthetic_size_matched	synthetic	syn_000181	0.0131155941635
synthetic_size_matched	synthetic	syn_000182	0.0045933322981
synthetic_size_matched	synthetic	syn_000183	0.00585304480046
synthetic_size_matched	synthetic	syn_000184	0.00472961831838
synthetic_size_matched	synthetic	syn_000185	0.00516938231885
synthetic_size_matched	synthetic	syn_000186	0.0151971839368
synthetic_size_matched	synthetic	syn_000187	0.00656958762556
synthetic_size_matched	synthetic	syn_000188	0.00887668505311
synthetic_size_matched	synthetic	syn_000189	0.00804063677788
synthetic_size_matched	synthetic	syn_000190	0.0136153362691
synthetic_size_matched	synthetic	syn_000191	0.00509309908375
synthetic_size_matched	synthetic	syn_000192	0.00562601070851
synthetic_size_matched	synthetic	syn_000193	0.00703056901693
synthetic_size_matched	synthetic	syn_000194	0.003834170755
synthetic_size_matched	synthetic	syn_000195	0.00657058786601
synthetic_size_matched	synthetic	syn_000196	0.00409234315157
synthetic_size_matched	synthetic	syn_000197	0.00732006737962
synthetic_size_matched	synthetic	syn_000198	0.0112755279988
synthetic_size_matched	synthetic	syn_000199	0.00937117822468
synthetic_size_matched	synthetic	syn_000200	0.00987748522311
synthetic_size_matched	synthetic	syn_000201	0.00838231202215
synthetic_size_matched	synthetic	syn_000202	0.00525286886841
synthetic_size_matched	synthetic	syn_000203	0.0100989881903
synthetic_size_matched	synthetic	syn_000204	0.00835006590933
synthetic_size_matched	synthetic	syn_000205	0.00836760178208
synthetic_size_matched	synthetic	syn_000206	0.0100555568933
synthetic_size_matched	synthetic	syn_000207	0.00619526859373
synthetic_size_matched	synthetic	syn_000208	0.00516151171178
synthetic_size_matched	synthetic	syn_000209	0.00484506879002
synthetic_size_matched	synthetic	syn_000210	0.00380009785295
synthetic_size_matched	synthetic	syn_000211	0.00492635648698
synthetic_size_matched	synthetic	syn_000212	0.00825268868357
synthetic_size_matched	synthetic	syn_000213	0.00535435182974
synthetic_size_matched	synthetic	syn_000214	0.00704644620419
synthetic_size_matched	synthetic	syn_000215	0.00853479653597
synthetic_size_matched	synthetic	syn_000216	0.00523878773674
synthetic_size_matched	synthetic	syn_000217	0.0124490186572
synthetic_size_matched	synthetic	syn_000218	0.00495976628736
synthetic_size_matched	synthetic	syn_000219	0.00540890917182
synthetic_size_matched	synthetic	syn_000220	0.0079229818657
synthetic_size_matched	synthetic	syn_000221	0.00546695385128
synthetic_size_matched	synthetic	syn_000222	0.0040700850077
synthetic_size_matched	synthetic	syn_000223	0.0131106292829
synthetic_size_matched	synthetic	syn_000224	0.00699715642259
synthetic_size_matched	synthetic	syn_000225	0.00692230090499
synthetic_size_matched	synthetic	syn_000226	0.0043969610706
synthetic_size_matched	synthetic	syn_000227	0.00798931811005
synthetic_size_matched	synthetic	syn_000228	0.00663164258003
synthetic_size_matched	synthetic	syn_000229	0.00871653109789
synthetic_size_matched	synthetic	syn_000230	0.010354494676
synthetic_size_matched	synthetic	syn_000231	0.0128472335637
synthetic_size_matched	synthetic	syn_000232	0.00511652603745
synthetic_size_matched	synthetic	syn_000233	0.0084091918543
synthetic_size_matched	synthetic	syn_000234	0.00782618205994
synthetic_size_matched	synthetic	syn_000235	0.00916790124029
synthetic_size_matched	synthetic	syn_000236	0.00575646478683
synthetic_size_matched	synthetic	syn_000237	0.017245285213
synthetic_size_matched	synthetic	syn_000238	0.0125090293586
synthetic_size_matched	synthetic	syn_000239	0.0089352959767
synthetic_size_matched	synthetic	syn_000240	0.00893486756831
synthetic_size_matched	synthetic	syn_000241	0.00962325930595
synthetic_size_matched	synthetic	syn_000242	0.00575257977471
synthetic_size_matched	synthetic	syn_000243	0.00655799545348
synthetic_size_matched	synthetic	syn_000244	0.0113142728806
synthetic_size_matched	synthetic	syn_000245	0.0137978913262
synthetic_size_matched	synthetic	syn_000246	0.00650660181418
synthetic_size_matched	synthetic	syn_000247	0.00353523949161
synthetic_size_matched	synthetic	syn_000248	0.00724754342809
synthetic_size_matched	synthetic	syn_000249	0.00782166142017
synthetic_size_matched	synthetic	syn_000250	0.00751047674567
synthetic_size_matched	synthetic	syn_000251	0.00618686713278
synthetic_size_matched	synthetic	syn_000252	0.00652532000095
synthetic_size_matched	synthetic	syn_000253	0.00673864688724
synthetic_size_matched	synthetic	syn_000254	0.00646270159632
synthetic_size_matched	synthetic	syn_000255	0.00892384909093
synthetic_size_matched	synthetic	syn_000256	0.00341480830684
synthetic_size_matched	synthetic	syn_000257	0.00797212868929
synthetic_size_matched	synthetic	syn_000258	0.00458005815744
synthetic_size_matched	synthetic	syn_000259	0.00450369296595
synthetic_size_matched	synthetic	syn_000260	0.00887481495738
synthetic_size_matched	synthetic	syn_000261	0.0066294898279
synthetic_size_matched	synthetic	syn_000262	0.00584418838844
synthetic_size_matched	synthetic	syn_000263	0.0131103042513
synthetic_size_matched	synthetic	syn_000264	0.00837469287217
synthetic_size_matched	synthetic	syn_000265	0.0103064198047
synthetic_size_matched	synthetic	syn_000266	0.00663025770336
synthetic_size_matched	synthetic	syn_000267	0.00605368427932
synthetic_size_matched	synthetic	syn_000268	0.0081294067204
synthetic_size_matched	synthetic	syn_000269	0.0135728847235
synthetic_size_matched	synthetic	syn_000270	0.0154406707734
synthetic_size_matched	synthetic	syn_000271	0.012271489948
synthetic_size_matched	synthetic	syn_000272	0.0111592877656
synthetic_size_matched	synthetic	syn_000273	0.0109265334904
synthetic_size_matched	synthetic	syn_000274	0.00465922290459
synthetic_size_matched	synthetic	syn_000275	0.00473259575665
synthetic_size_matched	synthetic	syn_000276	0.00531496200711
synthetic_size_matched	synthetic	syn_000277	0.00484839500859
synthetic_size_matched	synthetic	syn_000278	0.00717644859105
synthetic_size_matched	synthetic	syn_000279	0.00809903349727
synthetic_size_matched	synthetic	syn_000280	0.00653652939945
synthetic_size_matched	synthetic	syn_000281	0.00643572956324
synthetic_size_matched	synthetic	syn_000282	0.0129155563191
synthetic_size_matched	synthetic	syn_000283	0.00471368804574
synthetic_size_matched	synthetic	syn_000284	0.00664760358632
synthetic_size_matched	synthetic	syn_000285	0.0082272272557
synthetic_size_matched	synthetic	syn_000286	0.00585924647748
synthetic_size_matched	synthetic	syn_000287	0.00656775664538
synthetic_size_matched	synthetic	syn_000288	0.00533400382847
synthetic_size_matched	synthetic	syn_000289	0.00838035251945
synthetic_size_matched	synthetic	syn_000290	0.00734268501401
synthetic_size_matched	synthetic	syn_000291	0.00650714244694
synthetic_size_matched	synthetic	syn_000292	0.00772485509515
synthetic_size_matched	synthetic	syn_000293	0.0136939585209
synthetic_size_matched	synthetic	syn_000294	0.0115306396037
synthetic_size_matched	synthetic	syn_000295	0.0083064455539
synthetic_size_matched	synthetic	syn_000296	0.00971339829266
synthetic_size_matched	synthetic	syn_000297	0.00333864730783
synthetic_size_matched	synthetic	syn_000298	0.00570738362148
synthetic_size_matched	synthetic	syn_000299	0.00841118302196
synthetic_size_matched	synthetic	syn_000300	0.00545502314344
synthetic_size_matched	synthetic	syn_000301	0.0062793311663
synthetic_size_matched	synthetic	syn_000302	0.00892531778663
synthetic_size_matched	synthetic	syn_000303	0.00741949863732
synthetic_size_matched	synthetic	syn_000304	0.00896600913256
synthetic_size_matched	synthetic	syn_000305	0.0136806070805
synthetic_size_matched	synthetic	syn_000306	0.00697269663215
synthetic_size_matched	synthetic	syn_000307	0.00990152638406
synthetic_size_matched	synthetic	syn_000308	0.00490616355091
synthetic_size_matched	synthetic	syn_000309	0.00762518122792
synthetic_size_matched	synthetic	syn_000310	0.00527433818206
synthetic_size_matched	synthetic	syn_000311	0.00789120607078
synthetic_size_matched	synthetic	syn_000312	0.0053533888422
synthetic_size_matched	synthetic	syn_000313	0.00653174426407
synthetic_size_matched	synthetic	syn_000314	0.0115301078185
synthetic_size_matched	synthetic	syn_000315	0.00602471642196
synthetic_size_matched	synthetic	syn_000316	0.00810187496245
synthetic_size_matched	synthetic	syn_000317	0.00778680667281
synthetic_size_matched	synthetic	syn_000318	0.00892967917025
synthetic_size_matched	synthetic	syn_000319	0.00781752169132
synthetic_size_matched	synthetic	syn_000320	0.00576396426186
synthetic_size_matched	synthetic	syn_000321	0.0055444156751
synthetic_size_matched	synthetic	syn_000322	0.00486604589969
synthetic_size_matched	synthetic	syn_000323	0.0151297785342
synthetic_size_matched	synthetic	syn_000324	0.00844048708677
synthetic_size_matched	synthetic	syn_000325	0.00654749246314
synthetic_size_matched	synthetic	syn_000326	0.0232286602259
synthetic_size_matched	synthetic	syn_000327	0.00616164505482
synthetic_size_matched	synthetic	syn_000328	0.00501589756459
synthetic_size_matched	synthetic	syn_000329	0.0090646147728
synthetic_size_matched	synthetic	syn_000330	0.0041094282642
synthetic_size_matched	synthetic	syn_000331	0.00577918393537
synthetic_size_matched	synthetic	syn_000332	0.00648656347767
synthetic_size_matched	synthetic	syn_000333	0.00593211594969
synthetic_size_matched	synthetic	syn_000334	0.0101785901934
synthetic_size_matched	synthetic	syn_000335	0.00744953239337
synthetic_size_matched	synthetic	syn_000336	0.0116831529886
synthetic_size_matched	synthetic	syn_000337	0.00554920732975
synthetic_size_matched	synthetic	syn_000338	0.00420505367219
synthetic_size_matched	synthetic	syn_000339	0.00679263658822
synthetic_size_matched	synthetic	syn_000340	0.00682932464406
synthetic_size_matched	synthetic	syn_000341	0.00887727178633
synthetic_size_matched	synthetic	syn_000342	0.00812223739922
synthetic_size_matched	synthetic	syn_000343	0.00789309013635
synthetic_size_matched	synthetic	syn_000344	0.00771080516279
synthetic_size_matched	synthetic	syn_000345	0.00767616601661
synthetic_size_matched	synthetic	syn_000346	0.00759268598631
synthetic_size_matched	synthetic	syn_000347	0.00390747236088
synthetic_size_matched	synthetic	syn_000348	0.0159425456077
synthetic_size_matched	synthetic	syn_000349	0.00505264336243
synthetic_size_matched	synthetic	syn_000350	0.00796416308731
synthetic_size_matched	synthetic	syn_000351	0.00328634446487
synthetic_size_matched	synthetic	syn_000352	0.00664030900225
synthetic_size_matched	synthetic	syn_000353	0.00761709921062
synthetic_size_matched	synthetic	syn_000354	0.00809244439006
synthetic_size_matched	synthetic	syn_000355	0.00660453271121
synthetic_size_matched	synthetic	syn_000356	0.0301993172616
synthetic_size_matched	synthetic	syn_000357	0.00475728372112
synthetic_size_matched	synthetic	syn_000358	0.00712314061821
synthetic_size_matched	synthetic	syn_000359	0.00427790358663
synthetic_size_matched	synthetic	syn_000360	0.00571608031169
synthetic_size_matched	synthetic	syn_000361	0.0106775276363
synthetic_size_matched	synthetic	syn_000362	0.00798617955297
synthetic_size_matched	synthetic	syn_000363	0.0123941078782
synthetic_size_matched	synthetic	syn_000364	0.00597982667387
synthetic_size_matched	synthetic	syn_000365	0.00812391936779
synthetic_size_matched	synthetic	syn_000366	0.0079994853586
synthetic_size_matched	synthetic	syn_000367	0.0077834976837
synthetic_size_matched	synthetic	syn_000368	0.00536273466423
synthetic_size_matched	synthetic	syn_000369	0.00675419019535
synthetic_size_matched	synthetic	syn_000370	0.00781350396574
synthetic_size_matched	synthetic	syn_000371	0.00823422521353
synthetic_size_matched	synthetic	syn_000372	0.00879921577871
synthetic_size_matched	synthetic	syn_000373	0.013001633808
synthetic_size_matched	synthetic	syn_000374	0.00854244269431
synthetic_size_matched	synthetic	syn_000376	0.00728936586529
synthetic_size_matched	synthetic	syn_000377	0.0102542601526
synthetic_size_matched	synthetic	syn_000378	0.0203974209726
synthetic_size_matched	synthetic	syn_000379	0.0102404132485
synthetic_size_matched	synthetic	syn_000380	0.00656922813505
synthetic_size_matched	synthetic	syn_000381	0.00722921779379
synthetic_size_matched	synthetic	syn_000382	0.0108240600675
synthetic_size_matched	synthetic	syn_000383	0.0284708067775
synthetic_size_matched	synthetic	syn_000384	0.00676088687032
synthetic_size_matched	synthetic	syn_000385	0.0241448022425
synthetic_size_matched	synthetic	syn_000386	0.0113843036816
synthetic_size_matched	synthetic	syn_000388	0.00809001922607
synthetic_size_matched	synthetic	syn_000389	0.00763872545213
synthetic_size_matched	synthetic	syn_000390	0.00644558947533
synthetic_size_matched	synthetic	syn_000391	0.00790198519826
synthetic_size_matched	synthetic	syn_000392	0.00508803967386
synthetic_size_matched	synthetic	syn_000393	0.003345687408
synthetic_size_matched	synthetic	syn_000394	0.00778446998447
synthetic_size_matched	synthetic	syn_000395	0.0126125626266
synthetic_size_matched	synthetic	syn_000396	0.00765212019905
synthetic_size_matched	synthetic	syn_000397	0.00356123456731
synthetic_size_matched	synthetic	syn_000398	0.00436413194984
synthetic_size_matched	synthetic	syn_000399	0.00674134120345
synthetic_size_matched	synthetic	syn_000400	0.00547215575352
synthetic_size_matched	synthetic	syn_000401	0.00476447213441
synthetic_size_matched	synthetic	syn_000402	0.00870279595256
synthetic_size_matched	synthetic	syn_000403	0.00988885201514
synthetic_size_matched	synthetic	syn_000405	0.00771448481828
synthetic_size_matched	synthetic	syn_000406	0.0108815440908
synthetic_size_matched	synthetic	syn_000407	0.00568820582703
synthetic_size_matched	synthetic	syn_000408	0.0141704399139
synthetic_size_matched	synthetic	syn_000409	0.00819789990783
synthetic_size_matched	synthetic	syn_000410	0.00674064364284
synthetic_size_matched	synthetic	syn_000411	0.00611176434904
synthetic_size_matched	synthetic	syn_000412	0.00489861611277
synthetic_size_matched	synthetic	syn_000413	0.0074613513425
synthetic_size_matched	synthetic	syn_000414	0.0115391425788
synthetic_size_matched	synthetic	syn_000415	0.0152399688959
synthetic_size_matched	synthetic	syn_000416	0.0111896395683
synthetic_size_matched	synthetic	syn_000417	0.00714361015707
synthetic_size_matched	synthetic	syn_000418	0.00512530235574
synthetic_size_matched	synthetic	syn_000419	0.00723739154637
synthetic_size_matched	synthetic	syn_000420	0.00986537057906
synthetic_size_matched	synthetic	syn_000421	0.00431617861614
synthetic_size_matched	synthetic	syn_000422	0.0100496280938
synthetic_size_matched	synthetic	syn_000423	0.00716510415077
synthetic_size_matched	synthetic	syn_000424	0.0050629642792
synthetic_size_matched	synthetic	syn_000425	0.00977764558047
synthetic_size_matched	synthetic	syn_000426	0.00529368361458
synthetic_size_matched	synthetic	syn_000427	0.0103699993342
synthetic_size_matched	synthetic	syn_000428	0.00379053177312
synthetic_size_matched	synthetic	syn_000429	0.0106342881918
synthetic_size_matched	synthetic	syn_000430	0.00463233981282
synthetic_size_matched	synthetic	syn_000431	0.00858365464956
synthetic_size_matched	synthetic	syn_000432	0.0060351267457
synthetic_size_matched	synthetic	syn_000433	0.00385244656354
synthetic_size_matched	synthetic	syn_000434	0.00636667245999
synthetic_size_matched	synthetic	syn_000435	0.00755990250036
synthetic_size_matched	synthetic	syn_000436	0.00684580858797
synthetic_size_matched	synthetic	syn_000437	0.00880206376314
synthetic_size_matched	synthetic	syn_000438	0.00870075635612
synthetic_size_matched	synthetic	syn_000439	0.0034543601796
synthetic_size_matched	synthetic	syn_000440	0.00707970932126
synthetic_size_matched	synthetic	syn_000441	0.00747093837708
synthetic_size_matched	synthetic	syn_000442	0.0100293923169
synthetic_size_matched	synthetic	syn_000443	0.00639132130891
synthetic_size_matched	synthetic	syn_000444	0.00896605476737
synthetic_size_matched	synthetic	syn_000445	0.00847944896668
synthetic_size_matched	synthetic	syn_000446	0.00508891791105
synthetic_size_matched	synthetic	syn_000447	0.0067729242146
synthetic_size_matched	synthetic	syn_000448	0.00391419883817
synthetic_size_matched	synthetic	syn_000449	0.00774100236595
synthetic_size_matched	synthetic	syn_000450	0.00690370704979
synthetic_size_matched	synthetic	syn_000451	0.00656386930496
synthetic_size_matched	synthetic	syn_000452	0.00461760954931
synthetic_size_matched	synthetic	syn_000453	0.0067202327773
synthetic_size_matched	synthetic	syn_000454	0.00616704300046
synthetic_size_matched	synthetic	syn_000455	0.0073004225269
synthetic_size_matched	synthetic	syn_000456	0.00454842718318
synthetic_size_matched	synthetic	syn_000457	0.00740923918784
synthetic_size_matched	synthetic	syn_000458	0.00757325906307
synthetic_size_matched	synthetic	syn_000459	0.0046268296428
synthetic_size_matched	synthetic	syn_000460	0.0124037144706
synthetic_size_matched	synthetic	syn_000461	0.00380719127133
synthetic_size_matched	synthetic	syn_000462	0.00521794427186
synthetic_size_matched	synthetic	syn_000463	0.00452196970582
synthetic_size_matched	synthetic	syn_000464	0.0141290891916
synthetic_size_matched	synthetic	syn_000465	0.00979546085
synthetic_size_matched	synthetic	syn_000466	0.00826703663915
synthetic_size_matched	synthetic	syn_000467	0.00717419944704
synthetic_size_matched	synthetic	syn_000468	0.0075530433096
synthetic_size_matched	synthetic	syn_000469	0.0107966884971
synthetic_size_matched	synthetic	syn_000470	0.00654292525724
synthetic_size_matched	synthetic	syn_000471	0.00883160158992
synthetic_size_matched	synthetic	syn_000472	0.005724709481
synthetic_size_matched	synthetic	syn_000473	0.00645279511809
synthetic_size_matched	synthetic	syn_000474	0.00602592341602
synthetic_size_matched	synthetic	syn_000475	0.00889289751649
synthetic_size_matched	synthetic	syn_000476	0.0072525665164
synthetic_size_matched	synthetic	syn_000477	0.00637563178316
synthetic_size_matched	synthetic	syn_000478	0.00473274942487
synthetic_size_matched	synthetic	syn_000479	0.0050163725391
synthetic_size_matched	synthetic	syn_000480	0.00687920022756
synthetic_size_matched	synthetic	syn_000481	0.00692727230489
synthetic_size_matched	synthetic	syn_000482	0.00904248934239
synthetic_size_matched	synthetic	syn_000483	0.005168878939
synthetic_size_matched	synthetic	syn_000484	0.00953657925129
synthetic_size_matched	synthetic	syn_000485	0.00592831009999
synthetic_size_matched	synthetic	syn_000486	0.00839544180781
synthetic_size_matched	synthetic	syn_000487	0.00388294272125
synthetic_size_matched	synthetic	syn_000488	0.00690665096045
synthetic_size_matched	synthetic	syn_000489	0.00769696012139
synthetic_size_matched	synthetic	syn_000490	0.00596202397719
synthetic_size_matched	synthetic	syn_000491	0.00801877211779
synthetic_size_matched	synthetic	syn_000492	0.0101771363989
synthetic_size_matched	synthetic	syn_000493	0.00657670851797
synthetic_size_matched	synthetic	syn_000494	0.0126877259463
synthetic_size_matched	synthetic	syn_000495	0.00677915941924
synthetic_size_matched	synthetic	syn_000496	0.00785262417048
synthetic_size_matched	synthetic	syn_000497	0.00321304472163
synthetic_size_matched	synthetic	syn_000498	0.00682269455865
synthetic_size_matched	synthetic	syn_000499	0.00674265436828
synthetic_size_matched	synthetic	syn_000500	0.00462266197428
synthetic_size_matched	synthetic	syn_000501	0.0307264681906
synthetic_size_matched	synthetic	syn_000502	0.00829373020679
synthetic_size_matched	synthetic	syn_000503	0.00948203820735
synthetic_size_matched	synthetic	syn_000504	0.00929909385741
synthetic_size_matched	synthetic	syn_000505	0.0101764388382
synthetic_size_matched	synthetic	syn_000506	0.00809045135975
synthetic_size_matched	synthetic	syn_000507	0.0049505433999
synthetic_size_matched	synthetic	syn_000508	0.00636121211573
synthetic_size_matched	synthetic	syn_000509	0.00600062031299
synthetic_size_matched	synthetic	syn_000510	0.00684687588364
synthetic_size_matched	synthetic	syn_000511	0.0054597989656
synthetic_size_matched	synthetic	syn_000512	0.00458037760109
synthetic_size_matched	synthetic	syn_000513	0.00562236458063
synthetic_size_matched	synthetic	syn_000514	0.00936455279589
synthetic_size_matched	synthetic	syn_000515	0.00597385782748
synthetic_size_matched	synthetic	syn_000516	0.0125578977168
synthetic_size_matched	synthetic	syn_000517	0.00813420303166
synthetic_size_matched	synthetic	syn_000518	0.00758192967623
synthetic_size_matched	synthetic	syn_000519	0.00780595093966
synthetic_size_matched	synthetic	syn_000520	0.0083540007472
synthetic_size_matched	synthetic	syn_000521	0.0126900169998
synthetic_size_matched	synthetic	syn_000522	0.0108667640015
synthetic_size_matched	synthetic	syn_000523	0.00713921152055
synthetic_size_matched	synthetic	syn_000524	0.00774625781924
synthetic_size_matched	synthetic	syn_000525	0.00854581035674
synthetic_size_matched	synthetic	syn_000526	0.0260933376849
synthetic_size_matched	synthetic	syn_000527	0.00995536707342
synthetic_size_matched	synthetic	syn_000528	0.00463843438774
synthetic_size_matched	synthetic	syn_000529	0.00686982320622
synthetic_size_matched	synthetic	syn_000530	0.00960685312748
synthetic_size_matched	synthetic	syn_000531	0.0074258283712
synthetic_size_matched	synthetic	syn_000532	0.00804590526968
synthetic_size_matched	synthetic	syn_000533	0.00496883876622
synthetic_size_matched	synthetic	syn_000534	0.00773706194013
synthetic_size_matched	synthetic	syn_000535	0.00616549886763
synthetic_size_matched	synthetic	syn_000536	0.00626228796318
synthetic_size_matched	synthetic	syn_000537	0.014921111986
synthetic_size_matched	synthetic	syn_000538	0.00628195609897
synthetic_size_matched	synthetic	syn_000539	0.00963308289647
synthetic_size_matched	synthetic	syn_000540	0.00571126956493
synthetic_size_matched	synthetic	syn_000541	0.00719976983964
synthetic_size_matched	synthetic	syn_000542	0.0120750088245
synthetic_size_matched	synthetic	syn_000543	0.00638159364462
synthetic_size_matched	synthetic	syn_000544	0.0114677241072
synthetic_size_matched	synthetic	syn_000545	0.0117946155369
synthetic_size_matched	synthetic	syn_000546	0.00873530562967
synthetic_size_matched	synthetic	syn_000547	0.00583140831441
synthetic_size_matched	synthetic	syn_000548	0.00435467902571
synthetic_size_matched	synthetic	syn_000549	0.00451073609293
synthetic_size_matched	synthetic	syn_000550	0.00471730949357
synthetic_size_matched	synthetic	syn_000551	0.00677528697997
synthetic_size_matched	synthetic	syn_000552	0.00745241437107
synthetic_size_matched	synthetic	syn_000553	0.00837634503841
synthetic_size_matched	synthetic	syn_000554	0.00419914070517
synthetic_size_matched	synthetic	syn_000555	0.00841229781508
synthetic_size_matched	synthetic	syn_000556	0.0101907923818
synthetic_size_matched	synthetic	syn_000557	0.00571617577225
synthetic_size_matched	synthetic	syn_000558	0.0103782508522
synthetic_size_matched	synthetic	syn_000559	0.00482187233865
synthetic_size_matched	synthetic	syn_000560	0.00369218271226
synthetic_size_matched	synthetic	syn_000561	0.00797067210078
synthetic_size_matched	synthetic	syn_000562	0.00676215067506
synthetic_size_matched	synthetic	syn_000563	0.0104917138815
synthetic_size_matched	synthetic	syn_000564	0.00598699785769
synthetic_size_matched	synthetic	syn_000565	0.00460210163146
synthetic_size_matched	synthetic	syn_000566	0.00789534300566
synthetic_size_matched	synthetic	syn_000567	0.00793972983956
synthetic_size_matched	synthetic	syn_000568	0.0213095061481
synthetic_size_matched	synthetic	syn_000569	0.00479204906151
synthetic_size_matched	synthetic	syn_000570	0.00422209687531
synthetic_size_matched	synthetic	syn_000571	0.0124096740037
synthetic_size_matched	synthetic	syn_000572	0.00936489365995
synthetic_size_matched	synthetic	syn_000573	0.00748784234747
synthetic_size_matched	synthetic	syn_000574	0.00865220557898
synthetic_size_matched	synthetic	syn_000575	0.00507750548422
synthetic_size_matched	synthetic	syn_000577	0.00564566301182
synthetic_size_matched	synthetic	syn_000578	0.00690842559561
synthetic_size_matched	synthetic	syn_000579	0.00899959914386
synthetic_size_matched	synthetic	syn_000580	0.00698809046298
synthetic_size_matched	synthetic	syn_000581	0.00733465701342
synthetic_size_matched	synthetic	syn_000582	0.0106876958162
synthetic_size_matched	synthetic	syn_000583	0.0146756423637
synthetic_size_matched	synthetic	syn_000584	0.00877132639289
synthetic_size_matched	synthetic	syn_000585	0.00910807400942
synthetic_size_matched	synthetic	syn_000586	0.015055979602
synthetic_size_matched	synthetic	syn_000587	0.00776978209615
synthetic_size_matched	synthetic	syn_000588	0.0179269369692
synthetic_size_matched	synthetic	syn_000589	0.00516929430887
synthetic_size_matched	synthetic	syn_000590	0.0064475396648
synthetic_size_matched	synthetic	syn_000591	0.00896348897368
synthetic_size_matched	synthetic	syn_000592	0.00526707060635
synthetic_size_matched	synthetic	syn_000593	0.00891730375588
synthetic_size_matched	synthetic	syn_000594	0.0294847134501
synthetic_size_matched	synthetic	syn_000595	0.00732816662639
synthetic_size_matched	synthetic	syn_000596	0.0118294889107
synthetic_size_matched	synthetic	syn_000597	0.0075724539347
synthetic_size_matched	synthetic	syn_000598	0.00719206174836
synthetic_size_matched	synthetic	syn_000599	0.00912703387439
synthetic_size_matched	synthetic	syn_000600	0.00410164427012
synthetic_size_matched	synthetic	syn_000601	0.00551654584706
synthetic_size_matched	synthetic	syn_000602	0.0126806013286
synthetic_size_matched	synthetic	syn_000603	0.00724894274026
synthetic_size_matched	synthetic	syn_000604	0.00737468479201
synthetic_size_matched	synthetic	syn_000605	0.00939403288066
synthetic_size_matched	synthetic	syn_000606	0.006793289911
synthetic_size_matched	synthetic	syn_000607	0.0101754497737
synthetic_size_matched	synthetic	syn_000608	0.00554428109899
synthetic_size_matched	synthetic	syn_000609	0.00804686546326
synthetic_size_matched	synthetic	syn_000610	0.0111258570105
synthetic_size_matched	synthetic	syn_000611	0.00789785292
synthetic_size_matched	synthetic	syn_000612	0.00491868844256
synthetic_size_matched	synthetic	syn_000613	0.0102837858722
synthetic_size_matched	synthetic	syn_000614	0.0088587962091
synthetic_size_matched	synthetic	syn_000615	0.0060413191095
synthetic_size_matched	synthetic	syn_000616	0.00824437942356
synthetic_size_matched	synthetic	syn_000617	0.00484008900821
synthetic_size_matched	synthetic	syn_000618	0.00806432589889
synthetic_size_matched	synthetic	syn_000619	0.0117656420916
synthetic_size_matched	synthetic	syn_000620	0.00600180402398
synthetic_size_matched	synthetic	syn_000621	0.00615971162915
synthetic_size_matched	synthetic	syn_000622	0.00424008723348
synthetic_size_matched	synthetic	syn_000623	0.00777710136026
synthetic_size_matched	synthetic	syn_000624	0.00665745232254
synthetic_size_matched	synthetic	syn_000625	0.00554442033172
synthetic_size_matched	synthetic	syn_000626	0.00482463650405
synthetic_size_matched	synthetic	syn_000627	0.00483741797507
synthetic_size_matched	synthetic	syn_000628	0.00804829970002
synthetic_size_matched	synthetic	syn_000629	0.0117341754958
synthetic_size_matched	synthetic	syn_000630	0.0158262643963
synthetic_size_matched	synthetic	syn_000631	0.0112469373271
synthetic_size_matched	synthetic	syn_000632	0.00475489534438
synthetic_size_matched	synthetic	syn_000633	0.0060367481783
synthetic_size_matched	synthetic	syn_000634	0.00637689419091
synthetic_size_matched	synthetic	syn_000635	0.00550560932606
synthetic_size_matched	synthetic	syn_000636	0.00534321647137
synthetic_size_matched	synthetic	syn_000637	0.00780413160101
synthetic_size_matched	synthetic	syn_000638	0.00828122347593
synthetic_size_matched	synthetic	syn_000639	0.00889571662992
synthetic_size_matched	synthetic	syn_000640	0.00852939486504
synthetic_size_matched	synthetic	syn_000641	0.00976749975234
synthetic_size_matched	synthetic	syn_000642	0.00673043029383
synthetic_size_matched	synthetic	syn_000643	0.00485294824466
synthetic_size_matched	synthetic	syn_000644	0.00822016969323
synthetic_size_matched	synthetic	syn_000645	0.00452176714316
synthetic_size_matched	synthetic	syn_000646	0.00809643045068
synthetic_size_matched	synthetic	syn_000647	0.0103894490749
synthetic_size_matched	synthetic	syn_000648	0.0170729979873
synthetic_size_matched	synthetic	syn_000649	0.0104450006038
synthetic_size_matched	synthetic	syn_000650	0.00545766577125
synthetic_size_matched	synthetic	syn_000651	0.00961922667921
synthetic_size_matched	synthetic	syn_000652	0.0073170713149
synthetic_size_matched	synthetic	syn_000653	0.00935733504593
synthetic_size_matched	synthetic	syn_000654	0.0135609004647
synthetic_size_matched	synthetic	syn_000655	0.00502452300861
synthetic_size_matched	synthetic	syn_000656	0.00448687653989
synthetic_size_matched	synthetic	syn_000657	0.00480831367895
synthetic_size_matched	synthetic	syn_000658	0.00388255994767
synthetic_size_matched	synthetic	syn_000659	0.0068524191156
synthetic_size_matched	synthetic	syn_000660	0.0091093275696
synthetic_size_matched	synthetic	syn_000661	0.00804152712226
synthetic_size_matched	synthetic	syn_000662	0.00607662368566
synthetic_size_matched	synthetic	syn_000663	0.00431612692773
synthetic_size_matched	synthetic	syn_000664	0.00990491732955
synthetic_size_matched	synthetic	syn_000665	0.00649961270392
synthetic_size_matched	synthetic	syn_000666	0.00453720707446
synthetic_size_matched	synthetic	syn_000667	0.00683567579836
synthetic_size_matched	synthetic	syn_000668	0.00739004369825
synthetic_size_matched	synthetic	syn_000669	0.00863295607269
synthetic_size_matched	synthetic	syn_000670	0.00705373939127
synthetic_size_matched	synthetic	syn_000671	0.00724832993001
synthetic_size_matched	synthetic	syn_000672	0.00493372604251
synthetic_size_matched	synthetic	syn_000673	0.00921719614416
synthetic_size_matched	synthetic	syn_000674	0.00810327939689
synthetic_size_matched	synthetic	syn_000675	0.00928044877946
synthetic_size_matched	synthetic	syn_000676	0.00937777012587
synthetic_size_matched	synthetic	syn_000677	0.00844367966056
synthetic_size_matched	synthetic	syn_000678	0.00913764256984
synthetic_size_matched	synthetic	syn_000679	0.00543604977429
synthetic_size_matched	synthetic	syn_000680	0.00430313684046
synthetic_size_matched	synthetic	syn_000681	0.00948507897556
synthetic_size_matched	synthetic	syn_000682	0.0123162698001
synthetic_size_matched	synthetic	syn_000683	0.00920189917088
synthetic_size_matched	synthetic	syn_000684	0.00573353841901
synthetic_size_matched	synthetic	syn_000685	0.00902285240591
synthetic_size_matched	synthetic	syn_000686	0.00403011776507
synthetic_size_matched	synthetic	syn_000687	0.00641235988587
synthetic_size_matched	synthetic	syn_000688	0.0134880011901
synthetic_size_matched	synthetic	syn_000689	0.00717181712389
synthetic_size_matched	synthetic	syn_000690	0.00872165895998
synthetic_size_matched	synthetic	syn_000691	0.00450310204178
synthetic_size_matched	synthetic	syn_000692	0.011973509565
synthetic_size_matched	synthetic	syn_000693	0.0088114105165
synthetic_size_matched	synthetic	syn_000694	0.00799114722759
synthetic_size_matched	synthetic	syn_000695	0.00540432985872
synthetic_size_matched	synthetic	syn_000696	0.0089329238981
synthetic_size_matched	synthetic	syn_000697	0.00747627066448
synthetic_size_matched	synthetic	syn_000698	0.0115196155384
synthetic_size_matched	synthetic	syn_000699	0.00495957024395
synthetic_size_matched	synthetic	syn_000700	0.00756957242265
synthetic_size_matched	synthetic	syn_000701	0.00486922170967
synthetic_size_matched	synthetic	syn_000702	0.00414335727692
synthetic_size_matched	synthetic	syn_000703	0.00458491034806
synthetic_size_matched	synthetic	syn_000704	0.00782890617847
synthetic_size_matched	synthetic	syn_000705	0.00439849030226
synthetic_size_matched	synthetic	syn_000706	0.00546390144154
synthetic_size_matched	synthetic	syn_000707	0.00463193235919
synthetic_size_matched	synthetic	syn_000708	0.00474439142272
synthetic_size_matched	synthetic	syn_000709	0.00495607219636
synthetic_size_matched	synthetic	syn_000710	0.00748967844993
synthetic_size_matched	synthetic	syn_000711	0.00733158318326
synthetic_size_matched	synthetic	syn_000712	0.0103308837861
synthetic_size_matched	synthetic	syn_000713	0.0155956223607
synthetic_size_matched	synthetic	syn_000714	0.0128068150952
synthetic_size_matched	synthetic	syn_000715	0.00666564609855
synthetic_size_matched	synthetic	syn_000716	0.0129838902503
synthetic_size_matched	synthetic	syn_000717	0.00824212655425
synthetic_size_matched	synthetic	syn_000718	0.00611116876826
synthetic_size_matched	synthetic	syn_000719	0.00807726942003
synthetic_size_matched	synthetic	syn_000720	0.00923418439925
synthetic_size_matched	synthetic	syn_000721	0.00674512051046
synthetic_size_matched	synthetic	syn_000722	0.00553775578737
synthetic_size_matched	synthetic	syn_000723	0.01806727238
synthetic_size_matched	synthetic	syn_000724	0.00613656546921
synthetic_size_matched	synthetic	syn_000725	0.00681500928476
synthetic_size_matched	synthetic	syn_000726	0.0050823520869
synthetic_size_matched	synthetic	syn_000727	0.00507749337703
synthetic_size_matched	synthetic	syn_000728	0.00662961788476
synthetic_size_matched	synthetic	syn_000729	0.0118948109448
synthetic_size_matched	synthetic	syn_000730	0.00586467888206
synthetic_size_matched	synthetic	syn_000731	0.00709952227771
synthetic_size_matched	synthetic	syn_000732	0.00656783487648
synthetic_size_matched	synthetic	syn_000733	0.00911490712315
synthetic_size_matched	synthetic	syn_000734	0.0113812601194
synthetic_size_matched	synthetic	syn_000735	0.00401329714805
synthetic_size_matched	synthetic	syn_000736	0.00632441416383
synthetic_size_matched	synthetic	syn_000737	0.00579269276932
synthetic_size_matched	synthetic	syn_000738	0.0091919824481
synthetic_size_matched	synthetic	syn_000739	0.00601943209767
synthetic_size_matched	synthetic	syn_000740	0.00920867361128
synthetic_size_matched	synthetic	syn_000741	0.00905654393137
synthetic_size_matched	synthetic	syn_000742	0.00457023549825
synthetic_size_matched	synthetic	syn_000743	0.00671193096787
synthetic_size_matched	synthetic	syn_000744	0.011357691139
synthetic_size_matched	synthetic	syn_000745	0.00829923525453
synthetic_size_matched	synthetic	syn_000746	0.010916383937
synthetic_size_matched	synthetic	syn_000747	0.00816970784217
synthetic_size_matched	synthetic	syn_000748	0.00680693658069
synthetic_size_matched	synthetic	syn_000749	0.0142646552995
synthetic_size_matched	synthetic	syn_000750	0.0082204407081
synthetic_size_matched	synthetic	syn_000751	0.00833767931908
synthetic_size_matched	synthetic	syn_000752	0.00968777574599
synthetic_size_matched	synthetic	syn_000753	0.00916357338428
synthetic_size_matched	synthetic	syn_000754	0.00729858037084
synthetic_size_matched	synthetic	syn_000755	0.00863196328282
synthetic_size_matched	synthetic	syn_000756	0.00626996811479
synthetic_size_matched	synthetic	syn_000757	0.00798320397735
synthetic_size_matched	synthetic	syn_000758	0.00807961076498
synthetic_size_matched	synthetic	syn_000759	0.00547097669914
synthetic_size_matched	synthetic	syn_000760	0.0101389978081
synthetic_size_matched	synthetic	syn_000761	0.00355695560575
synthetic_size_matched	synthetic	syn_000762	0.00522653385997
synthetic_size_matched	synthetic	syn_000763	0.00782041437924
synthetic_size_matched	synthetic	syn_000764	0.00845054257661
synthetic_size_matched	synthetic	syn_000765	0.00647381693125
synthetic_size_matched	synthetic	syn_000766	0.00864468887448
synthetic_size_matched	synthetic	syn_000767	0.00491115450859
synthetic_size_matched	synthetic	syn_000768	0.0116458535194
synthetic_size_matched	synthetic	syn_000769	0.00656653568149
synthetic_size_matched	synthetic	syn_000770	0.0130830826238
synthetic_size_matched	synthetic	syn_000771	0.005772262346
synthetic_size_matched	synthetic	syn_000772	0.00881060957909
synthetic_size_matched	synthetic	syn_000773	0.00548669323325
synthetic_size_matched	synthetic	syn_000774	0.00520712742582
synthetic_size_matched	synthetic	syn_000775	0.0111635830253
synthetic_size_matched	synthetic	syn_000776	0.00561996083707
synthetic_size_matched	synthetic	syn_000777	0.0120412036777
synthetic_size_matched	synthetic	syn_000778	0.012529021129
synthetic_size_matched	synthetic	syn_000779	0.00483036320657
synthetic_size_matched	synthetic	syn_000780	0.00385459465906
synthetic_size_matched	synthetic	syn_000781	0.0102939391509
synthetic_size_matched	synthetic	syn_000782	0.00859586149454
synthetic_size_matched	synthetic	syn_000783	0.0106658171862
synthetic_size_matched	synthetic	syn_000784	0.00776808150113
synthetic_size_matched	synthetic	syn_000785	0.00694155693054
synthetic_size_matched	synthetic	syn_000786	0.00646378332749
synthetic_size_matched	synthetic	syn_000787	0.00745799951255
synthetic_size_matched	synthetic	syn_000788	0.00451349187642
synthetic_size_matched	synthetic	syn_000789	0.00719621637836
synthetic_size_matched	synthetic	syn_000790	0.00694996211678
synthetic_size_matched	synthetic	syn_000791	0.00545281358063
synthetic_size_matched	synthetic	syn_000792	0.00676794024184
synthetic_size_matched	synthetic	syn_000793	0.00963871181011
synthetic_size_matched	synthetic	syn_000794	0.00686460640281
synthetic_size_matched	synthetic	syn_000795	0.00932019762695
synthetic_size_matched	synthetic	syn_000796	0.00767503492534
synthetic_size_matched	synthetic	syn_000797	0.00671668490395
synthetic_size_matched	synthetic	syn_000798	0.00803412031382
synthetic_size_matched	synthetic	syn_000799	0.0119167873636
synthetic_size_matched	synthetic	syn_000800	0.00383095140569
synthetic_size_matched	synthetic	syn_000801	0.00501960888505
synthetic_size_matched	synthetic	syn_000802	0.0113558154553
synthetic_size_matched	synthetic	syn_000803	0.0063303494826
synthetic_size_matched	synthetic	syn_000804	0.00691995210946
synthetic_size_matched	synthetic	syn_000805	0.00655281357467
synthetic_size_matched	synthetic	syn_000806	0.00616555847228
synthetic_size_matched	synthetic	syn_000807	0.0074064405635
synthetic_size_matched	synthetic	syn_000808	0.0102160302922
synthetic_size_matched	synthetic	syn_000809	0.0110376961529
synthetic_size_matched	synthetic	syn_000810	0.00717239035293
synthetic_size_matched	synthetic	syn_000811	0.0111739030108
synthetic_size_matched	synthetic	syn_000812	0.00839778780937
synthetic_size_matched	synthetic	syn_000813	0.00724127981812
synthetic_size_matched	synthetic	syn_000814	0.00716444011778
synthetic_size_matched	synthetic	syn_000815	0.00881984643638
synthetic_size_matched	synthetic	syn_000816	0.00458631943911
synthetic_size_matched	synthetic	syn_000817	0.00800098665059
synthetic_size_matched	synthetic	syn_000818	0.00410433858633
synthetic_size_matched	synthetic	syn_000819	0.00643137283623
synthetic_size_matched	synthetic	syn_000820	0.00780522963032
synthetic_size_matched	synthetic	syn_000821	0.00893921218812
synthetic_size_matched	synthetic	syn_000822	0.00696686096489
synthetic_size_matched	synthetic	syn_000823	0.00966539233923
synthetic_size_matched	synthetic	syn_000824	0.00824266299605
synthetic_size_matched	synthetic	syn_000825	0.00794619508088
synthetic_size_matched	synthetic	syn_000826	0.0102587696165
synthetic_size_matched	synthetic	syn_000827	0.0184445343912
synthetic_size_matched	synthetic	syn_000828	0.0105869444087
synthetic_size_matched	synthetic	syn_000829	0.00414636172354
synthetic_size_matched	synthetic	syn_000830	0.00426769535989
synthetic_size_matched	synthetic	syn_000831	0.00974711682647
synthetic_size_matched	synthetic	syn_000832	0.0104512060061
synthetic_size_matched	synthetic	syn_000833	0.0098683051765
synthetic_size_matched	synthetic	syn_000834	0.0100883170962
synthetic_size_matched	synthetic	syn_000835	0.0110472366214
synthetic_size_matched	synthetic	syn_000836	0.00571486447006
synthetic_size_matched	synthetic	syn_000837	0.00702927354723
synthetic_size_matched	synthetic	syn_000838	0.00460084108636
synthetic_size_matched	synthetic	syn_000839	0.0213157143444
synthetic_size_matched	synthetic	syn_000840	0.00579376332462
synthetic_size_matched	synthetic	syn_000841	0.00499951979145
synthetic_size_matched	synthetic	syn_000842	0.00647126184776
synthetic_size_matched	synthetic	syn_000843	0.0110980197787
synthetic_size_matched	synthetic	syn_000844	0.0104388594627
synthetic_size_matched	synthetic	syn_000845	0.00621847622097
synthetic_size_matched	synthetic	syn_000846	0.00467640161514
synthetic_size_matched	synthetic	syn_000847	0.0170499756932
synthetic_size_matched	synthetic	syn_000848	0.00756784155965
synthetic_size_matched	synthetic	syn_000849	0.0073395203799
synthetic_size_matched	synthetic	syn_000850	0.0141269862652
synthetic_size_matched	synthetic	syn_000851	0.00740401353687
synthetic_size_matched	synthetic	syn_000852	0.00624893885106
synthetic_size_matched	synthetic	syn_000853	0.00592872407287
synthetic_size_matched	synthetic	syn_000854	0.00758915068582
synthetic_size_matched	synthetic	syn_000855	0.0134459324181
synthetic_size_matched	synthetic	syn_000856	0.0110201574862
synthetic_size_matched	synthetic	syn_000857	0.0054071135819
synthetic_size_matched	synthetic	syn_000858	0.00825269985944
synthetic_size_matched	synthetic	syn_000859	0.00766266975552
synthetic_size_matched	synthetic	syn_000860	0.0061850505881
synthetic_size_matched	synthetic	syn_000861	0.00696900859475
synthetic_size_matched	synthetic	syn_000862	0.00781736429781
synthetic_size_matched	synthetic	syn_000863	0.00707057770342
synthetic_size_matched	synthetic	syn_000864	0.00569926947355
synthetic_size_matched	synthetic	syn_000865	0.00959520787001
synthetic_size_matched	synthetic	syn_000866	0.00760567979887
synthetic_size_matched	synthetic	syn_000867	0.00497747119516
synthetic_size_matched	synthetic	syn_000868	0.0151573428884
synthetic_size_matched	synthetic	syn_000869	0.00540142972022
synthetic_size_matched	synthetic	syn_000870	0.0063824634999
synthetic_size_matched	synthetic	syn_000871	0.00849535316229
synthetic_size_matched	synthetic	syn_000872	0.00623228866607
synthetic_size_matched	synthetic	syn_000873	0.00628998177126
synthetic_size_matched	synthetic	syn_000874	0.00607988843694
synthetic_size_matched	synthetic	syn_000875	0.00887290760875
synthetic_size_matched	synthetic	syn_000876	0.0117889344692
synthetic_size_matched	synthetic	syn_000877	0.00568854389712
synthetic_size_matched	synthetic	syn_000878	0.00861399807036
synthetic_size_matched	synthetic	syn_000879	0.00583915179595
synthetic_size_matched	synthetic	syn_000880	0.00547103211284
synthetic_size_matched	synthetic	syn_000881	0.00929243210703
synthetic_size_matched	synthetic	syn_000882	0.0132773667574
synthetic_size_matched	synthetic	syn_000883	0.00906836427748
synthetic_size_matched	synthetic	syn_000884	0.00807528756559
synthetic_size_matched	synthetic	syn_000885	0.00575954001397
synthetic_size_matched	synthetic	syn_000886	0.0075771054253
synthetic_size_matched	synthetic	syn_000887	0.00796147808433
synthetic_size_matched	synthetic	syn_000888	0.00748655200005
synthetic_size_matched	synthetic	syn_000889	0.00511078443378
synthetic_size_matched	synthetic	syn_000890	0.0085206143558
synthetic_size_matched	synthetic	syn_000891	0.00411280663684
synthetic_size_matched	synthetic	syn_000892	0.00754389120266
synthetic_size_matched	synthetic	syn_000893	0.00568536436185
synthetic_size_matched	synthetic	syn_000894	0.00543300108984
synthetic_size_matched	synthetic	syn_000895	0.005460168235
synthetic_size_matched	synthetic	syn_000896	0.00313305063173
synthetic_size_matched	synthetic	syn_000897	0.00912494305521
synthetic_size_matched	synthetic	syn_000898	0.00848965533078
synthetic_size_matched	synthetic	syn_000899	0.00643239310011
synthetic_size_matched	synthetic	syn_000900	0.00783035811037
synthetic_size_matched	synthetic	syn_000901	0.00889675598592
synthetic_size_matched	synthetic	syn_000902	0.00592169351876
synthetic_size_matched	synthetic	syn_000903	0.00581543706357
synthetic_size_matched	synthetic	syn_000904	0.00878881663084
synthetic_size_matched	synthetic	syn_000905	0.00795292016119
synthetic_size_matched	synthetic	syn_000906	0.0228129476309
synthetic_size_matched	synthetic	syn_000907	0.00448641367257
synthetic_size_matched	synthetic	syn_000908	0.00474277790636
synthetic_size_matched	synthetic	syn_000909	0.00610175495967
synthetic_size_matched	synthetic	syn_000910	0.00611786078662
synthetic_size_matched	synthetic	syn_000911	0.0278873592615
synthetic_size_matched	synthetic	syn_000912	0.0156995076686
synthetic_size_matched	synthetic	syn_000913	0.00748793361709
synthetic_size_matched	synthetic	syn_000914	0.0048967837356
synthetic_size_matched	synthetic	syn_000915	0.00945571623743
synthetic_size_matched	synthetic	syn_000916	0.00473259575665
synthetic_size_matched	synthetic	syn_000917	0.00653617409989
synthetic_size_matched	synthetic	syn_000918	0.00765736401081
synthetic_size_matched	synthetic	syn_000919	0.0122809223831
synthetic_size_matched	synthetic	syn_000920	0.0115976948291
synthetic_size_matched	synthetic	syn_000921	0.00442333705723
synthetic_size_matched	synthetic	syn_000922	0.00487565994263
synthetic_size_matched	synthetic	syn_000923	0.0105513390154
synthetic_size_matched	synthetic	syn_000924	0.00924425199628
synthetic_size_matched	synthetic	syn_000925	0.0136181134731
synthetic_size_matched	synthetic	syn_000926	0.00707012601197
synthetic_size_matched	synthetic	syn_000927	0.00550949806347
synthetic_size_matched	synthetic	syn_000928	0.0101192593575
synthetic_size_matched	synthetic	syn_000929	0.00688679981977
synthetic_size_matched	synthetic	syn_000930	0.00592223647982
synthetic_size_matched	synthetic	syn_000931	0.00480109173805
synthetic_size_matched	synthetic	syn_000932	0.0077666118741
synthetic_size_matched	synthetic	syn_000933	0.00644373614341
synthetic_size_matched	synthetic	syn_000934	0.0071109267883
synthetic_size_matched	synthetic	syn_000935	0.00837007910013
synthetic_size_matched	synthetic	syn_000936	0.00623432639986
synthetic_size_matched	synthetic	syn_000937	0.00842590257525
synthetic_size_matched	synthetic	syn_000938	0.00481313560158
synthetic_size_matched	synthetic	syn_000939	0.00838924851269
synthetic_size_matched	synthetic	syn_000940	0.0128059480339
synthetic_size_matched	synthetic	syn_000941	0.0101386830211
synthetic_size_matched	synthetic	syn_000942	0.00991166010499
synthetic_size_matched	synthetic	syn_000943	0.00827955827117
synthetic_size_matched	synthetic	syn_000944	0.00590772088617
synthetic_size_matched	synthetic	syn_000945	0.00952967256308
synthetic_size_matched	synthetic	syn_000946	0.00756160030141
synthetic_size_matched	synthetic	syn_000947	0.00463301502168
synthetic_size_matched	synthetic	syn_000948	0.0157667472959
synthetic_size_matched	synthetic	syn_000949	0.00721558043733
synthetic_size_matched	synthetic	syn_000950	0.0097740823403
synthetic_size_matched	synthetic	syn_000951	0.0047968341969
synthetic_size_matched	synthetic	syn_000952	0.0135348848999
synthetic_size_matched	synthetic	syn_000953	0.00776436924934
synthetic_size_matched	synthetic	syn_000954	0.00508471671492
synthetic_size_matched	synthetic	syn_000955	0.00452766334638
synthetic_size_matched	synthetic	syn_000956	0.00670104380697
synthetic_size_matched	synthetic	syn_000957	0.00993092544377
synthetic_size_matched	synthetic	syn_000958	0.00811911188066
synthetic_size_matched	synthetic	syn_000959	0.00850185845047
synthetic_size_matched	synthetic	syn_000960	0.00457113096491
synthetic_size_matched	synthetic	syn_000961	0.00781205203384
synthetic_size_matched	synthetic	syn_000962	0.00738064851612
synthetic_size_matched	synthetic	syn_000963	0.00811395980418
synthetic_size_matched	synthetic	syn_000964	0.00675471033901
synthetic_size_matched	synthetic	syn_000965	0.0115681197494
synthetic_size_matched	synthetic	syn_000966	0.00936677493155
synthetic_size_matched	synthetic	syn_000967	0.00986936222762
synthetic_size_matched	synthetic	syn_000968	0.00931728351861
synthetic_size_matched	synthetic	syn_000969	0.0069099906832
synthetic_size_matched	synthetic	syn_000970	0.00640155933797
synthetic_size_matched	synthetic	syn_000971	0.0143295451999
synthetic_size_matched	synthetic	syn_000972	0.00691248103976
synthetic_size_matched	synthetic	syn_000973	0.0112830195576
synthetic_size_matched	synthetic	syn_000974	0.0134266037494
synthetic_size_matched	synthetic	syn_000975	0.00579857360572
synthetic_size_matched	synthetic	syn_000976	0.00574067700654
synthetic_size_matched	synthetic	syn_000977	0.00524143874645
synthetic_size_matched	synthetic	syn_000978	0.00336686964147
synthetic_size_matched	synthetic	syn_000979	0.00598151423037
synthetic_size_matched	synthetic	syn_000980	0.00608091009781
synthetic_size_matched	synthetic	syn_000981	0.00620576366782
synthetic_size_matched	synthetic	syn_000982	0.0207939576358
synthetic_size_matched	synthetic	syn_000983	0.00996469799429
synthetic_size_matched	synthetic	syn_000984	0.00715479301289
synthetic_size_matched	synthetic	syn_000985	0.0123839657754
synthetic_size_matched	synthetic	syn_000986	0.0149999652058
synthetic_size_matched	synthetic	syn_000987	0.00454083364457
synthetic_size_matched	synthetic	syn_000988	0.0157580394298
synthetic_size_matched	synthetic	syn_000989	0.00864712148905
synthetic_size_matched	synthetic	syn_000990	0.00612331787124
synthetic_size_matched	synthetic	syn_000991	0.0136765325442
synthetic_size_matched	synthetic	syn_000992	0.0091261845082
synthetic_size_matched	synthetic	syn_000993	0.00481801107526
synthetic_size_matched	synthetic	syn_000994	0.00657913601026
synthetic_size_matched	synthetic	syn_000995	0.00908680912107
synthetic_size_matched	synthetic	syn_000996	0.00556819047779
synthetic_size_matched	synthetic	syn_000997	0.00984681583941
synthetic_size_matched	synthetic	syn_000998	0.00850462168455
synthetic_size_matched	synthetic	syn_000999	0.011060429737
synthetic_size_matched	synthetic	syn_001000	0.00506180245429
synthetic_size_matched	synthetic	syn_001001	0.0116212489083
synthetic_size_matched	synthetic	syn_001002	0.00930234417319
synthetic_size_matched	synthetic	syn_001003	0.00750750117004
synthetic_size_matched	synthetic	syn_001004	0.0101184817031
synthetic_size_matched	synthetic	syn_001005	0.0159452427179
synthetic_size_matched	synthetic	syn_001006	0.00898781977594
synthetic_size_matched	synthetic	syn_001007	0.012110915035
synthetic_size_matched	synthetic	syn_001008	0.00425450596958
synthetic_size_matched	synthetic	syn_001009	0.0117799155414
synthetic_size_matched	synthetic	syn_001010	0.00537214521319
synthetic_size_matched	synthetic	syn_001011	0.00873067975044
synthetic_size_matched	synthetic	syn_001012	0.00482255592942
synthetic_size_matched	synthetic	syn_001013	0.0116491094232
synthetic_size_matched	synthetic	syn_001014	0.0127974087372
synthetic_size_matched	synthetic	syn_001015	0.00770301418379
synthetic_size_matched	synthetic	syn_001016	0.00443832576275
synthetic_size_matched	synthetic	syn_001017	0.00800854898989
synthetic_size_matched	synthetic	syn_001018	0.00652649300173
synthetic_size_matched	synthetic	syn_001019	0.0119278430939
synthetic_size_matched	synthetic	syn_001020	0.0058328025043
synthetic_size_matched	synthetic	syn_001021	0.0098458584398
synthetic_size_matched	synthetic	syn_001022	0.00598626444116
synthetic_size_matched	synthetic	syn_001023	0.00657500885427
synthetic_size_matched	synthetic	syn_001024	0.00727336574346
synthetic_size_matched	synthetic	syn_001025	0.00956007558852
synthetic_size_matched	synthetic	syn_001026	0.00949580594897
synthetic_size_matched	synthetic	syn_001027	0.00790237262845
synthetic_size_matched	synthetic	syn_001028	0.0100367451087
synthetic_size_matched	synthetic	syn_001029	0.00618749111891
synthetic_size_matched	synthetic	syn_001030	0.00761068705469
synthetic_size_matched	synthetic	syn_001031	0.00512256938964
synthetic_size_matched	synthetic	syn_001032	0.00881083216518
synthetic_size_matched	synthetic	syn_001033	0.0116564203054
synthetic_size_matched	synthetic	syn_001034	0.00726716499776
synthetic_size_matched	synthetic	syn_001035	0.0234559103847
synthetic_size_matched	synthetic	syn_001036	0.00593571132049
synthetic_size_matched	synthetic	syn_001037	0.0054615479894
synthetic_size_matched	synthetic	syn_001038	0.00560101727024
synthetic_size_matched	synthetic	syn_001039	0.00964228250086
synthetic_size_matched	synthetic	syn_001040	0.00837160181254
synthetic_size_matched	synthetic	syn_001041	0.00970017444342
synthetic_size_matched	synthetic	syn_001042	0.00676300050691
synthetic_size_matched	synthetic	syn_001043	0.00563081074506
synthetic_size_matched	synthetic	syn_001044	0.00581755163148
synthetic_size_matched	synthetic	syn_001045	0.00498811434954
synthetic_size_matched	synthetic	syn_001046	0.00583004206419
synthetic_size_matched	synthetic	syn_001047	0.0120765073225
synthetic_size_matched	synthetic	syn_001048	0.00748359272256
synthetic_size_matched	synthetic	syn_001049	0.00567305786535
synthetic_size_matched	synthetic	syn_001050	0.00834731198847
synthetic_size_matched	synthetic	syn_001051	0.00896087288857
synthetic_size_matched	synthetic	syn_001052	0.0111790150404
synthetic_size_matched	synthetic	syn_001053	0.00617774017155
synthetic_size_matched	synthetic	syn_001054	0.0049777822569
synthetic_size_matched	synthetic	syn_001055	0.00630173273385
synthetic_size_matched	synthetic	syn_001056	0.00561817549169
synthetic_size_matched	synthetic	syn_001057	0.0115247666836
synthetic_size_matched	synthetic	syn_001058	0.0042648781091
synthetic_size_matched	synthetic	syn_001059	0.00452698254958
synthetic_size_matched	synthetic	syn_001060	0.00432390114293
synthetic_size_matched	synthetic	syn_001061	0.00696148863062
synthetic_size_matched	synthetic	syn_001062	0.0118001708761
synthetic_size_matched	synthetic	syn_001063	0.00951082259417
synthetic_size_matched	synthetic	syn_001064	0.00503426976502
synthetic_size_matched	synthetic	syn_001065	0.00679589901119
synthetic_size_matched	synthetic	syn_001066	0.00905672833323
synthetic_size_matched	synthetic	syn_001067	0.00815659947693
synthetic_size_matched	synthetic	syn_001068	0.00737029220909
synthetic_size_matched	synthetic	syn_001069	0.00665485113859
synthetic_size_matched	synthetic	syn_001070	0.00401941966265
synthetic_size_matched	synthetic	syn_001071	0.0066319485195
synthetic_size_matched	synthetic	syn_001072	0.011783500202
synthetic_size_matched	synthetic	syn_001073	0.00872053578496
synthetic_size_matched	synthetic	syn_001074	0.00662836106494
synthetic_size_matched	synthetic	syn_001075	0.0184952951968
synthetic_size_matched	synthetic	syn_001076	0.00930494163185
synthetic_size_matched	synthetic	syn_001077	0.0115072801709
synthetic_size_matched	synthetic	syn_001078	0.00655855238438
synthetic_size_matched	synthetic	syn_001079	0.00617794133723
synthetic_size_matched	synthetic	syn_001080	0.0080588683486
synthetic_size_matched	synthetic	syn_001081	0.00734522752464
synthetic_size_matched	synthetic	syn_001082	0.00444395234808
synthetic_size_matched	synthetic	syn_001083	0.00561186019331
synthetic_size_matched	synthetic	syn_001084	0.00544455833733
synthetic_size_matched	synthetic	syn_001085	0.0134028075263
synthetic_size_matched	synthetic	syn_001086	0.00703267473727
synthetic_size_matched	synthetic	syn_001087	0.00710919313133
synthetic_size_matched	synthetic	syn_001088	0.00560595840216
synthetic_size_matched	synthetic	syn_001089	0.00552132492885
synthetic_size_matched	synthetic	syn_001090	0.00963059999049
synthetic_size_matched	synthetic	syn_001091	0.0124794282019
synthetic_size_matched	synthetic	syn_001092	0.00660633062944
synthetic_size_matched	synthetic	syn_001093	0.0048556230031
synthetic_size_matched	synthetic	syn_001094	0.00433349004015
synthetic_size_matched	synthetic	syn_001095	0.0121682882309
synthetic_size_matched	synthetic	syn_001096	0.0131293311715
synthetic_size_matched	synthetic	syn_001097	0.00602368498221
synthetic_size_matched	synthetic	syn_001098	0.00545937288553
synthetic_size_matched	synthetic	syn_001099	0.00604847026989
synthetic_size_matched	synthetic	syn_001100	0.0121973324567
synthetic_size_matched	synthetic	syn_001101	0.00413132412359
synthetic_size_matched	synthetic	syn_001102	0.0054648774676
synthetic_size_matched	synthetic	syn_001103	0.00602620979771
synthetic_size_matched	synthetic	syn_001104	0.0131193790585
synthetic_size_matched	synthetic	syn_001105	0.00938600581139
synthetic_size_matched	synthetic	syn_001106	0.00551985576749
synthetic_size_matched	synthetic	syn_001107	0.00831690430641
synthetic_size_matched	synthetic	syn_001108	0.0152995102108
synthetic_size_matched	synthetic	syn_001109	0.0138818453997
synthetic_size_matched	synthetic	syn_001111	0.014972884208
synthetic_size_matched	synthetic	syn_001112	0.00764693692327
synthetic_size_matched	synthetic	syn_001113	0.00481678172946
synthetic_size_matched	synthetic	syn_001114	0.00757122784853
synthetic_size_matched	synthetic	syn_001115	0.0090878335759
synthetic_size_matched	synthetic	syn_001116	0.00722776260227
synthetic_size_matched	synthetic	syn_001117	0.00692912004888
synthetic_size_matched	synthetic	syn_001118	0.00778096495196
synthetic_size_matched	synthetic	syn_001119	0.00501603027806
synthetic_size_matched	synthetic	syn_001120	0.0110915759578
synthetic_size_matched	synthetic	syn_001121	0.0116212274879
synthetic_size_matched	synthetic	syn_001122	0.00810517370701
synthetic_size_matched	synthetic	syn_001123	0.0127118099481
synthetic_size_matched	synthetic	syn_001124	0.00590243004262
synthetic_size_matched	synthetic	syn_001125	0.00529657909647
synthetic_size_matched	synthetic	syn_001126	0.00940309464931
synthetic_size_matched	synthetic	syn_001127	0.00520945060998
synthetic_size_matched	synthetic	syn_001128	0.0155870420858
synthetic_size_matched	synthetic	syn_001129	0.00823987554759
synthetic_size_matched	synthetic	syn_001130	0.00772376917303
synthetic_size_matched	synthetic	syn_001131	0.00781180942431
synthetic_size_matched	synthetic	syn_001132	0.00645200069994
synthetic_size_matched	synthetic	syn_001133	0.00743219442666
synthetic_size_matched	synthetic	syn_001134	0.00536250695586
synthetic_size_matched	synthetic	syn_001135	0.0133908819407
synthetic_size_matched	synthetic	syn_001136	0.00622614659369
synthetic_size_matched	synthetic	syn_001137	0.00671930145472
synthetic_size_matched	synthetic	syn_001138	0.00701753702015
synthetic_size_matched	synthetic	syn_001139	0.00675354478881
synthetic_size_matched	synthetic	syn_001140	0.0129140438512
synthetic_size_matched	synthetic	syn_001141	0.0196113679558
synthetic_size_matched	synthetic	syn_001142	0.00737386196852
synthetic_size_matched	synthetic	syn_001143	0.00773929012939
synthetic_size_matched	synthetic	syn_001144	0.00479000946507
synthetic_size_matched	synthetic	syn_001145	0.00874571036547
synthetic_size_matched	synthetic	syn_001146	0.00728213135153
synthetic_size_matched	synthetic	syn_001147	0.00572123052552
synthetic_size_matched	synthetic	syn_001148	0.00645588664338
synthetic_size_matched	synthetic	syn_001149	0.00987922400236
synthetic_size_matched	synthetic	syn_001150	0.00826592557132
synthetic_size_matched	synthetic	syn_001151	0.00438590161502
synthetic_size_matched	synthetic	syn_001152	0.00527978315949
synthetic_size_matched	synthetic	syn_001153	0.00322490790859
synthetic_size_matched	synthetic	syn_001154	0.00875876098871
synthetic_size_matched	synthetic	syn_001155	0.00835184101015
synthetic_size_matched	synthetic	syn_001156	0.0104728061706
synthetic_size_matched	synthetic	syn_001157	0.00672951666638
synthetic_size_matched	synthetic	syn_001158	0.0124932024628
synthetic_size_matched	synthetic	syn_001159	0.00891070626676
synthetic_size_matched	synthetic	syn_001160	0.00538620352745
synthetic_size_matched	synthetic	syn_001161	0.0122191850096
synthetic_size_matched	synthetic	syn_001162	0.00652101729065
synthetic_size_matched	synthetic	syn_001163	0.00913782417774
synthetic_size_matched	synthetic	syn_001164	0.0102394204587
synthetic_size_matched	synthetic	syn_001165	0.0135922636837
synthetic_size_matched	synthetic	syn_001166	0.00961902551353
synthetic_size_matched	synthetic	syn_001167	0.00493466574699
synthetic_size_matched	synthetic	syn_001168	0.00870813243091
synthetic_size_matched	synthetic	syn_001169	0.00543649680912
synthetic_size_matched	synthetic	syn_001170	0.00816370174289
synthetic_size_matched	synthetic	syn_001171	0.00636915583163
synthetic_size_matched	synthetic	syn_001172	0.00680872611701
synthetic_size_matched	synthetic	syn_001173	0.00644980277866
synthetic_size_matched	synthetic	syn_001174	0.00677103642374
synthetic_size_matched	synthetic	syn_001175	0.00485637178645
synthetic_size_matched	synthetic	syn_001176	0.00500144157559
synthetic_size_matched	synthetic	syn_001177	0.00691681262106
synthetic_size_matched	synthetic	syn_001178	0.00955650862306
synthetic_size_matched	synthetic	syn_001179	0.00574995018542
synthetic_size_matched	synthetic	syn_001180	0.00818337127566
synthetic_size_matched	synthetic	syn_001181	0.0095500331372
synthetic_size_matched	synthetic	syn_001182	0.00563402008265
synthetic_size_matched	synthetic	syn_001183	0.00506355892867
synthetic_size_matched	synthetic	syn_001184	0.00659576384351
synthetic_size_matched	synthetic	syn_001185	0.00515681458637
synthetic_size_matched	synthetic	syn_001186	0.00497235590592
synthetic_size_matched	synthetic	syn_001187	0.0105708921328
synthetic_size_matched	synthetic	syn_001188	0.00631821667776
synthetic_size_matched	synthetic	syn_001189	0.00760698411614
synthetic_size_matched	synthetic	syn_001190	0.00683643855155
synthetic_size_matched	synthetic	syn_001191	0.00497320387512
synthetic_size_matched	synthetic	syn_001192	0.00911562610418
synthetic_size_matched	synthetic	syn_001193	0.00958985462785
synthetic_size_matched	synthetic	syn_001194	0.00348638230935
synthetic_size_matched	synthetic	syn_001195	0.00549028534442
synthetic_size_matched	synthetic	syn_001196	0.00654128566384
synthetic_size_matched	synthetic	syn_001197	0.00762731768191
synthetic_size_matched	synthetic	syn_001198	0.00557688437402
synthetic_size_matched	synthetic	syn_001199	0.0100230220705
synthetic_size_matched	synthetic	syn_001200	0.00665443530306
synthetic_size_matched	synthetic	syn_001201	0.00540822884068
synthetic_size_matched	synthetic	syn_001202	0.00653892708942
synthetic_size_matched	synthetic	syn_001203	0.00553012825549
synthetic_size_matched	synthetic	syn_001204	0.00882545579225
synthetic_size_matched	synthetic	syn_001205	0.00709239719436
synthetic_size_matched	synthetic	syn_001206	0.00406953552738
synthetic_size_matched	synthetic	syn_001207	0.00635737739503
synthetic_size_matched	synthetic	syn_001208	0.00471042003483
synthetic_size_matched	synthetic	syn_001209	0.00606943434104
synthetic_size_matched	synthetic	syn_001210	0.00906742922962
synthetic_size_matched	synthetic	syn_001211	0.0049262936227
synthetic_size_matched	synthetic	syn_001212	0.00526573229581
synthetic_size_matched	synthetic	syn_001213	0.00693579670042
synthetic_size_matched	synthetic	syn_001214	0.0113431513309
synthetic_size_matched	synthetic	syn_001215	0.00748447328806
synthetic_size_matched	synthetic	syn_001216	0.00522229541093
synthetic_size_matched	synthetic	syn_001217	0.0110031403601
synthetic_size_matched	synthetic	syn_001218	0.00923072732985
synthetic_size_matched	synthetic	syn_001219	0.00756442779675
synthetic_size_matched	synthetic	syn_001220	0.00575850531459
synthetic_size_matched	synthetic	syn_001221	0.00596722308546
synthetic_size_matched	synthetic	syn_001222	0.00564750097692
synthetic_size_matched	synthetic	syn_001223	0.00674692355096
synthetic_size_matched	synthetic	syn_001224	0.00976290553808
synthetic_size_matched	synthetic	syn_001225	0.00671307975426
synthetic_size_matched	synthetic	syn_001226	0.00560288596898
synthetic_size_matched	synthetic	syn_001227	0.00839144550264
synthetic_size_matched	synthetic	syn_001228	0.00617442885414
synthetic_size_matched	synthetic	syn_001229	0.00582375563681
synthetic_size_matched	synthetic	syn_001230	0.00521132163703
synthetic_size_matched	synthetic	syn_001231	0.0142886070535
synthetic_size_matched	synthetic	syn_001232	0.0103024840355
synthetic_size_matched	synthetic	syn_001233	0.00951069500297
synthetic_size_matched	synthetic	syn_001234	0.00736639183015
synthetic_size_matched	synthetic	syn_001235	0.0081822341308
synthetic_size_matched	synthetic	syn_001236	0.00950494781137
synthetic_size_matched	synthetic	syn_001237	0.00496978871524
synthetic_size_matched	synthetic	syn_001238	0.00871655717492
synthetic_size_matched	synthetic	syn_001239	0.015138277784
synthetic_size_matched	synthetic	syn_001240	0.0188984461129
synthetic_size_matched	synthetic	syn_001241	0.00791159272194
synthetic_size_matched	synthetic	syn_001242	0.00627902615815
synthetic_size_matched	synthetic	syn_001243	0.00533423293382
synthetic_size_matched	synthetic	syn_001244	0.0116956606507
synthetic_size_matched	synthetic	syn_001245	0.00554992910475
synthetic_size_matched	synthetic	syn_001246	0.00394026422873
synthetic_size_matched	synthetic	syn_001247	0.00979715306312
synthetic_size_matched	synthetic	syn_001248	0.00427104067057
synthetic_size_matched	synthetic	syn_001249	0.00573287205771
synthetic_size_matched	synthetic	syn_001250	0.00596007704735
synthetic_size_matched	synthetic	syn_001251	0.00373607384972
synthetic_size_matched	synthetic	syn_001252	0.0103886928409
synthetic_size_matched	synthetic	syn_001253	0.0995799303055
synthetic_size_matched	synthetic	syn_001254	0.00787628628314
synthetic_size_matched	synthetic	syn_001255	0.0105003528297
synthetic_size_matched	synthetic	syn_001256	0.0059990673326
synthetic_size_matched	synthetic	syn_001257	0.00735832657665
synthetic_size_matched	synthetic	syn_001258	0.00885903276503
synthetic_size_matched	synthetic	syn_001259	0.00506970938295
synthetic_size_matched	synthetic	syn_001260	0.00889929756522
synthetic_size_matched	synthetic	syn_001261	0.00566062936559
synthetic_size_matched	synthetic	syn_001262	0.00971115473658
synthetic_size_matched	synthetic	syn_001263	0.00444197328761
synthetic_size_matched	synthetic	syn_001264	0.00664835888892
synthetic_size_matched	synthetic	syn_001265	0.00848874822259
synthetic_size_matched	synthetic	syn_001266	0.00819776207209
synthetic_size_matched	synthetic	syn_001267	0.00910323485732
synthetic_size_matched	synthetic	syn_001268	0.00610818248242
synthetic_size_matched	synthetic	syn_001269	0.0238920152187
synthetic_size_matched	synthetic	syn_001270	0.00873387791216
synthetic_size_matched	synthetic	syn_001271	0.00713257677853
synthetic_size_matched	synthetic	syn_001272	0.00894638244063
synthetic_size_matched	synthetic	syn_001273	0.00550218252465
synthetic_size_matched	synthetic	syn_001274	0.00730746146291
synthetic_size_matched	synthetic	syn_001275	0.00724669871852
synthetic_size_matched	synthetic	syn_001276	0.00662115355954
synthetic_size_matched	synthetic	syn_001277	0.0110307494178
synthetic_size_matched	synthetic	syn_001278	0.00587739329785
synthetic_size_matched	synthetic	syn_001279	0.0051665478386
synthetic_size_matched	synthetic	syn_001280	0.00510217249393
synthetic_size_matched	synthetic	syn_001281	0.00741779524833
synthetic_size_matched	synthetic	syn_001282	0.0103179877624
synthetic_size_matched	synthetic	syn_001283	0.0100320912898
synthetic_size_matched	synthetic	syn_001284	0.0105001963675
synthetic_size_matched	synthetic	syn_001285	0.00804547406733
synthetic_size_matched	synthetic	syn_001286	0.00920698884875
synthetic_size_matched	synthetic	syn_001287	0.00629082322121
synthetic_size_matched	synthetic	syn_001288	0.0104265185073
synthetic_size_matched	synthetic	syn_001289	0.00465320702642
synthetic_size_matched	synthetic	syn_001290	0.0060474742204
synthetic_size_matched	synthetic	syn_001291	0.0114881042391
synthetic_size_matched	synthetic	syn_001292	0.00758016016334
synthetic_size_matched	synthetic	syn_001293	0.00589003879577
synthetic_size_matched	synthetic	syn_001294	0.0108677409589
synthetic_size_matched	synthetic	syn_001295	0.0054015815258
synthetic_size_matched	synthetic	syn_001296	0.00792054645717
synthetic_size_matched	synthetic	syn_001297	0.00777490343899
synthetic_size_matched	synthetic	syn_001298	0.0065824361518
synthetic_size_matched	synthetic	syn_001299	0.00740827061236
synthetic_size_matched	synthetic	syn_001300	0.00542075326666
synthetic_size_matched	synthetic	syn_001301	0.00573953613639
synthetic_size_matched	synthetic	syn_001302	0.00518082361668
synthetic_size_matched	synthetic	syn_001303	0.00568150728941
synthetic_size_matched	synthetic	syn_001304	0.0107504241168
synthetic_size_matched	synthetic	syn_001305	0.00626825867221
synthetic_size_matched	synthetic	syn_001306	0.01089338772
synthetic_size_matched	synthetic	syn_001307	0.00658984156325
synthetic_size_matched	synthetic	syn_001308	0.00444697169587
synthetic_size_matched	synthetic	syn_001309	0.00384814641438
synthetic_size_matched	synthetic	syn_001310	0.0116679249331
synthetic_size_matched	synthetic	syn_001311	0.00730075407773
synthetic_size_matched	synthetic	syn_001312	0.00773488730192
synthetic_size_matched	synthetic	syn_001313	0.00695211719722
synthetic_size_matched	synthetic	syn_001314	0.00355917681009
synthetic_size_matched	synthetic	syn_001315	0.00544809224084
synthetic_size_matched	synthetic	syn_001316	0.00396901415661
synthetic_size_matched	synthetic	syn_001317	0.0084046702832
synthetic_size_matched	synthetic	syn_001318	0.00715316692367
synthetic_size_matched	synthetic	syn_001319	0.00698358286172
synthetic_size_matched	synthetic	syn_001320	0.00554856192321
synthetic_size_matched	synthetic	syn_001321	0.00827059522271
synthetic_size_matched	synthetic	syn_001322	0.00771840335801
synthetic_size_matched	synthetic	syn_001323	0.00622556451708
synthetic_size_matched	synthetic	syn_001324	0.00670643243939
synthetic_size_matched	synthetic	syn_001325	0.00395062332973
synthetic_size_matched	synthetic	syn_001326	0.00714097265154
synthetic_size_matched	synthetic	syn_001327	0.00802977290004
synthetic_size_matched	synthetic	syn_001328	0.00693802488968
synthetic_size_matched	synthetic	syn_001329	0.00533789768815
synthetic_size_matched	synthetic	syn_001330	0.00987475644797
synthetic_size_matched	synthetic	syn_001331	0.00790962297469
synthetic_size_matched	synthetic	syn_001332	0.00729640573263
synthetic_size_matched	synthetic	syn_001333	0.011320178397
synthetic_size_matched	synthetic	syn_001334	0.00909016467631
synthetic_size_matched	synthetic	syn_001335	0.00511832768098
synthetic_size_matched	synthetic	syn_001336	0.00722480472177
synthetic_size_matched	synthetic	syn_001337	0.00606551300734
synthetic_size_matched	synthetic	syn_001338	0.00462069967762
synthetic_size_matched	synthetic	syn_001339	0.0104731414467
synthetic_size_matched	synthetic	syn_001340	0.0168766528368
synthetic_size_matched	synthetic	syn_001341	0.00887422263622
synthetic_size_matched	synthetic	syn_001342	0.00664911884815
synthetic_size_matched	synthetic	syn_001343	0.00709130661562
synthetic_size_matched	synthetic	syn_001344	0.00695653399453
synthetic_size_matched	synthetic	syn_001345	0.00597949977964
synthetic_size_matched	synthetic	syn_001346	0.00980672985315
synthetic_size_matched	synthetic	syn_001347	0.00865949317813
synthetic_size_matched	synthetic	syn_001348	0.00582599081099
synthetic_size_matched	synthetic	syn_001349	0.00713968649507
synthetic_size_matched	synthetic	syn_001350	0.0221637710929
synthetic_size_matched	synthetic	syn_001351	0.00555656384677
synthetic_size_matched	synthetic	syn_001352	0.00613714754581
synthetic_size_matched	synthetic	syn_001353	0.00607110001147
synthetic_size_matched	synthetic	syn_001354	0.00876843836159
synthetic_size_matched	synthetic	syn_001355	0.0138742141426
synthetic_size_matched	synthetic	syn_001356	0.00637873820961
synthetic_size_matched	synthetic	syn_001357	0.0191838927567
synthetic_size_matched	synthetic	syn_001358	0.00682618888095
synthetic_size_matched	synthetic	syn_001359	0.00567945186049
synthetic_size_matched	synthetic	syn_001360	0.0128947701305
synthetic_size_matched	synthetic	syn_001361	0.00692339241505
synthetic_size_matched	synthetic	syn_001362	0.0102748014033
synthetic_size_matched	synthetic	syn_001363	0.00725069455802
synthetic_size_matched	synthetic	syn_001364	0.00462148245424
synthetic_size_matched	synthetic	syn_001365	0.00717093236744
synthetic_size_matched	synthetic	syn_001366	0.00376560701989
synthetic_size_matched	synthetic	syn_001367	0.00646898755804
synthetic_size_matched	synthetic	syn_001368	0.00468873372301
synthetic_size_matched	synthetic	syn_001369	0.00605459045619
synthetic_size_matched	synthetic	syn_001370	0.0148977953941
synthetic_size_matched	synthetic	syn_001371	0.00814551860094
synthetic_size_matched	synthetic	syn_001372	0.00351216737181
synthetic_size_matched	synthetic	syn_001373	0.00576065341011
synthetic_size_matched	synthetic	syn_001374	0.00526617001742
synthetic_size_matched	synthetic	syn_001375	0.0113468915224
synthetic_size_matched	synthetic	syn_001376	0.00554178515449
synthetic_size_matched	synthetic	syn_001377	0.00930547341704
synthetic_size_matched	synthetic	syn_001378	0.0116014648229
synthetic_size_matched	synthetic	syn_001379	0.00663808081299
synthetic_size_matched	synthetic	syn_001380	0.0050349989906
synthetic_size_matched	synthetic	syn_001381	0.00875685922801
synthetic_size_matched	synthetic	syn_001382	0.0129399113357
synthetic_size_matched	synthetic	syn_001383	0.00694121746346
synthetic_size_matched	synthetic	syn_001384	0.00905707478523
synthetic_size_matched	synthetic	syn_001385	0.0062955012545
synthetic_size_matched	synthetic	syn_001386	0.00703484844416
synthetic_size_matched	synthetic	syn_001387	0.00600814819336
synthetic_size_matched	synthetic	syn_001388	0.00679587526247
synthetic_size_matched	synthetic	syn_001389	0.00562587473541
synthetic_size_matched	synthetic	syn_001390	0.00436844397336
synthetic_size_matched	synthetic	syn_001391	0.00737793371081
synthetic_size_matched	synthetic	syn_001392	0.00964830350131
synthetic_size_matched	synthetic	syn_001393	0.0101830223575
synthetic_size_matched	synthetic	syn_001394	0.00626746239141
synthetic_size_matched	synthetic	syn_001395	0.00740283308551
synthetic_size_matched	synthetic	syn_001396	0.0104919113219
synthetic_size_matched	synthetic	syn_001397	0.0162597931921
synthetic_size_matched	synthetic	syn_001398	0.00583901628852
synthetic_size_matched	synthetic	syn_001399	0.00598734570667
synthetic_size_matched	synthetic	syn_001400	0.0102392649278
synthetic_size_matched	synthetic	syn_001401	0.00576475076377
synthetic_size_matched	synthetic	syn_001402	0.0094228554517
synthetic_size_matched	synthetic	syn_001403	0.00799626670778
synthetic_size_matched	synthetic	syn_001404	0.00871793460101
synthetic_size_matched	synthetic	syn_001405	0.009038599208
synthetic_size_matched	synthetic	syn_001406	0.00582646112889
synthetic_size_matched	synthetic	syn_001407	0.00759687786922
synthetic_size_matched	synthetic	syn_001408	0.00681973434985
synthetic_size_matched	synthetic	syn_001409	0.00547858793288
synthetic_size_matched	synthetic	syn_001410	0.0109596326947
synthetic_size_matched	synthetic	syn_001411	0.00797336362302
synthetic_size_matched	synthetic	syn_001412	0.0157623942941
synthetic_size_matched	synthetic	syn_001413	0.00583816226572
synthetic_size_matched	synthetic	syn_001414	0.00648029427975
synthetic_size_matched	synthetic	syn_001415	0.00609297957271
synthetic_size_matched	synthetic	syn_001416	0.00436250306666
synthetic_size_matched	synthetic	syn_001417	0.00987115316093
synthetic_size_matched	synthetic	syn_001418	0.00318137020804
synthetic_size_matched	synthetic	syn_001419	0.00512267556041
synthetic_size_matched	synthetic	syn_001420	0.0152355656028
synthetic_size_matched	synthetic	syn_001421	0.00572309689596
synthetic_size_matched	synthetic	syn_001422	0.0111730564386
synthetic_size_matched	synthetic	syn_001423	0.00715708173811
synthetic_size_matched	synthetic	syn_001424	0.0039397906512
synthetic_size_matched	synthetic	syn_001425	0.00434954790398
synthetic_size_matched	synthetic	syn_001426	0.00876834243536
synthetic_size_matched	synthetic	syn_001427	0.00508477166295
synthetic_size_matched	synthetic	syn_001428	0.00631520571187
synthetic_size_matched	synthetic	syn_001429	0.00875139981508
synthetic_size_matched	synthetic	syn_001430	0.00798868387938
synthetic_size_matched	synthetic	syn_001431	0.00804381538182
synthetic_size_matched	synthetic	syn_001432	0.00745780626312
synthetic_size_matched	synthetic	syn_001433	0.00653674872592
synthetic_size_matched	synthetic	syn_001434	0.00843802280724
synthetic_size_matched	synthetic	syn_001435	0.00623701885343
synthetic_size_matched	synthetic	syn_001436	0.0170657914132
synthetic_size_matched	synthetic	syn_001437	0.00350320735015
synthetic_size_matched	synthetic	syn_001438	0.00643504690379
synthetic_size_matched	synthetic	syn_001439	0.0103733539581
synthetic_size_matched	synthetic	syn_001440	0.0040673352778
synthetic_size_matched	synthetic	syn_001441	0.00572958076373
synthetic_size_matched	synthetic	syn_001442	0.0107980119064
synthetic_size_matched	synthetic	syn_001443	0.00713956635445
synthetic_size_matched	synthetic	syn_001444	0.00670026708394
synthetic_size_matched	synthetic	syn_001445	0.00776735693216
synthetic_size_matched	synthetic	syn_001446	0.0120576610789
synthetic_size_matched	synthetic	syn_001447	0.00695928558707
synthetic_size_matched	synthetic	syn_001448	0.00919375009835
synthetic_size_matched	synthetic	syn_001449	0.00528336828575
synthetic_size_matched	synthetic	syn_001450	0.0101833157241
synthetic_size_matched	synthetic	syn_001451	0.00921976007521
synthetic_size_matched	synthetic	syn_001452	0.00675049982965
synthetic_size_matched	synthetic	syn_001453	0.00641343183815
synthetic_size_matched	synthetic	syn_001454	0.0177391413599
synthetic_size_matched	synthetic	syn_001455	0.0111825866625
synthetic_size_matched	synthetic	syn_001456	0.00807226356119
synthetic_size_matched	synthetic	syn_001457	0.00585094932467
synthetic_size_matched	synthetic	syn_001458	0.00704579986632
synthetic_size_matched	synthetic	syn_001459	0.00780892325565
synthetic_size_matched	synthetic	syn_001460	0.00856696348637
synthetic_size_matched	synthetic	syn_001461	0.00516783818603
synthetic_size_matched	synthetic	syn_001462	0.00888240337372
synthetic_size_matched	synthetic	syn_001463	0.00678395479918
synthetic_size_matched	synthetic	syn_001464	0.0058595687151
synthetic_size_matched	synthetic	syn_001465	0.00624805223197
synthetic_size_matched	synthetic	syn_001466	0.00963502936065
synthetic_size_matched	synthetic	syn_001467	0.00746067659929
synthetic_size_matched	synthetic	syn_001468	0.00607884163037
synthetic_size_matched	synthetic	syn_001469	0.0097749363631
synthetic_size_matched	synthetic	syn_001470	0.00627565570176
synthetic_size_matched	synthetic	syn_001471	0.00571643095464
synthetic_size_matched	synthetic	syn_001472	0.00569077534601
synthetic_size_matched	synthetic	syn_001473	0.00647944025695
synthetic_size_matched	synthetic	syn_001474	0.00542047899216
synthetic_size_matched	synthetic	syn_001475	0.00466817896813
synthetic_size_matched	synthetic	syn_001476	0.0090589215979
synthetic_size_matched	synthetic	syn_001477	0.00654502445832
synthetic_size_matched	synthetic	syn_001478	0.00965018756688
synthetic_size_matched	synthetic	syn_001479	0.01189176552
synthetic_size_matched	synthetic	syn_001480	0.00718697253615
synthetic_size_matched	synthetic	syn_001481	0.00876261945814
synthetic_size_matched	synthetic	syn_001482	0.00904329586774
synthetic_size_matched	synthetic	syn_001483	0.00543312355876
synthetic_size_matched	synthetic	syn_001484	0.00361708085984
synthetic_size_matched	synthetic	syn_001485	0.00660233013332
synthetic_size_matched	synthetic	syn_001486	0.00770789943635
synthetic_size_matched	synthetic	syn_001487	0.00874056667089
synthetic_size_matched	synthetic	syn_001488	0.00878603570163
synthetic_size_matched	synthetic	syn_001489	0.0089662913233
synthetic_size_matched	synthetic	syn_001490	0.00521453563124
synthetic_size_matched	synthetic	syn_001491	0.00934882648289
synthetic_size_matched	synthetic	syn_001492	0.00803481321782
synthetic_size_matched	synthetic	syn_001493	0.0056687691249
synthetic_size_matched	synthetic	syn_001494	0.0047438358888
synthetic_size_matched	synthetic	syn_001495	0.0108707733452
synthetic_size_matched	synthetic	syn_001496	0.0102177103981
synthetic_size_matched	synthetic	syn_001497	0.004573171027
synthetic_size_matched	synthetic	syn_001498	0.00524316355586
synthetic_size_matched	synthetic	syn_001499	0.0062011401169
synthetic_size_matched	synthetic	syn_001500	0.0100290365517
synthetic_size_matched	synthetic	syn_001501	0.00676908297464
synthetic_size_matched	synthetic	syn_001502	0.00951718352735
synthetic_size_matched	synthetic	syn_001503	0.0142952455208
synthetic_size_matched	synthetic	syn_001504	0.00482339784503
synthetic_size_matched	synthetic	syn_001505	0.00528808124363
synthetic_size_matched	synthetic	syn_001506	0.00499388296157
synthetic_size_matched	synthetic	syn_001507	0.0127323409542
synthetic_size_matched	synthetic	syn_001508	0.00888062827289
synthetic_size_matched	synthetic	syn_001509	0.00421451870352
synthetic_size_matched	synthetic	syn_001510	0.00787646509707
synthetic_size_matched	synthetic	syn_001511	0.0114587051794
synthetic_size_matched	synthetic	syn_001512	0.00452631153166
synthetic_size_matched	synthetic	syn_001513	0.0104489810765
synthetic_size_matched	synthetic	syn_001514	0.00725810229778
synthetic_size_matched	synthetic	syn_001515	0.0100751984864
synthetic_size_matched	synthetic	syn_001516	0.00366695201956
synthetic_size_matched	synthetic	syn_001517	0.00682235602289
synthetic_size_matched	synthetic	syn_001518	0.00791982281953
synthetic_size_matched	synthetic	syn_001519	0.00731256790459
synthetic_size_matched	synthetic	syn_001520	0.00417640199885
synthetic_size_matched	synthetic	syn_001521	0.00750210089609
synthetic_size_matched	synthetic	syn_001522	0.00485459901392
synthetic_size_matched	synthetic	syn_001523	0.00743672018871
synthetic_size_matched	synthetic	syn_001524	0.00583991408348
synthetic_size_matched	synthetic	syn_001525	0.00894793495536
synthetic_size_matched	synthetic	syn_001526	0.0062809586525
synthetic_size_matched	synthetic	syn_001527	0.00830889586359
synthetic_size_matched	synthetic	syn_001528	0.00328438356519
synthetic_size_matched	synthetic	syn_001529	0.00732647115365
synthetic_size_matched	synthetic	syn_001530	0.00712158158422
synthetic_size_matched	synthetic	syn_001531	0.00631791586056
synthetic_size_matched	synthetic	syn_001532	0.00571251660585
synthetic_size_matched	synthetic	syn_001534	0.00546784466133
synthetic_size_matched	synthetic	syn_001535	0.00598229002208
synthetic_size_matched	synthetic	syn_001536	0.00855368003249
synthetic_size_matched	synthetic	syn_001537	0.00544412340969
synthetic_size_matched	synthetic	syn_001538	0.00738476868719
synthetic_size_matched	synthetic	syn_001539	0.00949245505035
synthetic_size_matched	synthetic	syn_001540	0.00607856689021
synthetic_size_matched	synthetic	syn_001541	0.00509914662689
synthetic_size_matched	synthetic	syn_001542	0.0121518447995
synthetic_size_matched	synthetic	syn_001543	0.00935330055654
synthetic_size_matched	synthetic	syn_001544	0.00461622932926
synthetic_size_matched	synthetic	syn_001545	0.00467986799777
synthetic_size_matched	synthetic	syn_001546	0.00616890983656
synthetic_size_matched	synthetic	syn_001547	0.00710640987381
synthetic_size_matched	synthetic	syn_001548	0.00358504755422
synthetic_size_matched	synthetic	syn_001549	0.0108192488551
synthetic_size_matched	synthetic	syn_001550	0.00912749581039
synthetic_size_matched	synthetic	syn_001551	0.00717867305502
synthetic_size_matched	synthetic	syn_001552	0.00724608451128
synthetic_size_matched	synthetic	syn_001553	0.00590465404093
synthetic_size_matched	synthetic	syn_001554	0.0112430853769
synthetic_size_matched	synthetic	syn_001555	0.0113510116935
synthetic_size_matched	synthetic	syn_001556	0.00749281700701
synthetic_size_matched	synthetic	syn_001557	0.00955534912646
synthetic_size_matched	synthetic	syn_001558	0.0124691314995
synthetic_size_matched	synthetic	syn_001559	0.0074569680728
synthetic_size_matched	synthetic	syn_001560	0.00807711854577
synthetic_size_matched	synthetic	syn_001561	0.00487573165447
synthetic_size_matched	synthetic	syn_001562	0.00673650298268
synthetic_size_matched	synthetic	syn_001563	0.0061843181029
synthetic_size_matched	synthetic	syn_001564	0.00591589743271
synthetic_size_matched	synthetic	syn_001565	0.00811092276126
synthetic_size_matched	synthetic	syn_001566	0.00691058905795
synthetic_size_matched	synthetic	syn_001567	0.00602424610406
synthetic_size_matched	synthetic	syn_001568	0.00977131538093
synthetic_size_matched	synthetic	syn_001569	0.00443286402151
synthetic_size_matched	synthetic	syn_001570	0.00482989195734
synthetic_size_matched	synthetic	syn_001571	0.00959991849959
synthetic_size_matched	synthetic	syn_001572	0.00866498053074
synthetic_size_matched	synthetic	syn_001573	0.00455952947959
synthetic_size_matched	synthetic	syn_001574	0.00484988093376
synthetic_size_matched	synthetic	syn_001575	0.00399548700079
synthetic_size_matched	synthetic	syn_001576	0.00720046833158
synthetic_size_matched	synthetic	syn_001577	0.00627316813916
synthetic_size_matched	synthetic	syn_001578	0.00841496791691
synthetic_size_matched	synthetic	syn_001579	0.0053192935884
synthetic_size_matched	synthetic	syn_001580	0.00641935877502
synthetic_size_matched	synthetic	syn_001581	0.00771669112146
synthetic_size_matched	synthetic	syn_001582	0.010309798643
synthetic_size_matched	synthetic	syn_001583	0.00354377925396
synthetic_size_matched	synthetic	syn_001584	0.00857044383883
synthetic_size_matched	synthetic	syn_001585	0.00518616195768
synthetic_size_matched	synthetic	syn_001586	0.0204235818237
synthetic_size_matched	synthetic	syn_001587	0.00903580710292
synthetic_size_matched	synthetic	syn_001588	0.00980716105551
synthetic_size_matched	synthetic	syn_001589	0.0102651957422
synthetic_size_matched	synthetic	syn_001590	0.00562208518386
synthetic_size_matched	synthetic	syn_001591	0.00495037529618
synthetic_size_matched	synthetic	syn_001592	0.00536893308163
synthetic_size_matched	synthetic	syn_001593	0.00537719298154
synthetic_size_matched	synthetic	syn_001594	0.0074904486537
synthetic_size_matched	synthetic	syn_001595	0.00551131926477
synthetic_size_matched	synthetic	syn_001596	0.00667546177283
synthetic_size_matched	synthetic	syn_001597	0.0310312863439
synthetic_size_matched	synthetic	syn_001598	0.00814978219569
synthetic_size_matched	synthetic	syn_001599	0.00764553714544
synthetic_size_matched	synthetic	syn_001600	0.00463929865509
synthetic_size_matched	synthetic	syn_001601	0.0136091634631
synthetic_size_matched	synthetic	syn_001602	0.00586750358343
synthetic_size_matched	synthetic	syn_001603	0.0100702829659
synthetic_size_matched	synthetic	syn_001604	0.00772516010329
synthetic_size_matched	synthetic	syn_001605	0.00458580488339
synthetic_size_matched	synthetic	syn_001606	0.0128673743457
synthetic_size_matched	synthetic	syn_001607	0.0159795861691
synthetic_size_matched	synthetic	syn_001608	0.0146055035293
synthetic_size_matched	synthetic	syn_001609	0.00820265058428
synthetic_size_matched	synthetic	syn_001610	0.0059830956161
synthetic_size_matched	synthetic	syn_001611	0.00457827467471
synthetic_size_matched	synthetic	syn_001612	0.00581494392827
synthetic_size_matched	synthetic	syn_001613	0.00821352936327
synthetic_size_matched	synthetic	syn_001614	0.00612243637443
synthetic_size_matched	synthetic	syn_001615	0.0119291488081
synthetic_size_matched	synthetic	syn_001616	0.0160315651447
synthetic_size_matched	synthetic	syn_001617	0.00460722716525
synthetic_size_matched	synthetic	syn_001618	0.0058822450228
synthetic_size_matched	synthetic	syn_001619	0.00804102048278
synthetic_size_matched	synthetic	syn_001620	0.0057453289628
synthetic_size_matched	synthetic	syn_001621	0.00873849354684
synthetic_size_matched	synthetic	syn_001622	0.00584086682647
synthetic_size_matched	synthetic	syn_001623	0.00728570157662
synthetic_size_matched	synthetic	syn_001624	0.00728043727577
synthetic_size_matched	synthetic	syn_001625	0.00794100947678
synthetic_size_matched	synthetic	syn_001626	0.016266182065
synthetic_size_matched	synthetic	syn_001627	0.00655629625544
synthetic_size_matched	synthetic	syn_001628	0.00438881013542
synthetic_size_matched	synthetic	syn_001629	0.00792918074876
synthetic_size_matched	synthetic	syn_001630	0.00905751623213
synthetic_size_matched	synthetic	syn_001631	0.0135119687766
synthetic_size_matched	synthetic	syn_001632	0.0039634606801
synthetic_size_matched	synthetic	syn_001633	0.0112660340965
synthetic_size_matched	synthetic	syn_001634	0.00885622669011
synthetic_size_matched	synthetic	syn_001635	0.0102336918935
synthetic_size_matched	synthetic	syn_001636	0.00702364277095
synthetic_size_matched	synthetic	syn_001637	0.00405079592019
synthetic_size_matched	synthetic	syn_001638	0.0113908508793
synthetic_size_matched	synthetic	syn_001639	0.00929876696318
synthetic_size_matched	synthetic	syn_001640	0.00673822220415
synthetic_size_matched	synthetic	syn_001641	0.0100397523493
synthetic_size_matched	synthetic	syn_001642	0.00641111796722
synthetic_size_matched	synthetic	syn_001643	0.0071399435401
synthetic_size_matched	synthetic	syn_001644	0.00564254494384
synthetic_size_matched	synthetic	syn_001645	0.0050164158456
synthetic_size_matched	synthetic	syn_001646	0.00933689903468
synthetic_size_matched	synthetic	syn_001647	0.00754465255886
synthetic_size_matched	synthetic	syn_001648	0.00540685001761
synthetic_size_matched	synthetic	syn_001649	0.00461327331141
synthetic_size_matched	synthetic	syn_001650	0.0108596878126
synthetic_size_matched	synthetic	syn_001651	0.00598891498521
synthetic_size_matched	synthetic	syn_001652	0.0103060984984
synthetic_size_matched	synthetic	syn_001653	0.00796529557556
synthetic_size_matched	synthetic	syn_001654	0.00994340144098
synthetic_size_matched	synthetic	syn_001655	0.0163392946124
synthetic_size_matched	synthetic	syn_001656	0.00728302914649
synthetic_size_matched	synthetic	syn_001657	0.0106148123741
synthetic_size_matched	synthetic	syn_001658	0.00436654407531
synthetic_size_matched	synthetic	syn_001659	0.00890991277993
synthetic_size_matched	synthetic	syn_001660	0.00998205132782
synthetic_size_matched	synthetic	syn_001661	0.00924623943865
synthetic_size_matched	synthetic	syn_001662	0.00458855833858
synthetic_size_matched	synthetic	syn_001663	0.00862821936607
synthetic_size_matched	synthetic	syn_001664	0.00513106631115
synthetic_size_matched	synthetic	syn_001665	0.00649075722322
synthetic_size_matched	synthetic	syn_001666	0.00661261100322
synthetic_size_matched	synthetic	syn_001667	0.0035249881912
synthetic_size_matched	synthetic	syn_001668	0.00680312002078
synthetic_size_matched	synthetic	syn_001669	0.0102645140141
synthetic_size_matched	synthetic	syn_001670	0.00849135406315
synthetic_size_matched	synthetic	syn_001671	0.0104745952412
synthetic_size_matched	synthetic	syn_001672	0.00797464512289
synthetic_size_matched	synthetic	syn_001673	0.0104064308107
synthetic_size_matched	synthetic	syn_001674	0.0052672624588
synthetic_size_matched	synthetic	syn_001675	0.00583636667579
synthetic_size_matched	synthetic	syn_001676	0.00601876387373
synthetic_size_matched	synthetic	syn_001677	0.00591020053253
synthetic_size_matched	synthetic	syn_001678	0.00758032314479
synthetic_size_matched	synthetic	syn_001679	0.0186945665628
synthetic_size_matched	synthetic	syn_001680	0.00580068398267
synthetic_size_matched	synthetic	syn_001681	0.00651827827096
synthetic_size_matched	synthetic	syn_001682	0.0237464234233
synthetic_size_matched	synthetic	syn_001683	0.00637793820351
synthetic_size_matched	synthetic	syn_001684	0.00749131338671
synthetic_size_matched	synthetic	syn_001685	0.00330179557204
synthetic_size_matched	synthetic	syn_001686	0.00956056825817
synthetic_size_matched	synthetic	syn_001687	0.00640822760761
synthetic_size_matched	synthetic	syn_001688	0.00590723287314
synthetic_size_matched	synthetic	syn_001689	0.00796506274492
synthetic_size_matched	synthetic	syn_001690	0.00869517959654
synthetic_size_matched	synthetic	syn_001692	0.00527855427936
synthetic_size_matched	synthetic	syn_001693	0.0086256377399
synthetic_size_matched	synthetic	syn_001694	0.00510523142293
synthetic_size_matched	synthetic	syn_001695	0.0083583984524
synthetic_size_matched	synthetic	syn_001696	0.00612314417958
synthetic_size_matched	synthetic	syn_001697	0.00989815220237
synthetic_size_matched	synthetic	syn_001698	0.00716206803918
synthetic_size_matched	synthetic	syn_001699	0.00957558117807
synthetic_size_matched	synthetic	syn_001700	0.00966225191951
synthetic_size_matched	synthetic	syn_001701	0.0066122058779
synthetic_size_matched	synthetic	syn_001702	0.00872088130563
synthetic_size_matched	synthetic	syn_001703	0.0082292240113
synthetic_size_matched	synthetic	syn_001704	0.0151825221255
synthetic_size_matched	synthetic	syn_001705	0.0103515032679
synthetic_size_matched	synthetic	syn_001706	0.004870664794
synthetic_size_matched	synthetic	syn_001707	0.0082277636975
synthetic_size_matched	synthetic	syn_001708	0.0142291402444
synthetic_size_matched	synthetic	syn_001709	0.00755848595873
synthetic_size_matched	synthetic	syn_001710	0.0104799605906
synthetic_size_matched	synthetic	syn_001711	0.00614647381008
synthetic_size_matched	synthetic	syn_001712	0.006601867266
synthetic_size_matched	synthetic	syn_001713	0.00783394370228
synthetic_size_matched	synthetic	syn_001714	0.00756200635806
synthetic_size_matched	synthetic	syn_001715	0.00471608154476
synthetic_size_matched	synthetic	syn_001716	0.00947306212038
synthetic_size_matched	synthetic	syn_001717	0.00422755815089
synthetic_size_matched	synthetic	syn_001718	0.0100689372048
synthetic_size_matched	synthetic	syn_001719	0.0120294597
synthetic_size_matched	synthetic	syn_001720	0.00674579106271
synthetic_size_matched	synthetic	syn_001721	0.00513241998851
synthetic_size_matched	synthetic	syn_001722	0.00913730915636
synthetic_size_matched	synthetic	syn_001723	0.00549764977768
synthetic_size_matched	synthetic	syn_001724	0.0114342737943
synthetic_size_matched	synthetic	syn_001725	0.00593171035871
synthetic_size_matched	synthetic	syn_001726	0.00933186337352
synthetic_size_matched	synthetic	syn_001727	0.0123684322461
synthetic_size_matched	synthetic	syn_001728	0.00641411542892
synthetic_size_matched	synthetic	syn_001729	0.00440296437591
synthetic_size_matched	synthetic	syn_001730	0.013859000057
synthetic_size_matched	synthetic	syn_001731	0.00529155600816
synthetic_size_matched	synthetic	syn_001732	0.00699652265757
synthetic_size_matched	synthetic	syn_001733	0.0103410966694
synthetic_size_matched	synthetic	syn_001734	0.00522752013057
synthetic_size_matched	synthetic	syn_001735	0.00698877219111
synthetic_size_matched	synthetic	syn_001736	0.00653753615916
synthetic_size_matched	synthetic	syn_001737	0.0064611332491
synthetic_size_matched	synthetic	syn_001738	0.00637225387618
synthetic_size_matched	synthetic	syn_001739	0.00946755707264
synthetic_size_matched	synthetic	syn_001740	0.00607594056055
synthetic_size_matched	synthetic	syn_001741	0.00679905805737
synthetic_size_matched	synthetic	syn_001742	0.00507531128824
synthetic_size_matched	synthetic	syn_001743	0.0173192359507
synthetic_size_matched	synthetic	syn_001744	0.0173324123025
synthetic_size_matched	synthetic	syn_001745	0.00649121170864
synthetic_size_matched	synthetic	syn_001746	0.0059904018417
synthetic_size_matched	synthetic	syn_001747	0.00621214788407
synthetic_size_matched	synthetic	syn_001748	0.00955850630999
synthetic_size_matched	synthetic	syn_001749	0.0063223708421
synthetic_size_matched	synthetic	syn_001750	0.0128128603101
synthetic_size_matched	synthetic	syn_001751	0.019808512181
synthetic_size_matched	synthetic	syn_001752	0.00625418545678
synthetic_size_matched	synthetic	syn_001753	0.00788175314665
synthetic_size_matched	synthetic	syn_001754	0.00633810646832
synthetic_size_matched	synthetic	syn_001755	0.0167526137084
synthetic_size_matched	synthetic	syn_001756	0.00783530250192
synthetic_size_matched	synthetic	syn_001757	0.0074101537466
synthetic_size_matched	synthetic	syn_001758	0.0054977517575
synthetic_size_matched	synthetic	syn_001759	0.00526870880276
synthetic_size_matched	synthetic	syn_001760	0.00531590497121
synthetic_size_matched	synthetic	syn_001761	0.0146696325392
synthetic_size_matched	synthetic	syn_001762	0.00483322888613
synthetic_size_matched	synthetic	syn_001763	0.00790216773748
synthetic_size_matched	synthetic	syn_001764	0.00796615611762
synthetic_size_matched	synthetic	syn_001765	0.0221474152058
synthetic_size_matched	synthetic	syn_001766	0.00855426117778
synthetic_size_matched	synthetic	syn_001767	0.00785015523434
synthetic_size_matched	synthetic	syn_001768	0.00924118421972
synthetic_size_matched	synthetic	syn_001769	0.00911634322256
synthetic_size_matched	synthetic	syn_001770	0.00551362289116
synthetic_size_matched	synthetic	syn_001771	0.00545672466978
synthetic_size_matched	synthetic	syn_001772	0.0109052173793
synthetic_size_matched	synthetic	syn_001773	0.0054257013835
synthetic_size_matched	synthetic	syn_001774	0.0128053296357
synthetic_size_matched	synthetic	syn_001775	0.00572090595961
synthetic_size_matched	synthetic	syn_001776	0.00898697040975
synthetic_size_matched	synthetic	syn_001777	0.00998220965266
synthetic_size_matched	synthetic	syn_001778	0.0103896642104
synthetic_size_matched	synthetic	syn_001779	0.00672784354538
synthetic_size_matched	synthetic	syn_001780	0.00801462028176
synthetic_size_matched	synthetic	syn_001781	0.00522625772282
synthetic_size_matched	synthetic	syn_001782	0.00681477598846
synthetic_size_matched	synthetic	syn_001783	0.00732364226133
synthetic_size_matched	synthetic	syn_001784	0.00510897673666
synthetic_size_matched	synthetic	syn_001785	0.010855589062
synthetic_size_matched	synthetic	syn_001786	0.00638908706605
synthetic_size_matched	synthetic	syn_001787	0.00626124395058
synthetic_size_matched	synthetic	syn_001788	0.00554347550496
synthetic_size_matched	synthetic	syn_001789	0.00789128150791
synthetic_size_matched	synthetic	syn_001790	0.00883571337909
synthetic_size_matched	synthetic	syn_001791	0.00700296834111
synthetic_size_matched	synthetic	syn_001792	0.00396748865023
synthetic_size_matched	synthetic	syn_001793	0.00892584584653
synthetic_size_matched	synthetic	syn_001794	0.0139938108623
synthetic_size_matched	synthetic	syn_001795	0.00623330986127
synthetic_size_matched	synthetic	syn_001796	0.00710056442767
synthetic_size_matched	synthetic	syn_001797	0.003644912038
synthetic_size_matched	synthetic	syn_001798	0.0078289648518
synthetic_size_matched	synthetic	syn_001799	0.00431228522211
synthetic_size_matched	synthetic	syn_001800	0.0107880821452
synthetic_size_matched	synthetic	syn_001801	0.0122873913497
synthetic_size_matched	synthetic	syn_001802	0.00669764261693
synthetic_size_matched	synthetic	syn_001803	0.00686251372099
synthetic_size_matched	synthetic	syn_001804	0.0128522068262
synthetic_size_matched	synthetic	syn_001805	0.00708825327456
synthetic_size_matched	synthetic	syn_001806	0.00557826180011
synthetic_size_matched	synthetic	syn_001807	0.00693122623488
synthetic_size_matched	synthetic	syn_001808	0.00838722847402
synthetic_size_matched	synthetic	syn_001809	0.0104686366394
synthetic_size_matched	synthetic	syn_001810	0.00767619488761
synthetic_size_matched	synthetic	syn_001811	0.00708527676761
synthetic_size_matched	synthetic	syn_001812	0.00648251455277
synthetic_size_matched	synthetic	syn_001813	0.0175276175141
synthetic_size_matched	synthetic	syn_001814	0.00667593535036
synthetic_size_matched	synthetic	syn_001815	0.00661414209753
synthetic_size_matched	synthetic	syn_001816	0.0113792624325
synthetic_size_matched	synthetic	syn_001817	0.00688163470477
synthetic_size_matched	synthetic	syn_001818	0.00553740095347
synthetic_size_matched	synthetic	syn_001819	0.0081983152777
synthetic_size_matched	synthetic	syn_001820	0.00676432810724
synthetic_size_matched	synthetic	syn_001821	0.0131890606135
synthetic_size_matched	synthetic	syn_001822	0.00517529807985
synthetic_size_matched	synthetic	syn_001823	0.009615723975
synthetic_size_matched	synthetic	syn_001824	0.00342619861476
synthetic_size_matched	synthetic	syn_001825	0.00783415697515
synthetic_size_matched	synthetic	syn_001826	0.00505256745964
synthetic_size_matched	synthetic	syn_001827	0.0109850056469
synthetic_size_matched	synthetic	syn_001828	0.0108819836751
synthetic_size_matched	synthetic	syn_001829	0.013542406261
synthetic_size_matched	synthetic	syn_001830	0.00845839083195
synthetic_size_matched	synthetic	syn_001831	0.00721417553723
synthetic_size_matched	synthetic	syn_001832	0.0102863255888
synthetic_size_matched	synthetic	syn_001833	0.0102840345353
synthetic_size_matched	synthetic	syn_001834	0.00440965872258
synthetic_size_matched	synthetic	syn_001835	0.00768878497183
synthetic_size_matched	synthetic	syn_001836	0.00426815543324
synthetic_size_matched	synthetic	syn_001837	0.0106028523296
synthetic_size_matched	synthetic	syn_001838	0.00729605322704
synthetic_size_matched	synthetic	syn_001839	0.00794189982116
synthetic_size_matched	synthetic	syn_001840	0.0128805907443
synthetic_size_matched	synthetic	syn_001841	0.00702656339854
synthetic_size_matched	synthetic	syn_001842	0.026774642989
synthetic_size_matched	synthetic	syn_001843	0.00780825968832
synthetic_size_matched	synthetic	syn_001844	0.00871355738491
synthetic_size_matched	synthetic	syn_001845	0.0102777862921
synthetic_size_matched	synthetic	syn_001846	0.00533463712782
synthetic_size_matched	synthetic	syn_001847	0.0118885440752
synthetic_size_matched	synthetic	syn_001848	0.00826334767044
synthetic_size_matched	synthetic	syn_001849	0.00611712643877
synthetic_size_matched	synthetic	syn_001850	0.00469626579434
synthetic_size_matched	synthetic	syn_001851	0.0138786165044
synthetic_size_matched	synthetic	syn_001852	0.00621564406902
synthetic_size_matched	synthetic	syn_001853	0.00998609419912
synthetic_size_matched	synthetic	syn_001854	0.00939686596394
synthetic_size_matched	synthetic	syn_001855	0.00941391754895
synthetic_size_matched	synthetic	syn_001856	0.00712804729119
synthetic_size_matched	synthetic	syn_001857	0.00653680320829
synthetic_size_matched	synthetic	syn_001858	0.014142010361
synthetic_size_matched	synthetic	syn_001859	0.00670448131859
synthetic_size_matched	synthetic	syn_001860	0.00690861605108
synthetic_size_matched	synthetic	syn_001861	0.010657120496
synthetic_size_matched	synthetic	syn_001862	0.0112425619736
synthetic_size_matched	synthetic	syn_001863	0.00583508843556
synthetic_size_matched	synthetic	syn_001864	0.00574627425522
synthetic_size_matched	synthetic	syn_001865	0.00844859052449
synthetic_size_matched	synthetic	syn_001866	0.00742849567905
synthetic_size_matched	synthetic	syn_001867	0.00477057881653
synthetic_size_matched	synthetic	syn_001868	0.00922383833677
synthetic_size_matched	synthetic	syn_001869	0.0058142291382
synthetic_size_matched	synthetic	syn_001870	0.00616332096979
synthetic_size_matched	synthetic	syn_001871	0.00666924798861
synthetic_size_matched	synthetic	syn_001872	0.00539037073031
synthetic_size_matched	synthetic	syn_001873	0.00629782956094
synthetic_size_matched	synthetic	syn_001874	0.0105873942375
synthetic_size_matched	synthetic	syn_001875	0.00927035883069
synthetic_size_matched	synthetic	syn_001876	0.00768386060372
synthetic_size_matched	synthetic	syn_001877	0.00669278856367
synthetic_size_matched	synthetic	syn_001878	0.00503346975893
synthetic_size_matched	synthetic	syn_001879	0.00680974777788
synthetic_size_matched	synthetic	syn_001880	0.00591807346791
synthetic_size_matched	synthetic	syn_001881	0.0104018878192
synthetic_size_matched	synthetic	syn_001882	0.00639773812145
synthetic_size_matched	synthetic	syn_001883	0.01016722247
synthetic_size_matched	synthetic	syn_001884	0.00564474100247
synthetic_size_matched	synthetic	syn_001885	0.00481134932488
synthetic_size_matched	synthetic	syn_001886	0.0071793217212
synthetic_size_matched	synthetic	syn_001887	0.00383657030761
synthetic_size_matched	synthetic	syn_001888	0.00446041626856
synthetic_size_matched	synthetic	syn_001889	0.00426695868373
synthetic_size_matched	synthetic	syn_001890	0.00727780722082
synthetic_size_matched	synthetic	syn_001891	0.0103497235104
synthetic_size_matched	synthetic	syn_001892	0.00769043061882
synthetic_size_matched	synthetic	syn_001893	0.00830674823374
synthetic_size_matched	synthetic	syn_001894	0.00619502551854
synthetic_size_matched	synthetic	syn_001895	0.00691869948059
synthetic_size_matched	synthetic	syn_001896	0.00989702902734
synthetic_size_matched	synthetic	syn_001897	0.00583950337023
synthetic_size_matched	synthetic	syn_001898	0.00601204531267
synthetic_size_matched	synthetic	syn_001899	0.00674986559898
synthetic_size_matched	synthetic	syn_001900	0.00659151375294
synthetic_size_matched	synthetic	syn_001901	0.00453226314858
synthetic_size_matched	synthetic	syn_001902	0.00582198891789
synthetic_size_matched	synthetic	syn_001903	0.00593703892082
synthetic_size_matched	synthetic	syn_001904	0.00655659567565
synthetic_size_matched	synthetic	syn_001905	0.00718926545233
synthetic_size_matched	synthetic	syn_001906	0.00898023322225
synthetic_size_matched	synthetic	syn_001907	0.00564428279176
synthetic_size_matched	synthetic	syn_001908	0.00860356539488
synthetic_size_matched	synthetic	syn_001909	0.0194812975824
synthetic_size_matched	synthetic	syn_001910	0.00573777221143
synthetic_size_matched	synthetic	syn_001911	0.00595291517675
synthetic_size_matched	synthetic	syn_001912	0.00560547877103
synthetic_size_matched	synthetic	syn_001913	0.00517894048244
synthetic_size_matched	synthetic	syn_001914	0.0109133031219
synthetic_size_matched	synthetic	syn_001915	0.00653115939349
synthetic_size_matched	synthetic	syn_001916	0.00324114551768
synthetic_size_matched	synthetic	syn_001917	0.00710132904351
synthetic_size_matched	synthetic	syn_001918	0.00748080061749
synthetic_size_matched	synthetic	syn_001919	0.00476173404604
synthetic_size_matched	synthetic	syn_001920	0.00527470326051
synthetic_size_matched	synthetic	syn_001921	0.0103108817711
synthetic_size_matched	synthetic	syn_001922	0.00628905883059
synthetic_size_matched	synthetic	syn_001923	0.0270786043257
synthetic_size_matched	synthetic	syn_001924	0.0083649456501
synthetic_size_matched	synthetic	syn_001925	0.0124073633924
synthetic_size_matched	synthetic	syn_001926	0.00679302588105
synthetic_size_matched	synthetic	syn_001927	0.00439600739628
synthetic_size_matched	synthetic	syn_001928	0.00746641447768
synthetic_size_matched	synthetic	syn_001929	0.0110011510551
synthetic_size_matched	synthetic	syn_001930	0.0124482624233
synthetic_size_matched	synthetic	syn_001931	0.00514074787498
synthetic_size_matched	synthetic	syn_001932	0.0149069922045
synthetic_size_matched	synthetic	syn_001933	0.00940074771643
synthetic_size_matched	synthetic	syn_001934	0.00573805207387
synthetic_size_matched	synthetic	syn_001935	0.00512469606474
synthetic_size_matched	synthetic	syn_001936	0.0126452837139
synthetic_size_matched	synthetic	syn_001937	0.00642506079748
synthetic_size_matched	synthetic	syn_001938	0.0147843332961
synthetic_size_matched	synthetic	syn_001939	0.00439994782209
synthetic_size_matched	synthetic	syn_001940	0.0108421966434
synthetic_size_matched	synthetic	syn_001941	0.00690289214253
synthetic_size_matched	synthetic	syn_001942	0.00552396010607
synthetic_size_matched	synthetic	syn_001943	0.00421840837225
synthetic_size_matched	synthetic	syn_001944	0.0108734639362
synthetic_size_matched	synthetic	syn_001945	0.00577017851174
synthetic_size_matched	synthetic	syn_001946	0.0107427118346
synthetic_size_matched	synthetic	syn_001947	0.00595119781792
synthetic_size_matched	synthetic	syn_001948	0.00871575623751
synthetic_size_matched	synthetic	syn_001949	0.00682566687465
synthetic_size_matched	synthetic	syn_001950	0.00714372470975
synthetic_size_matched	synthetic	syn_001951	0.00705896038562
synthetic_size_matched	synthetic	syn_001952	0.010679686442
synthetic_size_matched	synthetic	syn_001953	0.00814520847052
synthetic_size_matched	synthetic	syn_001954	0.00698540452868
synthetic_size_matched	synthetic	syn_001955	0.00428032875061
synthetic_size_matched	synthetic	syn_001956	0.00840682722628
synthetic_size_matched	synthetic	syn_001957	0.0139541737735
synthetic_size_matched	synthetic	syn_001958	0.0065937442705
synthetic_size_matched	synthetic	syn_001959	0.011842302978
synthetic_size_matched	synthetic	syn_001960	0.0150152733549
synthetic_size_matched	synthetic	syn_001961	0.0064880377613
synthetic_size_matched	synthetic	syn_001962	0.0148141793907
synthetic_size_matched	synthetic	syn_001963	0.00419254228473
synthetic_size_matched	synthetic	syn_001964	0.006726144813
synthetic_size_matched	synthetic	syn_001965	0.00482189469039
synthetic_size_matched	synthetic	syn_001966	0.00494767539203
synthetic_size_matched	synthetic	syn_001967	0.00392653141171
synthetic_size_matched	synthetic	syn_001968	0.00875803921372
synthetic_size_matched	synthetic	syn_001969	0.0102250287309
synthetic_size_matched	synthetic	syn_001970	0.00497759412974
synthetic_size_matched	synthetic	syn_001971	0.0079421242699
synthetic_size_matched	synthetic	syn_001972	0.0155804464594
synthetic_size_matched	synthetic	syn_001973	0.00487758219242
synthetic_size_matched	synthetic	syn_001974	0.00562354177237
synthetic_size_matched	synthetic	syn_001975	0.0100220227614
synthetic_size_matched	synthetic	syn_001976	0.00759807229042
synthetic_size_matched	synthetic	syn_001977	0.0138204209507
synthetic_size_matched	synthetic	syn_001978	0.0160475410521
synthetic_size_matched	synthetic	syn_001979	0.00261098658666
synthetic_size_matched	synthetic	syn_001980	0.00800894200802
synthetic_size_matched	synthetic	syn_001981	0.00938096083701
synthetic_size_matched	synthetic	syn_001982	0.0109413992614
synthetic_size_matched	synthetic	syn_001983	0.00554919429123
synthetic_size_matched	synthetic	syn_001984	0.00469637755305
synthetic_size_matched	synthetic	syn_001985	0.00943698175251
synthetic_size_matched	synthetic	syn_001986	0.00938371196389
synthetic_size_matched	synthetic	syn_001987	0.005995627027
synthetic_size_matched	synthetic	syn_001988	0.0108551736921
synthetic_size_matched	synthetic	syn_001989	0.00758600793779
synthetic_size_matched	synthetic	syn_001990	0.00644025113434
synthetic_size_matched	synthetic	syn_001991	0.00579017959535
synthetic_size_matched	synthetic	syn_001992	0.00544432131574
synthetic_size_matched	synthetic	syn_001993	0.00902393646538
synthetic_size_matched	synthetic	syn_001994	0.00470964796841
synthetic_size_matched	synthetic	syn_001995	0.00669353548437
synthetic_size_matched	synthetic	syn_001996	0.00961506180465
synthetic_size_matched	synthetic	syn_001997	0.0096510220319
synthetic_size_matched	synthetic	syn_001998	0.00797382649034
synthetic_size_matched	synthetic	syn_001999	0.00914892926812
synthetic_size_matched	synthetic	syn_002000	0.0179104022682
synthetic_size_matched	synthetic	syn_002001	0.00483125075698
synthetic_size_matched	synthetic	syn_002002	0.00819436460733
synthetic_size_matched	synthetic	syn_002003	0.00951267965138
synthetic_size_matched	synthetic	syn_002004	0.00893830880523
synthetic_size_matched	synthetic	syn_002005	0.00611151428893
synthetic_size_matched	synthetic	syn_002006	0.00785761885345
synthetic_size_matched	synthetic	syn_002007	0.0134134711698
synthetic_size_matched	synthetic	syn_002008	0.00957500375807
synthetic_size_matched	synthetic	syn_002009	0.0052567278035
synthetic_size_matched	synthetic	syn_002010	0.0100842062384
synthetic_size_matched	synthetic	syn_002011	0.0284425914288
synthetic_size_matched	synthetic	syn_002012	0.00574727635831
synthetic_size_matched	synthetic	syn_002013	0.00807955488563
synthetic_size_matched	synthetic	syn_002014	0.00835032388568
synthetic_size_matched	synthetic	syn_002015	0.00667530298233
synthetic_size_matched	synthetic	syn_002016	0.00663510058075
synthetic_size_matched	synthetic	syn_002017	0.00465480983257
synthetic_size_matched	synthetic	syn_002018	0.00664969533682
synthetic_size_matched	synthetic	syn_002019	0.0120248943567
synthetic_size_matched	synthetic	syn_002020	0.00468721147627
synthetic_size_matched	synthetic	syn_002021	0.0190920233727
synthetic_size_matched	synthetic	syn_002022	0.00557513395324
synthetic_size_matched	synthetic	syn_002023	0.00641133077443
synthetic_size_matched	synthetic	syn_002024	0.00623110774904
synthetic_size_matched	synthetic	syn_002025	0.00715433154255
synthetic_size_matched	synthetic	syn_002026	0.00353948771954
synthetic_size_matched	synthetic	syn_002027	0.00662879552692
synthetic_size_matched	synthetic	syn_002028	0.00910194125026
synthetic_size_matched	synthetic	syn_002029	0.00629402510822
synthetic_size_matched	synthetic	syn_002030	0.00618061982095
synthetic_size_matched	synthetic	syn_002031	0.00819387100637
synthetic_size_matched	synthetic	syn_002032	0.00693096034229
synthetic_size_matched	synthetic	syn_002033	0.00600360380486
synthetic_size_matched	synthetic	syn_002034	0.00943985395133
synthetic_size_matched	synthetic	syn_002035	0.00459485594183
synthetic_size_matched	synthetic	syn_002036	0.0069250673987
synthetic_size_matched	synthetic	syn_002037	0.0197606608272
synthetic_size_matched	synthetic	syn_002038	0.00634703226388
synthetic_size_matched	synthetic	syn_002039	0.00542484968901
synthetic_size_matched	synthetic	syn_002040	0.00586364232004
synthetic_size_matched	synthetic	syn_002041	0.00814637541771
synthetic_size_matched	synthetic	syn_002042	0.00645936932415
synthetic_size_matched	synthetic	syn_002043	0.00556177832186
synthetic_size_matched	synthetic	syn_002044	0.0088214315474
synthetic_size_matched	synthetic	syn_002045	0.00887301564217
synthetic_size_matched	synthetic	syn_002046	0.0139783713967
synthetic_size_matched	synthetic	syn_002047	0.00367472972721
synthetic_size_matched	synthetic	syn_002048	0.00438565621153
synthetic_size_matched	synthetic	syn_002049	0.00525873526931
synthetic_size_matched	synthetic	syn_002050	0.012391705066
synthetic_size_matched	synthetic	syn_002051	0.00620105629787
synthetic_size_matched	synthetic	syn_002052	0.0147110000253
synthetic_size_matched	synthetic	syn_002053	0.00887513160706
synthetic_size_matched	synthetic	syn_002054	0.00583889288828
synthetic_size_matched	synthetic	syn_002055	0.00492936279625
synthetic_size_matched	synthetic	syn_002056	0.00731316208839
synthetic_size_matched	synthetic	syn_002057	0.0120094399899
synthetic_size_matched	synthetic	syn_002058	0.00770051125437
synthetic_size_matched	synthetic	syn_002059	0.00464565772563
synthetic_size_matched	synthetic	syn_002060	0.00500766653568
synthetic_size_matched	synthetic	syn_002061	0.00638483650982
synthetic_size_matched	synthetic	syn_002062	0.00678419182077
synthetic_size_matched	synthetic	syn_002063	0.00689601246268
synthetic_size_matched	synthetic	syn_002064	0.00868387520313
synthetic_size_matched	synthetic	syn_002065	0.00492379115894
synthetic_size_matched	synthetic	syn_002066	0.00794213358313
synthetic_size_matched	synthetic	syn_002067	0.0126997670159
synthetic_size_matched	synthetic	syn_002068	0.00509924441576
synthetic_size_matched	synthetic	syn_002069	0.00751028116792
synthetic_size_matched	synthetic	syn_002070	0.00635289633647
synthetic_size_matched	synthetic	syn_002071	0.00536083430052
synthetic_size_matched	synthetic	syn_002072	0.00809620786458
synthetic_size_matched	synthetic	syn_002073	0.00633937120438
synthetic_size_matched	synthetic	syn_002074	0.0105943530798
synthetic_size_matched	synthetic	syn_002075	0.00776285119355
synthetic_size_matched	synthetic	syn_002076	0.0114975981414
synthetic_size_matched	synthetic	syn_002077	0.00846195220947
synthetic_size_matched	synthetic	syn_002078	0.00384158547968
synthetic_size_matched	synthetic	syn_002079	0.0062142838724
synthetic_size_matched	synthetic	syn_002080	0.00478904973716
synthetic_size_matched	synthetic	syn_002081	0.00917263701558
synthetic_size_matched	synthetic	syn_002082	0.0179067403078
synthetic_size_matched	synthetic	syn_002083	0.0184959061444
synthetic_size_matched	synthetic	syn_002084	0.00512870773673
synthetic_size_matched	synthetic	syn_002085	0.00427284091711
synthetic_size_matched	synthetic	syn_002086	0.00558805279434
synthetic_size_matched	synthetic	syn_002087	0.00546319456771
synthetic_size_matched	synthetic	syn_002088	0.0159630235285
synthetic_size_matched	synthetic	syn_002089	0.00702546816319
synthetic_size_matched	synthetic	syn_002090	0.0244695320725
synthetic_size_matched	synthetic	syn_002091	0.0146290594712
synthetic_size_matched	synthetic	syn_002092	0.00709924567491
synthetic_size_matched	synthetic	syn_002093	0.00527603924274
synthetic_size_matched	synthetic	syn_002094	0.0080747930333
synthetic_size_matched	synthetic	syn_002095	0.00687540741637
synthetic_size_matched	synthetic	syn_002096	0.00911417230964
synthetic_size_matched	synthetic	syn_002097	0.00567576428875
synthetic_size_matched	synthetic	syn_002098	0.00740177975968
synthetic_size_matched	synthetic	syn_002099	0.00911877769977
synthetic_size_matched	synthetic	syn_002100	0.00580440601334
synthetic_size_matched	synthetic	syn_002101	0.00702352449298
synthetic_size_matched	synthetic	syn_002102	0.00977475941181
synthetic_size_matched	synthetic	syn_002103	0.00531063182279
synthetic_size_matched	synthetic	syn_002104	0.0105233453214
synthetic_size_matched	synthetic	syn_002105	0.00534473452717
synthetic_size_matched	synthetic	syn_002106	0.0108583187684
synthetic_size_matched	synthetic	syn_002107	0.00597527623177
synthetic_size_matched	synthetic	syn_002108	0.00645174318925
synthetic_size_matched	synthetic	syn_002109	0.00608060741797
synthetic_size_matched	synthetic	syn_002110	0.0048865666613
synthetic_size_matched	synthetic	syn_002111	0.0193787999451
synthetic_size_matched	synthetic	syn_002112	0.00526573928073
synthetic_size_matched	synthetic	syn_002113	0.00860178936273
synthetic_size_matched	synthetic	syn_002114	0.013705894351
synthetic_size_matched	synthetic	syn_002115	0.00651855068281
synthetic_size_matched	synthetic	syn_002116	0.0091474018991
synthetic_size_matched	synthetic	syn_002117	0.00498703448102
synthetic_size_matched	synthetic	syn_002118	0.00520669156685
synthetic_size_matched	synthetic	syn_002119	0.00524659082294
synthetic_size_matched	synthetic	syn_002120	0.00690339133143
synthetic_size_matched	synthetic	syn_002121	0.00476230541244
synthetic_size_matched	synthetic	syn_002122	0.00522261345759
synthetic_size_matched	synthetic	syn_002123	0.00677142711356
synthetic_size_matched	synthetic	syn_002124	0.00897851400077
synthetic_size_matched	synthetic	syn_002125	0.00790253374726
synthetic_size_matched	synthetic	syn_002126	0.0100837862119
synthetic_size_matched	synthetic	syn_002127	0.00573589932173
synthetic_size_matched	synthetic	syn_002128	0.0171516090631
synthetic_size_matched	synthetic	syn_002129	0.00515572307631
synthetic_size_matched	synthetic	syn_002130	0.007595627103
synthetic_size_matched	synthetic	syn_002131	0.00972699839622
synthetic_size_matched	synthetic	syn_002132	0.00749297812581
synthetic_size_matched	synthetic	syn_002133	0.00955180451274
synthetic_size_matched	synthetic	syn_002134	0.00870392937213
synthetic_size_matched	synthetic	syn_002135	0.00343463942409
synthetic_size_matched	synthetic	syn_002136	0.00887835025787
synthetic_size_matched	synthetic	syn_002137	0.00558729004115
synthetic_size_matched	synthetic	syn_002138	0.0088868085295
synthetic_size_matched	synthetic	syn_002139	0.00856758467853
synthetic_size_matched	synthetic	syn_002140	0.00719097722322
synthetic_size_matched	synthetic	syn_002141	0.00920619629323
synthetic_size_matched	synthetic	syn_002142	0.00306488759816
synthetic_size_matched	synthetic	syn_002143	0.00681704608724
synthetic_size_matched	synthetic	syn_002144	0.00653919111937
synthetic_size_matched	synthetic	syn_002145	0.0147426836193
synthetic_size_matched	synthetic	syn_002146	0.00882380548865
synthetic_size_matched	synthetic	syn_002147	0.010217173025
synthetic_size_matched	synthetic	syn_002148	0.00628697127104
synthetic_size_matched	synthetic	syn_002149	0.00916891545057
synthetic_size_matched	synthetic	syn_002150	0.0101826544851
synthetic_size_matched	synthetic	syn_002151	0.00442297942936
synthetic_size_matched	synthetic	syn_002152	0.00699952337891
synthetic_size_matched	synthetic	syn_002153	0.00587371736765
synthetic_size_matched	synthetic	syn_002154	0.00610055215657
synthetic_size_matched	synthetic	syn_002155	0.00687460508198
synthetic_size_matched	synthetic	syn_002156	0.00601525884122
synthetic_size_matched	synthetic	syn_002157	0.00811678543687
synthetic_size_matched	synthetic	syn_002158	0.0129617843777
synthetic_size_matched	synthetic	syn_002159	0.00967566017061
synthetic_size_matched	synthetic	syn_002160	0.00783227477223
synthetic_size_matched	synthetic	syn_002161	0.0195023361593
synthetic_size_matched	synthetic	syn_002162	0.011286072433
synthetic_size_matched	synthetic	syn_002163	0.00404836144298
synthetic_size_matched	synthetic	syn_002164	0.00593292713165
synthetic_size_matched	synthetic	syn_002165	0.00666752643883
synthetic_size_matched	synthetic	syn_002166	0.00325171789154
synthetic_size_matched	synthetic	syn_002167	0.00823717657477
synthetic_size_matched	synthetic	syn_002168	0.00731545174494
synthetic_size_matched	synthetic	syn_002169	0.00602980703115
synthetic_size_matched	synthetic	syn_002170	0.0100768674165
synthetic_size_matched	synthetic	syn_002171	0.00669590849429
synthetic_size_matched	synthetic	syn_002172	0.00493043381721
synthetic_size_matched	synthetic	syn_002173	0.00740145379677
synthetic_size_matched	synthetic	syn_002174	0.00764716370031
synthetic_size_matched	synthetic	syn_002175	0.0102283805609
synthetic_size_matched	synthetic	syn_002176	0.00544818956405
synthetic_size_matched	synthetic	syn_002177	0.00684054289013
synthetic_size_matched	synthetic	syn_002178	0.00988663546741
synthetic_size_matched	synthetic	syn_002179	0.00605738535523
synthetic_size_matched	synthetic	syn_002180	0.0137592526153
synthetic_size_matched	synthetic	syn_002181	0.00746521633118
synthetic_size_matched	synthetic	syn_002182	0.00349219841883
synthetic_size_matched	synthetic	syn_002183	0.00648223236203
synthetic_size_matched	synthetic	syn_002184	0.00600084941834
synthetic_size_matched	synthetic	syn_002185	0.00572053994983
synthetic_size_matched	synthetic	syn_002186	0.00753134302795
synthetic_size_matched	synthetic	syn_002187	0.0052495887503
synthetic_size_matched	synthetic	syn_002188	0.00690609589219
synthetic_size_matched	synthetic	syn_002189	0.00526740122586
synthetic_size_matched	synthetic	syn_002190	0.00725895958021
synthetic_size_matched	synthetic	syn_002191	0.00466750562191
synthetic_size_matched	synthetic	syn_002192	0.00435230089352
synthetic_size_matched	synthetic	syn_002193	0.00677066203207
synthetic_size_matched	synthetic	syn_002194	0.00603300798684
synthetic_size_matched	synthetic	syn_002195	0.00710287736729
synthetic_size_matched	synthetic	syn_002196	0.0063367113471
synthetic_size_matched	synthetic	syn_002197	0.00588481640443
synthetic_size_matched	synthetic	syn_002198	0.0031974548474
synthetic_size_matched	synthetic	syn_002199	0.00504204351455
synthetic_size_matched	synthetic	syn_002200	0.00559597183019
synthetic_size_matched	synthetic	syn_002201	0.00493427179754
synthetic_size_matched	synthetic	syn_002202	0.00955739524215
synthetic_size_matched	synthetic	syn_002203	0.0104317311198
synthetic_size_matched	synthetic	syn_002204	0.00504526030272
synthetic_size_matched	synthetic	syn_002205	0.00829687528312
synthetic_size_matched	synthetic	syn_002206	0.00539939990267
synthetic_size_matched	synthetic	syn_002207	0.00697757210582
synthetic_size_matched	synthetic	syn_002208	0.00820763409138
synthetic_size_matched	synthetic	syn_002209	0.0150945466012
synthetic_size_matched	synthetic	syn_002210	0.00467120297253
synthetic_size_matched	synthetic	syn_002211	0.00739496573806
synthetic_size_matched	synthetic	syn_002212	0.00743081606925
synthetic_size_matched	synthetic	syn_002213	0.00407406687737
synthetic_size_matched	synthetic	syn_002214	0.00670546945184
synthetic_size_matched	synthetic	syn_002215	0.0108756134287
synthetic_size_matched	synthetic	syn_002216	0.00709367450327
synthetic_size_matched	synthetic	syn_002217	0.00586257688701
synthetic_size_matched	synthetic	syn_002218	0.00895148329437
synthetic_size_matched	synthetic	syn_002219	0.00777361076325
synthetic_size_matched	synthetic	syn_002220	0.00771182216704
synthetic_size_matched	synthetic	syn_002221	0.0067588891834
synthetic_size_matched	synthetic	syn_002222	0.00794673897326
synthetic_size_matched	synthetic	syn_002223	0.0147382859141
synthetic_size_matched	synthetic	syn_002224	0.00699218129739
synthetic_size_matched	synthetic	syn_002225	0.00534228328615
synthetic_size_matched	synthetic	syn_002226	0.00566585082561
synthetic_size_matched	synthetic	syn_002227	0.00461530778557
synthetic_size_matched	synthetic	syn_002228	0.0115490024909
synthetic_size_matched	synthetic	syn_002229	0.00703007541597
synthetic_size_matched	synthetic	syn_002230	0.00662663765252
synthetic_size_matched	synthetic	syn_002231	0.00879984069616
synthetic_size_matched	synthetic	syn_002232	0.00466226227582
synthetic_size_matched	synthetic	syn_002233	0.00666507612914
synthetic_size_matched	synthetic	syn_002234	0.00530427135527
synthetic_size_matched	synthetic	syn_002235	0.00751617876813
synthetic_size_matched	synthetic	syn_002236	0.00477797724307
synthetic_size_matched	synthetic	syn_002237	0.0112432660535
synthetic_size_matched	synthetic	syn_002238	0.00604907330126
synthetic_size_matched	synthetic	syn_002239	0.00478314654902
synthetic_size_matched	synthetic	syn_002240	0.00743382330984
synthetic_size_matched	synthetic	syn_002241	0.00763613823801
synthetic_size_matched	synthetic	syn_002242	0.00429788976908
synthetic_size_matched	synthetic	syn_002243	0.00762658612803
synthetic_size_matched	synthetic	syn_002244	0.00341806560755
synthetic_size_matched	synthetic	syn_002245	0.00549879763275
synthetic_size_matched	synthetic	syn_002246	0.00551543571055
synthetic_size_matched	synthetic	syn_002247	0.00818269327283
synthetic_size_matched	synthetic	syn_002248	0.00347083061934
synthetic_size_matched	synthetic	syn_002249	0.00535499071702
synthetic_size_matched	synthetic	syn_002250	0.0175839494914
synthetic_size_matched	synthetic	syn_002251	0.00730708986521
synthetic_size_matched	synthetic	syn_002252	0.00485826656222
synthetic_size_matched	synthetic	syn_002253	0.00980571657419
synthetic_size_matched	synthetic	syn_002254	0.0143688973039
synthetic_size_matched	synthetic	syn_002255	0.00903920363635
synthetic_size_matched	synthetic	syn_002256	0.00747448951006
synthetic_size_matched	synthetic	syn_002257	0.00673231109977
synthetic_size_matched	synthetic	syn_002258	0.00455574924126
synthetic_size_matched	synthetic	syn_002259	0.00366783956997
synthetic_size_matched	synthetic	syn_002260	0.00535655906424
synthetic_size_matched	synthetic	syn_002261	0.00534448074177
synthetic_size_matched	synthetic	syn_002262	0.00433797715232
synthetic_size_matched	synthetic	syn_002263	0.00406285608187
synthetic_size_matched	synthetic	syn_002264	0.00438849721104
synthetic_size_matched	synthetic	syn_002265	0.0096013750881
synthetic_size_matched	synthetic	syn_002266	0.00522705540061
synthetic_size_matched	synthetic	syn_002267	0.00938024371862
synthetic_size_matched	synthetic	syn_002268	0.00885623693466
synthetic_size_matched	synthetic	syn_002269	0.00586341088638
synthetic_size_matched	synthetic	syn_002270	0.012177486904
synthetic_size_matched	synthetic	syn_002271	0.0164119061083
synthetic_size_matched	synthetic	syn_002272	0.00412307213992
synthetic_size_matched	synthetic	syn_002273	0.00933360587806
synthetic_size_matched	synthetic	syn_002274	0.0117881614715
synthetic_size_matched	synthetic	syn_002275	0.00932100042701
synthetic_size_matched	synthetic	syn_002276	0.0108844414353
synthetic_size_matched	synthetic	syn_002277	0.0135567914695
synthetic_size_matched	synthetic	syn_002278	0.00755633134395
synthetic_size_matched	synthetic	syn_002279	0.00694641005248
synthetic_size_matched	synthetic	syn_002280	0.00622009998187
synthetic_size_matched	synthetic	syn_002281	0.00676716770977
synthetic_size_matched	synthetic	syn_002282	0.00669114664197
synthetic_size_matched	synthetic	syn_002283	0.0066351108253
synthetic_size_matched	synthetic	syn_002284	0.00580582302064
synthetic_size_matched	synthetic	syn_002285	0.00845351722091
synthetic_size_matched	synthetic	syn_002286	0.00757563952357
synthetic_size_matched	synthetic	syn_002287	0.0107700694352
synthetic_size_matched	synthetic	syn_002288	0.00585116632283
synthetic_size_matched	synthetic	syn_002289	0.00924927927554
synthetic_size_matched	synthetic	syn_002290	0.00689998548478
synthetic_size_matched	synthetic	syn_002291	0.0106189604849
synthetic_size_matched	synthetic	syn_002292	0.00671453587711
synthetic_size_matched	synthetic	syn_002293	0.00858362298459
synthetic_size_matched	synthetic	syn_002294	0.00471492297947
synthetic_size_matched	synthetic	syn_002295	0.00798601191491
synthetic_size_matched	synthetic	syn_002296	0.00543583650142
synthetic_size_matched	synthetic	syn_002297	0.00479234894738
synthetic_size_matched	synthetic	syn_002298	0.0103507246822
synthetic_size_matched	synthetic	syn_002299	0.00940925534815
synthetic_size_matched	synthetic	syn_002300	0.00863137282431
synthetic_size_matched	synthetic	syn_002301	0.00469273235649
synthetic_size_matched	synthetic	syn_002302	0.00484487134963
synthetic_size_matched	synthetic	syn_002303	0.00467617996037
synthetic_size_matched	synthetic	syn_002304	0.00609389785677
synthetic_size_matched	synthetic	syn_002305	0.00478642014787
synthetic_size_matched	synthetic	syn_002306	0.0165645703673
synthetic_size_matched	synthetic	syn_002307	0.00590785732493
synthetic_size_matched	synthetic	syn_002308	0.00722971651703
synthetic_size_matched	synthetic	syn_002309	0.0084607116878
synthetic_size_matched	synthetic	syn_002310	0.0120172919706
synthetic_size_matched	synthetic	syn_002311	0.00902898795903
synthetic_size_matched	synthetic	syn_002312	0.00459265010431
synthetic_size_matched	synthetic	syn_002313	0.00422870833427
synthetic_size_matched	synthetic	syn_002314	0.005310642533
synthetic_size_matched	synthetic	syn_002315	0.0118382722139
synthetic_size_matched	synthetic	syn_002316	0.00651420978829
synthetic_size_matched	synthetic	syn_002317	0.0108729777858
synthetic_size_matched	synthetic	syn_002318	0.0161927063018
synthetic_size_matched	synthetic	syn_002319	0.00421441439539
synthetic_size_matched	synthetic	syn_002320	0.0123358108103
synthetic_size_matched	synthetic	syn_002321	0.00410578493029
synthetic_size_matched	synthetic	syn_002322	0.00797283370048
synthetic_size_matched	synthetic	syn_002323	0.00658529624343
synthetic_size_matched	synthetic	syn_002324	0.0106869405136
synthetic_size_matched	synthetic	syn_002325	0.00431536743417
synthetic_size_matched	synthetic	syn_002326	0.00670284917578
synthetic_size_matched	synthetic	syn_002327	0.0051486059092
synthetic_size_matched	synthetic	syn_002328	0.00710523314774
synthetic_size_matched	synthetic	syn_002329	0.00640977080911
synthetic_size_matched	synthetic	syn_002330	0.00690960045904
synthetic_size_matched	synthetic	syn_002331	0.00683211814612
synthetic_size_matched	synthetic	syn_002332	0.0227879360318
synthetic_size_matched	synthetic	syn_002333	0.00490443687886
synthetic_size_matched	synthetic	syn_002334	0.0331791639328
synthetic_size_matched	synthetic	syn_002335	0.00676641659811
synthetic_size_matched	synthetic	syn_002336	0.00850324425846
synthetic_size_matched	synthetic	syn_002337	0.00747317401692
synthetic_size_matched	synthetic	syn_002338	0.00568982353434
synthetic_size_matched	synthetic	syn_002339	0.00797445978969
synthetic_size_matched	synthetic	syn_002340	0.0122654866427
synthetic_size_matched	synthetic	syn_002341	0.00751314079389
synthetic_size_matched	synthetic	syn_002342	0.00477955723181
synthetic_size_matched	synthetic	syn_002343	0.00561099126935
synthetic_size_matched	synthetic	syn_002344	0.00692075211555
synthetic_size_matched	synthetic	syn_002345	0.0166376717389
synthetic_size_matched	synthetic	syn_002346	0.00943741388619
synthetic_size_matched	synthetic	syn_002347	0.0119165619835
synthetic_size_matched	synthetic	syn_002348	0.00700555043295
synthetic_size_matched	synthetic	syn_002349	0.010789562948
synthetic_size_matched	synthetic	syn_002350	0.0054690008983
synthetic_size_matched	synthetic	syn_002351	0.0086905406788
synthetic_size_matched	synthetic	syn_002352	0.00447165686637
synthetic_size_matched	synthetic	syn_002353	0.00514228828251
synthetic_size_matched	synthetic	syn_002354	0.00564291793853
synthetic_size_matched	synthetic	syn_002355	0.00869853328913
synthetic_size_matched	synthetic	syn_002356	0.00900823250413
synthetic_size_matched	synthetic	syn_002357	0.00537135079503
synthetic_size_matched	synthetic	syn_002358	0.00529093760997
synthetic_size_matched	synthetic	syn_002359	0.00374314561486
synthetic_size_matched	synthetic	syn_002360	0.00469100195915
synthetic_size_matched	synthetic	syn_002361	0.0081721059978
synthetic_size_matched	synthetic	syn_002362	0.00515764858574
synthetic_size_matched	synthetic	syn_002363	0.00782242696732
synthetic_size_matched	synthetic	syn_002364	0.00454343296587
synthetic_size_matched	synthetic	syn_002365	0.00748962629586
synthetic_size_matched	synthetic	syn_002366	0.00814273487777
synthetic_size_matched	synthetic	syn_002367	0.00669901911169
synthetic_size_matched	synthetic	syn_002368	0.00681858323514
synthetic_size_matched	synthetic	syn_002369	0.00737785408273
synthetic_size_matched	synthetic	syn_002370	0.00469187647104
synthetic_size_matched	synthetic	syn_002371	0.00771761406213
synthetic_size_matched	synthetic	syn_002372	0.00996681861579
synthetic_size_matched	synthetic	syn_002373	0.00492466706783
synthetic_size_matched	synthetic	syn_002374	0.00343444896862
synthetic_size_matched	synthetic	syn_002375	0.00303408154286
synthetic_size_matched	synthetic	syn_002376	0.0033584726043
synthetic_size_matched	synthetic	syn_002377	0.00566537026316
synthetic_size_matched	synthetic	syn_002378	0.0192808192223
synthetic_size_matched	synthetic	syn_002379	0.0141078103334
synthetic_size_matched	synthetic	syn_002380	0.00288563361391
synthetic_size_matched	synthetic	syn_002381	0.00602989736944
synthetic_size_matched	synthetic	syn_002382	0.00654940446839
synthetic_size_matched	synthetic	syn_002383	0.00424762116745
synthetic_size_matched	synthetic	syn_002384	0.00540372589603
synthetic_size_matched	synthetic	syn_002385	0.00739788776264
synthetic_size_matched	synthetic	syn_002386	0.00563184078783
synthetic_size_matched	synthetic	syn_002387	0.00940034911036
synthetic_size_matched	synthetic	syn_002388	0.0086533781141
synthetic_size_matched	synthetic	syn_002389	0.00722081679851
synthetic_size_matched	synthetic	syn_002390	0.00738306622952
synthetic_size_matched	synthetic	syn_002391	0.0104392245412
synthetic_size_matched	synthetic	syn_002392	0.0086685270071
synthetic_size_matched	synthetic	syn_002393	0.00457662530243
synthetic_size_matched	synthetic	syn_002394	0.00704263802618
synthetic_size_matched	synthetic	syn_002395	0.00315204099752
synthetic_size_matched	synthetic	syn_002396	0.00912535563111
synthetic_size_matched	synthetic	syn_002397	0.0235335491598
synthetic_size_matched	synthetic	syn_002398	0.00499325804412
synthetic_size_matched	synthetic	syn_002399	0.00503188790753
synthetic_size_matched	synthetic	syn_002400	0.00645338604227
synthetic_size_matched	synthetic	syn_002401	0.00351688498631
synthetic_size_matched	synthetic	syn_002402	0.0137550868094
synthetic_size_matched	synthetic	syn_002403	0.00839667208493
synthetic_size_matched	synthetic	syn_002404	0.0111104249954
synthetic_size_matched	synthetic	syn_002405	0.00647343695164
synthetic_size_matched	synthetic	syn_002406	0.00534356990829
synthetic_size_matched	synthetic	syn_002407	0.00568277249113
synthetic_size_matched	synthetic	syn_002408	0.013213513419
synthetic_size_matched	synthetic	syn_002409	0.00520322471857
synthetic_size_matched	synthetic	syn_002410	0.013256944716
synthetic_size_matched	synthetic	syn_002411	0.0076542980969
synthetic_size_matched	synthetic	syn_002412	0.0052381712012
synthetic_size_matched	synthetic	syn_002413	0.0132197793573
synthetic_size_matched	synthetic	syn_002414	0.00929898768663
synthetic_size_matched	synthetic	syn_002415	0.00540943769738
synthetic_size_matched	synthetic	syn_002416	0.00901047047228
synthetic_size_matched	synthetic	syn_002417	0.00780682638288
synthetic_size_matched	synthetic	syn_002418	0.00711239036173
synthetic_size_matched	synthetic	syn_002419	0.00564726442099
synthetic_size_matched	synthetic	syn_002420	0.009207890369
synthetic_size_matched	synthetic	syn_002421	0.00661121821031
synthetic_size_matched	synthetic	syn_002422	0.00839003268629
synthetic_size_matched	synthetic	syn_002423	0.00791936926544
synthetic_size_matched	synthetic	syn_002424	0.00889829918742
synthetic_size_matched	synthetic	syn_002425	0.00619526719674
synthetic_size_matched	synthetic	syn_002426	0.00658111367375
synthetic_size_matched	synthetic	syn_002427	0.00250598695129
synthetic_size_matched	synthetic	syn_002428	0.00307730399072
synthetic_size_matched	synthetic	syn_002429	0.00478783575818
synthetic_size_matched	synthetic	syn_002430	0.00916047021747
synthetic_size_matched	synthetic	syn_002431	0.00448784744367
synthetic_size_matched	synthetic	syn_002432	0.00768459495157
synthetic_size_matched	synthetic	syn_002433	0.00676029734313
synthetic_size_matched	synthetic	syn_002435	0.00812251027673
synthetic_size_matched	synthetic	syn_002436	0.00976283010095
synthetic_size_matched	synthetic	syn_002437	0.00788525585085
synthetic_size_matched	synthetic	syn_002438	0.00420266762376
synthetic_size_matched	synthetic	syn_002439	0.00828177668154
synthetic_size_matched	synthetic	syn_002440	0.00956728123128
synthetic_size_matched	synthetic	syn_002441	0.00663258694112
synthetic_size_matched	synthetic	syn_002442	0.00809446070343
synthetic_size_matched	synthetic	syn_002443	0.00491254217923
synthetic_size_matched	synthetic	syn_002444	0.00441391207278
synthetic_size_matched	synthetic	syn_002445	0.0119964135811
synthetic_size_matched	synthetic	syn_002446	0.0183121580631
synthetic_size_matched	synthetic	syn_002447	0.00661058072001
synthetic_size_matched	synthetic	syn_002448	0.00792327523232
synthetic_size_matched	synthetic	syn_002449	0.024370085448
synthetic_size_matched	synthetic	syn_002450	0.0130107495934
synthetic_size_matched	synthetic	syn_002451	0.00890458188951
synthetic_size_matched	synthetic	syn_002452	0.00349718006328
synthetic_size_matched	synthetic	syn_002453	0.00631198799238
synthetic_size_matched	synthetic	syn_002454	0.0109208784997
synthetic_size_matched	synthetic	syn_002455	0.00558033911511
synthetic_size_matched	synthetic	syn_002456	0.0115425186232
synthetic_size_matched	synthetic	syn_002457	0.00903899502009
synthetic_size_matched	synthetic	syn_002458	0.0054572285153
synthetic_size_matched	synthetic	syn_002459	0.00660788360983
synthetic_size_matched	synthetic	syn_002460	0.0108660198748
synthetic_size_matched	synthetic	syn_002461	0.00550322094932
synthetic_size_matched	synthetic	syn_002462	0.00384518341161
synthetic_size_matched	synthetic	syn_002463	0.00500479340553
synthetic_size_matched	synthetic	syn_002464	0.00712203606963
synthetic_size_matched	synthetic	syn_002465	0.00556684983894
synthetic_size_matched	synthetic	syn_002466	0.00562631618232
synthetic_size_matched	synthetic	syn_002467	0.00548342522234
synthetic_size_matched	synthetic	syn_002468	0.00658338051289
synthetic_size_matched	synthetic	syn_002469	0.0102695655078
synthetic_size_matched	synthetic	syn_002470	0.00518274493515
synthetic_size_matched	synthetic	syn_002471	0.0126281417906
synthetic_size_matched	synthetic	syn_002472	0.00968358386308
synthetic_size_matched	synthetic	syn_002473	0.00723090814427
synthetic_size_matched	synthetic	syn_002474	0.0071834884584
synthetic_size_matched	synthetic	syn_002475	0.00470474129543
synthetic_size_matched	synthetic	syn_002476	0.0108006168157
synthetic_size_matched	synthetic	syn_002477	0.0065834634006
synthetic_size_matched	synthetic	syn_002478	0.00449426611885
synthetic_size_matched	synthetic	syn_002479	0.00745198084041
synthetic_size_matched	synthetic	syn_002480	0.00712808500975
synthetic_size_matched	synthetic	syn_002481	0.00558298407122
synthetic_size_matched	synthetic	syn_002482	0.00799667648971
synthetic_size_matched	synthetic	syn_002483	0.0198430493474
synthetic_size_matched	synthetic	syn_002484	0.00652816332877
synthetic_size_matched	synthetic	syn_002485	0.00644564907998
synthetic_size_matched	synthetic	syn_002486	0.0138744395226
synthetic_size_matched	synthetic	syn_002487	0.00589468562976
synthetic_size_matched	synthetic	syn_002488	0.0108570680022
synthetic_size_matched	synthetic	syn_002489	0.0111458096653
synthetic_size_matched	synthetic	syn_002490	0.0129914432764
synthetic_size_matched	synthetic	syn_002491	0.0103142596781
synthetic_size_matched	synthetic	syn_002492	0.00732085201889
synthetic_size_matched	synthetic	syn_002493	0.00544511619955
synthetic_size_matched	synthetic	syn_002494	0.00625704973936
synthetic_size_matched	synthetic	syn_002495	0.00500351469964
synthetic_size_matched	synthetic	syn_002496	0.00903767347336
synthetic_size_matched	synthetic	syn_002497	0.0174108128995
synthetic_size_matched	synthetic	syn_002498	0.00465971697122
synthetic_size_matched	synthetic	syn_002499	0.00427320692688
synthetic_size_matched	synthetic	syn_002500	0.00614178460091
synthetic_size_matched	synthetic	syn_002501	0.010683869943
synthetic_size_matched	synthetic	syn_002502	0.00383283267729
synthetic_size_matched	synthetic	syn_002503	0.0117263784632
synthetic_size_matched	synthetic	syn_002504	0.0109661379829
synthetic_size_matched	synthetic	syn_002505	0.00736299296841
synthetic_size_matched	synthetic	syn_002506	0.0100067928433
synthetic_size_matched	synthetic	syn_002507	0.00656872801483
synthetic_size_matched	synthetic	syn_002508	0.00630012340844
synthetic_size_matched	synthetic	syn_002509	0.00565991550684
synthetic_size_matched	synthetic	syn_002510	0.0112610124052
synthetic_size_matched	synthetic	syn_002511	0.0037054438144
synthetic_size_matched	synthetic	syn_002512	0.00741458591074
synthetic_size_matched	synthetic	syn_002513	0.00622053258121
synthetic_size_matched	synthetic	syn_002514	0.0123771615326
synthetic_size_matched	synthetic	syn_002515	0.00825126562268
synthetic_size_matched	synthetic	syn_002516	0.00512207392603
synthetic_size_matched	synthetic	syn_002517	0.0070064496249
synthetic_size_matched	synthetic	syn_002518	0.00899480469525
synthetic_size_matched	synthetic	syn_002519	0.00851268693805
synthetic_size_matched	synthetic	syn_002520	0.00746307615191
synthetic_size_matched	synthetic	syn_002521	0.00727399997413
synthetic_size_matched	synthetic	syn_002522	0.00824710540473
synthetic_size_matched	synthetic	syn_002523	0.010145877488
synthetic_size_matched	synthetic	syn_002524	0.00457963580266
synthetic_size_matched	synthetic	syn_002525	0.0163585674018
synthetic_size_matched	synthetic	syn_002526	0.00898026395589
synthetic_size_matched	synthetic	syn_002527	0.00538816489279
synthetic_size_matched	synthetic	syn_002528	0.00644716992974
synthetic_size_matched	synthetic	syn_002529	0.00998083129525
synthetic_size_matched	synthetic	syn_002530	0.00707004638389
synthetic_size_matched	synthetic	syn_002531	0.0136856772006
synthetic_size_matched	synthetic	syn_002532	0.012598419562
synthetic_size_matched	synthetic	syn_002533	0.0122442618012
synthetic_size_matched	synthetic	syn_002534	0.00517659587786
synthetic_size_matched	synthetic	syn_002535	0.00616229139268
synthetic_size_matched	synthetic	syn_002536	0.00571057759225
synthetic_size_matched	synthetic	syn_002537	0.00505607388914
synthetic_size_matched	synthetic	syn_002538	0.00359405018389
synthetic_size_matched	synthetic	syn_002539	0.0149668138474
synthetic_size_matched	synthetic	syn_002540	0.00593286473304
synthetic_size_matched	synthetic	syn_002541	0.00452556228265
synthetic_size_matched	synthetic	syn_002542	0.00958257913589
synthetic_size_matched	synthetic	syn_002543	0.00774817727506
synthetic_size_matched	synthetic	syn_002544	0.00448535149917
synthetic_size_matched	synthetic	syn_002545	0.0288940779865
synthetic_size_matched	synthetic	syn_002546	0.00602194666862
synthetic_size_matched	synthetic	syn_002547	0.00588219799101
synthetic_size_matched	synthetic	syn_002548	0.00681140320376
synthetic_size_matched	synthetic	syn_002549	0.0107569806278
synthetic_size_matched	synthetic	syn_002550	0.00518669001758
synthetic_size_matched	synthetic	syn_002551	0.00497634895146
synthetic_size_matched	synthetic	syn_002552	0.0053274910897
synthetic_size_matched	synthetic	syn_002553	0.00674033397809
synthetic_size_matched	synthetic	syn_002554	0.00830641202629
synthetic_size_matched	synthetic	syn_002555	0.0061840089038
synthetic_size_matched	synthetic	syn_002556	0.00401566689834
synthetic_size_matched	synthetic	syn_002557	0.00591911561787
synthetic_size_matched	synthetic	syn_002558	0.00850412249565
synthetic_size_matched	synthetic	syn_002559	0.00623044325039
synthetic_size_matched	synthetic	syn_002560	0.00811125803739
synthetic_size_matched	synthetic	syn_002561	0.0146919414401
synthetic_size_matched	synthetic	syn_002562	0.0184724964201
synthetic_size_matched	synthetic	syn_002563	0.00949487648904
synthetic_size_matched	synthetic	syn_002564	0.0084640160203
synthetic_size_matched	synthetic	syn_002565	0.00486523704603
synthetic_size_matched	synthetic	syn_002566	0.0105918869376
synthetic_size_matched	synthetic	syn_002567	0.00828164257109
synthetic_size_matched	synthetic	syn_002568	0.00947633385658
synthetic_size_matched	synthetic	syn_002569	0.0108633069322
synthetic_size_matched	synthetic	syn_002570	0.00717141339555
synthetic_size_matched	synthetic	syn_002571	0.00853392295539
synthetic_size_matched	synthetic	syn_002572	0.00795986503363
synthetic_size_matched	synthetic	syn_002573	0.00936660263687
synthetic_size_matched	synthetic	syn_002574	0.00525931827724
synthetic_size_matched	synthetic	syn_002575	0.0152420504019
synthetic_size_matched	synthetic	syn_002576	0.0160314831883
synthetic_size_matched	synthetic	syn_002577	0.00898800604045
synthetic_size_matched	synthetic	syn_002578	0.00504444306716
synthetic_size_matched	synthetic	syn_002579	0.00453770812601
synthetic_size_matched	synthetic	syn_002580	0.00925351679325
synthetic_size_matched	synthetic	syn_002581	0.00661096442491
synthetic_size_matched	synthetic	syn_002582	0.00876945443451
synthetic_size_matched	synthetic	syn_002583	0.00545247551054
synthetic_size_matched	synthetic	syn_002584	0.00809078291059
synthetic_size_matched	synthetic	syn_002585	0.00874037388712
synthetic_size_matched	synthetic	syn_002586	0.0133400959894
synthetic_size_matched	synthetic	syn_002587	0.0052176900208
synthetic_size_matched	synthetic	syn_002588	0.0049000326544
synthetic_size_matched	synthetic	syn_002589	0.00888408441097
synthetic_size_matched	synthetic	syn_002590	0.00516848545521
synthetic_size_matched	synthetic	syn_002591	0.00732061872259
synthetic_size_matched	synthetic	syn_002592	0.00754193076864
synthetic_size_matched	synthetic	syn_002593	0.00923571921885
synthetic_size_matched	synthetic	syn_002594	0.0108543802053
synthetic_size_matched	synthetic	syn_002595	0.00558625813574
synthetic_size_matched	synthetic	syn_002596	0.00835650600493
synthetic_size_matched	synthetic	syn_002597	0.00452613225207
synthetic_size_matched	synthetic	syn_002598	0.00579518359154
synthetic_size_matched	synthetic	syn_002599	0.00497689051554
synthetic_size_matched	synthetic	syn_002600	0.004922574386
synthetic_size_matched	synthetic	syn_002601	0.00675780279562
synthetic_size_matched	synthetic	syn_002602	0.00645251385868
synthetic_size_matched	synthetic	syn_002603	0.00531559856609
synthetic_size_matched	synthetic	syn_002604	0.00966414436698
synthetic_size_matched	synthetic	syn_002605	0.00653027463704
synthetic_size_matched	synthetic	syn_002606	0.00669259345159
synthetic_size_matched	synthetic	syn_002607	0.0197230316699
synthetic_size_matched	synthetic	syn_002608	0.00756831374019
synthetic_size_matched	synthetic	syn_002609	0.00614938605577
synthetic_size_matched	synthetic	syn_002610	0.010715209879
synthetic_size_matched	synthetic	syn_002611	0.0095275118947
synthetic_size_matched	synthetic	syn_002612	0.00797770917416
synthetic_size_matched	synthetic	syn_002613	0.00752343563363
synthetic_size_matched	synthetic	syn_002614	0.00553100509569
synthetic_size_matched	synthetic	syn_002615	0.00931982975453
synthetic_size_matched	synthetic	syn_002616	0.0132562434301
synthetic_size_matched	synthetic	syn_002617	0.00414812285453
synthetic_size_matched	synthetic	syn_002618	0.00566841196269
synthetic_size_matched	synthetic	syn_002619	0.0095822494477
synthetic_size_matched	synthetic	syn_002620	0.00505179166794
synthetic_size_matched	synthetic	syn_002621	0.00618397444487
synthetic_size_matched	synthetic	syn_002622	0.00880310870707
synthetic_size_matched	synthetic	syn_002623	0.00536532467231
synthetic_size_matched	synthetic	syn_002624	0.00480647431687
synthetic_size_matched	synthetic	syn_002625	0.00635034404695
synthetic_size_matched	synthetic	syn_002626	0.00382098765112
synthetic_size_matched	synthetic	syn_002627	0.00569937285036
synthetic_size_matched	synthetic	syn_002628	0.00897058472037
synthetic_size_matched	synthetic	syn_002629	0.00858495850116
synthetic_size_matched	synthetic	syn_002630	0.0137081947178
synthetic_size_matched	synthetic	syn_002631	0.0146732293069
synthetic_size_matched	synthetic	syn_002632	0.00675700372085
synthetic_size_matched	synthetic	syn_002633	0.00681878020987
synthetic_size_matched	synthetic	syn_002634	0.00567287253216
synthetic_size_matched	synthetic	syn_002635	0.00806465186179
synthetic_size_matched	synthetic	syn_002636	0.00541147077456
synthetic_size_matched	synthetic	syn_002637	0.00619527697563
synthetic_size_matched	synthetic	syn_002638	0.00784260034561
synthetic_size_matched	synthetic	syn_002639	0.00587917119265
synthetic_size_matched	synthetic	syn_002640	0.00802074931562
synthetic_size_matched	synthetic	syn_002641	0.00490862317383
synthetic_size_matched	synthetic	syn_002642	0.0118401311338
synthetic_size_matched	synthetic	syn_002643	0.00619365088642
synthetic_size_matched	synthetic	syn_002644	0.0152972582728
synthetic_size_matched	synthetic	syn_002645	0.00549202412367
synthetic_size_matched	synthetic	syn_002646	0.00430355686694
synthetic_size_matched	synthetic	syn_002647	0.00715845171362
synthetic_size_matched	synthetic	syn_002648	0.00817638263106
synthetic_size_matched	synthetic	syn_002649	0.010246370919
synthetic_size_matched	synthetic	syn_002650	0.00839570257813
synthetic_size_matched	synthetic	syn_002651	0.00366224162281
synthetic_size_matched	synthetic	syn_002652	0.0113477725536
synthetic_size_matched	synthetic	syn_002653	0.00975250545889
synthetic_size_matched	synthetic	syn_002654	0.00494343601167
synthetic_size_matched	synthetic	syn_002655	0.00843852385879
synthetic_size_matched	synthetic	syn_002656	0.0074829091318
synthetic_size_matched	synthetic	syn_002657	0.00796394702047
synthetic_size_matched	synthetic	syn_002658	0.00643480103463
synthetic_size_matched	synthetic	syn_002659	0.00821273773909
synthetic_size_matched	synthetic	syn_002660	0.00556500675157
synthetic_size_matched	synthetic	syn_002661	0.00697802891955
synthetic_size_matched	synthetic	syn_002662	0.00482309889048
synthetic_size_matched	synthetic	syn_002663	0.00606605131179
synthetic_size_matched	synthetic	syn_002664	0.0047118710354
synthetic_size_matched	synthetic	syn_002665	0.00433718133718
synthetic_size_matched	synthetic	syn_002666	0.00753830792382
synthetic_size_matched	synthetic	syn_002667	0.00764044327661
synthetic_size_matched	synthetic	syn_002668	0.00841554068029
synthetic_size_matched	synthetic	syn_002669	0.00947173312306
synthetic_size_matched	synthetic	syn_002670	0.00537503696978
synthetic_size_matched	synthetic	syn_002671	0.00402894522995
synthetic_size_matched	synthetic	syn_002672	0.00897547975183
synthetic_size_matched	synthetic	syn_002673	0.00646271463484
synthetic_size_matched	synthetic	syn_002674	0.00689253397286
synthetic_size_matched	synthetic	syn_002675	0.0125542841852
synthetic_size_matched	synthetic	syn_002676	0.0343954190612
synthetic_size_matched	synthetic	syn_002677	0.00668864650652
synthetic_size_matched	synthetic	syn_002678	0.0110224299133
synthetic_size_matched	synthetic	syn_002679	0.00764056108892
synthetic_size_matched	synthetic	syn_002680	0.006155916024
synthetic_size_matched	synthetic	syn_002681	0.00516277691349
synthetic_size_matched	synthetic	syn_002682	0.00441497471184
synthetic_size_matched	synthetic	syn_002683	0.0103650325909
synthetic_size_matched	synthetic	syn_002684	0.00768553419039
synthetic_size_matched	synthetic	syn_002685	0.00865969248116
synthetic_size_matched	synthetic	syn_002686	0.00655429437757
synthetic_size_matched	synthetic	syn_002687	0.00486679561436
synthetic_size_matched	synthetic	syn_002688	0.00587448757142
synthetic_size_matched	synthetic	syn_002689	0.0172700639814
synthetic_size_matched	synthetic	syn_002690	0.0138247907162
synthetic_size_matched	synthetic	syn_002691	0.00769636360928
synthetic_size_matched	synthetic	syn_002692	0.0058745611459
synthetic_size_matched	synthetic	syn_002693	0.0064090564847
synthetic_size_matched	synthetic	syn_002694	0.00475286366418
synthetic_size_matched	synthetic	syn_002695	0.00365135166794
synthetic_size_matched	synthetic	syn_002696	0.0110301095992
synthetic_size_matched	synthetic	syn_002697	0.00678911525756
synthetic_size_matched	synthetic	syn_002698	0.0142151676118
synthetic_size_matched	synthetic	syn_002699	0.00565333105624
synthetic_size_matched	synthetic	syn_002700	0.00655579660088
synthetic_size_matched	synthetic	syn_002701	0.0041027944535
synthetic_size_matched	synthetic	syn_002702	0.0107773151249
synthetic_size_matched	synthetic	syn_002703	0.00656673870981
synthetic_size_matched	synthetic	syn_002704	0.00757964421064
synthetic_size_matched	synthetic	syn_002705	0.00957095064223
synthetic_size_matched	synthetic	syn_002706	0.00636111339554
synthetic_size_matched	synthetic	syn_002707	0.00438654143363
synthetic_size_matched	synthetic	syn_002708	0.00991942919791
synthetic_size_matched	synthetic	syn_002709	0.0116902198642
synthetic_size_matched	synthetic	syn_002710	0.0117867868394
synthetic_size_matched	synthetic	syn_002711	0.00942895933986
synthetic_size_matched	synthetic	syn_002712	0.00750409532338
synthetic_size_matched	synthetic	syn_002713	0.00673246011138
synthetic_size_matched	synthetic	syn_002714	0.00637776497751
synthetic_size_matched	synthetic	syn_002715	0.00659816991538
synthetic_size_matched	synthetic	syn_002716	0.00863994844258
synthetic_size_matched	synthetic	syn_002717	0.009193059057
synthetic_size_matched	synthetic	syn_002718	0.00693546840921
synthetic_size_matched	synthetic	syn_002719	0.0136966723949
synthetic_size_matched	synthetic	syn_002720	0.0181078631431
synthetic_size_matched	synthetic	syn_002721	0.00977845583111
synthetic_size_matched	synthetic	syn_002722	0.00748927611858
synthetic_size_matched	synthetic	syn_002723	0.00466008577496
synthetic_size_matched	synthetic	syn_002724	0.00690269749612
synthetic_size_matched	synthetic	syn_002725	0.00861930288374
synthetic_size_matched	synthetic	syn_002726	0.00535378418863
synthetic_size_matched	synthetic	syn_002727	0.0081292418763
synthetic_size_matched	synthetic	syn_002728	0.0155576048419
synthetic_size_matched	synthetic	syn_002729	0.00566284265369
synthetic_size_matched	synthetic	syn_002730	0.0051015750505
synthetic_size_matched	synthetic	syn_002731	0.00811091251671
synthetic_size_matched	synthetic	syn_002732	0.00691161723807
synthetic_size_matched	synthetic	syn_002733	0.00630776397884
synthetic_size_matched	synthetic	syn_002734	0.00562110124156
synthetic_size_matched	synthetic	syn_002735	0.00818104296923
synthetic_size_matched	synthetic	syn_002736	0.00960397720337
synthetic_size_matched	synthetic	syn_002737	0.0124511122704
synthetic_size_matched	synthetic	syn_002738	0.00504381489009
synthetic_size_matched	synthetic	syn_002739	0.00431989040226
synthetic_size_matched	synthetic	syn_002740	0.00736325141042
synthetic_size_matched	synthetic	syn_002741	0.00716958660632
synthetic_size_matched	synthetic	syn_002742	0.00489328801632
synthetic_size_matched	synthetic	syn_002743	0.00718003883958
synthetic_size_matched	synthetic	syn_002745	0.00957295391709
synthetic_size_matched	synthetic	syn_002746	0.00740662962198
synthetic_size_matched	synthetic	syn_002747	0.00565436761826
synthetic_size_matched	synthetic	syn_002748	0.00561376474798
synthetic_size_matched	synthetic	syn_002749	0.0129627343267
synthetic_size_matched	synthetic	syn_002750	0.00416680797935
synthetic_size_matched	synthetic	syn_002751	0.0112939681858
synthetic_size_matched	synthetic	syn_002752	0.00635552126914
synthetic_size_matched	synthetic	syn_002753	0.00576044106856
synthetic_size_matched	synthetic	syn_002754	0.0066216820851
synthetic_size_matched	synthetic	syn_002755	0.0100408922881
synthetic_size_matched	synthetic	syn_002756	0.00719185173512
synthetic_size_matched	synthetic	syn_002757	0.00784298963845
synthetic_size_matched	synthetic	syn_002758	0.00684309843928
synthetic_size_matched	synthetic	syn_002759	0.005634768866
synthetic_size_matched	synthetic	syn_002760	0.010069726035
synthetic_size_matched	synthetic	syn_002761	0.00710549019277
synthetic_size_matched	synthetic	syn_002762	0.009302534163
synthetic_size_matched	synthetic	syn_002763	0.00571454688907
synthetic_size_matched	synthetic	syn_002764	0.00718872714788
synthetic_size_matched	synthetic	syn_002765	0.00463726650923
synthetic_size_matched	synthetic	syn_002766	0.00592035334557
synthetic_size_matched	synthetic	syn_002767	0.00704688113183
synthetic_size_matched	synthetic	syn_002768	0.0094482395798
synthetic_size_matched	synthetic	syn_002769	0.00422969274223
synthetic_size_matched	synthetic	syn_002770	0.00580255035311
synthetic_size_matched	synthetic	syn_002771	0.00639670901
synthetic_size_matched	synthetic	syn_002772	0.0049612657167
synthetic_size_matched	synthetic	syn_002773	0.00729350745678
synthetic_size_matched	synthetic	syn_002774	0.0055036759004
synthetic_size_matched	synthetic	syn_002775	0.0105970241129
synthetic_size_matched	synthetic	syn_002776	0.00570706278086
synthetic_size_matched	synthetic	syn_002777	0.0034157205373
synthetic_size_matched	synthetic	syn_002778	0.00333211594261
synthetic_size_matched	synthetic	syn_002779	0.00559795554727
synthetic_size_matched	synthetic	syn_002780	0.0104233035818
synthetic_size_matched	synthetic	syn_002781	0.00801158137619
synthetic_size_matched	synthetic	syn_002782	0.00508939148858
synthetic_size_matched	synthetic	syn_002783	0.00614295434207
synthetic_size_matched	synthetic	syn_002785	0.0173840932548
synthetic_size_matched	synthetic	syn_002786	0.00663441466168
synthetic_size_matched	synthetic	syn_002787	0.0206926614046
synthetic_size_matched	synthetic	syn_002788	0.00780531670898
synthetic_size_matched	synthetic	syn_002789	0.00385964848101
synthetic_size_matched	synthetic	syn_002790	0.00885526556522
synthetic_size_matched	synthetic	syn_002791	0.00876054354012
synthetic_size_matched	synthetic	syn_002792	0.00843904726207
synthetic_size_matched	synthetic	syn_002793	0.00961405504495
synthetic_size_matched	synthetic	syn_002794	0.00639256974682
synthetic_size_matched	synthetic	syn_002795	0.00685131270438
synthetic_size_matched	synthetic	syn_002796	0.00664838170633
synthetic_size_matched	synthetic	syn_002797	0.0063046249561
synthetic_size_matched	synthetic	syn_002798	0.0136192254722
synthetic_size_matched	synthetic	syn_002799	0.004628745839
synthetic_size_matched	synthetic	syn_002800	0.00986476428807
synthetic_size_matched	synthetic	syn_002801	0.0107533512637
synthetic_size_matched	synthetic	syn_002802	0.0084369732067
synthetic_size_matched	synthetic	syn_002803	0.00785351824015
synthetic_size_matched	synthetic	syn_002804	0.00501497462392
synthetic_size_matched	synthetic	syn_002805	0.00603881292045
synthetic_size_matched	synthetic	syn_002807	0.00765471765772
synthetic_size_matched	synthetic	syn_002808	0.00882367789745
synthetic_size_matched	synthetic	syn_002809	0.00507590267807
synthetic_size_matched	synthetic	syn_002810	0.00453415606171
synthetic_size_matched	synthetic	syn_002811	0.00813916046172
synthetic_size_matched	synthetic	syn_002812	0.00566251575947
synthetic_size_matched	synthetic	syn_002813	0.0105926245451
synthetic_size_matched	synthetic	syn_002814	0.0122581142932
synthetic_size_matched	synthetic	syn_002815	0.00634784717113
synthetic_size_matched	synthetic	syn_002816	0.00663922913373
synthetic_size_matched	synthetic	syn_002817	0.00914731156081
synthetic_size_matched	synthetic	syn_002819	0.0113317724317
synthetic_size_matched	synthetic	syn_002820	0.00717261992395
synthetic_size_matched	synthetic	syn_002821	0.0119216023013
synthetic_size_matched	synthetic	syn_002822	0.00682986341417
synthetic_size_matched	synthetic	syn_002823	0.00616014935076
synthetic_size_matched	synthetic	syn_002824	0.0086890636012
synthetic_size_matched	synthetic	syn_002825	0.00942526571453
synthetic_size_matched	synthetic	syn_002826	0.00538254715502
synthetic_size_matched	synthetic	syn_002827	0.00871037598699
synthetic_size_matched	synthetic	syn_002828	0.00816181208938
synthetic_size_matched	synthetic	syn_002829	0.00846525747329
synthetic_size_matched	synthetic	syn_002830	0.00845083408058
synthetic_size_matched	synthetic	syn_002831	0.00721497181803
synthetic_size_matched	synthetic	syn_002832	0.00488173263147
synthetic_size_matched	synthetic	syn_002833	0.00567673472688
synthetic_size_matched	synthetic	syn_002834	0.00701340381056
synthetic_size_matched	synthetic	syn_002835	0.00465224403888
synthetic_size_matched	synthetic	syn_002836	0.00548625923693
synthetic_size_matched	synthetic	syn_002837	0.0044968998991
synthetic_size_matched	synthetic	syn_002838	0.00824920274317
synthetic_size_matched	synthetic	syn_002839	0.0129977557808
synthetic_size_matched	synthetic	syn_002840	0.00361115857959
synthetic_size_matched	synthetic	syn_002841	0.0150175392628
synthetic_size_matched	synthetic	syn_002842	0.00711620599031
synthetic_size_matched	synthetic	syn_002843	0.00477529177442
synthetic_size_matched	synthetic	syn_002844	0.0128076877445
synthetic_size_matched	synthetic	syn_002845	0.00899780634791
synthetic_size_matched	synthetic	syn_002846	0.0061433413066
synthetic_size_matched	synthetic	syn_002847	0.0074744252488
synthetic_size_matched	synthetic	syn_002848	0.00433033239096
synthetic_size_matched	synthetic	syn_002849	0.00446687266231
synthetic_size_matched	synthetic	syn_002850	0.00423333887011
synthetic_size_matched	synthetic	syn_002851	0.00673205126077
synthetic_size_matched	synthetic	syn_002852	0.00700109452009
synthetic_size_matched	synthetic	syn_002853	0.00331612140872
synthetic_size_matched	synthetic	syn_002854	0.0127456132323
synthetic_size_matched	synthetic	syn_002855	0.00745121855289
synthetic_size_matched	synthetic	syn_002856	0.00706316065043
synthetic_size_matched	synthetic	syn_002857	0.00696704164147
synthetic_size_matched	synthetic	syn_002858	0.00805731862783
synthetic_size_matched	synthetic	syn_002859	0.0075831268914
synthetic_size_matched	synthetic	syn_002860	0.0120237953961
synthetic_size_matched	synthetic	syn_002861	0.00430639926344
synthetic_size_matched	synthetic	syn_002862	0.00696086743847
synthetic_size_matched	synthetic	syn_002863	0.00465084798634
synthetic_size_matched	synthetic	syn_002864	0.00374016584828
synthetic_size_matched	synthetic	syn_002865	0.00512607954443
synthetic_size_matched	synthetic	syn_002866	0.0113268587738
synthetic_size_matched	synthetic	syn_002867	0.0060568023473
synthetic_size_matched	synthetic	syn_002868	0.00564536824822
synthetic_size_matched	synthetic	syn_002869	0.00841777957976
synthetic_size_matched	synthetic	syn_002870	0.00657699862495
synthetic_size_matched	synthetic	syn_002871	0.010433383286
synthetic_size_matched	synthetic	syn_002872	0.01259691827
synthetic_size_matched	synthetic	syn_002873	0.0158215984702
synthetic_size_matched	synthetic	syn_002874	0.00423110462725
synthetic_size_matched	synthetic	syn_002875	0.00706887990236
synthetic_size_matched	synthetic	syn_002876	0.00876417011023
synthetic_size_matched	synthetic	syn_002877	0.00682762544602
synthetic_size_matched	synthetic	syn_002878	0.00701095163822
synthetic_size_matched	synthetic	syn_002879	0.031252682209
synthetic_size_matched	synthetic	syn_002880	0.00547002581879
synthetic_size_matched	synthetic	syn_002881	0.00566893164068
synthetic_size_matched	synthetic	syn_002882	0.00654313666746
synthetic_size_matched	synthetic	syn_002883	0.0108998771757
synthetic_size_matched	synthetic	syn_002884	0.00755227915943
synthetic_size_matched	synthetic	syn_002885	0.00697039719671
synthetic_size_matched	synthetic	syn_002886	0.0107422210276
synthetic_size_matched	synthetic	syn_002887	0.00587230920792
synthetic_size_matched	synthetic	syn_002888	0.0153910461813
synthetic_size_matched	synthetic	syn_002889	0.00628048181534
synthetic_size_matched	synthetic	syn_002890	0.00539136584848
synthetic_size_matched	synthetic	syn_002891	0.0118372188881
synthetic_size_matched	synthetic	syn_002892	0.0109087862074
synthetic_size_matched	synthetic	syn_002893	0.0125152328983
synthetic_size_matched	synthetic	syn_002894	0.00613928120583
synthetic_size_matched	synthetic	syn_002895	0.00710381288081
synthetic_size_matched	synthetic	syn_002896	0.00649585016072
synthetic_size_matched	synthetic	syn_002897	0.00523236813024
synthetic_size_matched	synthetic	syn_002898	0.00633546430618
synthetic_size_matched	synthetic	syn_002899	0.00602385215461
synthetic_size_matched	synthetic	syn_002900	0.00485822325572
synthetic_size_matched	synthetic	syn_002901	0.01169762481
synthetic_size_matched	synthetic	syn_002902	0.0147040160373
synthetic_size_matched	synthetic	syn_002903	0.00999347772449
synthetic_size_matched	synthetic	syn_002904	0.00507433433086
synthetic_size_matched	synthetic	syn_002905	0.00787403155118
synthetic_size_matched	synthetic	syn_002906	0.00437651155517
synthetic_size_matched	synthetic	syn_002907	0.00328306038864
synthetic_size_matched	synthetic	syn_002908	0.00954703055322
synthetic_size_matched	synthetic	syn_002909	0.0129804108292
synthetic_size_matched	synthetic	syn_002910	0.00430905167013
synthetic_size_matched	synthetic	syn_002911	0.00485805049539
synthetic_size_matched	synthetic	syn_002912	0.0115281557664
synthetic_size_matched	synthetic	syn_002913	0.00666017318144
synthetic_size_matched	synthetic	syn_002914	0.00806378386915
synthetic_size_matched	synthetic	syn_002915	0.00598743697628
synthetic_size_matched	synthetic	syn_002916	0.0068032303825
synthetic_size_matched	synthetic	syn_002917	0.0102843372151
synthetic_size_matched	synthetic	syn_002918	0.00812669657171
synthetic_size_matched	synthetic	syn_002919	0.00951342750341
synthetic_size_matched	synthetic	syn_002920	0.0070448666811
synthetic_size_matched	synthetic	syn_002921	0.00736234569922
synthetic_size_matched	synthetic	syn_002922	0.00774067360908
synthetic_size_matched	synthetic	syn_002923	0.00587946176529
synthetic_size_matched	synthetic	syn_002924	0.00801461935043
synthetic_size_matched	synthetic	syn_002925	0.00645908294246
synthetic_size_matched	synthetic	syn_002926	0.00690361298621
synthetic_size_matched	synthetic	syn_002927	0.00890286266804
synthetic_size_matched	synthetic	syn_002928	0.00957640819252
synthetic_size_matched	synthetic	syn_002929	0.00822340883315
synthetic_size_matched	synthetic	syn_002930	0.00624433951452
synthetic_size_matched	synthetic	syn_002931	0.00862041860819
synthetic_size_matched	synthetic	syn_002932	0.00644967798144
synthetic_size_matched	synthetic	syn_002933	0.00625721830875
synthetic_size_matched	synthetic	syn_002934	0.00623492198065
synthetic_size_matched	synthetic	syn_002935	0.00596707081422
synthetic_size_matched	synthetic	syn_002936	0.00642221607268
synthetic_size_matched	synthetic	syn_002937	0.00590771716088
synthetic_size_matched	synthetic	syn_002938	0.00789313297719
synthetic_size_matched	synthetic	syn_002939	0.00802695099264
synthetic_size_matched	synthetic	syn_002940	0.00549644324929
synthetic_size_matched	synthetic	syn_002941	0.00820775143802
synthetic_size_matched	synthetic	syn_002942	0.00730511220172
synthetic_size_matched	synthetic	syn_002943	0.00818554032594
synthetic_size_matched	synthetic	syn_002944	0.00729946605861
synthetic_size_matched	synthetic	syn_002945	0.00845679081976
synthetic_size_matched	synthetic	syn_002946	0.00544649921358
synthetic_size_matched	synthetic	syn_002947	0.0162201710045
synthetic_size_matched	synthetic	syn_002948	0.0105131128803
synthetic_size_matched	synthetic	syn_002949	0.00603550719097
synthetic_size_matched	synthetic	syn_002950	0.0125290257856
synthetic_size_matched	synthetic	syn_002951	0.0054991603829
synthetic_size_matched	synthetic	syn_002952	0.0095724388957
synthetic_size_matched	synthetic	syn_002953	0.00629233242944
synthetic_size_matched	synthetic	syn_002954	0.00881395675242
synthetic_size_matched	synthetic	syn_002955	0.00910981651396
synthetic_size_matched	synthetic	syn_002956	0.00535186380148
synthetic_size_matched	synthetic	syn_002957	0.00580398319289
synthetic_size_matched	synthetic	syn_002958	0.0050063719973
synthetic_size_matched	synthetic	syn_002959	0.0120276920497
synthetic_size_matched	synthetic	syn_002960	0.00731317186728
synthetic_size_matched	synthetic	syn_002961	0.0190807320178
synthetic_size_matched	synthetic	syn_002962	0.00666619371623
synthetic_size_matched	synthetic	syn_002963	0.00681695528328
synthetic_size_matched	synthetic	syn_002964	0.00841659866273
synthetic_size_matched	synthetic	syn_002965	0.0200440958142
synthetic_size_matched	synthetic	syn_002966	0.00491151539609
synthetic_size_matched	synthetic	syn_002967	0.0110702905804
synthetic_size_matched	synthetic	syn_002968	0.0136295193806
synthetic_size_matched	synthetic	syn_002969	0.00944784469903
synthetic_size_matched	synthetic	syn_002970	0.00486388243735
synthetic_size_matched	synthetic	syn_002971	0.00616830866784
synthetic_size_matched	synthetic	syn_002972	0.00633644778281
synthetic_size_matched	synthetic	syn_002973	0.00940030440688
synthetic_size_matched	synthetic	syn_002974	0.00360283162445
synthetic_size_matched	synthetic	syn_002975	0.0064885802567
synthetic_size_matched	synthetic	syn_002976	0.00680438335985
synthetic_size_matched	synthetic	syn_002977	0.00535194668919
synthetic_size_matched	synthetic	syn_002978	0.00430660834536
synthetic_size_matched	synthetic	syn_002980	0.00831140391529
synthetic_size_matched	synthetic	syn_002981	0.00603324361145
synthetic_size_matched	synthetic	syn_002982	0.0097686778754
synthetic_size_matched	synthetic	syn_002983	0.00469795893878
synthetic_size_matched	synthetic	syn_002984	0.00558109441772
synthetic_size_matched	synthetic	syn_002985	0.00425425823778
synthetic_size_matched	synthetic	syn_002986	0.00424137106165
synthetic_size_matched	synthetic	syn_002987	0.0115929003805
synthetic_size_matched	synthetic	syn_002988	0.00517076998949
synthetic_size_matched	synthetic	syn_002989	0.00831674411893
synthetic_size_matched	synthetic	syn_002990	0.00800780951977
synthetic_size_matched	synthetic	syn_002991	0.00483227800578
synthetic_size_matched	synthetic	syn_002992	0.00966809876263
synthetic_size_matched	synthetic	syn_002993	0.00723102549091
synthetic_size_matched	synthetic	syn_002994	0.00575247127563
synthetic_size_matched	synthetic	syn_002995	0.0052471710369
synthetic_size_matched	synthetic	syn_002996	0.0102248732001
synthetic_size_matched	synthetic	syn_002997	0.00452059647068
synthetic_size_matched	synthetic	syn_002998	0.00956000946462
synthetic_size_matched	synthetic	syn_002999	0.00558490585536
synthetic_size_matched	synthetic	syn_003000	0.00429707299918
synthetic_size_matched	synthetic	syn_003001	0.00379861751571
synthetic_size_matched	synthetic	syn_003002	0.00740176998079
synthetic_size_matched	synthetic	syn_003003	0.019452676177
synthetic_size_matched	synthetic	syn_003004	0.0110643347725
synthetic_size_matched	synthetic	syn_003005	0.00497014634311
synthetic_size_matched	synthetic	syn_003006	0.00615431275219
synthetic_size_matched	synthetic	syn_003007	0.006682228297
synthetic_size_matched	synthetic	syn_003008	0.0115435486659
synthetic_size_matched	synthetic	syn_003009	0.00899413321167
synthetic_size_matched	synthetic	syn_003010	0.00593878887594
synthetic_size_matched	synthetic	syn_003011	0.0080528780818
synthetic_size_matched	synthetic	syn_003012	0.0118864141405
synthetic_size_matched	synthetic	syn_003013	0.00804698560387
synthetic_size_matched	synthetic	syn_003014	0.0124403145164
synthetic_size_matched	synthetic	syn_003015	0.00782317947596
synthetic_size_matched	synthetic	syn_003016	0.00445701461285
synthetic_size_matched	synthetic	syn_003017	0.00465816259384
synthetic_size_matched	synthetic	syn_003018	0.00786874815822
synthetic_size_matched	synthetic	syn_003019	0.00549226440489
synthetic_size_matched	synthetic	syn_003020	0.00375895667821
synthetic_size_matched	synthetic	syn_003021	0.00570462271571
synthetic_size_matched	synthetic	syn_003022	0.00339873810299
synthetic_size_matched	synthetic	syn_003023	0.00897716917098
synthetic_size_matched	synthetic	syn_003024	0.017135374248
synthetic_size_matched	synthetic	syn_003025	0.00311682326719
synthetic_size_matched	synthetic	syn_003026	0.00694867782295
synthetic_size_matched	synthetic	syn_003027	0.00381616177037
synthetic_size_matched	synthetic	syn_003028	0.00627426058054
synthetic_size_matched	synthetic	syn_003029	0.00405468884856
synthetic_size_matched	synthetic	syn_003030	0.00883556716144
synthetic_size_matched	synthetic	syn_003031	0.00519819185138
synthetic_size_matched	synthetic	syn_003032	0.00610714452341
synthetic_size_matched	synthetic	syn_003033	0.011653685011
synthetic_size_matched	synthetic	syn_003034	0.0150231504813
synthetic_size_matched	synthetic	syn_003035	0.0108504462987
synthetic_size_matched	synthetic	syn_003036	0.00537659507245
synthetic_size_matched	synthetic	syn_003037	0.00573738012463
synthetic_size_matched	synthetic	syn_003038	0.0044060330838
synthetic_size_matched	synthetic	syn_003039	0.00817575119436
synthetic_size_matched	synthetic	syn_003040	0.00691915862262
synthetic_size_matched	synthetic	syn_003041	0.00517316441983
synthetic_size_matched	synthetic	syn_003042	0.00449109543115
synthetic_size_matched	synthetic	syn_003043	0.0174090191722
synthetic_size_matched	synthetic	syn_003044	0.00378672406077
synthetic_size_matched	synthetic	syn_003045	0.0104102836922
synthetic_size_matched	synthetic	syn_003046	0.00716792140156
synthetic_size_matched	synthetic	syn_003047	0.00821886304766
synthetic_size_matched	synthetic	syn_003048	0.00663052126765
synthetic_size_matched	synthetic	syn_003049	0.0051510501653
synthetic_size_matched	synthetic	syn_003050	0.00797309353948
synthetic_size_matched	synthetic	syn_003051	0.0101982727647
synthetic_size_matched	synthetic	syn_003052	0.00793779827654
synthetic_size_matched	synthetic	syn_003053	0.00925362296402
synthetic_size_matched	synthetic	syn_003054	0.0115011483431
synthetic_size_matched	synthetic	syn_003055	0.00949366018176
synthetic_size_matched	synthetic	syn_003056	0.0147462729365
synthetic_size_matched	synthetic	syn_003057	0.0210315547884
synthetic_size_matched	synthetic	syn_003058	0.00436888542026
synthetic_size_matched	synthetic	syn_003059	0.00617907848209
synthetic_size_matched	synthetic	syn_003060	0.0181412063539
synthetic_size_matched	synthetic	syn_003061	0.00828032847494
synthetic_size_matched	synthetic	syn_003062	0.00763498339802
synthetic_size_matched	synthetic	syn_003063	0.00619055982679
synthetic_size_matched	synthetic	syn_003064	0.00646574283019
synthetic_size_matched	synthetic	syn_003065	0.00546050537378
synthetic_size_matched	synthetic	syn_003066	0.0132281146944
synthetic_size_matched	synthetic	syn_003067	0.0174435824156
synthetic_size_matched	synthetic	syn_003068	0.00769058940932
synthetic_size_matched	synthetic	syn_003069	0.012647215277
synthetic_size_matched	synthetic	syn_003070	0.00614608218893
synthetic_size_matched	synthetic	syn_003071	0.00614276714623
synthetic_size_matched	synthetic	syn_003072	0.00666595902294
synthetic_size_matched	synthetic	syn_003073	0.00880263838917
synthetic_size_matched	synthetic	syn_003074	0.0065236161463
synthetic_size_matched	synthetic	syn_003075	0.00408700946718
synthetic_size_matched	synthetic	syn_003076	0.005638029892
synthetic_size_matched	synthetic	syn_003077	0.00516118248925
synthetic_size_matched	synthetic	syn_003078	0.00819786451757
synthetic_size_matched	synthetic	syn_003079	0.00602054828778
synthetic_size_matched	synthetic	syn_003080	0.00926802027971
synthetic_size_matched	synthetic	syn_003081	0.00669743353501
synthetic_size_matched	synthetic	syn_003082	0.00598453264683
synthetic_size_matched	synthetic	syn_003083	0.00927383452654
synthetic_size_matched	synthetic	syn_003084	0.0093143042177
synthetic_size_matched	synthetic	syn_003085	0.0108234873042
synthetic_size_matched	synthetic	syn_003086	0.0149145573378
synthetic_size_matched	synthetic	syn_003087	0.00445232819766
synthetic_size_matched	synthetic	syn_003088	0.0057827970013
synthetic_size_matched	synthetic	syn_003089	0.00659579085186
synthetic_size_matched	synthetic	syn_003090	0.00609077699482
synthetic_size_matched	synthetic	syn_003091	0.00990021415055
synthetic_size_matched	synthetic	syn_003092	0.00417918385938
synthetic_size_matched	synthetic	syn_003093	0.00761127006263
synthetic_size_matched	synthetic	syn_003094	0.0121875852346
synthetic_size_matched	synthetic	syn_003095	0.00900350883603
synthetic_size_matched	synthetic	syn_003096	0.00720430258662
synthetic_size_matched	synthetic	syn_003097	0.00791833456606
synthetic_size_matched	synthetic	syn_003099	0.00410920847207
synthetic_size_matched	synthetic	syn_003100	0.00804022140801
synthetic_size_matched	synthetic	syn_003101	0.00453068036586
synthetic_size_matched	synthetic	syn_003102	0.00653095077723
synthetic_size_matched	synthetic	syn_003103	0.00353919505142
synthetic_size_matched	synthetic	syn_003104	0.0075121326372
synthetic_size_matched	synthetic	syn_003105	0.0105203054845
synthetic_size_matched	synthetic	syn_003106	0.00735319033265
synthetic_size_matched	synthetic	syn_003107	0.00618790090084
synthetic_size_matched	synthetic	syn_003108	0.00466711353511
synthetic_size_matched	synthetic	syn_003109	0.00894903670996
synthetic_size_matched	synthetic	syn_003110	0.00581941474229
synthetic_size_matched	synthetic	syn_003111	0.0102774957195
synthetic_size_matched	synthetic	syn_003112	0.00641222670674
synthetic_size_matched	synthetic	syn_003113	0.0106546441093
synthetic_size_matched	synthetic	syn_003114	0.00585574656725
synthetic_size_matched	synthetic	syn_003115	0.00775898108259
synthetic_size_matched	synthetic	syn_003116	0.00480323284864
synthetic_size_matched	synthetic	syn_003117	0.00805748440325
synthetic_size_matched	synthetic	syn_003118	0.00736036850139
synthetic_size_matched	synthetic	syn_003119	0.00544397346675
synthetic_size_matched	synthetic	syn_003120	0.00375702907331
synthetic_size_matched	synthetic	syn_003121	0.0173098109663
synthetic_size_matched	synthetic	syn_003122	0.00656707957387
synthetic_size_matched	synthetic	syn_003123	0.00729768490419
synthetic_size_matched	synthetic	syn_003124	0.00353735638782
synthetic_size_matched	synthetic	syn_003125	0.00566877052188
synthetic_size_matched	synthetic	syn_003126	0.00780657492578
synthetic_size_matched	synthetic	syn_003127	0.00853692553937
synthetic_size_matched	synthetic	syn_003128	0.00877601839602
synthetic_size_matched	synthetic	syn_003129	0.00499077700078
synthetic_size_matched	synthetic	syn_003130	0.0105672394857
synthetic_size_matched	synthetic	syn_003131	0.0108704995364
synthetic_size_matched	synthetic	syn_003132	0.0291414987296
synthetic_size_matched	synthetic	syn_003133	0.00766837596893
synthetic_size_matched	synthetic	syn_003134	0.00518120452762
synthetic_size_matched	synthetic	syn_003135	0.00617228914052
synthetic_size_matched	synthetic	syn_003136	0.00531979138032
synthetic_size_matched	synthetic	syn_003137	0.00825817137957
synthetic_size_matched	synthetic	syn_003138	0.00441055558622
synthetic_size_matched	synthetic	syn_003139	0.00391758605838
synthetic_size_matched	synthetic	syn_003140	0.00766110373661
synthetic_size_matched	synthetic	syn_003141	0.00432784948498
synthetic_size_matched	synthetic	syn_003142	0.0130596775562
synthetic_size_matched	synthetic	syn_003143	0.0113966278732
synthetic_size_matched	synthetic	syn_003144	0.00901004020125
synthetic_size_matched	synthetic	syn_003145	0.00861608795822
synthetic_size_matched	synthetic	syn_003146	0.00894276984036
synthetic_size_matched	synthetic	syn_003147	0.00619646394625
synthetic_size_matched	synthetic	syn_003148	0.0048587936908
synthetic_size_matched	synthetic	syn_003149	0.00557645456865
synthetic_size_matched	synthetic	syn_003150	0.0121003687382
synthetic_size_matched	synthetic	syn_003151	0.00538077950478
synthetic_size_matched	synthetic	syn_003152	0.00839702785015
synthetic_size_matched	synthetic	syn_003153	0.00500761158764
synthetic_size_matched	synthetic	syn_003154	0.00654667243361
synthetic_size_matched	synthetic	syn_003155	0.00866386387497
synthetic_size_matched	synthetic	syn_003156	0.00578109361231
synthetic_size_matched	synthetic	syn_003157	0.00453532859683
synthetic_size_matched	synthetic	syn_003158	0.00371513422579
synthetic_size_matched	synthetic	syn_003159	0.00701039005071
synthetic_size_matched	synthetic	syn_003160	0.00632566865534
synthetic_size_matched	synthetic	syn_003161	0.00708133820444
synthetic_size_matched	synthetic	syn_003162	0.00732029508799
synthetic_size_matched	synthetic	syn_003163	0.00876407977194
synthetic_size_matched	synthetic	syn_003164	0.00757098384202
synthetic_size_matched	synthetic	syn_003165	0.0190387200564
synthetic_size_matched	synthetic	syn_003166	0.00688707455993
synthetic_size_matched	synthetic	syn_003167	0.0061710095033
synthetic_size_matched	synthetic	syn_003168	0.00911430828273
synthetic_size_matched	synthetic	syn_003169	0.00729818455875
synthetic_size_matched	synthetic	syn_003170	0.00824142061174
synthetic_size_matched	synthetic	syn_003171	0.00490409880877
synthetic_size_matched	synthetic	syn_003172	0.00570243084803
synthetic_size_matched	synthetic	syn_003173	0.0161497667432
synthetic_size_matched	synthetic	syn_003174	0.00500303786248
synthetic_size_matched	synthetic	syn_003175	0.0104337316006
synthetic_size_matched	synthetic	syn_003176	0.00709689594805
synthetic_size_matched	synthetic	syn_003177	0.00581333134323
synthetic_size_matched	synthetic	syn_003178	0.00560653954744
synthetic_size_matched	synthetic	syn_003179	0.00682906992733
synthetic_size_matched	synthetic	syn_003180	0.014772137627
synthetic_size_matched	synthetic	syn_003181	0.0144586171955
synthetic_size_matched	synthetic	syn_003182	0.0133394636214
synthetic_size_matched	synthetic	syn_003183	0.0107624381781
synthetic_size_matched	synthetic	syn_003184	0.00811142008752
synthetic_size_matched	synthetic	syn_003185	0.00693706888705
synthetic_size_matched	synthetic	syn_003186	0.00841051805764
synthetic_size_matched	synthetic	syn_003187	0.00589107861742
synthetic_size_matched	synthetic	syn_003188	0.00659332610667
synthetic_size_matched	synthetic	syn_003189	0.0108050759882
synthetic_size_matched	synthetic	syn_003190	0.0085579585284
synthetic_size_matched	synthetic	syn_003191	0.00788424443454
synthetic_size_matched	synthetic	syn_003192	0.00436798250303
synthetic_size_matched	synthetic	syn_003193	0.00715985661373
synthetic_size_matched	synthetic	syn_003194	0.00969473831356
synthetic_size_matched	synthetic	syn_003195	0.00557360984385
synthetic_size_matched	synthetic	syn_003196	0.00502356700599
synthetic_size_matched	synthetic	syn_003197	0.00734906177968
synthetic_size_matched	synthetic	syn_003198	0.0116071635857
synthetic_size_matched	synthetic	syn_003199	0.00480910204351
synthetic_size_matched	synthetic	syn_003200	0.00826358608902
synthetic_size_matched	synthetic	syn_003201	0.00772567512468
synthetic_size_matched	synthetic	syn_003202	0.00510199507698
synthetic_size_matched	synthetic	syn_003203	0.00911129452288
synthetic_size_matched	synthetic	syn_003204	0.00464658997953
synthetic_size_matched	synthetic	syn_003205	0.0142286764458
synthetic_size_matched	synthetic	syn_003206	0.00805014371872
synthetic_size_matched	synthetic	syn_003207	0.00704954518005
synthetic_size_matched	synthetic	syn_003208	0.0130187887698
synthetic_size_matched	synthetic	syn_003209	0.0106459185481
synthetic_size_matched	synthetic	syn_003210	0.00699404627085
synthetic_size_matched	synthetic	syn_003211	0.00549787096679
synthetic_size_matched	synthetic	syn_003212	0.00538889225572
synthetic_size_matched	synthetic	syn_003213	0.0058314059861
synthetic_size_matched	synthetic	syn_003214	0.00381661695428
synthetic_size_matched	synthetic	syn_003215	0.0146138267592
synthetic_size_matched	synthetic	syn_003216	0.00822573062032
synthetic_size_matched	synthetic	syn_003217	0.00659732241184
synthetic_size_matched	synthetic	syn_003218	0.0192131474614
synthetic_size_matched	synthetic	syn_003219	0.00634438218549
synthetic_size_matched	synthetic	syn_003220	0.00545406807214
synthetic_size_matched	synthetic	syn_003221	0.00767628150061
synthetic_size_matched	synthetic	syn_003222	0.00841470528394
synthetic_size_matched	synthetic	syn_003223	0.0122177116573
synthetic_size_matched	synthetic	syn_003224	0.00937449652702
synthetic_size_matched	synthetic	syn_003225	0.00677032023668
synthetic_size_matched	synthetic	syn_003226	0.00711442343891
synthetic_size_matched	synthetic	syn_003227	0.00624658958986
synthetic_size_matched	synthetic	syn_003228	0.00470027280971
synthetic_size_matched	synthetic	syn_003229	0.00870740320534
synthetic_size_matched	synthetic	syn_003230	0.00484955124557
synthetic_size_matched	synthetic	syn_003231	0.00856804102659
synthetic_size_matched	synthetic	syn_003232	0.00715813972056
synthetic_size_matched	synthetic	syn_003233	0.00966373831034
synthetic_size_matched	synthetic	syn_003234	0.00542659545317
synthetic_size_matched	synthetic	syn_003235	0.00693697668612
synthetic_size_matched	synthetic	syn_003236	0.00801430363208
synthetic_size_matched	synthetic	syn_003237	0.0128170978278
synthetic_size_matched	synthetic	syn_003238	0.0152161149308
synthetic_size_matched	synthetic	syn_003239	0.00627299072221
synthetic_size_matched	synthetic	syn_003240	0.00929064210504
synthetic_size_matched	synthetic	syn_003241	0.0113973161206
synthetic_size_matched	synthetic	syn_003242	0.00989603344351
synthetic_size_matched	synthetic	syn_003243	0.00505821174011
synthetic_size_matched	synthetic	syn_003244	0.00614255713299
synthetic_size_matched	synthetic	syn_003245	0.0035111636389
synthetic_size_matched	synthetic	syn_003246	0.0278017371893
synthetic_size_matched	synthetic	syn_003247	0.0101232370362
synthetic_size_matched	synthetic	syn_003248	0.0100221550092
synthetic_size_matched	synthetic	syn_003249	0.0208900757134
synthetic_size_matched	synthetic	syn_003250	0.0118843764067
synthetic_size_matched	synthetic	syn_003251	0.0213910154998
synthetic_size_matched	synthetic	syn_003252	0.00935668684542
synthetic_size_matched	synthetic	syn_003253	0.0101183466613
synthetic_size_matched	synthetic	syn_003254	0.00835987366736
synthetic_size_matched	synthetic	syn_003255	0.00545799452811
synthetic_size_matched	synthetic	syn_003256	0.00494183693081
synthetic_size_matched	synthetic	syn_003257	0.0113511458039
synthetic_size_matched	synthetic	syn_003258	0.0116061549634
synthetic_size_matched	synthetic	syn_003259	0.00590751320124
synthetic_size_matched	synthetic	syn_003260	0.00513993483037
synthetic_size_matched	synthetic	syn_003261	0.00529511412606
synthetic_size_matched	synthetic	syn_003262	0.00928641762584
synthetic_size_matched	synthetic	syn_003263	0.00968828611076
synthetic_size_matched	synthetic	syn_003264	0.0108472332358
synthetic_size_matched	synthetic	syn_003265	0.0108511485159
synthetic_size_matched	synthetic	syn_003266	0.0122553128749
synthetic_size_matched	synthetic	syn_003267	0.00489635160193
synthetic_size_matched	synthetic	syn_003268	0.00744130928069
synthetic_size_matched	synthetic	syn_003269	0.00847156718373
synthetic_size_matched	synthetic	syn_003270	0.0123077016324
synthetic_size_matched	synthetic	syn_003271	0.00781502388418
synthetic_size_matched	synthetic	syn_003272	0.0045951763168
synthetic_size_matched	synthetic	syn_003273	0.00598056055605
synthetic_size_matched	synthetic	syn_003274	0.005390916951
synthetic_size_matched	synthetic	syn_003275	0.0057619549334
synthetic_size_matched	synthetic	syn_003276	0.00978940166533
synthetic_size_matched	synthetic	syn_003277	0.00445076869801
synthetic_size_matched	synthetic	syn_003278	0.00667385524139
synthetic_size_matched	synthetic	syn_003279	0.0157091505826
synthetic_size_matched	synthetic	syn_003280	0.00583502696827
synthetic_size_matched	synthetic	syn_003281	0.00607188977301
synthetic_size_matched	synthetic	syn_003282	0.00635272823274
synthetic_size_matched	synthetic	syn_003283	0.00567524693906
synthetic_size_matched	synthetic	syn_003284	0.0128515958786
synthetic_size_matched	synthetic	syn_003285	0.00580341927707
synthetic_size_matched	synthetic	syn_003286	0.00909570418298
synthetic_size_matched	synthetic	syn_003287	0.010890301317
synthetic_size_matched	synthetic	syn_003288	0.0114416433498
synthetic_size_matched	synthetic	syn_003289	0.00635167956352
synthetic_size_matched	synthetic	syn_003290	0.0103577924892
synthetic_size_matched	synthetic	syn_003291	0.0146298632026
synthetic_size_matched	synthetic	syn_003292	0.00996698997915
synthetic_size_matched	synthetic	syn_003293	0.00528084067628
synthetic_size_matched	synthetic	syn_003294	0.00639336742461
synthetic_size_matched	synthetic	syn_003295	0.00915076769888
synthetic_size_matched	synthetic	syn_003296	0.00756586110219
synthetic_size_matched	synthetic	syn_003297	0.00454610399902
synthetic_size_matched	synthetic	syn_003298	0.00480799376965
synthetic_size_matched	synthetic	syn_003299	0.0103182531893
synthetic_size_matched	synthetic	syn_003300	0.00531332334504
synthetic_size_matched	synthetic	syn_003301	0.00884240493178
synthetic_size_matched	synthetic	syn_003302	0.0112890154123
synthetic_size_matched	synthetic	syn_003303	0.00676330458373
synthetic_size_matched	synthetic	syn_003304	0.0128134554252
synthetic_size_matched	synthetic	syn_003305	0.00617413502187
synthetic_size_matched	synthetic	syn_003306	0.00384388817474
synthetic_size_matched	synthetic	syn_003307	0.0103406542912
synthetic_size_matched	synthetic	syn_003308	0.00696478271857
synthetic_size_matched	synthetic	syn_003309	0.00610625045374
synthetic_size_matched	synthetic	syn_003310	0.00682944944128
synthetic_size_matched	synthetic	syn_003311	0.0104855466634
synthetic_size_matched	synthetic	syn_003312	0.00675143767148
synthetic_size_matched	synthetic	syn_003313	0.00725649576634
synthetic_size_matched	synthetic	syn_003314	0.006791241467
synthetic_size_matched	synthetic	syn_003315	0.0135024338961
synthetic_size_matched	synthetic	syn_003316	0.00713182473555
synthetic_size_matched	synthetic	syn_003317	0.00499809673056
synthetic_size_matched	synthetic	syn_003318	0.00602914718911
synthetic_size_matched	synthetic	syn_003319	0.0114500531927
synthetic_size_matched	synthetic	syn_003320	0.00595724536106
synthetic_size_matched	synthetic	syn_003321	0.011758999899
synthetic_size_matched	synthetic	syn_003322	0.0125336218625
synthetic_size_matched	synthetic	syn_003323	0.00577533850446
synthetic_size_matched	synthetic	syn_003324	0.00664053950459
synthetic_size_matched	synthetic	syn_003325	0.00515535986051
synthetic_size_matched	synthetic	syn_003326	0.0101455971599
synthetic_size_matched	synthetic	syn_003327	0.00769515475258
synthetic_size_matched	synthetic	syn_003328	0.00521151162684
synthetic_size_matched	synthetic	syn_003329	0.00569888576865
synthetic_size_matched	synthetic	syn_003330	0.00750237191096
synthetic_size_matched	synthetic	syn_003331	0.00502436095849
synthetic_size_matched	synthetic	syn_003332	0.0105635710061
synthetic_size_matched	synthetic	syn_003333	0.00955036841333
synthetic_size_matched	synthetic	syn_003334	0.00896231271327
synthetic_size_matched	synthetic	syn_003335	0.00784359965473
synthetic_size_matched	synthetic	syn_003336	0.0111739458516
synthetic_size_matched	synthetic	syn_003337	0.0308566261083
synthetic_size_matched	synthetic	syn_003338	0.00781757943332
synthetic_size_matched	synthetic	syn_003339	0.00522662932053
synthetic_size_matched	synthetic	syn_003340	0.0148859824985
synthetic_size_matched	synthetic	syn_003341	0.0132061643526
synthetic_size_matched	synthetic	syn_003342	0.00515494542196
synthetic_size_matched	synthetic	syn_003343	0.00438128132373
synthetic_size_matched	synthetic	syn_003344	0.0121623892337
synthetic_size_matched	synthetic	syn_003345	0.00553422002122
synthetic_size_matched	synthetic	syn_003346	0.0100186932832
synthetic_size_matched	synthetic	syn_003347	0.00623383559287
synthetic_size_matched	synthetic	syn_003348	0.00976554863155
synthetic_size_matched	synthetic	syn_003349	0.0129614844918
synthetic_size_matched	synthetic	syn_003350	0.00777821801603
synthetic_size_matched	synthetic	syn_003351	0.00771637354046
synthetic_size_matched	synthetic	syn_003352	0.0152600537986
synthetic_size_matched	synthetic	syn_003353	0.0108051672578
synthetic_size_matched	synthetic	syn_003354	0.00583875505254
synthetic_size_matched	synthetic	syn_003355	0.00510878674686
synthetic_size_matched	synthetic	syn_003356	0.00623654667288
synthetic_size_matched	synthetic	syn_003357	0.00841195788234
synthetic_size_matched	synthetic	syn_003358	0.00500391051173
synthetic_size_matched	synthetic	syn_003359	0.014944313094
synthetic_size_matched	synthetic	syn_003360	0.00868765451014
synthetic_size_matched	synthetic	syn_003361	0.00630089920014
synthetic_size_matched	synthetic	syn_003362	0.0093955565244
synthetic_size_matched	synthetic	syn_003363	0.0061626881361
synthetic_size_matched	synthetic	syn_003364	0.0042782118544
synthetic_size_matched	synthetic	syn_003365	0.00700120441616
synthetic_size_matched	synthetic	syn_003366	0.005783919245
synthetic_size_matched	synthetic	syn_003367	0.00794581510127
synthetic_size_matched	synthetic	syn_003368	0.00667054299265
synthetic_size_matched	synthetic	syn_003369	0.0115527380258
synthetic_size_matched	synthetic	syn_003370	0.0109812980518
synthetic_size_matched	synthetic	syn_003371	0.00395960686728
synthetic_size_matched	synthetic	syn_003372	0.0136883351952
synthetic_size_matched	synthetic	syn_003373	0.00997808109969
synthetic_size_matched	synthetic	syn_003374	0.00784062221646
synthetic_size_matched	synthetic	syn_003375	0.0082452185452
synthetic_size_matched	synthetic	syn_003376	0.0122451130301
synthetic_size_matched	synthetic	syn_003377	0.00384634593502
synthetic_size_matched	synthetic	syn_003378	0.0087957829237
synthetic_size_matched	synthetic	syn_003379	0.00559737766162
synthetic_size_matched	synthetic	syn_003380	0.00620658695698
synthetic_size_matched	synthetic	syn_003381	0.0127572547644
synthetic_size_matched	synthetic	syn_003382	0.0108822081238
synthetic_size_matched	synthetic	syn_003383	0.00749056600034
synthetic_size_matched	synthetic	syn_003384	0.00675558904186
synthetic_size_matched	synthetic	syn_003385	0.00876158848405
synthetic_size_matched	synthetic	syn_003386	0.00670828670263
synthetic_size_matched	synthetic	syn_003387	0.00949505902827
synthetic_size_matched	synthetic	syn_003388	0.00564051186666
synthetic_size_matched	synthetic	syn_003389	0.00688046123832
synthetic_size_matched	synthetic	syn_003390	0.0156383775175
synthetic_size_matched	synthetic	syn_003391	0.0124686732888
synthetic_size_matched	synthetic	syn_003392	0.00769324507564
synthetic_size_matched	synthetic	syn_003393	0.00852699577808
synthetic_size_matched	synthetic	syn_003394	0.00383190857247
synthetic_size_matched	synthetic	syn_003395	0.00667772721499
synthetic_size_matched	synthetic	syn_003396	0.00848916359246
synthetic_size_matched	synthetic	syn_003397	0.00784171093255
synthetic_size_matched	synthetic	syn_003398	0.00551001727581
synthetic_size_matched	synthetic	syn_003399	0.00776438508183
synthetic_size_matched	synthetic	syn_003400	0.00563544640318
synthetic_size_matched	synthetic	syn_003401	0.0076998337172
synthetic_size_matched	synthetic	syn_003402	0.00613086577505
synthetic_size_matched	synthetic	syn_003403	0.00876682624221
synthetic_size_matched	synthetic	syn_003404	0.00747364200652
synthetic_size_matched	synthetic	syn_003405	0.00726734660566
synthetic_size_matched	synthetic	syn_003406	0.0143160503358
synthetic_size_matched	synthetic	syn_003407	0.0035871649161
synthetic_size_matched	synthetic	syn_003408	0.00652742106467
synthetic_size_matched	synthetic	syn_003409	0.00923541281372
synthetic_size_matched	synthetic	syn_003410	0.0113436309621
synthetic_size_matched	synthetic	syn_003411	0.0107544688508
synthetic_size_matched	synthetic	syn_003412	0.00351642048918
synthetic_size_matched	synthetic	syn_003413	0.00590027775615
synthetic_size_matched	synthetic	syn_003414	0.00916739925742
synthetic_size_matched	synthetic	syn_003415	0.00741600152105
synthetic_size_matched	synthetic	syn_003416	0.0117244906723
synthetic_size_matched	synthetic	syn_003417	0.00564279966056
synthetic_size_matched	synthetic	syn_003418	0.00760437455028
synthetic_size_matched	synthetic	syn_003419	0.0055299019441
synthetic_size_matched	synthetic	syn_003420	0.00569733371958
synthetic_size_matched	synthetic	syn_003421	0.00799800921232
synthetic_size_matched	synthetic	syn_003422	0.00633988669142
synthetic_size_matched	synthetic	syn_003423	0.00671041850001
synthetic_size_matched	synthetic	syn_003424	0.00565502140671
synthetic_size_matched	synthetic	syn_003425	0.0125042395666
synthetic_size_matched	synthetic	syn_003426	0.00751182343811
synthetic_size_matched	synthetic	syn_003427	0.00797018781304
synthetic_size_matched	synthetic	syn_003428	0.00526986224577
synthetic_size_matched	synthetic	syn_003429	0.0086569301784
synthetic_size_matched	synthetic	syn_003430	0.0121715776622
synthetic_size_matched	synthetic	syn_003431	0.00832569412887
synthetic_size_matched	synthetic	syn_003432	0.00980138126761
synthetic_size_matched	synthetic	syn_003433	0.0101433424279
synthetic_size_matched	synthetic	syn_003434	0.00688482355326
synthetic_size_matched	synthetic	syn_003435	0.00678079528734
synthetic_size_matched	synthetic	syn_003436	0.00665988074616
synthetic_size_matched	synthetic	syn_003437	0.0116874482483
synthetic_size_matched	synthetic	syn_003438	0.00535832252353
synthetic_size_matched	synthetic	syn_003439	0.00508134858683
synthetic_size_matched	synthetic	syn_003440	0.00513984914869
synthetic_size_matched	synthetic	syn_003441	0.00333849480376
synthetic_size_matched	synthetic	syn_003442	0.00576508324593
synthetic_size_matched	synthetic	syn_003443	0.00953067000955
synthetic_size_matched	synthetic	syn_003444	0.00723025482148
synthetic_size_matched	synthetic	syn_003445	0.0300347507
synthetic_size_matched	synthetic	syn_003446	0.00797589216381
synthetic_size_matched	synthetic	syn_003447	0.0133788622916
synthetic_size_matched	synthetic	syn_003448	0.004374621436
synthetic_size_matched	synthetic	syn_003449	0.00459265522659
synthetic_size_matched	synthetic	syn_003450	0.00436973338947
synthetic_size_matched	synthetic	syn_003451	0.0168514847755
synthetic_size_matched	synthetic	syn_003452	0.00489427708089
synthetic_size_matched	synthetic	syn_003453	0.00541401840746
synthetic_size_matched	synthetic	syn_003454	0.00620034709573
synthetic_size_matched	synthetic	syn_003455	0.00420320499688
synthetic_size_matched	synthetic	syn_003456	0.00872923433781
synthetic_size_matched	synthetic	syn_003457	0.00713930558413
synthetic_size_matched	synthetic	syn_003458	0.00880797300488
synthetic_size_matched	synthetic	syn_003459	0.00731452787295
synthetic_size_matched	synthetic	syn_003460	0.00303789973259
synthetic_size_matched	synthetic	syn_003461	0.00705111399293
synthetic_size_matched	synthetic	syn_003462	0.00607714615762
synthetic_size_matched	synthetic	syn_003463	0.00684447074309
synthetic_size_matched	synthetic	syn_003464	0.00502468459308
synthetic_size_matched	synthetic	syn_003465	0.00650812126696
synthetic_size_matched	synthetic	syn_003466	0.0109218135476
synthetic_size_matched	synthetic	syn_003467	0.0100587550551
synthetic_size_matched	synthetic	syn_003468	0.00755093526095
synthetic_size_matched	synthetic	syn_003469	0.00930182915181
synthetic_size_matched	synthetic	syn_003470	0.0167691893876
synthetic_size_matched	synthetic	syn_003471	0.0118236700073
synthetic_size_matched	synthetic	syn_003472	0.00725406268612
synthetic_size_matched	synthetic	syn_003473	0.00452697975561
synthetic_size_matched	synthetic	syn_003474	0.00892542861402
synthetic_size_matched	synthetic	syn_003475	0.00905108172446
synthetic_size_matched	synthetic	syn_003476	0.00584939075634
synthetic_size_matched	synthetic	syn_003477	0.00799713283777
synthetic_size_matched	synthetic	syn_003478	0.00435027526692
synthetic_size_matched	synthetic	syn_003480	0.00448207138106
synthetic_size_matched	synthetic	syn_003481	0.0124598424882
synthetic_size_matched	synthetic	syn_003482	0.00406598951668
synthetic_size_matched	synthetic	syn_003483	0.0109111815691
synthetic_size_matched	synthetic	syn_003484	0.00583589822054
synthetic_size_matched	synthetic	syn_003485	0.00435645040125
synthetic_size_matched	synthetic	syn_003486	0.00524367764592
synthetic_size_matched	synthetic	syn_003487	0.00801807548851
synthetic_size_matched	synthetic	syn_003488	0.00744397845119
synthetic_size_matched	synthetic	syn_003489	0.0108628245071
synthetic_size_matched	synthetic	syn_003490	0.0048096999526
synthetic_size_matched	synthetic	syn_003491	0.00727592036128
synthetic_size_matched	synthetic	syn_003492	0.00745996879414
synthetic_size_matched	synthetic	syn_003493	0.00555332005024
synthetic_size_matched	synthetic	syn_003494	0.00681127794087
synthetic_size_matched	synthetic	syn_003495	0.00915449298918
synthetic_size_matched	synthetic	syn_003496	0.010944143869
synthetic_size_matched	synthetic	syn_003497	0.0124848671257
synthetic_size_matched	synthetic	syn_003498	0.00610224436969
synthetic_size_matched	synthetic	syn_003499	0.0192862339318
synthetic_size_matched	synthetic	syn_003500	0.00884885620326
synthetic_size_matched	synthetic	syn_003501	0.00395041983575
synthetic_size_matched	synthetic	syn_003502	0.0201113950461
synthetic_size_matched	synthetic	syn_003503	0.00541432853788
synthetic_size_matched	synthetic	syn_003504	0.0067181373015
synthetic_size_matched	synthetic	syn_003505	0.00945156347007
synthetic_size_matched	synthetic	syn_003506	0.00856155436486
synthetic_size_matched	synthetic	syn_003509	0.00625081546605
synthetic_size_matched	synthetic	syn_003510	0.0087317712605
synthetic_size_matched	synthetic	syn_003511	0.00950270146132
synthetic_size_matched	synthetic	syn_003512	0.00610164739192
synthetic_size_matched	synthetic	syn_003513	0.0099885519594
synthetic_size_matched	synthetic	syn_003514	0.00685571599752
synthetic_size_matched	synthetic	syn_003515	0.0113640706986
synthetic_size_matched	synthetic	syn_003516	0.00830764416605
synthetic_size_matched	synthetic	syn_003517	0.0123060327023
synthetic_size_matched	synthetic	syn_003518	0.00371841038577
synthetic_size_matched	synthetic	syn_003519	0.00657192803919
synthetic_size_matched	synthetic	syn_003520	0.00598537456244
synthetic_size_matched	synthetic	syn_003521	0.00579171767458
synthetic_size_matched	synthetic	syn_003522	0.00973223242909
synthetic_size_matched	synthetic	syn_003523	0.00853097252548
synthetic_size_matched	synthetic	syn_003524	0.00545394979417
synthetic_size_matched	synthetic	syn_003525	0.00551681034267
synthetic_size_matched	synthetic	syn_003526	0.00537509098649
synthetic_size_matched	synthetic	syn_003527	0.00607348047197
synthetic_size_matched	synthetic	syn_003528	0.0146441431716
synthetic_size_matched	synthetic	syn_003529	0.00901524908841
synthetic_size_matched	synthetic	syn_003530	0.00703663285822
synthetic_size_matched	synthetic	syn_003531	0.00594751723111
synthetic_size_matched	synthetic	syn_003532	0.00857476890087
synthetic_size_matched	synthetic	syn_003533	0.0043368190527
synthetic_size_matched	synthetic	syn_003534	0.00698388414457
synthetic_size_matched	synthetic	syn_003535	0.00703877024353
synthetic_size_matched	synthetic	syn_003536	0.00370267173275
synthetic_size_matched	synthetic	syn_003537	0.00810678023845
synthetic_size_matched	synthetic	syn_003538	0.00563916610554
synthetic_size_matched	synthetic	syn_003539	0.00678125489503
synthetic_size_matched	synthetic	syn_003540	0.0100493486971
synthetic_size_matched	synthetic	syn_003541	0.011196218431
synthetic_size_matched	synthetic	syn_003542	0.00660522095859
synthetic_size_matched	synthetic	syn_003543	0.0118095064536
synthetic_size_matched	synthetic	syn_003544	0.00913548469543
synthetic_size_matched	synthetic	syn_003545	0.00887392833829
synthetic_size_matched	synthetic	syn_003546	0.00685634184629
synthetic_size_matched	synthetic	syn_003547	0.00913212541491
synthetic_size_matched	synthetic	syn_003548	0.0104545988142
synthetic_size_matched	synthetic	syn_003549	0.014399278909
synthetic_size_matched	synthetic	syn_003550	0.00647713663056
synthetic_size_matched	synthetic	syn_003551	0.00619301060215
synthetic_size_matched	synthetic	syn_003552	0.00939690507948
synthetic_size_matched	synthetic	syn_003553	0.00667658448219
synthetic_size_matched	synthetic	syn_003554	0.00614094827324
synthetic_size_matched	synthetic	syn_003555	0.0118221594021
synthetic_size_matched	synthetic	syn_003556	0.00867721159011
synthetic_size_matched	synthetic	syn_003557	0.00707586482167
synthetic_size_matched	synthetic	syn_003558	0.00476272311062
synthetic_size_matched	synthetic	syn_003559	0.00380364013836
synthetic_size_matched	synthetic	syn_003560	0.00986163690686
synthetic_size_matched	synthetic	syn_003561	0.00547942332923
synthetic_size_matched	synthetic	syn_003562	0.00797095708549
synthetic_size_matched	synthetic	syn_003563	0.00547224096954
synthetic_size_matched	synthetic	syn_003564	0.0092183034867
synthetic_size_matched	synthetic	syn_003565	0.00719946390018
synthetic_size_matched	synthetic	syn_003566	0.00674520945176
synthetic_size_matched	synthetic	syn_003567	0.0247441008687
synthetic_size_matched	synthetic	syn_003568	0.0110224960372
synthetic_size_matched	synthetic	syn_003569	0.00416562892497
synthetic_size_matched	synthetic	syn_003570	0.00708012282848
synthetic_size_matched	synthetic	syn_003571	0.00440972391516
synthetic_size_matched	synthetic	syn_003572	0.00571689940989
synthetic_size_matched	synthetic	syn_003573	0.0108892414719
synthetic_size_matched	synthetic	syn_003574	0.00861685536802
synthetic_size_matched	synthetic	syn_003575	0.00797668285668
synthetic_size_matched	synthetic	syn_003576	0.00765967089683
synthetic_size_matched	synthetic	syn_003577	0.00848025269806
synthetic_size_matched	synthetic	syn_003578	0.00514914141968
synthetic_size_matched	synthetic	syn_003579	0.00483196834102
synthetic_size_matched	synthetic	syn_003580	0.0139146121219
synthetic_size_matched	synthetic	syn_003581	0.0092800911516
synthetic_size_matched	synthetic	syn_003582	0.00395446829498
synthetic_size_matched	synthetic	syn_003583	0.00583622790873
synthetic_size_matched	synthetic	syn_003584	0.00436792569235
synthetic_size_matched	synthetic	syn_003585	0.0046518552117
synthetic_size_matched	synthetic	syn_003586	0.00512507231906
synthetic_size_matched	synthetic	syn_003587	0.00840450450778
synthetic_size_matched	synthetic	syn_003588	0.00736205372959
synthetic_size_matched	synthetic	syn_003589	0.0142074013129
synthetic_size_matched	synthetic	syn_003590	0.0108515061438
synthetic_size_matched	synthetic	syn_003591	0.00757558690384
synthetic_size_matched	synthetic	syn_003592	0.00570465903729
synthetic_size_matched	synthetic	syn_003593	0.00423261336982
synthetic_size_matched	synthetic	syn_003594	0.00465264776722
synthetic_size_matched	synthetic	syn_003595	0.00439527537674
synthetic_size_matched	synthetic	syn_003596	0.00852768216282
synthetic_size_matched	synthetic	syn_003597	0.00924894958735
synthetic_size_matched	synthetic	syn_003598	0.00789362564683
synthetic_size_matched	synthetic	syn_003599	0.00695805437863
synthetic_size_matched	synthetic	syn_003600	0.00494000408798
synthetic_size_matched	synthetic	syn_003601	0.00998900458217
synthetic_size_matched	synthetic	syn_003602	0.00869659613818
synthetic_size_matched	synthetic	syn_003603	0.0033453842625
synthetic_size_matched	synthetic	syn_003604	0.0258858911693
synthetic_size_matched	synthetic	syn_003605	0.0044984719716
synthetic_size_matched	synthetic	syn_003606	0.00606356421486
synthetic_size_matched	synthetic	syn_003607	0.00506313424557
synthetic_size_matched	synthetic	syn_003608	0.0133755868301
synthetic_size_matched	synthetic	syn_003609	0.00730386609212
synthetic_size_matched	synthetic	syn_003610	0.00626631826162
synthetic_size_matched	synthetic	syn_003611	0.00442388467491
synthetic_size_matched	synthetic	syn_003612	0.00822854042053
synthetic_size_matched	synthetic	syn_003613	0.00699738133699
synthetic_size_matched	synthetic	syn_003614	0.00990795530379
synthetic_size_matched	synthetic	syn_003615	0.0134107191116
synthetic_size_matched	synthetic	syn_003616	0.0158750098199
synthetic_size_matched	synthetic	syn_003617	0.00462755467743
synthetic_size_matched	synthetic	syn_003618	0.00614171009511
synthetic_size_matched	synthetic	syn_003619	0.00836479198188
synthetic_size_matched	synthetic	syn_003620	0.0183108411729
synthetic_size_matched	synthetic	syn_003621	0.00750319287181
synthetic_size_matched	synthetic	syn_003622	0.0097482111305
synthetic_size_matched	synthetic	syn_003623	0.00328792538494
synthetic_size_matched	synthetic	syn_003624	0.00901369191706
synthetic_size_matched	synthetic	syn_003625	0.00995605438948
synthetic_size_matched	synthetic	syn_003626	0.0073363147676
synthetic_size_matched	synthetic	syn_003627	0.0138261858374
synthetic_size_matched	synthetic	syn_003628	0.00775372423232
synthetic_size_matched	synthetic	syn_003629	0.00694093294442
synthetic_size_matched	synthetic	syn_003630	0.0109384655952
synthetic_size_matched	synthetic	syn_003631	0.0126643981785
synthetic_size_matched	synthetic	syn_003632	0.00772599689662
synthetic_size_matched	synthetic	syn_003633	0.0145589392632
synthetic_size_matched	synthetic	syn_003634	0.00539237260818
synthetic_size_matched	synthetic	syn_003635	0.011044238694
synthetic_size_matched	synthetic	syn_003636	0.00738740991801
synthetic_size_matched	synthetic	syn_003637	0.0164435021579
synthetic_size_matched	synthetic	syn_003638	0.00657800910994
synthetic_size_matched	synthetic	syn_003639	0.00618121959269
synthetic_size_matched	synthetic	syn_003640	0.00522125372663
synthetic_size_matched	synthetic	syn_003641	0.00761787546799
synthetic_size_matched	synthetic	syn_003642	0.0109120383859
synthetic_size_matched	synthetic	syn_003643	0.00736506842077
synthetic_size_matched	synthetic	syn_003644	0.00617995578796
synthetic_size_matched	synthetic	syn_003645	0.0112225217745
synthetic_size_matched	synthetic	syn_003646	0.00614804495126
synthetic_size_matched	synthetic	syn_003647	0.00817002728581
synthetic_size_matched	synthetic	syn_003648	0.00417090719566
synthetic_size_matched	synthetic	syn_003649	0.00964502058923
synthetic_size_matched	synthetic	syn_003650	0.00929062440991
synthetic_size_matched	synthetic	syn_003651	0.00985349714756
synthetic_size_matched	synthetic	syn_003652	0.00462027266622
synthetic_size_matched	synthetic	syn_003653	0.00344679271802
synthetic_size_matched	synthetic	syn_003654	0.00517694465816
synthetic_size_matched	synthetic	syn_003655	0.0294354222715
synthetic_size_matched	synthetic	syn_003656	0.0092605073005
synthetic_size_matched	synthetic	syn_003657	0.00524726090953
synthetic_size_matched	synthetic	syn_003658	0.00679607503116
synthetic_size_matched	synthetic	syn_003659	0.0132059771568
synthetic_size_matched	synthetic	syn_003660	0.0122837647796
synthetic_size_matched	synthetic	syn_003661	0.00431219302118
synthetic_size_matched	synthetic	syn_003662	0.00887411832809
synthetic_size_matched	synthetic	syn_003663	0.00384960323572
synthetic_size_matched	synthetic	syn_003664	0.00556889967993
synthetic_size_matched	synthetic	syn_003665	0.00861357524991
synthetic_size_matched	synthetic	syn_003666	0.00925332587212
synthetic_size_matched	synthetic	syn_003667	0.0080694174394
synthetic_size_matched	synthetic	syn_003668	0.012060251087
synthetic_size_matched	synthetic	syn_003669	0.00556288706139
synthetic_size_matched	synthetic	syn_003670	0.00867114216089
synthetic_size_matched	synthetic	syn_003671	0.00691860029474
synthetic_size_matched	synthetic	syn_003672	0.00815420411527
synthetic_size_matched	synthetic	syn_003673	0.0156853944063
synthetic_size_matched	synthetic	syn_003674	0.00621021632105
synthetic_size_matched	synthetic	syn_003675	0.0065831867978
synthetic_size_matched	synthetic	syn_003676	0.00736776087433
synthetic_size_matched	synthetic	syn_003677	0.00932469498366
synthetic_size_matched	synthetic	syn_003678	0.00471220491454
synthetic_size_matched	synthetic	syn_003679	0.00438400730491
synthetic_size_matched	synthetic	syn_003680	0.00993582606316
synthetic_size_matched	synthetic	syn_003681	0.00602237135172
synthetic_size_matched	synthetic	syn_003682	0.00569941941649
synthetic_size_matched	synthetic	syn_003683	0.00514025241137
synthetic_size_matched	synthetic	syn_003684	0.013076543808
synthetic_size_matched	synthetic	syn_003685	0.0114652179182
synthetic_size_matched	synthetic	syn_003686	0.00881923921406
synthetic_size_matched	synthetic	syn_003687	0.00479517644271
synthetic_size_matched	synthetic	syn_003688	0.00595935247838
synthetic_size_matched	synthetic	syn_003689	0.00649359449744
synthetic_size_matched	synthetic	syn_003690	0.0059000775218
synthetic_size_matched	synthetic	syn_003691	0.00772058684379
synthetic_size_matched	synthetic	syn_003692	0.00790810026228
synthetic_size_matched	synthetic	syn_003693	0.00806288700551
synthetic_size_matched	synthetic	syn_003694	0.00756479334086
synthetic_size_matched	synthetic	syn_003695	0.00640135677531
synthetic_size_matched	synthetic	syn_003696	0.00517377536744
synthetic_size_matched	synthetic	syn_003697	0.00642246892676
synthetic_size_matched	synthetic	syn_003698	0.0104509405792
synthetic_size_matched	synthetic	syn_003699	0.00436566304415
synthetic_size_matched	synthetic	syn_003700	0.00799135304987
synthetic_size_matched	synthetic	syn_003701	0.0110547756776
synthetic_size_matched	synthetic	syn_003702	0.0102315004915
synthetic_size_matched	synthetic	syn_003703	0.0213700737804
synthetic_size_matched	synthetic	syn_003704	0.00318697327748
synthetic_size_matched	synthetic	syn_003705	0.00971873756498
synthetic_size_matched	synthetic	syn_003706	0.0133285066113
synthetic_size_matched	synthetic	syn_003707	0.0121972374618
synthetic_size_matched	synthetic	syn_003708	0.00958394631743
synthetic_size_matched	synthetic	syn_003709	0.00510704424232
synthetic_size_matched	synthetic	syn_003710	0.0109117776155
synthetic_size_matched	synthetic	syn_003711	0.0112299593166
synthetic_size_matched	synthetic	syn_003712	0.00373435416259
synthetic_size_matched	synthetic	syn_003713	0.00650985119864
synthetic_size_matched	synthetic	syn_003714	0.00875898078084
synthetic_size_matched	synthetic	syn_003715	0.00267491978593
synthetic_size_matched	synthetic	syn_003716	0.00625823484734
synthetic_size_matched	synthetic	syn_003717	0.00749210920185
synthetic_size_matched	synthetic	syn_003718	0.00678830081597
synthetic_size_matched	synthetic	syn_003719	0.00761790666729
synthetic_size_matched	synthetic	syn_003720	0.0043992032297
synthetic_size_matched	synthetic	syn_003721	0.013309346512
synthetic_size_matched	synthetic	syn_003722	0.00518830493093
synthetic_size_matched	synthetic	syn_003723	0.00636653415859
synthetic_size_matched	synthetic	syn_003724	0.00596671132371
synthetic_size_matched	synthetic	syn_003725	0.0078644938767
synthetic_size_matched	synthetic	syn_003726	0.0137438885868
synthetic_size_matched	synthetic	syn_003727	0.00600763130933
synthetic_size_matched	synthetic	syn_003728	0.00515823904425
synthetic_size_matched	synthetic	syn_003729	0.00453945761546
synthetic_size_matched	synthetic	syn_003730	0.00461227633059
synthetic_size_matched	synthetic	syn_003731	0.00823161751032
synthetic_size_matched	synthetic	syn_003732	0.00374464457855
synthetic_size_matched	synthetic	syn_003733	0.0105429235846
synthetic_size_matched	synthetic	syn_003734	0.00592281296849
synthetic_size_matched	synthetic	syn_003735	0.00777352973819
synthetic_size_matched	synthetic	syn_003736	0.00679362239316
synthetic_size_matched	synthetic	syn_003737	0.00811262428761
synthetic_size_matched	synthetic	syn_003738	0.00962912850082
synthetic_size_matched	synthetic	syn_003739	0.00707935728133
synthetic_size_matched	synthetic	syn_003740	0.0212765093893
synthetic_size_matched	synthetic	syn_003741	0.012520512566
synthetic_size_matched	synthetic	syn_003742	0.00837788358331
synthetic_size_matched	synthetic	syn_003743	0.00597329903394
synthetic_size_matched	synthetic	syn_003744	0.0121879391372
synthetic_size_matched	synthetic	syn_003745	0.0120628289878
synthetic_size_matched	synthetic	syn_003746	0.00935603864491
synthetic_size_matched	synthetic	syn_003747	0.00699199736118
synthetic_size_matched	synthetic	syn_003748	0.00591068528593
synthetic_size_matched	synthetic	syn_003749	0.0116938268766
synthetic_size_matched	synthetic	syn_003750	0.00696546398103
synthetic_size_matched	synthetic	syn_003751	0.0116720451042
synthetic_size_matched	synthetic	syn_003752	0.0072648525238
synthetic_size_matched	synthetic	syn_003753	0.00853232108057
synthetic_size_matched	synthetic	syn_003754	0.00805141963065
synthetic_size_matched	synthetic	syn_003755	0.00740462355316
synthetic_size_matched	synthetic	syn_003756	0.0343002155423
synthetic_size_matched	synthetic	syn_003757	0.0121376458555
synthetic_size_matched	synthetic	syn_003758	0.00752968201414
synthetic_size_matched	synthetic	syn_003759	0.0111803282052
synthetic_size_matched	synthetic	syn_003760	0.00497497525066
synthetic_size_matched	synthetic	syn_003761	0.00398690393195
synthetic_size_matched	synthetic	syn_003762	0.00921959616244
synthetic_size_matched	synthetic	syn_003763	0.00833151023835
synthetic_size_matched	synthetic	syn_003764	0.00712822470814
synthetic_size_matched	synthetic	syn_003765	0.0061554228887
synthetic_size_matched	synthetic	syn_003766	0.0105048697442
synthetic_size_matched	synthetic	syn_003767	0.00488212145865
synthetic_size_matched	synthetic	syn_003768	0.00459773186594
synthetic_size_matched	synthetic	syn_003769	0.00928086135536
synthetic_size_matched	synthetic	syn_003770	0.00920565892011
synthetic_size_matched	synthetic	syn_003771	0.00439164694399
synthetic_size_matched	synthetic	syn_003772	0.00933527108282
synthetic_size_matched	synthetic	syn_003773	0.00645798817277
synthetic_size_matched	synthetic	syn_003774	0.00947636179626
synthetic_size_matched	synthetic	syn_003775	0.00601169001311
synthetic_size_matched	synthetic	syn_003776	0.00782668683678
synthetic_size_matched	synthetic	syn_003777	0.0196721814573
synthetic_size_matched	synthetic	syn_003778	0.00637027714401
synthetic_size_matched	synthetic	syn_003779	0.00999531149864
synthetic_size_matched	synthetic	syn_003780	0.0110992919654
synthetic_size_matched	synthetic	syn_003781	0.00580707611516
synthetic_size_matched	synthetic	syn_003782	0.00513173639774
synthetic_size_matched	synthetic	syn_003783	0.00861669890583
synthetic_size_matched	synthetic	syn_003784	0.00789797771722
synthetic_size_matched	synthetic	syn_003785	0.00571008399129
synthetic_size_matched	synthetic	syn_003786	0.00723477639258
synthetic_size_matched	synthetic	syn_003787	0.00779217341915
synthetic_size_matched	synthetic	syn_003788	0.00609807018191
synthetic_size_matched	synthetic	syn_003789	0.00493684271351
synthetic_size_matched	synthetic	syn_003790	0.0127534996718
synthetic_size_matched	synthetic	syn_003791	0.0167127326131
synthetic_size_matched	synthetic	syn_003792	0.00547311082482
synthetic_size_matched	synthetic	syn_003793	0.0115628140047
synthetic_size_matched	synthetic	syn_003794	0.009356925264
synthetic_size_matched	synthetic	syn_003795	0.00582033861428
synthetic_size_matched	synthetic	syn_003796	0.00720469467342
synthetic_size_matched	synthetic	syn_003797	0.00613581901416
synthetic_size_matched	synthetic	syn_003798	0.00848169624805
synthetic_size_matched	synthetic	syn_003799	0.00658340938389
synthetic_size_matched	synthetic	syn_003800	0.00598791707307
synthetic_size_matched	synthetic	syn_003801	0.00921072345227
synthetic_size_matched	synthetic	syn_003802	0.00718262372538
synthetic_size_matched	synthetic	syn_003803	0.0120814032853
synthetic_size_matched	synthetic	syn_003804	0.0110869184136
synthetic_size_matched	synthetic	syn_003805	0.00821999274194
synthetic_size_matched	synthetic	syn_003806	0.00846240390092
synthetic_size_matched	synthetic	syn_003807	0.00433334335685
synthetic_size_matched	synthetic	syn_003808	0.00539170159027
synthetic_size_matched	synthetic	syn_003809	0.00585806323215
synthetic_size_matched	synthetic	syn_003810	0.00347261503339
synthetic_size_matched	synthetic	syn_003811	0.00647338945419
synthetic_size_matched	synthetic	syn_003812	0.0084233880043
synthetic_size_matched	synthetic	syn_003813	0.00934187974781
synthetic_size_matched	synthetic	syn_003814	0.013225119561
synthetic_size_matched	synthetic	syn_003815	0.00436156895012
synthetic_size_matched	synthetic	syn_003816	0.00399477127939
synthetic_size_matched	synthetic	syn_003817	0.00654716324061
synthetic_size_matched	synthetic	syn_003818	0.00483490619808
synthetic_size_matched	synthetic	syn_003819	0.0049049668014
synthetic_size_matched	synthetic	syn_003820	0.00496119633317
synthetic_size_matched	synthetic	syn_003821	0.00773857440799
synthetic_size_matched	synthetic	syn_003822	0.00541096739471
synthetic_size_matched	synthetic	syn_003823	0.00610109511763
synthetic_size_matched	synthetic	syn_003824	0.00997216999531
synthetic_size_matched	synthetic	syn_003825	0.00598958646879
synthetic_size_matched	synthetic	syn_003826	0.0102180503309
synthetic_size_matched	synthetic	syn_003827	0.0067458068952
synthetic_size_matched	synthetic	syn_003828	0.00958576332778
synthetic_size_matched	synthetic	syn_003829	0.00530353654176
synthetic_size_matched	synthetic	syn_003830	0.013037209399
synthetic_size_matched	synthetic	syn_003831	0.00666790641844
synthetic_size_matched	synthetic	syn_003832	0.00665272120386
synthetic_size_matched	synthetic	syn_003833	0.00667137652636
synthetic_size_matched	synthetic	syn_003834	0.00897706020623
synthetic_size_matched	synthetic	syn_003835	0.00651092454791
synthetic_size_matched	synthetic	syn_003836	0.00535696186125
synthetic_size_matched	synthetic	syn_003838	0.00750562362373
synthetic_size_matched	synthetic	syn_003839	0.00647902023047
synthetic_size_matched	synthetic	syn_003840	0.0101579930633
synthetic_size_matched	synthetic	syn_003841	0.0229254439473
synthetic_size_matched	synthetic	syn_003842	0.00867730565369
synthetic_size_matched	synthetic	syn_003843	0.00764503981918
synthetic_size_matched	synthetic	syn_003844	0.00952707789838
synthetic_size_matched	synthetic	syn_003845	0.00787158776075
synthetic_size_matched	synthetic	syn_003846	0.00667186081409
synthetic_size_matched	synthetic	syn_003847	0.00904313661158
synthetic_size_matched	synthetic	syn_003848	0.0059229475446
synthetic_size_matched	synthetic	syn_003849	0.00789049081504
synthetic_size_matched	synthetic	syn_003850	0.00418053148314
synthetic_size_matched	synthetic	syn_003851	0.00583134870976
synthetic_size_matched	synthetic	syn_003852	0.0179460998625
synthetic_size_matched	synthetic	syn_003853	0.0101030804217
synthetic_size_matched	synthetic	syn_003854	0.0225408226252
synthetic_size_matched	synthetic	syn_003855	0.00904582627118
synthetic_size_matched	synthetic	syn_003856	0.00472690584138
synthetic_size_matched	synthetic	syn_003857	0.0116309504956
synthetic_size_matched	synthetic	syn_003858	0.0067173121497
synthetic_size_matched	synthetic	syn_003859	0.00585123663768
synthetic_size_matched	synthetic	syn_003860	0.0111311860383
synthetic_size_matched	synthetic	syn_003861	0.00936536490917
synthetic_size_matched	synthetic	syn_003862	0.00469403155148
synthetic_size_matched	synthetic	syn_003863	0.00615778192878
synthetic_size_matched	synthetic	syn_003864	0.00782746635377
synthetic_size_matched	synthetic	syn_003865	0.00509917456657
synthetic_size_matched	synthetic	syn_003866	0.00538886152208
synthetic_size_matched	synthetic	syn_003867	0.00892724096775
synthetic_size_matched	synthetic	syn_003868	0.00637187855318
synthetic_size_matched	synthetic	syn_003869	0.00871560163796
synthetic_size_matched	synthetic	syn_003870	0.00727518089116
synthetic_size_matched	synthetic	syn_003871	0.0070678931661
synthetic_size_matched	synthetic	syn_003872	0.00737432017922
synthetic_size_matched	synthetic	syn_003873	0.00949034653604
synthetic_size_matched	synthetic	syn_003874	0.00434866128489
synthetic_size_matched	synthetic	syn_003875	0.00622563483194
synthetic_size_matched	synthetic	syn_003876	0.0122044598684
synthetic_size_matched	synthetic	syn_003877	0.00573645718396
synthetic_size_matched	synthetic	syn_003878	0.00601133657619
synthetic_size_matched	synthetic	syn_003879	0.00904730334878
synthetic_size_matched	synthetic	syn_003880	0.00846588145941
synthetic_size_matched	synthetic	syn_003881	0.00950457621366
synthetic_size_matched	synthetic	syn_003882	0.00941622257233
synthetic_size_matched	synthetic	syn_003883	0.00649882294238
synthetic_size_matched	synthetic	syn_003884	0.00978451408446
synthetic_size_matched	synthetic	syn_003885	0.0129221118987
synthetic_size_matched	synthetic	syn_003886	0.00698540220037
synthetic_size_matched	synthetic	syn_003887	0.0040055802092
synthetic_size_matched	synthetic	syn_003888	0.00900204107165
synthetic_size_matched	synthetic	syn_003889	0.019920386374
synthetic_size_matched	synthetic	syn_003890	0.00932360999286
synthetic_size_matched	synthetic	syn_003891	0.00598764419556
synthetic_size_matched	synthetic	syn_003892	0.00728745479137
synthetic_size_matched	synthetic	syn_003893	0.0118717169389
synthetic_size_matched	synthetic	syn_003894	0.0103892497718
synthetic_size_matched	synthetic	syn_003895	0.0165987145156
synthetic_size_matched	synthetic	syn_003896	0.00473953317851
synthetic_size_matched	synthetic	syn_003897	0.00702120224014
synthetic_size_matched	synthetic	syn_003898	0.0129315834492
synthetic_size_matched	synthetic	syn_003899	0.0194822400808
synthetic_size_matched	synthetic	syn_003900	0.00583202764392
synthetic_size_matched	synthetic	syn_003901	0.00651689898223
synthetic_size_matched	synthetic	syn_003902	0.00518443994224
synthetic_size_matched	synthetic	syn_003903	0.00816564634442
synthetic_size_matched	synthetic	syn_003904	0.00480488222092
synthetic_size_matched	synthetic	syn_003905	0.00780335254967
synthetic_size_matched	synthetic	syn_003906	0.0050894068554
synthetic_size_matched	synthetic	syn_003907	0.00631450396031
synthetic_size_matched	synthetic	syn_003908	0.00652140472084
synthetic_size_matched	synthetic	syn_003909	0.00393045274541
synthetic_size_matched	synthetic	syn_003910	0.00774509087205
synthetic_size_matched	synthetic	syn_003911	0.00598808284849
synthetic_size_matched	synthetic	syn_003912	0.00867353845388
synthetic_size_matched	synthetic	syn_003913	0.0123254442587
synthetic_size_matched	synthetic	syn_003914	0.00828578602523
synthetic_size_matched	synthetic	syn_003915	0.00824569165707
synthetic_size_matched	synthetic	syn_003916	0.00624119583517
synthetic_size_matched	synthetic	syn_003917	0.0102989673615
synthetic_size_matched	synthetic	syn_003918	0.00546070653945
synthetic_size_matched	synthetic	syn_003919	0.0064284154214
synthetic_size_matched	synthetic	syn_003920	0.00824215263128
synthetic_size_matched	synthetic	syn_003921	0.0127057963982
synthetic_size_matched	synthetic	syn_003922	0.00784920714796
synthetic_size_matched	synthetic	syn_003923	0.00940396636724
synthetic_size_matched	synthetic	syn_003924	0.00795083586127
synthetic_size_matched	synthetic	syn_003925	0.00502355024219
synthetic_size_matched	synthetic	syn_003926	0.00474456511438
synthetic_size_matched	synthetic	syn_003927	0.00910740345716
synthetic_size_matched	synthetic	syn_003928	0.00826378632337
synthetic_size_matched	synthetic	syn_003929	0.0145099582151
synthetic_size_matched	synthetic	syn_003930	0.020605687052
synthetic_size_matched	synthetic	syn_003931	0.00580704398453
synthetic_size_matched	synthetic	syn_003932	0.00392063520849
synthetic_size_matched	synthetic	syn_003933	0.00643812865019
synthetic_size_matched	synthetic	syn_003934	0.0061451816
synthetic_size_matched	synthetic	syn_003935	0.0104059334844
synthetic_size_matched	synthetic	syn_003936	0.00693392986432
synthetic_size_matched	synthetic	syn_003937	0.00765316747129
synthetic_size_matched	synthetic	syn_003938	0.00392917077988
synthetic_size_matched	synthetic	syn_003939	0.00475077610463
synthetic_size_matched	synthetic	syn_003940	0.00481106340885
synthetic_size_matched	synthetic	syn_003941	0.0115756522864
synthetic_size_matched	synthetic	syn_003942	0.00711621018127
synthetic_size_matched	synthetic	syn_003943	0.00761534553021
synthetic_size_matched	synthetic	syn_003944	0.00689220335335
synthetic_size_matched	synthetic	syn_003945	0.00730976928025
synthetic_size_matched	synthetic	syn_003946	0.00718576041982
synthetic_size_matched	synthetic	syn_003947	0.00504906242713
synthetic_size_matched	synthetic	syn_003948	0.00785505305976
synthetic_size_matched	synthetic	syn_003949	0.00883678719401
synthetic_size_matched	synthetic	syn_003950	0.00732442224398
synthetic_size_matched	synthetic	syn_003951	0.0054867984727
synthetic_size_matched	synthetic	syn_003952	0.00878065265715
synthetic_size_matched	synthetic	syn_003953	0.00978357158601
synthetic_size_matched	synthetic	syn_003954	0.0100283175707
synthetic_size_matched	synthetic	syn_003955	0.00797614082694
synthetic_size_matched	synthetic	syn_003956	0.00370233738795
synthetic_size_matched	synthetic	syn_003957	0.0083984984085
synthetic_size_matched	synthetic	syn_003958	0.00691009638831
synthetic_size_matched	synthetic	syn_003959	0.00539465341717
synthetic_size_matched	synthetic	syn_003960	0.00528733897954
synthetic_size_matched	synthetic	syn_003961	0.00718585634604
synthetic_size_matched	synthetic	syn_003962	0.00724608916789
synthetic_size_matched	synthetic	syn_003963	0.0108572961763
synthetic_size_matched	synthetic	syn_003964	0.0151807684451
synthetic_size_matched	synthetic	syn_003965	0.00537245254964
synthetic_size_matched	synthetic	syn_003966	0.0155591713265
synthetic_size_matched	synthetic	syn_003967	0.00899938028306
synthetic_size_matched	synthetic	syn_003968	0.00807271711528
synthetic_size_matched	synthetic	syn_003969	0.00621048454195
synthetic_size_matched	synthetic	syn_003970	0.0185243170708
synthetic_size_matched	synthetic	syn_003971	0.00801950879395
synthetic_size_matched	synthetic	syn_003972	0.00764520093799
synthetic_size_matched	synthetic	syn_003973	0.0153031311929
synthetic_size_matched	synthetic	syn_003974	0.00538578163832
synthetic_size_matched	synthetic	syn_003975	0.00988527294248
synthetic_size_matched	synthetic	syn_003976	0.00505785550922
synthetic_size_matched	synthetic	syn_003977	0.00985207501799
synthetic_size_matched	synthetic	syn_003978	0.00523034203798
synthetic_size_matched	synthetic	syn_003979	0.00579775311053
synthetic_size_matched	synthetic	syn_003980	0.00428345054388
synthetic_size_matched	synthetic	syn_003981	0.00799920409918
synthetic_size_matched	synthetic	syn_003982	0.00732273841277
synthetic_size_matched	synthetic	syn_003983	0.00854494702071
synthetic_size_matched	synthetic	syn_003984	0.00607250723988
synthetic_size_matched	synthetic	syn_003985	0.00571673177183
synthetic_size_matched	synthetic	syn_003986	0.00656911265105
synthetic_size_matched	synthetic	syn_003987	0.00964091159403
synthetic_size_matched	synthetic	syn_003988	0.0327379219234
synthetic_size_matched	synthetic	syn_003989	0.00888294447213
synthetic_size_matched	synthetic	syn_003990	0.0136363934726
synthetic_size_matched	synthetic	syn_003991	0.00859099626541
synthetic_size_matched	synthetic	syn_003992	0.00399455195293
synthetic_size_matched	synthetic	syn_003993	0.00849705096334
synthetic_size_matched	synthetic	syn_003994	0.00365043757483
synthetic_size_matched	synthetic	syn_003995	0.00686999969184
synthetic_size_matched	synthetic	syn_003996	0.010878553614
synthetic_size_matched	synthetic	syn_003997	0.00612972024828
synthetic_size_matched	synthetic	syn_003998	0.0118068195879
synthetic_size_matched	synthetic	syn_003999	0.00402943091467
synthetic_size_matched	synthetic	syn_004000	0.00746998377144
synthetic_size_matched	synthetic	syn_004001	0.00644960161299
synthetic_size_matched	synthetic	syn_004002	0.0087395273149
synthetic_size_matched	synthetic	syn_004003	0.00645740842447
synthetic_size_matched	synthetic	syn_004004	0.0115559902042
synthetic_size_matched	synthetic	syn_004005	0.00495482515544
synthetic_size_matched	synthetic	syn_004006	0.00377600104548
synthetic_size_matched	synthetic	syn_004007	0.0148726338521
synthetic_size_matched	synthetic	syn_004008	0.00923389941454
synthetic_size_matched	synthetic	syn_004009	0.00691183190793
synthetic_size_matched	synthetic	syn_004010	0.00916411355138
synthetic_size_matched	synthetic	syn_004011	0.0098777897656
synthetic_size_matched	synthetic	syn_004012	0.00429754750803
synthetic_size_matched	synthetic	syn_004013	0.00577089563012
synthetic_size_matched	synthetic	syn_004014	0.00576409790665
synthetic_size_matched	synthetic	syn_004015	0.00832793302834
synthetic_size_matched	synthetic	syn_004016	0.00982426665723
synthetic_size_matched	synthetic	syn_004017	0.00390413985588
synthetic_size_matched	synthetic	syn_004018	0.00463387090713
synthetic_size_matched	synthetic	syn_004019	0.00836311466992
synthetic_size_matched	synthetic	syn_004020	0.0100660407916
synthetic_size_matched	synthetic	syn_004021	0.00630809366703
synthetic_size_matched	synthetic	syn_004022	0.0083162849769
synthetic_size_matched	synthetic	syn_004023	0.00735509209335
synthetic_size_matched	synthetic	syn_004024	0.011305199936
synthetic_size_matched	synthetic	syn_004025	0.0107852574438
synthetic_size_matched	synthetic	syn_004026	0.00541924871504
synthetic_size_matched	synthetic	syn_004027	0.0108438245952
synthetic_size_matched	synthetic	syn_004028	0.00680052116513
synthetic_size_matched	synthetic	syn_004029	0.00799538195133
synthetic_size_matched	synthetic	syn_004030	0.00524590723217
synthetic_size_matched	synthetic	syn_004031	0.00762134511024
synthetic_size_matched	synthetic	syn_004032	0.0162040553987
synthetic_size_matched	synthetic	syn_004033	0.00719327386469
synthetic_size_matched	synthetic	syn_004034	0.00669690780342
synthetic_size_matched	synthetic	syn_004035	0.0109241846949
synthetic_size_matched	synthetic	syn_004036	0.00475216703489
synthetic_size_matched	synthetic	syn_004037	0.00488064810634
synthetic_size_matched	synthetic	syn_004038	0.00679260445759
synthetic_size_matched	synthetic	syn_004039	0.00687915133312
synthetic_size_matched	synthetic	syn_004040	0.00692741805688
synthetic_size_matched	synthetic	syn_004041	0.0129304239526
synthetic_size_matched	synthetic	syn_004042	0.00479267397895
synthetic_size_matched	synthetic	syn_004043	0.00338557036594
synthetic_size_matched	synthetic	syn_004044	0.00414318777621
synthetic_size_matched	synthetic	syn_004045	0.00613915733993
synthetic_size_matched	synthetic	syn_004046	0.00823662057519
synthetic_size_matched	synthetic	syn_004047	0.00745102204382
synthetic_size_matched	synthetic	syn_004048	0.00767326261848
synthetic_size_matched	synthetic	syn_004049	0.0142123196274
synthetic_size_matched	synthetic	syn_004050	0.00816500000656
synthetic_size_matched	synthetic	syn_004051	0.00739034311846
synthetic_size_matched	synthetic	syn_004052	0.00814878754318
synthetic_size_matched	synthetic	syn_004053	0.00786704290658
synthetic_size_matched	synthetic	syn_004054	0.00639486033469
synthetic_size_matched	synthetic	syn_004055	0.0151294050738
synthetic_size_matched	synthetic	syn_004056	0.00761838955805
synthetic_size_matched	synthetic	syn_004057	0.00890430063009
synthetic_size_matched	synthetic	syn_004058	0.00307017238811
synthetic_size_matched	synthetic	syn_004059	0.00828138180077
synthetic_size_matched	synthetic	syn_004060	0.0101994741708
synthetic_size_matched	synthetic	syn_004061	0.00663097994402
synthetic_size_matched	synthetic	syn_004062	0.00485013984144
synthetic_size_matched	synthetic	syn_004063	0.00656369840726
synthetic_size_matched	synthetic	syn_004064	0.0100232269615
synthetic_size_matched	synthetic	syn_004065	0.00887246988714
synthetic_size_matched	synthetic	syn_004066	0.0125015024096
synthetic_size_matched	synthetic	syn_004067	0.0118613028899
synthetic_size_matched	synthetic	syn_004068	0.0068322843872
synthetic_size_matched	synthetic	syn_004069	0.0206526592374
synthetic_size_matched	synthetic	syn_004070	0.00685899425298
synthetic_size_matched	synthetic	syn_004071	0.00533466227353
synthetic_size_matched	synthetic	syn_004072	0.0151826608926
synthetic_size_matched	synthetic	syn_004073	0.00588675122708
synthetic_size_matched	synthetic	syn_004074	0.00832192134112
synthetic_size_matched	synthetic	syn_004075	0.00493136048317
synthetic_size_matched	synthetic	syn_004076	0.0088009852916
synthetic_size_matched	synthetic	syn_004077	0.00918477214873
synthetic_size_matched	synthetic	syn_004078	0.00489900074899
synthetic_size_matched	synthetic	syn_004079	0.0192808955908
synthetic_size_matched	synthetic	syn_004080	0.00851589534432
synthetic_size_matched	synthetic	syn_004081	0.00492488453165
synthetic_size_matched	synthetic	syn_004082	0.0133961886168
synthetic_size_matched	synthetic	syn_004083	0.00820811651647
synthetic_size_matched	synthetic	syn_004084	0.0128717757761
synthetic_size_matched	synthetic	syn_004085	0.00480181025341
synthetic_size_matched	synthetic	syn_004086	0.00991107523441
synthetic_size_matched	synthetic	syn_004087	0.00435105385259
synthetic_size_matched	synthetic	syn_004088	0.00407174322754
synthetic_size_matched	synthetic	syn_004089	0.00710886018351
synthetic_size_matched	synthetic	syn_004090	0.00569254998118
synthetic_size_matched	synthetic	syn_004091	0.00493654701859
synthetic_size_matched	synthetic	syn_004092	0.0084617882967
synthetic_size_matched	synthetic	syn_004093	0.0107808820903
synthetic_size_matched	synthetic	syn_004094	0.00748053472489
synthetic_size_matched	synthetic	syn_004095	0.0045728306286
synthetic_size_matched	synthetic	syn_004096	0.00804719887674
synthetic_size_matched	synthetic	syn_004097	0.00429198890924
synthetic_size_matched	synthetic	syn_004098	0.0066413320601
synthetic_size_matched	synthetic	syn_004099	0.00745046138763
synthetic_size_matched	synthetic	syn_004100	0.00711455661803
synthetic_size_matched	synthetic	syn_004101	0.00648483494297
synthetic_size_matched	synthetic	syn_004102	0.00952828675508
synthetic_size_matched	synthetic	syn_004103	0.0104490602389
synthetic_size_matched	synthetic	syn_004104	0.00906630046666
synthetic_size_matched	synthetic	syn_004105	0.0109783448279
synthetic_size_matched	synthetic	syn_004106	0.00816495995969
synthetic_size_matched	synthetic	syn_004107	0.0118583347648
synthetic_size_matched	synthetic	syn_004108	0.0145420907065
synthetic_size_matched	synthetic	syn_004109	0.00462688319385
synthetic_size_matched	synthetic	syn_004110	0.00716657703742
synthetic_size_matched	synthetic	syn_004111	0.00802948884666
synthetic_size_matched	synthetic	syn_004112	0.00959936156869
synthetic_size_matched	synthetic	syn_004113	0.00511728739366
synthetic_size_matched	synthetic	syn_004114	0.0097419815138
synthetic_size_matched	synthetic	syn_004115	0.00840169657022
synthetic_size_matched	synthetic	syn_004116	0.00455835135654
synthetic_size_matched	synthetic	syn_004117	0.00746070034802
synthetic_size_matched	synthetic	syn_004118	0.00354860303923
synthetic_size_matched	synthetic	syn_004119	0.00752388965338
synthetic_size_matched	synthetic	syn_004120	0.00880669243634
synthetic_size_matched	synthetic	syn_004121	0.00502473115921
synthetic_size_matched	synthetic	syn_004122	0.00863889418542
synthetic_size_matched	synthetic	syn_004123	0.0063081048429
synthetic_size_matched	synthetic	syn_004124	0.0115922838449
synthetic_size_matched	synthetic	syn_004125	0.00471604894847
synthetic_size_matched	synthetic	syn_004126	0.0103920474648
synthetic_size_matched	synthetic	syn_004127	0.00524762552232
synthetic_size_matched	synthetic	syn_004128	0.00766436848789
synthetic_size_matched	synthetic	syn_004129	0.00816007144749
synthetic_size_matched	synthetic	syn_004130	0.0119897071272
synthetic_size_matched	synthetic	syn_004131	0.00816129334271
synthetic_size_matched	synthetic	syn_004132	0.00638953596354
synthetic_size_matched	synthetic	syn_004133	0.0049574514851
synthetic_size_matched	synthetic	syn_004134	0.00617515901104
synthetic_size_matched	synthetic	syn_004135	0.00676137581468
synthetic_size_matched	synthetic	syn_004136	0.00635990314186
synthetic_size_matched	synthetic	syn_004137	0.0105355866253
synthetic_size_matched	synthetic	syn_004138	0.00616429466754
synthetic_size_matched	synthetic	syn_004139	0.00436089094728
synthetic_size_matched	synthetic	syn_004140	0.00853813253343
synthetic_size_matched	synthetic	syn_004141	0.00570506509393
synthetic_size_matched	synthetic	syn_004142	0.00562436878681
synthetic_size_matched	synthetic	syn_004143	0.00501966848969
synthetic_size_matched	synthetic	syn_004144	0.00815017521381
synthetic_size_matched	synthetic	syn_004145	0.00402956828475
synthetic_size_matched	synthetic	syn_004146	0.00585287902504
synthetic_size_matched	synthetic	syn_004147	0.00695551699027
synthetic_size_matched	synthetic	syn_004148	0.00944550149143
synthetic_size_matched	synthetic	syn_004149	0.00798645149916
synthetic_size_matched	synthetic	syn_004150	0.00837293453515
synthetic_size_matched	synthetic	syn_004151	0.00869411043823
synthetic_size_matched	synthetic	syn_004152	0.00672691129148
synthetic_size_matched	synthetic	syn_004153	0.00547225493938
synthetic_size_matched	synthetic	syn_004154	0.0069325552322
synthetic_size_matched	synthetic	syn_004155	0.00546543393284
synthetic_size_matched	synthetic	syn_004156	0.0325339138508
synthetic_size_matched	synthetic	syn_004157	0.0157367624342
synthetic_size_matched	synthetic	syn_004158	0.0118754841387
synthetic_size_matched	synthetic	syn_004159	0.00884279794991
synthetic_size_matched	synthetic	syn_004160	0.00642678234726
synthetic_size_matched	synthetic	syn_004161	0.00724693853408
synthetic_size_matched	synthetic	syn_004162	0.00752324191853
synthetic_size_matched	synthetic	syn_004163	0.00491836387664
synthetic_size_matched	synthetic	syn_004164	0.0185349322855
synthetic_size_matched	synthetic	syn_004165	0.00918011367321
synthetic_size_matched	synthetic	syn_004166	0.00439522694796
synthetic_size_matched	synthetic	syn_004167	0.00847237743437
synthetic_size_matched	synthetic	syn_004168	0.00670052692294
synthetic_size_matched	synthetic	syn_004169	0.00701621593907
synthetic_size_matched	synthetic	syn_004170	0.00768177956343
synthetic_size_matched	synthetic	syn_004171	0.0105754416436
synthetic_size_matched	synthetic	syn_004172	0.00415284233168
synthetic_size_matched	synthetic	syn_004173	0.00639348104596
synthetic_size_matched	synthetic	syn_004174	0.0118557531387
synthetic_size_matched	synthetic	syn_004175	0.00596778048202
synthetic_size_matched	synthetic	syn_004176	0.00984496530145
synthetic_size_matched	synthetic	syn_004177	0.00975964777172
synthetic_size_matched	synthetic	syn_004178	0.00700366031379
synthetic_size_matched	synthetic	syn_004179	0.00446819420904
synthetic_size_matched	synthetic	syn_004180	0.00655856449157
synthetic_size_matched	synthetic	syn_004181	0.00571166770533
synthetic_size_matched	synthetic	syn_004182	0.00506352307275
synthetic_size_matched	synthetic	syn_004183	0.00469743367285
synthetic_size_matched	synthetic	syn_004184	0.00964894331992
synthetic_size_matched	synthetic	syn_004185	0.0118853971362
synthetic_size_matched	synthetic	syn_004186	0.0125784184784
synthetic_size_matched	synthetic	syn_004187	0.00298233423382
synthetic_size_matched	synthetic	syn_004188	0.00570886302739
synthetic_size_matched	synthetic	syn_004189	0.00821288488805
synthetic_size_matched	synthetic	syn_004190	0.00449754111469
synthetic_size_matched	synthetic	syn_004191	0.0101145440713
synthetic_size_matched	synthetic	syn_004192	0.00645159883425
synthetic_size_matched	synthetic	syn_004193	0.0110324341804
synthetic_size_matched	synthetic	syn_004194	0.00804201513529
synthetic_size_matched	synthetic	syn_004195	0.00572716537863
synthetic_size_matched	synthetic	syn_004196	0.0117740267888
synthetic_size_matched	synthetic	syn_004197	0.0115226628259
synthetic_size_matched	synthetic	syn_004198	0.0106317512691
synthetic_size_matched	synthetic	syn_004199	0.00567096937448
synthetic_size_matched	synthetic	syn_004200	0.0089115742594
synthetic_size_matched	synthetic	syn_004201	0.00636791670695
synthetic_size_matched	synthetic	syn_004202	0.00611021742225
synthetic_size_matched	synthetic	syn_004203	0.00624177232385
synthetic_size_matched	synthetic	syn_004204	0.00997852627188
synthetic_size_matched	synthetic	syn_004205	0.00468920404091
synthetic_size_matched	synthetic	syn_004206	0.00781541783363
synthetic_size_matched	synthetic	syn_004207	0.00498394295573
synthetic_size_matched	synthetic	syn_004208	0.00405895477161
synthetic_size_matched	synthetic	syn_004209	0.0062300786376
synthetic_size_matched	synthetic	syn_004210	0.00618381798267
synthetic_size_matched	synthetic	syn_004211	0.0152398934588
synthetic_size_matched	synthetic	syn_004212	0.00662501296028
synthetic_size_matched	synthetic	syn_004213	0.0140121532604
synthetic_size_matched	synthetic	syn_004214	0.00568207819015
synthetic_size_matched	synthetic	syn_004215	0.00798264704645
synthetic_size_matched	synthetic	syn_004216	0.00502255372703
synthetic_size_matched	synthetic	syn_004217	0.00475099496543
synthetic_size_matched	synthetic	syn_004218	0.00612303800881
synthetic_size_matched	synthetic	syn_004219	0.00430477410555
synthetic_size_matched	synthetic	syn_004220	0.00693263672292
synthetic_size_matched	synthetic	syn_004221	0.00413144286722
synthetic_size_matched	synthetic	syn_004222	0.0106982849538
synthetic_size_matched	synthetic	syn_004223	0.00871055386961
synthetic_size_matched	synthetic	syn_004224	0.00650880904868
synthetic_size_matched	synthetic	syn_004225	0.0147195979953
synthetic_size_matched	synthetic	syn_004226	0.00904334802181
synthetic_size_matched	synthetic	syn_004227	0.00611930014566
synthetic_size_matched	synthetic	syn_004228	0.00344956060871
synthetic_size_matched	synthetic	syn_004229	0.0171777717769
synthetic_size_matched	synthetic	syn_004230	0.00674587767571
synthetic_size_matched	synthetic	syn_004231	0.00958569534123
synthetic_size_matched	synthetic	syn_004232	0.00757252657786
synthetic_size_matched	synthetic	syn_004233	0.00850279256701
synthetic_size_matched	synthetic	syn_004234	0.00839233584702
synthetic_size_matched	synthetic	syn_004235	0.00347034726292
synthetic_size_matched	synthetic	syn_004236	0.010589373298
synthetic_size_matched	synthetic	syn_004237	0.0123812183738
synthetic_size_matched	synthetic	syn_004238	0.00399454496801
synthetic_size_matched	synthetic	syn_004239	0.0161591619253
synthetic_size_matched	synthetic	syn_004240	0.010606745258
synthetic_size_matched	synthetic	syn_004241	0.00835874117911
synthetic_size_matched	synthetic	syn_004242	0.00908934604377
synthetic_size_matched	synthetic	syn_004243	0.00848623085767
synthetic_size_matched	synthetic	syn_004244	0.00906356330961
synthetic_size_matched	synthetic	syn_004245	0.0107759740204
synthetic_size_matched	synthetic	syn_004246	0.00435499846935
synthetic_size_matched	synthetic	syn_004247	0.00974911265075
synthetic_size_matched	synthetic	syn_004248	0.00656325230375
synthetic_size_matched	synthetic	syn_004249	0.00483763404191
synthetic_size_matched	synthetic	syn_004250	0.00711744930595
synthetic_size_matched	synthetic	syn_004251	0.00609126500785
synthetic_size_matched	synthetic	syn_004252	0.00577346608043
synthetic_size_matched	synthetic	syn_004253	0.00530024804175
synthetic_size_matched	synthetic	syn_004254	0.00615409435704
synthetic_size_matched	synthetic	syn_004255	0.0100718960166
synthetic_size_matched	synthetic	syn_004256	0.0116870123893
synthetic_size_matched	synthetic	syn_004257	0.00703478325158
synthetic_size_matched	synthetic	syn_004258	0.00642786920071
synthetic_size_matched	synthetic	syn_004259	0.0102362446487
synthetic_size_matched	synthetic	syn_004260	0.00723276427016
synthetic_size_matched	synthetic	syn_004261	0.00714989518747
synthetic_size_matched	synthetic	syn_004262	0.00502890534699
synthetic_size_matched	synthetic	syn_004263	0.00848258845508
synthetic_size_matched	synthetic	syn_004264	0.00519270077348
synthetic_size_matched	synthetic	syn_004265	0.00587856164202
synthetic_size_matched	synthetic	syn_004266	0.00543869286776
synthetic_size_matched	synthetic	syn_004267	0.00550376623869
synthetic_size_matched	synthetic	syn_004268	0.0074916947633
synthetic_size_matched	synthetic	syn_004269	0.00728553812951
synthetic_size_matched	synthetic	syn_004270	0.00696489308029
synthetic_size_matched	synthetic	syn_004271	0.00692894030362
synthetic_size_matched	synthetic	syn_004272	0.00421258667484
synthetic_size_matched	synthetic	syn_004273	0.013810519129
synthetic_size_matched	synthetic	syn_004274	0.00699299480766
synthetic_size_matched	synthetic	syn_004275	0.00617813225836
synthetic_size_matched	synthetic	syn_004276	0.0077746976167
synthetic_size_matched	synthetic	syn_004277	0.00570439826697
synthetic_size_matched	synthetic	syn_004278	0.00479776971042
synthetic_size_matched	synthetic	syn_004279	0.00416339281946
synthetic_size_matched	synthetic	syn_004280	0.0051331082359
synthetic_size_matched	synthetic	syn_004281	0.0111573887989
synthetic_size_matched	synthetic	syn_004282	0.00606145570055
synthetic_size_matched	synthetic	syn_004283	0.0121650137007
synthetic_size_matched	synthetic	syn_004284	0.00565366912633
synthetic_size_matched	synthetic	syn_004285	0.00920507870615
synthetic_size_matched	synthetic	syn_004286	0.00931596849114
synthetic_size_matched	synthetic	syn_004287	0.00547650177032
synthetic_size_matched	synthetic	syn_004288	0.00512380246073
synthetic_size_matched	synthetic	syn_004289	0.00809813477099
synthetic_size_matched	synthetic	syn_004290	0.00884719844908
synthetic_size_matched	synthetic	syn_004291	0.00743343308568
synthetic_size_matched	synthetic	syn_004292	0.0109676402062
synthetic_size_matched	synthetic	syn_004293	0.00730461906642
synthetic_size_matched	synthetic	syn_004294	0.00903939642012
synthetic_size_matched	synthetic	syn_004295	0.0102388085797
synthetic_size_matched	synthetic	syn_004296	0.0131241278723
synthetic_size_matched	synthetic	syn_004297	0.00975593179464
synthetic_size_matched	synthetic	syn_004298	0.00575436465442
synthetic_size_matched	synthetic	syn_004299	0.0074042417109
synthetic_size_matched	synthetic	syn_004300	0.0127699663863
synthetic_size_matched	synthetic	syn_004301	0.0142241958529
synthetic_size_matched	synthetic	syn_004302	0.0072079366073
synthetic_size_matched	synthetic	syn_004303	0.00428491691127
synthetic_size_matched	synthetic	syn_004304	0.00533236935735
synthetic_size_matched	synthetic	syn_004305	0.00476732151583
synthetic_size_matched	synthetic	syn_004306	0.00473508611321
synthetic_size_matched	synthetic	syn_004307	0.0127331158146
synthetic_size_matched	synthetic	syn_004308	0.014850593172
synthetic_size_matched	synthetic	syn_004309	0.00564301759005
synthetic_size_matched	synthetic	syn_004310	0.0112013937905
synthetic_size_matched	synthetic	syn_004311	0.00649159634486
synthetic_size_matched	synthetic	syn_004312	0.00902581214905
synthetic_size_matched	synthetic	syn_004313	0.0117898471653
synthetic_size_matched	synthetic	syn_004314	0.00617782399058
synthetic_size_matched	synthetic	syn_004315	0.00991103425622
synthetic_size_matched	synthetic	syn_004316	0.00659655965865
synthetic_size_matched	synthetic	syn_004317	0.0104303192347
synthetic_size_matched	synthetic	syn_004318	0.00654355576262
synthetic_size_matched	synthetic	syn_004319	0.00671387277544
synthetic_size_matched	synthetic	syn_004320	0.00714998971671
synthetic_size_matched	synthetic	syn_004321	0.0174900274724
synthetic_size_matched	synthetic	syn_004322	0.0107019077986
synthetic_size_matched	synthetic	syn_004323	0.00595332076773
synthetic_size_matched	synthetic	syn_004324	0.00723839923739
synthetic_size_matched	synthetic	syn_004325	0.00429855100811
synthetic_size_matched	synthetic	syn_004326	0.00670353416353
synthetic_size_matched	synthetic	syn_004327	0.0120589714497
synthetic_size_matched	synthetic	syn_004328	0.00476539740339
synthetic_size_matched	synthetic	syn_004329	0.0255469530821
synthetic_size_matched	synthetic	syn_004330	0.00770895415917
synthetic_size_matched	synthetic	syn_004331	0.01056830585
synthetic_size_matched	synthetic	syn_004332	0.00318282283843
synthetic_size_matched	synthetic	syn_004333	0.00694246217608
synthetic_size_matched	synthetic	syn_004334	0.00941888894886
synthetic_size_matched	synthetic	syn_004335	0.00918701570481
synthetic_size_matched	synthetic	syn_004336	0.00731918681413
synthetic_size_matched	synthetic	syn_004337	0.00524526741356
synthetic_size_matched	synthetic	syn_004338	0.00989132281393
synthetic_size_matched	synthetic	syn_004339	0.013162843883
synthetic_size_matched	synthetic	syn_004340	0.00607590330765
synthetic_size_matched	synthetic	syn_004341	0.00478842761368
synthetic_size_matched	synthetic	syn_004342	0.00774983689189
synthetic_size_matched	synthetic	syn_004343	0.00772308558226
synthetic_size_matched	synthetic	syn_004344	0.00431326404214
synthetic_size_matched	synthetic	syn_004345	0.0102035235614
synthetic_size_matched	synthetic	syn_004346	0.00915588252246
synthetic_size_matched	synthetic	syn_004347	0.0108998417854
synthetic_size_matched	synthetic	syn_004348	0.010033538565
synthetic_size_matched	synthetic	syn_004349	0.00971313286573
synthetic_size_matched	synthetic	syn_004350	0.00549486046657
synthetic_size_matched	synthetic	syn_004351	0.00673058489338
synthetic_size_matched	synthetic	syn_004352	0.0139945484698
synthetic_size_matched	synthetic	syn_004353	0.00442715967074
synthetic_size_matched	synthetic	syn_004354	0.0096878670156
synthetic_size_matched	synthetic	syn_004355	0.00458040833473
synthetic_size_matched	synthetic	syn_004356	0.00681696180254
synthetic_size_matched	synthetic	syn_004357	0.00916450098157
synthetic_size_matched	synthetic	syn_004358	0.00703699374571
synthetic_size_matched	synthetic	syn_004359	0.0117912441492
synthetic_size_matched	synthetic	syn_004360	0.00521238986403
synthetic_size_matched	synthetic	syn_004361	0.00490999175236
synthetic_size_matched	synthetic	syn_004362	0.012703653425
synthetic_size_matched	synthetic	syn_004363	0.00905656814575
synthetic_size_matched	synthetic	syn_004364	0.013452812098
synthetic_size_matched	synthetic	syn_004365	0.00719637516886
synthetic_size_matched	synthetic	syn_004366	0.00761087331921
synthetic_size_matched	synthetic	syn_004367	0.00834018364549
synthetic_size_matched	synthetic	syn_004368	0.00730743072927
synthetic_size_matched	synthetic	syn_004369	0.00666690152138
synthetic_size_matched	synthetic	syn_004370	0.0095926458016
synthetic_size_matched	synthetic	syn_004371	0.00446333736181
synthetic_size_matched	synthetic	syn_004372	0.00616030907258
synthetic_size_matched	synthetic	syn_004373	0.0067819096148
synthetic_size_matched	synthetic	syn_004374	0.00676447898149
synthetic_size_matched	synthetic	syn_004375	0.00611879117787
synthetic_size_matched	synthetic	syn_004376	0.00600868975744
synthetic_size_matched	synthetic	syn_004377	0.00733047304675
synthetic_size_matched	synthetic	syn_004378	0.00558210723102
synthetic_size_matched	synthetic	syn_004379	0.00794885680079
synthetic_size_matched	synthetic	syn_004380	0.00675652781501
synthetic_size_matched	synthetic	syn_004381	0.00661790277809
synthetic_size_matched	synthetic	syn_004382	0.0169119536877
synthetic_size_matched	synthetic	syn_004383	0.00604260712862
synthetic_size_matched	synthetic	syn_004384	0.00629849918187
synthetic_size_matched	synthetic	syn_004385	0.00807995162904
synthetic_size_matched	synthetic	syn_004386	0.010748045519
synthetic_size_matched	synthetic	syn_004387	0.00936528854072
synthetic_size_matched	synthetic	syn_004388	0.0124062150717
synthetic_size_matched	synthetic	syn_004389	0.0058407462202
synthetic_size_matched	synthetic	syn_004390	0.0069180233404
synthetic_size_matched	synthetic	syn_004391	0.00447490345687
synthetic_size_matched	synthetic	syn_004392	0.00610588025302
synthetic_size_matched	synthetic	syn_004393	0.00938696786761
synthetic_size_matched	synthetic	syn_004394	0.0109113641083
synthetic_size_matched	synthetic	syn_004395	0.00483563728631
synthetic_size_matched	synthetic	syn_004396	0.0091595929116
synthetic_size_matched	synthetic	syn_004397	0.00396769540384
synthetic_size_matched	synthetic	syn_004398	0.0150323677808
synthetic_size_matched	synthetic	syn_004399	0.00869900360703
synthetic_size_matched	synthetic	syn_004400	0.0112319076434
synthetic_size_matched	synthetic	syn_004401	0.00699547445402
synthetic_size_matched	synthetic	syn_004402	0.0074330708012
synthetic_size_matched	synthetic	syn_004403	0.00408355891705
synthetic_size_matched	synthetic	syn_004404	0.00488475244492
synthetic_size_matched	synthetic	syn_004405	0.014907816425
synthetic_size_matched	synthetic	syn_004406	0.00439013820142
synthetic_size_matched	synthetic	syn_004407	0.00467411894351
synthetic_size_matched	synthetic	syn_004408	0.00540110981092
synthetic_size_matched	synthetic	syn_004409	0.00672348542139
synthetic_size_matched	synthetic	syn_004410	0.012781765312
synthetic_size_matched	synthetic	syn_004411	0.00792215950787
synthetic_size_matched	synthetic	syn_004412	0.00703068356961
synthetic_size_matched	synthetic	syn_004413	0.00597761385143
synthetic_size_matched	synthetic	syn_004414	0.0191280245781
synthetic_size_matched	synthetic	syn_004415	0.00866318214685
synthetic_size_matched	synthetic	syn_004416	0.0146196363494
synthetic_size_matched	synthetic	syn_004417	0.0124713052064
synthetic_size_matched	synthetic	syn_004418	0.00962022505701
synthetic_size_matched	synthetic	syn_004419	0.00941937416792
synthetic_size_matched	synthetic	syn_004420	0.00975282676518
synthetic_size_matched	synthetic	syn_004421	0.00456617120653
synthetic_size_matched	synthetic	syn_004422	0.00854644924402
synthetic_size_matched	synthetic	syn_004423	0.00600232882425
synthetic_size_matched	synthetic	syn_004424	0.00713148573413
synthetic_size_matched	synthetic	syn_004425	0.00557161681354
synthetic_size_matched	synthetic	syn_004426	0.0118751283735
synthetic_size_matched	synthetic	syn_004427	0.00595162156969
synthetic_size_matched	synthetic	syn_004428	0.00524301780388
synthetic_size_matched	synthetic	syn_004429	0.0106325745583
synthetic_size_matched	synthetic	syn_004430	0.00848384574056
synthetic_size_matched	synthetic	syn_004431	0.00483588688076
synthetic_size_matched	synthetic	syn_004432	0.00806968007237
synthetic_size_matched	synthetic	syn_004433	0.0111755151302
synthetic_size_matched	synthetic	syn_004434	0.00977656804025
synthetic_size_matched	synthetic	syn_004435	0.00770667986944
synthetic_size_matched	synthetic	syn_004436	0.00502082239836
synthetic_size_matched	synthetic	syn_004437	0.00935759395361
synthetic_size_matched	synthetic	syn_004438	0.00789804477245
synthetic_size_matched	synthetic	syn_004439	0.00891165155917
synthetic_size_matched	synthetic	syn_004440	0.0239144749939
synthetic_size_matched	synthetic	syn_004441	0.00408301502466
synthetic_size_matched	synthetic	syn_004442	0.00627022329718
synthetic_size_matched	synthetic	syn_004443	0.00887501984835
synthetic_size_matched	synthetic	syn_004444	0.00576068926603
synthetic_size_matched	synthetic	syn_004445	0.00598646886647
synthetic_size_matched	synthetic	syn_004446	0.00660672970116
synthetic_size_matched	synthetic	syn_004447	0.00976534001529
synthetic_size_matched	synthetic	syn_004448	0.00745725724846
synthetic_size_matched	synthetic	syn_004449	0.00857769045979
synthetic_size_matched	synthetic	syn_004450	0.00769824068993
synthetic_size_matched	synthetic	syn_004451	0.0068503562361
synthetic_size_matched	synthetic	syn_004452	0.0106956372038
synthetic_size_matched	synthetic	syn_004453	0.0143467457965
synthetic_size_matched	synthetic	syn_004454	0.00494752172381
synthetic_size_matched	synthetic	syn_004455	0.00936819706112
synthetic_size_matched	synthetic	syn_004456	0.00484752142802
synthetic_size_matched	synthetic	syn_004457	0.01122498326
synthetic_size_matched	synthetic	syn_004458	0.00722741894424
synthetic_size_matched	synthetic	syn_004459	0.00678696017712
synthetic_size_matched	synthetic	syn_004460	0.00430409517139
synthetic_size_matched	synthetic	syn_004461	0.0113087687641
synthetic_size_matched	synthetic	syn_004462	0.00766076240689
synthetic_size_matched	synthetic	syn_004463	0.00543846935034
synthetic_size_matched	synthetic	syn_004464	0.00858434569091
synthetic_size_matched	synthetic	syn_004465	0.0100441500545
synthetic_size_matched	synthetic	syn_004466	0.0153433345258
synthetic_size_matched	synthetic	syn_004467	0.00596743961796
synthetic_size_matched	synthetic	syn_004468	0.00792285520583
synthetic_size_matched	synthetic	syn_004469	0.00725729297847
synthetic_size_matched	synthetic	syn_004470	0.00666113663465
synthetic_size_matched	synthetic	syn_004471	0.00708537502214
synthetic_size_matched	synthetic	syn_004472	0.00648406939581
synthetic_size_matched	synthetic	syn_004473	0.00775256752968
synthetic_size_matched	synthetic	syn_004474	0.0099063096568
synthetic_size_matched	synthetic	syn_004475	0.0066627394408
synthetic_size_matched	synthetic	syn_004476	0.00638779252768
synthetic_size_matched	synthetic	syn_004477	0.00532401446253
synthetic_size_matched	synthetic	syn_004478	0.00784883648157
synthetic_size_matched	synthetic	syn_004479	0.00629130098969
synthetic_size_matched	synthetic	syn_004480	0.0122897066176
synthetic_size_matched	synthetic	syn_004481	0.00841125845909
synthetic_size_matched	synthetic	syn_004482	0.00659813825041
synthetic_size_matched	synthetic	syn_004483	0.00676409294829
synthetic_size_matched	synthetic	syn_004484	0.00698182079941
synthetic_size_matched	synthetic	syn_004485	0.00948700681329
synthetic_size_matched	synthetic	syn_004486	0.00952040031552
synthetic_size_matched	synthetic	syn_004487	0.0156826414168
synthetic_size_matched	synthetic	syn_004488	0.0078833065927
synthetic_size_matched	synthetic	syn_004489	0.00708918273449
synthetic_size_matched	synthetic	syn_004490	0.00692522805184
synthetic_size_matched	synthetic	syn_004491	0.00787819363177
synthetic_size_matched	synthetic	syn_004492	0.00727328006178
synthetic_size_matched	synthetic	syn_004493	0.00438875192776
synthetic_size_matched	synthetic	syn_004494	0.00431704614311
synthetic_size_matched	synthetic	syn_004495	0.00838780682534
synthetic_size_matched	synthetic	syn_004496	0.0121888890862
synthetic_size_matched	synthetic	syn_004497	0.00547952670604
synthetic_size_matched	synthetic	syn_004498	0.00438840966672
synthetic_size_matched	synthetic	syn_004499	0.00618038419634
synthetic_size_matched	synthetic	syn_004500	0.00859438534826
synthetic_size_matched	synthetic	syn_004501	0.00907055847347
synthetic_size_matched	synthetic	syn_004502	0.00608521560207
synthetic_size_matched	synthetic	syn_004503	0.0274197999388
synthetic_size_matched	synthetic	syn_004504	0.00315382005647
synthetic_size_matched	synthetic	syn_004505	0.00635389517993
synthetic_size_matched	synthetic	syn_004506	0.0055311108008
synthetic_size_matched	synthetic	syn_004507	0.00586716784164
synthetic_size_matched	synthetic	syn_004508	0.0138247795403
synthetic_size_matched	synthetic	syn_004509	0.00451138243079
synthetic_size_matched	synthetic	syn_004510	0.00593746919185
synthetic_size_matched	synthetic	syn_004511	0.00605012476444
synthetic_size_matched	synthetic	syn_004512	0.00471013365313
synthetic_size_matched	synthetic	syn_004513	0.010554805398
synthetic_size_matched	synthetic	syn_004514	0.0179507192224
synthetic_size_matched	synthetic	syn_004515	0.0111612807959
synthetic_size_matched	synthetic	syn_004516	0.00734434695914
synthetic_size_matched	synthetic	syn_004517	0.00887083075941
synthetic_size_matched	synthetic	syn_004518	0.0391605459154
synthetic_size_matched	synthetic	syn_004519	0.00812458060682
synthetic_size_matched	synthetic	syn_004520	0.00874251686037
synthetic_size_matched	synthetic	syn_004521	0.0055520455353
synthetic_size_matched	synthetic	syn_004522	0.00651655904949
synthetic_size_matched	synthetic	syn_004523	0.0143858771771
synthetic_size_matched	synthetic	syn_004524	0.00744146481156
synthetic_size_matched	synthetic	syn_004525	0.0079133072868
synthetic_size_matched	synthetic	syn_004526	0.0078714331612
synthetic_size_matched	synthetic	syn_004527	0.00562663702294
synthetic_size_matched	synthetic	syn_004528	0.0077964104712
synthetic_size_matched	synthetic	syn_004529	0.00529797095805
synthetic_size_matched	synthetic	syn_004530	0.00784870702773
synthetic_size_matched	synthetic	syn_004531	0.00841573812068
synthetic_size_matched	synthetic	syn_004532	0.00722769601271
synthetic_size_matched	synthetic	syn_004533	0.00767852691934
synthetic_size_matched	synthetic	syn_004534	0.00802243407816
synthetic_size_matched	synthetic	syn_004535	0.00672081019729
synthetic_size_matched	synthetic	syn_004536	0.00446390686557
synthetic_size_matched	synthetic	syn_004537	0.00670973863453
synthetic_size_matched	synthetic	syn_004538	0.0127926543355
synthetic_size_matched	synthetic	syn_004539	0.00739109842107
synthetic_size_matched	synthetic	syn_004540	0.00793531537056
synthetic_size_matched	synthetic	syn_004541	0.00490269530565
synthetic_size_matched	synthetic	syn_004542	0.00371320638806
synthetic_size_matched	synthetic	syn_004543	0.00816175621003
synthetic_size_matched	synthetic	syn_004544	0.00871722400188
synthetic_size_matched	synthetic	syn_004545	0.00748462695628
synthetic_size_matched	synthetic	syn_004546	0.0104165989906
synthetic_size_matched	synthetic	syn_004547	0.00933014601469
synthetic_size_matched	synthetic	syn_004548	0.0057453205809
synthetic_size_matched	synthetic	syn_004549	0.00805161893368
synthetic_size_matched	synthetic	syn_004550	0.00977859087288
synthetic_size_matched	synthetic	syn_004551	0.0050988686271
synthetic_size_matched	synthetic	syn_004552	0.0134127913043
synthetic_size_matched	synthetic	syn_004553	0.00551907159388
synthetic_size_matched	synthetic	syn_004554	0.00655284058303
synthetic_size_matched	synthetic	syn_004555	0.0217751972377
synthetic_size_matched	synthetic	syn_004556	0.00465380586684
synthetic_size_matched	synthetic	syn_004557	0.00992596149445
synthetic_size_matched	synthetic	syn_004558	0.00808335188776
synthetic_size_matched	synthetic	syn_004559	0.00702212750912
synthetic_size_matched	synthetic	syn_004560	0.00573252234608
synthetic_size_matched	synthetic	syn_004561	0.00479544140399
synthetic_size_matched	synthetic	syn_004562	0.00629568751901
synthetic_size_matched	synthetic	syn_004563	0.00694281840697
synthetic_size_matched	synthetic	syn_004564	0.00358727807179
synthetic_size_matched	synthetic	syn_004565	0.00986627861857
synthetic_size_matched	synthetic	syn_004566	0.0115820588544
synthetic_size_matched	synthetic	syn_004567	0.00568522699177
synthetic_size_matched	synthetic	syn_004568	0.00370735162869
synthetic_size_matched	synthetic	syn_004569	0.00649097654969
synthetic_size_matched	synthetic	syn_004570	0.00631780270487
synthetic_size_matched	synthetic	syn_004571	0.00460150511935
synthetic_size_matched	synthetic	syn_004572	0.00540903862566
synthetic_size_matched	synthetic	syn_004573	0.00867030769587
synthetic_size_matched	synthetic	syn_004574	0.00572720449418
synthetic_size_matched	synthetic	syn_004575	0.0101944692433
synthetic_size_matched	synthetic	syn_004576	0.00835011340678
synthetic_size_matched	synthetic	syn_004577	0.00603932049125
synthetic_size_matched	synthetic	syn_004578	0.00950346514583
synthetic_size_matched	synthetic	syn_004579	0.0101221594959
synthetic_size_matched	synthetic	syn_004580	0.00538512226194
synthetic_size_matched	synthetic	syn_004581	0.0058613922447
synthetic_size_matched	synthetic	syn_004582	0.00482544396073
synthetic_size_matched	synthetic	syn_004583	0.00633609062061
synthetic_size_matched	synthetic	syn_004584	0.00703095737845
synthetic_size_matched	synthetic	syn_004585	0.00911720842123
synthetic_size_matched	synthetic	syn_004586	0.00712030008435
synthetic_size_matched	synthetic	syn_004587	0.0104895923287
synthetic_size_matched	synthetic	syn_004589	0.0142143350095
synthetic_size_matched	synthetic	syn_004590	0.0135353552178
synthetic_size_matched	synthetic	syn_004591	0.00603627506644
synthetic_size_matched	synthetic	syn_004592	0.00600359356031
synthetic_size_matched	synthetic	syn_004593	0.00648384355009
synthetic_size_matched	synthetic	syn_004594	0.00563342496753
synthetic_size_matched	synthetic	syn_004595	0.00771472044289
synthetic_size_matched	synthetic	syn_004596	0.00527452304959
synthetic_size_matched	synthetic	syn_004597	0.00651805382222
synthetic_size_matched	synthetic	syn_004598	0.00657233037055
synthetic_size_matched	synthetic	syn_004599	0.00455666705966
synthetic_size_matched	synthetic	syn_004600	0.00670651253313
synthetic_size_matched	synthetic	syn_004601	0.00395095720887
synthetic_size_matched	synthetic	syn_004602	0.00524038122967
synthetic_size_matched	synthetic	syn_004603	0.00848719943315
synthetic_size_matched	synthetic	syn_004604	0.00432803295553
synthetic_size_matched	synthetic	syn_004605	0.00686227949336
synthetic_size_matched	synthetic	syn_004606	0.0127495797351
synthetic_size_matched	synthetic	syn_004607	0.00522695016116
synthetic_size_matched	synthetic	syn_004608	0.00835618097335
synthetic_size_matched	synthetic	syn_004609	0.00782181322575
synthetic_size_matched	synthetic	syn_004610	0.00481469230726
synthetic_size_matched	synthetic	syn_004612	0.0082219466567
synthetic_size_matched	synthetic	syn_004613	0.00891470164061
synthetic_size_matched	synthetic	syn_004614	0.0117438584566
synthetic_size_matched	synthetic	syn_004615	0.00962855108082
synthetic_size_matched	synthetic	syn_004616	0.00576637266204
synthetic_size_matched	synthetic	syn_004617	0.00390455382876
synthetic_size_matched	synthetic	syn_004618	0.00861359387636
synthetic_size_matched	synthetic	syn_004619	0.0101652424783
synthetic_size_matched	synthetic	syn_004620	0.00967020820826
synthetic_size_matched	synthetic	syn_004621	0.0278748832643
synthetic_size_matched	synthetic	syn_004622	0.00979018677026
synthetic_size_matched	synthetic	syn_004623	0.00528089655563
synthetic_size_matched	synthetic	syn_004624	0.00681663956493
synthetic_size_matched	synthetic	syn_004625	0.00813661050051
synthetic_size_matched	synthetic	syn_004626	0.00647227931768
synthetic_size_matched	synthetic	syn_004627	0.0159808583558
synthetic_size_matched	synthetic	syn_004628	0.00681438483298
synthetic_size_matched	synthetic	syn_004629	0.00670511974022
synthetic_size_matched	synthetic	syn_004630	0.00678821885958
synthetic_size_matched	synthetic	syn_004631	0.00862993206829
synthetic_size_matched	synthetic	syn_004632	0.00475357379764
synthetic_size_matched	synthetic	syn_004633	0.00471476465464
synthetic_size_matched	synthetic	syn_004634	0.00991152413189
synthetic_size_matched	synthetic	syn_004635	0.00623253872618
synthetic_size_matched	synthetic	syn_004636	0.0251050181687
synthetic_size_matched	synthetic	syn_004637	0.0116568459198
synthetic_size_matched	synthetic	syn_004638	0.0118257012218
synthetic_size_matched	synthetic	syn_004639	0.00987908896059
synthetic_size_matched	synthetic	syn_004640	0.00824718922377
synthetic_size_matched	synthetic	syn_004641	0.00819799862802
synthetic_size_matched	synthetic	syn_004642	0.0066030411981
synthetic_size_matched	synthetic	syn_004643	0.00762778520584
synthetic_size_matched	synthetic	syn_004644	0.0162515752017
synthetic_size_matched	synthetic	syn_004645	0.00776426866651
synthetic_size_matched	synthetic	syn_004646	0.00868624635041
synthetic_size_matched	synthetic	syn_004647	0.00849347468466
synthetic_size_matched	synthetic	syn_004648	0.00745546631515
synthetic_size_matched	synthetic	syn_004649	0.00820049736649
synthetic_size_matched	synthetic	syn_004650	0.00670401379466
synthetic_size_matched	synthetic	syn_004651	0.00941842235625
synthetic_size_matched	synthetic	syn_004652	0.00696119759232
synthetic_size_matched	synthetic	syn_004653	0.00859922915697
synthetic_size_matched	synthetic	syn_004654	0.00857912842184
synthetic_size_matched	synthetic	syn_004655	0.00814028829336
synthetic_size_matched	synthetic	syn_004656	0.00707939825952
synthetic_size_matched	synthetic	syn_004657	0.00637481734157
synthetic_size_matched	synthetic	syn_004658	0.00582597497851
synthetic_size_matched	synthetic	syn_004659	0.00571194849908
synthetic_size_matched	synthetic	syn_004660	0.00820316746831
synthetic_size_matched	synthetic	syn_004661	0.0109692495316
synthetic_size_matched	synthetic	syn_004662	0.0229827314615
synthetic_size_matched	synthetic	syn_004663	0.0146982744336
synthetic_size_matched	synthetic	syn_004664	0.00381447235122
synthetic_size_matched	synthetic	syn_004665	0.00936592742801
synthetic_size_matched	synthetic	syn_004666	0.00866503082216
synthetic_size_matched	synthetic	syn_004667	0.00585404410958
synthetic_size_matched	synthetic	syn_004668	0.00543077476323
synthetic_size_matched	synthetic	syn_004669	0.00671457499266
synthetic_size_matched	synthetic	syn_004670	0.0115897450596
synthetic_size_matched	synthetic	syn_004671	0.00597870629281
synthetic_size_matched	synthetic	syn_004672	0.0059286961332
synthetic_size_matched	synthetic	syn_004673	0.0135293854401
synthetic_size_matched	synthetic	syn_004674	0.00941804330796
synthetic_size_matched	synthetic	syn_004675	0.00833823624998
synthetic_size_matched	synthetic	syn_004676	0.00995624810457
synthetic_size_matched	synthetic	syn_004677	0.00600731326267
synthetic_size_matched	synthetic	syn_004678	0.0130345057696
synthetic_size_matched	synthetic	syn_004679	0.00596614461392
synthetic_size_matched	synthetic	syn_004680	0.00757892196998
synthetic_size_matched	synthetic	syn_004681	0.00659537129104
synthetic_size_matched	synthetic	syn_004682	0.00480738049373
synthetic_size_matched	synthetic	syn_004683	0.0105166407302
synthetic_size_matched	synthetic	syn_004684	0.0121375881135
synthetic_size_matched	synthetic	syn_004685	0.0119880652055
synthetic_size_matched	synthetic	syn_004686	0.00617020204663
synthetic_size_matched	synthetic	syn_004687	0.0141733987257
synthetic_size_matched	synthetic	syn_004688	0.00569305941463
synthetic_size_matched	synthetic	syn_004689	0.00580667983741
synthetic_size_matched	synthetic	syn_004690	0.00998245365918
synthetic_size_matched	synthetic	syn_004691	0.00493079563603
synthetic_size_matched	synthetic	syn_004692	0.00617296434939
synthetic_size_matched	synthetic	syn_004693	0.00667598564178
synthetic_size_matched	synthetic	syn_004694	0.00784877501428
synthetic_size_matched	synthetic	syn_004695	0.00856445543468
synthetic_size_matched	synthetic	syn_004696	0.00968649983406
synthetic_size_matched	synthetic	syn_004697	0.00433670682833
synthetic_size_matched	synthetic	syn_004698	0.00478527694941
synthetic_size_matched	synthetic	syn_004699	0.0053545050323
synthetic_size_matched	synthetic	syn_004700	0.00478069670498
synthetic_size_matched	synthetic	syn_004701	0.00811629742384
synthetic_size_matched	synthetic	syn_004702	0.0097006233409
synthetic_size_matched	synthetic	syn_004703	0.00959350727499
synthetic_size_matched	synthetic	syn_004704	0.00892387703061
synthetic_size_matched	synthetic	syn_004705	0.00532099884003
synthetic_size_matched	synthetic	syn_004706	0.00620786333457
synthetic_size_matched	synthetic	syn_004707	0.00454156892374
synthetic_size_matched	synthetic	syn_004708	0.00737244356424
synthetic_size_matched	synthetic	syn_004709	0.00751849869266
synthetic_size_matched	synthetic	syn_004710	0.0101902289316
synthetic_size_matched	synthetic	syn_004711	0.010409316048
synthetic_size_matched	synthetic	syn_004712	0.0103990733624
synthetic_size_matched	synthetic	syn_004713	0.00440588500351
synthetic_size_matched	synthetic	syn_004714	0.010447287932
synthetic_size_matched	synthetic	syn_004715	0.00562360044569
synthetic_size_matched	synthetic	syn_004716	0.00944615341723
synthetic_size_matched	synthetic	syn_004717	0.00648023094982
synthetic_size_matched	synthetic	syn_004718	0.00518760643899
synthetic_size_matched	synthetic	syn_004719	0.00288221240044
synthetic_size_matched	synthetic	syn_004720	0.00781435519457
synthetic_size_matched	synthetic	syn_004721	0.00536175630987
synthetic_size_matched	synthetic	syn_004722	0.00428971787915
synthetic_size_matched	synthetic	syn_004723	0.00790551491082
synthetic_size_matched	synthetic	syn_004724	0.0117435250431
synthetic_size_matched	synthetic	syn_004725	0.0146041978151
synthetic_size_matched	synthetic	syn_004726	0.00605840561911
synthetic_size_matched	synthetic	syn_004727	0.0142766833305
synthetic_size_matched	synthetic	syn_004728	0.011150999926
synthetic_size_matched	synthetic	syn_004729	0.00798791646957
synthetic_size_matched	synthetic	syn_004730	0.00948031898588
synthetic_size_matched	synthetic	syn_004731	0.0107794916257
synthetic_size_matched	synthetic	syn_004732	0.00404609180987
synthetic_size_matched	synthetic	syn_004733	0.00704725366086
synthetic_size_matched	synthetic	syn_004734	0.00459956238046
synthetic_size_matched	synthetic	syn_004735	0.00761045794934
synthetic_size_matched	synthetic	syn_004736	0.0163746718317
synthetic_size_matched	synthetic	syn_004737	0.00310036400333
synthetic_size_matched	synthetic	syn_004738	0.00473800394684
synthetic_size_matched	synthetic	syn_004739	0.00624853931367
synthetic_size_matched	synthetic	syn_004740	0.00651392247528
synthetic_size_matched	synthetic	syn_004741	0.0160049144179
synthetic_size_matched	synthetic	syn_004742	0.00500532332808
synthetic_size_matched	synthetic	syn_004743	0.0147574711591
synthetic_size_matched	synthetic	syn_004744	0.01285424456
synthetic_size_matched	synthetic	syn_004745	0.0120055982843
synthetic_size_matched	synthetic	syn_004746	0.00528638809919
synthetic_size_matched	synthetic	syn_004747	0.00557074695826
synthetic_size_matched	synthetic	syn_004748	0.0113319251686
synthetic_size_matched	synthetic	syn_004749	0.00663267821074
synthetic_size_matched	synthetic	syn_004750	0.00536979082972
synthetic_size_matched	synthetic	syn_004751	0.0079583376646
synthetic_size_matched	synthetic	syn_004752	0.00760799273849
synthetic_size_matched	synthetic	syn_004753	0.00404142215848
synthetic_size_matched	synthetic	syn_004754	0.00714670913294
synthetic_size_matched	synthetic	syn_004755	0.00555716175586
synthetic_size_matched	synthetic	syn_004756	0.00381412729621
synthetic_size_matched	synthetic	syn_004757	0.00956202391535
synthetic_size_matched	synthetic	syn_004758	0.00959378294647
synthetic_size_matched	synthetic	syn_004759	0.0101023390889
synthetic_size_matched	synthetic	syn_004760	0.00742327794433
synthetic_size_matched	synthetic	syn_004761	0.00718348799273
synthetic_size_matched	synthetic	syn_004762	0.00946318451315
synthetic_size_matched	synthetic	syn_004763	0.00632400717586
synthetic_size_matched	synthetic	syn_004764	0.00614065211266
synthetic_size_matched	synthetic	syn_004765	0.00908287707716
synthetic_size_matched	synthetic	syn_004766	0.00655808392912
synthetic_size_matched	synthetic	syn_004767	0.0072398618795
synthetic_size_matched	synthetic	syn_004768	0.00985783245414
synthetic_size_matched	synthetic	syn_004769	0.00514469947666
synthetic_size_matched	synthetic	syn_004770	0.00626187305897
synthetic_size_matched	synthetic	syn_004771	0.00402888283134
synthetic_size_matched	synthetic	syn_004772	0.00707435188815
synthetic_size_matched	synthetic	syn_004773	0.00578783638775
synthetic_size_matched	synthetic	syn_004774	0.00840010680258
synthetic_size_matched	synthetic	syn_004775	0.0068797217682
synthetic_size_matched	synthetic	syn_004776	0.00686101568863
synthetic_size_matched	synthetic	syn_004777	0.00610397662967
synthetic_size_matched	synthetic	syn_004778	0.011546981521
synthetic_size_matched	synthetic	syn_004779	0.0119720362127
synthetic_size_matched	synthetic	syn_004780	0.00429092952982
synthetic_size_matched	synthetic	syn_004781	0.00936712604016
synthetic_size_matched	synthetic	syn_004782	0.00942310038954
synthetic_size_matched	synthetic	syn_004783	0.00990675296634
synthetic_size_matched	synthetic	syn_004784	0.00608597137034
synthetic_size_matched	synthetic	syn_004785	0.00403622817248
synthetic_size_matched	synthetic	syn_004786	0.00748554524034
synthetic_size_matched	synthetic	syn_004787	0.0045598288998
synthetic_size_matched	synthetic	syn_004788	0.00779233826324
synthetic_size_matched	synthetic	syn_004789	0.00769893452525
synthetic_size_matched	synthetic	syn_004790	0.00666880048811
synthetic_size_matched	synthetic	syn_004791	0.00718831829727
synthetic_size_matched	synthetic	syn_004792	0.00591068388894
synthetic_size_matched	synthetic	syn_004793	0.00363365723751
synthetic_size_matched	synthetic	syn_004794	0.00539778312668
synthetic_size_matched	synthetic	syn_004795	0.00670689623803
synthetic_size_matched	synthetic	syn_004796	0.00539749860764
synthetic_size_matched	synthetic	syn_004797	0.00710225943476
synthetic_size_matched	synthetic	syn_004798	0.0063326661475
synthetic_size_matched	synthetic	syn_004799	0.0106187406927
synthetic_size_matched	synthetic	syn_004800	0.00889045745134
synthetic_size_matched	synthetic	syn_004801	0.0108001213521
synthetic_size_matched	synthetic	syn_004802	0.00570243224502
synthetic_size_matched	synthetic	syn_004803	0.0054147480987
synthetic_size_matched	synthetic	syn_004804	0.0107611641288
synthetic_size_matched	synthetic	syn_004805	0.010276645422
synthetic_size_matched	synthetic	syn_004806	0.00733775924891
synthetic_size_matched	synthetic	syn_004807	0.00625413749367
synthetic_size_matched	synthetic	syn_004808	0.0122285168618
synthetic_size_matched	synthetic	syn_004809	0.00729717640206
synthetic_size_matched	synthetic	syn_004810	0.00793399475515
synthetic_size_matched	synthetic	syn_004811	0.00699453381822
synthetic_size_matched	synthetic	syn_004812	0.00582621386275
synthetic_size_matched	synthetic	syn_004813	0.00733607169241
synthetic_size_matched	synthetic	syn_004814	0.00546886306256
synthetic_size_matched	synthetic	syn_004815	0.00603019632399
synthetic_size_matched	synthetic	syn_004816	0.00993106141686
synthetic_size_matched	synthetic	syn_004817	0.00871281232685
synthetic_size_matched	synthetic	syn_004818	0.00659922230989
synthetic_size_matched	synthetic	syn_004819	0.00854466855526
synthetic_size_matched	synthetic	syn_004820	0.00643832376227
synthetic_size_matched	synthetic	syn_004821	0.00637863250449
synthetic_size_matched	synthetic	syn_004822	0.00504903681576
synthetic_size_matched	synthetic	syn_004823	0.00619637547061
synthetic_size_matched	synthetic	syn_004824	0.00649363221601
synthetic_size_matched	synthetic	syn_004825	0.00828245934099
synthetic_size_matched	synthetic	syn_004826	0.00815394986421
synthetic_size_matched	synthetic	syn_004827	0.00644680764526
synthetic_size_matched	synthetic	syn_004828	0.00586773781106
synthetic_size_matched	synthetic	syn_004829	0.00827010348439
synthetic_size_matched	synthetic	syn_004830	0.00781161803752
synthetic_size_matched	synthetic	syn_004831	0.00829927250743
synthetic_size_matched	synthetic	syn_004832	0.0115424413234
synthetic_size_matched	synthetic	syn_004833	0.00653256243095
synthetic_size_matched	synthetic	syn_004834	0.00497356709093
synthetic_size_matched	synthetic	syn_004835	0.00862878188491
synthetic_size_matched	synthetic	syn_004836	0.00494194449857
synthetic_size_matched	synthetic	syn_004837	0.0055861864239
synthetic_size_matched	synthetic	syn_004838	0.00473745679483
synthetic_size_matched	synthetic	syn_004839	0.00767225632444
synthetic_size_matched	synthetic	syn_004840	0.00518194865435
synthetic_size_matched	synthetic	syn_004841	0.00372089073062
synthetic_size_matched	synthetic	syn_004842	0.00713658798486
synthetic_size_matched	synthetic	syn_004843	0.006172564812
synthetic_size_matched	synthetic	syn_004844	0.00955462269485
synthetic_size_matched	synthetic	syn_004845	0.00691412715241
synthetic_size_matched	synthetic	syn_004846	0.00865365751088
synthetic_size_matched	synthetic	syn_004847	0.00691736815497
synthetic_size_matched	synthetic	syn_004848	0.00542127527297
synthetic_size_matched	synthetic	syn_004849	0.00843350496143
synthetic_size_matched	synthetic	syn_004850	0.00657882308587
synthetic_size_matched	synthetic	syn_004851	0.00773975485936
synthetic_size_matched	synthetic	syn_004852	0.00724114198238
synthetic_size_matched	synthetic	syn_004853	0.00659007206559
synthetic_size_matched	synthetic	syn_004854	0.00777872372419
synthetic_size_matched	synthetic	syn_004855	0.00701423361897
synthetic_size_matched	synthetic	syn_004856	0.00350178452209
synthetic_size_matched	synthetic	syn_004857	0.00356468721293
synthetic_size_matched	synthetic	syn_004858	0.0065227705054
synthetic_size_matched	synthetic	syn_004859	0.0144782820717
synthetic_size_matched	synthetic	syn_004860	0.00473102834076
synthetic_size_matched	synthetic	syn_004861	0.0101526547223
synthetic_size_matched	synthetic	syn_004862	0.00460358150303
synthetic_size_matched	synthetic	syn_004863	0.00659807072952
synthetic_size_matched	synthetic	syn_004864	0.00983554311097
synthetic_size_matched	synthetic	syn_004865	0.0186997801065
synthetic_size_matched	synthetic	syn_004866	0.00888759177178
synthetic_size_matched	synthetic	syn_004867	0.00835489667952
synthetic_size_matched	synthetic	syn_004868	0.00422957818955
synthetic_size_matched	synthetic	syn_004869	0.00646207714453
synthetic_size_matched	synthetic	syn_004870	0.0062195174396
synthetic_size_matched	synthetic	syn_004871	0.00638910569251
synthetic_size_matched	synthetic	syn_004872	0.00697406288236
synthetic_size_matched	synthetic	syn_004873	0.0128589542583
synthetic_size_matched	synthetic	syn_004874	0.010382918641
synthetic_size_matched	synthetic	syn_004875	0.00493026617914
synthetic_size_matched	synthetic	syn_004876	0.00566753465682
synthetic_size_matched	synthetic	syn_004877	0.00491710146889
synthetic_size_matched	synthetic	syn_004878	0.00648419745266
synthetic_size_matched	synthetic	syn_004879	0.00732664018869
synthetic_size_matched	synthetic	syn_004880	0.00602019159123
synthetic_size_matched	synthetic	syn_004881	0.0054518757388
synthetic_size_matched	synthetic	syn_004882	0.00496666831896
synthetic_size_matched	synthetic	syn_004883	0.00823864806443
synthetic_size_matched	synthetic	syn_004884	0.0279889144003
synthetic_size_matched	synthetic	syn_004885	0.00503227394074
synthetic_size_matched	synthetic	syn_004886	0.00727053079754
synthetic_size_matched	synthetic	syn_004887	0.00448590703309
synthetic_size_matched	synthetic	syn_004888	0.012568289414
synthetic_size_matched	synthetic	syn_004889	0.00673331832513
synthetic_size_matched	synthetic	syn_004890	0.00757073890418
synthetic_size_matched	synthetic	syn_004891	0.00610184436664
synthetic_size_matched	synthetic	syn_004892	0.00662253191695
synthetic_size_matched	synthetic	syn_004893	0.00797889567912
synthetic_size_matched	synthetic	syn_004894	0.00754908658564
synthetic_size_matched	synthetic	syn_004895	0.00642884941772
synthetic_size_matched	synthetic	syn_004896	0.00947554130107
synthetic_size_matched	synthetic	syn_004897	0.0123449433595
synthetic_size_matched	synthetic	syn_004898	0.00703805405647
synthetic_size_matched	synthetic	syn_004899	0.00641292892396
synthetic_size_matched	synthetic	syn_004900	0.0132839763537
synthetic_size_matched	synthetic	syn_004901	0.00633252039552
synthetic_size_matched	synthetic	syn_004902	0.00964091904461
synthetic_size_matched	synthetic	syn_004903	0.0270325709134
synthetic_size_matched	synthetic	syn_004904	0.0124332448468
synthetic_size_matched	synthetic	syn_004905	0.00791375245899
synthetic_size_matched	synthetic	syn_004906	0.00750206783414
synthetic_size_matched	synthetic	syn_004907	0.00547619303688
synthetic_size_matched	synthetic	syn_004908	0.010926919058
synthetic_size_matched	synthetic	syn_004909	0.00478045223281
synthetic_size_matched	synthetic	syn_004910	0.024798322469
synthetic_size_matched	synthetic	syn_004911	0.00674095656723
synthetic_size_matched	synthetic	syn_004912	0.00914627593011
synthetic_size_matched	synthetic	syn_004913	0.0194218400866
synthetic_size_matched	synthetic	syn_004914	0.00680775009096
synthetic_size_matched	synthetic	syn_004915	0.00641070771962
synthetic_size_matched	synthetic	syn_004916	0.0102728595957
synthetic_size_matched	synthetic	syn_004917	0.00656681414694
synthetic_size_matched	synthetic	syn_004918	0.00529363099486
synthetic_size_matched	synthetic	syn_004919	0.00735216587782
synthetic_size_matched	synthetic	syn_004920	0.00694230338559
synthetic_size_matched	synthetic	syn_004921	0.00881563592702
synthetic_size_matched	synthetic	syn_004922	0.00713365571573
synthetic_size_matched	synthetic	syn_004923	0.0128346038982
synthetic_size_matched	synthetic	syn_004924	0.0128167020157
synthetic_size_matched	synthetic	syn_004925	0.0108948526904
synthetic_size_matched	synthetic	syn_004926	0.00803564023226
synthetic_size_matched	synthetic	syn_004927	0.00967363640666
synthetic_size_matched	synthetic	syn_004928	0.0137722780928
synthetic_size_matched	synthetic	syn_004929	0.0129625201225
synthetic_size_matched	synthetic	syn_004930	0.00528017664328
synthetic_size_matched	synthetic	syn_004931	0.0109294634312
synthetic_size_matched	synthetic	syn_004932	0.00704592093825
synthetic_size_matched	synthetic	syn_004933	0.00867169722915
synthetic_size_matched	synthetic	syn_004934	0.0100894542411
synthetic_size_matched	synthetic	syn_004935	0.0069346409291
synthetic_size_matched	synthetic	syn_004936	0.0211350768805
synthetic_size_matched	synthetic	syn_004937	0.00818992219865
synthetic_size_matched	synthetic	syn_004938	0.00440391711891
synthetic_size_matched	synthetic	syn_004939	0.00690961722285
synthetic_size_matched	synthetic	syn_004940	0.0073651750572
synthetic_size_matched	synthetic	syn_004941	0.00723592657596
synthetic_size_matched	synthetic	syn_004942	0.0105191767216
synthetic_size_matched	synthetic	syn_004944	0.0112993801013
synthetic_size_matched	synthetic	syn_004945	0.00609337864444
synthetic_size_matched	synthetic	syn_004946	0.00499200634658
synthetic_size_matched	synthetic	syn_004947	0.0096149649471
synthetic_size_matched	synthetic	syn_004948	0.00583638390526
synthetic_size_matched	synthetic	syn_004949	0.00756399007514
synthetic_size_matched	synthetic	syn_004950	0.00721967592835
synthetic_size_matched	synthetic	syn_004951	0.00558914709836
synthetic_size_matched	synthetic	syn_004952	0.0122279729694
synthetic_size_matched	synthetic	syn_004953	0.0195690393448
synthetic_size_matched	synthetic	syn_004954	0.0121826343238
synthetic_size_matched	synthetic	syn_004955	0.00774549227208
synthetic_size_matched	synthetic	syn_004956	0.00961762201041
synthetic_size_matched	synthetic	syn_004957	0.00443596299738
synthetic_size_matched	synthetic	syn_004958	0.00474570319057
synthetic_size_matched	synthetic	syn_004959	0.00742206629366
synthetic_size_matched	synthetic	syn_004960	0.00492345960811
synthetic_size_matched	synthetic	syn_004961	0.00633262377232
synthetic_size_matched	synthetic	syn_004962	0.0126489121467
synthetic_size_matched	synthetic	syn_004963	0.00499287154526
synthetic_size_matched	synthetic	syn_004964	0.00640886649489
synthetic_size_matched	synthetic	syn_004965	0.00634485203773
synthetic_size_matched	synthetic	syn_004966	0.00562737789005
synthetic_size_matched	synthetic	syn_004967	0.0101188644767
synthetic_size_matched	synthetic	syn_004968	0.0065184654668
synthetic_size_matched	synthetic	syn_004969	0.00736252078786
synthetic_size_matched	synthetic	syn_004970	0.0122284246609
synthetic_size_matched	synthetic	syn_004971	0.0156342424452
synthetic_size_matched	synthetic	syn_004972	0.00878485292196
synthetic_size_matched	synthetic	syn_004973	0.00467851897702
synthetic_size_matched	synthetic	syn_004974	0.00744865043089
synthetic_size_matched	synthetic	syn_004975	0.0127183794975
synthetic_size_matched	synthetic	syn_004976	0.00702028814703
synthetic_size_matched	synthetic	syn_004977	0.00599270127714
synthetic_size_matched	synthetic	syn_004978	0.00952856987715
synthetic_size_matched	synthetic	syn_004979	0.0115035753697
synthetic_size_matched	synthetic	syn_004980	0.00954178161919
synthetic_size_matched	synthetic	syn_004981	0.00698844902217
synthetic_size_matched	synthetic	syn_004982	0.00951557420194
synthetic_size_matched	synthetic	syn_004983	0.00918821059167
synthetic_size_matched	synthetic	syn_004984	0.0070569626987
synthetic_size_matched	synthetic	syn_004985	0.00944863818586
synthetic_size_matched	synthetic	syn_004986	0.00941908732057
synthetic_size_matched	synthetic	syn_004987	0.011441886425
synthetic_size_matched	synthetic	syn_004988	0.00747064733878
synthetic_size_matched	synthetic	syn_004989	0.00593401305377
synthetic_size_matched	synthetic	syn_004990	0.00536861689761
synthetic_size_matched	synthetic	syn_004991	0.00914408639073
synthetic_size_matched	synthetic	syn_004992	0.004409131594
synthetic_size_matched	synthetic	syn_004993	0.0293974466622
synthetic_size_matched	synthetic	syn_004994	0.0056082373485
synthetic_size_matched	synthetic	syn_004995	0.00658181495965
synthetic_size_matched	synthetic	syn_004996	0.00973241683096
synthetic_size_matched	synthetic	syn_004997	0.00572374276817
synthetic_size_matched	synthetic	syn_004998	0.00862203352153
synthetic_size_matched	synthetic	syn_004999	0.00818921253085
train	train	0	0.0380545929074
train	train	1	0.0154888257384
train	train	4	0.0346596837044
train	train	10	0.0214847456664
train	train	11	0.0247704032809
train	train	17	0.0259616263211
train	train	19	0.0215234551579
train	train	20	0.0128288213164
train	train	23	0.029741872102
train	train	24	0.0141928419471
train	train	27	0.0464621596038
train	train	30	0.0266994945705
train	train	32	0.0094032632187
train	train	33	0.0284255910665
train	train	40	0.0515493154526
train	train	43	0.040143288672
train	train	48	0.0116474274546
train	train	49	0.0146702164784
train	train	51	0.00734709389508
train	train	55	0.0168434027582
train	train	56	0.0179573446512
train	train	57	0.0150845255703
train	train	60	0.0427534878254
train	train	61	0.0234261658043
train	train	62	0.02747053653
train	train	63	0.0114164920524
train	train	64	0.0161463543773
train	train	65	0.0230883639306
train	train	66	0.0236506033689
train	train	67	0.0415727496147
train	train	70	0.0523335710168
train	train	71	0.0262076109648
train	train	73	0.0161839593202
train	train	74	0.0636628419161
train	train	75	0.0234156437218
train	train	76	0.0243408381939
train	train	77	0.0239826031029
train	train	78	0.025377869606
train	train	80	0.0143932402134
train	train	81	0.0190233867615
train	train	82	0.0363226905465
train	train	83	0.0247947685421
train	train	84	0.0140242362395
train	train	85	0.0223541650921
train	train	87	0.0270656049252
train	train	89	0.0329364724457
train	train	90	0.0285276416689
train	train	91	0.0104728611186
train	train	92	0.0208619572222
train	train	97	0.0186935774982
train	train	98	0.0210643708706
train	train	100	0.017916046083
train	train	102	0.015583332628
train	train	105	0.0228177569807
train	train	106	0.0384807363153
train	train	107	0.0105794854462
train	train	109	0.0259042531252
train	train	110	0.0152689758688
train	train	111	0.0132042672485
train	train	112	0.0186085179448
train	train	113	0.0233025215566
train	train	114	0.0333481878042
train	train	115	0.0460383966565
train	train	116	0.0164666194469
train	train	117	0.0309167765081
train	train	120	0.0218998417258
train	train	125	0.0172743666917
train	train	126	0.0248780101538
train	train	128	0.0359936058521
train	train	131	0.0318626575172
train	train	134	0.0300726443529
train	train	136	0.0214314386249
train	train	139	0.0184039101005
train	train	140	0.0287469085306
train	train	141	0.0296433139592
train	train	142	0.00871752295643
train	train	143	0.0170763004571
train	train	144	0.0104660177603
train	train	145	0.0291495732963
train	train	147	0.0244863219559
train	train	148	0.0150817092508
train	train	151	0.0293935276568
train	train	152	0.030569806695
train	train	153	0.0234689600766
train	train	154	0.0133029799908
train	train	158	0.0100732836872
train	train	159	0.0167228989303
train	train	161	0.0176896862686
train	train	163	0.0470079742372
train	train	167	0.0194204095751
train	train	168	0.0712029114366
train	train	171	0.0186926536262
train	train	173	0.0146916499361
train	train	174	0.0299054794014
train	train	175	0.0134250000119
train	train	176	0.0202606059611
train	train	177	0.0246733427048
train	train	178	0.0358167849481
train	train	180	0.0128550874069
train	train	181	0.0159311443567
train	train	183	0.0285672731698
train	train	184	0.0201496463269
train	train	189	0.0147530501708
train	train	191	0.0273634456098
train	train	192	0.0275072660297
train	train	194	0.0371556915343
train	train	195	0.0197302978486
train	train	199	0.0236785244197
train	train	201	0.0298094972968
train	train	202	0.0204745791852
train	train	204	0.0341717600822
train	train	205	0.0139508508146
train	train	206	0.0222867261618
train	train	209	0.0323457494378
train	train	210	0.0141728715971
train	train	211	0.0287546217442
train	train	212	0.0410210266709
train	train	213	0.00837477110326
train	train	214	0.0186969004571
train	train	217	0.0152912456542
train	train	219	0.0113930506632
train	train	222	0.0424419492483
train	train	226	0.0186821725219
train	train	227	0.0279922448099
train	train	228	0.0105358054861
train	train	229	0.0233848318458
train	train	232	0.016264859587
train	train	233	0.0159669015557
train	train	234	0.0168597027659
train	train	236	0.0255439467728
train	train	237	0.01286901813
train	train	239	0.0183185823262
train	train	242	0.0189918242395
train	train	244	0.00890890322626
train	train	245	0.0193707887083
train	train	248	0.0237014219165
train	train	249	0.0084687396884
train	train	251	0.0233128294349
train	train	252	0.0281916353852
train	train	255	0.0190131887794
train	train	256	0.029374871403
train	train	257	0.0185287855566
train	train	258	0.0236150175333
train	train	261	0.0293639488518
train	train	265	0.0371472463012
train	train	266	0.0250477902591
train	train	268	0.0273182988167
train	train	270	0.0175017043948
train	train	271	0.0139140533283
train	train	272	0.015755802393
train	train	274	0.024940431118
train	train	278	0.0218360684812
train	train	279	0.0135508850217
train	train	281	0.0217779316008
train	train	282	0.0350196436048
train	train	283	0.0350832045078
train	train	284	0.0128387762234
train	train	285	0.0325715765357
train	train	286	0.0278029292822
train	train	287	0.0214968919754
train	train	288	0.0183632224798
train	train	289	0.0189812108874
train	train	292	0.0266428887844
train	train	293	0.0194704309106
train	train	294	0.0147495372221
train	train	295	0.0170555710793
train	train	296	0.0185885056853
train	train	297	0.0279950033873
train	train	299	0.0139111466706
train	train	300	0.0323233790696
train	train	301	0.0207663867623
train	train	305	0.00913575105369
train	train	306	0.0106503739953
train	train	313	0.0154446149245
train	train	314	0.0248628892004
train	train	317	0.0300570130348
train	train	318	0.0220765471458
train	train	319	0.0245047006756
train	train	320	0.0209276173264
train	train	321	0.0201369486749
train	train	322	0.0154462009668
train	train	323	0.017576072365
train	train	324	0.0153910852969
train	train	325	0.0241294894367
train	train	327	0.0354453101754
train	train	330	0.0119312368333
train	train	333	0.0127930156887
train	train	334	0.0160169489682
train	train	335	0.0225719287992
train	train	341	0.014708227478
train	train	342	0.0224740672857
train	train	344	0.0197014771402
train	train	346	0.043898627162
train	train	348	0.0135626951233
train	train	349	0.022824736312
train	train	350	0.0154761290178
train	train	352	0.00491542834789
train	train	353	0.0176486391574
train	train	356	0.018056223169
train	train	357	0.0267873667181
train	train	358	0.0178508348763
train	train	359	0.0192585885525
train	train	363	0.02322172001
train	train	365	0.010674752295
train	train	368	0.0116602377966
train	train	369	0.0178389716893
train	train	371	0.0191866196692
train	train	375	0.00926407426596
train	train	378	0.0203055087477
train	train	379	0.01500704512
train	train	380	0.0403038337827
train	train	381	0.0347169190645
train	train	384	0.0252782665193
train	train	389	0.0353949703276
train	train	393	0.0149120334536
train	train	394	0.0193462371826
train	train	396	0.0161547586322
train	train	397	0.0188039578497
train	train	399	0.0202027373016
train	train	402	0.0383626483381
train	train	403	0.0168616436422
train	train	405	0.0126732317731
train	train	408	0.0405616052449
train	train	409	0.0185987632722
train	train	410	0.0144593250006
train	train	413	0.0374817997217
train	train	414	0.0302676539868
train	train	415	0.0141233298928
train	train	416	0.0361140370369
train	train	420	0.0141782015562
train	train	421	0.0360336974263
train	train	422	0.0264263544232
train	train	423	0.0297940559685
train	train	424	0.0129185775295
train	train	425	0.0276577621698
train	train	427	0.0669670775533
train	train	428	0.0186491645873
train	train	429	0.0170536376536
train	train	433	0.0258313324302
train	train	434	0.0202768780291
train	train	435	0.0272597633302
train	train	439	0.0162845570594
train	train	440	0.0125638684258
train	train	443	0.0184807293117
train	train	444	0.0275048986077
train	train	445	0.0177284181118
train	train	446	0.0072016925551
train	train	447	0.0164440553635
train	train	452	0.0145046636462
train	train	453	0.0185453370214
train	train	454	0.0191135611385
train	train	457	0.0117885963991
train	train	458	0.0148502886295
train	train	460	0.00898024812341
train	train	461	0.0268877185881
train	train	462	0.0191327892244
train	train	463	0.0159213468432
train	train	465	0.0226719938219
train	train	467	0.0150540322065
train	train	471	0.0170940496027
train	train	472	0.0206170212477
train	train	473	0.0210183635354
train	train	477	0.037182316184
train	train	479	0.0162741951644
train	train	480	0.0251576006413
train	train	482	0.033105995506
train	train	483	0.0245363898575
train	train	484	0.0157428886741
train	train	485	0.028450185433
train	train	486	0.00938072614372
train	train	488	0.0299498829991
train	train	489	0.0199539791793
train	train	491	0.0269813649356
train	train	493	0.0255286637694
train	train	497	0.018094882369
train	train	498	0.0249555986375
train	train	499	0.0238057933748
train	train	504	0.0194211304188
train	train	507	0.0149567183107
train	train	508	0.0410499200225
train	train	509	0.0278780441731
train	train	511	0.030234741047
train	train	512	0.0340717025101
train	train	513	0.0351570993662
train	train	514	0.0421913713217
train	train	517	0.0177448689938
train	train	520	0.0250336751342
train	train	521	0.0108934827149
train	train	522	0.0137177724391
train	train	523	0.0267025083303
train	train	524	0.0123592950404
train	train	526	0.0120724672452
train	train	527	0.0154058784246
train	train	529	0.0393643826246
train	train	530	0.0201631300151
train	train	532	0.0252231452614
train	train	534	0.0156493466347
train	train	535	0.0363253615797
train	train	537	0.0166590511799
train	train	540	0.0413813516498
train	train	543	0.0261239372194
train	train	546	0.0409189909697
train	train	548	0.0105026140809
train	train	553	0.041385024786
train	train	554	0.0335762538016
train	train	555	0.0168638993055
train	train	556	0.0259796138853
train	train	557	0.0238817483187
train	train	559	0.0190461911261
train	train	560	0.02572170645
train	train	564	0.0149237960577
train	train	565	0.0220693554729
train	train	567	0.0440969094634
train	train	568	0.0153656676412
train	train	570	0.0301652438939
train	train	572	0.0216637346894
train	train	573	0.0131541369483
train	train	574	0.0263099372387
train	train	575	0.0176789164543
train	train	577	0.0114431809634
train	train	580	0.00936392042786
train	train	581	0.0126463342458
train	train	582	0.0141520956531
train	train	583	0.026660464704
train	train	584	0.0203701928258
train	train	585	0.0207826215774
train	train	587	0.00781120546162
train	train	589	0.0206577070057
train	train	593	0.0193379372358
train	train	595	0.0182820465416
train	train	596	0.0199760273099
train	train	597	0.0222093872726
train	train	598	0.0382349900901
train	train	599	0.018746688962
train	train	600	0.022042632103
train	train	604	0.0269158482552
train	train	607	0.0172370821238
train	train	608	0.0508582517505
train	train	609	0.0207207091153
train	train	610	0.0182666182518
train	train	612	0.0154953943565
train	train	613	0.0233439914882
train	train	614	0.0278537794948
train	train	615	0.0364618375897
train	train	616	0.0181973893195
train	train	617	0.0111912945285
train	train	618	0.0130954189226
train	train	619	0.0166526176035
train	train	623	0.0102165210992
train	train	626	0.00763387652114
train	train	627	0.0133816301823
train	train	628	0.0129080116749
train	train	630	0.036767564714
train	train	631	0.013065436855
train	train	632	0.0184645038098
train	train	633	0.0185618922114
train	train	634	0.0148059334606
train	train	636	0.022115977481
train	train	637	0.0199074484408
train	train	638	0.0131742237136
train	train	640	0.0270958133042
train	train	642	0.0206114985049
train	train	643	0.0159261748195
train	train	646	0.0152722140774
train	train	648	0.0173930712044
train	train	649	0.0181770138443
train	train	650	0.0295441076159
train	train	651	0.0198803134263
train	train	652	0.0225895065814
train	train	654	0.0208311751485
train	train	657	0.0157721471041
train	train	658	0.0186050403863
train	train	659	0.0171691179276
train	train	660	0.0309289880097
train	train	661	0.013323912397
train	train	662	0.0173929426819
train	train	666	0.0233448818326
train	train	667	0.00779043324292
train	train	668	0.0165288820863
train	train	669	0.0281877703965
train	train	670	0.0220969393849
train	train	672	0.032772321254
train	train	673	0.0209636557847
train	train	675	0.0112648615614
train	train	682	0.0132702048868
train	train	688	0.014369674027
train	train	692	0.00947056990117
train	train	693	0.0203828718513
train	train	695	0.0235757064074
train	train	697	0.0359986126423
train	train	699	0.0172419268638
train	train	700	0.0248845778406
train	train	702	0.0136921945959
train	train	704	0.0173245016485
train	train	705	0.0219239890575
train	train	706	0.0231072027236
train	train	710	0.0175811164081
train	train	712	0.0190868508071
train	train	714	0.0145131470636
train	train	715	0.0241132862866
train	train	716	0.022172883153
train	train	718	0.0249077044427
train	train	720	0.0149487368762
train	train	722	0.0119307851419
train	train	723	0.0154954837635
train	train	726	0.013262915425
train	train	727	0.0121606905013
train	train	730	0.0325463041663
train	train	731	0.0154879614711
train	train	733	0.0278479773551
train	train	734	0.0356981866062
train	train	735	0.0157543644309
train	train	736	0.00926326960325
train	train	737	0.0170821342617
train	train	738	0.0323743894696
train	train	739	0.0160269849002
train	train	740	0.0109436325729
train	train	741	0.01233388111
train	train	742	0.0276594944298
train	train	743	0.0249182060361
train	train	744	0.0190203394741
train	train	745	0.0136993974447
train	train	746	0.0212077964097
train	train	747	0.0130746709183
train	train	748	0.0156879443675
train	train	749	0.0201819613576
train	train	753	0.0130051216111
train	train	754	0.0165006071329
train	train	755	0.0162214487791
train	train	756	0.0350281149149
train	train	757	0.014116095379
train	train	758	0.0168801434338
train	train	760	0.0227237679064
train	train	761	0.0198685824871
train	train	762	0.0226511768997
train	train	765	0.0370191372931
train	train	766	0.00827619247139
train	train	767	0.00921537447721
train	train	768	0.0150096062571
train	train	769	0.0178751274943
train	train	770	0.021148191765
train	train	772	0.0347241014242
train	train	776	0.0175166539848
train	train	777	0.0200855638832
train	train	778	0.0250183977187
train	train	780	0.0123993866146
train	train	783	0.0109728351235
train	train	784	0.0190639160573
train	train	785	0.0218090713024
train	train	790	0.0106929475442
train	train	791	0.0179973877966
train	train	792	0.0112134376541
train	train	793	0.00779330357909
train	train	794	0.0199485626072
train	train	795	0.0310824867338
train	train	798	0.0197033267468
train	train	799	0.00875641126186
train	train	800	0.0149466525763
train	train	801	0.0207844935358
train	train	803	0.0173959247768
train	train	804	0.0151017922908
train	train	807	0.00915769394487
train	train	808	0.0276944413781
train	train	810	0.0163695644587
train	train	814	0.0125650186092
train	train	815	0.0185810104012
train	train	816	0.016224257648
train	train	817	0.0205194093287
train	train	818	0.0134852109477
train	train	819	0.0143471499905
train	train	823	0.0182072203606
train	train	824	0.0134038282558
train	train	826	0.0143564548343
train	train	827	0.0161196645349
train	train	829	0.022941691801
train	train	830	0.0115814441815
train	train	831	0.00860745366663
train	train	833	0.0158441141248
train	train	834	0.0163604281843
train	train	835	0.0191623419523
train	train	836	0.0194015279412
train	train	838	0.0184457264841
train	train	839	0.0294072963297
train	train	841	0.0241718105972
train	train	842	0.0241045951843
train	train	843	0.011895287782
train	train	844	0.0146942576393
train	train	845	0.014018939808
train	train	848	0.00646777730435
train	train	849	0.0127227976918
train	train	854	0.01610779576
train	train	857	0.0173772983253
train	train	859	0.018743313849
train	train	860	0.0159078594297
train	train	862	0.0166348461062
train	train	863	0.0165852028877
train	train	864	0.0122328363359
train	train	865	0.0399223268032
train	train	866	0.0198533087969
train	train	867	0.0102488901466
train	train	868	0.028273653239
train	train	871	0.0241059008986
train	train	872	0.00837301462889
train	train	873	0.0162142086774
train	train	877	0.0335681661963
train	train	878	0.0327682122588
train	train	879	0.0192103683949
train	train	880	0.0257692206651
train	train	882	0.0115351229906
train	train	884	0.0281442161649
train	train	885	0.0244647301733
train	train	886	0.00763924792409
train	train	887	0.00676883710548
train	train	888	0.0306186787784
train	train	889	0.0191292148083
train	train	890	0.0190960355103
train	train	892	0.0117984283715
train	train	893	0.0188932400197
train	train	894	0.0171988215297
train	train	895	0.0123028233647
train	train	897	0.0155610432848
train	train	899	0.0224502701312
train	train	900	0.0148636177182
train	train	901	0.00667764712125
train	train	902	0.0351517051458
train	train	904	0.0134688364342
train	train	905	0.0272732637823
train	train	909	0.0224629715085
train	train	910	0.0144488811493
train	train	911	0.0162207372487
train	train	912	0.0182726271451
train	train	914	0.0223520174623
train	train	915	0.0176157578826
train	train	916	0.0167444068938
train	train	920	0.0131631270051
train	train	921	0.0249820612371
train	train	922	0.0106218494475
train	train	923	0.0146085433662
train	train	924	0.0339732579887
train	train	930	0.0194363761693
train	train	932	0.0188494361937
train	train	934	0.0114068938419
train	train	936	0.0160374380648
train	train	937	0.025325730443
train	train	938	0.032223533839
train	train	939	0.0214375369251
train	train	942	0.0181691944599
train	train	943	0.0173015631735
train	train	944	0.0197263881564
train	train	945	0.0202822051942
train	train	947	0.0175340846181
train	train	948	0.0118159782141
train	train	950	0.0466937720776
train	train	953	0.040627554059
train	train	954	0.0190638639033
train	train	955	0.0147909317166
train	train	956	0.0185086857527
train	train	957	0.0254692286253
train	train	958	0.0265319924802
train	train	959	0.0184850376099
train	train	960	0.0136348623782
train	train	961	0.0208868999034
train	train	962	0.00864613987505
train	train	963	0.0196820404381
train	train	964	0.015791118145
train	train	965	0.0242445450276
train	train	966	0.0132837472484
train	train	967	0.0218898579478
train	train	970	0.020642735064
train	train	972	0.0195734985173
train	train	975	0.00831812992692
train	train	976	0.0284678507596
train	train	979	0.0297649502754
train	train	980	0.0279050543904
train	train	981	0.0163581185043
train	train	982	0.0220309477299
train	train	983	0.0223353803158
train	train	984	0.0106958830729
train	train	986	0.0312878638506
train	train	987	0.0243663433939
train	train	988	0.0163933504373
train	train	991	0.0073133893311
train	train	992	0.016097035259
train	train	994	0.0286431070417
train	train	996	0.0313037894666
train	train	997	0.0200650952756
train	train	999	0.0226854383945
train	train	1002	0.0114256124943
train	train	1003	0.0153758516535
train	train	1005	0.0198618248105
train	train	1006	0.0325034409761
train	train	1008	0.0151261221617
train	train	1009	0.0272263996303
train	train	1010	0.0111988820136
train	train	1012	0.0208418443799
train	train	1016	0.0197075083852
train	train	1017	0.0285834558308
train	train	1018	0.0130419582129
train	train	1019	0.0119838919491
train	train	1020	0.0196703895926
train	train	1021	0.0265328995883
train	train	1022	0.0207859538496
train	train	1023	0.00964882597327
train	train	1024	0.0100078806281
train	train	1026	0.021992880851
train	train	1027	0.0176365803927
train	train	1030	0.0202927980572
train	train	1031	0.0138599798083
train	train	1032	0.0120515199378
train	train	1033	0.0220805183053
train	train	1034	0.0186815783381
train	train	1036	0.0222942195833
train	train	1037	0.0214351769537
train	train	1039	0.0148245878518
train	train	1040	0.0184440445155
train	train	1041	0.0134370587766
train	train	1042	0.0138970669359
train	train	1043	0.0127764139324
train	train	1044	0.00744964834303
train	train	1045	0.0258063096553
train	train	1046	0.0233898945153
train	train	1047	0.0195469595492
train	train	1048	0.0179084539413
train	train	1049	0.0206510461867
train	train	1050	0.0142905563116
train	train	1052	0.0149807911366
train	train	1053	0.0192552804947
train	train	1055	0.0166083276272
train	train	1056	0.0140073057264
train	train	1057	0.0290907714516
train	train	1059	0.0104074887931
train	train	1062	0.00937315449119
train	train	1063	0.0239722058177
train	train	1065	0.010627804324
train	train	1066	0.0117186494172
train	train	1067	0.0121359443292
train	train	1069	0.00994339026511
train	train	1070	0.00988287571818
train	train	1071	0.0132168270648
train	train	1072	0.00886060111225
train	train	1073	0.0153042376041
train	train	1074	0.0170790702105
train	train	1078	0.0149583518505
train	train	1080	0.00904246140271
train	train	1083	0.0222457125783
train	train	1084	0.0340374521911
train	train	1085	0.0112009607255
train	train	1086	0.018184684217
train	train	1087	0.0143788866699
train	train	1088	0.0211294963956
train	train	1090	0.0106827635318
train	train	1092	0.0183027498424
train	train	1093	0.0215372629464
train	train	1094	0.0240088030696
train	train	1097	0.0228843986988
train	train	1100	0.0134296752512
train	train	1101	0.0130977425724
train	train	1102	0.0136871142313
train	train	1104	0.0172059461474
train	train	1105	0.016134608537
train	train	1106	0.0155691783875
train	train	1107	0.0156539175659
train	train	1108	0.0196521542966
train	train	1109	0.0138752218336
train	train	1110	0.00989634171128
train	train	1111	0.010535703972
train	train	1112	0.0319946110249
train	train	1115	0.0140830334276
train	train	1116	0.025310177356
train	train	1117	0.0155209396034
train	train	1118	0.0226766951382
train	train	1119	0.0207856222987
train	train	1121	0.0185378473252
train	train	1123	0.0166427791119
train	train	1124	0.0199066419154
train	train	1126	0.00869282055646
train	train	1127	0.010180647485
train	train	1129	0.0115644242615
train	train	1130	0.0218045692891
train	train	1131	0.0125837158412
train	train	1132	0.0116923507303
train	train	1134	0.0234186574817
train	train	1135	0.0142047740519
train	train	1137	0.0292655862868
train	train	1141	0.0185920596123
train	train	1142	0.0085494350642
train	train	1143	0.0137890148908
train	train	1144	0.0190707929432
train	train	1145	0.0164723396301
train	train	1147	0.022909315303
train	train	1148	0.0272037908435
train	train	1149	0.0247545689344
train	train	1150	0.0187349803746
train	train	1151	0.0195117332041
train	train	1153	0.0138762490824
train	train	1154	0.0113809276372
train	train	1155	0.0220383666456
train	train	1156	0.0137622673064
train	train	1157	0.0115285664797
train	train	1158	0.00797367841005
train	train	1161	0.0119052175432
train	train	1162	0.0103665739298
train	train	1163	0.0184064134955
train	train	1164	0.0111835598946
train	train	1165	0.0131172835827
train	train	1166	0.0158001538366
train	train	1167	0.0154659990221
train	train	1169	0.0161009430885
train	train	1170	0.0249005500227
train	train	1171	0.0124078132212
train	train	1172	0.0310045517981
train	train	1173	0.0168213769794
train	train	1174	0.013459790498
train	train	1176	0.0148766962811
train	train	1177	0.0103934947401
train	train	1178	0.0105684418231
train	train	1179	0.0139319282025
train	train	1180	0.00978372991085
train	train	1182	0.0179192554206
train	train	1183	0.0184746980667
train	train	1184	0.0263024494052
train	train	1185	0.0152524765581
train	train	1186	0.0266372449696
train	train	1187	0.0110993627459
train	train	1188	0.0177760925144
train	train	1190	0.0111934253946
train	train	1191	0.0201909672469
train	train	1194	0.0212803781033
train	train	1196	0.0124801490456
train	train	1198	0.0166198760271
train	train	1200	0.0100439786911
train	train	1202	0.0278149284422
train	train	1205	0.0106828752905
train	train	1207	0.0306426398456
train	train	1208	0.0131355784833
train	train	1209	0.013498460874
train	train	1210	0.0192019566894
train	train	1211	0.0149631900713
train	train	1214	0.0166076384485
train	train	1216	0.0125704612583
train	train	1217	0.0201568752527
train	train	1218	0.0138656022027
train	train	1220	0.00638116383925
train	train	1221	0.0122620165348
train	train	1222	0.0213865377009
train	train	1225	0.0220638271421
train	train	1226	0.0418305359781
train	train	1228	0.0168693568558
train	train	1229	0.013702025637
train	train	1231	0.0113585051149
train	train	1232	0.0210463777184
train	train	1233	0.0165868345648
train	train	1234	0.00960566662252
train	train	1237	0.0182058811188
train	train	1238	0.0177984386683
train	train	1239	0.0167185179889
train	train	1240	0.0197882540524
train	train	1241	0.0203059148043
train	train	1242	0.0244327448308
train	train	1245	0.0220959335566
train	train	1247	0.0226957313716
train	train	1249	0.0184475202113
train	train	1250	0.0135751459748
train	train	1251	0.0201397798955
train	train	1253	0.0186511836946
train	train	1254	0.0124098453671
train	train	1256	0.0102602355182
train	train	1260	0.026449739933
train	train	1261	0.0179814249277
train	train	1263	0.0287200305611
train	train	1267	0.0211960971355
train	train	1270	0.00662577524781
train	train	1271	0.0218654498458
train	train	1275	0.0189644917846
train	train	1278	0.0227636806667
train	train	1281	0.0243791304529
train	train	1282	0.0258511975408
train	train	1283	0.022066552192
train	train	1285	0.00821748003364
train	train	1286	0.00602979026735
train	train	1287	0.0147865451872
train	train	1290	0.0339618287981
train	train	1292	0.011855892837
train	train	1294	0.0275069661438
train	train	1298	0.0202601682395
train	train	1300	0.024855107069
train	train	1301	0.0115220043808
train	train	1303	0.0208944994956
train	train	1304	0.0134876854718
train	train	1305	0.00737821962684
train	train	1306	0.00654803495854
train	train	1307	0.0174500867724
train	train	1308	0.0182626657188
train	train	1309	0.0214046239853
train	train	1310	0.0203884318471
train	train	1312	0.0097478358075
train	train	1313	0.0306857526302
train	train	1314	0.0142723172903
train	train	1315	0.0204375460744
train	train	1316	0.0158463083208
train	train	1318	0.0146299283952
train	train	1323	0.0123174581677
train	train	1325	0.0442152880132
train	train	1328	0.0155904740095
train	train	1329	0.0200647264719
train	train	1330	0.0193471517414
train	train	1331	0.0148534495384
train	train	1334	0.0169774964452
train	train	1336	0.0130912475288
train	train	1337	0.0172226801515
train	train	1338	0.0364006459713
train	train	1339	0.0261253900826
train	train	1340	0.0124019533396
train	train	1341	0.0179758146405
train	train	1345	0.0141117013991
train	train	1346	0.0315349325538
train	train	1347	0.0160715337843
train	train	1348	0.0192580036819
train	train	1349	0.0232527609915
train	train	1352	0.0353962741792
train	train	1354	0.023435741663
train	train	1355	0.0220375731587
train	train	1358	0.0100243473426
train	train	1360	0.0220105648041
train	train	1361	0.0164789259434
train	train	1363	0.0194375105202
train	train	1364	0.0288455747068
train	train	1365	0.0158679634333
train	train	1368	0.02005507797
train	train	1369	0.0234512519091
train	train	1370	0.0250675678253
train	train	1371	0.0218603219837
train	train	1372	0.0263396725059
train	train	1374	0.0193456057459
train	train	1375	0.0145636750385
train	train	1376	0.0107396319509
train	train	1377	0.0245005004108
train	train	1380	0.0261692628264
train	train	1382	0.0201697722077
train	train	1383	0.0129746496677
train	train	1384	0.0108871050179
train	train	1385	0.0180593878031
train	train	1386	0.0195845849812
train	train	1388	0.0155600942671
train	train	1392	0.022911708802
train	train	1393	0.0247180983424
train	train	1396	0.0211614686996
train	train	1397	0.0115460595116
train	train	1400	0.0121539412066
train	train	1401	0.0271678436548
train	train	1403	0.0290453955531
train	train	1404	0.0179696083069
train	train	1409	0.0167448148131
train	train	1410	0.0346563793719
train	train	1411	0.009675337933
train	train	1412	0.0355558358133
train	train	1414	0.0210834480822
train	train	1416	0.0248968619853
train	train	1417	0.0163067765534
train	train	1418	0.0332191251218
train	train	1419	0.0216032005847
train	train	1420	0.0249725542963
train	train	1421	0.0245110895485
train	train	1423	0.0163129754364
train	train	1424	0.0230636503547
train	train	1426	0.0243249218911
train	train	1429	0.0119581520557
train	train	1431	0.00961833074689
train	train	1432	0.0178293082863
train	train	1433	0.0178094599396
train	train	1434	0.0169487409294
train	train	1435	0.0238899756223
train	train	1438	0.0302721187472
train	train	1441	0.0164382979274
train	train	1442	0.0192095004022
train	train	1443	0.016771895811
train	train	1444	0.0167358275503
train	train	1446	0.0174409113824
train	train	1448	0.0535309575498
train	train	1450	0.0184031575918
train	train	1454	0.0228939801455
train	train	1455	0.0187238827348
train	train	1456	0.0189755763859
train	train	1458	0.0135805830359
train	train	1460	0.0156776830554
train	train	1461	0.0150244580582
train	train	1462	0.0176543034613
train	train	1466	0.0165186524391
train	train	1468	0.0148532595485
train	train	1469	0.0352133661509
train	train	1476	0.0151398135349
train	train	1478	0.0425720065832
train	train	1479	0.0160135067999
train	train	1482	0.0238236058503
train	train	1484	0.0140576455742
train	train	1485	0.0151497479528
train	train	1486	0.0153061170131
train	train	1487	0.0188560560346
train	train	1488	0.0145987840369
train	train	1489	0.0550867058337
train	train	1491	0.012952497229
train	train	1492	0.0173076037318
train	train	1493	0.0228264257312
train	train	1494	0.0210069194436
train	train	1497	0.0154562741518
train	train	1498	0.0224575400352
train	train	1499	0.0269273333251
train	train	1501	0.0195507928729
train	train	1504	0.0159739814699
train	train	1505	0.0135281309485
train	train	1507	0.0280142016709
train	train	1508	0.0102513348684
train	train	1510	0.0116579160094
train	train	1512	0.0132625652477
train	train	1513	0.0144150909036
train	train	1514	0.0190255567431
train	train	1515	0.0523987077177
train	train	1516	0.0334454029799
train	train	1518	0.020913708955
train	train	1519	0.0199222955853
train	train	1520	0.0138511825353
train	train	1521	0.0213214941323
train	train	1522	0.00979538820684
train	train	1523	0.0175419580191
train	train	1524	0.0175080485642
train	train	1525	0.0398683324456
train	train	1528	0.0089875459671
train	train	1530	0.0195652656257
train	train	1531	0.0130059532821
train	train	1532	0.0224568136036
train	train	1533	0.0183219760656
train	train	1534	0.0280885584652
train	train	1535	0.0151087380946
train	train	1536	0.015206111595
train	train	1537	0.0177264176309
train	train	1539	0.0195808298886
train	train	1540	0.0178686343133
train	train	1543	0.0139069715515
train	train	1546	0.0188205353916
train	train	1547	0.0142230316997
train	train	1550	0.0127091426402
train	train	1551	0.0180629193783
train	train	1554	0.0167466253042
train	train	1556	0.0187896639109
train	train	1558	0.0229420606047
train	train	1559	0.0239365715533
train	train	1565	0.0196674317122
train	train	1567	0.0162918977439
train	train	1569	0.0176142100245
train	train	1570	0.0253511220217
train	train	1573	0.0123994443566
train	train	1575	0.019901663065
train	train	1576	0.0217100679874
train	train	1579	0.0130644403398
train	train	1580	0.0110833644867
train	train	1581	0.0219127163291
train	train	1582	0.00968612357974
train	train	1584	0.0145131424069
train	train	1585	0.0282482542098
train	train	1586	0.0187194757164
train	train	1587	0.0112938424572
train	train	1588	0.0172100588679
train	train	1590	0.0229320451617
train	train	1592	0.0108105670661
train	train	1594	0.00969203934073
train	train	1595	0.0159057211131
train	train	1596	0.0160031188279
train	train	1597	0.0275578871369
train	train	1598	0.0184779446572
train	train	1601	0.0129903145134
train	train	1603	0.00793226249516
train	train	1605	0.0207804664969
train	train	1606	0.0156498029828
train	train	1607	0.0183465816081
train	train	1610	0.00860432349145
train	train	1612	0.0233152862638
train	train	1613	0.0453539192677
train	train	1614	0.0230869296938
train	train	1615	0.0260618571192
train	train	1617	0.0137062445283
train	train	1621	0.0238261856139
train	train	1622	0.015127084218
train	train	1623	0.00995188672096
train	train	1624	0.0142784528434
train	train	1625	0.0219806171954
train	train	1626	0.00651545543224
train	train	1627	0.0137803163379
train	train	1628	0.0258395113051
train	train	1629	0.0129369739443
train	train	1630	0.0142530091107
train	train	1631	0.0227579139173
train	train	1632	0.0137420427054
train	train	1633	0.0141207855195
train	train	1634	0.012061746791
train	train	1635	0.0268809925765
train	train	1636	0.0189983081073
train	train	1637	0.0139920935035
train	train	1638	0.0156064964831
train	train	1639	0.0167321376503
train	train	1640	0.0194450039417
train	train	1641	0.0154732745141
train	train	1643	0.0115413907915
train	train	1644	0.0170257538557
train	train	1647	0.0104770325124
train	train	1649	0.015165656805
train	train	1651	0.0134860835969
train	train	1653	0.0135312322527
train	train	1656	0.02733341977
train	train	1658	0.0156780295074
train	train	1659	0.013817705214
train	train	1660	0.0391523912549
train	train	1661	0.0169519092888
train	train	1662	0.0258804019541
train	train	1663	0.0179410148412
train	train	1664	0.0262432992458
train	train	1665	0.0112729873508
train	train	1666	0.025422167033
train	train	1667	0.0164126642048
train	train	1668	0.0235024802387
train	train	1669	0.0137632116675
train	train	1671	0.0244830865413
train	train	1672	0.0112840328366
train	train	1673	0.00979228876531
train	train	1674	0.0184105336666
train	train	1675	0.00823515933007
train	train	1676	0.0233111958951
train	train	1678	0.0182192865759
train	train	1680	0.0200400706381
train	train	1681	0.00759685458615
train	train	1683	0.0222996752709
train	train	1684	0.0129276048392
train	train	1686	0.0312742367387
train	train	1687	0.0320795662701
train	train	1689	0.0286381058395
train	train	1690	0.0218725688756
train	train	1692	0.0162047818303
train	train	1693	0.0151018658653
train	train	1695	0.0151160042733
train	train	1696	0.0152221862227
train	train	1698	0.0173659026623
train	train	1699	0.0290268473327
train	train	1700	0.0094000780955
train	train	1703	0.0166299454868
train	train	1705	0.0122312009335
train	train	1706	0.0213658772409
train	train	1709	0.0165097545832
train	train	1710	0.0080688688904
train	train	1711	0.0167130529881
train	train	1712	0.0215441156179
train	train	1713	0.0178327225149
train	train	1720	0.0115876402706
train	train	1721	0.0126405190676
train	train	1723	0.0166492108256
train	train	1724	0.026818331331
train	train	1725	0.0284074395895
train	train	1726	0.0164880119264
train	train	1728	0.047144562006
train	train	1729	0.020367924124
train	train	1732	0.00722326897085
train	train	1737	0.0138340303674
train	train	1739	0.0147607848048
train	train	1752	0.0243758615106
train	train	1754	0.0179611630738
train	train	1757	0.0125156845897
train	train	1759	0.0250651296228
train	train	1760	0.018736217171
train	train	1761	0.0360964983702
train	train	1762	0.0236710719764
train	train	1763	0.0145453251898
train	train	1765	0.020847061649
train	train	1766	0.0122835421935
train	train	1767	0.0260741021484
train	train	1770	0.0186056904495
train	train	1771	0.015032174997
train	train	1773	0.0186129845679
train	train	1775	0.0153414662927
train	train	1776	0.0141811687499
train	train	1777	0.0268530882895
train	train	1779	0.0213484279811
train	train	1781	0.0218862071633
train	train	1785	0.0200703591108
train	train	1790	0.0420606285334
train	train	1792	0.0118978507817
train	train	1793	0.0329455658793
train	train	1794	0.0224870052189
train	train	1795	0.00931194331497
train	train	1797	0.0180599503219
train	train	1799	0.0180936101824
train	train	1802	0.0303335934877
train	train	1805	0.0117619931698
train	train	1806	0.0123834302649
train	train	1807	0.0324126034975
train	train	1808	0.026612855494
train	train	1810	0.0148221179843
train	train	1811	0.0207575652748
train	train	1813	0.0131859574467
train	train	1815	0.0146627929062
train	train	1816	0.0172995310277
train	train	1817	0.0326336249709
train	train	1819	0.0317604504526
train	train	1820	0.0235181581229
train	train	1821	0.0157801005989
train	train	1822	0.0274953469634
train	train	1824	0.0203843005002
train	train	1825	0.0328381322324
train	train	1827	0.0287422742695
train	train	1828	0.0238643176854
train	train	1829	0.0171017255634
train	train	1830	0.0154718430713
train	train	1831	0.01453162916
train	train	1832	0.0468397289515
train	train	1833	0.0134490402415
train	train	1836	0.0132606010884
train	train	1837	0.0149444565177
train	train	1838	0.0132687930018
train	train	1840	0.0259021762758
train	train	1841	0.035763990134
train	train	1842	0.0164060611278
train	train	1843	0.0196683742106
train	train	1847	0.0146880662069
train	train	1850	0.0234586633742
train	train	1851	0.0324499458075
train	train	1856	0.0208756942302
train	train	1857	0.0215860493481
train	train	1859	0.0165989510715
train	train	1861	0.017180653289
train	train	1862	0.0291603319347
train	train	1864	0.0143389534205
train	train	1865	0.0362194105983
train	train	1866	0.02050383389
train	train	1868	0.0128175625578
train	train	1869	0.0276223253459
train	train	1870	0.0265047959983
train	train	1872	0.025302413851
train	train	1873	0.0243957638741
train	train	1874	0.0138389635831
train	train	1875	0.0170774962753
train	train	1876	0.0195114649832
train	train	1877	0.0164186470211
train	train	1878	0.0176246892661
train	train	1880	0.00918298400939
train	train	1883	0.0207434408367
train	train	1884	0.0198893919587
train	train	1885	0.0135767441243
train	train	1886	0.0163733735681
train	train	1887	0.0172962993383
train	train	1891	0.00893078185618
train	train	1894	0.00803893711418
train	train	1896	0.0143397338688
train	train	1898	0.0245407056063
train	train	1900	0.0196526702493
train	train	1903	0.0136782918125
train	train	1904	0.0115031320602
train	train	1907	0.0199594087899
train	train	1908	0.0251007657498
train	train	1911	0.012811742723
train	train	1912	0.0113316075876
train	train	1914	0.0192155279219
train	train	1918	0.0123920310289
train	train	1919	0.0145485643297
train	train	1924	0.0110443206504
train	train	1925	0.0128775183111
train	train	1926	0.0163651332259
train	train	1930	0.0199538469315
train	train	1932	0.0108151994646
train	train	1933	0.0131317237392
train	train	1936	0.0194402113557
train	train	1938	0.00975256413221
train	train	1941	0.0182433575392
train	train	1947	0.00420005526394
train	train	1948	0.0151958884671
train	train	1949	0.0130852619186
train	train	1950	0.0166232120246
train	train	1956	0.0126550029963
train	train	1965	0.0273103434592
train	train	1968	0.00985309388489
train	train	1970	0.0243109464645
train	train	1973	0.0139390341938
train	train	1975	0.0216355063021
train	train	1976	0.0109922476113
train	train	1979	0.0181843154132
train	train	1982	0.0170306470245
train	train	1983	0.011832555756
train	train	1984	0.0245108846575
train	train	1985	0.013041254133
train	train	1986	0.0141313001513
train	train	1987	0.0143666341901
train	train	1990	0.0151598080993
train	train	1992	0.0144193209708
train	train	1993	0.0101602878422
train	train	1995	0.0139988213778
train	train	1996	0.0226011350751
train	train	1999	0.0105288047343
train	train	2001	0.0121095152572
train	train	2002	0.0112017970532
train	train	2005	0.0122217629105
train	train	2007	0.0160277877003
train	train	2008	0.0191788692027
train	train	2009	0.0185269992799
train	train	2011	0.0229734573513
train	train	2012	0.0133127849549
train	train	2015	0.010516198352
train	train	2019	0.0199006404728
train	train	2022	0.0177839361131
train	train	2025	0.0239439178258
train	train	2027	0.0166703574359
train	train	2028	0.0174628868699
train	train	2029	0.0131865581498
train	train	2030	0.0153579693288
train	train	2032	0.0222233328968
train	train	2033	0.0150571968406
train	train	2035	0.0265326164663
train	train	2036	0.0166213978082
train	train	2039	0.0264709070325
train	train	2041	0.0230163130909
train	train	2046	0.0190718993545
train	train	2047	0.020128371194
train	train	2048	0.0239353515208
train	train	2049	0.0285115540028
train	train	2050	0.016829084605
train	train	2051	0.0160950608552
train	train	2052	0.0352035015821
train	train	2053	0.0301320813596
train	train	2054	0.0145204272121
train	train	2055	0.0205539278686
train	train	2057	0.0272657219321
train	train	2060	0.0301089845598
train	train	2061	0.0116756465286
train	train	2064	0.0303063392639
train	train	2068	0.0284265708178
train	train	2069	0.0296269059181
train	train	2071	0.0226445570588
train	train	2073	0.0151117835194
train	train	2074	0.0260563641787
train	train	2075	0.018604863435
train	train	2080	0.0199541710317
train	train	2081	0.0163143612444
train	train	2082	0.0145355705172
train	train	2083	0.00787562131882
train	train	2084	0.0206860657781
train	train	2085	0.0098836645484
train	train	2086	0.0336039252579
train	train	2087	0.0120668243617
train	train	2088	0.0164402332157
train	train	2089	0.00889455899596
train	train	2090	0.0151891820133
train	train	2092	0.00971989426762
train	train	2094	0.00602128915489
train	train	2095	0.0104128196836
train	train	2096	0.011447833851
train	train	2099	0.0198609381914
train	train	2102	0.0123377330601
train	train	2103	0.0134918484837
train	train	2104	0.00607926025987
train	train	2107	0.0183073338121
train	train	2108	0.0129499724135
train	train	2111	0.0163239687681
train	train	2112	0.00836122781038
train	train	2113	0.0105440225452
train	train	2114	0.0327405929565
train	train	2115	0.0127805750817
train	train	2116	0.0241702608764
train	train	2117	0.0132713783532
train	train	2120	0.0244733430445
train	train	2121	0.0124508384615
train	train	2122	0.0197536721826
train	train	2123	0.0311444811523
train	train	2124	0.0112281320617
train	train	2126	0.0493719391525
train	train	2127	0.0116823092103
train	train	2133	0.0140370000154
train	train	2134	0.0264501310885
train	train	2135	0.015288354829
train	train	2136	0.0123702958226
train	train	2137	0.0136676318944
train	train	2139	0.0164749622345
train	train	2143	0.0123352771625
train	train	2144	0.0271180383861
train	train	2148	0.0188481304795
train	train	2150	0.0123526696116
train	train	2151	0.0122799538076
train	train	2152	0.0220088213682
train	train	2155	0.0271687805653
train	train	2156	0.01237715967
train	train	2157	0.0503151342273
train	train	2162	0.0404840484262
train	train	2171	0.0269156768918
train	train	2176	0.0215919576585
train	train	2178	0.0206553824246
train	train	2179	0.0123186539859
train	train	2181	0.0157001223415
train	train	2182	0.0240974314511
train	train	2183	0.0161651223898
train	train	2184	0.0141283702105
train	train	2185	0.0235878936946
train	train	2187	0.0233673639596
train	train	2189	0.0149578917772
train	train	2190	0.0153176495805
train	train	2192	0.0283032171428
train	train	2193	0.0160543452948
train	train	2194	0.0252705421299
train	train	2197	0.0276852548122
train	train	2199	0.0130030084401
train	train	2201	0.016320053488
train	train	2202	0.0133989779279
train	train	2203	0.0161413475871
train	train	2204	0.0274566505104
train	train	2206	0.0356088429689
train	train	2207	0.0113043095917
train	train	2209	0.0140040591359
train	train	2210	0.0278154350817
train	train	2213	0.0228930078447
train	train	2214	0.0146622052416
train	train	2215	0.0124171189964
train	train	2216	0.0119723416865
train	train	2218	0.0204247124493
train	train	2219	0.0237063989043
train	train	2220	0.0207472871989
train	train	2221	0.00997195392847
train	train	2223	0.0117509607226
train	train	2225	0.0275697670877
train	train	2228	0.0178907886147
train	train	2229	0.0142768006772
train	train	2232	0.0153228603303
train	train	2233	0.00802058540285
train	train	2234	0.011406336911
train	train	2235	0.0218492224813
train	train	2236	0.0279498174787
train	train	2239	0.0243062097579
train	train	2242	0.0171561762691
train	train	2249	0.00970963202417
train	train	2250	0.0163055434823
train	train	2253	0.0211511552334
train	train	2254	0.0136493053287
train	train	2256	0.0233132466674
train	train	2257	0.0115112578496
train	train	2258	0.0159693881869
train	train	2260	0.020955786109
train	train	2263	0.0134567003697
train	train	2264	0.0163303129375
train	train	2265	0.0141202844679
train	train	2266	0.0213832966983
train	train	2268	0.0144602814689
train	train	2269	0.0190246887505
train	train	2270	0.0213060416281
train	train	2272	0.0180320013314
train	train	2276	0.00947089120746
train	train	2277	0.0160967092961
train	train	2278	0.0164548307657
train	train	2282	0.0137932226062
train	train	2283	0.0266357120126
train	train	2285	0.0231751389802
train	train	2286	0.0130312927067
train	train	2287	0.0131485126913
train	train	2293	0.0258888565004
train	train	2294	0.0127015598118
train	train	2296	0.031671423465
train	train	2297	0.0182649474591
train	train	2299	0.0247896909714
train	train	2303	0.0181352905929
train	train	2306	0.0138362282887
train	train	2309	0.0121959391981
train	train	2310	0.0158093869686
train	train	2311	0.0194508992136
train	train	2313	0.0235329344869
train	train	2315	0.0213660895824
train	train	2316	0.0126969339326
train	train	2320	0.0390426442027
train	train	2321	0.0255762580782
train	train	2323	0.0115308240056
train	train	2324	0.0146649591625
train	train	2327	0.0255699567497
train	train	2328	0.0154409892857
train	train	2329	0.0372994095087
train	train	2330	0.0148483477533
train	train	2331	0.0136375660077
train	train	2334	0.0193116441369
train	train	2336	0.0169413648546
train	train	2339	0.0170994997025
train	train	2342	0.0227782763541
train	train	2343	0.0211717374623
train	train	2347	0.0126569326967
train	train	2348	0.0217168703675
train	train	2350	0.0107876174152
train	train	2355	0.0219271369278
train	train	2358	0.0102266166359
train	train	2359	0.0341018587351
train	train	2361	0.0113467397168
train	train	2362	0.0197871010751
train	train	2363	0.0230131037533
train	train	2364	0.0219652783126
train	train	2365	0.0114728752524
train	train	2371	0.0173379294574
train	train	2373	0.021146690473
train	train	2374	0.011466014199
train	train	2375	0.00955024920404
train	train	2376	0.0151964956895
train	train	2378	0.0120875705034
train	train	2380	0.00646286038682
train	train	2381	0.0284307990223
train	train	2382	0.0144052645192
train	train	2383	0.0181521102786
train	train	2385	0.00876474007964
train	train	2386	0.0112571660429
train	train	2387	0.0131185045466
train	train	2388	0.0219097770751
train	train	2389	0.0118421465158
train	train	2390	0.0188922099769
train	train	2391	0.0101732844487
train	train	2392	0.0130578000098
train	train	2393	0.0335690006614
train	train	2396	0.0183320958167
train	train	2397	0.0306097809225
train	train	2398	0.0152079463005
train	train	2399	0.0125782284886
train	train	2400	0.02208853513
train	train	2404	0.0197188332677
train	train	2405	0.0164439678192
train	train	2406	0.0116204991937
train	train	2407	0.0278219021857
train	train	2408	0.0177297219634
train	train	2409	0.0201641265303
train	train	2410	0.0271667465568
train	train	2414	0.015983518213
train	train	2415	0.0208597704768
train	train	2418	0.0344298891723
train	train	2419	0.0140728354454
train	train	2421	0.0329693220556
train	train	2422	0.024075627327
train	train	2425	0.0132261579856
train	train	2426	0.0148910824209
train	train	2428	0.02382254228
train	train	2431	0.0142991095781
train	train	2433	0.0104947471991
train	train	2434	0.013475747779
train	train	2436	0.0185806490481
train	train	2437	0.0228581465781
train	train	2439	0.0198440738022
train	train	2440	0.0191208347678
train	train	2442	0.0285624675453
train	train	2443	0.0188973229378
train	train	2445	0.0160415843129
train	train	2447	0.0188169945031
train	train	2449	0.0237721838057
train	train	2450	0.0137295601889
train	train	2451	0.0131568815559
train	train	2452	0.033903054893
train	train	2453	0.018443275243
train	train	2454	0.0339409708977
train	train	2455	0.0373963266611
train	train	2456	0.0235489606857
train	train	2457	0.0153609616682
train	train	2458	0.0151668079197
train	train	2459	0.0179234556854
train	train	2460	0.0286846123636
train	train	2461	0.0137201882899
train	train	2462	0.0145095139742
train	train	2463	0.0236211195588
train	train	2464	0.0230687595904
train	train	2465	0.00803296361119
train	train	2466	0.0279021523893
train	train	2467	0.0189694669098
train	train	2470	0.023366862908
train	train	2472	0.0101473014802
train	train	2473	0.0202658362687
train	train	2474	0.0229936800897
train	train	2477	0.0153606748208
train	train	2478	0.0105966608971
train	train	2479	0.0144492629915
train	train	2480	0.0377793684602
train	train	2484	0.0253199376166
train	train	2485	0.0262817814946
train	train	2486	0.0311275720596
train	train	2488	0.0116099519655
train	train	2489	0.0191816035658
train	train	2491	0.0134549634531
train	train	2493	0.023736461997
train	train	2494	0.0151182170957
train	train	2495	0.0134578049183
train	train	2496	0.0127737028524
train	train	2498	0.00772857293487
train	train	2499	0.0374104678631
train	train	2500	0.0182961020619
train	train	2502	0.0187287312001
train	train	2505	0.019512174651
train	train	2507	0.0136568620801
train	train	2508	0.0214091837406
train	train	2509	0.0202150903642
train	train	2510	0.015155505389
train	train	2511	0.0104291476309
train	train	2512	0.0253705345094
train	train	2515	0.013805873692
train	train	2516	0.0181052554399
train	train	2517	0.0113395173103
train	train	2518	0.0166960805655
train	train	2520	0.00986560899764
train	train	2521	0.0236344467849
train	train	2522	0.0166521184146
train	train	2523	0.0112017337233
train	train	2524	0.0318911671638
train	train	2527	0.0117099341005
train	train	2529	0.013120777905
train	train	2530	0.00996384397149
train	train	2532	0.0238323565573
train	train	2533	0.018599845469
train	train	2534	0.0119313504547
train	train	2535	0.0134214553982
train	train	2539	0.0160733573139
train	train	2541	0.0651351213455
train	train	2543	0.0173171330243
train	train	2545	0.0161353647709
train	train	2546	0.0183175988495
train	train	2547	0.0149935455993
train	train	2549	0.00875580124557
train	train	2550	0.0129731427878
train	train	2553	0.0367400571704
train	train	2554	0.0191192775965
train	train	2555	0.0266017969698
train	train	2556	0.016838312149
train	train	2557	0.0314130447805
train	train	2558	0.018794413656
train	train	2560	0.027901571244
train	train	2562	0.0173462480307
train	train	2569	0.0208744835109
train	train	2570	0.0131880268455
train	train	2571	0.0255819894373
train	train	2572	0.0315685048699
train	train	2574	0.0407698825002
train	train	2575	0.00714068394154
train	train	2576	0.0099390167743
train	train	2577	0.021313264966
train	train	2579	0.0256318561733
train	train	2580	0.0215668007731
train	train	2581	0.0191953964531
train	train	2582	0.0430706031621
train	train	2583	0.0363975092769
train	train	2584	0.0141874523833
train	train	2587	0.017522726208
train	train	2588	0.0193035472184
train	train	2589	0.0205254927278
train	train	2590	0.0188372693956
train	train	2593	0.0203236341476
train	train	2596	0.0177087839693
train	train	2598	0.0171342752874
train	train	2599	0.0215176232159
train	train	2601	0.0157721601427
train	train	2603	0.0342264175415
train	train	2605	0.0194673351943
train	train	2607	0.0278315022588
train	train	2608	0.0216033942997
train	train	2609	0.0103754531592
train	train	2611	0.0187505651265
train	train	2612	0.0125427246094
train	train	2613	0.0167884379625
train	train	2615	0.0283780079335
train	train	2616	0.0160232167691
train	train	2617	0.00594492070377
train	train	2620	0.0267559587955
train	train	2623	0.0275279749185
train	train	2624	0.0301092900336
train	train	2626	0.0171511396766
train	train	2628	0.01357376948
train	train	2630	0.0151745621115
train	train	2634	0.0154322609305
train	train	2636	0.0115148425102
train	train	2638	0.0117712821811
train	train	2640	0.0268972031772
train	train	2642	0.0134295169264
train	train	2645	0.0332745164633
train	train	2647	0.0344947129488
train	train	2648	0.0211782306433
train	train	2650	0.0199726242572
train	train	2651	0.0281575229019
train	train	2652	0.00962992757559
train	train	2654	0.0202016271651
train	train	2655	0.0107406582683
train	train	2656	0.0140273589641
train	train	2657	0.02321514301
train	train	2658	0.0228431783617
train	train	2662	0.014462698251
train	train	2664	0.0348693691194
train	train	2670	0.0306596178561
train	train	2673	0.0206788815558
train	train	2676	0.0199904628098
train	train	2677	0.00707364454865
train	train	2678	0.0168614946306
train	train	2679	0.0226272530854
train	train	2680	0.0345536246896
train	train	2681	0.026152966544
train	train	2682	0.0170004144311
train	train	2685	0.0230973884463
train	train	2686	0.0206970907748
train	train	2687	0.00657145772129
train	train	2688	0.0135024795309
train	train	2689	0.0160313099623
train	train	2691	0.00823530275375
train	train	2692	0.024661950767
train	train	2694	0.020108403638
train	train	2695	0.023653768003
train	train	2696	0.0303112380207
train	train	2697	0.0310548208654
train	train	2703	0.0124415289611
train	train	2704	0.0372494310141
train	train	2706	0.0234347321093
train	train	2710	0.0201628170907
train	train	2711	0.0145442886278
train	train	2712	0.0120840901509
train	train	2713	0.0239440333098
train	train	2714	0.0302505735308
train	train	2716	0.0169239528477
train	train	2720	0.0231841448694
train	train	2721	0.0248702913523
train	train	2722	0.0170629397035
train	train	2723	0.0325004011393
train	train	2724	0.0183498393744
train	train	2725	0.0163908395916
train	train	2726	0.016668908298
train	train	2727	0.0539502538741
train	train	2728	0.0130707640201
train	train	2731	0.0143657624722
train	train	2732	0.0264964401722
train	train	2734	0.0147263016552
train	train	2735	0.00840212404728
train	train	2736	0.0227655693889
train	train	2739	0.0155947152525
train	train	2740	0.0148161165416
train	train	2742	0.0195220634341
train	train	2743	0.0115323401988
train	train	2748	0.019545212388
train	train	2749	0.00921219680458
train	train	2751	0.0141109172255
train	train	2753	0.00960132014006
train	train	2754	0.0148362629116
train	train	2755	0.0133717730641
train	train	2757	0.0319273844361
train	train	2759	0.0210398808122
train	train	2760	0.00887844152749
train	train	2764	0.0271829999983
train	train	2765	0.0310701131821
train	train	2767	0.0185761712492
train	train	2769	0.0195569489151
train	train	2770	0.0208068452775
train	train	2771	0.0130414888263
train	train	2772	0.00869825482368
train	train	2773	0.017369478941
train	train	2775	0.029260693118
train	train	2776	0.0316985994577
train	train	2779	0.0146999005228
train	train	2781	0.0224933885038
train	train	2783	0.0202101413161
train	train	2784	0.0216292012483
train	train	2785	0.0228291470557
train	train	2786	0.0197873841971
train	train	2787	0.019636625424
train	train	2789	0.0456475391984
train	train	2793	0.0307571534067
train	train	2796	0.0227025169879
train	train	2800	0.0221302974969
train	train	2802	0.0116585837677
train	train	2803	0.019687704742
train	train	2805	0.0333488248289
train	train	2806	0.0226799882948
train	train	2808	0.0107660386711
train	train	2809	0.00869142450392
train	train	2812	0.0079738702625
train	train	2813	0.0157236773521
train	train	2814	0.00854096747935
train	train	2816	0.0130902472883
train	train	2819	0.0287683531642
train	train	2820	0.0154068823904
train	train	2822	0.0195608362556
train	train	2823	0.00885160639882
train	train	2826	0.0142963025719
train	train	2827	0.0245654489845
train	train	2828	0.0159509964287
train	train	2831	0.0200544688851
train	train	2836	0.0178601425141
train	train	2837	0.0168135855347
train	train	2839	0.0251612570137
train	train	2840	0.0237310901284
train	train	2841	0.0154755413532
train	train	2842	0.0140826646239
train	train	2843	0.00777808390558
train	train	2845	0.0157283432782
train	train	2846	0.0136446245015
train	train	2847	0.0149848684669
train	train	2848	0.0126160271466
train	train	2849	0.0237732604146
train	train	2850	0.0207197386771
train	train	2851	0.00789677724242
train	train	2854	0.0129050519317
train	train	2855	0.00840920396149
train	train	2856	0.0186811201274
train	train	2857	0.0258668716997
train	train	2859	0.0174950584769
train	train	2860	0.0149634107947
train	train	2862	0.0199754051864
train	train	2863	0.0188296958804
train	train	2864	0.0117862625048
train	train	2865	0.0190806500614
train	train	2866	0.017892267555
train	train	2867	0.0236811731011
train	train	2870	0.0129112675786
train	train	2871	0.0172427333891
train	train	2872	0.022368920967
train	train	2873	0.02237598598
train	train	2874	0.019706543535
train	train	2875	0.0144514190033
train	train	2877	0.0121101140976
train	train	2881	0.0205035842955
train	train	2884	0.0244035627693
train	train	2893	0.0193992871791
train	train	2895	0.0273175593466
train	train	2896	0.0184103492647
train	train	2897	0.0216441638768
train	train	2902	0.0202618837357
train	train	2907	0.0147984288633
train	train	2908	0.0201478041708
train	train	2909	0.0266663786024
train	train	2910	0.013495111838
train	train	2913	0.0192092545331
train	train	2916	0.0186688620597
train	train	2917	0.0375397689641
train	train	2919	0.00675221346319
train	train	2921	0.0256868395954
train	train	2922	0.0193773619831
train	train	2923	0.0154483979568
train	train	2924	0.0117918401957
train	train	2925	0.0181222036481
train	train	2926	0.0141806807369
train	train	2927	0.014688976109
train	train	2929	0.026885278523
train	train	2931	0.022619549185
train	train	2933	0.0220558866858
train	train	2934	0.0185967870057
train	train	2935	0.0199982151389
train	train	2937	0.0151846809313
train	train	2938	0.0112542165443
train	train	2939	0.019648887217
train	train	2942	0.0132217062637
train	train	2944	0.015847325325
train	train	2945	0.0160012785345
train	train	2946	0.0179327875376
train	train	2948	0.0265497341752
train	train	2949	0.0351411141455
train	train	2950	0.0195296090096
train	train	2952	0.0293967314065
train	train	2955	0.0159544814378
train	train	2956	0.0394426807761
train	train	2957	0.0164150297642
train	train	2959	0.0154077690095
train	train	2960	0.015945835039
train	train	2962	0.0218778830022
train	train	2963	0.0234122462571
train	train	2964	0.0109631419182
train	train	2968	0.019182946533
train	train	2973	0.0118801612407
train	train	2975	0.0132142789662
train	train	2977	0.0131622599438
train	train	2978	0.0131761264056
train	train	2979	0.0170609261841
train	train	2980	0.00837778765708
train	train	2981	0.0186755340546
train	train	2982	0.0202323719859
train	train	2984	0.0352138876915
train	train	2985	0.022111389786
train	train	2987	0.027242988348
train	train	2990	0.0296537727118
train	train	2991	0.0124630946666
train	train	2992	0.0230200961232
train	train	2993	0.0430995970964
train	train	2994	0.0122009003535
train	train	2996	0.00948427896947
train	train	2997	0.00887586921453
train	train	2998	0.0116270855069
train	train	3000	0.0123133026063
train	train	3002	0.016706738621
train	train	3003	0.0151783851907
train	train	3005	0.0251654312015
train	train	3006	0.0120379962027
train	train	3007	0.0170379895717
train	train	3008	0.0167397800833
train	train	3010	0.0114208515733
train	train	3012	0.0177614837885
train	train	3013	0.0211597252637
train	train	3014	0.0194715447724
train	train	3016	0.0144209023565
train	train	3017	0.0183199364692
train	train	3019	0.0179073438048
train	train	3020	0.0421328097582
train	train	3021	0.0104897003621
train	train	3023	0.0152540793642
train	train	3025	0.0174467265606
train	train	3027	0.0324229262769
train	train	3028	0.0150262154639
train	train	3032	0.0149947609752
train	train	3033	0.0117685813457
train	train	3034	0.014087962918
train	train	3035	0.0228703208268
train	train	3036	0.0137406848371
train	train	3039	0.0183826424181
train	train	3040	0.0208773054183
train	train	3041	0.0190541222692
train	train	3042	0.0159195996821
train	train	3043	0.00761145539582
train	train	3045	0.0196290183812
train	train	3046	0.00880580116063
train	train	3047	0.0154383908957
train	train	3048	0.0160275194794
train	train	3049	0.0107235722244
train	train	3052	0.0200247298926
train	train	3054	0.01152929198
train	train	3056	0.0235536657274
train	train	3057	0.00915553420782
train	train	3058	0.0102730151266
train	train	3059	0.0196689385921
train	train	3061	0.0214958488941
train	train	3064	0.0136275999248
train	train	3065	0.0147580914199
train	train	3068	0.0199962891638
train	train	3069	0.0056671500206
train	train	3070	0.0259432401508
train	train	3072	0.0136908050627
train	train	3074	0.0103357871994
train	train	3075	0.01139402017
train	train	3078	0.0125525742769
train	train	3079	0.022790716961
train	train	3080	0.0111888209358
train	train	3081	0.0131777031347
train	train	3082	0.0126558542252
train	train	3088	0.0161933489144
train	train	3090	0.0249659288675
train	train	3091	0.0280175209045
train	train	3093	0.01756121777
train	train	3094	0.0204517096281
train	train	3095	0.0241878405213
train	train	3097	0.0100844725966
train	train	3099	0.0116434507072
train	train	3100	0.0309024490416
train	train	3102	0.0114051206037
train	train	3103	0.0240830630064
train	train	3104	0.016801154241
train	train	3105	0.0231564305723
train	train	3107	0.0120234265924
train	train	3108	0.0209829509258
train	train	3109	0.0206639859825
train	train	3112	0.0177168808877
train	train	3113	0.0184725318104
train	train	3114	0.0223945043981
train	train	3115	0.0119012948126
train	train	3116	0.0485633462667
train	train	3117	0.0106792291626
train	train	3119	0.0114975012839
train	train	3121	0.0160952396691
train	train	3122	0.0189640671015
train	train	3123	0.0196231957525
train	train	3125	0.0122858453542
train	train	3126	0.0219103526324
train	train	3127	0.0109036657959
train	train	3129	0.0172517448664
train	train	3130	0.018634006381
train	train	3132	0.0219455100596
train	train	3133	0.0144535861909
train	train	3134	0.0195114463568
train	train	3135	0.0144942775369
train	train	3138	0.012150939554
train	train	3141	0.0457869134843
train	train	3144	0.0101643260568
train	train	3145	0.011104689911
train	train	3146	0.01239124313
train	train	3147	0.012106240727
train	train	3148	0.018557369709
train	train	3149	0.0116926468909
train	train	3150	0.0138147827238
train	train	3154	0.00870950520039
train	train	3155	0.00964715518057
train	train	3156	0.013656232506
train	train	3157	0.00761282816529
train	train	3158	0.0134002268314
train	train	3161	0.0103375911713
train	train	3162	0.0216725524515
train	train	3163	0.0155413588509
train	train	3165	0.0237152148038
train	train	3166	0.0129898115993
train	train	3167	0.0162751227617
train	train	3168	0.0258674733341
train	train	3169	0.0249357298017
train	train	3170	0.0178430266678
train	train	3171	0.0127786025405
train	train	3172	0.0139832245186
train	train	3175	0.0189588703215
train	train	3177	0.008145801723
train	train	3178	0.0107381669804
train	train	3179	0.011241754517
train	train	3180	0.0142393670976
train	train	3184	0.0274025890976
train	train	3185	0.0211224593222
train	train	3186	0.0152178136632
train	train	3187	0.0202330704778
train	train	3188	0.0126379812136
train	train	3191	0.0147452671081
train	train	3192	0.0166186131537
train	train	3194	0.0105248205364
train	train	3195	0.0183797627687
train	train	3198	0.0248186476529
train	train	3199	0.00969752762467
train	train	3200	0.0167192146182
train	train	3202	0.0218498855829
train	train	3204	0.0159600637853
train	train	3205	0.0213813334703
train	train	3207	0.01597754471
train	train	3208	0.0129253473133
train	train	3209	0.0306121185422
train	train	3210	0.0243863612413
train	train	3211	0.0293946303427
train	train	3214	0.0147531554103
train	train	3215	0.0192511808127
train	train	3216	0.0359961465001
train	train	3217	0.0255751349032
train	train	3218	0.0250000115484
train	train	3219	0.0110379699618
train	train	3224	0.0216522011906
train	train	3226	0.0422853976488
train	train	3227	0.0269185546786
train	train	3228	0.0286132395267
train	train	3230	0.0154334101826
train	train	3231	0.0120217707008
train	train	3232	0.0105558093637
train	train	3233	0.0168941803277
train	train	3234	0.0275282524526
train	train	3235	0.0311449021101
train	train	3236	0.0244040824473
train	train	3239	0.0129819093272
train	train	3241	0.0243761651218
train	train	3243	0.0256351679564
train	train	3245	0.0107758194208
train	train	3246	0.0220911633223
train	train	3247	0.027185857296
train	train	3248	0.0197412185371
train	train	3249	0.02149412781
train	train	3251	0.0253458004445
train	train	3255	0.0182850845158
train	train	3256	0.0190785117447
train	train	3259	0.00764266029
train	train	3260	0.00743559841067
train	train	3261	0.0191011987627
train	train	3263	0.0169054474682
train	train	3267	0.0234490931034
train	train	3269	0.0122702922672
train	train	3271	0.0129673220217
train	train	3274	0.0199445150793
train	train	3276	0.0174117311835
train	train	3277	0.0170748643577
train	train	3278	0.0116745652631
train	train	3286	0.0108751095831
train	train	3287	0.0151641191915
train	train	3291	0.0066095595248
train	train	3303	0.0152357202023
train	train	3307	0.0174497757107
train	train	3308	0.0165207833052
train	train	3310	0.0227849371731
train	train	3314	0.020577320829
train	train	3316	0.0220380984247
train	train	3317	0.0119428429753
train	train	3319	0.0160718671978
train	train	3320	0.0127990106121
train	train	3321	0.00791329331696
train	train	3323	0.0298338457942
train	train	3324	0.0123486435041
train	train	3325	0.0142263993621
train	train	3328	0.0222439374775
train	train	3332	0.0232304297388
train	train	3333	0.0202787816525
train	train	3334	0.0154304560274
train	train	3336	0.0178912915289
train	train	3338	0.0164439491928
train	train	3339	0.0186741799116
train	train	3341	0.0126078817993
train	train	3343	0.0137971490622
train	train	3344	0.0213482268155
train	train	3345	0.0426160655916
train	train	3346	0.00855503603816
train	train	3347	0.0274389907718
train	train	3349	0.0202887058258
train	train	3351	0.0176856499165
train	train	3353	0.025685608387
train	train	3354	0.0157373808324
train	train	3357	0.0203909426928
train	train	3358	0.0158006213605
train	train	3359	0.0177511796355
train	train	3361	0.0116161014885
train	train	3362	0.0171831026673
train	train	3363	0.0243914686143
train	train	3365	0.0148194730282
train	train	3366	0.0292130727321
train	train	3367	0.0137464562431
train	train	3368	0.0237898267806
train	train	3369	0.015908466652
train	train	3371	0.0179229713976
train	train	3373	0.0246480386704
train	train	3374	0.0133875887841
train	train	3376	0.0134435053915
train	train	3379	0.0170795898885
train	train	3381	0.0236733257771
train	train	3383	0.0225604064763
train	train	3385	0.0364118479192
train	train	3387	0.0222989749163
train	train	3392	0.0316579192877
train	train	3394	0.0235760807991
train	train	3397	0.00653519108891
train	train	3399	0.033550851047
train	train	3401	0.0105699375272
train	train	3402	0.0158028416336
train	train	3406	0.015530041419
train	train	3409	0.0358599238098
train	train	3410	0.0167628135532
train	train	3414	0.00867903605103
train	train	3416	0.0106854476035
train	train	3426	0.0196117628366
train	train	3427	0.0226865671575
train	train	3428	0.0301842242479
train	train	3430	0.00907401740551
train	train	3431	0.014042571187
train	train	3435	0.0116346422583
train	train	3436	0.0135146155953
train	train	3437	0.0111339334399
train	train	3439	0.0096884611994
train	train	3440	0.0101493131369
train	train	3441	0.00844470504671
train	train	3443	0.0220488291234
train	train	3444	0.0268441289663
train	train	3445	0.0303282737732
train	train	3446	0.0193470288068
train	train	3450	0.0172220412642
train	train	3453	0.0483287125826
train	train	3456	0.0305744968355
train	train	3460	0.0179757140577
train	train	3462	0.0191416554153
train	train	3466	0.0201113987714
train	train	3467	0.0209158957005
train	train	3468	0.0184595361352
train	train	3469	0.017441149801
train	train	3472	0.0180649496615
train	train	3473	0.0174198262393
train	train	3474	0.0207827221602
train	train	3475	0.0113838799298
train	train	3476	0.0108385793865
train	train	3477	0.0373632386327
train	train	3479	0.0110781323165
train	train	3480	0.0168273709714
train	train	3481	0.0228172391653
train	train	3482	0.0157682839781
train	train	3485	0.0131698353216
train	train	3486	0.0176759809256
train	train	3487	0.00992972869426
train	train	3488	0.0263351369649
train	train	3489	0.0175767261535
train	train	3494	0.0296306535602
train	train	3495	0.023738425225
train	train	3497	0.015218641609
train	train	3498	0.0133097497746
train	train	3499	0.030449019745
train	train	3500	0.0322072915733
train	train	3502	0.0180987138301
train	train	3503	0.0273452661932
train	train	3504	0.0152629967779
train	train	3506	0.0224410425872
train	train	3508	0.0370611548424
train	train	3509	0.0126200933009
train	train	3510	0.0176535621285
train	train	3512	0.0294558480382
train	train	3514	0.00661610113457
train	train	3515	0.0112009746954
train	train	3519	0.0272496119142
train	train	3520	0.0172896906734
train	train	3522	0.0138261150569
train	train	3526	0.0165326744318
train	train	3527	0.0153006408364
train	train	3528	0.00609501125291
train	train	3529	0.0167339798063
train	train	3533	0.0256831217557
train	train	3536	0.0130300810561
train	train	3537	0.0102511467412
train	train	3540	0.0246219206601
train	train	3543	0.0289258472621
train	train	3544	0.0316312760115
train	train	3545	0.0395352877676
train	train	3546	0.0120682483539
train	train	3550	0.0250236615539
train	train	3551	0.0340606272221
train	train	3552	0.0283779352903
train	train	3555	0.038334004581
train	train	3556	0.0173604059964
train	train	3561	0.0204018168151
train	train	3562	0.014666444622
train	train	3563	0.0254176817834
train	train	3564	0.0250808242708
train	train	3566	0.0226665847003
train	train	3567	0.0177093520761
train	train	3572	0.0199742130935
train	train	3573	0.0174876768142
train	train	3575	0.0144503051415
train	train	3576	0.0144879492
train	train	3578	0.018955597654
train	train	3579	0.0165476463735
train	train	3581	0.0212333016098
train	train	3582	0.018121201545
train	train	3583	0.0185406953096
train	train	3585	0.0115927290171
train	train	3588	0.0165985785425
train	train	3589	0.00954339839518
train	train	3590	0.0126878134906
train	train	3594	0.0298599433154
train	train	3598	0.0203371867537
train	train	3600	0.0415985435247
train	train	3601	0.0250397901982
train	train	3603	0.00880163908005
train	train	3608	0.0119607057422
train	train	3610	0.0075895334594
train	train	3611	0.0156919863075
train	train	3612	0.012131745927
train	train	3614	0.0187695641071
train	train	3615	0.014784662053
train	train	3616	0.0179083831608
train	train	3618	0.0164860188961
train	train	3619	0.0344030410051
train	train	3621	0.0107284337282
train	train	3622	0.0174133405089
train	train	3624	0.0689490884542
train	train	3625	0.0202850326896
train	train	3626	0.0185902640224
train	train	3627	0.0137865748256
train	train	3628	0.0191363468766
train	train	3629	0.0123059926555
train	train	3630	0.0136931166053
train	train	3632	0.0379955694079
train	train	3634	0.00896531436592
train	train	3636	0.0081450054422
train	train	3638	0.0220445878804
train	train	3644	0.0322703868151
train	train	3645	0.00840657111257
train	train	3646	0.0249408073723
train	train	3651	0.029182523489
train	train	3652	0.0183647535741
train	train	3658	0.0217328965664
train	train	3660	0.0153748560697
train	train	3661	0.011405615136
train	train	3662	0.0250782445073
train	train	3665	0.0267152041197
train	train	3666	0.0149909676984
train	train	3667	0.0199653431773
train	train	3668	0.0239478573203
train	train	3669	0.0148895364255
train	train	3670	0.0337327346206
train	train	3671	0.019373793155
train	train	3675	0.0224628187716
train	train	3676	0.0140635343269
train	train	3677	0.0180203057826
train	train	3678	0.0276611596346
train	train	3680	0.0195346362889
train	train	3681	0.0313273146749
train	train	3682	0.0145930591971
train	train	3684	0.020062552765
train	train	3686	0.0114166047424
train	train	3687	0.0327493138611
train	train	3688	0.00960214436054
train	train	3691	0.0114683005959
train	train	3694	0.0257555823773
train	train	3695	0.0259689763188
train	train	3697	0.032082401216
train	train	3698	0.0146984085441
train	train	3699	0.0209782756865
train	train	3700	0.0082558915019
train	train	3702	0.0176592878997
train	train	3703	0.0140478722751
train	train	3705	0.0154485143721
train	train	3706	0.015763130039
train	train	3707	0.0380085408688
train	train	3709	0.0184834115207
train	train	3710	0.0152329364792
train	train	3712	0.0256372187287
train	train	3713	0.0187150295824
train	train	3716	0.0122340228409
train	train	3718	0.0205911174417
train	train	3721	0.0117342462763
train	train	3722	0.011892397888
train	train	3727	0.0234428085387
train	train	3729	0.021839287132
train	train	3730	0.00779878627509
train	train	3733	0.0118089579046
train	train	3734	0.0167795177549
train	train	3736	0.0122605208308
train	train	3737	0.0159776508808
train	train	3738	0.0346467159688
train	train	3739	0.0156311932951
train	train	3741	0.0421250015497
train	train	3742	0.0112737435848
train	train	3747	0.0103366281837
train	train	3748	0.028351906687
train	train	3749	0.0221809633076
train	train	3750	0.0133619271219
train	train	3751	0.0216598883271
train	train	3752	0.0138677284122
train	train	3754	0.0106028486043
train	train	3757	0.0229739993811
train	train	3760	0.00987632572651
train	train	3762	0.00915234815329
train	train	3763	0.0140569899231
train	train	3765	0.0267871692777
train	train	3767	0.0152262188494
train	train	3769	0.0183855071664
train	train	3772	0.0108812842518
train	train	3774	0.0230868477374
train	train	3775	0.011185945943
train	train	3776	0.00740880100057
train	train	3778	0.0170129742473
train	train	3779	0.00881633255631
train	train	3780	0.0135948676616
train	train	3782	0.03482459113
train	train	3783	0.0164668411016
train	train	3786	0.0143032073975
train	train	3787	0.0226774513721
train	train	3790	0.0112955542281
train	train	3791	0.00953471660614
train	train	3792	0.0163193643093
train	train	3793	0.0174928028136
train	train	3795	0.00680294027552
train	train	3796	0.0109203774482
train	train	3798	0.0230209380388
train	train	3799	0.018366638571
train	train	3800	0.0487327650189
train	train	3801	0.0374736450613
train	train	3802	0.0191073771566
train	train	3803	0.0143974404782
train	train	3804	0.0774656534195
train	train	3806	0.0249214675277
train	train	3807	0.01758216694
train	train	3808	0.0171031281352
train	train	3809	0.018336981535
train	train	3810	0.0245121605694
train	train	3811	0.0170852094889
train	train	3812	0.0200958661735
train	train	3815	0.0312940068543
train	train	3816	0.0148333813995
train	train	3817	0.0126766283065
train	train	3818	0.0235281996429
train	train	3819	0.0276202317327
train	train	3821	0.0212947055697
train	train	3822	0.022436067462
train	train	3825	0.0210879240185
train	train	3828	0.0191882941872
train	train	3830	0.0123651307076
train	train	3835	0.0223412960768
train	train	3836	0.0107070039958
train	train	3837	0.0219638608396
train	train	3838	0.0162251666188
train	train	3839	0.0185317359865
train	train	3842	0.0166352540255
train	train	3844	0.0307099726051
train	train	3845	0.0165522582829
train	train	3846	0.033383063972
train	train	3847	0.0103812655434
train	train	3848	0.0194206535816
train	train	3853	0.0141908116639
train	train	3855	0.0217555649579
train	train	3856	0.0189384054393
train	train	3858	0.0136916600168
train	train	3860	0.0146387554705
train	train	3861	0.0196923799813
train	train	3862	0.0100113544613
train	train	3863	0.0142272887751
train	train	3865	0.021478343755
train	train	3874	0.0200288668275
train	train	3875	0.0113775618374
train	train	3876	0.0146850682795
train	train	3877	0.0420149490237
train	train	3879	0.0191463753581
train	train	3881	0.0145954936743
train	train	3882	0.0134841874242
train	train	3883	0.0186532475054
train	train	3884	0.0301231555641
train	train	3887	0.011296056211
train	train	3892	0.0343353785574
train	train	3893	0.0150428060442
train	train	3894	0.0180023163557
train	train	3895	0.0260924566537
train	train	3897	0.0154016986489
train	train	3899	0.0283795073628
train	train	3900	0.0325138196349
train	train	3901	0.0120974099264
train	train	3902	0.0184236634523
train	train	3903	0.0256860572845
train	train	3904	0.012582719326
train	train	3905	0.00606312183663
train	train	3906	0.0164926629514
train	train	3907	0.0372233241796
train	train	3908	0.0179570876062
train	train	3909	0.0436881519854
train	train	3911	0.0291154123843
train	train	3915	0.0264859441668
train	train	3917	0.017287293449
train	train	3919	0.0204898454249
train	train	3921	0.0254465416074
train	train	3926	0.0423429012299
train	train	3927	0.0196977853775
train	train	3928	0.0459341108799
train	train	3929	0.0138958711177
train	train	3932	0.0238514952362
train	train	3934	0.0100946985185
train	train	3935	0.0163204707205
train	train	3936	0.0142226908356
train	train	3937	0.0151106473058
train	train	3939	0.0223242584616
train	train	3946	0.0220991969109
train	train	3948	0.00844474043697
train	train	3954	0.0243126358837
train	train	3955	0.0300054587424
train	train	3956	0.0154799427837
train	train	3957	0.0185626558959
train	train	3958	0.0239281691611
train	train	3959	0.0196498371661
train	train	3964	0.0162273813039
train	train	3965	0.0202671904117
train	train	3967	0.035392768681
train	train	3968	0.0416630059481
train	train	3969	0.0232277847826
train	train	3970	0.0212204549462
train	train	3971	0.0359932258725
train	train	3972	0.0115327034146
train	train	3974	0.0181058123708
train	train	3975	0.0188582465053
train	train	3979	0.00994625501335
train	train	3981	0.0376568138599
train	train	3982	0.0161088034511
train	train	3987	0.0210109986365
train	train	3988	0.0111872553825
train	train	3989	0.0158291105181
train	train	3990	0.0286471340805
train	train	3991	0.0233123600483
train	train	3994	0.0223040711135
train	train	3997	0.0212883204222
train	train	4000	0.0112894484773
train	train	4004	0.0157040897757
train	train	4005	0.0187671221793
train	train	4010	0.0104946307838
train	train	4011	0.016956795007
train	train	4012	0.0127401733771
train	train	4014	0.0205632559955
train	train	4015	0.0212740320712
train	train	4016	0.0126892570406
train	train	4017	0.00872937403619
train	train	4018	0.0203799530864
train	train	4019	0.0159803535789
train	train	4020	0.0265850704163
train	train	4021	0.0112891169265
train	train	4022	0.0214499533176
train	train	4023	0.0230552945286
train	train	4024	0.00873754732311
train	train	4026	0.00997018627822
train	train	4029	0.0171672701836
train	train	4031	0.0148415677249
train	train	4032	0.0270953066647
train	train	4033	0.0167546756566
train	train	4039	0.0114347543567
train	train	4040	0.0179887842387
train	train	4041	0.0131762512028
train	train	4043	0.0220768917352
train	train	4045	0.0235610790551
train	train	4047	0.022518331185
train	train	4049	0.0336008146405
train	train	4052	0.0270773507655
train	train	4053	0.0153840510175
train	train	4054	0.0187564603984
train	train	4055	0.0339679867029
train	train	4057	0.020717786625
train	train	4060	0.0168367568403
train	train	4061	0.0478107184172
train	train	4064	0.0243106819689
train	train	4065	0.009003338404
train	train	4070	0.0182544849813
train	train	4072	0.0139115611091
train	train	4073	0.0317628197372
train	train	4074	0.0255558565259
train	train	4075	0.0277380924672
train	train	4078	0.0154739804566
train	train	4079	0.0208074059337
train	train	4080	0.0218514986336
train	train	4085	0.0124089568853
train	train	4087	0.0244772527367
train	train	4093	0.0205366034061
train	train	4094	0.0281636882573
train	train	4096	0.0185232274234
train	train	4097	0.0186232402921
train	train	4098	0.0190475769341
train	train	4099	0.0073714973405
train	train	4100	0.0135184396058
train	train	4102	0.014220636338
train	train	4104	0.0103502627462
train	train	4105	0.0270092729479
train	train	4106	0.0161290615797
train	train	4107	0.0228059180081
train	train	4108	0.00971212889999
train	train	4109	0.0223849248141
train	train	4110	0.0131816584617
train	train	4111	0.0164818391204
train	train	4112	0.0169908814132
train	train	4113	0.0140046197921
train	train	4114	0.00702957622707
train	train	4115	0.0098440758884
train	train	4118	0.0209415964782
train	train	4121	0.0301390178502
train	train	4122	0.0248282048851
train	train	4123	0.0183751173317
train	train	4126	0.0186071880162
train	train	4128	0.0255528222769
train	train	4132	0.0113206058741
train	train	4133	0.0193942971528
train	train	4134	0.0132138002664
train	train	4136	0.0109132882208
train	train	4137	0.0202525444329
train	train	4138	0.0253150872886
train	train	4139	0.0162067171186
train	train	4140	0.013418847695
train	train	4142	0.0191636309028
train	train	4143	0.0359801277518
train	train	4144	0.0327292829752
train	train	4148	0.0186618901789
train	train	4149	0.0166312754154
train	train	4150	0.00826366338879
train	train	4152	0.0197621583939
train	train	4155	0.0242203641683
train	train	4156	0.0131867974997
train	train	4157	0.0107315490022
train	train	4159	0.0163947381079
train	train	4162	0.0213213451207
train	train	4163	0.0114240478724
train	train	4164	0.0162983648479
train	train	4167	0.0106921689585
train	train	4168	0.0105530936271
train	train	4169	0.00775372656062
train	train	4170	0.0330656468868
train	train	4171	0.0200226716697
train	train	4172	0.0176389478147
train	train	4173	0.0158932469785
train	train	4174	0.0155091620982
train	train	4175	0.0232235491276
train	train	4177	0.0119078308344
train	train	4178	0.0193809177727
train	train	4180	0.0306125264615
train	train	4182	0.02987241745
train	train	4183	0.011518932879
train	train	4185	0.0101710353047
train	train	4186	0.0192316137254
train	train	4187	0.016972668469
train	train	4188	0.0220388807356
train	train	4189	0.00795092247427
train	train	4190	0.00727751199156
train	train	4192	0.0168678890914
train	train	4196	0.0204921793193
train	train	4198	0.0176559668034
train	train	4202	0.00644108373672
train	train	4203	0.0224499031901
train	train	4204	0.0205907076597
train	train	4207	0.010483100079
train	train	4208	0.0144560169429
train	train	4210	0.0145884640515
train	train	4211	0.0087205208838
train	train	4212	0.0190884917974
train	train	4213	0.0184397213161
train	train	4214	0.0125229340047
train	train	4215	0.0132534094155
train	train	4217	0.0176647715271
train	train	4224	0.0161673091352
train	train	4225	0.0135438088328
train	train	4226	0.015536095947
train	train	4231	0.013997303322
train	train	4233	0.0127547476441
train	train	4234	0.0249780900776
train	train	4235	0.0184269398451
train	train	4236	0.00962763279676
train	train	4238	0.0267905946821
train	train	4239	0.0253413654864
train	train	4240	0.0177940521389
train	train	4241	0.011128528975
train	train	4242	0.00829936563969
train	train	4244	0.0209907740355
train	train	4246	0.0185375101864
train	train	4248	0.0167139433324
train	train	4250	0.023832866922
train	train	4251	0.0178479645401
train	train	4253	0.01196523197
train	train	4255	0.0202301163226
train	train	4259	0.0153440553695
train	train	4261	0.0243584569544
train	train	4262	0.0183169152588
train	train	4263	0.0226280726492
train	train	4264	0.0079270619899
train	train	4266	0.0096109714359
train	train	4268	0.0190193932503
train	train	4269	0.00940372608602
train	train	4271	0.0136149832979
train	train	4272	0.0148457586765
train	train	4273	0.0117215961218
train	train	4274	0.0174532607198
train	train	4276	0.0187453236431
train	train	4277	0.0470565259457
train	train	4278	0.0125070475042
train	train	4283	0.0186474062502
train	train	4284	0.0390117838979
train	train	4285	0.00866885483265
train	train	4286	0.0143309691921
train	train	4290	0.0393239036202
train	train	4291	0.0160103142262
train	train	4294	0.0166442766786
train	train	4296	0.0195989646018
train	train	4297	0.0169046111405
train	train	4298	0.0148131269962
train	train	4299	0.0100698312744
train	train	4300	0.0313532911241
train	train	4301	0.0102086253464
train	train	4302	0.0241712890565
train	train	4304	0.0371437594295
train	train	4305	0.00808541011065
train	train	4307	0.0106263067573
train	train	4308	0.0158577896655
train	train	4310	0.0149802872911
train	train	4313	0.0102053219453
train	train	4314	0.0154490666464
train	train	4315	0.0148623492569
train	train	4317	0.0132151581347
train	train	4318	0.0181250330061
train	train	4320	0.0237104557455
train	train	4321	0.0104563366622
train	train	4322	0.0112819578499
train	train	4324	0.0183550845832
train	train	4325	0.025200445205
train	train	4328	0.0133505016565
train	train	4330	0.0118705648929
train	train	4331	0.0115310251713
train	train	4332	0.0150217916816
train	train	4334	0.0120826037601
train	train	4335	0.0114236753434
train	train	4336	0.0277709551156
train	train	4337	0.0120193418115
train	train	4344	0.0319190435112
train	train	4345	0.0186128951609
train	train	4347	0.0197160448879
train	train	4348	0.0116770267487
train	train	4349	0.0133588649333
train	train	4350	0.0236974544823
train	train	4351	0.0121482135728
train	train	4352	0.00661632511765
train	train	4353	0.035948485136
train	train	4354	0.0112511022016
train	train	4355	0.0259881485254
train	train	4356	0.0446018502116
train	train	4359	0.0168617237359
train	train	4363	0.0126876235008
train	train	4365	0.015137241222
train	train	4369	0.0240221880376
train	train	4371	0.0167888198048
train	train	4373	0.0110375769436
train	train	4374	0.0239985249937
train	train	4375	0.0204535406083
train	train	4378	0.00995958223939
train	train	4379	0.0214217416942
train	train	4381	0.00944708753377
train	train	4382	0.0144874211401
train	train	4385	0.0115234088153
train	train	4386	0.0124068651348
train	train	4387	0.0239183008671
train	train	4388	0.0119684617966
train	train	4389	0.0218223892152
train	train	4390	0.0138396881521
train	train	4391	0.0236227940768
train	train	4393	0.0122341290116
train	train	4394	0.0117297656834
train	train	4397	0.0112117370591
train	train	4401	0.0115444473922
train	train	4402	0.0145496670157
train	train	4403	0.0167432371527
train	train	4405	0.0103704044595
train	train	4409	0.0114793498069
train	train	4410	0.00973639823496
train	train	4411	0.0222853925079
train	train	4412	0.0157971475273
train	train	4414	0.0217667464167
train	train	4418	0.0482255555689
train	train	4421	0.0177089627832
train	train	4425	0.0278689078987
train	train	4428	0.0150159187615
train	train	4429	0.0152997514233
train	train	4431	0.0184919573367
train	train	4432	0.00878988951445
train	train	4435	0.031040193513
train	train	4439	0.0150392036885
train	train	4443	0.0115310382098
train	train	4444	0.00785928685218
train	train	4445	0.0149587299675
train	train	4447	0.0149397924542
train	train	4449	0.0150201134384
train	train	4452	0.0277808848768
train	train	4453	0.0153551977128
train	train	4454	0.0178765784949
train	train	4456	0.0163052417338
train	train	4460	0.0141663514078
train	train	4461	0.013613967225
train	train	4462	0.00750672863796
train	train	4464	0.021579137072
train	train	4465	0.0123154539615
train	train	4467	0.019228566438
train	train	4468	0.016742547974
train	train	4470	0.0302927270532
train	train	4472	0.0155172692612
train	train	4473	0.0190412085503
train	train	4474	0.0187131017447
train	train	4477	0.0129897557199
train	train	4478	0.0159417800605
train	train	4479	0.0117712710053
train	train	4480	0.0261905752122
train	train	4481	0.0159483477473
train	train	4483	0.0390341244638
train	train	4484	0.0148117588833
train	train	4485	0.00753034558147
train	train	4487	0.0258211418986
train	train	4489	0.026687797159
train	train	4490	0.0154016874731
train	train	4491	0.016559753567
train	train	4492	0.0170024782419
train	train	4493	0.0147781576961
train	train	4495	0.0144507335499
train	train	4496	0.0151784159243
train	train	4497	0.0125395869836
train	train	4498	0.0285569801927
train	train	4503	0.0123677067459
train	train	4504	0.0195737406611
train	train	4506	0.0124823153019
train	train	4507	0.0203392952681
train	train	4508	0.0147362835705
train	train	4509	0.0182123165578
train	train	4517	0.0171840824187
train	train	4518	0.0289020016789
train	train	4519	0.017550457269
train	train	4520	0.0103117674589
train	train	4523	0.0291809141636
train	train	4525	0.0220124050975
train	train	4527	0.0252799615264
train	train	4528	0.0233247093856
train	train	4529	0.00844071991742
train	train	4530	0.0166550502181
train	train	4531	0.0259860083461
train	train	4532	0.0199720673263
train	train	4534	0.00978077016771
train	train	4536	0.0201939046383
train	train	4537	0.0121656609699
train	train	4538	0.00780158303678
train	train	4540	0.0223439820111
train	train	4542	0.0124851036817
train	train	4543	0.0138081908226
train	train	4544	0.0100665474311
train	train	4546	0.0108907278627
train	train	4547	0.0135684795678
train	train	4548	0.0332566201687
train	train	4552	0.0136305289343
train	train	4553	0.008580384776
train	train	4554	0.0185183081776
train	train	4555	0.0119655281305
train	train	4557	0.0152506604791
train	train	4559	0.0213517770171
train	train	4560	0.0145095707849
train	train	4561	0.0102530596778
train	train	4563	0.0116353016347
train	train	4564	0.0215204432607
train	train	4565	0.0201962199062
train	train	4567	0.0164887905121
train	train	4568	0.0247649736702
train	train	4569	0.0167404282838
train	train	4570	0.0134908016771
train	train	4571	0.00822565890849
train	train	4573	0.0174955278635
train	train	4577	0.0159924849868
train	train	4578	0.00762069318444
train	train	4579	0.0114105958492
train	train	4581	0.0125001035631
train	train	4582	0.020385440439
train	train	4586	0.00917496532202
train	train	4591	0.0168253984302
train	train	4592	0.0177409797907
train	train	4594	0.0221473183483
train	train	4597	0.0113162482157
train	train	4598	0.0204835906625
train	train	4601	0.0179535634816
train	train	4602	0.0146402101964
train	train	4603	0.0148213487118
train	train	4607	0.0519069209695
train	train	4613	0.0264423117042
train	train	4614	0.00990176945925
train	train	4615	0.0244065076113
train	train	4619	0.00870973430574
train	train	4620	0.0161451995373
train	train	4621	0.0222284588963
train	train	4622	0.0164477862418
train	train	4624	0.0114861708134
train	train	4625	0.0168829374015
train	train	4627	0.0295740999281
train	train	4628	0.0166967771947
train	train	4630	0.0135736558586
train	train	4633	0.0216772146523
train	train	4634	0.00877877231687
train	train	4635	0.0138394320384
train	train	4636	0.0263054743409
train	train	4637	0.0385284051299
train	train	4639	0.022499397397
train	train	4640	0.0109626930207
train	train	4642	0.00744973309338
train	train	4644	0.00992219895124
train	train	4646	0.0130031965673
train	train	4647	0.0148064903915
train	train	4648	0.0424941778183
train	train	4649	0.0327655300498
train	train	4650	0.0166213754565
train	train	4651	0.0201834402978
train	train	4652	0.0189635977149
train	train	4654	0.0125985732302
train	train	4655	0.019122749567
train	train	4657	0.0166558977216
train	train	4658	0.0100145665929
train	train	4660	0.0189245641232
train	train	4661	0.0260047037154
train	train	4663	0.0114515786991
train	train	4665	0.0280571430922
train	train	4666	0.011461623013
train	train	4668	0.028796589002
train	train	4669	0.0347191654146
train	train	4670	0.0274089686573
train	train	4671	0.0192578211427
train	train	4672	0.0270400382578
train	train	4674	0.0128806717694
train	train	4675	0.037335626781
train	train	4678	0.0151868574321
train	train	4679	0.00682417862117
train	train	4680	0.039666492492
train	train	4684	0.00827403180301
train	train	4685	0.0297935027629
train	train	4686	0.0175970830023
train	train	4687	0.0239424370229
train	train	4689	0.0111464969814
train	train	4690	0.00861431006342
train	train	4691	0.0202244706452
train	train	4693	0.0104248039424
train	train	4696	0.0209556315094
train	train	4697	0.0259765069932
train	train	4698	0.0182361677289
train	train	4699	0.0261390432715
train	train	4700	0.018052842468
train	train	4702	0.0162220112979
train	train	4703	0.0115520171821
train	train	4704	0.0236322004348
train	train	4707	0.0181328244507
train	train	4708	0.0220054965466
train	train	4709	0.0189680196345
train	train	4710	0.00894827768207
train	train	4711	0.0201806873083
train	train	4714	0.0088603021577
train	train	4716	0.0227756872773
train	train	4722	0.0155043732375
train	train	4723	0.0171361956745
train	train	4725	0.0122875086963
train	train	4726	0.0125825656578
train	train	4728	0.0232266429812
train	train	4729	0.016525734216
train	train	4730	0.0229996163398
train	train	4731	0.0101619753987
train	train	4732	0.0155058745295
train	train	4733	0.0251664016396
train	train	4740	0.0111666619778
train	train	4741	0.0157999806106
train	train	4743	0.0217164307833
train	train	4745	0.009899713099
train	train	4749	0.0119780935347
train	train	4750	0.0207128040493
train	train	4751	0.00481957849115
train	train	4752	0.0217623524368
train	train	4753	0.0109040569514
train	train	4754	0.0129437157884
train	train	4755	0.0427895151079
train	train	4758	0.0189741924405
train	train	4759	0.015172958374
train	train	4760	0.0106675922871
train	train	4761	0.0125355795026
train	train	4763	0.022761721164
train	train	4764	0.0200586020947
train	train	4765	0.0326307192445
train	train	4766	0.0163480974734
train	train	4767	0.0177153237164
train	train	4768	0.0234441328794
train	train	4769	0.0135316625237
train	train	4770	0.00751836737618
train	train	4771	0.0272715892643
train	train	4773	0.00859517604113
train	train	4775	0.0137398075312
train	train	4776	0.0123995058239
train	train	4778	0.00884731393307
train	train	4779	0.0129572320729
train	train	4782	0.0128471441567
train	train	4783	0.0332374870777
train	train	4787	0.0254329647869
train	train	4792	0.00969799142331
train	train	4793	0.00966051034629
train	train	4795	0.00739357993007
train	train	4796	0.0121111841872
train	train	4801	0.00865583866835
train	train	4802	0.03656424582
train	train	4806	0.0114803118631
train	train	4807	0.0220491625369
train	train	4809	0.00911053922027
train	train	4811	0.00455635786057
train	train	4812	0.00963323097676
train	train	4815	0.0114066116512
train	train	4816	0.0160797089338
train	train	4817	0.0112770823762
train	train	4819	0.0176938474178
train	train	4822	0.012793620117
train	train	4824	0.0213539749384
train	train	4826	0.0134884463623
train	train	4827	0.017499729991
train	train	4828	0.0127125438303
train	train	4829	0.0206371694803
train	train	4830	0.0166369546205
train	train	4834	0.0108142402023
train	train	4836	0.0239122305065
train	train	4837	0.0335280969739
train	train	4838	0.0189612433314
train	train	4840	0.0172138400376
train	train	4843	0.0115018617362
train	train	4844	0.0121718402952
train	train	4845	0.0168438591063
train	train	4846	0.00784039124846
train	train	4851	0.0113829886541
train	train	4852	0.0148310121149
train	train	4854	0.0216285996139
train	train	4856	0.0224526673555
train	train	4857	0.00877178367227
train	train	4860	0.0150287039578
train	train	4862	0.0232749953866
train	train	4863	0.0197723954916
train	train	4864	0.0137795060873
train	train	4865	0.013803742826
train	train	4866	0.0198950953782
train	train	4871	0.00820367783308
train	train	4872	0.0172619652003
train	train	4873	0.0211655125022
train	train	4874	0.0338079482317
train	train	4877	0.0143720163032
train	train	4878	0.0114283356816
train	train	4879	0.0127633288503
train	train	4880	0.0202253144234
train	train	4881	0.0117156840861
train	train	4884	0.0151161123067
train	train	4885	0.0295303799212
train	train	4887	0.0182027071714
train	train	4888	0.0265639983118
train	train	4889	0.0226509012282
train	train	4890	0.037072956562
train	train	4891	0.0217795334756
train	train	4893	0.016479589045
train	train	4894	0.0176734179258
train	train	4895	0.00923423655331
train	train	4897	0.0295807011425
train	train	4899	0.0227873548865
train	train	4905	0.0103704128414
train	train	4906	0.0198653936386
train	train	4907	0.018581520766
train	train	4911	0.0137878451496
train	train	4912	0.0205097347498
train	train	4915	0.0129503961653
train	train	4916	0.0184750780463
train	train	4918	0.0195604059845
train	train	4919	0.0284975860268
train	train	4921	0.0237638242543
train	train	4922	0.0164230205119
train	train	4923	0.0232867375016
train	train	4925	0.0187489464879
train	train	4926	0.0331589356065
train	train	4928	0.0215287674218
train	train	4929	0.0174876712263
train	train	4930	0.0184908416122
train	train	4932	0.0160266719759
train	train	4933	0.0115571506321
train	train	4934	0.0295670516789
train	train	4937	0.0217955131084
train	train	4939	0.0218758657575
train	train	4941	0.0237513147295
train	train	4942	0.0141676198691
train	train	4944	0.0102177169174
train	train	4945	0.0126325692981
train	train	4946	0.0140645224601
train	train	4949	0.0147345475852
train	train	4952	0.0205460526049
train	train	4953	0.0133326584473
train	train	4954	0.0245094876736
train	train	4955	0.00588766485453
train	train	4956	0.0111321359873
train	train	4958	0.0191962588578
train	train	4960	0.0175348613411
train	train	4961	0.00857296213508
train	train	4962	0.0127137005329
train	train	4964	0.0104823084548
train	train	4966	0.010907554999
train	train	4967	0.0165460836142
train	train	4969	0.0158726163208
train	train	4970	0.0145443119109
train	train	4971	0.0131800128147
train	train	4972	0.0301576778293
train	train	4973	0.0183367338032
train	train	4976	0.0121946129948
train	train	4977	0.033885423094
train	train	4978	0.0184662938118
train	train	4979	0.0119320526719
train	train	4980	0.0144698275253
train	train	4981	0.00991289783269
train	train	4983	0.0265564825386
train	train	4987	0.0126875974238
train	train	4990	0.0175222270191
train	train	4992	0.0344784706831
train	train	4995	0.0137510988861
train	train	4997	0.00938794948161
train	train	4998	0.0148136010394
train	train	4999	0.0142207350582
train	train	5001	0.0111719872802
train	train	5002	0.0252520516515
train	train	5004	0.0207611676306
train	train	5007	0.00757153099403
train	train	5010	0.0129623040557
train	train	5012	0.0143186170608
train	train	5015	0.0158106852323
train	train	5016	0.0114755500108
train	train	5022	0.0130745982751
train	train	5025	0.0208603963256
train	train	5026	0.0118701672181
train	train	5028	0.0322007387877
train	train	5032	0.0181861612946
train	train	5035	0.00867709331214
train	train	5038	0.0132224364206
train	train	5041	0.00693452125415
train	train	5042	0.0246363133192
train	train	5043	0.0101374052465
train	train	5044	0.0160821862519
train	train	5045	0.0156818050891
train	train	5046	0.0226771179587
train	train	5049	0.0106145199388
train	train	5053	0.0225492604077
train	train	5054	0.029906867072
train	train	5055	0.0102555882186
train	train	5062	0.0234405621886
train	train	5065	0.0067504895851
train	train	5067	0.0213924963027
train	train	5069	0.00849985796958
train	train	5070	0.0232109576464
train	train	5072	0.0145457675681
train	train	5073	0.00837715901434
train	train	5075	0.0194590240717
train	train	5077	0.0115280933678
train	train	5080	0.0129155274481
train	train	5082	0.00968894921243
train	train	5083	0.0149268750101
train	train	5084	0.010959119536
train	train	5093	0.0201287902892
train	train	5096	0.016668509692
train	train	5099	0.0169490668923
train	train	5100	0.0112753938884
train	train	5102	0.0262215454131
train	train	5103	0.0172674395144
train	train	5108	0.018582759425
train	train	5110	0.00956917367876
train	train	5111	0.0162097886205
train	train	5113	0.019048942253
train	train	5115	0.0232131257653
train	train	5116	0.0150953531265
train	train	5117	0.0135107189417
train	train	5120	0.0124642029405
train	train	5121	0.0238766316324
train	train	5122	0.0185144022107
train	train	5125	0.00857585296035
train	train	5127	0.0261914413422
train	train	5128	0.00802425667644
train	train	5130	0.0239692218602
train	train	5134	0.0167098175734
train	train	5136	0.0142825823277
train	train	5137	0.0163339115679
train	train	5142	0.0205061398447
train	train	5144	0.0101624801755
train	train	5148	0.0218894779682
train	train	5149	0.00978660769761
train	train	5150	0.00945492088795
train	train	5151	0.0144049962983
train	train	5154	0.0125552201644
train	train	5155	0.0166084803641
train	train	5156	0.0127310492098
train	train	5160	0.0147557687014
train	train	5162	0.0134075172246
train	train	5164	0.0251976773143
train	train	5165	0.00873820018023
train	train	5170	0.011181961745
train	train	5171	0.043924741447
train	train	5172	0.026535263285
train	train	5173	0.019560046494
train	train	5175	0.0118648372591
train	train	5176	0.0215027555823
train	train	5177	0.0143247088417
train	train	5179	0.0165644027293
train	train	5180	0.0165909379721
train	train	5181	0.0150646949187
train	train	5182	0.0118655189872
train	train	5183	0.020185790956
train	train	5185	0.0115970112383
train	train	5186	0.0227232165635
train	train	5187	0.0248024277389
train	train	5188	0.0126403551549
train	train	5189	0.042907372117
train	train	5190	0.0170940607786
train	train	5191	0.0125727429986
train	train	5192	0.0225179549307
train	train	5194	0.00817011576146
train	train	5195	0.0200879052281
train	train	5196	0.0140151903033
train	train	5200	0.0118037834764
train	train	5202	0.0138539392501
train	train	5204	0.0235595013946
train	train	5205	0.0139474431053
train	train	5206	0.0120096253231
train	train	5207	0.0209687482566
train	train	5209	0.011371312663
train	train	5210	0.0245149601251
train	train	5216	0.0204364322126
train	train	5217	0.0160034429282
train	train	5222	0.0253537576646
train	train	5224	0.00780328083783
train	train	5226	0.0137474108487
train	train	5229	0.0112811978906
train	train	5231	0.0150667000562
train	train	5232	0.0198443755507
train	train	5238	0.0145649807528
train	train	5239	0.015185277909
train	train	5240	0.0127755822614
train	train	5241	0.0108288563788
train	train	5246	0.0135338772088
train	train	5247	0.0134927676991
train	train	5249	0.0113801844418
train	train	5251	0.0131609709933
train	train	5255	0.0139785874635
train	train	5259	0.0136799439788
train	train	5260	0.0153633896261
train	train	5261	0.0178863741457
train	train	5262	0.00973112601787
train	train	5266	0.0197098888457
train	train	5271	0.009621841833
train	train	5273	0.0143787488341
train	train	5274	0.0191779769957
train	train	5277	0.0114059159532
train	train	5283	0.0102428868413
train	train	5286	0.0079575907439
train	train	5288	0.0196627900004
train	train	5290	0.0116837043315
train	train	5295	0.0280667673796
train	train	5297	0.0145250186324
train	train	5298	0.0147350300103
train	train	5300	0.0158330928534
train	train	5302	0.0209928322583
train	train	5303	0.0202635731548
train	train	5305	0.0117041133344
train	train	5306	0.0088615976274
train	train	5307	0.00830412004143
train	train	5308	0.0121707757935
train	train	5311	0.00798248965293
train	train	5313	0.0117649482563
train	train	5314	0.00630695186555
train	train	5315	0.0115029197186
train	train	5316	0.0111424103379
train	train	5317	0.0169607177377
train	train	5318	0.0167021024972
train	train	5319	0.00904172379524
train	train	5321	0.0232164431363
train	train	5322	0.0127889644355
train	train	5325	0.0201151371002
train	train	5326	0.0172613672912
train	train	5328	0.0145533550531
train	train	5331	0.0107389483601
train	train	5333	0.0160199552774
train	train	5335	0.0179434120655
train	train	5340	0.0147968176752
train	train	5343	0.0126617979258
train	train	5345	0.0299832280725
train	train	5346	0.00842210743576
train	train	5347	0.0178601108491
train	train	5348	0.0253233835101
train	train	5352	0.00857611186802
train	train	5353	0.0127308368683
train	train	5357	0.0138291362673
train	train	5359	0.0189073048532
train	train	5360	0.00901297479868
train	train	5361	0.0239849574864
train	train	5362	0.0179741401225
train	train	5363	0.0320994965732
train	train	5364	0.0259332340211
train	train	5365	0.0215955227613
train	train	5366	0.018510684371
train	train	5369	0.0166679508984
train	train	5372	0.0128446035087
train	train	5379	0.0227850787342
train	train	5383	0.0163072198629
train	train	5385	0.0199688710272
train	train	5386	0.013053663075
train	train	5389	0.00828909501433
train	train	5390	0.00856372714043
train	train	5391	0.0319211222231
train	train	5392	0.0263540409505
train	train	5393	0.00890016369522
train	train	5394	0.0145461857319
train	train	5396	0.0109001072124
train	train	5397	0.0186714790761
train	train	5399	0.0189261790365
train	train	5401	0.0223599169403
train	train	5402	0.0287670772523
train	train	5403	0.0223264433444
train	train	5404	0.0159667953849
train	train	5405	0.0139334574342
train	train	5407	0.0154417082667
train	train	5408	0.00930725596845
train	train	5409	0.0214893072844
train	train	5410	0.0193526055664
train	train	5411	0.00952963531017
train	train	5413	0.0177960470319
train	train	5414	0.0137323010713
train	train	5418	0.00800448097289
train	train	5419	0.00769418757409
train	train	5421	0.0122247058898
train	train	5425	0.0212952438742
train	train	5426	0.0178045667708
train	train	5427	0.0108704501763
train	train	5428	0.0133407535031
train	train	5429	0.0197404287755
train	train	5430	0.0285967495292
train	train	5431	0.0174955222756
train	train	5432	0.0133827654645
train	train	5436	0.0120560023934
train	train	5437	0.0177787728608
train	train	5438	0.0226430147886
train	train	5441	0.0219275578856
train	train	5442	0.0167615711689
train	train	5444	0.0091264564544
train	train	5445	0.0127749387175
train	train	5448	0.0181660074741
train	train	5449	0.00983760133386
train	train	5450	0.0238853190094
train	train	5454	0.0180854406208
train	train	5458	0.00845257844776
train	train	5459	0.0223935805261
train	train	5462	0.0129216471687
train	train	5463	0.012264771387
train	train	5468	0.0136776603758
train	train	5469	0.0102853542194
train	train	5470	0.0211787894368
train	train	5472	0.0137590095401
train	train	5475	0.00973786227405
train	train	5478	0.0116818277165
train	train	5479	0.0116801299155
train	train	5480	0.0114244688302
train	train	5481	0.0134148560464
train	train	5483	0.0174239464104
train	train	5484	0.0199523083866
train	train	5486	0.013940718025
train	train	5487	0.0136473206803
train	train	5490	0.0157028473914
train	train	5491	0.026533909142
train	train	5492	0.0259473901242
train	train	5494	0.0105147790164
train	train	5495	0.0139986798167
train	train	5497	0.0167543888092
train	train	5498	0.0187418907881
train	train	5501	0.0165911763906
train	train	5502	0.0134488549083
train	train	5507	0.0175822861493
train	train	5508	0.0164005886763
train	train	5509	0.0182514283806
train	train	5510	0.00489574484527
train	train	5514	0.0112512083724
train	train	5517	0.0108904447407
train	train	5519	0.00838672369719
train	train	5520	0.0221946425736
train	train	5521	0.00949728861451
train	train	5522	0.0177502818406
train	train	5524	0.0120523571968
train	train	5525	0.0149838821962
train	train	5526	0.0171923451126
train	train	5527	0.00827861949801
train	train	5529	0.0216906685382
train	train	5530	0.0135929957032
train	train	5531	0.0552426353097
train	train	5532	0.0234346203506
train	train	5533	0.00856624171138
train	train	5541	0.0184291061014
train	train	5542	0.0167206078768
train	train	5543	0.0240004733205
train	train	5544	0.0178010370582
train	train	5545	0.0183690208942
train	train	5548	0.0144494138658
train	train	5551	0.0108597967774
train	train	5553	0.00807097554207
train	train	5554	0.0156656503677
train	train	5555	0.0115952007473
train	train	5560	0.0142268221825
train	train	5561	0.0118308793753
train	train	5563	0.0199289098382
train	train	5567	0.0257266014814
train	train	5569	0.0240016169846
train	train	5570	0.0240605156869
train	train	5571	0.0120668262243
train	train	5572	0.0186397843063
train	train	5573	0.0102210892364
train	train	5574	0.0179584510624
train	train	5577	0.0143244974315
train	train	5578	0.016966862604
train	train	5580	0.0121390465647
train	train	5581	0.0113809565082
train	train	5583	0.0144876595587
train	train	5584	0.0233702324331
train	train	5585	0.00936193112284
train	train	5587	0.0146428197622
train	train	5591	0.0215976424515
train	train	5593	0.0131983086467
train	train	5596	0.0265466198325
train	train	5597	0.0171479173005
train	train	5598	0.0164961051196
train	train	5599	0.0207545608282
train	train	5600	0.0181309040636
train	train	5602	0.0181057974696
train	train	5605	0.0307574532926
train	train	5606	0.0149056762457
train	train	5607	0.0144521277398
train	train	5608	0.0134999146685
train	train	5609	0.0230327881873
train	train	5610	0.0182543508708
train	train	5612	0.00910165905952
train	train	5613	0.0267570354044
train	train	5617	0.0183201953769
train	train	5619	0.0154439080507
train	train	5624	0.0156851615757
train	train	5625	0.0198276080191
train	train	5626	0.0305960699916
train	train	5627	0.0172188412398
train	train	5630	0.015259232372
train	train	5634	0.0175659433007
train	train	5635	0.0103663615882
train	train	5639	0.012314831838
train	train	5640	0.0278058703989
train	train	5643	0.015571677126
train	train	5645	0.0189436692744
train	train	5646	0.0153501499444
train	train	5647	0.0159013848752
train	train	5649	0.0144257405773
train	train	5651	0.0234088040888
train	train	5652	0.0161427836865
train	train	5653	0.0212861038744
train	train	5654	0.0148550812155
train	train	5655	0.0186154525727
train	train	5656	0.0105214277282
train	train	5659	0.0168602913618
train	train	5660	0.0381840914488
train	train	5661	0.0121627561748
train	train	5663	0.00455212919042
train	train	5664	0.0111997276545
train	train	5665	0.0171172358096
train	train	5669	0.00916710495949
train	train	5670	0.0176918003708
train	train	5671	0.0110455676913
train	train	5673	0.0235357675701
train	train	5674	0.0188606865704
train	train	5675	0.0126911774278
train	train	5676	0.0136678200215
train	train	5678	0.0331971943378
train	train	5679	0.0228989403695
train	train	5680	0.0278418324888
train	train	5681	0.0153335975483
train	train	5685	0.0160352978855
train	train	5687	0.0125903114676
train	train	5689	0.00561452331021
train	train	5690	0.0147519512102
train	train	5691	0.00707698473707
train	train	5693	0.00896702613682
train	train	5701	0.0246125068516
train	train	5702	0.0141879003495
train	train	5703	0.0135749541223
train	train	5704	0.0199122615159
train	train	5707	0.0131124407053
train	train	5708	0.0188934952021
train	train	5710	0.00949681270868
train	train	5712	0.0122960926965
train	train	5714	0.0243725143373
train	train	5715	0.0125553905964
train	train	5717	0.0124088944867
train	train	5719	0.0150700137019
train	train	5720	0.0119816819206
train	train	5721	0.0281452722847
train	train	5722	0.00801461655647
train	train	5724	0.0121048763394
train	train	5725	0.0163989067078
train	train	5727	0.0279602948576
train	train	5728	0.011942689307
train	train	5729	0.016529161483
train	train	5731	0.0107787977904
train	train	5732	0.0216407291591
train	train	5733	0.0105375051498
train	train	5735	0.0160226002336
train	train	5736	0.0127866156399
train	train	5738	0.0246518719941
train	train	5740	0.00958508159965
train	train	5741	0.0118112470955
train	train	5743	0.0127584589645
train	train	5745	0.0178269166499
train	train	5746	0.021891489625
train	train	5749	0.010556332767
train	train	5750	0.0178569927812
train	train	5754	0.013505580835
train	train	5759	0.0168020371348
train	train	5760	0.0132682714611
train	train	5761	0.0119682569057
train	train	5764	0.00714122550562
train	train	5765	0.0111546479166
train	train	5768	0.0134395165369
train	train	5773	0.0283763147891
train	train	5777	0.0152460318059
train	train	5778	0.0145821450278
train	train	5781	0.0180406980217
train	train	5782	0.0250324252993
train	train	5784	0.0114123262465
train	train	5786	0.0125380847603
train	train	5788	0.019320698455
train	train	5789	0.00886302441359
train	train	5791	0.017996199429
train	train	5792	0.0194513872266
train	train	5793	0.0102078970522
train	train	5794	0.0125253666192
train	train	5795	0.0141082284972
train	train	5796	0.00784754473716
train	train	5797	0.0342022925615
train	train	5798	0.00808378309011
train	train	5799	0.0134604657069
train	train	5800	0.0116594973952
train	train	5801	0.0133353676647
train	train	5802	0.0233554150909
train	train	5804	0.0107741709799
train	train	5805	0.00832244940102
train	train	5806	0.0641936659813
train	train	5808	0.0217364225537
train	train	5809	0.0120442686602
train	train	5810	0.0195686854422
train	train	5811	0.0131991840899
train	train	5812	0.0199748259038
train	train	5813	0.0135843362659
train	train	5814	0.0189235080034
train	train	5815	0.0113552287221
train	train	5816	0.0173204317689
train	train	5817	0.01377055794
train	train	5818	0.0165150724351
train	train	5820	0.0125095453113
train	train	5824	0.0171133037657
train	train	5825	0.00908230245113
train	train	5826	0.0143679594621
train	train	5827	0.015576120466
train	train	5828	0.0178606510162
train	train	5829	0.0140294628218
train	train	5830	0.014191461727
train	train	5831	0.0213185083121
train	train	5834	0.0183891169727
train	train	5835	0.00883383303881
train	train	5836	0.0169837046415
train	train	5838	0.00860772654414
train	train	5839	0.0247543584555
train	train	5840	0.0185900963843
train	train	5843	0.0131893418729
train	train	5845	0.0124223940074
train	train	5846	0.0134467221797
train	train	5847	0.0110068600625
train	train	5848	0.0124878771603
train	train	5852	0.0153950285167
train	train	5853	0.0112715177238
train	train	5856	0.0124472705647
train	train	5857	0.0227791965008
train	train	5858	0.0207823291421
train	train	5861	0.0292602516711
train	train	5862	0.0267901495099
train	train	5864	0.0216518323869
train	train	5870	0.0115746762604
train	train	5873	0.0122706657276
train	train	5874	0.0229139532894
train	train	5879	0.0187199451029
train	train	5880	0.00882316567004
train	train	5881	0.00997118744999
train	train	5882	0.0379358641803
train	train	5888	0.00951519142836
train	train	5889	0.0165502391756
train	train	5892	0.011246971786
train	train	5893	0.0123122306541
train	train	5895	0.0235814750195
train	train	5896	0.0155947208405
train	train	5898	0.0324490778148
train	train	5899	0.0126771423966
train	train	5901	0.018703661859
train	train	5903	0.0137917455286
train	train	5904	0.0104670170695
train	train	5908	0.0145971952006
train	train	5909	0.0171518009156
train	train	5910	0.00993140786886
train	train	5912	0.0132537251338
train	train	5913	0.0414310395718
train	train	5914	0.00943175144494
train	train	5915	0.0242102108896
train	train	5918	0.0116579420865
train	train	5921	0.0127096725628
train	train	5923	0.0142536694184
train	train	5924	0.0205401144922
train	train	5925	0.0184153243899
train	train	5927	0.017020970583
train	train	5930	0.0154897682369
train	train	5932	0.0109858494252
train	train	5933	0.0147107057273
train	train	5934	0.0179900489748
train	train	5937	0.0101824123412
train	train	5939	0.0148036209866
train	train	5943	0.0267818998545
train	train	5944	0.0135500412434
train	train	5947	0.0178238209337
train	train	5948	0.0107437800616
train	train	5949	0.0110840722919
train	train	5950	0.0116304103285
train	train	5951	0.016784299165
train	train	5956	0.00953111611307
train	train	5957	0.016396375373
train	train	5963	0.012694154866
train	train	5967	0.00759918335825
train	train	5969	0.0261665657163
train	train	5970	0.0156874507666
train	train	5972	0.0168088264763
train	train	5973	0.0266015268862
train	train	5976	0.0184288397431
train	train	5977	0.00928794033825
train	train	5978	0.0183868911117
train	train	5982	0.0213212426752
train	train	5983	0.016316331923
train	train	5985	0.0064346450381
train	train	5987	0.0100507903844
train	train	5988	0.0140404757112
train	train	5989	0.0144168827683
train	train	5990	0.0150388628244
train	train	5992	0.0116091165692
train	train	5995	0.0209033824503
train	train	5996	0.0114780524746
train	train	5999	0.011554014869
train	train	6007	0.0109167601913
train	train	6010	0.0124151268974
train	train	6012	0.0147053133696
train	train	6013	0.014611274004
train	train	6014	0.0212409310043
train	train	6018	0.0115882195532
train	train	6025	0.0278548970819
train	train	6029	0.0129493512213
train	train	6030	0.0157305113971
train	train	6035	0.0121596623212
train	train	6036	0.0103913340718
train	train	6038	0.0152696967125
train	train	6042	0.0138477785513
train	train	6044	0.00981094781309
train	train	6045	0.0214398857206
train	train	6047	0.0125259496272
train	train	6049	0.0119176767766
train	train	6051	0.022160615772
train	train	6054	0.00875625386834
train	train	6056	0.0178228449076
train	train	6057	0.0228384025395
train	train	6058	0.016363773495
train	train	6059	0.00993463024497
train	train	6060	0.0278977304697
train	train	6063	0.0422126203775
train	train	6064	0.0387375280261
train	train	6066	0.0179017707705
train	train	6067	0.0313987843692
train	train	6069	0.0218310412019
train	train	6074	0.022857427597
train	train	6075	0.0157022327185
train	train	6089	0.0137591380626
train	train	6090	0.0110331848264
train	train	6091	0.0233524311334
train	train	6092	0.0173105504364
train	train	6093	0.0115625653416
train	train	6099	0.0109121026471
train	train	6100	0.0120362397283
train	train	6104	0.0170620623976
train	train	6105	0.00499501917511
train	train	6106	0.0117976423353
train	train	6107	0.0253426991403
train	train	6108	0.0167193636298
train	train	6110	0.0300246551633
train	train	6111	0.0133737996221
train	train	6112	0.0223963074386
train	train	6114	0.0307298060507
train	train	6115	0.0282861683518
train	train	6120	0.0194059796631
train	train	6121	0.0182020254433
train	train	6122	0.0160745121539
train	train	6124	0.0219320431352
train	train	6125	0.0113132949919
train	train	6127	0.0275803916156
train	train	6130	0.0105811953545
train	train	6131	0.0114736650139
train	train	6134	0.0136954449117
train	train	6135	0.0200004074723
train	train	6136	0.015511973761
train	train	6142	0.0218735150993
train	train	6143	0.0143353380263
train	train	6144	0.0263878758997
train	train	6147	0.019437590614
train	train	6149	0.0126720685512
train	train	6150	0.0198274441063
train	train	6153	0.016113307327
train	train	6158	0.010199919343
train	train	6159	0.0156406667084
train	train	6162	0.0128511786461
train	train	6165	0.0192636270076
train	train	6167	0.00903957430273
train	train	6168	0.0142343249172
train	train	6169	0.0174408480525
train	train	6171	0.0104471696541
train	train	6173	0.0129293445498
train	train	6178	0.0142737803981
train	train	6179	0.0222384892404
train	train	6180	0.0296191629022
train	train	6181	0.026662170887
train	train	6182	0.0111877378076
train	train	6183	0.018598023802
train	train	6184	0.00900462176651
train	train	6186	0.00640845764428
train	train	6187	0.0218543894589
train	train	6188	0.0108087733388
train	train	6191	0.0184434764087
train	train	6193	0.0389281474054
train	train	6195	0.0180235467851
train	train	6196	0.0156438723207
train	train	6197	0.0193689148873
train	train	6199	0.0135755073279
train	train	6202	0.0103308409452
train	train	6203	0.0167062655091
train	train	6204	0.0149412015453
train	train	6205	0.0266152955592
train	train	6211	0.0105610638857
train	train	6214	0.0291172005236
train	train	6216	0.0231716372073
train	train	6217	0.0150987217203
train	train	6219	0.0273502655327
train	train	6225	0.0154486801475
train	train	6227	0.0180272720754
train	train	6229	0.0160581842065
train	train	6231	0.026248395443
train	train	6235	0.0100828167051
train	train	6237	0.0224823616445
train	train	6238	0.0153954448178
train	train	6239	0.0157731026411
train	train	6244	0.018669269979
train	train	6245	0.0328534506261
train	train	6246	0.0233481712639
train	train	6250	0.00890853162855
train	train	6254	0.0332372970879
train	train	6256	0.0230429247022
train	train	6257	0.0145481415093
train	train	6259	0.0101571325213
train	train	6261	0.024190209806
train	train	6267	0.0198035389185
train	train	6269	0.0342697203159
train	train	6271	0.0111288800836
train	train	6272	0.0102332420647
train	train	6273	0.021700963378
train	train	6276	0.0162914544344
train	train	6277	0.0240716189146
train	train	6279	0.0171800591052
train	train	6280	0.026436291635
train	train	6281	0.0121358912438
train	train	6282	0.0141639951617
train	train	6283	0.0186798237264
train	train	6286	0.0133283436298
train	train	6289	0.029714692384
train	train	6291	0.0170381590724
train	train	6295	0.013025900349
train	train	6296	0.00994834862649
train	train	6303	0.0118061937392
train	train	6304	0.0169087797403
train	train	6305	0.012503201142
train	train	6316	0.0252106953412
train	train	6318	0.0229496117681
train	train	6320	0.0420816838741
train	train	6324	0.0142538817599
train	train	6328	0.0385631285608
train	train	6330	0.0096484310925
train	train	6335	0.0126724522561
train	train	6338	0.0125318132341
train	train	6341	0.0146779473871
train	train	6346	0.0163024924695
train	train	6347	0.0262377057225
train	train	6351	0.0300178751349
train	train	6352	0.039835229516
train	train	6353	0.0213668085635
train	train	6356	0.0198949705809
train	train	6359	0.0168260447681
train	train	6361	0.0126235168427
train	train	6362	0.0186606105417
train	train	6363	0.024252096191
train	train	6364	0.0158720612526
train	train	6365	0.0344746038318
train	train	6367	0.026767462492
train	train	6368	0.00718044675887
train	train	6369	0.0182640086859
train	train	6372	0.0255953148007
train	train	6373	0.0214361101389
train	train	6376	0.0285523422062
train	train	6377	0.0326699316502
train	train	6378	0.0190404783934
train	train	6381	0.0203272718936
train	train	6383	0.00983598642051
train	train	6384	0.0153889618814
train	train	6385	0.0133077315986
train	train	6390	0.0137767437845
train	train	6391	0.0170987732708
train	train	6392	0.0339703559875
train	train	6393	0.0202420633286
train	train	6394	0.0177671276033
train	train	6395	0.0183539353311
train	train	6396	0.0346631594002
train	train	6401	0.0244869552553
train	train	6402	0.0169934518635
train	train	6405	0.0286279022694
train	train	6412	0.0136069701985
train	train	6413	0.0136375688016
train	train	6414	0.0116220749915
train	train	6415	0.00987931527197
train	train	6419	0.0123274857178
train	train	6421	0.013134457171
train	train	6423	0.0110210217535
train	train	6426	0.0266554001719
train	train	6427	0.0173838734627
train	train	6428	0.0193465948105
train	train	6430	0.0137545503676
train	train	6431	0.0371045544744
train	train	6433	0.0248781889677
train	train	6434	0.0251713097095
train	train	6435	0.0204498060048
train	train	6436	0.0235003493726
train	train	6439	0.0330427214503
train	train	6440	0.00870076566935
train	train	6441	0.0137637834996
train	train	6442	0.0234438162297
train	train	6443	0.0140704810619
train	train	6444	0.019438162446
train	train	6445	0.0174291804433
train	train	6447	0.0249249786139
train	train	6449	0.0209452621639
train	train	6450	0.0128121552989
train	train	6451	0.0166549310088
train	train	6452	0.0148791950196
train	train	6454	0.0236882120371
train	train	6455	0.00980324018747
train	train	6456	0.0197383984923
train	train	6457	0.00730781909078
train	train	6464	0.0189582370222
train	train	6465	0.0156539212912
train	train	6466	0.0113722356036
train	train	6467	0.0164140760899
train	train	6469	0.00998499151319
train	train	6470	0.0127276191488
train	train	6471	0.0138188479468
train	train	6472	0.0126678142697
train	train	6473	0.0153971267864
train	train	6474	0.0203080363572
train	train	6476	0.0146513525397
train	train	6478	0.0222408138216
train	train	6479	0.0207093544304
train	train	6480	0.0138659691438
train	train	6484	0.0278467833996
train	train	6486	0.0168270133436
train	train	6488	0.0121541945264
train	train	6490	0.011153514497
train	train	6491	0.0156076643616
train	train	6494	0.0187744870782
train	train	6496	0.0188925024122
train	train	6497	0.00938357319683
train	train	6498	0.0120210619643
train	train	6499	0.0386675447226
train	train	6501	0.0105133438483
train	train	6505	0.0188181623816
train	train	6511	0.0310667678714
train	train	6512	0.0113948695362
train	train	6513	0.0102168098092
train	train	6516	0.018873937428
train	train	6521	0.011728297919
train	train	6522	0.0103641040623
train	train	6523	0.0106139648706
train	train	6526	0.0124617796391
train	train	6528	0.00980715639889
train	train	6530	0.0100229373202
train	train	6531	0.0257039107382
train	train	6533	0.0257831439376
train	train	6534	0.0184496864676
train	train	6536	0.00675308937207
train	train	6538	0.0114074517041
train	train	6541	0.012714757584
train	train	6543	0.0207317918539
train	train	6550	0.0162627995014
train	train	6553	0.00954278558493
train	train	6554	0.00812228675932
train	train	6555	0.00858243182302
train	train	6557	0.0147291943431
train	train	6559	0.0135261993855
train	train	6562	0.00941078178585
train	train	6563	0.0112448744476
train	train	6564	0.0162474885583
train	train	6569	0.021391749382
train	train	6570	0.0180918611586
train	train	6572	0.0129838827997
train	train	6573	0.0196036286652
train	train	6576	0.015362505801
train	train	6578	0.021447615698
train	train	6579	0.0239770784974
train	train	6580	0.0120834344998
train	train	6581	0.0146788097918
train	train	6582	0.0273234993219
train	train	6583	0.0272502414882
train	train	6584	0.0232785865664
train	train	6587	0.0106698535383
train	train	6590	0.0390344411135
train	train	6592	0.0151705453172
train	train	6593	0.0179898738861
train	train	6595	0.0142850484699
train	train	6597	0.0138118201867
train	train	6598	0.0172678828239
train	train	6599	0.0230351164937
train	train	6601	0.0115914912894
train	train	6604	0.0171577557921
train	train	6606	0.0233072359115
train	train	6609	0.028304265812
train	train	6610	0.0148899918422
train	train	6611	0.00996535737067
train	train	6612	0.00695314491168
train	train	6614	0.0115380836651
train	train	6615	0.0154847577214
train	train	6616	0.0125407623127
train	train	6617	0.0314440131187
train	train	6618	0.00986948795617
train	train	6620	0.0221830494702
train	train	6621	0.0166353695095
train	train	6624	0.0228471215814
train	train	6625	0.0225493144244
train	train	6626	0.00982605852187
train	train	6630	0.016018981114
train	train	6632	0.0164789818227
train	train	6635	0.0165822282434
train	train	6636	0.0349275656044
train	train	6638	0.00925973057747
train	train	6641	0.0153899388388
train	train	6642	0.0133646791801
train	train	6645	0.00986268743873
train	train	6646	0.0112621439621
train	train	6648	0.0134605299681
train	train	6650	0.0199521426111
train	train	6651	0.0174903199077
train	train	6654	0.0208855308592
train	train	6656	0.0165451001376
train	train	6658	0.0133156115189
train	train	6661	0.0235121119767
train	train	6663	0.013152776286
train	train	6666	0.0148846283555
train	train	6667	0.014690188691
train	train	6672	0.0140840150416
train	train	6674	0.0117576848716
train	train	6675	0.0150943575427
train	train	6676	0.0197893921286
train	train	6681	0.010237544775
train	train	6682	0.017812224105
train	train	6683	0.0101667530835
train	train	6684	0.0131771694869
train	train	6687	0.0169897601008
train	train	6688	0.0174364652485
train	train	6690	0.0136861223727
train	train	6693	0.0243932567537
train	train	6694	0.0223982147872
train	train	6696	0.00987123884261
train	train	6697	0.014125155285
train	train	6699	0.0175381284207
train	train	6700	0.0215806625783
train	train	6701	0.0146517483518
train	train	6702	0.0164667069912
train	train	6703	0.015576781705
train	train	6708	0.0267408490181
train	train	6709	0.0112599348649
train	train	6710	0.0154365170747
train	train	6712	0.0132667459548
train	train	6713	0.0108654294163
train	train	6716	0.0143331587315
train	train	6717	0.0190828833729
train	train	6719	0.0388362705708
train	train	6722	0.014731105417
train	train	6723	0.0249221418053
train	train	6727	0.0168390478939
train	train	6728	0.0125718321651
train	train	6729	0.014029934071
train	train	6730	0.0276457015425
train	train	6734	0.0194710940123
train	train	6738	0.00911878421903
train	train	6740	0.0125190420076
train	train	6741	0.0316574685276
train	train	6742	0.0122035834938
train	train	6744	0.0152979874983
train	train	6750	0.021169744432
train	train	6751	0.0142942611128
train	train	6756	0.0130503382534
train	train	6757	0.0168920867145
train	train	6758	0.0094975316897
train	train	6759	0.0130152478814
train	train	6761	0.016566414386
train	train	6762	0.0195706523955
train	train	6763	0.011433839798
train	train	6764	0.0228327680379
train	train	6766	0.0109418518841
train	train	6772	0.0125812888145
train	train	6773	0.0153407845646
train	train	6774	0.0214025266469
train	train	6775	0.0117529872805
train	train	6777	0.0105496924371
train	train	6778	0.0156337246299
train	train	6780	0.0145593881607
train	train	6783	0.0219750255346
train	train	6784	0.0109671410173
train	train	6788	0.013176240027
train	train	6789	0.0175530891865
train	train	6790	0.0121150854975
train	train	6792	0.0229379981756
train	train	6793	0.0145388692617
train	train	6794	0.010686263442
train	train	6797	0.0151884155348
train	train	6801	0.0172690488398
train	train	6806	0.00966444145888
train	train	6807	0.010484630242
train	train	6808	0.0131980422884
train	train	6809	0.0266963001341
train	train	6810	0.0232924316078
train	train	6812	0.0114951198921
train	train	6814	0.0210523810238
train	train	6816	0.0104812029749
train	train	6823	0.0190014876425
train	train	6828	0.0152475144714
train	train	6836	0.00912189856172
train	train	6838	0.0104010365903
train	train	6840	0.00990032218397
train	train	6842	0.00959817599505
train	train	6844	0.0176609512419
train	train	6845	0.0117742512375
train	train	6847	0.013444038108
train	train	6848	0.0175824929029
train	train	6849	0.0303978528827
train	train	6855	0.0211658272892
train	train	6857	0.00784839689732
train	train	6858	0.0186058655381
train	train	6859	0.0176237821579
train	train	6868	0.0404495894909
train	train	6880	0.0128319868818
train	train	6882	0.016028797254
train	train	6883	0.0249567367136
train	train	6885	0.0202404353768
train	train	6886	0.0133236702532
train	train	6887	0.0259588547051
train	train	6888	0.0122073134407
train	train	6889	0.0100163957104
train	train	6892	0.0104640740901
train	train	6893	0.0135265961289
train	train	6894	0.00766393123195
train	train	6896	0.0100669972599
train	train	6897	0.0193096883595
train	train	6898	0.0115987379104
train	train	6899	0.0189854949713
train	train	6900	0.0132582718506
train	train	6903	0.0170769058168
train	train	6904	0.0174420252442
train	train	6905	0.0115519519895
train	train	6906	0.0154622374102
train	train	6908	0.0103763826191
train	train	6912	0.0389595106244
train	train	6913	0.0188422501087
train	train	6914	0.0108691100031
train	train	6918	0.0142696248367
train	train	6920	0.0112651921809
train	train	6925	0.0153568796813
train	train	6928	0.0138844177127
train	train	6934	0.0126259569079
train	train	6938	0.0185296926647
train	train	6939	0.0139156328514
train	train	6940	0.0225885212421
train	train	6941	0.0131432646886
train	train	6948	0.0299970190972
train	train	6949	0.0185233801603
train	train	6952	0.0151554886252
train	train	6957	0.0172869041562
train	train	6958	0.00981240253896
train	train	6959	0.0147359315306
train	train	6962	0.0198230091482
train	train	6965	0.0252943858504
train	train	6967	0.0192579254508
train	train	6970	0.0195166543126
train	train	6972	0.0199479646981
train	train	6973	0.00978148728609
train	train	6974	0.0086546363309
train	train	6975	0.00860166829079
train	train	6976	0.013219810091
train	train	6981	0.0173976551741
train	train	6982	0.0155555391684
train	train	6989	0.00879889260978
train	train	6990	0.0122305341065
train	train	6998	0.0256876535714
train	train	6999	0.0211505051702
train	train	7000	0.010179432109
train	train	7002	0.0190568361431
train	train	7005	0.0308494493365
train	train	7010	0.0177068114281
train	train	7013	0.0207814518362
train	train	7014	0.0138137172908
train	train	7015	0.015292653814
train	train	7020	0.0254547670484
train	train	7023	0.0185569282621
train	train	7027	0.0170171819627
train	train	7031	0.0135067421943
train	train	7033	0.0185961909592
train	train	7034	0.0119471792132
train	train	7039	0.0123361628503
train	train	7040	0.0157111790031
train	train	7041	0.0209417827427
train	train	7042	0.0071263955906
train	train	7043	0.00965797435492
train	train	7046	0.0185166597366
train	train	7049	0.0143447676674
train	train	7050	0.0257201101631
train	train	7054	0.0152051392943
train	train	7060	0.0235580131412
train	train	7064	0.0165400318801
train	train	7067	0.0204752907157
train	train	7070	0.0124028306454
train	train	7072	0.0196112506092
train	train	7073	0.0235482491553
train	train	7074	0.0247085802257
train	train	7075	0.0137554453686
train	train	7078	0.0163962729275
train	train	7081	0.0132272718474
train	train	7082	0.0149736944586
train	train	7086	0.0196992792189
train	train	7089	0.0184214152396
train	train	7094	0.0270496737212
train	train	7096	0.028031013906
train	train	7097	0.0228516682982
train	train	7098	0.0144547820091
train	train	7099	0.0214663632214
train	train	7100	0.0102283768356
train	train	7103	0.00817654188722
train	train	7104	0.0359338149428
train	train	7105	0.0300825126469
train	train	7107	0.0108588971198
train	train	7109	0.0213481318206
train	train	7110	0.0304364748299
train	train	7111	0.017216745764
train	train	7113	0.0425255447626
train	train	7115	0.0270754657686
train	train	7116	0.0149968340993
train	train	7119	0.0170443914831
train	train	7120	0.0236360300332
train	train	7121	0.0230624433607
train	train	7123	0.0207809079438
train	train	7125	0.0143748819828
train	train	7128	0.0123069938272
train	train	7129	0.0135182673112
train	train	7131	0.0142710693181
train	train	7132	0.0175360366702
train	train	7133	0.0313478708267
train	train	7136	0.0442010462284
train	train	7137	0.0183252878487
train	train	7138	0.0126077849418
train	train	7139	0.0107054021209
train	train	7141	0.0194983128458
train	train	7149	0.018395960331
train	train	7150	0.0210621990263
train	train	7152	0.0156590230763
train	train	7153	0.0157310795039
train	train	7154	0.00739053497091
train	train	7155	0.0384820476174
train	train	7156	0.0173974912614
train	train	7157	0.0301623512059
train	train	7158	0.0113208321854
train	train	7159	0.0252691470087
train	train	7160	0.0223943330348
train	train	7162	0.0122836045921
train	train	7163	0.0122244786471
train	train	7165	0.0209713764489
train	train	7166	0.0223209634423
train	train	7168	0.0200571343303
train	train	7169	0.0179980583489
train	train	7170	0.011399699375
train	train	7171	0.0190882831812
train	train	7172	0.00769464857876
train	train	7173	0.0178046058863
train	train	7174	0.013823970221
train	train	7175	0.0159241221845
train	train	7177	0.0102541074157
train	train	7179	0.0100639276206
train	train	7180	0.0228208713233
train	train	7182	0.0180622301996
train	train	7183	0.016672167927
train	train	7184	0.0262260939926
train	train	7185	0.00821524020284
train	train	7186	0.0232777819037
train	train	7189	0.0231915451586
train	train	7190	0.0253388099372
train	train	7193	0.0193358790129
train	train	7196	0.0168024525046
train	train	7197	0.0350015759468
train	train	7199	0.0123166125268
train	train	7201	0.0124525986612
train	train	7202	0.015229633078
train	train	7203	0.0490043982863
train	train	7206	0.0310010928661
train	train	7208	0.0291646551341
train	train	7209	0.0172492675483
train	train	7210	0.019720505923
train	train	7211	0.0222154408693
train	train	7212	0.0242545045912
train	train	7213	0.00859114341438
train	train	7216	0.0164854936302
train	train	7222	0.00945814885199
train	train	7224	0.0248371958733
train	train	7225	0.00891084689647
train	train	7227	0.0294019561261
train	train	7229	0.0348959751427
train	train	7230	0.011067006737
train	train	7236	0.0260665826499
train	train	7237	0.00809885282069
train	train	7238	0.0387680009007
train	train	7240	0.0188946835697
train	train	7245	0.0131940580904
train	train	7247	0.0217147171497
train	train	7249	0.0271571557969
train	train	7253	0.0239601507783
train	train	7256	0.0225729830563
train	train	7257	0.0180660188198
train	train	7258	0.0239149369299
train	train	7260	0.0228838510811
train	train	7262	0.0196895431727
train	train	7263	0.0125332819298
train	train	7264	0.0457422509789
train	train	7265	0.0138034196571
train	train	7269	0.0214411728084
train	train	7270	0.034755282104
train	train	7271	0.00999426096678
train	train	7272	0.0186225343496
train	train	7275	0.0168876349926
train	train	7276	0.0322617888451
train	train	7277	0.0272292438895
train	train	7282	0.0202563609928
train	train	7284	0.0121262241155
train	train	7285	0.0194762852043
train	train	7288	0.0174936875701
train	train	7289	0.0375464335084
train	train	7290	0.0143820010126
train	train	7291	0.0181930810213
train	train	7292	0.0157387554646
train	train	7294	0.0247311610729
train	train	7297	0.00897001940757
train	train	7298	0.0348438248038
train	train	7301	0.0178111605346
train	train	7304	0.0134481191635
train	train	7309	0.0200458746403
train	train	7311	0.0200243890285
train	train	7313	0.0226068384945
train	train	7315	0.0248259920627
train	train	7317	0.0398132428527
train	train	7318	0.0350123122334
train	train	7319	0.0271124765277
train	train	7320	0.0341748222709
train	train	7322	0.0273435693234
train	train	7325	0.0262278150767
train	train	7329	0.0169226732105
train	train	7330	0.0240828953683
train	train	7332	0.00996734760702
train	train	7333	0.0360250771046
train	train	7334	0.0251207873225
train	train	7337	0.0144171379507
train	train	7338	0.0127422250807
train	train	7339	0.0211606584489
train	train	7340	0.0195756349713
train	train	7341	0.0376487970352
train	train	7342	0.0151937883347
train	train	7344	0.01118488051
train	train	7345	0.0225518718362
train	train	7347	0.0103539936244
train	train	7348	0.012931230478
train	train	7349	0.0166338533163
train	train	7350	0.00884844642133
train	train	7353	0.0184089262038
train	train	7356	0.0198902823031
train	train	7358	0.0103036165237
train	train	7360	0.0146433245391
train	train	7363	0.0138414753601
train	train	7365	0.0121644753963
train	train	7366	0.0205521844327
train	train	7369	0.0119252726436
train	train	7370	0.0108641777188
train	train	7371	0.0168278515339
train	train	7372	0.0164996590465
train	train	7373	0.0113372169435
train	train	7375	0.0229700859636
train	train	7378	0.022493654862
train	train	7379	0.0139656001702
train	train	7381	0.0204307250679
train	train	7382	0.0168304033577
train	train	7383	0.00850415881723
train	train	7384	0.0108412895352
train	train	7386	0.00863346178085
train	train	7387	0.017656898126
train	train	7388	0.0212158225477
train	train	7389	0.0109725529328
train	train	7391	0.0115976873785
train	train	7392	0.0187003668398
train	train	7393	0.0207464918494
train	train	7395	0.0148205328733
train	train	7396	0.0148318829015
train	train	7397	0.0193233713508
train	train	7399	0.0188348442316
train	train	7400	0.0180142764002
train	train	7403	0.0126403523609
train	train	7405	0.0241775047034
train	train	7406	0.0122726801783
train	train	7407	0.00587144121528
train	train	7408	0.0193286761642
train	train	7410	0.0161237698048
train	train	7419	0.0145504567772
train	train	7420	0.022902213037
train	train	7421	0.0339920148253
train	train	7423	0.0215085297823
train	train	7424	0.00877386704087
train	train	7425	0.00882506463677
train	train	7426	0.0222476255149
train	train	7428	0.0158008635044
train	train	7429	0.0106969270855
train	train	7430	0.0167622994632
train	train	7431	0.0132524222136
train	train	7432	0.0141655541956
train	train	7434	0.0100173018873
train	train	7435	0.0137941353023
train	train	7436	0.0283935554326
train	train	7437	0.010501883924
train	train	7438	0.0196666643023
train	train	7439	0.0388998910785
train	train	7440	0.0256230402738
train	train	7441	0.0112975686789
train	train	7442	0.0115933567286
train	train	7443	0.0153911430389
train	train	7444	0.0185085311532
train	train	7445	0.00827673450112
train	train	7446	0.0231574736536
train	train	7450	0.0137661807239
train	train	7454	0.0107058193535
train	train	7456	0.021573331207
train	train	7457	0.0291751511395
train	train	7460	0.0131404381245
train	train	7461	0.0166648849845
train	train	7465	0.0174248702824
train	train	7466	0.0113313831389
train	train	7467	0.0157939307392
train	train	7468	0.0145677244291
train	train	7469	0.0275880694389
train	train	7471	0.0176179334521
train	train	7474	0.0114686945453
train	train	7476	0.00843933038414
train	train	7477	0.0132693927735
train	train	7478	0.00954355206341
train	train	7479	0.0152959814295
train	train	7480	0.0161382853985
train	train	7482	0.0277864187956
train	train	7484	0.0124569442123
train	train	7485	0.0218660738319
train	train	7486	0.0181067660451
train	train	7487	0.0224016588181
train	train	7490	0.0177002362907
train	train	7492	0.0308305360377
train	train	7493	0.0244874041528
train	train	7494	0.0291709154844
train	train	7495	0.0199673771858
train	train	7498	0.0177809409797
train	train	7500	0.0237784255296
train	train	7502	0.0202846191823
train	train	7505	0.0206657648087
train	train	7509	0.0147493239492
train	train	7511	0.0210390668362
train	train	7514	0.0226149521768
train	train	7516	0.0109492065385
train	train	7518	0.0161329321563
train	train	7520	0.0126295695081
train	train	7521	0.0133324824274
train	train	7528	0.0210652388632
train	train	7530	0.0194344297051
train	train	7534	0.0146491723135
train	train	7537	0.013554497622
train	train	7538	0.0178783126175
train	train	7539	0.0184092540294
train	train	7542	0.0105289835483
train	train	7543	0.0212458372116
train	train	7544	0.00995903834701
train	train	7547	0.0064954161644
train	train	7548	0.0134788826108
train	train	7550	0.0158748142421
train	train	7551	0.0194009505212
train	train	7553	0.0184257216752
train	train	7555	0.0203292779624
train	train	7558	0.00838589947671
train	train	7559	0.0144307985902
train	train	7561	0.0222041942179
train	train	7565	0.00640495121479
train	train	7568	0.0236764140427
train	train	7569	0.0149078350514
train	train	7570	0.0185599196702
train	train	7572	0.0128480540588
train	train	7575	0.0369584262371
train	train	7577	0.0144541095942
train	train	7578	0.0245425533503
train	train	7579	0.0113668441772
train	train	7580	0.03148413077
train	train	7581	0.0202759485692
train	train	7583	0.00757561344653
train	train	7584	0.0484538450837
train	train	7585	0.0169749110937
train	train	7586	0.0190282277763
train	train	7587	0.0174560807645
train	train	7589	0.0186875686049
train	train	7592	0.0160855986178
train	train	7593	0.0239057689905
train	train	7596	0.0120421666652
train	train	7597	0.017466686666
train	train	7599	0.0144249843433
train	train	7601	0.0334285348654
train	train	7605	0.0151063846424
train	train	7607	0.0206874664873
train	train	7608	0.0263848584145
train	train	7610	0.0122360475361
train	train	7613	0.0217785947025
train	train	7614	0.0203725509346
train	train	7618	0.0131764262915
train	train	7619	0.0239670965821
train	train	7621	0.0192698445171
train	train	7622	0.0129685830325
train	train	7624	0.00836609490216
train	train	7630	0.0207237731665
train	train	7634	0.0154383406043
train	train	7635	0.0155431712046
train	train	7636	0.0357315763831
train	train	7637	0.0171044617891
train	train	7638	0.0259082242846
train	train	7639	0.0176966637373
train	train	7642	0.0215621292591
train	train	7644	0.0148683972657
train	train	7651	0.00872709974647
train	train	7658	0.0193137135357
train	train	7659	0.0236108396202
train	train	7661	0.0210164170712
train	train	7664	0.0143730891868
train	train	7666	0.0218986384571
train	train	7674	0.0284766294062
train	train	7677	0.0160676836967
train	train	7683	0.0278740841895
train	train	7689	0.00715938210487
train	train	7691	0.0191030316055
train	train	7692	0.0234415847808
train	train	7694	0.0126502178609
train	train	7695	0.0171717908233
train	train	7696	0.0162368528545
train	train	7697	0.0136596253142
train	train	7698	0.0244881454855
train	train	7699	0.0189029462636
train	train	7700	0.00830989331007
train	train	7701	0.0117563344538
train	train	7702	0.0234184432775
train	train	7703	0.0158451870084
train	train	7704	0.0166567638516
train	train	7705	0.020090084523
train	train	7706	0.0213852636516
train	train	7708	0.0110670607537
train	train	7710	0.0107696913183
train	train	7711	0.0197914857417
train	train	7713	0.0212786979973
train	train	7715	0.0226873680949
train	train	7721	0.0393101349473
train	train	7722	0.0154392160475
train	train	7723	0.0187953189015
train	train	7724	0.0188584532589
train	train	7728	0.0245281737298
train	train	7729	0.0182809196413
train	train	7735	0.010024305433
val	val	14	0.0106394756585
val	val	15	0.0306331589818
val	val	16	0.0201753824949
val	val	28	0.0101490411907
val	val	42	0.0181144326925
val	val	50	0.0143872927874
val	val	52	0.0243294034153
val	val	53	0.0207564346492
val	val	69	0.0255553796887
val	val	79	0.0463537089527
val	val	86	0.0179400648922
val	val	99	0.0292560718954
val	val	104	0.0543169863522
val	val	119	0.0240382477641
val	val	127	0.0198033880442
val	val	130	0.0127178402618
val	val	157	0.0189105607569
val	val	160	0.0142369382083
val	val	172	0.0275698192418
val	val	182	0.0178989768028
val	val	193	0.0184796825051
val	val	196	0.0231443047523
val	val	197	0.0199027210474
val	val	198	0.0289472676814
val	val	200	0.0170599594712
val	val	215	0.0112461242825
val	val	220	0.0337617732584
val	val	224	0.0198841579258
val	val	230	0.00778055097908
val	val	240	0.00934238359332
val	val	241	0.0215111784637
val	val	259	0.0232029929757
val	val	262	0.0147917158902
val	val	267	0.0190565809608
val	val	290	0.0283566862345
val	val	309	0.021089412272
val	val	316	0.0261327400804
val	val	329	0.0206228867173
val	val	336	0.0134895304218
val	val	338	0.0192835200578
val	val	355	0.0132405180484
val	val	374	0.0136069580913
val	val	382	0.0247295685112
val	val	395	0.0266841035336
val	val	404	0.0134120639414
val	val	406	0.0133021362126
val	val	411	0.0230219494551
val	val	412	0.0114160673693
val	val	430	0.02554557845
val	val	432	0.0118309054524
val	val	436	0.0149215608835
val	val	437	0.0127877239138
val	val	438	0.0135358972475
val	val	441	0.012616625987
val	val	442	0.020597698167
val	val	469	0.0319945290685
val	val	474	0.0286633837968
val	val	487	0.0260291099548
val	val	496	0.0241749174893
val	val	501	0.0182317309082
val	val	502	0.0136063527316
val	val	503	0.0166300050914
val	val	510	0.0237073004246
val	val	518	0.0297806933522
val	val	519	0.0348508805037
val	val	536	0.0203648619354
val	val	538	0.0146392639726
val	val	544	0.0145861208439
val	val	547	0.0162116140127
val	val	549	0.0235079005361
val	val	551	0.0152422403917
val	val	558	0.0219710059464
val	val	566	0.0275990907103
val	val	579	0.0109495529905
val	val	594	0.0134482663125
val	val	603	0.0169335845858
val	val	635	0.014547384344
val	val	639	0.0279117412865
val	val	644	0.0299321878701
val	val	645	0.0182795468718
val	val	655	0.031948029995
val	val	656	0.015042565763
val	val	663	0.0236435867846
val	val	665	0.0180590637028
val	val	681	0.0256359912455
val	val	683	0.0148905748501
val	val	685	0.0212927423418
val	val	691	0.0112174618989
val	val	701	0.00851315446198
val	val	721	0.0069040954113
val	val	728	0.00993572548032
val	val	732	0.00924089364707
val	val	750	0.018274590373
val	val	752	0.0138702727854
val	val	771	0.0306828524917
val	val	779	0.0111152725294
val	val	781	0.0142455706373
val	val	787	0.020876666531
val	val	789	0.0149088567123
val	val	796	0.0160828903317
val	val	809	0.0111596258357
val	val	812	0.0207517426461
val	val	822	0.0186304524541
val	val	847	0.0291363392025
val	val	851	0.0170202814043
val	val	852	0.0163114964962
val	val	869	0.0177409052849
val	val	891	0.0259383264929
val	val	896	0.0221556797624
val	val	903	0.0130645520985
val	val	906	0.0320730246603
val	val	907	0.0115264430642
val	val	913	0.0195455029607
val	val	926	0.0139460433275
val	val	927	0.0285456292331
val	val	935	0.0091764871031
val	val	946	0.0157669242471
val	val	949	0.0456331223249
val	val	952	0.0227545835078
val	val	971	0.0169509127736
val	val	974	0.0176892280579
val	val	985	0.0113950492814
val	val	989	0.0316131561995
val	val	990	0.0128672346473
val	val	993	0.0182026345283
val	val	995	0.0220762826502
val	val	1004	0.0152635276318
val	val	1028	0.0107751088217
val	val	1061	0.0111628975719
val	val	1075	0.013646393083
val	val	1076	0.0212340019643
val	val	1079	0.00817602872849
val	val	1082	0.0134619120508
val	val	1091	0.00619502551854
val	val	1096	0.0109227271751
val	val	1133	0.0114967934787
val	val	1139	0.0131741939113
val	val	1146	0.00799345131963
val	val	1159	0.025657016784
val	val	1192	0.00612281728536
val	val	1193	0.0131931602955
val	val	1195	0.0234373100102
val	val	1203	0.0346707031131
val	val	1212	0.0197319760919
val	val	1215	0.0220264401287
val	val	1219	0.0109459105879
val	val	1223	0.00969208404422
val	val	1224	0.017314709723
val	val	1227	0.0223211087286
val	val	1246	0.0190813466907
val	val	1258	0.0225312225521
val	val	1268	0.0147211551666
val	val	1269	0.025419048965
val	val	1274	0.0189557820559
val	val	1289	0.0322247892618
val	val	1293	0.0316657349467
val	val	1317	0.0279087871313
val	val	1319	0.00782912410796
val	val	1322	0.0127299018204
val	val	1326	0.0126089248806
val	val	1327	0.0298254936934
val	val	1343	0.0257442370057
val	val	1344	0.0201732125133
val	val	1351	0.0225214995444
val	val	1356	0.0138600561768
val	val	1357	0.0145133901387
val	val	1359	0.0196979120374
val	val	1362	0.0177243240178
val	val	1367	0.0163925103843
val	val	1391	0.0230668764561
val	val	1406	0.00967815518379
val	val	1408	0.0172726195306
val	val	1413	0.0202453397214
val	val	1422	0.0316647328436
val	val	1425	0.0105223245919
val	val	1436	0.015500950627
val	val	1437	0.0152800958604
val	val	1447	0.0440140813589
val	val	1451	0.0288539901376
val	val	1452	0.0348722860217
val	val	1453	0.0203408617526
val	val	1457	0.017222519964
val	val	1463	0.0217755176127
val	val	1477	0.0106458151713
val	val	1480	0.0244978703558
val	val	1490	0.0241703055799
val	val	1495	0.0227575432509
val	val	1509	0.0218129828572
val	val	1517	0.0149509524927
val	val	1538	0.0172377824783
val	val	1541	0.00880697742105
val	val	1542	0.0214830506593
val	val	1545	0.0216894838959
val	val	1553	0.0208827294409
val	val	1557	0.0131028536707
val	val	1560	0.0146266780794
val	val	1562	0.00828930176795
val	val	1564	0.0286952164024
val	val	1568	0.0137145305052
val	val	1572	0.0249898731709
val	val	1578	0.030162435025
val	val	1593	0.0375218056142
val	val	1599	0.014497956261
val	val	1618	0.0251335948706
val	val	1645	0.0230213589966
val	val	1652	0.0234069414437
val	val	1654	0.0261619202793
val	val	1655	0.0177584588528
val	val	1679	0.021291974932
val	val	1682	0.0198009237647
val	val	1685	0.0156971979886
val	val	1688	0.0197602473199
val	val	1691	0.0097126532346
val	val	1697	0.0240066461265
val	val	1702	0.0134201012552
val	val	1704	0.0245807915926
val	val	1714	0.0179170724005
val	val	1722	0.016004730016
val	val	1733	0.025136295706
val	val	1735	0.0227928515524
val	val	1749	0.0402419157326
val	val	1751	0.0174710284919
val	val	1755	0.011938537471
val	val	1764	0.0272570475936
val	val	1772	0.0200735870749
val	val	1774	0.035845912993
val	val	1782	0.0225587412715
val	val	1783	0.0207561217248
val	val	1786	0.0169616900384
val	val	1788	0.02464819327
val	val	1789	0.0220910385251
val	val	1796	0.0195424333215
val	val	1800	0.0256283953786
val	val	1803	0.0303929783404
val	val	1804	0.0136030726135
val	val	1814	0.0117915021256
val	val	1826	0.0233186483383
val	val	1839	0.0240670163184
val	val	1849	0.0114308502525
val	val	1852	0.0155005641282
val	val	1853	0.0217149443924
val	val	1854	0.0417229495943
val	val	1858	0.0125916432589
val	val	1863	0.0265562590212
val	val	1871	0.0204973649234
val	val	1882	0.0211184062064
val	val	1889	0.015123391524
val	val	1895	0.019006755203
val	val	1899	0.0104449931532
val	val	1901	0.013071494177
val	val	1906	0.0132423928007
val	val	1916	0.0125467507169
val	val	1954	0.0308156087995
val	val	1958	0.0145556554198
val	val	1961	0.0156193040311
val	val	1962	0.00932538788766
val	val	1981	0.0209302958101
val	val	2000	0.0117304576561
val	val	2006	0.0209309794009
val	val	2013	0.0144958756864
val	val	2031	0.015796430409
val	val	2038	0.0128364600241
val	val	2042	0.0199151821434
val	val	2043	0.01512021292
val	val	2045	0.0322546064854
val	val	2058	0.023973941803
val	val	2065	0.0129093490541
val	val	2067	0.0237321667373
val	val	2070	0.0110936220735
val	val	2106	0.0152696873993
val	val	2158	0.00816740561277
val	val	2160	0.0119304684922
val	val	2165	0.0173158999532
val	val	2166	0.0291329883039
val	val	2167	0.0235056784004
val	val	2180	0.0178056545556
val	val	2188	0.00998024642467
val	val	2195	0.0231977887452
val	val	2196	0.0260083284229
val	val	2200	0.0188031978905
val	val	2211	0.0145570840687
val	val	2222	0.0197466593236
val	val	2226	0.00906963460147
val	val	2227	0.0246332585812
val	val	2241	0.0203678309917
val	val	2243	0.0214865840971
val	val	2255	0.0104338545352
val	val	2259	0.0155946454033
val	val	2261	0.0152120171115
val	val	2262	0.01619130373
val	val	2271	0.0142906308174
val	val	2273	0.0117234904319
val	val	2280	0.0172509495169
val	val	2281	0.015722963959
val	val	2284	0.0160076338798
val	val	2290	0.0183093994856
val	val	2298	0.0124531444162
val	val	2301	0.0369842872024
val	val	2304	0.0118294078857
val	val	2312	0.0174343325198
val	val	2317	0.0142202544957
val	val	2318	0.0157369356602
val	val	2319	0.0131717575714
val	val	2333	0.0217994619161
val	val	2335	0.00933954585344
val	val	2344	0.0284877866507
val	val	2349	0.0136904660612
val	val	2353	0.0327777974308
val	val	2366	0.00918864738196
val	val	2367	0.0130650214851
val	val	2368	0.0114123597741
val	val	2372	0.00754356570542
val	val	2384	0.0118669234216
val	val	2395	0.0254367254674
val	val	2401	0.0181618202478
val	val	2402	0.0381236672401
val	val	2403	0.0083970176056
val	val	2417	0.0187439974397
val	val	2420	0.00997654534876
val	val	2424	0.0101592950523
val	val	2435	0.0216901600361
val	val	2446	0.0293709393591
val	val	2469	0.0242828372866
val	val	2471	0.021165587008
val	val	2475	0.0202211420983
val	val	2476	0.0121008232236
val	val	2482	0.0251675564796
val	val	2490	0.0112247690558
val	val	2501	0.0202587749809
val	val	2504	0.0248889215291
val	val	2513	0.00763060944155
val	val	2514	0.0167330615222
val	val	2519	0.00810748524964
val	val	2525	0.0156903341413
val	val	2526	0.0199797581881
val	val	2531	0.0149127552286
val	val	2537	0.00579790212214
val	val	2540	0.0270107723773
val	val	2552	0.032843735069
val	val	2564	0.0156167214736
val	val	2592	0.0352035164833
val	val	2594	0.0295245051384
val	val	2629	0.0264518577605
val	val	2643	0.0174552612007
val	val	2661	0.0170308835804
val	val	2665	0.0169654712081
val	val	2667	0.0341245308518
val	val	2669	0.0200177356601
val	val	2671	0.0249994620681
val	val	2672	0.0133822262287
val	val	2675	0.0283242221922
val	val	2683	0.0110983010381
val	val	2719	0.0222152918577
val	val	2729	0.012903643772
val	val	2774	0.0114177120849
val	val	2777	0.0123479636386
val	val	2780	0.0145274568349
val	val	2794	0.023719990626
val	val	2798	0.0135513953865
val	val	2807	0.0222651101649
val	val	2810	0.0103436596692
val	val	2818	0.0103883789852
val	val	2821	0.0165995936841
val	val	2824	0.0107768531889
val	val	2825	0.0197751186788
val	val	2832	0.0120009332895
val	val	2844	0.0159005764872
val	val	2853	0.027586940676
val	val	2861	0.0318672470748
val	val	2869	0.0105092795566
val	val	2879	0.0201393477619
val	val	2880	0.0116975754499
val	val	2883	0.0141951758415
val	val	2885	0.0185895487666
val	val	2889	0.0213530678302
val	val	2890	0.0173894502223
val	val	2898	0.0147504787892
val	val	2899	0.0141268158332
val	val	2901	0.0216931588948
val	val	2906	0.0193139463663
val	val	2911	0.0119605269283
val	val	2914	0.01857765764
val	val	2915	0.0174387600273
val	val	2936	0.011418512091
val	val	2941	0.0243814140558
val	val	2953	0.00954492390156
val	val	2961	0.0183336175978
val	val	2965	0.0275235697627
val	val	2972	0.0171713829041
val	val	2974	0.0140324588865
val	val	2995	0.0216009914875
val	val	3009	0.0211597383022
val	val	3018	0.00916040875018
val	val	3022	0.00969719700515
val	val	3024	0.0342654921114
val	val	3029	0.0107595212758
val	val	3037	0.00846827961504
val	val	3038	0.0143933696672
val	val	3044	0.019677311182
val	val	3050	0.0105171781033
val	val	3066	0.0140302907676
val	val	3076	0.023407863453
val	val	3086	0.0104747097939
val	val	3089	0.0183044690639
val	val	3092	0.0208333078772
val	val	3111	0.0179023463279
val	val	3118	0.00835729297251
val	val	3140	0.0130146332085
val	val	3142	0.00634396262467
val	val	3159	0.0208186451346
val	val	3160	0.0114068547264
val	val	3164	0.0101532880217
val	val	3193	0.00949973240495
val	val	3213	0.0255145020783
val	val	3220	0.0257240403444
val	val	3221	0.0219826251268
val	val	3242	0.0191513430327
val	val	3244	0.0118879014626
val	val	3258	0.021901730448
val	val	3272	0.0154666313902
val	val	3279	0.0130287725478
val	val	3305	0.0133266169578
val	val	3312	0.0135071482509
val	val	3313	0.0325473546982
val	val	3331	0.0128983519971
val	val	3348	0.0106730535626
val	val	3350	0.0305388234556
val	val	3352	0.0183687005192
val	val	3355	0.0242957808077
val	val	3372	0.0210397075862
val	val	3384	0.0112327691168
val	val	3386	0.0138424690813
val	val	3388	0.0363823249936
val	val	3390	0.0186564736068
val	val	3391	0.0267794113606
val	val	3398	0.0135870110244
val	val	3400	0.0215157493949
val	val	3404	0.0118957292289
val	val	3415	0.0131573509425
val	val	3418	0.0156415160745
val	val	3420	0.0199332814664
val	val	3421	0.018118146807
val	val	3429	0.0255960673094
val	val	3448	0.0127843394876
val	val	3452	0.040703188628
val	val	3455	0.0370099954307
val	val	3459	0.024744886905
val	val	3461	0.0162337515503
val	val	3463	0.0159181691706
val	val	3470	0.0223436132073
val	val	3471	0.0170276425779
val	val	3490	0.0233620144427
val	val	3492	0.0164458118379
val	val	3505	0.0279643163085
val	val	3507	0.0086028277874
val	val	3511	0.0304947327822
val	val	3513	0.00777206104249
val	val	3517	0.0174369849265
val	val	3521	0.0191539544612
val	val	3531	0.0125216245651
val	val	3532	0.0280184857547
val	val	3542	0.0152804460377
val	val	3558	0.0136577598751
val	val	3570	0.0178587771952
val	val	3571	0.0138332704082
val	val	3580	0.00776058202609
val	val	3586	0.032711610198
val	val	3587	0.0163755938411
val	val	3631	0.0147281326354
val	val	3648	0.0179200544953
val	val	3653	0.0217210017145
val	val	3683	0.0283746235073
val	val	3685	0.022746745497
val	val	3689	0.0172186810523
val	val	3719	0.0197042450309
val	val	3728	0.019329149276
val	val	3731	0.0131644131616
val	val	3753	0.0130055267364
val	val	3755	0.0128558091819
val	val	3758	0.0212798248976
val	val	3761	0.00672105420381
val	val	3768	0.0168089866638
val	val	3770	0.0361246317625
val	val	3773	0.0206658244133
val	val	3777	0.0165780764073
val	val	3785	0.0145535217598
val	val	3788	0.0120395384729
val	val	3794	0.0179949738085
val	val	3797	0.0165034793317
val	val	3826	0.0320531725883
val	val	3827	0.0143784778193
val	val	3831	0.021982671693
val	val	3833	0.00924081169069
val	val	3834	0.0238051041961
val	val	3841	0.0112076401711
val	val	3843	0.011942140758
val	val	3849	0.0126715525985
val	val	3850	0.019058726728
val	val	3868	0.0102546270937
val	val	3890	0.0625197812915
val	val	3896	0.0196795091033
val	val	3913	0.0170342512429
val	val	3916	0.0161857306957
val	val	3918	0.0188634991646
val	val	3941	0.0212341956794
val	val	3942	0.0132115390152
val	val	3945	0.020950589329
val	val	3950	0.0192246790975
val	val	3951	0.0101274438202
val	val	3962	0.0288734324276
val	val	3966	0.0102052371949
val	val	3973	0.00972601771355
val	val	3983	0.00977053400129
val	val	3984	0.0118913743645
val	val	3985	0.0154259186238
val	val	4002	0.0119717959315
val	val	4007	0.0174526255578
val	val	4009	0.0105702970177
val	val	4028	0.0269477590919
val	val	4030	0.0167369563133
val	val	4037	0.0183760393411
val	val	4058	0.0127341272309
val	val	4063	0.0278282538056
val	val	4066	0.0102706616744
val	val	4071	0.0140138892457
val	val	4082	0.0269754976034
val	val	4101	0.0158955901861
val	val	4103	0.0305332951248
val	val	4116	0.0205953903496
val	val	4120	0.0200355239213
val	val	4154	0.023064898327
val	val	4158	0.0233854260296
val	val	4160	0.0197503939271
val	val	4161	0.0131037905812
val	val	4166	0.0114556439221
val	val	4179	0.0258879624307
val	val	4184	0.0279423482716
val	val	4191	0.0218976698816
val	val	4197	0.0287771299481
val	val	4218	0.00920713692904
val	val	4219	0.013384542428
val	val	4220	0.0319242179394
val	val	4221	0.0404881834984
val	val	4228	0.0153162758797
val	val	4247	0.0212099030614
val	val	4252	0.0104018691927
val	val	4279	0.0189077444375
val	val	4281	0.026051428169
val	val	4288	0.00885293725878
val	val	4292	0.012396639213
val	val	4293	0.0126862823963
val	val	4319	0.0215014927089
val	val	4326	0.0164409764111
val	val	4327	0.0151011236012
val	val	4329	0.0213963538408
val	val	4333	0.0154872322455
val	val	4342	0.0247575342655
val	val	4364	0.0212330911309
val	val	4368	0.0133830728009
val	val	4380	0.017223296687
val	val	4396	0.00804620236158
val	val	4416	0.0140365809202
val	val	4417	0.0280808582902
val	val	4419	0.013049531728
val	val	4422	0.00737966503948
val	val	4423	0.0251350458711
val	val	4430	0.0112833101302
val	val	4434	0.0127770006657
val	val	4441	0.00819447264075
val	val	4442	0.0179240833968
val	val	4455	0.00973004382104
val	val	4459	0.0108433570713
val	val	4466	0.00905894674361
val	val	4475	0.012658264488
val	val	4482	0.0161110982299
val	val	4486	0.022791530937
val	val	4499	0.0184418819845
val	val	4501	0.0133720505983
val	val	4513	0.016546074301
val	val	4521	0.0159109272063
val	val	4541	0.00858467631042
val	val	4549	0.022355530411
val	val	4551	0.0137244509533
val	val	4580	0.0160635001957
val	val	4584	0.0154231479391
val	val	4588	0.0103648472577
val	val	4590	0.00980095006526
val	val	4593	0.0230435356498
val	val	4596	0.0113327093422
val	val	4599	0.0231605917215
val	val	4606	0.0206444542855
val	val	4612	0.0253397375345
val	val	4629	0.00962872803211
val	val	4631	0.0149031095207
val	val	4653	0.0182216409594
val	val	4667	0.0126725994051
val	val	4682	0.0401391908526
val	val	4683	0.0198244415224
val	val	4695	0.0218888297677
val	val	4706	0.0170059390366
val	val	4712	0.0230879019946
val	val	4715	0.0206511728466
val	val	4717	0.0221710391343
val	val	4724	0.0154786519706
val	val	4727	0.0183464176953
val	val	4734	0.0162534061819
val	val	4737	0.0174054726958
val	val	4742	0.0115538462996
val	val	4744	0.0168199986219
val	val	4747	0.0164133571088
val	val	4748	0.012074355036
val	val	4757	0.00721366377547
val	val	4772	0.017898991704
val	val	4774	0.00644603651017
val	val	4786	0.0105750542134
val	val	4798	0.01837769337
val	val	4799	0.0113824829459
val	val	4800	0.0219729617238
val	val	4804	0.00967785809189
val	val	4813	0.00986277498305
val	val	4820	0.0211179107428
val	val	4832	0.0305293127894
val	val	4833	0.0133165773004
val	val	4839	0.0120540680364
val	val	4847	0.0181837957352
val	val	4848	0.0187544226646
val	val	4859	0.00595575803891
val	val	4867	0.0304801873863
val	val	4876	0.0149994399399
val	val	4882	0.00898054149002
val	val	4886	0.0137363187969
val	val	4896	0.0183515101671
val	val	4901	0.014473724179
val	val	4902	0.0309693701565
val	val	4903	0.0207104459405
val	val	4909	0.0107405874878
val	val	4920	0.022949539125
val	val	4924	0.034491032362
val	val	4938	0.00730178831145
val	val	4940	0.0209454204887
val	val	4951	0.0184550285339
val	val	4959	0.0161334853619
val	val	4974	0.00867162272334
val	val	5013	0.0166396889836
val	val	5014	0.00851414725184
val	val	5017	0.0173136852682
val	val	5023	0.0143275624141
val	val	5030	0.0271367356181
val	val	5031	0.0182259529829
val	val	5037	0.0117961149663
val	val	5039	0.0343599840999
val	val	5059	0.0165693610907
val	val	5081	0.0186111629009
val	val	5091	0.0162750650197
val	val	5092	0.0144804660231
val	val	5095	0.0174216851592
val	val	5107	0.0157952588052
val	val	5114	0.0159693323076
val	val	5123	0.0163776930422
val	val	5129	0.0203976333141
val	val	5135	0.0155948484316
val	val	5139	0.00977941229939
val	val	5143	0.0164599940181
val	val	5178	0.020295727998
val	val	5198	0.014840696007
val	val	5199	0.0152420280501
val	val	5201	0.0156612340361
val	val	5208	0.0258142501116
val	val	5212	0.0131849236786
val	val	5215	0.0154236014932
val	val	5227	0.0180926732719
val	val	5230	0.00924815610051
val	val	5234	0.0316117480397
val	val	5244	0.0088172107935
val	val	5253	0.0141685726121
val	val	5279	0.0169363301247
val	val	5284	0.0117657855153
val	val	5330	0.0320642590523
val	val	5336	0.0335990861058
val	val	5338	0.0189839247614
val	val	5342	0.0255012642592
val	val	5358	0.0201433505863
val	val	5367	0.0131312906742
val	val	5375	0.0251436382532
val	val	5377	0.0264669582248
val	val	5378	0.0253597795963
val	val	5395	0.0188570506871
val	val	5422	0.0269867293537
val	val	5433	0.00819994136691
val	val	5439	0.011880626902
val	val	5440	0.0102385897189
val	val	5443	0.0154131129384
val	val	5455	0.0276810489595
val	val	5461	0.00897304154932
val	val	5464	0.0117284599692
val	val	5465	0.0255233049393
val	val	5489	0.0290900245309
val	val	5499	0.0210904609412
val	val	5500	0.0144803663716
val	val	5504	0.0207256469876
val	val	5512	0.0139037026092
val	val	5523	0.0133210346103
val	val	5535	0.00976454187185
val	val	5538	0.0143606672063
val	val	5547	0.0160254687071
val	val	5566	0.0145873725414
val	val	5582	0.0231783241034
val	val	5590	0.0297202467918
val	val	5595	0.0287173334509
val	val	5622	0.0175147298723
val	val	5623	0.0102067738771
val	val	5631	0.0225769300014
val	val	5632	0.0147555172443
val	val	5636	0.00967008620501
val	val	5648	0.0201057121158
val	val	5686	0.00622284784913
val	val	5695	0.0268923100084
val	val	5697	0.0186206065118
val	val	5698	0.0130327306688
val	val	5699	0.0208536665887
val	val	5700	0.0186231322587
val	val	5742	0.0224574431777
val	val	5744	0.0136113101617
val	val	5751	0.0109212724492
val	val	5757	0.0227921120822
val	val	5767	0.0122809149325
val	val	5770	0.008185910061
val	val	5771	0.00955032277852
val	val	5819	0.0147585961968
val	val	5823	0.0312288049608
val	val	5832	0.0136684607714
val	val	5849	0.0183503832668
val	val	5850	0.0143232559785
val	val	5854	0.0183387957513
val	val	5859	0.0124301798642
val	val	5863	0.0161262582988
val	val	5867	0.0151084791869
val	val	5871	0.0316899567842
val	val	5875	0.00997604709119
val	val	5876	0.0242002587765
val	val	5884	0.0143237318844
val	val	5890	0.0129135614261
val	val	5900	0.00644996343181
val	val	5920	0.0214372426271
val	val	5928	0.0088398354128
val	val	5966	0.0146604757756
val	val	5979	0.0115716429427
val	val	5997	0.0174705311656
val	val	6002	0.0174784082919
val	val	6061	0.0162265896797
val	val	6062	0.0114013832062
val	val	6068	0.0158753637224
val	val	6081	0.00978457275778
val	val	6087	0.0356628894806
val	val	6088	0.0241353474557
val	val	6095	0.012388927862
val	val	6097	0.0214577279985
val	val	6098	0.0277642365545
val	val	6101	0.00903465040028
val	val	6118	0.0162113793194
val	val	6119	0.0155134806409
val	val	6123	0.0110632069409
val	val	6137	0.0207511242479
val	val	6146	0.0220889337361
val	val	6157	0.0304109137505
val	val	6175	0.0107213789597
val	val	6176	0.0153951570392
val	val	6177	0.0121702551842
val	val	6208	0.0200017690659
val	val	6213	0.0255640409887
val	val	6218	0.00857875775546
val	val	6222	0.0195107962936
val	val	6230	0.0251443460584
val	val	6262	0.0240959879011
val	val	6278	0.0110719576478
val	val	6284	0.0128568913788
val	val	6313	0.013550767675
val	val	6327	0.0129640484229
val	val	6329	0.00853963382542
val	val	6360	0.0191622339189
val	val	6371	0.016934428364
val	val	6389	0.0114898346364
val	val	6397	0.0257220976055
val	val	6399	0.0209774691612
val	val	6403	0.0219321791083
val	val	6404	0.0183180086315
val	val	6411	0.00734478188679
val	val	6422	0.019941188395
val	val	6429	0.00971584860235
val	val	6437	0.0115707460791
val	val	6460	0.0270211957395
val	val	6463	0.0146339591593
val	val	6468	0.00996323861182
val	val	6483	0.0131145939231
val	val	6503	0.0127628445625
val	val	6504	0.0166034661233
val	val	6509	0.0117079131305
val	val	6527	0.0174095854163
val	val	6539	0.0295572150499
val	val	6546	0.00812489539385
val	val	6560	0.0148204471916
val	val	6575	0.0185977537185
val	val	6585	0.0100671378896
val	val	6586	0.0124889696017
val	val	6589	0.0379074364901
val	val	6591	0.0165183227509
val	val	6594	0.00897032953799
val	val	6607	0.0280515067279
val	val	6633	0.0172950197011
val	val	6634	0.0190118923783
val	val	6647	0.0211233925074
val	val	6664	0.011084892787
val	val	6671	0.0156543813646
val	val	6686	0.0140912681818
val	val	6695	0.014682569541
val	val	6698	0.0116019304842
val	val	6720	0.0224929563701
val	val	6721	0.0179258845747
val	val	6725	0.0140485316515
val	val	6735	0.0174361076206
val	val	6752	0.0178632624447
val	val	6755	0.0128069454804
val	val	6765	0.0409583672881
val	val	6768	0.0147678544745
val	val	6779	0.0182789955288
val	val	6798	0.00777777563781
val	val	6802	0.0184207390994
val	val	6804	0.0107265254483
val	val	6813	0.0139326192439
val	val	6822	0.0269792936742
val	val	6834	0.00679936492816
val	val	6879	0.0190622713417
val	val	6907	0.0206410214305
val	val	6919	0.0326260775328
val	val	6932	0.024007897824
val	val	6935	0.0108802374452
val	val	6936	0.0132338656113
val	val	6937	0.0423440188169
val	val	6942	0.0142520777881
val	val	6950	0.021696774289
val	val	6968	0.0164530389011
val	val	6969	0.0165580380708
val	val	6979	0.0175972916186
val	val	6996	0.0129317110404
val	val	6997	0.0228446610272
val	val	7003	0.025518765673
val	val	7018	0.0202115029097
val	val	7061	0.0185506995767
val	val	7062	0.0169107895344
val	val	7076	0.0172882005572
val	val	7080	0.0250055138022
val	val	7083	0.0171152018011
val	val	7087	0.0122311674058
val	val	7108	0.0163679011166
val	val	7112	0.0133764091879
val	val	7124	0.0208660587668
val	val	7127	0.00791951268911
val	val	7130	0.0156415402889
val	val	7143	0.0100087746978
val	val	7145	0.0166349019855
val	val	7147	0.0225661080331
val	val	7148	0.0166749265045
val	val	7195	0.0117830783129
val	val	7220	0.0290737543255
val	val	7221	0.0228058267385
val	val	7231	0.0171020124108
val	val	7243	0.0223290398717
val	val	7250	0.0155189214274
val	val	7254	0.0100983586162
val	val	7268	0.0204279255122
val	val	7280	0.0197658538818
val	val	7286	0.0358005091548
val	val	7287	0.0301966685802
val	val	7296	0.0159591957927
val	val	7305	0.0268135350198
val	val	7307	0.0268622413278
val	val	7324	0.0257698521018
val	val	7327	0.0219924263656
val	val	7331	0.0405429527164
val	val	7346	0.0134082939476
val	val	7351	0.0104413414374
val	val	7354	0.0113074192777
val	val	7357	0.019374024123
val	val	7374	0.0139852575958
val	val	7377	0.0153472740203
val	val	7401	0.0125608714297
val	val	7411	0.0125712929294
val	val	7427	0.0124667100608
val	val	7449	0.0226805694401
val	val	7451	0.0298221986741
val	val	7452	0.0209411904216
val	val	7464	0.0316790863872
val	val	7473	0.0146295437589
val	val	7481	0.0108763249591
val	val	7488	0.00909004732966
val	val	7489	0.0335198380053
val	val	7503	0.025062173605
val	val	7507	0.020538918674
val	val	7512	0.024167958647
val	val	7513	0.0126074254513
val	val	7527	0.0333130955696
val	val	7532	0.0439514406025
val	val	7535	0.0141993034631
val	val	7536	0.0151454890147
val	val	7541	0.0138347316533
val	val	7562	0.0130707416683
val	val	7563	0.0257571507245
val	val	7566	0.0217705853283
val	val	7567	0.0169405955821
val	val	7573	0.0200908370316
val	val	7576	0.035090547055
val	val	7588	0.0122824050486
val	val	7594	0.0203993581235
val	val	7602	0.0279767923057
val	val	7604	0.0191027484834
val	val	7606	0.0292848367244
val	val	7615	0.022896790877
val	val	7625	0.026884239167
val	val	7640	0.0123657844961
val	val	7646	0.0117406109348
val	val	7655	0.0288899727166
val	val	7690	0.0155208744109
val	val	7720	0.0221493765712
val	val	7736	0.0270106829703
test	test	2	0.0165511034429
test	test	6	0.0138346832246
test	test	8	0.0335193052888
test	test	18	0.0117102265358
test	test	21	0.0184606350958
test	test	25	0.0207225345075
test	test	29	0.016484413296
test	test	31	0.00972053594887
test	test	37	0.0339575707912
test	test	38	0.0306151602417
test	test	39	0.0167303252965
test	test	54	0.00997192971408
test	test	58	0.0236146394163
test	test	59	0.0220279227942
test	test	72	0.0246965177357
test	test	88	0.0151878055185
test	test	95	0.0238791592419
test	test	101	0.0285149607807
test	test	118	0.0578080266714
test	test	121	0.0130997467786
test	test	122	0.0346390157938
test	test	132	0.0321265161037
test	test	133	0.0234228074551
test	test	149	0.0363473147154
test	test	156	0.0205662585795
test	test	164	0.0202398337424
test	test	169	0.0313859209418
test	test	179	0.0161042716354
test	test	186	0.026396073401
test	test	203	0.0191167593002
test	test	207	0.022928873077
test	test	208	0.0092073539272
test	test	225	0.0129208602011
test	test	231	0.0178589764982
test	test	238	0.0131005328149
test	test	246	0.0124113541096
test	test	247	0.010866782628
test	test	253	0.0200179331005
test	test	260	0.0135254971683
test	test	269	0.0256416928023
test	test	273	0.0244834236801
test	test	277	0.0170448832214
test	test	303	0.0254136230797
test	test	304	0.021161518991
test	test	307	0.0128791183233
test	test	308	0.0149450683966
test	test	315	0.0196478571743
test	test	328	0.0289010275155
test	test	332	0.0232965573668
test	test	339	0.0184590052813
test	test	340	0.0183804389089
test	test	351	0.0388754494488
test	test	354	0.0262872390449
test	test	360	0.0108020277694
test	test	361	0.0178273394704
test	test	362	0.0164268258959
test	test	366	0.0202508848161
test	test	370	0.0135221090168
test	test	372	0.0145434197038
test	test	376	0.0174298919737
test	test	386	0.0166705846786
test	test	398	0.014716738835
test	test	400	0.016373982653
test	test	417	0.013253624551
test	test	448	0.0230998769403
test	test	449	0.0163454096764
test	test	455	0.0206670667976
test	test	456	0.0169938243926
test	test	466	0.0207700356841
test	test	470	0.0160875413567
test	test	475	0.0147175733
test	test	490	0.019958615303
test	test	505	0.00877606216818
test	test	525	0.0119407698512
test	test	528	0.0235250480473
test	test	531	0.0278771538287
test	test	533	0.0140852760524
test	test	541	0.023803204298
test	test	542	0.0602843984962
test	test	552	0.0129673052579
test	test	563	0.0120026860386
test	test	569	0.0221489705145
test	test	588	0.0219505149871
test	test	591	0.0150762423873
test	test	601	0.0193933323026
test	test	622	0.0122297853231
test	test	625	0.0162564143538
test	test	629	0.0284352488816
test	test	671	0.0197015963495
test	test	677	0.0169633198529
test	test	679	0.0123211955652
test	test	680	0.012472926639
test	test	686	0.0180112496018
test	test	687	0.00858491845429
test	test	690	0.0100155118853
test	test	694	0.0176260024309
test	test	696	0.0135321188718
test	test	703	0.00905864313245
test	test	707	0.0182862244546
test	test	708	0.013524947688
test	test	711	0.0124365584925
test	test	719	0.0208504796028
test	test	729	0.016476906836
test	test	751	0.0249425508082
test	test	759	0.0129223447293
test	test	763	0.0169701352715
test	test	788	0.0128367654979
test	test	805	0.0301712602377
test	test	806	0.0253900047392
test	test	811	0.0138026373461
test	test	813	0.040279570967
test	test	820	0.0193824879825
test	test	821	0.00744960270822
test	test	828	0.0208416059613
test	test	832	0.0195584408939
test	test	837	0.013028784655
test	test	850	0.0218152813613
test	test	853	0.0128133744001
test	test	855	0.013326311484
test	test	856	0.0324967764318
test	test	874	0.0197838637978
test	test	875	0.0276486761868
test	test	881	0.0186583660543
test	test	883	0.0190102607012
test	test	908	0.014875232242
test	test	917	0.0158898811787
test	test	918	0.0247835740447
test	test	919	0.01903032884
test	test	925	0.0268198028207
test	test	929	0.0135522577912
test	test	973	0.0142923789099
test	test	998	0.0158452391624
test	test	1000	0.0111023792997
test	test	1001	0.0185026787221
test	test	1007	0.0169130563736
test	test	1014	0.0189438089728
test	test	1025	0.0115807009861
test	test	1029	0.0187570583075
test	test	1035	0.0124393217266
test	test	1054	0.0194041598588
test	test	1058	0.0282827056944
test	test	1077	0.023840688169
test	test	1081	0.0177156273276
test	test	1089	0.0165688265115
test	test	1095	0.0200158171356
test	test	1098	0.0177658572793
test	test	1099	0.0119836386293
test	test	1103	0.0159497447312
test	test	1125	0.0147442016751
test	test	1128	0.0143501814455
test	test	1136	0.0129283731803
test	test	1138	0.0188153497875
test	test	1140	0.0115715228021
test	test	1152	0.0135676395148
test	test	1175	0.0127937812358
test	test	1189	0.0269453357905
test	test	1197	0.0201297961175
test	test	1199	0.0192747693509
test	test	1204	0.00757814198732
test	test	1213	0.0226711221039
test	test	1235	0.0115359323099
test	test	1243	0.01411063876
test	test	1252	0.0221203826368
test	test	1255	0.0168691650033
test	test	1264	0.0284225065261
test	test	1265	0.00811197608709
test	test	1277	0.0103158634156
test	test	1279	0.0239295009524
test	test	1284	0.0189847499132
test	test	1291	0.0271833948791
test	test	1295	0.0178725942969
test	test	1297	0.0243927054107
test	test	1299	0.026745762676
test	test	1302	0.0265126302838
test	test	1320	0.0123644415289
test	test	1333	0.0143639706075
test	test	1342	0.0205116309226
test	test	1350	0.0247135572135
test	test	1378	0.0192921720445
test	test	1381	0.0126541052014
test	test	1387	0.0155612360686
test	test	1390	0.0206210501492
test	test	1407	0.0169546976686
test	test	1415	0.0323836058378
test	test	1427	0.0187077149749
test	test	1428	0.0239271596074
test	test	1430	0.0231729820371
test	test	1439	0.021162988618
test	test	1445	0.0173064731061
test	test	1472	0.0199688710272
test	test	1474	0.0221728459001
test	test	1481	0.0190501324832
test	test	1483	0.0118739614263
test	test	1496	0.0175014622509
test	test	1500	0.0215205717832
test	test	1502	0.0191980861127
test	test	1529	0.0246322099119
test	test	1548	0.0283425748348
test	test	1549	0.0115793086588
test	test	1555	0.00948753580451
test	test	1561	0.0256121046841
test	test	1566	0.018708024174
test	test	1574	0.0207062140107
test	test	1583	0.0122929476202
test	test	1589	0.0288296435028
test	test	1591	0.0191758982837
test	test	1600	0.00995405483991
test	test	1604	0.0247376076877
test	test	1608	0.0128986276686
test	test	1609	0.0258028693497
test	test	1616	0.0126010570675
test	test	1620	0.0222436394542
test	test	1646	0.0246920064092
test	test	1648	0.0166783481836
test	test	1657	0.0170674845576
test	test	1670	0.0218253135681
test	test	1677	0.0329314619303
test	test	1694	0.022127924487
test	test	1701	0.0194239541888
test	test	1708	0.0239947848022
test	test	1727	0.0166096687317
test	test	1736	0.0115894787014
test	test	1740	0.0147798098624
test	test	1742	0.0127291288227
test	test	1745	0.034942086786
test	test	1747	0.0282312259078
test	test	1748	0.0270605254918
test	test	1753	0.0431753769517
test	test	1756	0.0130719523877
test	test	1758	0.0187779814005
test	test	1768	0.0250890403986
test	test	1769	0.0187762025744
test	test	1778	0.0196426939219
test	test	1780	0.014407062903
test	test	1784	0.0199269987643
test	test	1791	0.0102851223201
test	test	1798	0.0321418344975
test	test	1801	0.0238479841501
test	test	1809	0.00991142168641
test	test	1812	0.0352835170925
test	test	1823	0.0199159123003
test	test	1834	0.021542629227
test	test	1844	0.026275889948
test	test	1845	0.00837445817888
test	test	1846	0.012083362788
test	test	1848	0.0103000076488
test	test	1855	0.0190493538976
test	test	1860	0.0237822458148
test	test	1881	0.019212776795
test	test	1888	0.0157228112221
test	test	1890	0.0152918491513
test	test	1893	0.0255258083344
test	test	1897	0.0142693361267
test	test	1905	0.013454683125
test	test	1923	0.0242297947407
test	test	1963	0.0127920191735
test	test	1977	0.0111376531422
test	test	1978	0.0106228254735
test	test	1989	0.0375462882221
test	test	1997	0.0141649879515
test	test	1998	0.0188149828464
test	test	2037	0.0185630209744
test	test	2056	0.0217366274446
test	test	2066	0.0178534593433
test	test	2072	0.0184210408479
test	test	2076	0.0174466073513
test	test	2077	0.0335734039545
test	test	2091	0.0112124159932
test	test	2100	0.0183283053339
test	test	2110	0.0168562810868
test	test	2119	0.0169147793204
test	test	2129	0.0144544513896
test	test	2140	0.0124013265595
test	test	2145	0.0249855723232
test	test	2153	0.0324480831623
test	test	2163	0.0182567313313
test	test	2169	0.0104505112395
test	test	2177	0.0142284817994
test	test	2208	0.0168733559549
test	test	2217	0.00896664708853
test	test	2224	0.0187495965511
test	test	2230	0.0140079557896
test	test	2237	0.00970449671149
test	test	2238	0.0190093051642
test	test	2240	0.0104546602815
test	test	2246	0.0245074108243
test	test	2247	0.0291321016848
test	test	2252	0.0369981750846
test	test	2267	0.0324907042086
test	test	2279	0.0196040589362
test	test	2288	0.01945662871
test	test	2289	0.0252438038588
test	test	2291	0.0294608976692
test	test	2295	0.0193142481148
test	test	2300	0.0211868528277
test	test	2302	0.0181227885187
test	test	2305	0.0179749373347
test	test	2332	0.0200048293918
test	test	2341	0.0193690434098
test	test	2345	0.0289223603904
test	test	2369	0.0074851331301
test	test	2370	0.00952334608883
test	test	2377	0.0116471974179
test	test	2379	0.0235163215548
test	test	2411	0.0166450180113
test	test	2412	0.025448191911
test	test	2413	0.0303172655404
test	test	2427	0.0177878011018
test	test	2438	0.0158064384013
test	test	2448	0.0327228084207
test	test	2487	0.0162338390946
test	test	2536	0.0172162204981
test	test	2538	0.0130753181875
test	test	2542	0.0157858598977
test	test	2548	0.0148612167686
test	test	2551	0.0128701236099
test	test	2563	0.0149550046772
test	test	2585	0.0131776705384
test	test	2586	0.0195314902812
test	test	2591	0.0242413599044
test	test	2597	0.0193194709718
test	test	2600	0.0163783859462
test	test	2602	0.0106955915689
test	test	2604	0.0304976012558
test	test	2621	0.0162843801081
test	test	2625	0.0294275544584
test	test	2627	0.0618024431169
test	test	2631	0.0367901995778
test	test	2633	0.010012280196
test	test	2637	0.0232950896025
test	test	2639	0.0272746421397
test	test	2641	0.0162866860628
test	test	2644	0.0189348906279
test	test	2646	0.0281936544925
test	test	2653	0.0120994998142
test	test	2659	0.0149956904352
test	test	2663	0.0111453942955
test	test	2666	0.0155034381896
test	test	2668	0.0422327257693
test	test	2674	0.0393475517631
test	test	2684	0.0214793886989
test	test	2693	0.0228230692446
test	test	2699	0.0318357348442
test	test	2700	0.0102818496525
test	test	2705	0.0183754451573
test	test	2715	0.0176558513194
test	test	2717	0.0184226371348
test	test	2718	0.028962507844
test	test	2738	0.0171007029712
test	test	2741	0.0263979025185
test	test	2752	0.0238786879927
test	test	2782	0.0171413831413
test	test	2790	0.0072364276275
test	test	2795	0.0218706429005
test	test	2801	0.0303873792291
test	test	2811	0.0276162736118
test	test	2829	0.0119226612151
test	test	2834	0.011442521587
test	test	2868	0.0125258471817
test	test	2876	0.0107967909425
test	test	2878	0.0210976935923
test	test	2891	0.00801738165319
test	test	2892	0.00983453541994
test	test	2900	0.0199305862188
test	test	2904	0.0317699536681
test	test	2912	0.0116842836142
test	test	2932	0.0127793680876
test	test	2940	0.0241141542792
test	test	2943	0.0220666527748
test	test	2947	0.0115873375908
test	test	2951	0.0141981011257
test	test	2967	0.0129054738209
test	test	2969	0.00860506575555
test	test	2970	0.0127541869879
test	test	2971	0.0192872472107
test	test	2999	0.0186018459499
test	test	3004	0.0355308204889
test	test	3011	0.0107456836849
test	test	3055	0.0206599533558
test	test	3062	0.0235744658858
test	test	3067	0.0150966616347
test	test	3071	0.0114545915276
test	test	3073	0.0230208914727
test	test	3087	0.0125078270212
test	test	3098	0.0107647906989
test	test	3106	0.0188686903566
test	test	3131	0.0417484492064
test	test	3139	0.0187126491219
test	test	3143	0.0333113186061
test	test	3151	0.0180665254593
test	test	3152	0.0146126747131
test	test	3153	0.00625385018066
test	test	3203	0.00994586572051
test	test	3212	0.00850151106715
test	test	3225	0.0274432897568
test	test	3238	0.0267816074193
test	test	3240	0.0235335342586
test	test	3250	0.0147068547085
test	test	3283	0.024318959564
test	test	3293	0.00779520347714
test	test	3300	0.00580070726573
test	test	3311	0.0234141275287
test	test	3318	0.0296713858843
test	test	3337	0.023115163669
test	test	3340	0.0117054041475
test	test	3342	0.0151318302378
test	test	3356	0.0196437295526
test	test	3364	0.0118994517252
test	test	3380	0.025919765234
test	test	3389	0.00853575021029
test	test	3393	0.0221113730222
test	test	3395	0.0179856792092
test	test	3407	0.025016669184
test	test	3424	0.0143253654242
test	test	3434	0.0163150168955
test	test	3438	0.0133302118629
test	test	3451	0.0127271125093
test	test	3457	0.023292824626
test	test	3458	0.015728270635
test	test	3464	0.0450923368335
test	test	3483	0.0182615369558
test	test	3484	0.0214963741601
test	test	3496	0.0250601451844
test	test	3516	0.0138424141333
test	test	3518	0.027525415644
test	test	3525	0.0378949120641
test	test	3539	0.0282480027527
test	test	3547	0.0197129324079
test	test	3549	0.0122966496274
test	test	3553	0.0198109596968
test	test	3557	0.0140898479149
test	test	3559	0.0234337355942
test	test	3577	0.00862504914403
test	test	3591	0.0181469395757
test	test	3592	0.0119743421674
test	test	3593	0.0140680987388
test	test	3599	0.00906744599342
test	test	3613	0.0266003571451
test	test	3617	0.0165357869118
test	test	3623	0.0234866291285
test	test	3637	0.0232294443995
test	test	3650	0.0238772369921
test	test	3654	0.0159015189856
test	test	3655	0.0100387251005
test	test	3656	0.0211324095726
test	test	3659	0.0133876102045
test	test	3664	0.0228777173907
test	test	3672	0.0291772484779
test	test	3679	0.0203554164618
test	test	3690	0.00998238287866
test	test	3711	0.0109395179898
test	test	3715	0.00757114496082
test	test	3720	0.0240125432611
test	test	3724	0.0315135270357
test	test	3732	0.0123032489792
test	test	3735	0.0205565914512
test	test	3740	0.0206483863294
test	test	3744	0.0203847102821
test	test	3745	0.0147514762357
test	test	3746	0.0265707671642
test	test	3766	0.0354621484876
test	test	3771	0.0173289012164
test	test	3781	0.0225252099335
test	test	3805	0.0243100933731
test	test	3813	0.0102730039507
test	test	3820	0.0199738610536
test	test	3824	0.0134792476892
test	test	3832	0.0121216019616
test	test	3854	0.0144806811586
test	test	3859	0.0129288174212
test	test	3866	0.00923642795533
test	test	3867	0.0368121489882
test	test	3869	0.0202985815704
test	test	3871	0.0164792276919
test	test	3872	0.0211179070175
test	test	3886	0.0133982151747
test	test	3888	0.00629478506744
test	test	3889	0.00486798351631
test	test	3914	0.0205296799541
test	test	3920	0.0150129180402
test	test	3924	0.016892567277
test	test	3931	0.0193200036883
test	test	3933	0.0224452055991
test	test	3938	0.022635191679
test	test	3943	0.0118871619925
test	test	3944	0.0168567169458
test	test	3949	0.0188214331865
test	test	3952	0.0069640930742
test	test	3961	0.0186151806265
test	test	3963	0.0383409187198
test	test	3976	0.0217123236507
test	test	3980	0.0196111816913
test	test	3986	0.0129424296319
test	test	3992	0.019607424736
test	test	3993	0.00966734997928
test	test	3999	0.0201552994549
test	test	4001	0.0206551589072
test	test	4003	0.013185761869
test	test	4008	0.0233519934118
test	test	4027	0.00813996046782
test	test	4035	0.0318386480212
test	test	4036	0.0185454972088
test	test	4038	0.0359810516238
test	test	4044	0.0106017943472
test	test	4050	0.0241301674396
test	test	4051	0.0153306573629
test	test	4056	0.0115907974541
test	test	4062	0.0139754787087
test	test	4077	0.0100816870108
test	test	4081	0.0154014192522
test	test	4084	0.0302408859134
test	test	4088	0.0113433944061
test	test	4089	0.0116130337119
test	test	4090	0.0235019214451
test	test	4095	0.0100539214909
test	test	4119	0.0230327975005
test	test	4125	0.0243798047304
test	test	4130	0.0136914420873
test	test	4141	0.0231350958347
test	test	4147	0.015792325139
test	test	4151	0.0138932876289
test	test	4165	0.0112386997789
test	test	4181	0.0260281059891
test	test	4194	0.00790578685701
test	test	4195	0.0153691526502
test	test	4199	0.00654329219833
test	test	4200	0.0117337908596
test	test	4201	0.020569998771
test	test	4205	0.0175008252263
test	test	4209	0.0334559641778
test	test	4216	0.010928102769
test	test	4222	0.014107780531
test	test	4227	0.00833681132644
test	test	4229	0.0198587365448
test	test	4230	0.0121484417468
test	test	4243	0.00845130253583
test	test	4245	0.00831264816225
test	test	4254	0.0344932489097
test	test	4256	0.0121146850288
test	test	4258	0.0166910551488
test	test	4267	0.02312476933
test	test	4270	0.0221022628248
test	test	4280	0.0237797647715
test	test	4282	0.016054559499
test	test	4287	0.0146047957242
test	test	4295	0.0252923257649
test	test	4306	0.00858492217958
test	test	4309	0.0106144640595
test	test	4311	0.0108141917735
test	test	4312	0.0122861368582
test	test	4316	0.0141156697646
test	test	4323	0.0236975103617
test	test	4339	0.0179172419012
test	test	4341	0.00792483333498
test	test	4343	0.0171425174922
test	test	4346	0.0117152296007
test	test	4358	0.0148483067751
test	test	4366	0.023110087961
test	test	4367	0.0110353436321
test	test	4370	0.0118822241202
test	test	4377	0.0119867688045
test	test	4384	0.0172385107726
test	test	4399	0.0248236432672
test	test	4413	0.0224394388497
test	test	4420	0.0154163725674
test	test	4426	0.0195940807462
test	test	4427	0.0102210529149
test	test	4437	0.016555191949
test	test	4440	0.0188530981541
test	test	4448	0.0195065364242
test	test	4450	0.0126768890768
test	test	4458	0.0113511569798
test	test	4469	0.0148921906948
test	test	4476	0.0161030627787
test	test	4488	0.0233672745526
test	test	4502	0.00848432630301
test	test	4505	0.0206753611565
test	test	4510	0.0174160581082
test	test	4511	0.0231608860195
test	test	4515	0.0344969034195
test	test	4522	0.0127740753815
test	test	4524	0.0157585889101
test	test	4526	0.0216542482376
test	test	4533	0.0292607322335
test	test	4535	0.0108018610626
test	test	4550	0.0246245786548
test	test	4556	0.013240727596
test	test	4558	0.0115652624518
test	test	4562	0.0252639316022
test	test	4572	0.0207175575197
test	test	4583	0.0197627488524
test	test	4587	0.0175639521331
test	test	4600	0.0330877453089
test	test	4604	0.0160201527178
test	test	4608	0.0102507099509
test	test	4616	0.0228769499809
test	test	4618	0.0153718376532
test	test	4632	0.0136529095471
test	test	4638	0.0256487466395
test	test	4643	0.0153444865718
test	test	4656	0.0134589681402
test	test	4659	0.0197404660285
test	test	4673	0.0221588350832
test	test	4681	0.0134490411729
test	test	4688	0.0100988894701
test	test	4694	0.0276207923889
test	test	4701	0.0180660411716
test	test	4713	0.00634890282527
test	test	4718	0.0090889390558
test	test	4719	0.0211160220206
test	test	4736	0.0137182418257
test	test	4762	0.0259786769748
test	test	4780	0.0126525890082
test	test	4789	0.0108700506389
test	test	4790	0.0100485477597
test	test	4794	0.0162449833006
test	test	4825	0.0239287316799
test	test	4831	0.0449149757624
test	test	4835	0.0206401310861
test	test	4841	0.0127667384222
test	test	4853	0.0181857571006
test	test	4858	0.0177624337375
test	test	4869	0.00458499416709
test	test	4898	0.00751072680578
test	test	4900	0.0115984287113
test	test	4904	0.00866193231195
test	test	4913	0.0125876087695
test	test	4963	0.020873868838
test	test	4968	0.0137138273567
test	test	4984	0.0124693242833
test	test	5008	0.0183979198337
test	test	5009	0.0118644470349
test	test	5019	0.0146909067407
test	test	5024	0.0224813688546
test	test	5036	0.018708076328
test	test	5056	0.0195853132755
test	test	5068	0.0217822939157
test	test	5071	0.0137181738392
test	test	5086	0.0139480475336
test	test	5097	0.0237274523824
test	test	5131	0.0166758690029
test	test	5138	0.0261314958334
test	test	5145	0.0133403232321
test	test	5158	0.0161222890019
test	test	5159	0.0136624360457
test	test	5166	0.0134634003043
test	test	5197	0.00965829007328
test	test	5213	0.013898467645
test	test	5223	0.0125510338694
test	test	5225	0.0100531959906
test	test	5235	0.00799690932035
test	test	5264	0.0197648890316
test	test	5265	0.0265246480703
test	test	5278	0.015348918736
test	test	5310	0.0293360128999
test	test	5320	0.0149308349937
test	test	5329	0.016974709928
test	test	5351	0.00635889684781
test	test	5355	0.0245573911816
test	test	5368	0.0263492334634
test	test	5370	0.0221574362367
test	test	5371	0.0116015346721
test	test	5374	0.0128201590851
test	test	5376	0.0282165110111
test	test	5380	0.0108177438378
test	test	5381	0.00884225592017
test	test	5382	0.016111927107
test	test	5387	0.0152278486639
test	test	5406	0.0217436477542
test	test	5417	0.0124240294099
test	test	5420	0.0197179000825
test	test	5424	0.0109781902283
test	test	5435	0.00798134412616
test	test	5447	0.0339734628797
test	test	5452	0.0154927419499
test	test	5453	0.0114206690341
test	test	5460	0.0117290215567
test	test	5466	0.0165613293648
test	test	5471	0.0144455702975
test	test	5503	0.0246061608195
test	test	5506	0.020500568673
test	test	5516	0.011007277295
test	test	5528	0.0102776428685
test	test	5559	0.0152642121539
test	test	5568	0.0131438355893
test	test	5576	0.0193544737995
test	test	5579	0.0137468799949
test	test	5588	0.0226087253541
test	test	5594	0.0177008491009
test	test	5603	0.0205327123404
test	test	5611	0.010282555595
test	test	5614	0.0306024607271
test	test	5616	0.015319715254
test	test	5629	0.0100383013487
test	test	5638	0.0242624860257
test	test	5641	0.0171203538775
test	test	5642	0.0178568642586
test	test	5644	0.00997377559543
test	test	5650	0.0241230390966
test	test	5668	0.0325866788626
test	test	5672	0.0177373047918
test	test	5677	0.0326023027301
test	test	5688	0.0206731352955
test	test	5692	0.0110045792535
test	test	5694	0.0106300460175
test	test	5696	0.0145079325885
test	test	5709	0.020838867873
test	test	5713	0.0378710031509
test	test	5716	0.0115849412978
test	test	5718	0.00946682691574
test	test	5723	0.021756246686
test	test	5730	0.0258994158357
test	test	5734	0.0121293421835
test	test	5739	0.0231069009751
test	test	5748	0.0230176560581
test	test	5752	0.0166792031378
test	test	5753	0.00959298759699
test	test	5755	0.0191630348563
test	test	5756	0.0153923192993
test	test	5762	0.0282177552581
test	test	5763	0.017775606364
test	test	5774	0.00831518322229
test	test	5807	0.0122830234468
test	test	5822	0.0164884030819
test	test	5837	0.0158005654812
test	test	5842	0.0115967970341
test	test	5844	0.0117461876944
test	test	5877	0.00453985994682
test	test	5885	0.0229262895882
test	test	5886	0.0125110242516
test	test	5891	0.0156872738153
test	test	5902	0.0385936908424
test	test	5905	0.00908049754798
test	test	5906	0.0126997148618
test	test	5907	0.0142692541704
test	test	5922	0.0188746768981
test	test	5935	0.0247833132744
test	test	5938	0.0265615675598
test	test	5946	0.0199545659125
test	test	5953	0.0162716563791
test	test	5958	0.0160248856992
test	test	5962	0.00894033256918
test	test	5964	0.0202910490334
test	test	6001	0.0102788172662
test	test	6003	0.0156478099525
test	test	6004	0.0144875636324
test	test	6015	0.0204707402736
test	test	6048	0.0170822516084
test	test	6065	0.012907743454
test	test	6070	0.0123860938475
test	test	6072	0.0212165545672
test	test	6076	0.0360340476036
test	test	6078	0.0196118578315
test	test	6080	0.0299528539181
test	test	6082	0.0250888988376
test	test	6083	0.0228239260614
test	test	6102	0.0231181755662
test	test	6103	0.0188092142344
test	test	6109	0.0120144989341
test	test	6113	0.0163380540907
test	test	6116	0.0169490873814
test	test	6126	0.0191156901419
test	test	6132	0.0149086061865
test	test	6145	0.0178672429174
test	test	6151	0.0108546409756
test	test	6156	0.024051874876
test	test	6163	0.00918155815452
test	test	6174	0.0146050639451
test	test	6236	0.0151600409299
test	test	6249	0.0089750662446
test	test	6252	0.0421627946198
test	test	6253	0.0180549174547
test	test	6263	0.0268399938941
test	test	6285	0.0190802998841
test	test	6287	0.0271619521081
test	test	6290	0.0241405442357
test	test	6294	0.0250310003757
test	test	6297	0.0102877281606
test	test	6319	0.0132050085813
test	test	6326	0.0132283922285
test	test	6331	0.0201657954603
test	test	6333	0.0160452909768
test	test	6350	0.0262915063649
test	test	6370	0.0109676979482
test	test	6375	0.0236334074289
test	test	6387	0.0206127800047
test	test	6388	0.0108882952482
test	test	6406	0.0237935781479
test	test	6416	0.0187583658844
test	test	6417	0.016647933051
test	test	6438	0.0174663346261
test	test	6453	0.0165779963136
test	test	6459	0.0174948927015
test	test	6477	0.0121012656018
test	test	6481	0.00965360179543
test	test	6487	0.0261195711792
test	test	6500	0.024758765474
test	test	6507	0.0163297429681
test	test	6508	0.0226891972125
test	test	6510	0.00716433255002
test	test	6517	0.0263629406691
test	test	6525	0.0116325877607
test	test	6547	0.0266708806157
test	test	6551	0.0124455308542
test	test	6588	0.0103877214715
test	test	6596	0.0180962141603
test	test	6608	0.0135723892599
test	test	6619	0.0187792405486
test	test	6623	0.0204206332564
test	test	6628	0.0139853870496
test	test	6639	0.0248773433268
test	test	6655	0.0101278405637
test	test	6660	0.0159163996577
test	test	6668	0.0122105982155
test	test	6670	0.0117593817413
test	test	6679	0.0107316244394
test	test	6691	0.0153541881591
test	test	6746	0.0245157573372
test	test	6769	0.0274649392813
test	test	6771	0.0133044300601
test	test	6805	0.0238610729575
test	test	6826	0.0214089751244
test	test	6831	0.0211386028677
test	test	6837	0.014617703855
test	test	6856	0.0322326347232
test	test	6864	0.0204945281148
test	test	6867	0.0132594481111
test	test	6872	0.0139556964859
test	test	6884	0.0166664961725
test	test	6890	0.00806716270745
test	test	6891	0.00805120076984
test	test	6915	0.0107092419639
test	test	6916	0.0114511307329
test	test	6923	0.00957940984517
test	test	6924	0.0144294593483
test	test	6956	0.015936255455
test	test	6987	0.0205160416663
test	test	7011	0.0103140417486
test	test	7025	0.0161133594811
test	test	7035	0.0168005693704
test	test	7044	0.0206636618823
test	test	7047	0.0113258324564
test	test	7052	0.0223084501922
test	test	7055	0.0088116042316
test	test	7068	0.0321179181337
test	test	7069	0.00812421459705
test	test	7077	0.0145479766652
test	test	7084	0.0156175792217
test	test	7095	0.00877982750535
test	test	7106	0.0252676159143
test	test	7114	0.0201813802123
test	test	7117	0.0161988772452
test	test	7126	0.035565584898
test	test	7134	0.027229283005
test	test	7144	0.0352822318673
test	test	7164	0.0173860862851
test	test	7167	0.0110779395327
test	test	7176	0.033112488687
test	test	7181	0.0320846959949
test	test	7198	0.0152660822496
test	test	7207	0.0598447807133
test	test	7218	0.0306403953582
test	test	7232	0.0314427316189
test	test	7239	0.0307499431074
test	test	7244	0.00956636760384
test	test	7259	0.0272972006351
test	test	7266	0.0149297285825
test	test	7274	0.016966085881
test	test	7278	0.0249498784542
test	test	7295	0.00862859468907
test	test	7308	0.0178378336132
test	test	7335	0.0157094784081
test	test	7336	0.00809398945421
test	test	7343	0.0234621502459
test	test	7361	0.0135749178007
test	test	7364	0.00988669879735
test	test	7368	0.0162875242531
test	test	7376	0.0177450887859
test	test	7380	0.0165823400021
test	test	7390	0.0234996881336
test	test	7398	0.0282632596791
test	test	7409	0.0143440421671
test	test	7412	0.0156378597021
test	test	7416	0.00998294819146
test	test	7453	0.0206678789109
test	test	7462	0.0351869016886
test	test	7463	0.0223050788045
test	test	7483	0.0116263981909
test	test	7491	0.00920090917498
test	test	7497	0.0157918706536
test	test	7501	0.0144300628453
test	test	7506	0.00893263891339
test	test	7508	0.0196375381202
test	test	7519	0.0117811951786
test	test	7523	0.0105732642114
test	test	7524	0.0189142115414
test	test	7526	0.0150495339185
test	test	7529	0.0135764284059
test	test	7533	0.0241716355085
test	test	7540	0.00957216322422
test	test	7545	0.0185018442571
test	test	7552	0.0245572272688
test	test	7554	0.0238871239126
test	test	7560	0.0239683538675
test	test	7574	0.0335472524166
test	test	7590	0.0184252820909
test	test	7595	0.0175777766854
test	test	7598	0.0202985778451
test	test	7603	0.0178522542119
test	test	7609	0.0275220703334
test	test	7611	0.0205793529749
test	test	7616	0.0136127350852
test	test	7641	0.0238377396017
test	test	7645	0.0198362022638
test	test	7647	0.0499310642481
test	test	7649	0.0152934137732
test	test	7660	0.0187031887472
test	test	7663	0.0149793215096
test	test	7672	0.0160405244678
test	test	7675	0.0146582834423
test	test	7693	0.0141699425876
test	test	7712	0.0120480293408
test	test	7714	0.00907257385552
